[2026-07-06T17:27:48.467+0000] {processor.py:161} INFO - Started process (PID=55745) to work on /opt/airflow/dags/minio_to_snowflake_dag.py
[2026-07-06T17:27:48.493+0000] {processor.py:830} INFO - Processing file /opt/airflow/dags/minio_to_snowflake_dag.py for tasks to queue
[2026-07-06T17:27:48.565+0000] {logging_mixin.py:188} INFO - [2026-07-06T17:27:48.555+0000] {dagbag.py:545} INFO - Filling up the DagBag from /opt/airflow/dags/minio_to_snowflake_dag.py
[2026-07-06T17:27:58.180+0000] {processor.py:840} INFO - DAG(s) 'minio_to_snowflake_ecommerce' retrieved from /opt/airflow/dags/minio_to_snowflake_dag.py
[2026-07-06T17:27:58.232+0000] {logging_mixin.py:188} INFO - [2026-07-06T17:27:58.231+0000] {dag.py:3089} INFO - Sync 1 DAGs
[2026-07-06T17:27:58.282+0000] {logging_mixin.py:188} INFO - [2026-07-06T17:27:58.282+0000] {dag.py:3947} INFO - Setting next_dagrun for minio_to_snowflake_ecommerce to 2026-07-06 17:26:00+00:00, run_after=2026-07-06 17:27:00+00:00
[2026-07-06T17:27:58.320+0000] {processor.py:183} INFO - Processing /opt/airflow/dags/minio_to_snowflake_dag.py took 10.035 seconds
[2026-07-06T17:28:28.536+0000] {processor.py:161} INFO - Started process (PID=55749) to work on /opt/airflow/dags/minio_to_snowflake_dag.py
[2026-07-06T17:28:28.538+0000] {processor.py:830} INFO - Processing file /opt/airflow/dags/minio_to_snowflake_dag.py for tasks to queue
[2026-07-06T17:28:28.541+0000] {logging_mixin.py:188} INFO - [2026-07-06T17:28:28.541+0000] {dagbag.py:545} INFO - Filling up the DagBag from /opt/airflow/dags/minio_to_snowflake_dag.py
[2026-07-06T17:28:29.469+0000] {processor.py:840} INFO - DAG(s) 'minio_to_snowflake_ecommerce' retrieved from /opt/airflow/dags/minio_to_snowflake_dag.py
[2026-07-06T17:28:29.507+0000] {logging_mixin.py:188} INFO - [2026-07-06T17:28:29.506+0000] {dag.py:3089} INFO - Sync 1 DAGs
[2026-07-06T17:28:29.537+0000] {logging_mixin.py:188} INFO - [2026-07-06T17:28:29.537+0000] {dag.py:3947} INFO - Setting next_dagrun for minio_to_snowflake_ecommerce to 2026-07-06 17:27:00+00:00, run_after=2026-07-06 17:28:00+00:00
[2026-07-06T17:28:29.566+0000] {processor.py:183} INFO - Processing /opt/airflow/dags/minio_to_snowflake_dag.py took 1.040 seconds
[2026-07-06T17:28:59.845+0000] {processor.py:161} INFO - Started process (PID=55753) to work on /opt/airflow/dags/minio_to_snowflake_dag.py
[2026-07-06T17:28:59.848+0000] {processor.py:830} INFO - Processing file /opt/airflow/dags/minio_to_snowflake_dag.py for tasks to queue
[2026-07-06T17:28:59.856+0000] {logging_mixin.py:188} INFO - [2026-07-06T17:28:59.854+0000] {dagbag.py:545} INFO - Filling up the DagBag from /opt/airflow/dags/minio_to_snowflake_dag.py
[2026-07-06T17:29:01.572+0000] {processor.py:840} INFO - DAG(s) 'minio_to_snowflake_ecommerce' retrieved from /opt/airflow/dags/minio_to_snowflake_dag.py
[2026-07-06T17:29:01.654+0000] {logging_mixin.py:188} INFO - [2026-07-06T17:29:01.653+0000] {dag.py:3089} INFO - Sync 1 DAGs
[2026-07-06T17:29:01.707+0000] {logging_mixin.py:188} INFO - [2026-07-06T17:29:01.706+0000] {dag.py:3947} INFO - Setting next_dagrun for minio_to_snowflake_ecommerce to 2026-07-06 17:28:00+00:00, run_after=2026-07-06 17:29:00+00:00
[2026-07-06T17:29:01.760+0000] {processor.py:183} INFO - Processing /opt/airflow/dags/minio_to_snowflake_dag.py took 1.934 seconds
[2026-07-06T17:29:32.180+0000] {processor.py:161} INFO - Started process (PID=55757) to work on /opt/airflow/dags/minio_to_snowflake_dag.py
[2026-07-06T17:29:32.181+0000] {processor.py:830} INFO - Processing file /opt/airflow/dags/minio_to_snowflake_dag.py for tasks to queue
[2026-07-06T17:29:32.184+0000] {logging_mixin.py:188} INFO - [2026-07-06T17:29:32.184+0000] {dagbag.py:545} INFO - Filling up the DagBag from /opt/airflow/dags/minio_to_snowflake_dag.py
[2026-07-06T17:29:33.133+0000] {processor.py:840} INFO - DAG(s) 'minio_to_snowflake_ecommerce' retrieved from /opt/airflow/dags/minio_to_snowflake_dag.py
[2026-07-06T17:29:33.182+0000] {logging_mixin.py:188} INFO - [2026-07-06T17:29:33.181+0000] {dag.py:3089} INFO - Sync 1 DAGs
[2026-07-06T17:29:33.220+0000] {logging_mixin.py:188} INFO - [2026-07-06T17:29:33.220+0000] {dag.py:3947} INFO - Setting next_dagrun for minio_to_snowflake_ecommerce to 2026-07-06 17:28:00+00:00, run_after=2026-07-06 17:29:00+00:00
[2026-07-06T17:29:33.245+0000] {processor.py:183} INFO - Processing /opt/airflow/dags/minio_to_snowflake_dag.py took 1.072 seconds
[2026-07-06T17:30:03.501+0000] {processor.py:161} INFO - Started process (PID=55761) to work on /opt/airflow/dags/minio_to_snowflake_dag.py
[2026-07-06T17:30:03.503+0000] {processor.py:830} INFO - Processing file /opt/airflow/dags/minio_to_snowflake_dag.py for tasks to queue
[2026-07-06T17:30:03.505+0000] {logging_mixin.py:188} INFO - [2026-07-06T17:30:03.505+0000] {dagbag.py:545} INFO - Filling up the DagBag from /opt/airflow/dags/minio_to_snowflake_dag.py
[2026-07-06T17:30:04.300+0000] {processor.py:840} INFO - DAG(s) 'minio_to_snowflake_ecommerce' retrieved from /opt/airflow/dags/minio_to_snowflake_dag.py
[2026-07-06T17:30:04.331+0000] {logging_mixin.py:188} INFO - [2026-07-06T17:30:04.331+0000] {dag.py:3089} INFO - Sync 1 DAGs
[2026-07-06T17:30:04.357+0000] {logging_mixin.py:188} INFO - [2026-07-06T17:30:04.357+0000] {dag.py:3947} INFO - Setting next_dagrun for minio_to_snowflake_ecommerce to 2026-07-06 17:29:00+00:00, run_after=2026-07-06 17:30:00+00:00
[2026-07-06T17:30:04.382+0000] {processor.py:183} INFO - Processing /opt/airflow/dags/minio_to_snowflake_dag.py took 0.888 seconds
[2026-07-06T17:30:34.777+0000] {processor.py:161} INFO - Started process (PID=55765) to work on /opt/airflow/dags/minio_to_snowflake_dag.py
[2026-07-06T17:30:34.779+0000] {processor.py:830} INFO - Processing file /opt/airflow/dags/minio_to_snowflake_dag.py for tasks to queue
[2026-07-06T17:30:34.783+0000] {logging_mixin.py:188} INFO - [2026-07-06T17:30:34.782+0000] {dagbag.py:545} INFO - Filling up the DagBag from /opt/airflow/dags/minio_to_snowflake_dag.py
[2026-07-06T17:30:35.656+0000] {processor.py:840} INFO - DAG(s) 'minio_to_snowflake_ecommerce' retrieved from /opt/airflow/dags/minio_to_snowflake_dag.py
[2026-07-06T17:30:35.689+0000] {logging_mixin.py:188} INFO - [2026-07-06T17:30:35.689+0000] {dag.py:3089} INFO - Sync 1 DAGs
[2026-07-06T17:30:35.719+0000] {logging_mixin.py:188} INFO - [2026-07-06T17:30:35.718+0000] {dag.py:3947} INFO - Setting next_dagrun for minio_to_snowflake_ecommerce to 2026-07-06 17:29:00+00:00, run_after=2026-07-06 17:30:00+00:00
[2026-07-06T17:30:35.743+0000] {processor.py:183} INFO - Processing /opt/airflow/dags/minio_to_snowflake_dag.py took 1.037 seconds
[2026-07-06T17:31:06.137+0000] {processor.py:161} INFO - Started process (PID=55769) to work on /opt/airflow/dags/minio_to_snowflake_dag.py
[2026-07-06T17:31:06.138+0000] {processor.py:830} INFO - Processing file /opt/airflow/dags/minio_to_snowflake_dag.py for tasks to queue
[2026-07-06T17:31:06.142+0000] {logging_mixin.py:188} INFO - [2026-07-06T17:31:06.141+0000] {dagbag.py:545} INFO - Filling up the DagBag from /opt/airflow/dags/minio_to_snowflake_dag.py
[2026-07-06T17:31:07.313+0000] {processor.py:840} INFO - DAG(s) 'minio_to_snowflake_ecommerce' retrieved from /opt/airflow/dags/minio_to_snowflake_dag.py
[2026-07-06T17:31:07.350+0000] {logging_mixin.py:188} INFO - [2026-07-06T17:31:07.349+0000] {dag.py:3089} INFO - Sync 1 DAGs
[2026-07-06T17:31:07.406+0000] {logging_mixin.py:188} INFO - [2026-07-06T17:31:07.405+0000] {dag.py:3947} INFO - Setting next_dagrun for minio_to_snowflake_ecommerce to 2026-07-06 17:30:00+00:00, run_after=2026-07-06 17:31:00+00:00
[2026-07-06T17:31:07.456+0000] {processor.py:183} INFO - Processing /opt/airflow/dags/minio_to_snowflake_dag.py took 1.329 seconds
[2026-07-06T17:31:37.608+0000] {processor.py:161} INFO - Started process (PID=55773) to work on /opt/airflow/dags/minio_to_snowflake_dag.py
[2026-07-06T17:31:37.610+0000] {processor.py:830} INFO - Processing file /opt/airflow/dags/minio_to_snowflake_dag.py for tasks to queue
[2026-07-06T17:31:37.613+0000] {logging_mixin.py:188} INFO - [2026-07-06T17:31:37.612+0000] {dagbag.py:545} INFO - Filling up the DagBag from /opt/airflow/dags/minio_to_snowflake_dag.py
[2026-07-06T17:31:38.491+0000] {processor.py:840} INFO - DAG(s) 'minio_to_snowflake_ecommerce' retrieved from /opt/airflow/dags/minio_to_snowflake_dag.py
[2026-07-06T17:31:38.526+0000] {logging_mixin.py:188} INFO - [2026-07-06T17:31:38.526+0000] {dag.py:3089} INFO - Sync 1 DAGs
[2026-07-06T17:31:38.559+0000] {logging_mixin.py:188} INFO - [2026-07-06T17:31:38.559+0000] {dag.py:3947} INFO - Setting next_dagrun for minio_to_snowflake_ecommerce to 2026-07-06 17:30:00+00:00, run_after=2026-07-06 17:31:00+00:00
[2026-07-06T17:31:38.592+0000] {processor.py:183} INFO - Processing /opt/airflow/dags/minio_to_snowflake_dag.py took 0.992 seconds
[2026-07-06T17:32:09.037+0000] {processor.py:161} INFO - Started process (PID=55777) to work on /opt/airflow/dags/minio_to_snowflake_dag.py
[2026-07-06T17:32:09.039+0000] {processor.py:830} INFO - Processing file /opt/airflow/dags/minio_to_snowflake_dag.py for tasks to queue
[2026-07-06T17:32:09.043+0000] {logging_mixin.py:188} INFO - [2026-07-06T17:32:09.042+0000] {dagbag.py:545} INFO - Filling up the DagBag from /opt/airflow/dags/minio_to_snowflake_dag.py
[2026-07-06T17:32:09.879+0000] {processor.py:840} INFO - DAG(s) 'minio_to_snowflake_ecommerce' retrieved from /opt/airflow/dags/minio_to_snowflake_dag.py
[2026-07-06T17:32:09.913+0000] {logging_mixin.py:188} INFO - [2026-07-06T17:32:09.912+0000] {dag.py:3089} INFO - Sync 1 DAGs
[2026-07-06T17:32:09.940+0000] {logging_mixin.py:188} INFO - [2026-07-06T17:32:09.939+0000] {dag.py:3947} INFO - Setting next_dagrun for minio_to_snowflake_ecommerce to 2026-07-06 17:31:00+00:00, run_after=2026-07-06 17:32:00+00:00
[2026-07-06T17:32:09.966+0000] {processor.py:183} INFO - Processing /opt/airflow/dags/minio_to_snowflake_dag.py took 0.941 seconds
[2026-07-06T17:32:40.465+0000] {processor.py:161} INFO - Started process (PID=55781) to work on /opt/airflow/dags/minio_to_snowflake_dag.py
[2026-07-06T17:32:40.466+0000] {processor.py:830} INFO - Processing file /opt/airflow/dags/minio_to_snowflake_dag.py for tasks to queue
[2026-07-06T17:32:40.470+0000] {logging_mixin.py:188} INFO - [2026-07-06T17:32:40.469+0000] {dagbag.py:545} INFO - Filling up the DagBag from /opt/airflow/dags/minio_to_snowflake_dag.py
[2026-07-06T17:32:41.304+0000] {processor.py:840} INFO - DAG(s) 'minio_to_snowflake_ecommerce' retrieved from /opt/airflow/dags/minio_to_snowflake_dag.py
[2026-07-06T17:32:41.354+0000] {logging_mixin.py:188} INFO - [2026-07-06T17:32:41.353+0000] {dag.py:3089} INFO - Sync 1 DAGs
[2026-07-06T17:32:41.424+0000] {logging_mixin.py:188} INFO - [2026-07-06T17:32:41.423+0000] {dag.py:3947} INFO - Setting next_dagrun for minio_to_snowflake_ecommerce to 2026-07-06 17:31:00+00:00, run_after=2026-07-06 17:32:00+00:00
[2026-07-06T17:32:41.501+0000] {processor.py:183} INFO - Processing /opt/airflow/dags/minio_to_snowflake_dag.py took 1.043 seconds
[2026-07-06T17:33:11.837+0000] {processor.py:161} INFO - Started process (PID=55785) to work on /opt/airflow/dags/minio_to_snowflake_dag.py
[2026-07-06T17:33:11.840+0000] {processor.py:830} INFO - Processing file /opt/airflow/dags/minio_to_snowflake_dag.py for tasks to queue
[2026-07-06T17:33:11.844+0000] {logging_mixin.py:188} INFO - [2026-07-06T17:33:11.843+0000] {dagbag.py:545} INFO - Filling up the DagBag from /opt/airflow/dags/minio_to_snowflake_dag.py
[2026-07-06T17:33:12.660+0000] {processor.py:840} INFO - DAG(s) 'minio_to_snowflake_ecommerce' retrieved from /opt/airflow/dags/minio_to_snowflake_dag.py
[2026-07-06T17:33:12.730+0000] {logging_mixin.py:188} INFO - [2026-07-06T17:33:12.730+0000] {dag.py:3089} INFO - Sync 1 DAGs
[2026-07-06T17:33:12.770+0000] {logging_mixin.py:188} INFO - [2026-07-06T17:33:12.769+0000] {dag.py:3947} INFO - Setting next_dagrun for minio_to_snowflake_ecommerce to 2026-07-06 17:32:00+00:00, run_after=2026-07-06 17:33:00+00:00
[2026-07-06T17:33:12.814+0000] {processor.py:183} INFO - Processing /opt/airflow/dags/minio_to_snowflake_dag.py took 0.992 seconds
[2026-07-06T17:33:43.158+0000] {processor.py:161} INFO - Started process (PID=55789) to work on /opt/airflow/dags/minio_to_snowflake_dag.py
[2026-07-06T17:33:43.159+0000] {processor.py:830} INFO - Processing file /opt/airflow/dags/minio_to_snowflake_dag.py for tasks to queue
[2026-07-06T17:33:43.162+0000] {logging_mixin.py:188} INFO - [2026-07-06T17:33:43.161+0000] {dagbag.py:545} INFO - Filling up the DagBag from /opt/airflow/dags/minio_to_snowflake_dag.py
[2026-07-06T17:33:44.070+0000] {processor.py:840} INFO - DAG(s) 'minio_to_snowflake_ecommerce' retrieved from /opt/airflow/dags/minio_to_snowflake_dag.py
[2026-07-06T17:33:44.103+0000] {logging_mixin.py:188} INFO - [2026-07-06T17:33:44.103+0000] {dag.py:3089} INFO - Sync 1 DAGs
[2026-07-06T17:33:44.139+0000] {logging_mixin.py:188} INFO - [2026-07-06T17:33:44.139+0000] {dag.py:3947} INFO - Setting next_dagrun for minio_to_snowflake_ecommerce to 2026-07-06 17:32:00+00:00, run_after=2026-07-06 17:33:00+00:00
[2026-07-06T17:33:44.175+0000] {processor.py:183} INFO - Processing /opt/airflow/dags/minio_to_snowflake_dag.py took 1.025 seconds
[2026-07-06T17:34:14.450+0000] {processor.py:161} INFO - Started process (PID=55793) to work on /opt/airflow/dags/minio_to_snowflake_dag.py
[2026-07-06T17:34:14.452+0000] {processor.py:830} INFO - Processing file /opt/airflow/dags/minio_to_snowflake_dag.py for tasks to queue
[2026-07-06T17:34:14.456+0000] {logging_mixin.py:188} INFO - [2026-07-06T17:34:14.455+0000] {dagbag.py:545} INFO - Filling up the DagBag from /opt/airflow/dags/minio_to_snowflake_dag.py
[2026-07-06T17:34:15.605+0000] {processor.py:840} INFO - DAG(s) 'minio_to_snowflake_ecommerce' retrieved from /opt/airflow/dags/minio_to_snowflake_dag.py
[2026-07-06T17:34:15.683+0000] {logging_mixin.py:188} INFO - [2026-07-06T17:34:15.683+0000] {dag.py:3089} INFO - Sync 1 DAGs
[2026-07-06T17:34:15.717+0000] {logging_mixin.py:188} INFO - [2026-07-06T17:34:15.716+0000] {dag.py:3947} INFO - Setting next_dagrun for minio_to_snowflake_ecommerce to 2026-07-06 17:33:00+00:00, run_after=2026-07-06 17:34:00+00:00
[2026-07-06T17:34:15.742+0000] {processor.py:183} INFO - Processing /opt/airflow/dags/minio_to_snowflake_dag.py took 1.307 seconds
[2026-07-06T17:34:46.043+0000] {processor.py:161} INFO - Started process (PID=55797) to work on /opt/airflow/dags/minio_to_snowflake_dag.py
[2026-07-06T17:34:46.044+0000] {processor.py:830} INFO - Processing file /opt/airflow/dags/minio_to_snowflake_dag.py for tasks to queue
[2026-07-06T17:34:46.047+0000] {logging_mixin.py:188} INFO - [2026-07-06T17:34:46.047+0000] {dagbag.py:545} INFO - Filling up the DagBag from /opt/airflow/dags/minio_to_snowflake_dag.py
[2026-07-06T17:34:46.975+0000] {processor.py:840} INFO - DAG(s) 'minio_to_snowflake_ecommerce' retrieved from /opt/airflow/dags/minio_to_snowflake_dag.py
[2026-07-06T17:34:47.008+0000] {logging_mixin.py:188} INFO - [2026-07-06T17:34:47.007+0000] {dag.py:3089} INFO - Sync 1 DAGs
[2026-07-06T17:34:47.037+0000] {logging_mixin.py:188} INFO - [2026-07-06T17:34:47.037+0000] {dag.py:3947} INFO - Setting next_dagrun for minio_to_snowflake_ecommerce to 2026-07-06 17:33:00+00:00, run_after=2026-07-06 17:34:00+00:00
[2026-07-06T17:34:47.086+0000] {processor.py:183} INFO - Processing /opt/airflow/dags/minio_to_snowflake_dag.py took 1.054 seconds
[2026-07-06T17:35:17.367+0000] {processor.py:161} INFO - Started process (PID=55801) to work on /opt/airflow/dags/minio_to_snowflake_dag.py
[2026-07-06T17:35:17.369+0000] {processor.py:830} INFO - Processing file /opt/airflow/dags/minio_to_snowflake_dag.py for tasks to queue
[2026-07-06T17:35:17.371+0000] {logging_mixin.py:188} INFO - [2026-07-06T17:35:17.371+0000] {dagbag.py:545} INFO - Filling up the DagBag from /opt/airflow/dags/minio_to_snowflake_dag.py
[2026-07-06T17:35:18.317+0000] {processor.py:840} INFO - DAG(s) 'minio_to_snowflake_ecommerce' retrieved from /opt/airflow/dags/minio_to_snowflake_dag.py
[2026-07-06T17:35:18.353+0000] {logging_mixin.py:188} INFO - [2026-07-06T17:35:18.352+0000] {dag.py:3089} INFO - Sync 1 DAGs
[2026-07-06T17:35:18.384+0000] {logging_mixin.py:188} INFO - [2026-07-06T17:35:18.383+0000] {dag.py:3947} INFO - Setting next_dagrun for minio_to_snowflake_ecommerce to 2026-07-06 17:34:00+00:00, run_after=2026-07-06 17:35:00+00:00
[2026-07-06T17:35:18.413+0000] {processor.py:183} INFO - Processing /opt/airflow/dags/minio_to_snowflake_dag.py took 1.059 seconds
[2026-07-06T17:35:48.706+0000] {processor.py:161} INFO - Started process (PID=55805) to work on /opt/airflow/dags/minio_to_snowflake_dag.py
[2026-07-06T17:35:48.707+0000] {processor.py:830} INFO - Processing file /opt/airflow/dags/minio_to_snowflake_dag.py for tasks to queue
[2026-07-06T17:35:48.710+0000] {logging_mixin.py:188} INFO - [2026-07-06T17:35:48.710+0000] {dagbag.py:545} INFO - Filling up the DagBag from /opt/airflow/dags/minio_to_snowflake_dag.py
[2026-07-06T17:35:49.693+0000] {processor.py:840} INFO - DAG(s) 'minio_to_snowflake_ecommerce' retrieved from /opt/airflow/dags/minio_to_snowflake_dag.py
[2026-07-06T17:35:49.757+0000] {logging_mixin.py:188} INFO - [2026-07-06T17:35:49.756+0000] {dag.py:3089} INFO - Sync 1 DAGs
[2026-07-06T17:35:49.812+0000] {logging_mixin.py:188} INFO - [2026-07-06T17:35:49.811+0000] {dag.py:3947} INFO - Setting next_dagrun for minio_to_snowflake_ecommerce to 2026-07-06 17:34:00+00:00, run_after=2026-07-06 17:35:00+00:00
[2026-07-06T17:35:49.845+0000] {processor.py:183} INFO - Processing /opt/airflow/dags/minio_to_snowflake_dag.py took 1.147 seconds
[2026-07-06T17:36:20.069+0000] {processor.py:161} INFO - Started process (PID=55809) to work on /opt/airflow/dags/minio_to_snowflake_dag.py
[2026-07-06T17:36:20.070+0000] {processor.py:830} INFO - Processing file /opt/airflow/dags/minio_to_snowflake_dag.py for tasks to queue
[2026-07-06T17:36:20.073+0000] {logging_mixin.py:188} INFO - [2026-07-06T17:36:20.072+0000] {dagbag.py:545} INFO - Filling up the DagBag from /opt/airflow/dags/minio_to_snowflake_dag.py
[2026-07-06T17:36:20.942+0000] {processor.py:840} INFO - DAG(s) 'minio_to_snowflake_ecommerce' retrieved from /opt/airflow/dags/minio_to_snowflake_dag.py
[2026-07-06T17:36:20.976+0000] {logging_mixin.py:188} INFO - [2026-07-06T17:36:20.975+0000] {dag.py:3089} INFO - Sync 1 DAGs
[2026-07-06T17:36:21.002+0000] {logging_mixin.py:188} INFO - [2026-07-06T17:36:21.001+0000] {dag.py:3947} INFO - Setting next_dagrun for minio_to_snowflake_ecommerce to 2026-07-06 17:35:00+00:00, run_after=2026-07-06 17:36:00+00:00
[2026-07-06T17:36:21.023+0000] {processor.py:183} INFO - Processing /opt/airflow/dags/minio_to_snowflake_dag.py took 0.963 seconds
[2026-07-06T17:36:51.408+0000] {processor.py:161} INFO - Started process (PID=55813) to work on /opt/airflow/dags/minio_to_snowflake_dag.py
[2026-07-06T17:36:51.409+0000] {processor.py:830} INFO - Processing file /opt/airflow/dags/minio_to_snowflake_dag.py for tasks to queue
[2026-07-06T17:36:51.412+0000] {logging_mixin.py:188} INFO - [2026-07-06T17:36:51.411+0000] {dagbag.py:545} INFO - Filling up the DagBag from /opt/airflow/dags/minio_to_snowflake_dag.py
[2026-07-06T17:36:52.253+0000] {processor.py:840} INFO - DAG(s) 'minio_to_snowflake_ecommerce' retrieved from /opt/airflow/dags/minio_to_snowflake_dag.py
[2026-07-06T17:36:52.286+0000] {logging_mixin.py:188} INFO - [2026-07-06T17:36:52.285+0000] {dag.py:3089} INFO - Sync 1 DAGs
[2026-07-06T17:36:52.323+0000] {logging_mixin.py:188} INFO - [2026-07-06T17:36:52.322+0000] {dag.py:3947} INFO - Setting next_dagrun for minio_to_snowflake_ecommerce to 2026-07-06 17:35:00+00:00, run_after=2026-07-06 17:36:00+00:00
[2026-07-06T17:36:52.348+0000] {processor.py:183} INFO - Processing /opt/airflow/dags/minio_to_snowflake_dag.py took 0.948 seconds
[2026-07-06T17:37:22.879+0000] {processor.py:161} INFO - Started process (PID=55817) to work on /opt/airflow/dags/minio_to_snowflake_dag.py
[2026-07-06T17:37:22.882+0000] {processor.py:830} INFO - Processing file /opt/airflow/dags/minio_to_snowflake_dag.py for tasks to queue
[2026-07-06T17:37:22.887+0000] {logging_mixin.py:188} INFO - [2026-07-06T17:37:22.886+0000] {dagbag.py:545} INFO - Filling up the DagBag from /opt/airflow/dags/minio_to_snowflake_dag.py
[2026-07-06T17:37:24.098+0000] {processor.py:840} INFO - DAG(s) 'minio_to_snowflake_ecommerce' retrieved from /opt/airflow/dags/minio_to_snowflake_dag.py
[2026-07-06T17:37:24.136+0000] {logging_mixin.py:188} INFO - [2026-07-06T17:37:24.135+0000] {dag.py:3089} INFO - Sync 1 DAGs
[2026-07-06T17:37:24.164+0000] {logging_mixin.py:188} INFO - [2026-07-06T17:37:24.164+0000] {dag.py:3947} INFO - Setting next_dagrun for minio_to_snowflake_ecommerce to 2026-07-06 17:36:00+00:00, run_after=2026-07-06 17:37:00+00:00
[2026-07-06T17:37:24.190+0000] {processor.py:183} INFO - Processing /opt/airflow/dags/minio_to_snowflake_dag.py took 1.334 seconds
[2026-07-06T17:37:54.949+0000] {processor.py:161} INFO - Started process (PID=55821) to work on /opt/airflow/dags/minio_to_snowflake_dag.py
[2026-07-06T17:37:54.980+0000] {processor.py:830} INFO - Processing file /opt/airflow/dags/minio_to_snowflake_dag.py for tasks to queue
[2026-07-06T17:37:55.032+0000] {logging_mixin.py:188} INFO - [2026-07-06T17:37:55.021+0000] {dagbag.py:545} INFO - Filling up the DagBag from /opt/airflow/dags/minio_to_snowflake_dag.py
[2026-07-06T17:38:01.472+0000] {processor.py:840} INFO - DAG(s) 'minio_to_snowflake_ecommerce' retrieved from /opt/airflow/dags/minio_to_snowflake_dag.py
[2026-07-06T17:38:01.633+0000] {logging_mixin.py:188} INFO - [2026-07-06T17:38:01.632+0000] {dag.py:3089} INFO - Sync 1 DAGs
[2026-07-06T17:38:01.751+0000] {logging_mixin.py:188} INFO - [2026-07-06T17:38:01.749+0000] {dag.py:3947} INFO - Setting next_dagrun for minio_to_snowflake_ecommerce to 2026-07-06 17:37:00+00:00, run_after=2026-07-06 17:38:00+00:00
[2026-07-06T17:38:01.827+0000] {processor.py:183} INFO - Processing /opt/airflow/dags/minio_to_snowflake_dag.py took 7.039 seconds
[2026-07-06T17:38:32.284+0000] {processor.py:161} INFO - Started process (PID=55825) to work on /opt/airflow/dags/minio_to_snowflake_dag.py
[2026-07-06T17:38:32.291+0000] {processor.py:830} INFO - Processing file /opt/airflow/dags/minio_to_snowflake_dag.py for tasks to queue
[2026-07-06T17:38:32.314+0000] {logging_mixin.py:188} INFO - [2026-07-06T17:38:32.309+0000] {dagbag.py:545} INFO - Filling up the DagBag from /opt/airflow/dags/minio_to_snowflake_dag.py
[2026-07-06T17:38:34.688+0000] {processor.py:840} INFO - DAG(s) 'minio_to_snowflake_ecommerce' retrieved from /opt/airflow/dags/minio_to_snowflake_dag.py
[2026-07-06T17:38:34.747+0000] {logging_mixin.py:188} INFO - [2026-07-06T17:38:34.746+0000] {dag.py:3089} INFO - Sync 1 DAGs
[2026-07-06T17:38:34.803+0000] {logging_mixin.py:188} INFO - [2026-07-06T17:38:34.802+0000] {dag.py:3947} INFO - Setting next_dagrun for minio_to_snowflake_ecommerce to 2026-07-06 17:37:00+00:00, run_after=2026-07-06 17:38:00+00:00
[2026-07-06T17:38:34.845+0000] {processor.py:183} INFO - Processing /opt/airflow/dags/minio_to_snowflake_dag.py took 2.620 seconds
[2026-07-06T17:39:05.245+0000] {processor.py:161} INFO - Started process (PID=55829) to work on /opt/airflow/dags/minio_to_snowflake_dag.py
[2026-07-06T17:39:05.247+0000] {processor.py:830} INFO - Processing file /opt/airflow/dags/minio_to_snowflake_dag.py for tasks to queue
[2026-07-06T17:39:05.252+0000] {logging_mixin.py:188} INFO - [2026-07-06T17:39:05.251+0000] {dagbag.py:545} INFO - Filling up the DagBag from /opt/airflow/dags/minio_to_snowflake_dag.py
[2026-07-06T17:39:06.213+0000] {processor.py:840} INFO - DAG(s) 'minio_to_snowflake_ecommerce' retrieved from /opt/airflow/dags/minio_to_snowflake_dag.py
[2026-07-06T17:39:06.259+0000] {logging_mixin.py:188} INFO - [2026-07-06T17:39:06.258+0000] {dag.py:3089} INFO - Sync 1 DAGs
[2026-07-06T17:39:06.299+0000] {logging_mixin.py:188} INFO - [2026-07-06T17:39:06.299+0000] {dag.py:3947} INFO - Setting next_dagrun for minio_to_snowflake_ecommerce to 2026-07-06 17:38:00+00:00, run_after=2026-07-06 17:39:00+00:00
[2026-07-06T17:39:06.328+0000] {processor.py:183} INFO - Processing /opt/airflow/dags/minio_to_snowflake_dag.py took 1.100 seconds
[2026-07-06T17:39:37.146+0000] {processor.py:161} INFO - Started process (PID=55833) to work on /opt/airflow/dags/minio_to_snowflake_dag.py
[2026-07-06T17:39:37.148+0000] {processor.py:830} INFO - Processing file /opt/airflow/dags/minio_to_snowflake_dag.py for tasks to queue
[2026-07-06T17:39:37.151+0000] {logging_mixin.py:188} INFO - [2026-07-06T17:39:37.150+0000] {dagbag.py:545} INFO - Filling up the DagBag from /opt/airflow/dags/minio_to_snowflake_dag.py
[2026-07-06T17:39:38.519+0000] {processor.py:840} INFO - DAG(s) 'minio_to_snowflake_ecommerce' retrieved from /opt/airflow/dags/minio_to_snowflake_dag.py
[2026-07-06T17:39:38.556+0000] {logging_mixin.py:188} INFO - [2026-07-06T17:39:38.556+0000] {dag.py:3089} INFO - Sync 1 DAGs
[2026-07-06T17:39:38.590+0000] {logging_mixin.py:188} INFO - [2026-07-06T17:39:38.590+0000] {dag.py:3947} INFO - Setting next_dagrun for minio_to_snowflake_ecommerce to 2026-07-06 17:38:00+00:00, run_after=2026-07-06 17:39:00+00:00
[2026-07-06T17:39:38.619+0000] {processor.py:183} INFO - Processing /opt/airflow/dags/minio_to_snowflake_dag.py took 1.491 seconds
[2026-07-06T17:40:09.182+0000] {processor.py:161} INFO - Started process (PID=55837) to work on /opt/airflow/dags/minio_to_snowflake_dag.py
[2026-07-06T17:40:09.184+0000] {processor.py:830} INFO - Processing file /opt/airflow/dags/minio_to_snowflake_dag.py for tasks to queue
[2026-07-06T17:40:09.190+0000] {logging_mixin.py:188} INFO - [2026-07-06T17:40:09.189+0000] {dagbag.py:545} INFO - Filling up the DagBag from /opt/airflow/dags/minio_to_snowflake_dag.py
[2026-07-06T17:40:10.137+0000] {processor.py:840} INFO - DAG(s) 'minio_to_snowflake_ecommerce' retrieved from /opt/airflow/dags/minio_to_snowflake_dag.py
[2026-07-06T17:40:10.174+0000] {logging_mixin.py:188} INFO - [2026-07-06T17:40:10.174+0000] {dag.py:3089} INFO - Sync 1 DAGs
[2026-07-06T17:40:10.202+0000] {logging_mixin.py:188} INFO - [2026-07-06T17:40:10.202+0000] {dag.py:3947} INFO - Setting next_dagrun for minio_to_snowflake_ecommerce to 2026-07-06 17:39:00+00:00, run_after=2026-07-06 17:40:00+00:00
[2026-07-06T17:40:10.233+0000] {processor.py:183} INFO - Processing /opt/airflow/dags/minio_to_snowflake_dag.py took 1.068 seconds
[2026-07-06T17:40:40.541+0000] {processor.py:161} INFO - Started process (PID=55841) to work on /opt/airflow/dags/minio_to_snowflake_dag.py
[2026-07-06T17:40:40.542+0000] {processor.py:830} INFO - Processing file /opt/airflow/dags/minio_to_snowflake_dag.py for tasks to queue
[2026-07-06T17:40:40.545+0000] {logging_mixin.py:188} INFO - [2026-07-06T17:40:40.544+0000] {dagbag.py:545} INFO - Filling up the DagBag from /opt/airflow/dags/minio_to_snowflake_dag.py
[2026-07-06T17:40:41.432+0000] {processor.py:840} INFO - DAG(s) 'minio_to_snowflake_ecommerce' retrieved from /opt/airflow/dags/minio_to_snowflake_dag.py
[2026-07-06T17:40:41.470+0000] {logging_mixin.py:188} INFO - [2026-07-06T17:40:41.469+0000] {dag.py:3089} INFO - Sync 1 DAGs
[2026-07-06T17:40:41.538+0000] {logging_mixin.py:188} INFO - [2026-07-06T17:40:41.538+0000] {dag.py:3947} INFO - Setting next_dagrun for minio_to_snowflake_ecommerce to 2026-07-06 17:39:00+00:00, run_after=2026-07-06 17:40:00+00:00
[2026-07-06T17:40:41.585+0000] {processor.py:183} INFO - Processing /opt/airflow/dags/minio_to_snowflake_dag.py took 1.052 seconds
[2026-07-06T17:41:11.945+0000] {processor.py:161} INFO - Started process (PID=55845) to work on /opt/airflow/dags/minio_to_snowflake_dag.py
[2026-07-06T17:41:11.946+0000] {processor.py:830} INFO - Processing file /opt/airflow/dags/minio_to_snowflake_dag.py for tasks to queue
[2026-07-06T17:41:11.949+0000] {logging_mixin.py:188} INFO - [2026-07-06T17:41:11.948+0000] {dagbag.py:545} INFO - Filling up the DagBag from /opt/airflow/dags/minio_to_snowflake_dag.py
[2026-07-06T17:41:12.794+0000] {processor.py:840} INFO - DAG(s) 'minio_to_snowflake_ecommerce' retrieved from /opt/airflow/dags/minio_to_snowflake_dag.py
[2026-07-06T17:41:12.829+0000] {logging_mixin.py:188} INFO - [2026-07-06T17:41:12.828+0000] {dag.py:3089} INFO - Sync 1 DAGs
[2026-07-06T17:41:12.856+0000] {logging_mixin.py:188} INFO - [2026-07-06T17:41:12.856+0000] {dag.py:3947} INFO - Setting next_dagrun for minio_to_snowflake_ecommerce to 2026-07-06 17:40:00+00:00, run_after=2026-07-06 17:41:00+00:00
[2026-07-06T17:41:12.879+0000] {processor.py:183} INFO - Processing /opt/airflow/dags/minio_to_snowflake_dag.py took 0.945 seconds
[2026-07-06T17:41:43.404+0000] {processor.py:161} INFO - Started process (PID=55849) to work on /opt/airflow/dags/minio_to_snowflake_dag.py
[2026-07-06T17:41:43.406+0000] {processor.py:830} INFO - Processing file /opt/airflow/dags/minio_to_snowflake_dag.py for tasks to queue
[2026-07-06T17:41:43.410+0000] {logging_mixin.py:188} INFO - [2026-07-06T17:41:43.409+0000] {dagbag.py:545} INFO - Filling up the DagBag from /opt/airflow/dags/minio_to_snowflake_dag.py
[2026-07-06T17:41:44.307+0000] {processor.py:840} INFO - DAG(s) 'minio_to_snowflake_ecommerce' retrieved from /opt/airflow/dags/minio_to_snowflake_dag.py
[2026-07-06T17:41:44.345+0000] {logging_mixin.py:188} INFO - [2026-07-06T17:41:44.344+0000] {dag.py:3089} INFO - Sync 1 DAGs
[2026-07-06T17:41:44.389+0000] {logging_mixin.py:188} INFO - [2026-07-06T17:41:44.387+0000] {dag.py:3947} INFO - Setting next_dagrun for minio_to_snowflake_ecommerce to 2026-07-06 17:40:00+00:00, run_after=2026-07-06 17:41:00+00:00
[2026-07-06T17:41:44.432+0000] {processor.py:183} INFO - Processing /opt/airflow/dags/minio_to_snowflake_dag.py took 1.037 seconds
[2026-07-06T17:42:14.643+0000] {processor.py:161} INFO - Started process (PID=55853) to work on /opt/airflow/dags/minio_to_snowflake_dag.py
[2026-07-06T17:42:14.644+0000] {processor.py:830} INFO - Processing file /opt/airflow/dags/minio_to_snowflake_dag.py for tasks to queue
[2026-07-06T17:42:14.647+0000] {logging_mixin.py:188} INFO - [2026-07-06T17:42:14.646+0000] {dagbag.py:545} INFO - Filling up the DagBag from /opt/airflow/dags/minio_to_snowflake_dag.py
[2026-07-06T17:42:15.506+0000] {processor.py:840} INFO - DAG(s) 'minio_to_snowflake_ecommerce' retrieved from /opt/airflow/dags/minio_to_snowflake_dag.py
[2026-07-06T17:42:15.540+0000] {logging_mixin.py:188} INFO - [2026-07-06T17:42:15.540+0000] {dag.py:3089} INFO - Sync 1 DAGs
[2026-07-06T17:42:15.572+0000] {logging_mixin.py:188} INFO - [2026-07-06T17:42:15.572+0000] {dag.py:3947} INFO - Setting next_dagrun for minio_to_snowflake_ecommerce to 2026-07-06 17:41:00+00:00, run_after=2026-07-06 17:42:00+00:00
[2026-07-06T17:42:15.601+0000] {processor.py:183} INFO - Processing /opt/airflow/dags/minio_to_snowflake_dag.py took 0.966 seconds
[2026-07-06T17:42:46.034+0000] {processor.py:161} INFO - Started process (PID=55857) to work on /opt/airflow/dags/minio_to_snowflake_dag.py
[2026-07-06T17:42:46.036+0000] {processor.py:830} INFO - Processing file /opt/airflow/dags/minio_to_snowflake_dag.py for tasks to queue
[2026-07-06T17:42:46.038+0000] {logging_mixin.py:188} INFO - [2026-07-06T17:42:46.037+0000] {dagbag.py:545} INFO - Filling up the DagBag from /opt/airflow/dags/minio_to_snowflake_dag.py
[2026-07-06T17:42:46.826+0000] {processor.py:840} INFO - DAG(s) 'minio_to_snowflake_ecommerce' retrieved from /opt/airflow/dags/minio_to_snowflake_dag.py
[2026-07-06T17:42:46.860+0000] {logging_mixin.py:188} INFO - [2026-07-06T17:42:46.860+0000] {dag.py:3089} INFO - Sync 1 DAGs
[2026-07-06T17:42:46.892+0000] {logging_mixin.py:188} INFO - [2026-07-06T17:42:46.892+0000] {dag.py:3947} INFO - Setting next_dagrun for minio_to_snowflake_ecommerce to 2026-07-06 17:41:00+00:00, run_after=2026-07-06 17:42:00+00:00
[2026-07-06T17:42:46.917+0000] {processor.py:183} INFO - Processing /opt/airflow/dags/minio_to_snowflake_dag.py took 0.890 seconds
[2026-07-06T17:43:17.354+0000] {processor.py:161} INFO - Started process (PID=55861) to work on /opt/airflow/dags/minio_to_snowflake_dag.py
[2026-07-06T17:43:17.355+0000] {processor.py:830} INFO - Processing file /opt/airflow/dags/minio_to_snowflake_dag.py for tasks to queue
[2026-07-06T17:43:17.357+0000] {logging_mixin.py:188} INFO - [2026-07-06T17:43:17.357+0000] {dagbag.py:545} INFO - Filling up the DagBag from /opt/airflow/dags/minio_to_snowflake_dag.py
[2026-07-06T17:43:18.164+0000] {processor.py:840} INFO - DAG(s) 'minio_to_snowflake_ecommerce' retrieved from /opt/airflow/dags/minio_to_snowflake_dag.py
[2026-07-06T17:43:18.201+0000] {logging_mixin.py:188} INFO - [2026-07-06T17:43:18.200+0000] {dag.py:3089} INFO - Sync 1 DAGs
[2026-07-06T17:43:18.232+0000] {logging_mixin.py:188} INFO - [2026-07-06T17:43:18.232+0000] {dag.py:3947} INFO - Setting next_dagrun for minio_to_snowflake_ecommerce to 2026-07-06 17:42:00+00:00, run_after=2026-07-06 17:43:00+00:00
[2026-07-06T17:43:18.255+0000] {processor.py:183} INFO - Processing /opt/airflow/dags/minio_to_snowflake_dag.py took 0.916 seconds
[2026-07-06T17:43:48.686+0000] {processor.py:161} INFO - Started process (PID=55865) to work on /opt/airflow/dags/minio_to_snowflake_dag.py
[2026-07-06T17:43:48.688+0000] {processor.py:830} INFO - Processing file /opt/airflow/dags/minio_to_snowflake_dag.py for tasks to queue
[2026-07-06T17:43:48.691+0000] {logging_mixin.py:188} INFO - [2026-07-06T17:43:48.690+0000] {dagbag.py:545} INFO - Filling up the DagBag from /opt/airflow/dags/minio_to_snowflake_dag.py
[2026-07-06T17:43:49.583+0000] {processor.py:840} INFO - DAG(s) 'minio_to_snowflake_ecommerce' retrieved from /opt/airflow/dags/minio_to_snowflake_dag.py
[2026-07-06T17:43:49.619+0000] {logging_mixin.py:188} INFO - [2026-07-06T17:43:49.619+0000] {dag.py:3089} INFO - Sync 1 DAGs
[2026-07-06T17:43:49.650+0000] {logging_mixin.py:188} INFO - [2026-07-06T17:43:49.649+0000] {dag.py:3947} INFO - Setting next_dagrun for minio_to_snowflake_ecommerce to 2026-07-06 17:42:00+00:00, run_after=2026-07-06 17:43:00+00:00
[2026-07-06T17:43:49.678+0000] {processor.py:183} INFO - Processing /opt/airflow/dags/minio_to_snowflake_dag.py took 0.999 seconds
[2026-07-06T17:44:20.087+0000] {processor.py:161} INFO - Started process (PID=55869) to work on /opt/airflow/dags/minio_to_snowflake_dag.py
[2026-07-06T17:44:20.091+0000] {processor.py:830} INFO - Processing file /opt/airflow/dags/minio_to_snowflake_dag.py for tasks to queue
[2026-07-06T17:44:20.095+0000] {logging_mixin.py:188} INFO - [2026-07-06T17:44:20.095+0000] {dagbag.py:545} INFO - Filling up the DagBag from /opt/airflow/dags/minio_to_snowflake_dag.py
[2026-07-06T17:44:21.092+0000] {processor.py:840} INFO - DAG(s) 'minio_to_snowflake_ecommerce' retrieved from /opt/airflow/dags/minio_to_snowflake_dag.py
[2026-07-06T17:44:21.154+0000] {logging_mixin.py:188} INFO - [2026-07-06T17:44:21.153+0000] {dag.py:3089} INFO - Sync 1 DAGs
[2026-07-06T17:44:21.191+0000] {logging_mixin.py:188} INFO - [2026-07-06T17:44:21.191+0000] {dag.py:3947} INFO - Setting next_dagrun for minio_to_snowflake_ecommerce to 2026-07-06 17:43:00+00:00, run_after=2026-07-06 17:44:00+00:00
[2026-07-06T17:44:21.220+0000] {processor.py:183} INFO - Processing /opt/airflow/dags/minio_to_snowflake_dag.py took 1.141 seconds
[2026-07-06T17:44:51.493+0000] {processor.py:161} INFO - Started process (PID=55873) to work on /opt/airflow/dags/minio_to_snowflake_dag.py
[2026-07-06T17:44:51.495+0000] {processor.py:830} INFO - Processing file /opt/airflow/dags/minio_to_snowflake_dag.py for tasks to queue
[2026-07-06T17:44:51.498+0000] {logging_mixin.py:188} INFO - [2026-07-06T17:44:51.497+0000] {dagbag.py:545} INFO - Filling up the DagBag from /opt/airflow/dags/minio_to_snowflake_dag.py
[2026-07-06T17:44:52.423+0000] {processor.py:840} INFO - DAG(s) 'minio_to_snowflake_ecommerce' retrieved from /opt/airflow/dags/minio_to_snowflake_dag.py
[2026-07-06T17:44:52.462+0000] {logging_mixin.py:188} INFO - [2026-07-06T17:44:52.461+0000] {dag.py:3089} INFO - Sync 1 DAGs
[2026-07-06T17:44:52.496+0000] {logging_mixin.py:188} INFO - [2026-07-06T17:44:52.495+0000] {dag.py:3947} INFO - Setting next_dagrun for minio_to_snowflake_ecommerce to 2026-07-06 17:43:00+00:00, run_after=2026-07-06 17:44:00+00:00
[2026-07-06T17:44:52.525+0000] {processor.py:183} INFO - Processing /opt/airflow/dags/minio_to_snowflake_dag.py took 1.042 seconds
[2026-07-06T17:45:22.839+0000] {processor.py:161} INFO - Started process (PID=55877) to work on /opt/airflow/dags/minio_to_snowflake_dag.py
[2026-07-06T17:45:22.840+0000] {processor.py:830} INFO - Processing file /opt/airflow/dags/minio_to_snowflake_dag.py for tasks to queue
[2026-07-06T17:45:22.843+0000] {logging_mixin.py:188} INFO - [2026-07-06T17:45:22.842+0000] {dagbag.py:545} INFO - Filling up the DagBag from /opt/airflow/dags/minio_to_snowflake_dag.py
[2026-07-06T17:45:23.656+0000] {processor.py:840} INFO - DAG(s) 'minio_to_snowflake_ecommerce' retrieved from /opt/airflow/dags/minio_to_snowflake_dag.py
[2026-07-06T17:45:23.690+0000] {logging_mixin.py:188} INFO - [2026-07-06T17:45:23.690+0000] {dag.py:3089} INFO - Sync 1 DAGs
[2026-07-06T17:45:23.717+0000] {logging_mixin.py:188} INFO - [2026-07-06T17:45:23.716+0000] {dag.py:3947} INFO - Setting next_dagrun for minio_to_snowflake_ecommerce to 2026-07-06 17:44:00+00:00, run_after=2026-07-06 17:45:00+00:00
[2026-07-06T17:45:23.740+0000] {processor.py:183} INFO - Processing /opt/airflow/dags/minio_to_snowflake_dag.py took 0.909 seconds
[2026-07-06T17:45:54.163+0000] {processor.py:161} INFO - Started process (PID=55881) to work on /opt/airflow/dags/minio_to_snowflake_dag.py
[2026-07-06T17:45:54.165+0000] {processor.py:830} INFO - Processing file /opt/airflow/dags/minio_to_snowflake_dag.py for tasks to queue
[2026-07-06T17:45:54.169+0000] {logging_mixin.py:188} INFO - [2026-07-06T17:45:54.168+0000] {dagbag.py:545} INFO - Filling up the DagBag from /opt/airflow/dags/minio_to_snowflake_dag.py
[2026-07-06T17:45:55.193+0000] {processor.py:840} INFO - DAG(s) 'minio_to_snowflake_ecommerce' retrieved from /opt/airflow/dags/minio_to_snowflake_dag.py
[2026-07-06T17:45:55.250+0000] {logging_mixin.py:188} INFO - [2026-07-06T17:45:55.249+0000] {dag.py:3089} INFO - Sync 1 DAGs
[2026-07-06T17:45:55.308+0000] {logging_mixin.py:188} INFO - [2026-07-06T17:45:55.308+0000] {dag.py:3947} INFO - Setting next_dagrun for minio_to_snowflake_ecommerce to 2026-07-06 17:44:00+00:00, run_after=2026-07-06 17:45:00+00:00
[2026-07-06T17:45:55.343+0000] {processor.py:183} INFO - Processing /opt/airflow/dags/minio_to_snowflake_dag.py took 1.191 seconds
[2026-07-06T17:46:25.695+0000] {processor.py:161} INFO - Started process (PID=55885) to work on /opt/airflow/dags/minio_to_snowflake_dag.py
[2026-07-06T17:46:25.700+0000] {processor.py:830} INFO - Processing file /opt/airflow/dags/minio_to_snowflake_dag.py for tasks to queue
[2026-07-06T17:46:25.711+0000] {logging_mixin.py:188} INFO - [2026-07-06T17:46:25.709+0000] {dagbag.py:545} INFO - Filling up the DagBag from /opt/airflow/dags/minio_to_snowflake_dag.py
[2026-07-06T17:46:26.882+0000] {processor.py:840} INFO - DAG(s) 'minio_to_snowflake_ecommerce' retrieved from /opt/airflow/dags/minio_to_snowflake_dag.py
[2026-07-06T17:46:26.914+0000] {logging_mixin.py:188} INFO - [2026-07-06T17:46:26.913+0000] {dag.py:3089} INFO - Sync 1 DAGs
[2026-07-06T17:46:26.942+0000] {logging_mixin.py:188} INFO - [2026-07-06T17:46:26.942+0000] {dag.py:3947} INFO - Setting next_dagrun for minio_to_snowflake_ecommerce to 2026-07-06 17:45:00+00:00, run_after=2026-07-06 17:46:00+00:00
[2026-07-06T17:46:26.968+0000] {processor.py:183} INFO - Processing /opt/airflow/dags/minio_to_snowflake_dag.py took 1.306 seconds
[2026-07-06T17:46:57.352+0000] {processor.py:161} INFO - Started process (PID=55889) to work on /opt/airflow/dags/minio_to_snowflake_dag.py
[2026-07-06T17:46:57.354+0000] {processor.py:830} INFO - Processing file /opt/airflow/dags/minio_to_snowflake_dag.py for tasks to queue
[2026-07-06T17:46:57.358+0000] {logging_mixin.py:188} INFO - [2026-07-06T17:46:57.357+0000] {dagbag.py:545} INFO - Filling up the DagBag from /opt/airflow/dags/minio_to_snowflake_dag.py
[2026-07-06T17:46:58.243+0000] {processor.py:840} INFO - DAG(s) 'minio_to_snowflake_ecommerce' retrieved from /opt/airflow/dags/minio_to_snowflake_dag.py
[2026-07-06T17:46:58.272+0000] {logging_mixin.py:188} INFO - [2026-07-06T17:46:58.271+0000] {dag.py:3089} INFO - Sync 1 DAGs
[2026-07-06T17:46:58.301+0000] {logging_mixin.py:188} INFO - [2026-07-06T17:46:58.301+0000] {dag.py:3947} INFO - Setting next_dagrun for minio_to_snowflake_ecommerce to 2026-07-06 17:45:00+00:00, run_after=2026-07-06 17:46:00+00:00
[2026-07-06T17:46:58.339+0000] {processor.py:183} INFO - Processing /opt/airflow/dags/minio_to_snowflake_dag.py took 1.001 seconds
[2026-07-06T17:47:28.758+0000] {processor.py:161} INFO - Started process (PID=55893) to work on /opt/airflow/dags/minio_to_snowflake_dag.py
[2026-07-06T17:47:28.760+0000] {processor.py:830} INFO - Processing file /opt/airflow/dags/minio_to_snowflake_dag.py for tasks to queue
[2026-07-06T17:47:28.763+0000] {logging_mixin.py:188} INFO - [2026-07-06T17:47:28.762+0000] {dagbag.py:545} INFO - Filling up the DagBag from /opt/airflow/dags/minio_to_snowflake_dag.py
[2026-07-06T17:47:29.631+0000] {processor.py:840} INFO - DAG(s) 'minio_to_snowflake_ecommerce' retrieved from /opt/airflow/dags/minio_to_snowflake_dag.py
[2026-07-06T17:47:29.680+0000] {logging_mixin.py:188} INFO - [2026-07-06T17:47:29.680+0000] {dag.py:3089} INFO - Sync 1 DAGs
[2026-07-06T17:47:29.713+0000] {logging_mixin.py:188} INFO - [2026-07-06T17:47:29.713+0000] {dag.py:3947} INFO - Setting next_dagrun for minio_to_snowflake_ecommerce to 2026-07-06 17:46:00+00:00, run_after=2026-07-06 17:47:00+00:00
[2026-07-06T17:47:29.738+0000] {processor.py:183} INFO - Processing /opt/airflow/dags/minio_to_snowflake_dag.py took 0.988 seconds
[2026-07-06T17:48:00.347+0000] {processor.py:161} INFO - Started process (PID=55897) to work on /opt/airflow/dags/minio_to_snowflake_dag.py
[2026-07-06T17:48:00.349+0000] {processor.py:830} INFO - Processing file /opt/airflow/dags/minio_to_snowflake_dag.py for tasks to queue
[2026-07-06T17:48:00.354+0000] {logging_mixin.py:188} INFO - [2026-07-06T17:48:00.353+0000] {dagbag.py:545} INFO - Filling up the DagBag from /opt/airflow/dags/minio_to_snowflake_dag.py
[2026-07-06T17:48:01.226+0000] {processor.py:840} INFO - DAG(s) 'minio_to_snowflake_ecommerce' retrieved from /opt/airflow/dags/minio_to_snowflake_dag.py
[2026-07-06T17:48:01.258+0000] {logging_mixin.py:188} INFO - [2026-07-06T17:48:01.258+0000] {dag.py:3089} INFO - Sync 1 DAGs
[2026-07-06T17:48:01.286+0000] {logging_mixin.py:188} INFO - [2026-07-06T17:48:01.286+0000] {dag.py:3947} INFO - Setting next_dagrun for minio_to_snowflake_ecommerce to 2026-07-06 17:47:00+00:00, run_after=2026-07-06 17:48:00+00:00
[2026-07-06T17:48:01.314+0000] {processor.py:183} INFO - Processing /opt/airflow/dags/minio_to_snowflake_dag.py took 0.977 seconds
[2026-07-06T17:48:31.928+0000] {processor.py:161} INFO - Started process (PID=55901) to work on /opt/airflow/dags/minio_to_snowflake_dag.py
[2026-07-06T17:48:31.930+0000] {processor.py:830} INFO - Processing file /opt/airflow/dags/minio_to_snowflake_dag.py for tasks to queue
[2026-07-06T17:48:31.937+0000] {logging_mixin.py:188} INFO - [2026-07-06T17:48:31.936+0000] {dagbag.py:545} INFO - Filling up the DagBag from /opt/airflow/dags/minio_to_snowflake_dag.py
[2026-07-06T17:48:32.877+0000] {processor.py:840} INFO - DAG(s) 'minio_to_snowflake_ecommerce' retrieved from /opt/airflow/dags/minio_to_snowflake_dag.py
[2026-07-06T17:48:32.939+0000] {logging_mixin.py:188} INFO - [2026-07-06T17:48:32.938+0000] {dag.py:3089} INFO - Sync 1 DAGs
[2026-07-06T17:48:32.969+0000] {logging_mixin.py:188} INFO - [2026-07-06T17:48:32.969+0000] {dag.py:3947} INFO - Setting next_dagrun for minio_to_snowflake_ecommerce to 2026-07-06 17:47:00+00:00, run_after=2026-07-06 17:48:00+00:00
[2026-07-06T17:48:32.994+0000] {processor.py:183} INFO - Processing /opt/airflow/dags/minio_to_snowflake_dag.py took 1.127 seconds
[2026-07-06T17:49:03.228+0000] {processor.py:161} INFO - Started process (PID=55905) to work on /opt/airflow/dags/minio_to_snowflake_dag.py
[2026-07-06T17:49:03.230+0000] {processor.py:830} INFO - Processing file /opt/airflow/dags/minio_to_snowflake_dag.py for tasks to queue
[2026-07-06T17:49:03.233+0000] {logging_mixin.py:188} INFO - [2026-07-06T17:49:03.232+0000] {dagbag.py:545} INFO - Filling up the DagBag from /opt/airflow/dags/minio_to_snowflake_dag.py
[2026-07-06T17:49:04.048+0000] {processor.py:840} INFO - DAG(s) 'minio_to_snowflake_ecommerce' retrieved from /opt/airflow/dags/minio_to_snowflake_dag.py
[2026-07-06T17:49:04.078+0000] {logging_mixin.py:188} INFO - [2026-07-06T17:49:04.077+0000] {dag.py:3089} INFO - Sync 1 DAGs
[2026-07-06T17:49:04.104+0000] {logging_mixin.py:188} INFO - [2026-07-06T17:49:04.104+0000] {dag.py:3947} INFO - Setting next_dagrun for minio_to_snowflake_ecommerce to 2026-07-06 17:48:00+00:00, run_after=2026-07-06 17:49:00+00:00
[2026-07-06T17:49:04.129+0000] {processor.py:183} INFO - Processing /opt/airflow/dags/minio_to_snowflake_dag.py took 0.911 seconds
[2026-07-06T17:49:34.518+0000] {processor.py:161} INFO - Started process (PID=55909) to work on /opt/airflow/dags/minio_to_snowflake_dag.py
[2026-07-06T17:49:34.520+0000] {processor.py:830} INFO - Processing file /opt/airflow/dags/minio_to_snowflake_dag.py for tasks to queue
[2026-07-06T17:49:34.524+0000] {logging_mixin.py:188} INFO - [2026-07-06T17:49:34.523+0000] {dagbag.py:545} INFO - Filling up the DagBag from /opt/airflow/dags/minio_to_snowflake_dag.py
[2026-07-06T17:49:35.414+0000] {processor.py:840} INFO - DAG(s) 'minio_to_snowflake_ecommerce' retrieved from /opt/airflow/dags/minio_to_snowflake_dag.py
[2026-07-06T17:49:35.462+0000] {logging_mixin.py:188} INFO - [2026-07-06T17:49:35.462+0000] {dag.py:3089} INFO - Sync 1 DAGs
[2026-07-06T17:49:35.497+0000] {logging_mixin.py:188} INFO - [2026-07-06T17:49:35.497+0000] {dag.py:3947} INFO - Setting next_dagrun for minio_to_snowflake_ecommerce to 2026-07-06 17:48:00+00:00, run_after=2026-07-06 17:49:00+00:00
[2026-07-06T17:49:35.523+0000] {processor.py:183} INFO - Processing /opt/airflow/dags/minio_to_snowflake_dag.py took 1.019 seconds
[2026-07-06T17:50:05.864+0000] {processor.py:161} INFO - Started process (PID=55913) to work on /opt/airflow/dags/minio_to_snowflake_dag.py
[2026-07-06T17:50:05.866+0000] {processor.py:830} INFO - Processing file /opt/airflow/dags/minio_to_snowflake_dag.py for tasks to queue
[2026-07-06T17:50:05.869+0000] {logging_mixin.py:188} INFO - [2026-07-06T17:50:05.868+0000] {dagbag.py:545} INFO - Filling up the DagBag from /opt/airflow/dags/minio_to_snowflake_dag.py
[2026-07-06T17:50:06.731+0000] {processor.py:840} INFO - DAG(s) 'minio_to_snowflake_ecommerce' retrieved from /opt/airflow/dags/minio_to_snowflake_dag.py
[2026-07-06T17:50:06.772+0000] {logging_mixin.py:188} INFO - [2026-07-06T17:50:06.771+0000] {dag.py:3089} INFO - Sync 1 DAGs
[2026-07-06T17:50:06.805+0000] {logging_mixin.py:188} INFO - [2026-07-06T17:50:06.805+0000] {dag.py:3947} INFO - Setting next_dagrun for minio_to_snowflake_ecommerce to 2026-07-06 17:49:00+00:00, run_after=2026-07-06 17:50:00+00:00
[2026-07-06T17:50:06.832+0000] {processor.py:183} INFO - Processing /opt/airflow/dags/minio_to_snowflake_dag.py took 0.978 seconds
[2026-07-06T17:50:37.338+0000] {processor.py:161} INFO - Started process (PID=55917) to work on /opt/airflow/dags/minio_to_snowflake_dag.py
[2026-07-06T17:50:37.343+0000] {processor.py:830} INFO - Processing file /opt/airflow/dags/minio_to_snowflake_dag.py for tasks to queue
[2026-07-06T17:50:37.351+0000] {logging_mixin.py:188} INFO - [2026-07-06T17:50:37.350+0000] {dagbag.py:545} INFO - Filling up the DagBag from /opt/airflow/dags/minio_to_snowflake_dag.py
[2026-07-06T17:50:38.676+0000] {processor.py:840} INFO - DAG(s) 'minio_to_snowflake_ecommerce' retrieved from /opt/airflow/dags/minio_to_snowflake_dag.py
[2026-07-06T17:50:38.722+0000] {logging_mixin.py:188} INFO - [2026-07-06T17:50:38.721+0000] {dag.py:3089} INFO - Sync 1 DAGs
[2026-07-06T17:50:38.757+0000] {logging_mixin.py:188} INFO - [2026-07-06T17:50:38.757+0000] {dag.py:3947} INFO - Setting next_dagrun for minio_to_snowflake_ecommerce to 2026-07-06 17:49:00+00:00, run_after=2026-07-06 17:50:00+00:00
[2026-07-06T17:50:38.786+0000] {processor.py:183} INFO - Processing /opt/airflow/dags/minio_to_snowflake_dag.py took 1.496 seconds
[2026-07-06T17:51:09.203+0000] {processor.py:161} INFO - Started process (PID=55921) to work on /opt/airflow/dags/minio_to_snowflake_dag.py
[2026-07-06T17:51:09.209+0000] {processor.py:830} INFO - Processing file /opt/airflow/dags/minio_to_snowflake_dag.py for tasks to queue
[2026-07-06T17:51:09.213+0000] {logging_mixin.py:188} INFO - [2026-07-06T17:51:09.212+0000] {dagbag.py:545} INFO - Filling up the DagBag from /opt/airflow/dags/minio_to_snowflake_dag.py
[2026-07-06T17:51:10.286+0000] {processor.py:840} INFO - DAG(s) 'minio_to_snowflake_ecommerce' retrieved from /opt/airflow/dags/minio_to_snowflake_dag.py
[2026-07-06T17:51:10.319+0000] {logging_mixin.py:188} INFO - [2026-07-06T17:51:10.319+0000] {dag.py:3089} INFO - Sync 1 DAGs
[2026-07-06T17:51:10.352+0000] {logging_mixin.py:188} INFO - [2026-07-06T17:51:10.352+0000] {dag.py:3947} INFO - Setting next_dagrun for minio_to_snowflake_ecommerce to 2026-07-06 17:50:00+00:00, run_after=2026-07-06 17:51:00+00:00
[2026-07-06T17:51:10.377+0000] {processor.py:183} INFO - Processing /opt/airflow/dags/minio_to_snowflake_dag.py took 1.191 seconds
[2026-07-06T17:51:40.535+0000] {processor.py:161} INFO - Started process (PID=55925) to work on /opt/airflow/dags/minio_to_snowflake_dag.py
[2026-07-06T17:51:40.537+0000] {processor.py:830} INFO - Processing file /opt/airflow/dags/minio_to_snowflake_dag.py for tasks to queue
[2026-07-06T17:51:40.540+0000] {logging_mixin.py:188} INFO - [2026-07-06T17:51:40.540+0000] {dagbag.py:545} INFO - Filling up the DagBag from /opt/airflow/dags/minio_to_snowflake_dag.py
[2026-07-06T17:51:41.518+0000] {processor.py:840} INFO - DAG(s) 'minio_to_snowflake_ecommerce' retrieved from /opt/airflow/dags/minio_to_snowflake_dag.py
[2026-07-06T17:51:41.557+0000] {logging_mixin.py:188} INFO - [2026-07-06T17:51:41.556+0000] {dag.py:3089} INFO - Sync 1 DAGs
[2026-07-06T17:51:41.587+0000] {logging_mixin.py:188} INFO - [2026-07-06T17:51:41.587+0000] {dag.py:3947} INFO - Setting next_dagrun for minio_to_snowflake_ecommerce to 2026-07-06 17:50:00+00:00, run_after=2026-07-06 17:51:00+00:00
[2026-07-06T17:51:41.614+0000] {processor.py:183} INFO - Processing /opt/airflow/dags/minio_to_snowflake_dag.py took 1.092 seconds
[2026-07-06T17:52:11.870+0000] {processor.py:161} INFO - Started process (PID=55929) to work on /opt/airflow/dags/minio_to_snowflake_dag.py
[2026-07-06T17:52:11.871+0000] {processor.py:830} INFO - Processing file /opt/airflow/dags/minio_to_snowflake_dag.py for tasks to queue
[2026-07-06T17:52:11.875+0000] {logging_mixin.py:188} INFO - [2026-07-06T17:52:11.874+0000] {dagbag.py:545} INFO - Filling up the DagBag from /opt/airflow/dags/minio_to_snowflake_dag.py
[2026-07-06T17:52:12.849+0000] {processor.py:840} INFO - DAG(s) 'minio_to_snowflake_ecommerce' retrieved from /opt/airflow/dags/minio_to_snowflake_dag.py
[2026-07-06T17:52:12.883+0000] {logging_mixin.py:188} INFO - [2026-07-06T17:52:12.883+0000] {dag.py:3089} INFO - Sync 1 DAGs
[2026-07-06T17:52:12.911+0000] {logging_mixin.py:188} INFO - [2026-07-06T17:52:12.911+0000] {dag.py:3947} INFO - Setting next_dagrun for minio_to_snowflake_ecommerce to 2026-07-06 17:51:00+00:00, run_after=2026-07-06 17:52:00+00:00
[2026-07-06T17:52:12.937+0000] {processor.py:183} INFO - Processing /opt/airflow/dags/minio_to_snowflake_dag.py took 1.077 seconds
[2026-07-06T17:52:43.411+0000] {processor.py:161} INFO - Started process (PID=55933) to work on /opt/airflow/dags/minio_to_snowflake_dag.py
[2026-07-06T17:52:43.413+0000] {processor.py:830} INFO - Processing file /opt/airflow/dags/minio_to_snowflake_dag.py for tasks to queue
[2026-07-06T17:52:43.418+0000] {logging_mixin.py:188} INFO - [2026-07-06T17:52:43.418+0000] {dagbag.py:545} INFO - Filling up the DagBag from /opt/airflow/dags/minio_to_snowflake_dag.py
[2026-07-06T17:52:44.247+0000] {processor.py:840} INFO - DAG(s) 'minio_to_snowflake_ecommerce' retrieved from /opt/airflow/dags/minio_to_snowflake_dag.py
[2026-07-06T17:52:44.279+0000] {logging_mixin.py:188} INFO - [2026-07-06T17:52:44.278+0000] {dag.py:3089} INFO - Sync 1 DAGs
[2026-07-06T17:52:44.305+0000] {logging_mixin.py:188} INFO - [2026-07-06T17:52:44.304+0000] {dag.py:3947} INFO - Setting next_dagrun for minio_to_snowflake_ecommerce to 2026-07-06 17:51:00+00:00, run_after=2026-07-06 17:52:00+00:00
[2026-07-06T17:52:44.327+0000] {processor.py:183} INFO - Processing /opt/airflow/dags/minio_to_snowflake_dag.py took 0.924 seconds
[2026-07-06T17:53:14.749+0000] {processor.py:161} INFO - Started process (PID=55937) to work on /opt/airflow/dags/minio_to_snowflake_dag.py
[2026-07-06T17:53:14.751+0000] {processor.py:830} INFO - Processing file /opt/airflow/dags/minio_to_snowflake_dag.py for tasks to queue
[2026-07-06T17:53:14.755+0000] {logging_mixin.py:188} INFO - [2026-07-06T17:53:14.754+0000] {dagbag.py:545} INFO - Filling up the DagBag from /opt/airflow/dags/minio_to_snowflake_dag.py
[2026-07-06T17:53:15.827+0000] {processor.py:840} INFO - DAG(s) 'minio_to_snowflake_ecommerce' retrieved from /opt/airflow/dags/minio_to_snowflake_dag.py
[2026-07-06T17:53:15.864+0000] {logging_mixin.py:188} INFO - [2026-07-06T17:53:15.864+0000] {dag.py:3089} INFO - Sync 1 DAGs
[2026-07-06T17:53:15.900+0000] {logging_mixin.py:188} INFO - [2026-07-06T17:53:15.900+0000] {dag.py:3947} INFO - Setting next_dagrun for minio_to_snowflake_ecommerce to 2026-07-06 17:52:00+00:00, run_after=2026-07-06 17:53:00+00:00
[2026-07-06T17:53:15.928+0000] {processor.py:183} INFO - Processing /opt/airflow/dags/minio_to_snowflake_dag.py took 1.196 seconds
[2026-07-06T17:53:46.238+0000] {processor.py:161} INFO - Started process (PID=55941) to work on /opt/airflow/dags/minio_to_snowflake_dag.py
[2026-07-06T17:53:46.243+0000] {processor.py:830} INFO - Processing file /opt/airflow/dags/minio_to_snowflake_dag.py for tasks to queue
[2026-07-06T17:53:46.252+0000] {logging_mixin.py:188} INFO - [2026-07-06T17:53:46.251+0000] {dagbag.py:545} INFO - Filling up the DagBag from /opt/airflow/dags/minio_to_snowflake_dag.py
[2026-07-06T17:53:47.303+0000] {processor.py:840} INFO - DAG(s) 'minio_to_snowflake_ecommerce' retrieved from /opt/airflow/dags/minio_to_snowflake_dag.py
[2026-07-06T17:53:47.341+0000] {logging_mixin.py:188} INFO - [2026-07-06T17:53:47.340+0000] {dag.py:3089} INFO - Sync 1 DAGs
[2026-07-06T17:53:47.371+0000] {logging_mixin.py:188} INFO - [2026-07-06T17:53:47.371+0000] {dag.py:3947} INFO - Setting next_dagrun for minio_to_snowflake_ecommerce to 2026-07-06 17:52:00+00:00, run_after=2026-07-06 17:53:00+00:00
[2026-07-06T17:53:47.402+0000] {processor.py:183} INFO - Processing /opt/airflow/dags/minio_to_snowflake_dag.py took 1.193 seconds
[2026-07-06T17:54:17.848+0000] {processor.py:161} INFO - Started process (PID=55945) to work on /opt/airflow/dags/minio_to_snowflake_dag.py
[2026-07-06T17:54:17.855+0000] {processor.py:830} INFO - Processing file /opt/airflow/dags/minio_to_snowflake_dag.py for tasks to queue
[2026-07-06T17:54:17.867+0000] {logging_mixin.py:188} INFO - [2026-07-06T17:54:17.864+0000] {dagbag.py:545} INFO - Filling up the DagBag from /opt/airflow/dags/minio_to_snowflake_dag.py
[2026-07-06T17:54:18.898+0000] {processor.py:840} INFO - DAG(s) 'minio_to_snowflake_ecommerce' retrieved from /opt/airflow/dags/minio_to_snowflake_dag.py
[2026-07-06T17:54:18.951+0000] {logging_mixin.py:188} INFO - [2026-07-06T17:54:18.950+0000] {dag.py:3089} INFO - Sync 1 DAGs
[2026-07-06T17:54:18.988+0000] {logging_mixin.py:188} INFO - [2026-07-06T17:54:18.988+0000] {dag.py:3947} INFO - Setting next_dagrun for minio_to_snowflake_ecommerce to 2026-07-06 17:53:00+00:00, run_after=2026-07-06 17:54:00+00:00
[2026-07-06T17:54:19.016+0000] {processor.py:183} INFO - Processing /opt/airflow/dags/minio_to_snowflake_dag.py took 1.206 seconds
[2026-07-06T17:54:49.266+0000] {processor.py:161} INFO - Started process (PID=55949) to work on /opt/airflow/dags/minio_to_snowflake_dag.py
[2026-07-06T17:54:49.267+0000] {processor.py:830} INFO - Processing file /opt/airflow/dags/minio_to_snowflake_dag.py for tasks to queue
[2026-07-06T17:54:49.270+0000] {logging_mixin.py:188} INFO - [2026-07-06T17:54:49.269+0000] {dagbag.py:545} INFO - Filling up the DagBag from /opt/airflow/dags/minio_to_snowflake_dag.py
[2026-07-06T17:54:50.184+0000] {processor.py:840} INFO - DAG(s) 'minio_to_snowflake_ecommerce' retrieved from /opt/airflow/dags/minio_to_snowflake_dag.py
[2026-07-06T17:54:50.220+0000] {logging_mixin.py:188} INFO - [2026-07-06T17:54:50.219+0000] {dag.py:3089} INFO - Sync 1 DAGs
[2026-07-06T17:54:50.259+0000] {logging_mixin.py:188} INFO - [2026-07-06T17:54:50.258+0000] {dag.py:3947} INFO - Setting next_dagrun for minio_to_snowflake_ecommerce to 2026-07-06 17:53:00+00:00, run_after=2026-07-06 17:54:00+00:00
[2026-07-06T17:54:50.292+0000] {processor.py:183} INFO - Processing /opt/airflow/dags/minio_to_snowflake_dag.py took 1.032 seconds
[2026-07-06T17:55:20.826+0000] {processor.py:161} INFO - Started process (PID=55953) to work on /opt/airflow/dags/minio_to_snowflake_dag.py
[2026-07-06T17:55:20.828+0000] {processor.py:830} INFO - Processing file /opt/airflow/dags/minio_to_snowflake_dag.py for tasks to queue
[2026-07-06T17:55:20.832+0000] {logging_mixin.py:188} INFO - [2026-07-06T17:55:20.831+0000] {dagbag.py:545} INFO - Filling up the DagBag from /opt/airflow/dags/minio_to_snowflake_dag.py
[2026-07-06T17:55:21.753+0000] {processor.py:840} INFO - DAG(s) 'minio_to_snowflake_ecommerce' retrieved from /opt/airflow/dags/minio_to_snowflake_dag.py
[2026-07-06T17:55:21.784+0000] {logging_mixin.py:188} INFO - [2026-07-06T17:55:21.784+0000] {dag.py:3089} INFO - Sync 1 DAGs
[2026-07-06T17:55:21.815+0000] {logging_mixin.py:188} INFO - [2026-07-06T17:55:21.815+0000] {dag.py:3947} INFO - Setting next_dagrun for minio_to_snowflake_ecommerce to 2026-07-06 17:54:00+00:00, run_after=2026-07-06 17:55:00+00:00
[2026-07-06T17:55:21.845+0000] {processor.py:183} INFO - Processing /opt/airflow/dags/minio_to_snowflake_dag.py took 1.035 seconds
[2026-07-06T17:55:52.364+0000] {processor.py:161} INFO - Started process (PID=55957) to work on /opt/airflow/dags/minio_to_snowflake_dag.py
[2026-07-06T17:55:52.369+0000] {processor.py:830} INFO - Processing file /opt/airflow/dags/minio_to_snowflake_dag.py for tasks to queue
[2026-07-06T17:55:52.379+0000] {logging_mixin.py:188} INFO - [2026-07-06T17:55:52.377+0000] {dagbag.py:545} INFO - Filling up the DagBag from /opt/airflow/dags/minio_to_snowflake_dag.py
[2026-07-06T17:55:53.400+0000] {processor.py:840} INFO - DAG(s) 'minio_to_snowflake_ecommerce' retrieved from /opt/airflow/dags/minio_to_snowflake_dag.py
[2026-07-06T17:55:53.447+0000] {logging_mixin.py:188} INFO - [2026-07-06T17:55:53.446+0000] {dag.py:3089} INFO - Sync 1 DAGs
[2026-07-06T17:55:53.475+0000] {logging_mixin.py:188} INFO - [2026-07-06T17:55:53.475+0000] {dag.py:3947} INFO - Setting next_dagrun for minio_to_snowflake_ecommerce to 2026-07-06 17:54:00+00:00, run_after=2026-07-06 17:55:00+00:00
[2026-07-06T17:55:53.501+0000] {processor.py:183} INFO - Processing /opt/airflow/dags/minio_to_snowflake_dag.py took 1.175 seconds
[2026-07-06T17:56:23.737+0000] {processor.py:161} INFO - Started process (PID=55961) to work on /opt/airflow/dags/minio_to_snowflake_dag.py
[2026-07-06T17:56:23.739+0000] {processor.py:830} INFO - Processing file /opt/airflow/dags/minio_to_snowflake_dag.py for tasks to queue
[2026-07-06T17:56:23.742+0000] {logging_mixin.py:188} INFO - [2026-07-06T17:56:23.741+0000] {dagbag.py:545} INFO - Filling up the DagBag from /opt/airflow/dags/minio_to_snowflake_dag.py
[2026-07-06T17:56:25.075+0000] {processor.py:840} INFO - DAG(s) 'minio_to_snowflake_ecommerce' retrieved from /opt/airflow/dags/minio_to_snowflake_dag.py
[2026-07-06T17:56:25.108+0000] {logging_mixin.py:188} INFO - [2026-07-06T17:56:25.107+0000] {dag.py:3089} INFO - Sync 1 DAGs
[2026-07-06T17:56:25.138+0000] {logging_mixin.py:188} INFO - [2026-07-06T17:56:25.138+0000] {dag.py:3947} INFO - Setting next_dagrun for minio_to_snowflake_ecommerce to 2026-07-06 17:55:00+00:00, run_after=2026-07-06 17:56:00+00:00
[2026-07-06T17:56:25.166+0000] {processor.py:183} INFO - Processing /opt/airflow/dags/minio_to_snowflake_dag.py took 1.438 seconds
[2026-07-06T17:56:55.353+0000] {processor.py:161} INFO - Started process (PID=55965) to work on /opt/airflow/dags/minio_to_snowflake_dag.py
[2026-07-06T17:56:55.356+0000] {processor.py:830} INFO - Processing file /opt/airflow/dags/minio_to_snowflake_dag.py for tasks to queue
[2026-07-06T17:56:55.363+0000] {logging_mixin.py:188} INFO - [2026-07-06T17:56:55.362+0000] {dagbag.py:545} INFO - Filling up the DagBag from /opt/airflow/dags/minio_to_snowflake_dag.py
[2026-07-06T17:56:56.905+0000] {processor.py:840} INFO - DAG(s) 'minio_to_snowflake_ecommerce' retrieved from /opt/airflow/dags/minio_to_snowflake_dag.py
[2026-07-06T17:56:56.992+0000] {logging_mixin.py:188} INFO - [2026-07-06T17:56:56.991+0000] {dag.py:3089} INFO - Sync 1 DAGs
[2026-07-06T17:56:57.068+0000] {logging_mixin.py:188} INFO - [2026-07-06T17:56:57.067+0000] {dag.py:3947} INFO - Setting next_dagrun for minio_to_snowflake_ecommerce to 2026-07-06 17:55:00+00:00, run_after=2026-07-06 17:56:00+00:00
[2026-07-06T17:56:57.115+0000] {processor.py:183} INFO - Processing /opt/airflow/dags/minio_to_snowflake_dag.py took 1.782 seconds
[2026-07-06T17:57:27.620+0000] {processor.py:161} INFO - Started process (PID=55969) to work on /opt/airflow/dags/minio_to_snowflake_dag.py
[2026-07-06T17:57:27.622+0000] {processor.py:830} INFO - Processing file /opt/airflow/dags/minio_to_snowflake_dag.py for tasks to queue
[2026-07-06T17:57:27.626+0000] {logging_mixin.py:188} INFO - [2026-07-06T17:57:27.625+0000] {dagbag.py:545} INFO - Filling up the DagBag from /opt/airflow/dags/minio_to_snowflake_dag.py
[2026-07-06T17:57:28.736+0000] {processor.py:840} INFO - DAG(s) 'minio_to_snowflake_ecommerce' retrieved from /opt/airflow/dags/minio_to_snowflake_dag.py
[2026-07-06T17:57:28.785+0000] {logging_mixin.py:188} INFO - [2026-07-06T17:57:28.784+0000] {dag.py:3089} INFO - Sync 1 DAGs
[2026-07-06T17:57:28.826+0000] {logging_mixin.py:188} INFO - [2026-07-06T17:57:28.826+0000] {dag.py:3947} INFO - Setting next_dagrun for minio_to_snowflake_ecommerce to 2026-07-06 17:56:00+00:00, run_after=2026-07-06 17:57:00+00:00
[2026-07-06T17:57:28.859+0000] {processor.py:183} INFO - Processing /opt/airflow/dags/minio_to_snowflake_dag.py took 1.257 seconds
[2026-07-06T17:57:59.348+0000] {processor.py:161} INFO - Started process (PID=55973) to work on /opt/airflow/dags/minio_to_snowflake_dag.py
[2026-07-06T17:57:59.351+0000] {processor.py:830} INFO - Processing file /opt/airflow/dags/minio_to_snowflake_dag.py for tasks to queue
[2026-07-06T17:57:59.359+0000] {logging_mixin.py:188} INFO - [2026-07-06T17:57:59.358+0000] {dagbag.py:545} INFO - Filling up the DagBag from /opt/airflow/dags/minio_to_snowflake_dag.py
[2026-07-06T17:58:00.617+0000] {processor.py:840} INFO - DAG(s) 'minio_to_snowflake_ecommerce' retrieved from /opt/airflow/dags/minio_to_snowflake_dag.py
[2026-07-06T17:58:00.649+0000] {logging_mixin.py:188} INFO - [2026-07-06T17:58:00.649+0000] {dag.py:3089} INFO - Sync 1 DAGs
[2026-07-06T17:58:00.678+0000] {logging_mixin.py:188} INFO - [2026-07-06T17:58:00.677+0000] {dag.py:3947} INFO - Setting next_dagrun for minio_to_snowflake_ecommerce to 2026-07-06 17:57:00+00:00, run_after=2026-07-06 17:58:00+00:00
[2026-07-06T17:58:00.703+0000] {processor.py:183} INFO - Processing /opt/airflow/dags/minio_to_snowflake_dag.py took 1.378 seconds
[2026-07-06T17:58:30.922+0000] {processor.py:161} INFO - Started process (PID=55977) to work on /opt/airflow/dags/minio_to_snowflake_dag.py
[2026-07-06T17:58:30.927+0000] {processor.py:830} INFO - Processing file /opt/airflow/dags/minio_to_snowflake_dag.py for tasks to queue
[2026-07-06T17:58:30.940+0000] {logging_mixin.py:188} INFO - [2026-07-06T17:58:30.938+0000] {dagbag.py:545} INFO - Filling up the DagBag from /opt/airflow/dags/minio_to_snowflake_dag.py
[2026-07-06T17:58:32.699+0000] {processor.py:840} INFO - DAG(s) 'minio_to_snowflake_ecommerce' retrieved from /opt/airflow/dags/minio_to_snowflake_dag.py
[2026-07-06T17:58:32.736+0000] {logging_mixin.py:188} INFO - [2026-07-06T17:58:32.736+0000] {dag.py:3089} INFO - Sync 1 DAGs
[2026-07-06T17:58:32.772+0000] {logging_mixin.py:188} INFO - [2026-07-06T17:58:32.772+0000] {dag.py:3947} INFO - Setting next_dagrun for minio_to_snowflake_ecommerce to 2026-07-06 17:57:00+00:00, run_after=2026-07-06 17:58:00+00:00
[2026-07-06T17:58:32.804+0000] {processor.py:183} INFO - Processing /opt/airflow/dags/minio_to_snowflake_dag.py took 1.921 seconds
[2026-07-06T17:59:03.402+0000] {processor.py:161} INFO - Started process (PID=55981) to work on /opt/airflow/dags/minio_to_snowflake_dag.py
[2026-07-06T17:59:03.405+0000] {processor.py:830} INFO - Processing file /opt/airflow/dags/minio_to_snowflake_dag.py for tasks to queue
[2026-07-06T17:59:03.411+0000] {logging_mixin.py:188} INFO - [2026-07-06T17:59:03.410+0000] {dagbag.py:545} INFO - Filling up the DagBag from /opt/airflow/dags/minio_to_snowflake_dag.py
[2026-07-06T17:59:04.554+0000] {processor.py:840} INFO - DAG(s) 'minio_to_snowflake_ecommerce' retrieved from /opt/airflow/dags/minio_to_snowflake_dag.py
[2026-07-06T17:59:04.647+0000] {logging_mixin.py:188} INFO - [2026-07-06T17:59:04.645+0000] {dag.py:3089} INFO - Sync 1 DAGs
[2026-07-06T17:59:04.743+0000] {logging_mixin.py:188} INFO - [2026-07-06T17:59:04.742+0000] {dag.py:3947} INFO - Setting next_dagrun for minio_to_snowflake_ecommerce to 2026-07-06 17:58:00+00:00, run_after=2026-07-06 17:59:00+00:00
[2026-07-06T17:59:04.820+0000] {processor.py:183} INFO - Processing /opt/airflow/dags/minio_to_snowflake_dag.py took 1.437 seconds
[2026-07-06T17:59:35.098+0000] {processor.py:161} INFO - Started process (PID=55985) to work on /opt/airflow/dags/minio_to_snowflake_dag.py
[2026-07-06T17:59:35.101+0000] {processor.py:830} INFO - Processing file /opt/airflow/dags/minio_to_snowflake_dag.py for tasks to queue
[2026-07-06T17:59:35.106+0000] {logging_mixin.py:188} INFO - [2026-07-06T17:59:35.105+0000] {dagbag.py:545} INFO - Filling up the DagBag from /opt/airflow/dags/minio_to_snowflake_dag.py
[2026-07-06T17:59:36.087+0000] {processor.py:840} INFO - DAG(s) 'minio_to_snowflake_ecommerce' retrieved from /opt/airflow/dags/minio_to_snowflake_dag.py
[2026-07-06T17:59:36.118+0000] {logging_mixin.py:188} INFO - [2026-07-06T17:59:36.117+0000] {dag.py:3089} INFO - Sync 1 DAGs
[2026-07-06T17:59:36.152+0000] {logging_mixin.py:188} INFO - [2026-07-06T17:59:36.152+0000] {dag.py:3947} INFO - Setting next_dagrun for minio_to_snowflake_ecommerce to 2026-07-06 17:58:00+00:00, run_after=2026-07-06 17:59:00+00:00
[2026-07-06T17:59:36.186+0000] {processor.py:183} INFO - Processing /opt/airflow/dags/minio_to_snowflake_dag.py took 1.106 seconds
[2026-07-06T18:00:06.501+0000] {processor.py:161} INFO - Started process (PID=55989) to work on /opt/airflow/dags/minio_to_snowflake_dag.py
[2026-07-06T18:00:06.503+0000] {processor.py:830} INFO - Processing file /opt/airflow/dags/minio_to_snowflake_dag.py for tasks to queue
[2026-07-06T18:00:06.507+0000] {logging_mixin.py:188} INFO - [2026-07-06T18:00:06.507+0000] {dagbag.py:545} INFO - Filling up the DagBag from /opt/airflow/dags/minio_to_snowflake_dag.py
[2026-07-06T18:00:07.435+0000] {processor.py:840} INFO - DAG(s) 'minio_to_snowflake_ecommerce' retrieved from /opt/airflow/dags/minio_to_snowflake_dag.py
[2026-07-06T18:00:07.477+0000] {logging_mixin.py:188} INFO - [2026-07-06T18:00:07.476+0000] {dag.py:3089} INFO - Sync 1 DAGs
[2026-07-06T18:00:07.507+0000] {logging_mixin.py:188} INFO - [2026-07-06T18:00:07.506+0000] {dag.py:3947} INFO - Setting next_dagrun for minio_to_snowflake_ecommerce to 2026-07-06 17:59:00+00:00, run_after=2026-07-06 18:00:00+00:00
[2026-07-06T18:00:07.532+0000] {processor.py:183} INFO - Processing /opt/airflow/dags/minio_to_snowflake_dag.py took 1.050 seconds
[2026-07-06T18:00:37.829+0000] {processor.py:161} INFO - Started process (PID=55993) to work on /opt/airflow/dags/minio_to_snowflake_dag.py
[2026-07-06T18:00:37.830+0000] {processor.py:830} INFO - Processing file /opt/airflow/dags/minio_to_snowflake_dag.py for tasks to queue
[2026-07-06T18:00:37.832+0000] {logging_mixin.py:188} INFO - [2026-07-06T18:00:37.832+0000] {dagbag.py:545} INFO - Filling up the DagBag from /opt/airflow/dags/minio_to_snowflake_dag.py
[2026-07-06T18:00:38.790+0000] {processor.py:840} INFO - DAG(s) 'minio_to_snowflake_ecommerce' retrieved from /opt/airflow/dags/minio_to_snowflake_dag.py
[2026-07-06T18:00:38.822+0000] {logging_mixin.py:188} INFO - [2026-07-06T18:00:38.821+0000] {dag.py:3089} INFO - Sync 1 DAGs
[2026-07-06T18:00:38.851+0000] {logging_mixin.py:188} INFO - [2026-07-06T18:00:38.851+0000] {dag.py:3947} INFO - Setting next_dagrun for minio_to_snowflake_ecommerce to 2026-07-06 17:59:00+00:00, run_after=2026-07-06 18:00:00+00:00
[2026-07-06T18:00:38.873+0000] {processor.py:183} INFO - Processing /opt/airflow/dags/minio_to_snowflake_dag.py took 1.052 seconds
[2026-07-06T18:01:09.146+0000] {processor.py:161} INFO - Started process (PID=55997) to work on /opt/airflow/dags/minio_to_snowflake_dag.py
[2026-07-06T18:01:09.147+0000] {processor.py:830} INFO - Processing file /opt/airflow/dags/minio_to_snowflake_dag.py for tasks to queue
[2026-07-06T18:01:09.150+0000] {logging_mixin.py:188} INFO - [2026-07-06T18:01:09.149+0000] {dagbag.py:545} INFO - Filling up the DagBag from /opt/airflow/dags/minio_to_snowflake_dag.py
[2026-07-06T18:01:10.059+0000] {processor.py:840} INFO - DAG(s) 'minio_to_snowflake_ecommerce' retrieved from /opt/airflow/dags/minio_to_snowflake_dag.py
[2026-07-06T18:01:10.093+0000] {logging_mixin.py:188} INFO - [2026-07-06T18:01:10.092+0000] {dag.py:3089} INFO - Sync 1 DAGs
[2026-07-06T18:01:10.122+0000] {logging_mixin.py:188} INFO - [2026-07-06T18:01:10.121+0000] {dag.py:3947} INFO - Setting next_dagrun for minio_to_snowflake_ecommerce to 2026-07-06 18:00:00+00:00, run_after=2026-07-06 18:01:00+00:00
[2026-07-06T18:01:10.154+0000] {processor.py:183} INFO - Processing /opt/airflow/dags/minio_to_snowflake_dag.py took 1.018 seconds
[2026-07-06T18:01:40.532+0000] {processor.py:161} INFO - Started process (PID=56001) to work on /opt/airflow/dags/minio_to_snowflake_dag.py
[2026-07-06T18:01:40.534+0000] {processor.py:830} INFO - Processing file /opt/airflow/dags/minio_to_snowflake_dag.py for tasks to queue
[2026-07-06T18:01:40.537+0000] {logging_mixin.py:188} INFO - [2026-07-06T18:01:40.536+0000] {dagbag.py:545} INFO - Filling up the DagBag from /opt/airflow/dags/minio_to_snowflake_dag.py
[2026-07-06T18:01:41.359+0000] {processor.py:840} INFO - DAG(s) 'minio_to_snowflake_ecommerce' retrieved from /opt/airflow/dags/minio_to_snowflake_dag.py
[2026-07-06T18:01:41.395+0000] {logging_mixin.py:188} INFO - [2026-07-06T18:01:41.395+0000] {dag.py:3089} INFO - Sync 1 DAGs
[2026-07-06T18:01:41.430+0000] {logging_mixin.py:188} INFO - [2026-07-06T18:01:41.430+0000] {dag.py:3947} INFO - Setting next_dagrun for minio_to_snowflake_ecommerce to 2026-07-06 18:00:00+00:00, run_after=2026-07-06 18:01:00+00:00
[2026-07-06T18:01:41.471+0000] {processor.py:183} INFO - Processing /opt/airflow/dags/minio_to_snowflake_dag.py took 0.947 seconds
[2026-07-06T18:02:11.844+0000] {processor.py:161} INFO - Started process (PID=56005) to work on /opt/airflow/dags/minio_to_snowflake_dag.py
[2026-07-06T18:02:11.845+0000] {processor.py:830} INFO - Processing file /opt/airflow/dags/minio_to_snowflake_dag.py for tasks to queue
[2026-07-06T18:02:11.848+0000] {logging_mixin.py:188} INFO - [2026-07-06T18:02:11.847+0000] {dagbag.py:545} INFO - Filling up the DagBag from /opt/airflow/dags/minio_to_snowflake_dag.py
[2026-07-06T18:02:12.698+0000] {processor.py:840} INFO - DAG(s) 'minio_to_snowflake_ecommerce' retrieved from /opt/airflow/dags/minio_to_snowflake_dag.py
[2026-07-06T18:02:12.730+0000] {logging_mixin.py:188} INFO - [2026-07-06T18:02:12.729+0000] {dag.py:3089} INFO - Sync 1 DAGs
[2026-07-06T18:02:12.756+0000] {logging_mixin.py:188} INFO - [2026-07-06T18:02:12.756+0000] {dag.py:3947} INFO - Setting next_dagrun for minio_to_snowflake_ecommerce to 2026-07-06 18:01:00+00:00, run_after=2026-07-06 18:02:00+00:00
[2026-07-06T18:02:12.779+0000] {processor.py:183} INFO - Processing /opt/airflow/dags/minio_to_snowflake_dag.py took 0.943 seconds
[2026-07-06T18:02:43.534+0000] {processor.py:161} INFO - Started process (PID=56011) to work on /opt/airflow/dags/minio_to_snowflake_dag.py
[2026-07-06T18:02:43.537+0000] {processor.py:830} INFO - Processing file /opt/airflow/dags/minio_to_snowflake_dag.py for tasks to queue
[2026-07-06T18:02:43.548+0000] {logging_mixin.py:188} INFO - [2026-07-06T18:02:43.545+0000] {dagbag.py:545} INFO - Filling up the DagBag from /opt/airflow/dags/minio_to_snowflake_dag.py
[2026-07-06T18:02:44.618+0000] {processor.py:840} INFO - DAG(s) 'minio_to_snowflake_ecommerce' retrieved from /opt/airflow/dags/minio_to_snowflake_dag.py
[2026-07-06T18:02:44.650+0000] {logging_mixin.py:188} INFO - [2026-07-06T18:02:44.649+0000] {dag.py:3089} INFO - Sync 1 DAGs
[2026-07-06T18:02:44.684+0000] {logging_mixin.py:188} INFO - [2026-07-06T18:02:44.683+0000] {dag.py:3947} INFO - Setting next_dagrun for minio_to_snowflake_ecommerce to 2026-07-06 18:01:00+00:00, run_after=2026-07-06 18:02:00+00:00
[2026-07-06T18:02:44.707+0000] {processor.py:183} INFO - Processing /opt/airflow/dags/minio_to_snowflake_dag.py took 1.207 seconds
[2026-07-06T18:03:15.221+0000] {processor.py:161} INFO - Started process (PID=56016) to work on /opt/airflow/dags/minio_to_snowflake_dag.py
[2026-07-06T18:03:15.223+0000] {processor.py:830} INFO - Processing file /opt/airflow/dags/minio_to_snowflake_dag.py for tasks to queue
[2026-07-06T18:03:15.226+0000] {logging_mixin.py:188} INFO - [2026-07-06T18:03:15.226+0000] {dagbag.py:545} INFO - Filling up the DagBag from /opt/airflow/dags/minio_to_snowflake_dag.py
[2026-07-06T18:03:16.195+0000] {processor.py:840} INFO - DAG(s) 'minio_to_snowflake_ecommerce' retrieved from /opt/airflow/dags/minio_to_snowflake_dag.py
[2026-07-06T18:03:16.234+0000] {logging_mixin.py:188} INFO - [2026-07-06T18:03:16.233+0000] {dag.py:3089} INFO - Sync 1 DAGs
[2026-07-06T18:03:16.273+0000] {logging_mixin.py:188} INFO - [2026-07-06T18:03:16.272+0000] {dag.py:3947} INFO - Setting next_dagrun for minio_to_snowflake_ecommerce to 2026-07-06 18:02:00+00:00, run_after=2026-07-06 18:03:00+00:00
[2026-07-06T18:03:16.307+0000] {processor.py:183} INFO - Processing /opt/airflow/dags/minio_to_snowflake_dag.py took 1.102 seconds
[2026-07-06T18:03:46.909+0000] {processor.py:161} INFO - Started process (PID=56022) to work on /opt/airflow/dags/minio_to_snowflake_dag.py
[2026-07-06T18:03:46.911+0000] {processor.py:830} INFO - Processing file /opt/airflow/dags/minio_to_snowflake_dag.py for tasks to queue
[2026-07-06T18:03:46.915+0000] {logging_mixin.py:188} INFO - [2026-07-06T18:03:46.915+0000] {dagbag.py:545} INFO - Filling up the DagBag from /opt/airflow/dags/minio_to_snowflake_dag.py
[2026-07-06T18:03:47.769+0000] {processor.py:840} INFO - DAG(s) 'minio_to_snowflake_ecommerce' retrieved from /opt/airflow/dags/minio_to_snowflake_dag.py
[2026-07-06T18:03:47.805+0000] {logging_mixin.py:188} INFO - [2026-07-06T18:03:47.804+0000] {dag.py:3089} INFO - Sync 1 DAGs
[2026-07-06T18:03:47.849+0000] {logging_mixin.py:188} INFO - [2026-07-06T18:03:47.848+0000] {dag.py:3947} INFO - Setting next_dagrun for minio_to_snowflake_ecommerce to 2026-07-06 18:02:00+00:00, run_after=2026-07-06 18:03:00+00:00
[2026-07-06T18:03:47.876+0000] {processor.py:183} INFO - Processing /opt/airflow/dags/minio_to_snowflake_dag.py took 0.990 seconds
[2026-07-06T18:04:18.353+0000] {processor.py:161} INFO - Started process (PID=56027) to work on /opt/airflow/dags/minio_to_snowflake_dag.py
[2026-07-06T18:04:18.354+0000] {processor.py:830} INFO - Processing file /opt/airflow/dags/minio_to_snowflake_dag.py for tasks to queue
[2026-07-06T18:04:18.357+0000] {logging_mixin.py:188} INFO - [2026-07-06T18:04:18.356+0000] {dagbag.py:545} INFO - Filling up the DagBag from /opt/airflow/dags/minio_to_snowflake_dag.py
[2026-07-06T18:04:19.244+0000] {processor.py:840} INFO - DAG(s) 'minio_to_snowflake_ecommerce' retrieved from /opt/airflow/dags/minio_to_snowflake_dag.py
[2026-07-06T18:04:19.275+0000] {logging_mixin.py:188} INFO - [2026-07-06T18:04:19.274+0000] {dag.py:3089} INFO - Sync 1 DAGs
[2026-07-06T18:04:19.306+0000] {logging_mixin.py:188} INFO - [2026-07-06T18:04:19.305+0000] {dag.py:3947} INFO - Setting next_dagrun for minio_to_snowflake_ecommerce to 2026-07-06 18:03:00+00:00, run_after=2026-07-06 18:04:00+00:00
[2026-07-06T18:04:19.330+0000] {processor.py:183} INFO - Processing /opt/airflow/dags/minio_to_snowflake_dag.py took 0.985 seconds
[2026-07-06T18:04:49.899+0000] {processor.py:161} INFO - Started process (PID=56032) to work on /opt/airflow/dags/minio_to_snowflake_dag.py
[2026-07-06T18:04:49.902+0000] {processor.py:830} INFO - Processing file /opt/airflow/dags/minio_to_snowflake_dag.py for tasks to queue
[2026-07-06T18:04:49.907+0000] {logging_mixin.py:188} INFO - [2026-07-06T18:04:49.906+0000] {dagbag.py:545} INFO - Filling up the DagBag from /opt/airflow/dags/minio_to_snowflake_dag.py
[2026-07-06T18:04:50.824+0000] {processor.py:840} INFO - DAG(s) 'minio_to_snowflake_ecommerce' retrieved from /opt/airflow/dags/minio_to_snowflake_dag.py
[2026-07-06T18:04:50.860+0000] {logging_mixin.py:188} INFO - [2026-07-06T18:04:50.859+0000] {dag.py:3089} INFO - Sync 1 DAGs
[2026-07-06T18:04:50.896+0000] {logging_mixin.py:188} INFO - [2026-07-06T18:04:50.896+0000] {dag.py:3947} INFO - Setting next_dagrun for minio_to_snowflake_ecommerce to 2026-07-06 18:03:00+00:00, run_after=2026-07-06 18:04:00+00:00
[2026-07-06T18:04:50.927+0000] {processor.py:183} INFO - Processing /opt/airflow/dags/minio_to_snowflake_dag.py took 1.048 seconds
[2026-07-06T18:05:21.497+0000] {processor.py:161} INFO - Started process (PID=56037) to work on /opt/airflow/dags/minio_to_snowflake_dag.py
[2026-07-06T18:05:21.499+0000] {processor.py:830} INFO - Processing file /opt/airflow/dags/minio_to_snowflake_dag.py for tasks to queue
[2026-07-06T18:05:21.505+0000] {logging_mixin.py:188} INFO - [2026-07-06T18:05:21.504+0000] {dagbag.py:545} INFO - Filling up the DagBag from /opt/airflow/dags/minio_to_snowflake_dag.py
[2026-07-06T18:05:22.498+0000] {processor.py:840} INFO - DAG(s) 'minio_to_snowflake_ecommerce' retrieved from /opt/airflow/dags/minio_to_snowflake_dag.py
[2026-07-06T18:05:22.534+0000] {logging_mixin.py:188} INFO - [2026-07-06T18:05:22.534+0000] {dag.py:3089} INFO - Sync 1 DAGs
[2026-07-06T18:05:22.570+0000] {logging_mixin.py:188} INFO - [2026-07-06T18:05:22.570+0000] {dag.py:3947} INFO - Setting next_dagrun for minio_to_snowflake_ecommerce to 2026-07-06 18:04:00+00:00, run_after=2026-07-06 18:05:00+00:00
[2026-07-06T18:05:22.599+0000] {processor.py:183} INFO - Processing /opt/airflow/dags/minio_to_snowflake_dag.py took 1.118 seconds
[2026-07-06T18:05:53.290+0000] {processor.py:161} INFO - Started process (PID=56043) to work on /opt/airflow/dags/minio_to_snowflake_dag.py
[2026-07-06T18:05:53.292+0000] {processor.py:830} INFO - Processing file /opt/airflow/dags/minio_to_snowflake_dag.py for tasks to queue
[2026-07-06T18:05:53.295+0000] {logging_mixin.py:188} INFO - [2026-07-06T18:05:53.294+0000] {dagbag.py:545} INFO - Filling up the DagBag from /opt/airflow/dags/minio_to_snowflake_dag.py
[2026-07-06T18:05:54.552+0000] {processor.py:840} INFO - DAG(s) 'minio_to_snowflake_ecommerce' retrieved from /opt/airflow/dags/minio_to_snowflake_dag.py
[2026-07-06T18:05:54.594+0000] {logging_mixin.py:188} INFO - [2026-07-06T18:05:54.593+0000] {dag.py:3089} INFO - Sync 1 DAGs
[2026-07-06T18:05:54.627+0000] {logging_mixin.py:188} INFO - [2026-07-06T18:05:54.626+0000] {dag.py:3947} INFO - Setting next_dagrun for minio_to_snowflake_ecommerce to 2026-07-06 18:04:00+00:00, run_after=2026-07-06 18:05:00+00:00
[2026-07-06T18:05:54.653+0000] {processor.py:183} INFO - Processing /opt/airflow/dags/minio_to_snowflake_dag.py took 1.373 seconds
[2026-07-06T18:06:25.394+0000] {processor.py:161} INFO - Started process (PID=56048) to work on /opt/airflow/dags/minio_to_snowflake_dag.py
[2026-07-06T18:06:25.399+0000] {processor.py:830} INFO - Processing file /opt/airflow/dags/minio_to_snowflake_dag.py for tasks to queue
[2026-07-06T18:06:25.409+0000] {logging_mixin.py:188} INFO - [2026-07-06T18:06:25.407+0000] {dagbag.py:545} INFO - Filling up the DagBag from /opt/airflow/dags/minio_to_snowflake_dag.py
[2026-07-06T18:06:26.403+0000] {processor.py:840} INFO - DAG(s) 'minio_to_snowflake_ecommerce' retrieved from /opt/airflow/dags/minio_to_snowflake_dag.py
[2026-07-06T18:06:26.445+0000] {logging_mixin.py:188} INFO - [2026-07-06T18:06:26.445+0000] {dag.py:3089} INFO - Sync 1 DAGs
[2026-07-06T18:06:26.475+0000] {logging_mixin.py:188} INFO - [2026-07-06T18:06:26.474+0000] {dag.py:3947} INFO - Setting next_dagrun for minio_to_snowflake_ecommerce to 2026-07-06 18:05:00+00:00, run_after=2026-07-06 18:06:00+00:00
[2026-07-06T18:06:26.500+0000] {processor.py:183} INFO - Processing /opt/airflow/dags/minio_to_snowflake_dag.py took 1.141 seconds
[2026-07-06T18:06:57.067+0000] {processor.py:161} INFO - Started process (PID=56053) to work on /opt/airflow/dags/minio_to_snowflake_dag.py
[2026-07-06T18:06:57.069+0000] {processor.py:830} INFO - Processing file /opt/airflow/dags/minio_to_snowflake_dag.py for tasks to queue
[2026-07-06T18:06:57.073+0000] {logging_mixin.py:188} INFO - [2026-07-06T18:06:57.072+0000] {dagbag.py:545} INFO - Filling up the DagBag from /opt/airflow/dags/minio_to_snowflake_dag.py
[2026-07-06T18:06:57.940+0000] {processor.py:840} INFO - DAG(s) 'minio_to_snowflake_ecommerce' retrieved from /opt/airflow/dags/minio_to_snowflake_dag.py
[2026-07-06T18:06:57.974+0000] {logging_mixin.py:188} INFO - [2026-07-06T18:06:57.973+0000] {dag.py:3089} INFO - Sync 1 DAGs
[2026-07-06T18:06:58.002+0000] {logging_mixin.py:188} INFO - [2026-07-06T18:06:58.001+0000] {dag.py:3947} INFO - Setting next_dagrun for minio_to_snowflake_ecommerce to 2026-07-06 18:05:00+00:00, run_after=2026-07-06 18:06:00+00:00
[2026-07-06T18:06:58.028+0000] {processor.py:183} INFO - Processing /opt/airflow/dags/minio_to_snowflake_dag.py took 0.977 seconds
[2026-07-06T18:07:28.444+0000] {processor.py:161} INFO - Started process (PID=56058) to work on /opt/airflow/dags/minio_to_snowflake_dag.py
[2026-07-06T18:07:28.447+0000] {processor.py:830} INFO - Processing file /opt/airflow/dags/minio_to_snowflake_dag.py for tasks to queue
[2026-07-06T18:07:28.452+0000] {logging_mixin.py:188} INFO - [2026-07-06T18:07:28.451+0000] {dagbag.py:545} INFO - Filling up the DagBag from /opt/airflow/dags/minio_to_snowflake_dag.py
[2026-07-06T18:07:29.344+0000] {processor.py:840} INFO - DAG(s) 'minio_to_snowflake_ecommerce' retrieved from /opt/airflow/dags/minio_to_snowflake_dag.py
[2026-07-06T18:07:29.376+0000] {logging_mixin.py:188} INFO - [2026-07-06T18:07:29.376+0000] {dag.py:3089} INFO - Sync 1 DAGs
[2026-07-06T18:07:29.403+0000] {logging_mixin.py:188} INFO - [2026-07-06T18:07:29.403+0000] {dag.py:3947} INFO - Setting next_dagrun for minio_to_snowflake_ecommerce to 2026-07-06 18:06:00+00:00, run_after=2026-07-06 18:07:00+00:00
[2026-07-06T18:07:29.427+0000] {processor.py:183} INFO - Processing /opt/airflow/dags/minio_to_snowflake_dag.py took 0.999 seconds
[2026-07-06T18:07:59.875+0000] {processor.py:161} INFO - Started process (PID=56063) to work on /opt/airflow/dags/minio_to_snowflake_dag.py
[2026-07-06T18:07:59.877+0000] {processor.py:830} INFO - Processing file /opt/airflow/dags/minio_to_snowflake_dag.py for tasks to queue
[2026-07-06T18:07:59.881+0000] {logging_mixin.py:188} INFO - [2026-07-06T18:07:59.880+0000] {dagbag.py:545} INFO - Filling up the DagBag from /opt/airflow/dags/minio_to_snowflake_dag.py
[2026-07-06T18:08:00.932+0000] {processor.py:840} INFO - DAG(s) 'minio_to_snowflake_ecommerce' retrieved from /opt/airflow/dags/minio_to_snowflake_dag.py
[2026-07-06T18:08:00.965+0000] {logging_mixin.py:188} INFO - [2026-07-06T18:08:00.964+0000] {dag.py:3089} INFO - Sync 1 DAGs
[2026-07-06T18:08:00.997+0000] {logging_mixin.py:188} INFO - [2026-07-06T18:08:00.997+0000] {dag.py:3947} INFO - Setting next_dagrun for minio_to_snowflake_ecommerce to 2026-07-06 18:07:00+00:00, run_after=2026-07-06 18:08:00+00:00
[2026-07-06T18:08:01.025+0000] {processor.py:183} INFO - Processing /opt/airflow/dags/minio_to_snowflake_dag.py took 1.159 seconds
[2026-07-06T18:08:31.506+0000] {processor.py:161} INFO - Started process (PID=56068) to work on /opt/airflow/dags/minio_to_snowflake_dag.py
[2026-07-06T18:08:31.508+0000] {processor.py:830} INFO - Processing file /opt/airflow/dags/minio_to_snowflake_dag.py for tasks to queue
[2026-07-06T18:08:31.511+0000] {logging_mixin.py:188} INFO - [2026-07-06T18:08:31.511+0000] {dagbag.py:545} INFO - Filling up the DagBag from /opt/airflow/dags/minio_to_snowflake_dag.py
[2026-07-06T18:08:32.459+0000] {processor.py:840} INFO - DAG(s) 'minio_to_snowflake_ecommerce' retrieved from /opt/airflow/dags/minio_to_snowflake_dag.py
[2026-07-06T18:08:32.489+0000] {logging_mixin.py:188} INFO - [2026-07-06T18:08:32.489+0000] {dag.py:3089} INFO - Sync 1 DAGs
[2026-07-06T18:08:32.516+0000] {logging_mixin.py:188} INFO - [2026-07-06T18:08:32.516+0000] {dag.py:3947} INFO - Setting next_dagrun for minio_to_snowflake_ecommerce to 2026-07-06 18:07:00+00:00, run_after=2026-07-06 18:08:00+00:00
[2026-07-06T18:08:32.538+0000] {processor.py:183} INFO - Processing /opt/airflow/dags/minio_to_snowflake_dag.py took 1.050 seconds
[2026-07-06T18:09:02.990+0000] {processor.py:161} INFO - Started process (PID=56073) to work on /opt/airflow/dags/minio_to_snowflake_dag.py
[2026-07-06T18:09:02.992+0000] {processor.py:830} INFO - Processing file /opt/airflow/dags/minio_to_snowflake_dag.py for tasks to queue
[2026-07-06T18:09:02.994+0000] {logging_mixin.py:188} INFO - [2026-07-06T18:09:02.994+0000] {dagbag.py:545} INFO - Filling up the DagBag from /opt/airflow/dags/minio_to_snowflake_dag.py
[2026-07-06T18:09:04.033+0000] {processor.py:840} INFO - DAG(s) 'minio_to_snowflake_ecommerce' retrieved from /opt/airflow/dags/minio_to_snowflake_dag.py
[2026-07-06T18:09:04.069+0000] {logging_mixin.py:188} INFO - [2026-07-06T18:09:04.068+0000] {dag.py:3089} INFO - Sync 1 DAGs
[2026-07-06T18:09:04.098+0000] {logging_mixin.py:188} INFO - [2026-07-06T18:09:04.098+0000] {dag.py:3947} INFO - Setting next_dagrun for minio_to_snowflake_ecommerce to 2026-07-06 18:08:00+00:00, run_after=2026-07-06 18:09:00+00:00
[2026-07-06T18:09:04.124+0000] {processor.py:183} INFO - Processing /opt/airflow/dags/minio_to_snowflake_dag.py took 1.144 seconds
[2026-07-06T18:09:34.854+0000] {processor.py:161} INFO - Started process (PID=56079) to work on /opt/airflow/dags/minio_to_snowflake_dag.py
[2026-07-06T18:09:34.858+0000] {processor.py:830} INFO - Processing file /opt/airflow/dags/minio_to_snowflake_dag.py for tasks to queue
[2026-07-06T18:09:34.863+0000] {logging_mixin.py:188} INFO - [2026-07-06T18:09:34.862+0000] {dagbag.py:545} INFO - Filling up the DagBag from /opt/airflow/dags/minio_to_snowflake_dag.py
[2026-07-06T18:09:36.661+0000] {processor.py:840} INFO - DAG(s) 'minio_to_snowflake_ecommerce' retrieved from /opt/airflow/dags/minio_to_snowflake_dag.py
[2026-07-06T18:09:36.712+0000] {logging_mixin.py:188} INFO - [2026-07-06T18:09:36.710+0000] {dag.py:3089} INFO - Sync 1 DAGs
[2026-07-06T18:09:36.761+0000] {logging_mixin.py:188} INFO - [2026-07-06T18:09:36.761+0000] {dag.py:3947} INFO - Setting next_dagrun for minio_to_snowflake_ecommerce to 2026-07-06 18:08:00+00:00, run_after=2026-07-06 18:09:00+00:00
[2026-07-06T18:09:36.802+0000] {processor.py:183} INFO - Processing /opt/airflow/dags/minio_to_snowflake_dag.py took 1.963 seconds
[2026-07-06T18:10:07.580+0000] {processor.py:161} INFO - Started process (PID=56084) to work on /opt/airflow/dags/minio_to_snowflake_dag.py
[2026-07-06T18:10:07.584+0000] {processor.py:830} INFO - Processing file /opt/airflow/dags/minio_to_snowflake_dag.py for tasks to queue
[2026-07-06T18:10:07.591+0000] {logging_mixin.py:188} INFO - [2026-07-06T18:10:07.590+0000] {dagbag.py:545} INFO - Filling up the DagBag from /opt/airflow/dags/minio_to_snowflake_dag.py
[2026-07-06T18:10:08.774+0000] {processor.py:840} INFO - DAG(s) 'minio_to_snowflake_ecommerce' retrieved from /opt/airflow/dags/minio_to_snowflake_dag.py
[2026-07-06T18:10:08.813+0000] {logging_mixin.py:188} INFO - [2026-07-06T18:10:08.812+0000] {dag.py:3089} INFO - Sync 1 DAGs
[2026-07-06T18:10:08.843+0000] {logging_mixin.py:188} INFO - [2026-07-06T18:10:08.843+0000] {dag.py:3947} INFO - Setting next_dagrun for minio_to_snowflake_ecommerce to 2026-07-06 18:09:00+00:00, run_after=2026-07-06 18:10:00+00:00
[2026-07-06T18:10:08.879+0000] {processor.py:183} INFO - Processing /opt/airflow/dags/minio_to_snowflake_dag.py took 1.321 seconds
[2026-07-06T18:10:39.593+0000] {processor.py:161} INFO - Started process (PID=56089) to work on /opt/airflow/dags/minio_to_snowflake_dag.py
[2026-07-06T18:10:39.595+0000] {processor.py:830} INFO - Processing file /opt/airflow/dags/minio_to_snowflake_dag.py for tasks to queue
[2026-07-06T18:10:39.601+0000] {logging_mixin.py:188} INFO - [2026-07-06T18:10:39.600+0000] {dagbag.py:545} INFO - Filling up the DagBag from /opt/airflow/dags/minio_to_snowflake_dag.py
[2026-07-06T18:10:40.804+0000] {processor.py:840} INFO - DAG(s) 'minio_to_snowflake_ecommerce' retrieved from /opt/airflow/dags/minio_to_snowflake_dag.py
[2026-07-06T18:10:40.844+0000] {logging_mixin.py:188} INFO - [2026-07-06T18:10:40.844+0000] {dag.py:3089} INFO - Sync 1 DAGs
[2026-07-06T18:10:40.876+0000] {logging_mixin.py:188} INFO - [2026-07-06T18:10:40.875+0000] {dag.py:3947} INFO - Setting next_dagrun for minio_to_snowflake_ecommerce to 2026-07-06 18:09:00+00:00, run_after=2026-07-06 18:10:00+00:00
[2026-07-06T18:10:40.903+0000] {processor.py:183} INFO - Processing /opt/airflow/dags/minio_to_snowflake_dag.py took 1.326 seconds
[2026-07-06T18:11:11.267+0000] {processor.py:161} INFO - Started process (PID=56094) to work on /opt/airflow/dags/minio_to_snowflake_dag.py
[2026-07-06T18:11:11.270+0000] {processor.py:830} INFO - Processing file /opt/airflow/dags/minio_to_snowflake_dag.py for tasks to queue
[2026-07-06T18:11:11.275+0000] {logging_mixin.py:188} INFO - [2026-07-06T18:11:11.274+0000] {dagbag.py:545} INFO - Filling up the DagBag from /opt/airflow/dags/minio_to_snowflake_dag.py
[2026-07-06T18:11:12.257+0000] {processor.py:840} INFO - DAG(s) 'minio_to_snowflake_ecommerce' retrieved from /opt/airflow/dags/minio_to_snowflake_dag.py
[2026-07-06T18:11:12.288+0000] {logging_mixin.py:188} INFO - [2026-07-06T18:11:12.288+0000] {dag.py:3089} INFO - Sync 1 DAGs
[2026-07-06T18:11:12.316+0000] {logging_mixin.py:188} INFO - [2026-07-06T18:11:12.316+0000] {dag.py:3947} INFO - Setting next_dagrun for minio_to_snowflake_ecommerce to 2026-07-06 18:10:00+00:00, run_after=2026-07-06 18:11:00+00:00
[2026-07-06T18:11:12.343+0000] {processor.py:183} INFO - Processing /opt/airflow/dags/minio_to_snowflake_dag.py took 1.096 seconds
[2026-07-06T18:11:42.850+0000] {processor.py:161} INFO - Started process (PID=56099) to work on /opt/airflow/dags/minio_to_snowflake_dag.py
[2026-07-06T18:11:42.852+0000] {processor.py:830} INFO - Processing file /opt/airflow/dags/minio_to_snowflake_dag.py for tasks to queue
[2026-07-06T18:11:42.854+0000] {logging_mixin.py:188} INFO - [2026-07-06T18:11:42.854+0000] {dagbag.py:545} INFO - Filling up the DagBag from /opt/airflow/dags/minio_to_snowflake_dag.py
[2026-07-06T18:11:43.760+0000] {processor.py:840} INFO - DAG(s) 'minio_to_snowflake_ecommerce' retrieved from /opt/airflow/dags/minio_to_snowflake_dag.py
[2026-07-06T18:11:43.796+0000] {logging_mixin.py:188} INFO - [2026-07-06T18:11:43.795+0000] {dag.py:3089} INFO - Sync 1 DAGs
[2026-07-06T18:11:43.825+0000] {logging_mixin.py:188} INFO - [2026-07-06T18:11:43.825+0000] {dag.py:3947} INFO - Setting next_dagrun for minio_to_snowflake_ecommerce to 2026-07-06 18:10:00+00:00, run_after=2026-07-06 18:11:00+00:00
[2026-07-06T18:11:43.853+0000] {processor.py:183} INFO - Processing /opt/airflow/dags/minio_to_snowflake_dag.py took 1.013 seconds
[2026-07-06T18:12:14.722+0000] {processor.py:161} INFO - Started process (PID=56106) to work on /opt/airflow/dags/minio_to_snowflake_dag.py
[2026-07-06T18:12:14.727+0000] {processor.py:830} INFO - Processing file /opt/airflow/dags/minio_to_snowflake_dag.py for tasks to queue
[2026-07-06T18:12:14.738+0000] {logging_mixin.py:188} INFO - [2026-07-06T18:12:14.736+0000] {dagbag.py:545} INFO - Filling up the DagBag from /opt/airflow/dags/minio_to_snowflake_dag.py
[2026-07-06T18:12:15.709+0000] {processor.py:840} INFO - DAG(s) 'minio_to_snowflake_ecommerce' retrieved from /opt/airflow/dags/minio_to_snowflake_dag.py
[2026-07-06T18:12:15.742+0000] {logging_mixin.py:188} INFO - [2026-07-06T18:12:15.741+0000] {dag.py:3089} INFO - Sync 1 DAGs
[2026-07-06T18:12:15.774+0000] {logging_mixin.py:188} INFO - [2026-07-06T18:12:15.774+0000] {dag.py:3947} INFO - Setting next_dagrun for minio_to_snowflake_ecommerce to 2026-07-06 18:11:00+00:00, run_after=2026-07-06 18:12:00+00:00
[2026-07-06T18:12:15.808+0000] {processor.py:183} INFO - Processing /opt/airflow/dags/minio_to_snowflake_dag.py took 1.117 seconds
[2026-07-06T18:12:46.416+0000] {processor.py:161} INFO - Started process (PID=56111) to work on /opt/airflow/dags/minio_to_snowflake_dag.py
[2026-07-06T18:12:46.419+0000] {processor.py:830} INFO - Processing file /opt/airflow/dags/minio_to_snowflake_dag.py for tasks to queue
[2026-07-06T18:12:46.425+0000] {logging_mixin.py:188} INFO - [2026-07-06T18:12:46.424+0000] {dagbag.py:545} INFO - Filling up the DagBag from /opt/airflow/dags/minio_to_snowflake_dag.py
[2026-07-06T18:12:47.300+0000] {processor.py:840} INFO - DAG(s) 'minio_to_snowflake_ecommerce' retrieved from /opt/airflow/dags/minio_to_snowflake_dag.py
[2026-07-06T18:12:47.347+0000] {logging_mixin.py:188} INFO - [2026-07-06T18:12:47.346+0000] {dag.py:3089} INFO - Sync 1 DAGs
[2026-07-06T18:12:47.386+0000] {logging_mixin.py:188} INFO - [2026-07-06T18:12:47.386+0000] {dag.py:3947} INFO - Setting next_dagrun for minio_to_snowflake_ecommerce to 2026-07-06 18:11:00+00:00, run_after=2026-07-06 18:12:00+00:00
[2026-07-06T18:12:47.415+0000] {processor.py:183} INFO - Processing /opt/airflow/dags/minio_to_snowflake_dag.py took 1.017 seconds
[2026-07-06T18:13:17.941+0000] {processor.py:161} INFO - Started process (PID=56116) to work on /opt/airflow/dags/minio_to_snowflake_dag.py
[2026-07-06T18:13:17.943+0000] {processor.py:830} INFO - Processing file /opt/airflow/dags/minio_to_snowflake_dag.py for tasks to queue
[2026-07-06T18:13:17.946+0000] {logging_mixin.py:188} INFO - [2026-07-06T18:13:17.945+0000] {dagbag.py:545} INFO - Filling up the DagBag from /opt/airflow/dags/minio_to_snowflake_dag.py
[2026-07-06T18:13:18.817+0000] {processor.py:840} INFO - DAG(s) 'minio_to_snowflake_ecommerce' retrieved from /opt/airflow/dags/minio_to_snowflake_dag.py
[2026-07-06T18:13:18.852+0000] {logging_mixin.py:188} INFO - [2026-07-06T18:13:18.851+0000] {dag.py:3089} INFO - Sync 1 DAGs
[2026-07-06T18:13:18.881+0000] {logging_mixin.py:188} INFO - [2026-07-06T18:13:18.880+0000] {dag.py:3947} INFO - Setting next_dagrun for minio_to_snowflake_ecommerce to 2026-07-06 18:12:00+00:00, run_after=2026-07-06 18:13:00+00:00
[2026-07-06T18:13:18.908+0000] {processor.py:183} INFO - Processing /opt/airflow/dags/minio_to_snowflake_dag.py took 0.974 seconds
[2026-07-06T18:13:49.710+0000] {processor.py:161} INFO - Started process (PID=56121) to work on /opt/airflow/dags/minio_to_snowflake_dag.py
[2026-07-06T18:13:49.715+0000] {processor.py:830} INFO - Processing file /opt/airflow/dags/minio_to_snowflake_dag.py for tasks to queue
[2026-07-06T18:13:49.722+0000] {logging_mixin.py:188} INFO - [2026-07-06T18:13:49.721+0000] {dagbag.py:545} INFO - Filling up the DagBag from /opt/airflow/dags/minio_to_snowflake_dag.py
[2026-07-06T18:13:51.106+0000] {processor.py:840} INFO - DAG(s) 'minio_to_snowflake_ecommerce' retrieved from /opt/airflow/dags/minio_to_snowflake_dag.py
[2026-07-06T18:13:51.161+0000] {logging_mixin.py:188} INFO - [2026-07-06T18:13:51.161+0000] {dag.py:3089} INFO - Sync 1 DAGs
[2026-07-06T18:13:51.208+0000] {logging_mixin.py:188} INFO - [2026-07-06T18:13:51.207+0000] {dag.py:3947} INFO - Setting next_dagrun for minio_to_snowflake_ecommerce to 2026-07-06 18:12:00+00:00, run_after=2026-07-06 18:13:00+00:00
[2026-07-06T18:13:51.245+0000] {processor.py:183} INFO - Processing /opt/airflow/dags/minio_to_snowflake_dag.py took 1.554 seconds
[2026-07-06T18:14:21.571+0000] {processor.py:161} INFO - Started process (PID=56126) to work on /opt/airflow/dags/minio_to_snowflake_dag.py
[2026-07-06T18:14:21.573+0000] {processor.py:830} INFO - Processing file /opt/airflow/dags/minio_to_snowflake_dag.py for tasks to queue
[2026-07-06T18:14:21.576+0000] {logging_mixin.py:188} INFO - [2026-07-06T18:14:21.576+0000] {dagbag.py:545} INFO - Filling up the DagBag from /opt/airflow/dags/minio_to_snowflake_dag.py
[2026-07-06T18:14:22.434+0000] {processor.py:840} INFO - DAG(s) 'minio_to_snowflake_ecommerce' retrieved from /opt/airflow/dags/minio_to_snowflake_dag.py
[2026-07-06T18:14:22.494+0000] {logging_mixin.py:188} INFO - [2026-07-06T18:14:22.493+0000] {dag.py:3089} INFO - Sync 1 DAGs
[2026-07-06T18:14:22.553+0000] {logging_mixin.py:188} INFO - [2026-07-06T18:14:22.552+0000] {dag.py:3947} INFO - Setting next_dagrun for minio_to_snowflake_ecommerce to 2026-07-06 18:13:00+00:00, run_after=2026-07-06 18:14:00+00:00
[2026-07-06T18:14:22.589+0000] {processor.py:183} INFO - Processing /opt/airflow/dags/minio_to_snowflake_dag.py took 1.029 seconds
[2026-07-06T18:14:53.159+0000] {processor.py:161} INFO - Started process (PID=56131) to work on /opt/airflow/dags/minio_to_snowflake_dag.py
[2026-07-06T18:14:53.160+0000] {processor.py:830} INFO - Processing file /opt/airflow/dags/minio_to_snowflake_dag.py for tasks to queue
[2026-07-06T18:14:53.165+0000] {logging_mixin.py:188} INFO - [2026-07-06T18:14:53.164+0000] {dagbag.py:545} INFO - Filling up the DagBag from /opt/airflow/dags/minio_to_snowflake_dag.py
[2026-07-06T18:14:54.370+0000] {processor.py:840} INFO - DAG(s) 'minio_to_snowflake_ecommerce' retrieved from /opt/airflow/dags/minio_to_snowflake_dag.py
[2026-07-06T18:14:54.433+0000] {logging_mixin.py:188} INFO - [2026-07-06T18:14:54.432+0000] {dag.py:3089} INFO - Sync 1 DAGs
[2026-07-06T18:14:54.487+0000] {logging_mixin.py:188} INFO - [2026-07-06T18:14:54.487+0000] {dag.py:3947} INFO - Setting next_dagrun for minio_to_snowflake_ecommerce to 2026-07-06 18:13:00+00:00, run_after=2026-07-06 18:14:00+00:00
[2026-07-06T18:14:54.522+0000] {processor.py:183} INFO - Processing /opt/airflow/dags/minio_to_snowflake_dag.py took 1.372 seconds
[2026-07-06T18:15:25.125+0000] {processor.py:161} INFO - Started process (PID=56136) to work on /opt/airflow/dags/minio_to_snowflake_dag.py
[2026-07-06T18:15:25.133+0000] {processor.py:830} INFO - Processing file /opt/airflow/dags/minio_to_snowflake_dag.py for tasks to queue
[2026-07-06T18:15:25.140+0000] {logging_mixin.py:188} INFO - [2026-07-06T18:15:25.139+0000] {dagbag.py:545} INFO - Filling up the DagBag from /opt/airflow/dags/minio_to_snowflake_dag.py
[2026-07-06T18:15:26.612+0000] {processor.py:840} INFO - DAG(s) 'minio_to_snowflake_ecommerce' retrieved from /opt/airflow/dags/minio_to_snowflake_dag.py
[2026-07-06T18:15:26.647+0000] {logging_mixin.py:188} INFO - [2026-07-06T18:15:26.647+0000] {dag.py:3089} INFO - Sync 1 DAGs
[2026-07-06T18:15:26.680+0000] {logging_mixin.py:188} INFO - [2026-07-06T18:15:26.680+0000] {dag.py:3947} INFO - Setting next_dagrun for minio_to_snowflake_ecommerce to 2026-07-06 18:14:00+00:00, run_after=2026-07-06 18:15:00+00:00
[2026-07-06T18:15:26.708+0000] {processor.py:183} INFO - Processing /opt/airflow/dags/minio_to_snowflake_dag.py took 1.609 seconds
[2026-07-06T18:15:57.252+0000] {processor.py:161} INFO - Started process (PID=56141) to work on /opt/airflow/dags/minio_to_snowflake_dag.py
[2026-07-06T18:15:57.254+0000] {processor.py:830} INFO - Processing file /opt/airflow/dags/minio_to_snowflake_dag.py for tasks to queue
[2026-07-06T18:15:57.258+0000] {logging_mixin.py:188} INFO - [2026-07-06T18:15:57.258+0000] {dagbag.py:545} INFO - Filling up the DagBag from /opt/airflow/dags/minio_to_snowflake_dag.py
[2026-07-06T18:15:58.201+0000] {processor.py:840} INFO - DAG(s) 'minio_to_snowflake_ecommerce' retrieved from /opt/airflow/dags/minio_to_snowflake_dag.py
[2026-07-06T18:15:58.252+0000] {logging_mixin.py:188} INFO - [2026-07-06T18:15:58.251+0000] {dag.py:3089} INFO - Sync 1 DAGs
[2026-07-06T18:15:58.283+0000] {logging_mixin.py:188} INFO - [2026-07-06T18:15:58.283+0000] {dag.py:3947} INFO - Setting next_dagrun for minio_to_snowflake_ecommerce to 2026-07-06 18:14:00+00:00, run_after=2026-07-06 18:15:00+00:00
[2026-07-06T18:15:58.313+0000] {processor.py:183} INFO - Processing /opt/airflow/dags/minio_to_snowflake_dag.py took 1.078 seconds
[2026-07-06T18:16:28.752+0000] {processor.py:161} INFO - Started process (PID=56146) to work on /opt/airflow/dags/minio_to_snowflake_dag.py
[2026-07-06T18:16:28.755+0000] {processor.py:830} INFO - Processing file /opt/airflow/dags/minio_to_snowflake_dag.py for tasks to queue
[2026-07-06T18:16:28.758+0000] {logging_mixin.py:188} INFO - [2026-07-06T18:16:28.757+0000] {dagbag.py:545} INFO - Filling up the DagBag from /opt/airflow/dags/minio_to_snowflake_dag.py
[2026-07-06T18:16:29.879+0000] {processor.py:840} INFO - DAG(s) 'minio_to_snowflake_ecommerce' retrieved from /opt/airflow/dags/minio_to_snowflake_dag.py
[2026-07-06T18:16:29.914+0000] {logging_mixin.py:188} INFO - [2026-07-06T18:16:29.913+0000] {dag.py:3089} INFO - Sync 1 DAGs
[2026-07-06T18:16:29.943+0000] {logging_mixin.py:188} INFO - [2026-07-06T18:16:29.943+0000] {dag.py:3947} INFO - Setting next_dagrun for minio_to_snowflake_ecommerce to 2026-07-06 18:15:00+00:00, run_after=2026-07-06 18:16:00+00:00
[2026-07-06T18:16:29.970+0000] {processor.py:183} INFO - Processing /opt/airflow/dags/minio_to_snowflake_dag.py took 1.230 seconds
[2026-07-06T18:17:00.461+0000] {processor.py:161} INFO - Started process (PID=56151) to work on /opt/airflow/dags/minio_to_snowflake_dag.py
[2026-07-06T18:17:00.464+0000] {processor.py:830} INFO - Processing file /opt/airflow/dags/minio_to_snowflake_dag.py for tasks to queue
[2026-07-06T18:17:00.469+0000] {logging_mixin.py:188} INFO - [2026-07-06T18:17:00.468+0000] {dagbag.py:545} INFO - Filling up the DagBag from /opt/airflow/dags/minio_to_snowflake_dag.py
[2026-07-06T18:17:01.525+0000] {processor.py:840} INFO - DAG(s) 'minio_to_snowflake_ecommerce' retrieved from /opt/airflow/dags/minio_to_snowflake_dag.py
[2026-07-06T18:17:01.571+0000] {logging_mixin.py:188} INFO - [2026-07-06T18:17:01.571+0000] {dag.py:3089} INFO - Sync 1 DAGs
[2026-07-06T18:17:01.606+0000] {logging_mixin.py:188} INFO - [2026-07-06T18:17:01.606+0000] {dag.py:3947} INFO - Setting next_dagrun for minio_to_snowflake_ecommerce to 2026-07-06 18:16:00+00:00, run_after=2026-07-06 18:17:00+00:00
[2026-07-06T18:17:01.636+0000] {processor.py:183} INFO - Processing /opt/airflow/dags/minio_to_snowflake_dag.py took 1.195 seconds
[2026-07-06T18:17:32.221+0000] {processor.py:161} INFO - Started process (PID=56156) to work on /opt/airflow/dags/minio_to_snowflake_dag.py
[2026-07-06T18:17:32.223+0000] {processor.py:830} INFO - Processing file /opt/airflow/dags/minio_to_snowflake_dag.py for tasks to queue
[2026-07-06T18:17:32.227+0000] {logging_mixin.py:188} INFO - [2026-07-06T18:17:32.227+0000] {dagbag.py:545} INFO - Filling up the DagBag from /opt/airflow/dags/minio_to_snowflake_dag.py
[2026-07-06T18:17:33.257+0000] {processor.py:840} INFO - DAG(s) 'minio_to_snowflake_ecommerce' retrieved from /opt/airflow/dags/minio_to_snowflake_dag.py
[2026-07-06T18:17:33.291+0000] {logging_mixin.py:188} INFO - [2026-07-06T18:17:33.290+0000] {dag.py:3089} INFO - Sync 1 DAGs
[2026-07-06T18:17:33.324+0000] {logging_mixin.py:188} INFO - [2026-07-06T18:17:33.323+0000] {dag.py:3947} INFO - Setting next_dagrun for minio_to_snowflake_ecommerce to 2026-07-06 18:16:00+00:00, run_after=2026-07-06 18:17:00+00:00
[2026-07-06T18:17:33.363+0000] {processor.py:183} INFO - Processing /opt/airflow/dags/minio_to_snowflake_dag.py took 1.154 seconds
[2026-07-06T18:18:03.914+0000] {processor.py:161} INFO - Started process (PID=56161) to work on /opt/airflow/dags/minio_to_snowflake_dag.py
[2026-07-06T18:18:03.917+0000] {processor.py:830} INFO - Processing file /opt/airflow/dags/minio_to_snowflake_dag.py for tasks to queue
[2026-07-06T18:18:03.921+0000] {logging_mixin.py:188} INFO - [2026-07-06T18:18:03.920+0000] {dagbag.py:545} INFO - Filling up the DagBag from /opt/airflow/dags/minio_to_snowflake_dag.py
[2026-07-06T18:18:04.907+0000] {processor.py:840} INFO - DAG(s) 'minio_to_snowflake_ecommerce' retrieved from /opt/airflow/dags/minio_to_snowflake_dag.py
[2026-07-06T18:18:04.952+0000] {logging_mixin.py:188} INFO - [2026-07-06T18:18:04.951+0000] {dag.py:3089} INFO - Sync 1 DAGs
[2026-07-06T18:18:05.003+0000] {logging_mixin.py:188} INFO - [2026-07-06T18:18:05.002+0000] {dag.py:3947} INFO - Setting next_dagrun for minio_to_snowflake_ecommerce to 2026-07-06 18:17:00+00:00, run_after=2026-07-06 18:18:00+00:00
[2026-07-06T18:18:05.044+0000] {processor.py:183} INFO - Processing /opt/airflow/dags/minio_to_snowflake_dag.py took 1.140 seconds
[2026-07-06T18:18:35.579+0000] {processor.py:161} INFO - Started process (PID=56166) to work on /opt/airflow/dags/minio_to_snowflake_dag.py
[2026-07-06T18:18:35.582+0000] {processor.py:830} INFO - Processing file /opt/airflow/dags/minio_to_snowflake_dag.py for tasks to queue
[2026-07-06T18:18:35.588+0000] {logging_mixin.py:188} INFO - [2026-07-06T18:18:35.587+0000] {dagbag.py:545} INFO - Filling up the DagBag from /opt/airflow/dags/minio_to_snowflake_dag.py
[2026-07-06T18:18:36.684+0000] {processor.py:840} INFO - DAG(s) 'minio_to_snowflake_ecommerce' retrieved from /opt/airflow/dags/minio_to_snowflake_dag.py
[2026-07-06T18:18:36.726+0000] {logging_mixin.py:188} INFO - [2026-07-06T18:18:36.725+0000] {dag.py:3089} INFO - Sync 1 DAGs
[2026-07-06T18:18:36.760+0000] {logging_mixin.py:188} INFO - [2026-07-06T18:18:36.759+0000] {dag.py:3947} INFO - Setting next_dagrun for minio_to_snowflake_ecommerce to 2026-07-06 18:17:00+00:00, run_after=2026-07-06 18:18:00+00:00
[2026-07-06T18:18:36.783+0000] {processor.py:183} INFO - Processing /opt/airflow/dags/minio_to_snowflake_dag.py took 1.221 seconds
[2026-07-06T18:19:07.248+0000] {processor.py:161} INFO - Started process (PID=56171) to work on /opt/airflow/dags/minio_to_snowflake_dag.py
[2026-07-06T18:19:07.249+0000] {processor.py:830} INFO - Processing file /opt/airflow/dags/minio_to_snowflake_dag.py for tasks to queue
[2026-07-06T18:19:07.251+0000] {logging_mixin.py:188} INFO - [2026-07-06T18:19:07.251+0000] {dagbag.py:545} INFO - Filling up the DagBag from /opt/airflow/dags/minio_to_snowflake_dag.py
[2026-07-06T18:19:08.099+0000] {processor.py:840} INFO - DAG(s) 'minio_to_snowflake_ecommerce' retrieved from /opt/airflow/dags/minio_to_snowflake_dag.py
[2026-07-06T18:19:08.133+0000] {logging_mixin.py:188} INFO - [2026-07-06T18:19:08.133+0000] {dag.py:3089} INFO - Sync 1 DAGs
[2026-07-06T18:19:08.169+0000] {logging_mixin.py:188} INFO - [2026-07-06T18:19:08.169+0000] {dag.py:3947} INFO - Setting next_dagrun for minio_to_snowflake_ecommerce to 2026-07-06 18:18:00+00:00, run_after=2026-07-06 18:19:00+00:00
[2026-07-06T18:19:08.192+0000] {processor.py:183} INFO - Processing /opt/airflow/dags/minio_to_snowflake_dag.py took 0.952 seconds
[2026-07-06T18:19:38.797+0000] {processor.py:161} INFO - Started process (PID=56176) to work on /opt/airflow/dags/minio_to_snowflake_dag.py
[2026-07-06T18:19:38.799+0000] {processor.py:830} INFO - Processing file /opt/airflow/dags/minio_to_snowflake_dag.py for tasks to queue
[2026-07-06T18:19:38.801+0000] {logging_mixin.py:188} INFO - [2026-07-06T18:19:38.801+0000] {dagbag.py:545} INFO - Filling up the DagBag from /opt/airflow/dags/minio_to_snowflake_dag.py
[2026-07-06T18:19:39.800+0000] {processor.py:840} INFO - DAG(s) 'minio_to_snowflake_ecommerce' retrieved from /opt/airflow/dags/minio_to_snowflake_dag.py
[2026-07-06T18:19:39.834+0000] {logging_mixin.py:188} INFO - [2026-07-06T18:19:39.833+0000] {dag.py:3089} INFO - Sync 1 DAGs
[2026-07-06T18:19:39.861+0000] {logging_mixin.py:188} INFO - [2026-07-06T18:19:39.861+0000] {dag.py:3947} INFO - Setting next_dagrun for minio_to_snowflake_ecommerce to 2026-07-06 18:18:00+00:00, run_after=2026-07-06 18:19:00+00:00
[2026-07-06T18:19:39.881+0000] {processor.py:183} INFO - Processing /opt/airflow/dags/minio_to_snowflake_dag.py took 1.100 seconds
[2026-07-06T18:20:10.387+0000] {processor.py:161} INFO - Started process (PID=56182) to work on /opt/airflow/dags/minio_to_snowflake_dag.py
[2026-07-06T18:20:10.388+0000] {processor.py:830} INFO - Processing file /opt/airflow/dags/minio_to_snowflake_dag.py for tasks to queue
[2026-07-06T18:20:10.391+0000] {logging_mixin.py:188} INFO - [2026-07-06T18:20:10.390+0000] {dagbag.py:545} INFO - Filling up the DagBag from /opt/airflow/dags/minio_to_snowflake_dag.py
[2026-07-06T18:20:11.354+0000] {processor.py:840} INFO - DAG(s) 'minio_to_snowflake_ecommerce' retrieved from /opt/airflow/dags/minio_to_snowflake_dag.py
[2026-07-06T18:20:11.387+0000] {logging_mixin.py:188} INFO - [2026-07-06T18:20:11.386+0000] {dag.py:3089} INFO - Sync 1 DAGs
[2026-07-06T18:20:11.415+0000] {logging_mixin.py:188} INFO - [2026-07-06T18:20:11.415+0000] {dag.py:3947} INFO - Setting next_dagrun for minio_to_snowflake_ecommerce to 2026-07-06 18:19:00+00:00, run_after=2026-07-06 18:20:00+00:00
[2026-07-06T18:20:11.438+0000] {processor.py:183} INFO - Processing /opt/airflow/dags/minio_to_snowflake_dag.py took 1.061 seconds
[2026-07-06T18:20:42.096+0000] {processor.py:161} INFO - Started process (PID=56187) to work on /opt/airflow/dags/minio_to_snowflake_dag.py
[2026-07-06T18:20:42.099+0000] {processor.py:830} INFO - Processing file /opt/airflow/dags/minio_to_snowflake_dag.py for tasks to queue
[2026-07-06T18:20:42.104+0000] {logging_mixin.py:188} INFO - [2026-07-06T18:20:42.103+0000] {dagbag.py:545} INFO - Filling up the DagBag from /opt/airflow/dags/minio_to_snowflake_dag.py
[2026-07-06T18:20:43.224+0000] {processor.py:840} INFO - DAG(s) 'minio_to_snowflake_ecommerce' retrieved from /opt/airflow/dags/minio_to_snowflake_dag.py
[2026-07-06T18:20:43.255+0000] {logging_mixin.py:188} INFO - [2026-07-06T18:20:43.254+0000] {dag.py:3089} INFO - Sync 1 DAGs
[2026-07-06T18:20:43.283+0000] {logging_mixin.py:188} INFO - [2026-07-06T18:20:43.283+0000] {dag.py:3947} INFO - Setting next_dagrun for minio_to_snowflake_ecommerce to 2026-07-06 18:19:00+00:00, run_after=2026-07-06 18:20:00+00:00
[2026-07-06T18:20:43.315+0000] {processor.py:183} INFO - Processing /opt/airflow/dags/minio_to_snowflake_dag.py took 1.244 seconds
[2026-07-06T18:21:13.904+0000] {processor.py:161} INFO - Started process (PID=56192) to work on /opt/airflow/dags/minio_to_snowflake_dag.py
[2026-07-06T18:21:13.905+0000] {processor.py:830} INFO - Processing file /opt/airflow/dags/minio_to_snowflake_dag.py for tasks to queue
[2026-07-06T18:21:13.908+0000] {logging_mixin.py:188} INFO - [2026-07-06T18:21:13.908+0000] {dagbag.py:545} INFO - Filling up the DagBag from /opt/airflow/dags/minio_to_snowflake_dag.py
[2026-07-06T18:21:14.854+0000] {processor.py:840} INFO - DAG(s) 'minio_to_snowflake_ecommerce' retrieved from /opt/airflow/dags/minio_to_snowflake_dag.py
[2026-07-06T18:21:14.885+0000] {logging_mixin.py:188} INFO - [2026-07-06T18:21:14.884+0000] {dag.py:3089} INFO - Sync 1 DAGs
[2026-07-06T18:21:14.912+0000] {logging_mixin.py:188} INFO - [2026-07-06T18:21:14.911+0000] {dag.py:3947} INFO - Setting next_dagrun for minio_to_snowflake_ecommerce to 2026-07-06 18:20:00+00:00, run_after=2026-07-06 18:21:00+00:00
[2026-07-06T18:21:14.936+0000] {processor.py:183} INFO - Processing /opt/airflow/dags/minio_to_snowflake_dag.py took 1.042 seconds
[2026-07-06T18:21:45.810+0000] {processor.py:161} INFO - Started process (PID=56198) to work on /opt/airflow/dags/minio_to_snowflake_dag.py
[2026-07-06T18:21:45.816+0000] {processor.py:830} INFO - Processing file /opt/airflow/dags/minio_to_snowflake_dag.py for tasks to queue
[2026-07-06T18:21:45.830+0000] {logging_mixin.py:188} INFO - [2026-07-06T18:21:45.826+0000] {dagbag.py:545} INFO - Filling up the DagBag from /opt/airflow/dags/minio_to_snowflake_dag.py
[2026-07-06T18:21:46.794+0000] {processor.py:840} INFO - DAG(s) 'minio_to_snowflake_ecommerce' retrieved from /opt/airflow/dags/minio_to_snowflake_dag.py
[2026-07-06T18:21:46.826+0000] {logging_mixin.py:188} INFO - [2026-07-06T18:21:46.825+0000] {dag.py:3089} INFO - Sync 1 DAGs
[2026-07-06T18:21:46.853+0000] {logging_mixin.py:188} INFO - [2026-07-06T18:21:46.853+0000] {dag.py:3947} INFO - Setting next_dagrun for minio_to_snowflake_ecommerce to 2026-07-06 18:20:00+00:00, run_after=2026-07-06 18:21:00+00:00
[2026-07-06T18:21:46.876+0000] {processor.py:183} INFO - Processing /opt/airflow/dags/minio_to_snowflake_dag.py took 1.101 seconds
[2026-07-06T18:22:17.424+0000] {processor.py:161} INFO - Started process (PID=56203) to work on /opt/airflow/dags/minio_to_snowflake_dag.py
[2026-07-06T18:22:17.428+0000] {processor.py:830} INFO - Processing file /opt/airflow/dags/minio_to_snowflake_dag.py for tasks to queue
[2026-07-06T18:22:17.432+0000] {logging_mixin.py:188} INFO - [2026-07-06T18:22:17.431+0000] {dagbag.py:545} INFO - Filling up the DagBag from /opt/airflow/dags/minio_to_snowflake_dag.py
[2026-07-06T18:22:20.349+0000] {processor.py:840} INFO - DAG(s) 'minio_to_snowflake_ecommerce' retrieved from /opt/airflow/dags/minio_to_snowflake_dag.py
[2026-07-06T18:22:20.405+0000] {logging_mixin.py:188} INFO - [2026-07-06T18:22:20.404+0000] {dag.py:3089} INFO - Sync 1 DAGs
[2026-07-06T18:22:20.448+0000] {logging_mixin.py:188} INFO - [2026-07-06T18:22:20.447+0000] {dag.py:3947} INFO - Setting next_dagrun for minio_to_snowflake_ecommerce to 2026-07-06 18:21:00+00:00, run_after=2026-07-06 18:22:00+00:00
[2026-07-06T18:22:20.478+0000] {processor.py:183} INFO - Processing /opt/airflow/dags/minio_to_snowflake_dag.py took 3.076 seconds
[2026-07-06T18:22:51.017+0000] {processor.py:161} INFO - Started process (PID=56208) to work on /opt/airflow/dags/minio_to_snowflake_dag.py
[2026-07-06T18:22:51.019+0000] {processor.py:830} INFO - Processing file /opt/airflow/dags/minio_to_snowflake_dag.py for tasks to queue
[2026-07-06T18:22:51.022+0000] {logging_mixin.py:188} INFO - [2026-07-06T18:22:51.021+0000] {dagbag.py:545} INFO - Filling up the DagBag from /opt/airflow/dags/minio_to_snowflake_dag.py
[2026-07-06T18:22:52.337+0000] {processor.py:840} INFO - DAG(s) 'minio_to_snowflake_ecommerce' retrieved from /opt/airflow/dags/minio_to_snowflake_dag.py
[2026-07-06T18:22:52.384+0000] {logging_mixin.py:188} INFO - [2026-07-06T18:22:52.383+0000] {dag.py:3089} INFO - Sync 1 DAGs
[2026-07-06T18:22:52.502+0000] {logging_mixin.py:188} INFO - [2026-07-06T18:22:52.501+0000] {dag.py:3947} INFO - Setting next_dagrun for minio_to_snowflake_ecommerce to 2026-07-06 18:21:00+00:00, run_after=2026-07-06 18:22:00+00:00
[2026-07-06T18:22:52.574+0000] {processor.py:183} INFO - Processing /opt/airflow/dags/minio_to_snowflake_dag.py took 1.566 seconds
[2026-07-06T18:23:22.779+0000] {processor.py:161} INFO - Started process (PID=56213) to work on /opt/airflow/dags/minio_to_snowflake_dag.py
[2026-07-06T18:23:22.782+0000] {processor.py:830} INFO - Processing file /opt/airflow/dags/minio_to_snowflake_dag.py for tasks to queue
[2026-07-06T18:23:22.785+0000] {logging_mixin.py:188} INFO - [2026-07-06T18:23:22.785+0000] {dagbag.py:545} INFO - Filling up the DagBag from /opt/airflow/dags/minio_to_snowflake_dag.py
[2026-07-06T18:23:23.888+0000] {processor.py:840} INFO - DAG(s) 'minio_to_snowflake_ecommerce' retrieved from /opt/airflow/dags/minio_to_snowflake_dag.py
[2026-07-06T18:23:23.938+0000] {logging_mixin.py:188} INFO - [2026-07-06T18:23:23.938+0000] {dag.py:3089} INFO - Sync 1 DAGs
[2026-07-06T18:23:23.970+0000] {logging_mixin.py:188} INFO - [2026-07-06T18:23:23.970+0000] {dag.py:3947} INFO - Setting next_dagrun for minio_to_snowflake_ecommerce to 2026-07-06 18:22:00+00:00, run_after=2026-07-06 18:23:00+00:00
[2026-07-06T18:23:24.004+0000] {processor.py:183} INFO - Processing /opt/airflow/dags/minio_to_snowflake_dag.py took 1.238 seconds
[2026-07-06T18:23:54.521+0000] {processor.py:161} INFO - Started process (PID=56218) to work on /opt/airflow/dags/minio_to_snowflake_dag.py
[2026-07-06T18:23:54.524+0000] {processor.py:830} INFO - Processing file /opt/airflow/dags/minio_to_snowflake_dag.py for tasks to queue
[2026-07-06T18:23:54.529+0000] {logging_mixin.py:188} INFO - [2026-07-06T18:23:54.528+0000] {dagbag.py:545} INFO - Filling up the DagBag from /opt/airflow/dags/minio_to_snowflake_dag.py
[2026-07-06T18:23:55.498+0000] {processor.py:840} INFO - DAG(s) 'minio_to_snowflake_ecommerce' retrieved from /opt/airflow/dags/minio_to_snowflake_dag.py
[2026-07-06T18:23:55.528+0000] {logging_mixin.py:188} INFO - [2026-07-06T18:23:55.527+0000] {dag.py:3089} INFO - Sync 1 DAGs
[2026-07-06T18:23:55.554+0000] {logging_mixin.py:188} INFO - [2026-07-06T18:23:55.554+0000] {dag.py:3947} INFO - Setting next_dagrun for minio_to_snowflake_ecommerce to 2026-07-06 18:22:00+00:00, run_after=2026-07-06 18:23:00+00:00
[2026-07-06T18:23:55.578+0000] {processor.py:183} INFO - Processing /opt/airflow/dags/minio_to_snowflake_dag.py took 1.073 seconds
[2026-07-06T18:24:26.045+0000] {processor.py:161} INFO - Started process (PID=56223) to work on /opt/airflow/dags/minio_to_snowflake_dag.py
[2026-07-06T18:24:26.047+0000] {processor.py:830} INFO - Processing file /opt/airflow/dags/minio_to_snowflake_dag.py for tasks to queue
[2026-07-06T18:24:26.051+0000] {logging_mixin.py:188} INFO - [2026-07-06T18:24:26.050+0000] {dagbag.py:545} INFO - Filling up the DagBag from /opt/airflow/dags/minio_to_snowflake_dag.py
[2026-07-06T18:24:26.928+0000] {processor.py:840} INFO - DAG(s) 'minio_to_snowflake_ecommerce' retrieved from /opt/airflow/dags/minio_to_snowflake_dag.py
[2026-07-06T18:24:26.964+0000] {logging_mixin.py:188} INFO - [2026-07-06T18:24:26.963+0000] {dag.py:3089} INFO - Sync 1 DAGs
[2026-07-06T18:24:27.013+0000] {logging_mixin.py:188} INFO - [2026-07-06T18:24:27.013+0000] {dag.py:3947} INFO - Setting next_dagrun for minio_to_snowflake_ecommerce to 2026-07-06 18:23:00+00:00, run_after=2026-07-06 18:24:00+00:00
[2026-07-06T18:24:27.049+0000] {processor.py:183} INFO - Processing /opt/airflow/dags/minio_to_snowflake_dag.py took 1.017 seconds
[2026-07-06T18:24:57.492+0000] {processor.py:161} INFO - Started process (PID=56228) to work on /opt/airflow/dags/minio_to_snowflake_dag.py
[2026-07-06T18:24:57.493+0000] {processor.py:830} INFO - Processing file /opt/airflow/dags/minio_to_snowflake_dag.py for tasks to queue
[2026-07-06T18:24:57.496+0000] {logging_mixin.py:188} INFO - [2026-07-06T18:24:57.496+0000] {dagbag.py:545} INFO - Filling up the DagBag from /opt/airflow/dags/minio_to_snowflake_dag.py
[2026-07-06T18:24:59.158+0000] {processor.py:840} INFO - DAG(s) 'minio_to_snowflake_ecommerce' retrieved from /opt/airflow/dags/minio_to_snowflake_dag.py
[2026-07-06T18:24:59.206+0000] {logging_mixin.py:188} INFO - [2026-07-06T18:24:59.204+0000] {dag.py:3089} INFO - Sync 1 DAGs
[2026-07-06T18:24:59.267+0000] {logging_mixin.py:188} INFO - [2026-07-06T18:24:59.266+0000] {dag.py:3947} INFO - Setting next_dagrun for minio_to_snowflake_ecommerce to 2026-07-06 18:23:00+00:00, run_after=2026-07-06 18:24:00+00:00
[2026-07-06T18:24:59.305+0000] {processor.py:183} INFO - Processing /opt/airflow/dags/minio_to_snowflake_dag.py took 1.822 seconds
[2026-07-06T18:25:29.483+0000] {processor.py:161} INFO - Started process (PID=56233) to work on /opt/airflow/dags/minio_to_snowflake_dag.py
[2026-07-06T18:25:29.485+0000] {processor.py:830} INFO - Processing file /opt/airflow/dags/minio_to_snowflake_dag.py for tasks to queue
[2026-07-06T18:25:29.487+0000] {logging_mixin.py:188} INFO - [2026-07-06T18:25:29.487+0000] {dagbag.py:545} INFO - Filling up the DagBag from /opt/airflow/dags/minio_to_snowflake_dag.py
[2026-07-06T18:25:30.386+0000] {processor.py:840} INFO - DAG(s) 'minio_to_snowflake_ecommerce' retrieved from /opt/airflow/dags/minio_to_snowflake_dag.py
[2026-07-06T18:25:30.421+0000] {logging_mixin.py:188} INFO - [2026-07-06T18:25:30.421+0000] {dag.py:3089} INFO - Sync 1 DAGs
[2026-07-06T18:25:30.450+0000] {logging_mixin.py:188} INFO - [2026-07-06T18:25:30.450+0000] {dag.py:3947} INFO - Setting next_dagrun for minio_to_snowflake_ecommerce to 2026-07-06 18:24:00+00:00, run_after=2026-07-06 18:25:00+00:00
[2026-07-06T18:25:30.484+0000] {processor.py:183} INFO - Processing /opt/airflow/dags/minio_to_snowflake_dag.py took 1.009 seconds
[2026-07-06T18:26:00.999+0000] {processor.py:161} INFO - Started process (PID=56238) to work on /opt/airflow/dags/minio_to_snowflake_dag.py
[2026-07-06T18:26:01.002+0000] {processor.py:830} INFO - Processing file /opt/airflow/dags/minio_to_snowflake_dag.py for tasks to queue
[2026-07-06T18:26:01.005+0000] {logging_mixin.py:188} INFO - [2026-07-06T18:26:01.005+0000] {dagbag.py:545} INFO - Filling up the DagBag from /opt/airflow/dags/minio_to_snowflake_dag.py
[2026-07-06T18:26:01.978+0000] {processor.py:840} INFO - DAG(s) 'minio_to_snowflake_ecommerce' retrieved from /opt/airflow/dags/minio_to_snowflake_dag.py
[2026-07-06T18:26:02.011+0000] {logging_mixin.py:188} INFO - [2026-07-06T18:26:02.010+0000] {dag.py:3089} INFO - Sync 1 DAGs
[2026-07-06T18:26:02.039+0000] {logging_mixin.py:188} INFO - [2026-07-06T18:26:02.039+0000] {dag.py:3947} INFO - Setting next_dagrun for minio_to_snowflake_ecommerce to 2026-07-06 18:25:00+00:00, run_after=2026-07-06 18:26:00+00:00
[2026-07-06T18:26:02.065+0000] {processor.py:183} INFO - Processing /opt/airflow/dags/minio_to_snowflake_dag.py took 1.078 seconds
[2026-07-06T18:26:32.484+0000] {processor.py:161} INFO - Started process (PID=56243) to work on /opt/airflow/dags/minio_to_snowflake_dag.py
[2026-07-06T18:26:32.485+0000] {processor.py:830} INFO - Processing file /opt/airflow/dags/minio_to_snowflake_dag.py for tasks to queue
[2026-07-06T18:26:32.488+0000] {logging_mixin.py:188} INFO - [2026-07-06T18:26:32.487+0000] {dagbag.py:545} INFO - Filling up the DagBag from /opt/airflow/dags/minio_to_snowflake_dag.py
[2026-07-06T18:26:33.393+0000] {processor.py:840} INFO - DAG(s) 'minio_to_snowflake_ecommerce' retrieved from /opt/airflow/dags/minio_to_snowflake_dag.py
[2026-07-06T18:26:33.445+0000] {logging_mixin.py:188} INFO - [2026-07-06T18:26:33.445+0000] {dag.py:3089} INFO - Sync 1 DAGs
[2026-07-06T18:26:33.482+0000] {logging_mixin.py:188} INFO - [2026-07-06T18:26:33.482+0000] {dag.py:3947} INFO - Setting next_dagrun for minio_to_snowflake_ecommerce to 2026-07-06 18:25:00+00:00, run_after=2026-07-06 18:26:00+00:00
[2026-07-06T18:26:33.514+0000] {processor.py:183} INFO - Processing /opt/airflow/dags/minio_to_snowflake_dag.py took 1.042 seconds
[2026-07-06T18:27:04.139+0000] {processor.py:161} INFO - Started process (PID=56248) to work on /opt/airflow/dags/minio_to_snowflake_dag.py
[2026-07-06T18:27:04.143+0000] {processor.py:830} INFO - Processing file /opt/airflow/dags/minio_to_snowflake_dag.py for tasks to queue
[2026-07-06T18:27:04.148+0000] {logging_mixin.py:188} INFO - [2026-07-06T18:27:04.147+0000] {dagbag.py:545} INFO - Filling up the DagBag from /opt/airflow/dags/minio_to_snowflake_dag.py
[2026-07-06T18:27:05.029+0000] {processor.py:840} INFO - DAG(s) 'minio_to_snowflake_ecommerce' retrieved from /opt/airflow/dags/minio_to_snowflake_dag.py
[2026-07-06T18:27:05.065+0000] {logging_mixin.py:188} INFO - [2026-07-06T18:27:05.065+0000] {dag.py:3089} INFO - Sync 1 DAGs
[2026-07-06T18:27:05.094+0000] {logging_mixin.py:188} INFO - [2026-07-06T18:27:05.094+0000] {dag.py:3947} INFO - Setting next_dagrun for minio_to_snowflake_ecommerce to 2026-07-06 18:26:00+00:00, run_after=2026-07-06 18:27:00+00:00
[2026-07-06T18:27:05.117+0000] {processor.py:183} INFO - Processing /opt/airflow/dags/minio_to_snowflake_dag.py took 0.994 seconds
[2026-07-06T18:27:35.606+0000] {processor.py:161} INFO - Started process (PID=56253) to work on /opt/airflow/dags/minio_to_snowflake_dag.py
[2026-07-06T18:27:35.607+0000] {processor.py:830} INFO - Processing file /opt/airflow/dags/minio_to_snowflake_dag.py for tasks to queue
[2026-07-06T18:27:35.611+0000] {logging_mixin.py:188} INFO - [2026-07-06T18:27:35.610+0000] {dagbag.py:545} INFO - Filling up the DagBag from /opt/airflow/dags/minio_to_snowflake_dag.py
[2026-07-06T18:27:36.514+0000] {processor.py:840} INFO - DAG(s) 'minio_to_snowflake_ecommerce' retrieved from /opt/airflow/dags/minio_to_snowflake_dag.py
[2026-07-06T18:27:36.571+0000] {logging_mixin.py:188} INFO - [2026-07-06T18:27:36.570+0000] {dag.py:3089} INFO - Sync 1 DAGs
[2026-07-06T18:27:36.602+0000] {logging_mixin.py:188} INFO - [2026-07-06T18:27:36.601+0000] {dag.py:3947} INFO - Setting next_dagrun for minio_to_snowflake_ecommerce to 2026-07-06 18:26:00+00:00, run_after=2026-07-06 18:27:00+00:00
[2026-07-06T18:27:36.627+0000] {processor.py:183} INFO - Processing /opt/airflow/dags/minio_to_snowflake_dag.py took 1.031 seconds
[2026-07-06T18:28:07.177+0000] {processor.py:161} INFO - Started process (PID=56258) to work on /opt/airflow/dags/minio_to_snowflake_dag.py
[2026-07-06T18:28:07.179+0000] {processor.py:830} INFO - Processing file /opt/airflow/dags/minio_to_snowflake_dag.py for tasks to queue
[2026-07-06T18:28:07.182+0000] {logging_mixin.py:188} INFO - [2026-07-06T18:28:07.181+0000] {dagbag.py:545} INFO - Filling up the DagBag from /opt/airflow/dags/minio_to_snowflake_dag.py
[2026-07-06T18:28:08.099+0000] {processor.py:840} INFO - DAG(s) 'minio_to_snowflake_ecommerce' retrieved from /opt/airflow/dags/minio_to_snowflake_dag.py
[2026-07-06T18:28:08.134+0000] {logging_mixin.py:188} INFO - [2026-07-06T18:28:08.134+0000] {dag.py:3089} INFO - Sync 1 DAGs
[2026-07-06T18:28:08.160+0000] {logging_mixin.py:188} INFO - [2026-07-06T18:28:08.160+0000] {dag.py:3947} INFO - Setting next_dagrun for minio_to_snowflake_ecommerce to 2026-07-06 18:27:00+00:00, run_after=2026-07-06 18:28:00+00:00
[2026-07-06T18:28:08.182+0000] {processor.py:183} INFO - Processing /opt/airflow/dags/minio_to_snowflake_dag.py took 1.016 seconds
[2026-07-06T18:28:38.737+0000] {processor.py:161} INFO - Started process (PID=56263) to work on /opt/airflow/dags/minio_to_snowflake_dag.py
[2026-07-06T18:28:38.742+0000] {processor.py:830} INFO - Processing file /opt/airflow/dags/minio_to_snowflake_dag.py for tasks to queue
[2026-07-06T18:28:38.750+0000] {logging_mixin.py:188} INFO - [2026-07-06T18:28:38.748+0000] {dagbag.py:545} INFO - Filling up the DagBag from /opt/airflow/dags/minio_to_snowflake_dag.py
[2026-07-06T18:28:39.724+0000] {processor.py:840} INFO - DAG(s) 'minio_to_snowflake_ecommerce' retrieved from /opt/airflow/dags/minio_to_snowflake_dag.py
[2026-07-06T18:28:39.762+0000] {logging_mixin.py:188} INFO - [2026-07-06T18:28:39.762+0000] {dag.py:3089} INFO - Sync 1 DAGs
[2026-07-06T18:28:39.793+0000] {logging_mixin.py:188} INFO - [2026-07-06T18:28:39.793+0000] {dag.py:3947} INFO - Setting next_dagrun for minio_to_snowflake_ecommerce to 2026-07-06 18:27:00+00:00, run_after=2026-07-06 18:28:00+00:00
[2026-07-06T18:28:39.826+0000] {processor.py:183} INFO - Processing /opt/airflow/dags/minio_to_snowflake_dag.py took 1.123 seconds
[2026-07-06T18:29:10.123+0000] {processor.py:161} INFO - Started process (PID=56268) to work on /opt/airflow/dags/minio_to_snowflake_dag.py
[2026-07-06T18:29:10.125+0000] {processor.py:830} INFO - Processing file /opt/airflow/dags/minio_to_snowflake_dag.py for tasks to queue
[2026-07-06T18:29:10.128+0000] {logging_mixin.py:188} INFO - [2026-07-06T18:29:10.128+0000] {dagbag.py:545} INFO - Filling up the DagBag from /opt/airflow/dags/minio_to_snowflake_dag.py
[2026-07-06T18:29:11.096+0000] {processor.py:840} INFO - DAG(s) 'minio_to_snowflake_ecommerce' retrieved from /opt/airflow/dags/minio_to_snowflake_dag.py
[2026-07-06T18:29:11.132+0000] {logging_mixin.py:188} INFO - [2026-07-06T18:29:11.131+0000] {dag.py:3089} INFO - Sync 1 DAGs
[2026-07-06T18:29:11.199+0000] {logging_mixin.py:188} INFO - [2026-07-06T18:29:11.199+0000] {dag.py:3947} INFO - Setting next_dagrun for minio_to_snowflake_ecommerce to 2026-07-06 18:28:00+00:00, run_after=2026-07-06 18:29:00+00:00
[2026-07-06T18:29:11.221+0000] {processor.py:183} INFO - Processing /opt/airflow/dags/minio_to_snowflake_dag.py took 1.107 seconds
[2026-07-06T18:29:41.610+0000] {processor.py:161} INFO - Started process (PID=56273) to work on /opt/airflow/dags/minio_to_snowflake_dag.py
[2026-07-06T18:29:41.612+0000] {processor.py:830} INFO - Processing file /opt/airflow/dags/minio_to_snowflake_dag.py for tasks to queue
[2026-07-06T18:29:41.615+0000] {logging_mixin.py:188} INFO - [2026-07-06T18:29:41.614+0000] {dagbag.py:545} INFO - Filling up the DagBag from /opt/airflow/dags/minio_to_snowflake_dag.py
[2026-07-06T18:29:42.740+0000] {processor.py:840} INFO - DAG(s) 'minio_to_snowflake_ecommerce' retrieved from /opt/airflow/dags/minio_to_snowflake_dag.py
[2026-07-06T18:29:42.792+0000] {logging_mixin.py:188} INFO - [2026-07-06T18:29:42.790+0000] {dag.py:3089} INFO - Sync 1 DAGs
[2026-07-06T18:29:42.837+0000] {logging_mixin.py:188} INFO - [2026-07-06T18:29:42.836+0000] {dag.py:3947} INFO - Setting next_dagrun for minio_to_snowflake_ecommerce to 2026-07-06 18:28:00+00:00, run_after=2026-07-06 18:29:00+00:00
[2026-07-06T18:29:42.912+0000] {processor.py:183} INFO - Processing /opt/airflow/dags/minio_to_snowflake_dag.py took 1.313 seconds
[2026-07-06T18:30:13.549+0000] {processor.py:161} INFO - Started process (PID=56278) to work on /opt/airflow/dags/minio_to_snowflake_dag.py
[2026-07-06T18:30:13.552+0000] {processor.py:830} INFO - Processing file /opt/airflow/dags/minio_to_snowflake_dag.py for tasks to queue
[2026-07-06T18:30:13.557+0000] {logging_mixin.py:188} INFO - [2026-07-06T18:30:13.556+0000] {dagbag.py:545} INFO - Filling up the DagBag from /opt/airflow/dags/minio_to_snowflake_dag.py
[2026-07-06T18:30:14.779+0000] {processor.py:840} INFO - DAG(s) 'minio_to_snowflake_ecommerce' retrieved from /opt/airflow/dags/minio_to_snowflake_dag.py
[2026-07-06T18:30:14.814+0000] {logging_mixin.py:188} INFO - [2026-07-06T18:30:14.814+0000] {dag.py:3089} INFO - Sync 1 DAGs
[2026-07-06T18:30:14.846+0000] {logging_mixin.py:188} INFO - [2026-07-06T18:30:14.845+0000] {dag.py:3947} INFO - Setting next_dagrun for minio_to_snowflake_ecommerce to 2026-07-06 18:29:00+00:00, run_after=2026-07-06 18:30:00+00:00
[2026-07-06T18:30:14.875+0000] {processor.py:183} INFO - Processing /opt/airflow/dags/minio_to_snowflake_dag.py took 1.346 seconds
[2026-07-06T18:30:45.369+0000] {processor.py:161} INFO - Started process (PID=56283) to work on /opt/airflow/dags/minio_to_snowflake_dag.py
[2026-07-06T18:30:45.370+0000] {processor.py:830} INFO - Processing file /opt/airflow/dags/minio_to_snowflake_dag.py for tasks to queue
[2026-07-06T18:30:45.373+0000] {logging_mixin.py:188} INFO - [2026-07-06T18:30:45.372+0000] {dagbag.py:545} INFO - Filling up the DagBag from /opt/airflow/dags/minio_to_snowflake_dag.py
[2026-07-06T18:30:46.217+0000] {processor.py:840} INFO - DAG(s) 'minio_to_snowflake_ecommerce' retrieved from /opt/airflow/dags/minio_to_snowflake_dag.py
[2026-07-06T18:30:46.251+0000] {logging_mixin.py:188} INFO - [2026-07-06T18:30:46.250+0000] {dag.py:3089} INFO - Sync 1 DAGs
[2026-07-06T18:30:46.280+0000] {logging_mixin.py:188} INFO - [2026-07-06T18:30:46.280+0000] {dag.py:3947} INFO - Setting next_dagrun for minio_to_snowflake_ecommerce to 2026-07-06 18:29:00+00:00, run_after=2026-07-06 18:30:00+00:00
[2026-07-06T18:30:46.309+0000] {processor.py:183} INFO - Processing /opt/airflow/dags/minio_to_snowflake_dag.py took 0.947 seconds
[2026-07-06T18:31:16.597+0000] {processor.py:161} INFO - Started process (PID=56295) to work on /opt/airflow/dags/minio_to_snowflake_dag.py
[2026-07-06T18:31:16.606+0000] {processor.py:830} INFO - Processing file /opt/airflow/dags/minio_to_snowflake_dag.py for tasks to queue
[2026-07-06T18:31:16.625+0000] {logging_mixin.py:188} INFO - [2026-07-06T18:31:16.624+0000] {dagbag.py:545} INFO - Filling up the DagBag from /opt/airflow/dags/minio_to_snowflake_dag.py
[2026-07-06T18:31:20.736+0000] {processor.py:840} INFO - DAG(s) 'minio_to_snowflake_ecommerce' retrieved from /opt/airflow/dags/minio_to_snowflake_dag.py
[2026-07-06T18:31:20.851+0000] {logging_mixin.py:188} INFO - [2026-07-06T18:31:20.850+0000] {dag.py:3089} INFO - Sync 1 DAGs
[2026-07-06T18:31:20.914+0000] {logging_mixin.py:188} INFO - [2026-07-06T18:31:20.913+0000] {dag.py:3947} INFO - Setting next_dagrun for minio_to_snowflake_ecommerce to 2026-07-06 18:30:00+00:00, run_after=2026-07-06 18:31:00+00:00
[2026-07-06T18:31:20.963+0000] {processor.py:183} INFO - Processing /opt/airflow/dags/minio_to_snowflake_dag.py took 4.427 seconds
[2026-07-06T18:31:51.347+0000] {processor.py:161} INFO - Started process (PID=56320) to work on /opt/airflow/dags/minio_to_snowflake_dag.py
[2026-07-06T18:31:51.349+0000] {processor.py:830} INFO - Processing file /opt/airflow/dags/minio_to_snowflake_dag.py for tasks to queue
[2026-07-06T18:31:51.352+0000] {logging_mixin.py:188} INFO - [2026-07-06T18:31:51.351+0000] {dagbag.py:545} INFO - Filling up the DagBag from /opt/airflow/dags/minio_to_snowflake_dag.py
[2026-07-06T18:31:52.279+0000] {processor.py:840} INFO - DAG(s) 'minio_to_snowflake_ecommerce' retrieved from /opt/airflow/dags/minio_to_snowflake_dag.py
[2026-07-06T18:31:52.322+0000] {logging_mixin.py:188} INFO - [2026-07-06T18:31:52.322+0000] {dag.py:3089} INFO - Sync 1 DAGs
[2026-07-06T18:31:52.353+0000] {logging_mixin.py:188} INFO - [2026-07-06T18:31:52.353+0000] {dag.py:3947} INFO - Setting next_dagrun for minio_to_snowflake_ecommerce to 2026-07-06 18:30:00+00:00, run_after=2026-07-06 18:31:00+00:00
[2026-07-06T18:31:52.376+0000] {processor.py:183} INFO - Processing /opt/airflow/dags/minio_to_snowflake_dag.py took 1.036 seconds
[2026-07-06T18:32:23.006+0000] {processor.py:161} INFO - Started process (PID=56325) to work on /opt/airflow/dags/minio_to_snowflake_dag.py
[2026-07-06T18:32:23.007+0000] {processor.py:830} INFO - Processing file /opt/airflow/dags/minio_to_snowflake_dag.py for tasks to queue
[2026-07-06T18:32:23.011+0000] {logging_mixin.py:188} INFO - [2026-07-06T18:32:23.010+0000] {dagbag.py:545} INFO - Filling up the DagBag from /opt/airflow/dags/minio_to_snowflake_dag.py
[2026-07-06T18:32:23.894+0000] {processor.py:840} INFO - DAG(s) 'minio_to_snowflake_ecommerce' retrieved from /opt/airflow/dags/minio_to_snowflake_dag.py
[2026-07-06T18:32:23.926+0000] {logging_mixin.py:188} INFO - [2026-07-06T18:32:23.925+0000] {dag.py:3089} INFO - Sync 1 DAGs
[2026-07-06T18:32:23.960+0000] {logging_mixin.py:188} INFO - [2026-07-06T18:32:23.959+0000] {dag.py:3947} INFO - Setting next_dagrun for minio_to_snowflake_ecommerce to 2026-07-06 18:31:00+00:00, run_after=2026-07-06 18:32:00+00:00
[2026-07-06T18:32:24.000+0000] {processor.py:183} INFO - Processing /opt/airflow/dags/minio_to_snowflake_dag.py took 1.004 seconds
[2026-07-06T18:32:54.533+0000] {processor.py:161} INFO - Started process (PID=56334) to work on /opt/airflow/dags/minio_to_snowflake_dag.py
[2026-07-06T18:32:54.534+0000] {processor.py:830} INFO - Processing file /opt/airflow/dags/minio_to_snowflake_dag.py for tasks to queue
[2026-07-06T18:32:54.537+0000] {logging_mixin.py:188} INFO - [2026-07-06T18:32:54.537+0000] {dagbag.py:545} INFO - Filling up the DagBag from /opt/airflow/dags/minio_to_snowflake_dag.py
[2026-07-06T18:32:55.516+0000] {processor.py:840} INFO - DAG(s) 'minio_to_snowflake_ecommerce' retrieved from /opt/airflow/dags/minio_to_snowflake_dag.py
[2026-07-06T18:32:55.545+0000] {logging_mixin.py:188} INFO - [2026-07-06T18:32:55.544+0000] {dag.py:3089} INFO - Sync 1 DAGs
[2026-07-06T18:32:55.570+0000] {logging_mixin.py:188} INFO - [2026-07-06T18:32:55.570+0000] {dag.py:3947} INFO - Setting next_dagrun for minio_to_snowflake_ecommerce to 2026-07-06 18:31:00+00:00, run_after=2026-07-06 18:32:00+00:00
[2026-07-06T18:32:55.592+0000] {processor.py:183} INFO - Processing /opt/airflow/dags/minio_to_snowflake_dag.py took 1.069 seconds
[2026-07-06T18:33:25.834+0000] {processor.py:161} INFO - Started process (PID=56358) to work on /opt/airflow/dags/minio_to_snowflake_dag.py
[2026-07-06T18:33:25.836+0000] {processor.py:830} INFO - Processing file /opt/airflow/dags/minio_to_snowflake_dag.py for tasks to queue
[2026-07-06T18:33:25.840+0000] {logging_mixin.py:188} INFO - [2026-07-06T18:33:25.839+0000] {dagbag.py:545} INFO - Filling up the DagBag from /opt/airflow/dags/minio_to_snowflake_dag.py
[2026-07-06T18:33:26.853+0000] {processor.py:840} INFO - DAG(s) 'minio_to_snowflake_ecommerce' retrieved from /opt/airflow/dags/minio_to_snowflake_dag.py
[2026-07-06T18:33:26.904+0000] {logging_mixin.py:188} INFO - [2026-07-06T18:33:26.904+0000] {dag.py:3089} INFO - Sync 1 DAGs
[2026-07-06T18:33:26.946+0000] {logging_mixin.py:188} INFO - [2026-07-06T18:33:26.945+0000] {dag.py:3947} INFO - Setting next_dagrun for minio_to_snowflake_ecommerce to 2026-07-06 18:32:00+00:00, run_after=2026-07-06 18:33:00+00:00
[2026-07-06T18:33:26.984+0000] {processor.py:183} INFO - Processing /opt/airflow/dags/minio_to_snowflake_dag.py took 1.160 seconds
[2026-07-06T18:33:57.461+0000] {processor.py:161} INFO - Started process (PID=56378) to work on /opt/airflow/dags/minio_to_snowflake_dag.py
[2026-07-06T18:33:57.463+0000] {processor.py:830} INFO - Processing file /opt/airflow/dags/minio_to_snowflake_dag.py for tasks to queue
[2026-07-06T18:33:57.468+0000] {logging_mixin.py:188} INFO - [2026-07-06T18:33:57.467+0000] {dagbag.py:545} INFO - Filling up the DagBag from /opt/airflow/dags/minio_to_snowflake_dag.py
[2026-07-06T18:33:58.571+0000] {processor.py:840} INFO - DAG(s) 'minio_to_snowflake_ecommerce' retrieved from /opt/airflow/dags/minio_to_snowflake_dag.py
[2026-07-06T18:33:58.604+0000] {logging_mixin.py:188} INFO - [2026-07-06T18:33:58.603+0000] {dag.py:3089} INFO - Sync 1 DAGs
[2026-07-06T18:33:58.636+0000] {logging_mixin.py:188} INFO - [2026-07-06T18:33:58.636+0000] {dag.py:3947} INFO - Setting next_dagrun for minio_to_snowflake_ecommerce to 2026-07-06 18:32:00+00:00, run_after=2026-07-06 18:33:00+00:00
[2026-07-06T18:33:58.662+0000] {processor.py:183} INFO - Processing /opt/airflow/dags/minio_to_snowflake_dag.py took 1.218 seconds
[2026-07-06T18:34:29.256+0000] {processor.py:161} INFO - Started process (PID=56383) to work on /opt/airflow/dags/minio_to_snowflake_dag.py
[2026-07-06T18:34:29.257+0000] {processor.py:830} INFO - Processing file /opt/airflow/dags/minio_to_snowflake_dag.py for tasks to queue
[2026-07-06T18:34:29.260+0000] {logging_mixin.py:188} INFO - [2026-07-06T18:34:29.260+0000] {dagbag.py:545} INFO - Filling up the DagBag from /opt/airflow/dags/minio_to_snowflake_dag.py
[2026-07-06T18:34:30.107+0000] {processor.py:840} INFO - DAG(s) 'minio_to_snowflake_ecommerce' retrieved from /opt/airflow/dags/minio_to_snowflake_dag.py
[2026-07-06T18:34:30.158+0000] {logging_mixin.py:188} INFO - [2026-07-06T18:34:30.158+0000] {dag.py:3089} INFO - Sync 1 DAGs
[2026-07-06T18:34:30.198+0000] {logging_mixin.py:188} INFO - [2026-07-06T18:34:30.198+0000] {dag.py:3947} INFO - Setting next_dagrun for minio_to_snowflake_ecommerce to 2026-07-06 18:33:00+00:00, run_after=2026-07-06 18:34:00+00:00
[2026-07-06T18:34:30.224+0000] {processor.py:183} INFO - Processing /opt/airflow/dags/minio_to_snowflake_dag.py took 0.982 seconds
[2026-07-06T18:35:00.732+0000] {processor.py:161} INFO - Started process (PID=56388) to work on /opt/airflow/dags/minio_to_snowflake_dag.py
[2026-07-06T18:35:00.735+0000] {processor.py:830} INFO - Processing file /opt/airflow/dags/minio_to_snowflake_dag.py for tasks to queue
[2026-07-06T18:35:00.738+0000] {logging_mixin.py:188} INFO - [2026-07-06T18:35:00.737+0000] {dagbag.py:545} INFO - Filling up the DagBag from /opt/airflow/dags/minio_to_snowflake_dag.py
[2026-07-06T18:35:01.509+0000] {processor.py:840} INFO - DAG(s) 'minio_to_snowflake_ecommerce' retrieved from /opt/airflow/dags/minio_to_snowflake_dag.py
[2026-07-06T18:35:01.541+0000] {logging_mixin.py:188} INFO - [2026-07-06T18:35:01.540+0000] {dag.py:3089} INFO - Sync 1 DAGs
[2026-07-06T18:35:01.571+0000] {logging_mixin.py:188} INFO - [2026-07-06T18:35:01.571+0000] {dag.py:3947} INFO - Setting next_dagrun for minio_to_snowflake_ecommerce to 2026-07-06 18:34:00+00:00, run_after=2026-07-06 18:35:00+00:00
[2026-07-06T18:35:01.592+0000] {processor.py:183} INFO - Processing /opt/airflow/dags/minio_to_snowflake_dag.py took 0.874 seconds
[2026-07-06T18:35:32.074+0000] {processor.py:161} INFO - Started process (PID=56393) to work on /opt/airflow/dags/minio_to_snowflake_dag.py
[2026-07-06T18:35:32.076+0000] {processor.py:830} INFO - Processing file /opt/airflow/dags/minio_to_snowflake_dag.py for tasks to queue
[2026-07-06T18:35:32.077+0000] {logging_mixin.py:188} INFO - [2026-07-06T18:35:32.077+0000] {dagbag.py:545} INFO - Filling up the DagBag from /opt/airflow/dags/minio_to_snowflake_dag.py
[2026-07-06T18:35:33.164+0000] {processor.py:840} INFO - DAG(s) 'minio_to_snowflake_ecommerce' retrieved from /opt/airflow/dags/minio_to_snowflake_dag.py
[2026-07-06T18:35:33.211+0000] {logging_mixin.py:188} INFO - [2026-07-06T18:35:33.210+0000] {dag.py:3089} INFO - Sync 1 DAGs
[2026-07-06T18:35:33.265+0000] {logging_mixin.py:188} INFO - [2026-07-06T18:35:33.264+0000] {dag.py:3947} INFO - Setting next_dagrun for minio_to_snowflake_ecommerce to 2026-07-06 18:34:00+00:00, run_after=2026-07-06 18:35:00+00:00
[2026-07-06T18:35:33.313+0000] {processor.py:183} INFO - Processing /opt/airflow/dags/minio_to_snowflake_dag.py took 1.247 seconds
[2026-07-06T18:36:03.863+0000] {processor.py:161} INFO - Started process (PID=56398) to work on /opt/airflow/dags/minio_to_snowflake_dag.py
[2026-07-06T18:36:03.864+0000] {processor.py:830} INFO - Processing file /opt/airflow/dags/minio_to_snowflake_dag.py for tasks to queue
[2026-07-06T18:36:03.866+0000] {logging_mixin.py:188} INFO - [2026-07-06T18:36:03.865+0000] {dagbag.py:545} INFO - Filling up the DagBag from /opt/airflow/dags/minio_to_snowflake_dag.py
[2026-07-06T18:36:04.649+0000] {processor.py:840} INFO - DAG(s) 'minio_to_snowflake_ecommerce' retrieved from /opt/airflow/dags/minio_to_snowflake_dag.py
[2026-07-06T18:36:04.683+0000] {logging_mixin.py:188} INFO - [2026-07-06T18:36:04.682+0000] {dag.py:3089} INFO - Sync 1 DAGs
[2026-07-06T18:36:04.712+0000] {logging_mixin.py:188} INFO - [2026-07-06T18:36:04.711+0000] {dag.py:3947} INFO - Setting next_dagrun for minio_to_snowflake_ecommerce to 2026-07-06 18:35:00+00:00, run_after=2026-07-06 18:36:00+00:00
[2026-07-06T18:36:04.733+0000] {processor.py:183} INFO - Processing /opt/airflow/dags/minio_to_snowflake_dag.py took 0.878 seconds
[2026-07-06T18:36:35.355+0000] {processor.py:161} INFO - Started process (PID=56403) to work on /opt/airflow/dags/minio_to_snowflake_dag.py
[2026-07-06T18:36:35.356+0000] {processor.py:830} INFO - Processing file /opt/airflow/dags/minio_to_snowflake_dag.py for tasks to queue
[2026-07-06T18:36:35.357+0000] {logging_mixin.py:188} INFO - [2026-07-06T18:36:35.357+0000] {dagbag.py:545} INFO - Filling up the DagBag from /opt/airflow/dags/minio_to_snowflake_dag.py
[2026-07-06T18:36:36.220+0000] {processor.py:840} INFO - DAG(s) 'minio_to_snowflake_ecommerce' retrieved from /opt/airflow/dags/minio_to_snowflake_dag.py
[2026-07-06T18:36:36.259+0000] {logging_mixin.py:188} INFO - [2026-07-06T18:36:36.258+0000] {dag.py:3089} INFO - Sync 1 DAGs
[2026-07-06T18:36:36.287+0000] {logging_mixin.py:188} INFO - [2026-07-06T18:36:36.286+0000] {dag.py:3947} INFO - Setting next_dagrun for minio_to_snowflake_ecommerce to 2026-07-06 18:35:00+00:00, run_after=2026-07-06 18:36:00+00:00
[2026-07-06T18:36:36.322+0000] {processor.py:183} INFO - Processing /opt/airflow/dags/minio_to_snowflake_dag.py took 0.975 seconds
[2026-07-06T18:37:07.034+0000] {processor.py:161} INFO - Started process (PID=56409) to work on /opt/airflow/dags/minio_to_snowflake_dag.py
[2026-07-06T18:37:07.035+0000] {processor.py:830} INFO - Processing file /opt/airflow/dags/minio_to_snowflake_dag.py for tasks to queue
[2026-07-06T18:37:07.037+0000] {logging_mixin.py:188} INFO - [2026-07-06T18:37:07.036+0000] {dagbag.py:545} INFO - Filling up the DagBag from /opt/airflow/dags/minio_to_snowflake_dag.py
[2026-07-06T18:37:07.970+0000] {processor.py:840} INFO - DAG(s) 'minio_to_snowflake_ecommerce' retrieved from /opt/airflow/dags/minio_to_snowflake_dag.py
[2026-07-06T18:37:08.000+0000] {logging_mixin.py:188} INFO - [2026-07-06T18:37:08.000+0000] {dag.py:3089} INFO - Sync 1 DAGs
[2026-07-06T18:37:08.032+0000] {logging_mixin.py:188} INFO - [2026-07-06T18:37:08.032+0000] {dag.py:3947} INFO - Setting next_dagrun for minio_to_snowflake_ecommerce to 2026-07-06 18:36:00+00:00, run_after=2026-07-06 18:37:00+00:00
[2026-07-06T18:37:08.058+0000] {processor.py:183} INFO - Processing /opt/airflow/dags/minio_to_snowflake_dag.py took 1.032 seconds
[2026-07-06T18:37:38.755+0000] {processor.py:161} INFO - Started process (PID=56415) to work on /opt/airflow/dags/minio_to_snowflake_dag.py
[2026-07-06T18:37:38.757+0000] {processor.py:830} INFO - Processing file /opt/airflow/dags/minio_to_snowflake_dag.py for tasks to queue
[2026-07-06T18:37:38.758+0000] {logging_mixin.py:188} INFO - [2026-07-06T18:37:38.758+0000] {dagbag.py:545} INFO - Filling up the DagBag from /opt/airflow/dags/minio_to_snowflake_dag.py
[2026-07-06T18:37:39.653+0000] {processor.py:840} INFO - DAG(s) 'minio_to_snowflake_ecommerce' retrieved from /opt/airflow/dags/minio_to_snowflake_dag.py
[2026-07-06T18:37:39.682+0000] {logging_mixin.py:188} INFO - [2026-07-06T18:37:39.681+0000] {dag.py:3089} INFO - Sync 1 DAGs
[2026-07-06T18:37:39.733+0000] {logging_mixin.py:188} INFO - [2026-07-06T18:37:39.732+0000] {dag.py:3947} INFO - Setting next_dagrun for minio_to_snowflake_ecommerce to 2026-07-06 18:36:00+00:00, run_after=2026-07-06 18:37:00+00:00
[2026-07-06T18:37:39.764+0000] {processor.py:183} INFO - Processing /opt/airflow/dags/minio_to_snowflake_dag.py took 1.018 seconds
[2026-07-06T18:38:10.240+0000] {processor.py:161} INFO - Started process (PID=56433) to work on /opt/airflow/dags/minio_to_snowflake_dag.py
[2026-07-06T18:38:10.243+0000] {processor.py:830} INFO - Processing file /opt/airflow/dags/minio_to_snowflake_dag.py for tasks to queue
[2026-07-06T18:38:10.244+0000] {logging_mixin.py:188} INFO - [2026-07-06T18:38:10.244+0000] {dagbag.py:545} INFO - Filling up the DagBag from /opt/airflow/dags/minio_to_snowflake_dag.py
[2026-07-06T18:38:13.222+0000] {processor.py:840} INFO - DAG(s) 'minio_to_snowflake_ecommerce' retrieved from /opt/airflow/dags/minio_to_snowflake_dag.py
[2026-07-06T18:38:13.315+0000] {logging_mixin.py:188} INFO - [2026-07-06T18:38:13.314+0000] {dag.py:3089} INFO - Sync 1 DAGs
[2026-07-06T18:38:13.361+0000] {logging_mixin.py:188} INFO - [2026-07-06T18:38:13.361+0000] {dag.py:3947} INFO - Setting next_dagrun for minio_to_snowflake_ecommerce to 2026-07-06 18:37:00+00:00, run_after=2026-07-06 18:38:00+00:00
[2026-07-06T18:38:13.393+0000] {processor.py:183} INFO - Processing /opt/airflow/dags/minio_to_snowflake_dag.py took 3.164 seconds
[2026-07-06T18:38:44.349+0000] {processor.py:161} INFO - Started process (PID=56471) to work on /opt/airflow/dags/minio_to_snowflake_dag.py
[2026-07-06T18:38:44.351+0000] {processor.py:830} INFO - Processing file /opt/airflow/dags/minio_to_snowflake_dag.py for tasks to queue
[2026-07-06T18:38:44.353+0000] {logging_mixin.py:188} INFO - [2026-07-06T18:38:44.352+0000] {dagbag.py:545} INFO - Filling up the DagBag from /opt/airflow/dags/minio_to_snowflake_dag.py
[2026-07-06T18:38:46.539+0000] {processor.py:840} INFO - DAG(s) 'minio_to_snowflake_ecommerce' retrieved from /opt/airflow/dags/minio_to_snowflake_dag.py
[2026-07-06T18:38:46.634+0000] {logging_mixin.py:188} INFO - [2026-07-06T18:38:46.633+0000] {dag.py:3089} INFO - Sync 1 DAGs
[2026-07-06T18:38:46.682+0000] {logging_mixin.py:188} INFO - [2026-07-06T18:38:46.682+0000] {dag.py:3947} INFO - Setting next_dagrun for minio_to_snowflake_ecommerce to 2026-07-06 18:37:00+00:00, run_after=2026-07-06 18:38:00+00:00
[2026-07-06T18:38:46.722+0000] {processor.py:183} INFO - Processing /opt/airflow/dags/minio_to_snowflake_dag.py took 2.382 seconds
[2026-07-06T18:39:17.205+0000] {processor.py:161} INFO - Started process (PID=56499) to work on /opt/airflow/dags/minio_to_snowflake_dag.py
[2026-07-06T18:39:17.207+0000] {processor.py:830} INFO - Processing file /opt/airflow/dags/minio_to_snowflake_dag.py for tasks to queue
[2026-07-06T18:39:17.208+0000] {logging_mixin.py:188} INFO - [2026-07-06T18:39:17.208+0000] {dagbag.py:545} INFO - Filling up the DagBag from /opt/airflow/dags/minio_to_snowflake_dag.py
[2026-07-06T18:39:18.052+0000] {processor.py:840} INFO - DAG(s) 'minio_to_snowflake_ecommerce' retrieved from /opt/airflow/dags/minio_to_snowflake_dag.py
[2026-07-06T18:39:18.084+0000] {logging_mixin.py:188} INFO - [2026-07-06T18:39:18.084+0000] {dag.py:3089} INFO - Sync 1 DAGs
[2026-07-06T18:39:18.110+0000] {logging_mixin.py:188} INFO - [2026-07-06T18:39:18.110+0000] {dag.py:3947} INFO - Setting next_dagrun for minio_to_snowflake_ecommerce to 2026-07-06 18:38:00+00:00, run_after=2026-07-06 18:39:00+00:00
[2026-07-06T18:39:18.140+0000] {processor.py:183} INFO - Processing /opt/airflow/dags/minio_to_snowflake_dag.py took 0.947 seconds
[2026-07-06T18:39:48.327+0000] {processor.py:161} INFO - Started process (PID=56505) to work on /opt/airflow/dags/minio_to_snowflake_dag.py
[2026-07-06T18:39:48.328+0000] {processor.py:830} INFO - Processing file /opt/airflow/dags/minio_to_snowflake_dag.py for tasks to queue
[2026-07-06T18:39:48.330+0000] {logging_mixin.py:188} INFO - [2026-07-06T18:39:48.329+0000] {dagbag.py:545} INFO - Filling up the DagBag from /opt/airflow/dags/minio_to_snowflake_dag.py
[2026-07-06T18:39:49.388+0000] {processor.py:840} INFO - DAG(s) 'minio_to_snowflake_ecommerce' retrieved from /opt/airflow/dags/minio_to_snowflake_dag.py
[2026-07-06T18:39:49.416+0000] {logging_mixin.py:188} INFO - [2026-07-06T18:39:49.415+0000] {dag.py:3089} INFO - Sync 1 DAGs
[2026-07-06T18:39:49.459+0000] {logging_mixin.py:188} INFO - [2026-07-06T18:39:49.459+0000] {dag.py:3947} INFO - Setting next_dagrun for minio_to_snowflake_ecommerce to 2026-07-06 18:38:00+00:00, run_after=2026-07-06 18:39:00+00:00
[2026-07-06T18:39:49.494+0000] {processor.py:183} INFO - Processing /opt/airflow/dags/minio_to_snowflake_dag.py took 1.177 seconds
[2026-07-06T18:40:19.847+0000] {processor.py:161} INFO - Started process (PID=56537) to work on /opt/airflow/dags/minio_to_snowflake_dag.py
[2026-07-06T18:40:19.848+0000] {processor.py:830} INFO - Processing file /opt/airflow/dags/minio_to_snowflake_dag.py for tasks to queue
[2026-07-06T18:40:19.850+0000] {logging_mixin.py:188} INFO - [2026-07-06T18:40:19.849+0000] {dagbag.py:545} INFO - Filling up the DagBag from /opt/airflow/dags/minio_to_snowflake_dag.py
[2026-07-06T18:40:21.428+0000] {processor.py:840} INFO - DAG(s) 'minio_to_snowflake_ecommerce' retrieved from /opt/airflow/dags/minio_to_snowflake_dag.py
[2026-07-06T18:40:21.641+0000] {logging_mixin.py:188} INFO - [2026-07-06T18:40:21.638+0000] {dag.py:3089} INFO - Sync 1 DAGs
[2026-07-06T18:40:21.908+0000] {logging_mixin.py:188} INFO - [2026-07-06T18:40:21.908+0000] {dag.py:3947} INFO - Setting next_dagrun for minio_to_snowflake_ecommerce to 2026-07-06 18:39:00+00:00, run_after=2026-07-06 18:40:00+00:00
[2026-07-06T18:40:21.999+0000] {processor.py:183} INFO - Processing /opt/airflow/dags/minio_to_snowflake_dag.py took 2.161 seconds
[2026-07-06T18:40:52.339+0000] {processor.py:161} INFO - Started process (PID=56572) to work on /opt/airflow/dags/minio_to_snowflake_dag.py
[2026-07-06T18:40:52.340+0000] {processor.py:830} INFO - Processing file /opt/airflow/dags/minio_to_snowflake_dag.py for tasks to queue
[2026-07-06T18:40:52.342+0000] {logging_mixin.py:188} INFO - [2026-07-06T18:40:52.341+0000] {dagbag.py:545} INFO - Filling up the DagBag from /opt/airflow/dags/minio_to_snowflake_dag.py
[2026-07-06T18:40:53.253+0000] {processor.py:840} INFO - DAG(s) 'minio_to_snowflake_ecommerce' retrieved from /opt/airflow/dags/minio_to_snowflake_dag.py
[2026-07-06T18:40:53.301+0000] {logging_mixin.py:188} INFO - [2026-07-06T18:40:53.300+0000] {dag.py:3089} INFO - Sync 1 DAGs
[2026-07-06T18:40:53.347+0000] {logging_mixin.py:188} INFO - [2026-07-06T18:40:53.347+0000] {dag.py:3947} INFO - Setting next_dagrun for minio_to_snowflake_ecommerce to 2026-07-06 18:39:00+00:00, run_after=2026-07-06 18:40:00+00:00
[2026-07-06T18:40:53.381+0000] {processor.py:183} INFO - Processing /opt/airflow/dags/minio_to_snowflake_dag.py took 1.052 seconds
[2026-07-06T18:41:23.813+0000] {processor.py:161} INFO - Started process (PID=56593) to work on /opt/airflow/dags/minio_to_snowflake_dag.py
[2026-07-06T18:41:23.817+0000] {processor.py:830} INFO - Processing file /opt/airflow/dags/minio_to_snowflake_dag.py for tasks to queue
[2026-07-06T18:41:23.821+0000] {logging_mixin.py:188} INFO - [2026-07-06T18:41:23.820+0000] {dagbag.py:545} INFO - Filling up the DagBag from /opt/airflow/dags/minio_to_snowflake_dag.py
[2026-07-06T18:41:24.840+0000] {processor.py:840} INFO - DAG(s) 'minio_to_snowflake_ecommerce' retrieved from /opt/airflow/dags/minio_to_snowflake_dag.py
[2026-07-06T18:41:24.874+0000] {logging_mixin.py:188} INFO - [2026-07-06T18:41:24.874+0000] {dag.py:3089} INFO - Sync 1 DAGs
[2026-07-06T18:41:24.906+0000] {logging_mixin.py:188} INFO - [2026-07-06T18:41:24.906+0000] {dag.py:3947} INFO - Setting next_dagrun for minio_to_snowflake_ecommerce to 2026-07-06 18:40:00+00:00, run_after=2026-07-06 18:41:00+00:00
[2026-07-06T18:41:24.933+0000] {processor.py:183} INFO - Processing /opt/airflow/dags/minio_to_snowflake_dag.py took 1.146 seconds
[2026-07-06T18:41:55.508+0000] {processor.py:161} INFO - Started process (PID=56598) to work on /opt/airflow/dags/minio_to_snowflake_dag.py
[2026-07-06T18:41:55.509+0000] {processor.py:830} INFO - Processing file /opt/airflow/dags/minio_to_snowflake_dag.py for tasks to queue
[2026-07-06T18:41:55.511+0000] {logging_mixin.py:188} INFO - [2026-07-06T18:41:55.511+0000] {dagbag.py:545} INFO - Filling up the DagBag from /opt/airflow/dags/minio_to_snowflake_dag.py
[2026-07-06T18:41:56.971+0000] {processor.py:840} INFO - DAG(s) 'minio_to_snowflake_ecommerce' retrieved from /opt/airflow/dags/minio_to_snowflake_dag.py
[2026-07-06T18:41:57.004+0000] {logging_mixin.py:188} INFO - [2026-07-06T18:41:57.003+0000] {dag.py:3089} INFO - Sync 1 DAGs
[2026-07-06T18:41:57.043+0000] {logging_mixin.py:188} INFO - [2026-07-06T18:41:57.042+0000] {dag.py:3947} INFO - Setting next_dagrun for minio_to_snowflake_ecommerce to 2026-07-06 18:40:00+00:00, run_after=2026-07-06 18:41:00+00:00
[2026-07-06T18:41:57.076+0000] {processor.py:183} INFO - Processing /opt/airflow/dags/minio_to_snowflake_dag.py took 1.578 seconds
[2026-07-06T18:42:27.385+0000] {processor.py:161} INFO - Started process (PID=56603) to work on /opt/airflow/dags/minio_to_snowflake_dag.py
[2026-07-06T18:42:27.387+0000] {processor.py:830} INFO - Processing file /opt/airflow/dags/minio_to_snowflake_dag.py for tasks to queue
[2026-07-06T18:42:27.391+0000] {logging_mixin.py:188} INFO - [2026-07-06T18:42:27.389+0000] {dagbag.py:545} INFO - Filling up the DagBag from /opt/airflow/dags/minio_to_snowflake_dag.py
[2026-07-06T18:42:29.301+0000] {processor.py:840} INFO - DAG(s) 'minio_to_snowflake_ecommerce' retrieved from /opt/airflow/dags/minio_to_snowflake_dag.py
[2026-07-06T18:42:29.357+0000] {logging_mixin.py:188} INFO - [2026-07-06T18:42:29.357+0000] {dag.py:3089} INFO - Sync 1 DAGs
[2026-07-06T18:42:29.412+0000] {logging_mixin.py:188} INFO - [2026-07-06T18:42:29.412+0000] {dag.py:3947} INFO - Setting next_dagrun for minio_to_snowflake_ecommerce to 2026-07-06 18:41:00+00:00, run_after=2026-07-06 18:42:00+00:00
[2026-07-06T18:42:29.453+0000] {processor.py:183} INFO - Processing /opt/airflow/dags/minio_to_snowflake_dag.py took 2.094 seconds
[2026-07-06T18:42:59.894+0000] {processor.py:161} INFO - Started process (PID=56608) to work on /opt/airflow/dags/minio_to_snowflake_dag.py
[2026-07-06T18:42:59.895+0000] {processor.py:830} INFO - Processing file /opt/airflow/dags/minio_to_snowflake_dag.py for tasks to queue
[2026-07-06T18:42:59.897+0000] {logging_mixin.py:188} INFO - [2026-07-06T18:42:59.897+0000] {dagbag.py:545} INFO - Filling up the DagBag from /opt/airflow/dags/minio_to_snowflake_dag.py
[2026-07-06T18:43:01.157+0000] {processor.py:840} INFO - DAG(s) 'minio_to_snowflake_ecommerce' retrieved from /opt/airflow/dags/minio_to_snowflake_dag.py
[2026-07-06T18:43:01.233+0000] {logging_mixin.py:188} INFO - [2026-07-06T18:43:01.231+0000] {dag.py:3089} INFO - Sync 1 DAGs
[2026-07-06T18:43:01.299+0000] {logging_mixin.py:188} INFO - [2026-07-06T18:43:01.298+0000] {dag.py:3947} INFO - Setting next_dagrun for minio_to_snowflake_ecommerce to 2026-07-06 18:42:00+00:00, run_after=2026-07-06 18:43:00+00:00
[2026-07-06T18:43:01.357+0000] {processor.py:183} INFO - Processing /opt/airflow/dags/minio_to_snowflake_dag.py took 1.473 seconds
[2026-07-06T18:43:31.604+0000] {processor.py:161} INFO - Started process (PID=56613) to work on /opt/airflow/dags/minio_to_snowflake_dag.py
[2026-07-06T18:43:31.607+0000] {processor.py:830} INFO - Processing file /opt/airflow/dags/minio_to_snowflake_dag.py for tasks to queue
[2026-07-06T18:43:31.610+0000] {logging_mixin.py:188} INFO - [2026-07-06T18:43:31.609+0000] {dagbag.py:545} INFO - Filling up the DagBag from /opt/airflow/dags/minio_to_snowflake_dag.py
[2026-07-06T18:43:32.569+0000] {processor.py:840} INFO - DAG(s) 'minio_to_snowflake_ecommerce' retrieved from /opt/airflow/dags/minio_to_snowflake_dag.py
[2026-07-06T18:43:32.605+0000] {logging_mixin.py:188} INFO - [2026-07-06T18:43:32.604+0000] {dag.py:3089} INFO - Sync 1 DAGs
[2026-07-06T18:43:32.638+0000] {logging_mixin.py:188} INFO - [2026-07-06T18:43:32.637+0000] {dag.py:3947} INFO - Setting next_dagrun for minio_to_snowflake_ecommerce to 2026-07-06 18:42:00+00:00, run_after=2026-07-06 18:43:00+00:00
[2026-07-06T18:43:32.674+0000] {processor.py:183} INFO - Processing /opt/airflow/dags/minio_to_snowflake_dag.py took 1.088 seconds
[2026-07-06T18:44:03.084+0000] {processor.py:161} INFO - Started process (PID=56618) to work on /opt/airflow/dags/minio_to_snowflake_dag.py
[2026-07-06T18:44:03.086+0000] {processor.py:830} INFO - Processing file /opt/airflow/dags/minio_to_snowflake_dag.py for tasks to queue
[2026-07-06T18:44:03.088+0000] {logging_mixin.py:188} INFO - [2026-07-06T18:44:03.087+0000] {dagbag.py:545} INFO - Filling up the DagBag from /opt/airflow/dags/minio_to_snowflake_dag.py
[2026-07-06T18:44:03.927+0000] {processor.py:840} INFO - DAG(s) 'minio_to_snowflake_ecommerce' retrieved from /opt/airflow/dags/minio_to_snowflake_dag.py
[2026-07-06T18:44:03.994+0000] {logging_mixin.py:188} INFO - [2026-07-06T18:44:03.993+0000] {dag.py:3089} INFO - Sync 1 DAGs
[2026-07-06T18:44:04.044+0000] {logging_mixin.py:188} INFO - [2026-07-06T18:44:04.043+0000] {dag.py:3947} INFO - Setting next_dagrun for minio_to_snowflake_ecommerce to 2026-07-06 18:43:00+00:00, run_after=2026-07-06 18:44:00+00:00
[2026-07-06T18:44:04.075+0000] {processor.py:183} INFO - Processing /opt/airflow/dags/minio_to_snowflake_dag.py took 1.000 seconds
[2026-07-06T18:44:34.557+0000] {processor.py:161} INFO - Started process (PID=56623) to work on /opt/airflow/dags/minio_to_snowflake_dag.py
[2026-07-06T18:44:34.559+0000] {processor.py:830} INFO - Processing file /opt/airflow/dags/minio_to_snowflake_dag.py for tasks to queue
[2026-07-06T18:44:34.561+0000] {logging_mixin.py:188} INFO - [2026-07-06T18:44:34.560+0000] {dagbag.py:545} INFO - Filling up the DagBag from /opt/airflow/dags/minio_to_snowflake_dag.py
[2026-07-06T18:44:35.419+0000] {processor.py:840} INFO - DAG(s) 'minio_to_snowflake_ecommerce' retrieved from /opt/airflow/dags/minio_to_snowflake_dag.py
[2026-07-06T18:44:35.467+0000] {logging_mixin.py:188} INFO - [2026-07-06T18:44:35.466+0000] {dag.py:3089} INFO - Sync 1 DAGs
[2026-07-06T18:44:35.498+0000] {logging_mixin.py:188} INFO - [2026-07-06T18:44:35.497+0000] {dag.py:3947} INFO - Setting next_dagrun for minio_to_snowflake_ecommerce to 2026-07-06 18:43:00+00:00, run_after=2026-07-06 18:44:00+00:00
[2026-07-06T18:44:35.533+0000] {processor.py:183} INFO - Processing /opt/airflow/dags/minio_to_snowflake_dag.py took 0.987 seconds
[2026-07-06T18:45:05.992+0000] {processor.py:161} INFO - Started process (PID=56628) to work on /opt/airflow/dags/minio_to_snowflake_dag.py
[2026-07-06T18:45:05.994+0000] {processor.py:830} INFO - Processing file /opt/airflow/dags/minio_to_snowflake_dag.py for tasks to queue
[2026-07-06T18:45:05.995+0000] {logging_mixin.py:188} INFO - [2026-07-06T18:45:05.994+0000] {dagbag.py:545} INFO - Filling up the DagBag from /opt/airflow/dags/minio_to_snowflake_dag.py
[2026-07-06T18:45:06.835+0000] {processor.py:840} INFO - DAG(s) 'minio_to_snowflake_ecommerce' retrieved from /opt/airflow/dags/minio_to_snowflake_dag.py
[2026-07-06T18:45:06.872+0000] {logging_mixin.py:188} INFO - [2026-07-06T18:45:06.871+0000] {dag.py:3089} INFO - Sync 1 DAGs
[2026-07-06T18:45:06.899+0000] {logging_mixin.py:188} INFO - [2026-07-06T18:45:06.899+0000] {dag.py:3947} INFO - Setting next_dagrun for minio_to_snowflake_ecommerce to 2026-07-06 18:44:00+00:00, run_after=2026-07-06 18:45:00+00:00
[2026-07-06T18:45:06.922+0000] {processor.py:183} INFO - Processing /opt/airflow/dags/minio_to_snowflake_dag.py took 0.938 seconds
[2026-07-06T18:45:37.593+0000] {processor.py:161} INFO - Started process (PID=56633) to work on /opt/airflow/dags/minio_to_snowflake_dag.py
[2026-07-06T18:45:37.595+0000] {processor.py:830} INFO - Processing file /opt/airflow/dags/minio_to_snowflake_dag.py for tasks to queue
[2026-07-06T18:45:37.597+0000] {logging_mixin.py:188} INFO - [2026-07-06T18:45:37.596+0000] {dagbag.py:545} INFO - Filling up the DagBag from /opt/airflow/dags/minio_to_snowflake_dag.py
[2026-07-06T18:45:38.390+0000] {processor.py:840} INFO - DAG(s) 'minio_to_snowflake_ecommerce' retrieved from /opt/airflow/dags/minio_to_snowflake_dag.py
[2026-07-06T18:45:38.422+0000] {logging_mixin.py:188} INFO - [2026-07-06T18:45:38.422+0000] {dag.py:3089} INFO - Sync 1 DAGs
[2026-07-06T18:45:38.450+0000] {logging_mixin.py:188} INFO - [2026-07-06T18:45:38.449+0000] {dag.py:3947} INFO - Setting next_dagrun for minio_to_snowflake_ecommerce to 2026-07-06 18:44:00+00:00, run_after=2026-07-06 18:45:00+00:00
[2026-07-06T18:45:38.473+0000] {processor.py:183} INFO - Processing /opt/airflow/dags/minio_to_snowflake_dag.py took 0.892 seconds
[2026-07-06T18:46:09.172+0000] {processor.py:161} INFO - Started process (PID=56638) to work on /opt/airflow/dags/minio_to_snowflake_dag.py
[2026-07-06T18:46:09.174+0000] {processor.py:830} INFO - Processing file /opt/airflow/dags/minio_to_snowflake_dag.py for tasks to queue
[2026-07-06T18:46:09.175+0000] {logging_mixin.py:188} INFO - [2026-07-06T18:46:09.175+0000] {dagbag.py:545} INFO - Filling up the DagBag from /opt/airflow/dags/minio_to_snowflake_dag.py
[2026-07-06T18:46:10.025+0000] {processor.py:840} INFO - DAG(s) 'minio_to_snowflake_ecommerce' retrieved from /opt/airflow/dags/minio_to_snowflake_dag.py
[2026-07-06T18:46:10.056+0000] {logging_mixin.py:188} INFO - [2026-07-06T18:46:10.055+0000] {dag.py:3089} INFO - Sync 1 DAGs
[2026-07-06T18:46:10.096+0000] {logging_mixin.py:188} INFO - [2026-07-06T18:46:10.096+0000] {dag.py:3947} INFO - Setting next_dagrun for minio_to_snowflake_ecommerce to 2026-07-06 18:45:00+00:00, run_after=2026-07-06 18:46:00+00:00
[2026-07-06T18:46:10.139+0000] {processor.py:183} INFO - Processing /opt/airflow/dags/minio_to_snowflake_dag.py took 0.975 seconds
[2026-07-06T18:46:40.708+0000] {processor.py:161} INFO - Started process (PID=56643) to work on /opt/airflow/dags/minio_to_snowflake_dag.py
[2026-07-06T18:46:40.709+0000] {processor.py:830} INFO - Processing file /opt/airflow/dags/minio_to_snowflake_dag.py for tasks to queue
[2026-07-06T18:46:40.710+0000] {logging_mixin.py:188} INFO - [2026-07-06T18:46:40.710+0000] {dagbag.py:545} INFO - Filling up the DagBag from /opt/airflow/dags/minio_to_snowflake_dag.py
[2026-07-06T18:46:41.500+0000] {processor.py:840} INFO - DAG(s) 'minio_to_snowflake_ecommerce' retrieved from /opt/airflow/dags/minio_to_snowflake_dag.py
[2026-07-06T18:46:41.534+0000] {logging_mixin.py:188} INFO - [2026-07-06T18:46:41.533+0000] {dag.py:3089} INFO - Sync 1 DAGs
[2026-07-06T18:46:41.562+0000] {logging_mixin.py:188} INFO - [2026-07-06T18:46:41.561+0000] {dag.py:3947} INFO - Setting next_dagrun for minio_to_snowflake_ecommerce to 2026-07-06 18:45:00+00:00, run_after=2026-07-06 18:46:00+00:00
[2026-07-06T18:46:41.587+0000] {processor.py:183} INFO - Processing /opt/airflow/dags/minio_to_snowflake_dag.py took 0.887 seconds
[2026-07-06T18:47:12.127+0000] {processor.py:161} INFO - Started process (PID=56648) to work on /opt/airflow/dags/minio_to_snowflake_dag.py
[2026-07-06T18:47:12.129+0000] {processor.py:830} INFO - Processing file /opt/airflow/dags/minio_to_snowflake_dag.py for tasks to queue
[2026-07-06T18:47:12.132+0000] {logging_mixin.py:188} INFO - [2026-07-06T18:47:12.131+0000] {dagbag.py:545} INFO - Filling up the DagBag from /opt/airflow/dags/minio_to_snowflake_dag.py
[2026-07-06T18:47:12.966+0000] {processor.py:840} INFO - DAG(s) 'minio_to_snowflake_ecommerce' retrieved from /opt/airflow/dags/minio_to_snowflake_dag.py
[2026-07-06T18:47:13.003+0000] {logging_mixin.py:188} INFO - [2026-07-06T18:47:13.002+0000] {dag.py:3089} INFO - Sync 1 DAGs
[2026-07-06T18:47:13.044+0000] {logging_mixin.py:188} INFO - [2026-07-06T18:47:13.044+0000] {dag.py:3947} INFO - Setting next_dagrun for minio_to_snowflake_ecommerce to 2026-07-06 18:46:00+00:00, run_after=2026-07-06 18:47:00+00:00
[2026-07-06T18:47:13.087+0000] {processor.py:183} INFO - Processing /opt/airflow/dags/minio_to_snowflake_dag.py took 0.970 seconds
[2026-07-06T18:47:43.774+0000] {processor.py:161} INFO - Started process (PID=56653) to work on /opt/airflow/dags/minio_to_snowflake_dag.py
[2026-07-06T18:47:43.780+0000] {processor.py:830} INFO - Processing file /opt/airflow/dags/minio_to_snowflake_dag.py for tasks to queue
[2026-07-06T18:47:43.785+0000] {logging_mixin.py:188} INFO - [2026-07-06T18:47:43.783+0000] {dagbag.py:545} INFO - Filling up the DagBag from /opt/airflow/dags/minio_to_snowflake_dag.py
[2026-07-06T18:47:44.881+0000] {processor.py:840} INFO - DAG(s) 'minio_to_snowflake_ecommerce' retrieved from /opt/airflow/dags/minio_to_snowflake_dag.py
[2026-07-06T18:47:44.929+0000] {logging_mixin.py:188} INFO - [2026-07-06T18:47:44.928+0000] {dag.py:3089} INFO - Sync 1 DAGs
[2026-07-06T18:47:44.969+0000] {logging_mixin.py:188} INFO - [2026-07-06T18:47:44.968+0000] {dag.py:3947} INFO - Setting next_dagrun for minio_to_snowflake_ecommerce to 2026-07-06 18:46:00+00:00, run_after=2026-07-06 18:47:00+00:00
[2026-07-06T18:47:44.993+0000] {processor.py:183} INFO - Processing /opt/airflow/dags/minio_to_snowflake_dag.py took 1.254 seconds
[2026-07-06T18:48:15.678+0000] {processor.py:161} INFO - Started process (PID=56658) to work on /opt/airflow/dags/minio_to_snowflake_dag.py
[2026-07-06T18:48:15.685+0000] {processor.py:830} INFO - Processing file /opt/airflow/dags/minio_to_snowflake_dag.py for tasks to queue
[2026-07-06T18:48:15.692+0000] {logging_mixin.py:188} INFO - [2026-07-06T18:48:15.689+0000] {dagbag.py:545} INFO - Filling up the DagBag from /opt/airflow/dags/minio_to_snowflake_dag.py
[2026-07-06T18:48:16.893+0000] {processor.py:840} INFO - DAG(s) 'minio_to_snowflake_ecommerce' retrieved from /opt/airflow/dags/minio_to_snowflake_dag.py
[2026-07-06T18:48:16.924+0000] {logging_mixin.py:188} INFO - [2026-07-06T18:48:16.923+0000] {dag.py:3089} INFO - Sync 1 DAGs
[2026-07-06T18:48:16.953+0000] {logging_mixin.py:188} INFO - [2026-07-06T18:48:16.953+0000] {dag.py:3947} INFO - Setting next_dagrun for minio_to_snowflake_ecommerce to 2026-07-06 18:47:00+00:00, run_after=2026-07-06 18:48:00+00:00
[2026-07-06T18:48:16.979+0000] {processor.py:183} INFO - Processing /opt/airflow/dags/minio_to_snowflake_dag.py took 1.344 seconds
[2026-07-06T18:48:47.609+0000] {processor.py:161} INFO - Started process (PID=56663) to work on /opt/airflow/dags/minio_to_snowflake_dag.py
[2026-07-06T18:48:47.611+0000] {processor.py:830} INFO - Processing file /opt/airflow/dags/minio_to_snowflake_dag.py for tasks to queue
[2026-07-06T18:48:47.612+0000] {logging_mixin.py:188} INFO - [2026-07-06T18:48:47.612+0000] {dagbag.py:545} INFO - Filling up the DagBag from /opt/airflow/dags/minio_to_snowflake_dag.py
[2026-07-06T18:48:48.434+0000] {processor.py:840} INFO - DAG(s) 'minio_to_snowflake_ecommerce' retrieved from /opt/airflow/dags/minio_to_snowflake_dag.py
[2026-07-06T18:48:48.466+0000] {logging_mixin.py:188} INFO - [2026-07-06T18:48:48.465+0000] {dag.py:3089} INFO - Sync 1 DAGs
[2026-07-06T18:48:48.500+0000] {logging_mixin.py:188} INFO - [2026-07-06T18:48:48.499+0000] {dag.py:3947} INFO - Setting next_dagrun for minio_to_snowflake_ecommerce to 2026-07-06 18:47:00+00:00, run_after=2026-07-06 18:48:00+00:00
[2026-07-06T18:48:48.528+0000] {processor.py:183} INFO - Processing /opt/airflow/dags/minio_to_snowflake_dag.py took 0.930 seconds
[2026-07-06T18:49:19.268+0000] {processor.py:161} INFO - Started process (PID=56668) to work on /opt/airflow/dags/minio_to_snowflake_dag.py
[2026-07-06T18:49:19.273+0000] {processor.py:830} INFO - Processing file /opt/airflow/dags/minio_to_snowflake_dag.py for tasks to queue
[2026-07-06T18:49:19.276+0000] {logging_mixin.py:188} INFO - [2026-07-06T18:49:19.275+0000] {dagbag.py:545} INFO - Filling up the DagBag from /opt/airflow/dags/minio_to_snowflake_dag.py
[2026-07-06T18:49:20.488+0000] {processor.py:840} INFO - DAG(s) 'minio_to_snowflake_ecommerce' retrieved from /opt/airflow/dags/minio_to_snowflake_dag.py
[2026-07-06T18:49:20.523+0000] {logging_mixin.py:188} INFO - [2026-07-06T18:49:20.523+0000] {dag.py:3089} INFO - Sync 1 DAGs
[2026-07-06T18:49:20.549+0000] {logging_mixin.py:188} INFO - [2026-07-06T18:49:20.549+0000] {dag.py:3947} INFO - Setting next_dagrun for minio_to_snowflake_ecommerce to 2026-07-06 18:48:00+00:00, run_after=2026-07-06 18:49:00+00:00
[2026-07-06T18:49:20.584+0000] {processor.py:183} INFO - Processing /opt/airflow/dags/minio_to_snowflake_dag.py took 1.332 seconds
[2026-07-06T18:49:51.007+0000] {processor.py:161} INFO - Started process (PID=56674) to work on /opt/airflow/dags/minio_to_snowflake_dag.py
[2026-07-06T18:49:51.009+0000] {processor.py:830} INFO - Processing file /opt/airflow/dags/minio_to_snowflake_dag.py for tasks to queue
[2026-07-06T18:49:51.010+0000] {logging_mixin.py:188} INFO - [2026-07-06T18:49:51.009+0000] {dagbag.py:545} INFO - Filling up the DagBag from /opt/airflow/dags/minio_to_snowflake_dag.py
[2026-07-06T18:49:51.857+0000] {processor.py:840} INFO - DAG(s) 'minio_to_snowflake_ecommerce' retrieved from /opt/airflow/dags/minio_to_snowflake_dag.py
[2026-07-06T18:49:51.889+0000] {logging_mixin.py:188} INFO - [2026-07-06T18:49:51.889+0000] {dag.py:3089} INFO - Sync 1 DAGs
[2026-07-06T18:49:51.917+0000] {logging_mixin.py:188} INFO - [2026-07-06T18:49:51.916+0000] {dag.py:3947} INFO - Setting next_dagrun for minio_to_snowflake_ecommerce to 2026-07-06 18:48:00+00:00, run_after=2026-07-06 18:49:00+00:00
[2026-07-06T18:49:51.938+0000] {processor.py:183} INFO - Processing /opt/airflow/dags/minio_to_snowflake_dag.py took 0.940 seconds
[2026-07-06T18:50:22.608+0000] {processor.py:161} INFO - Started process (PID=56679) to work on /opt/airflow/dags/minio_to_snowflake_dag.py
[2026-07-06T18:50:22.609+0000] {processor.py:830} INFO - Processing file /opt/airflow/dags/minio_to_snowflake_dag.py for tasks to queue
[2026-07-06T18:50:22.612+0000] {logging_mixin.py:188} INFO - [2026-07-06T18:50:22.611+0000] {dagbag.py:545} INFO - Filling up the DagBag from /opt/airflow/dags/minio_to_snowflake_dag.py
[2026-07-06T18:50:23.508+0000] {processor.py:840} INFO - DAG(s) 'minio_to_snowflake_ecommerce' retrieved from /opt/airflow/dags/minio_to_snowflake_dag.py
[2026-07-06T18:50:23.536+0000] {logging_mixin.py:188} INFO - [2026-07-06T18:50:23.536+0000] {dag.py:3089} INFO - Sync 1 DAGs
[2026-07-06T18:50:23.566+0000] {logging_mixin.py:188} INFO - [2026-07-06T18:50:23.566+0000] {dag.py:3947} INFO - Setting next_dagrun for minio_to_snowflake_ecommerce to 2026-07-06 18:49:00+00:00, run_after=2026-07-06 18:50:00+00:00
[2026-07-06T18:50:23.594+0000] {processor.py:183} INFO - Processing /opt/airflow/dags/minio_to_snowflake_dag.py took 1.001 seconds
[2026-07-06T18:50:54.113+0000] {processor.py:161} INFO - Started process (PID=56684) to work on /opt/airflow/dags/minio_to_snowflake_dag.py
[2026-07-06T18:50:54.115+0000] {processor.py:830} INFO - Processing file /opt/airflow/dags/minio_to_snowflake_dag.py for tasks to queue
[2026-07-06T18:50:54.117+0000] {logging_mixin.py:188} INFO - [2026-07-06T18:50:54.117+0000] {dagbag.py:545} INFO - Filling up the DagBag from /opt/airflow/dags/minio_to_snowflake_dag.py
[2026-07-06T18:50:55.246+0000] {processor.py:840} INFO - DAG(s) 'minio_to_snowflake_ecommerce' retrieved from /opt/airflow/dags/minio_to_snowflake_dag.py
[2026-07-06T18:50:55.325+0000] {logging_mixin.py:188} INFO - [2026-07-06T18:50:55.324+0000] {dag.py:3089} INFO - Sync 1 DAGs
[2026-07-06T18:50:55.374+0000] {logging_mixin.py:188} INFO - [2026-07-06T18:50:55.374+0000] {dag.py:3947} INFO - Setting next_dagrun for minio_to_snowflake_ecommerce to 2026-07-06 18:49:00+00:00, run_after=2026-07-06 18:50:00+00:00
[2026-07-06T18:50:55.398+0000] {processor.py:183} INFO - Processing /opt/airflow/dags/minio_to_snowflake_dag.py took 1.295 seconds
[2026-07-06T18:51:25.967+0000] {processor.py:161} INFO - Started process (PID=56689) to work on /opt/airflow/dags/minio_to_snowflake_dag.py
[2026-07-06T18:51:25.970+0000] {processor.py:830} INFO - Processing file /opt/airflow/dags/minio_to_snowflake_dag.py for tasks to queue
[2026-07-06T18:51:25.972+0000] {logging_mixin.py:188} INFO - [2026-07-06T18:51:25.971+0000] {dagbag.py:545} INFO - Filling up the DagBag from /opt/airflow/dags/minio_to_snowflake_dag.py
[2026-07-06T18:51:26.964+0000] {processor.py:840} INFO - DAG(s) 'minio_to_snowflake_ecommerce' retrieved from /opt/airflow/dags/minio_to_snowflake_dag.py
[2026-07-06T18:51:27.003+0000] {logging_mixin.py:188} INFO - [2026-07-06T18:51:27.002+0000] {dag.py:3089} INFO - Sync 1 DAGs
[2026-07-06T18:51:27.031+0000] {logging_mixin.py:188} INFO - [2026-07-06T18:51:27.031+0000] {dag.py:3947} INFO - Setting next_dagrun for minio_to_snowflake_ecommerce to 2026-07-06 18:50:00+00:00, run_after=2026-07-06 18:51:00+00:00
[2026-07-06T18:51:27.060+0000] {processor.py:183} INFO - Processing /opt/airflow/dags/minio_to_snowflake_dag.py took 1.108 seconds
[2026-07-06T18:51:57.658+0000] {processor.py:161} INFO - Started process (PID=56694) to work on /opt/airflow/dags/minio_to_snowflake_dag.py
[2026-07-06T18:51:57.661+0000] {processor.py:830} INFO - Processing file /opt/airflow/dags/minio_to_snowflake_dag.py for tasks to queue
[2026-07-06T18:51:57.664+0000] {logging_mixin.py:188} INFO - [2026-07-06T18:51:57.663+0000] {dagbag.py:545} INFO - Filling up the DagBag from /opt/airflow/dags/minio_to_snowflake_dag.py
[2026-07-06T18:51:58.544+0000] {processor.py:840} INFO - DAG(s) 'minio_to_snowflake_ecommerce' retrieved from /opt/airflow/dags/minio_to_snowflake_dag.py
[2026-07-06T18:51:58.577+0000] {logging_mixin.py:188} INFO - [2026-07-06T18:51:58.576+0000] {dag.py:3089} INFO - Sync 1 DAGs
[2026-07-06T18:51:58.607+0000] {logging_mixin.py:188} INFO - [2026-07-06T18:51:58.606+0000] {dag.py:3947} INFO - Setting next_dagrun for minio_to_snowflake_ecommerce to 2026-07-06 18:50:00+00:00, run_after=2026-07-06 18:51:00+00:00
[2026-07-06T18:51:58.633+0000] {processor.py:183} INFO - Processing /opt/airflow/dags/minio_to_snowflake_dag.py took 1.006 seconds
[2026-07-06T18:52:29.090+0000] {processor.py:161} INFO - Started process (PID=56699) to work on /opt/airflow/dags/minio_to_snowflake_dag.py
[2026-07-06T18:52:29.091+0000] {processor.py:830} INFO - Processing file /opt/airflow/dags/minio_to_snowflake_dag.py for tasks to queue
[2026-07-06T18:52:29.092+0000] {logging_mixin.py:188} INFO - [2026-07-06T18:52:29.092+0000] {dagbag.py:545} INFO - Filling up the DagBag from /opt/airflow/dags/minio_to_snowflake_dag.py
[2026-07-06T18:52:29.956+0000] {processor.py:840} INFO - DAG(s) 'minio_to_snowflake_ecommerce' retrieved from /opt/airflow/dags/minio_to_snowflake_dag.py
[2026-07-06T18:52:30.004+0000] {logging_mixin.py:188} INFO - [2026-07-06T18:52:30.003+0000] {dag.py:3089} INFO - Sync 1 DAGs
[2026-07-06T18:52:30.034+0000] {logging_mixin.py:188} INFO - [2026-07-06T18:52:30.033+0000] {dag.py:3947} INFO - Setting next_dagrun for minio_to_snowflake_ecommerce to 2026-07-06 18:51:00+00:00, run_after=2026-07-06 18:52:00+00:00
[2026-07-06T18:52:30.069+0000] {processor.py:183} INFO - Processing /opt/airflow/dags/minio_to_snowflake_dag.py took 0.988 seconds
[2026-07-06T18:53:00.773+0000] {processor.py:161} INFO - Started process (PID=56704) to work on /opt/airflow/dags/minio_to_snowflake_dag.py
[2026-07-06T18:53:00.776+0000] {processor.py:830} INFO - Processing file /opt/airflow/dags/minio_to_snowflake_dag.py for tasks to queue
[2026-07-06T18:53:00.780+0000] {logging_mixin.py:188} INFO - [2026-07-06T18:53:00.779+0000] {dagbag.py:545} INFO - Filling up the DagBag from /opt/airflow/dags/minio_to_snowflake_dag.py
[2026-07-06T18:53:01.705+0000] {processor.py:840} INFO - DAG(s) 'minio_to_snowflake_ecommerce' retrieved from /opt/airflow/dags/minio_to_snowflake_dag.py
[2026-07-06T18:53:01.765+0000] {logging_mixin.py:188} INFO - [2026-07-06T18:53:01.764+0000] {dag.py:3089} INFO - Sync 1 DAGs
[2026-07-06T18:53:01.793+0000] {logging_mixin.py:188} INFO - [2026-07-06T18:53:01.793+0000] {dag.py:3947} INFO - Setting next_dagrun for minio_to_snowflake_ecommerce to 2026-07-06 18:52:00+00:00, run_after=2026-07-06 18:53:00+00:00
[2026-07-06T18:53:01.817+0000] {processor.py:183} INFO - Processing /opt/airflow/dags/minio_to_snowflake_dag.py took 1.067 seconds
[2026-07-06T18:53:32.385+0000] {processor.py:161} INFO - Started process (PID=56709) to work on /opt/airflow/dags/minio_to_snowflake_dag.py
[2026-07-06T18:53:32.387+0000] {processor.py:830} INFO - Processing file /opt/airflow/dags/minio_to_snowflake_dag.py for tasks to queue
[2026-07-06T18:53:32.390+0000] {logging_mixin.py:188} INFO - [2026-07-06T18:53:32.389+0000] {dagbag.py:545} INFO - Filling up the DagBag from /opt/airflow/dags/minio_to_snowflake_dag.py
[2026-07-06T18:53:33.476+0000] {processor.py:840} INFO - DAG(s) 'minio_to_snowflake_ecommerce' retrieved from /opt/airflow/dags/minio_to_snowflake_dag.py
[2026-07-06T18:53:33.520+0000] {logging_mixin.py:188} INFO - [2026-07-06T18:53:33.519+0000] {dag.py:3089} INFO - Sync 1 DAGs
[2026-07-06T18:53:33.554+0000] {logging_mixin.py:188} INFO - [2026-07-06T18:53:33.554+0000] {dag.py:3947} INFO - Setting next_dagrun for minio_to_snowflake_ecommerce to 2026-07-06 18:52:00+00:00, run_after=2026-07-06 18:53:00+00:00
[2026-07-06T18:53:33.582+0000] {processor.py:183} INFO - Processing /opt/airflow/dags/minio_to_snowflake_dag.py took 1.205 seconds
[2026-07-06T18:54:04.197+0000] {processor.py:161} INFO - Started process (PID=56714) to work on /opt/airflow/dags/minio_to_snowflake_dag.py
[2026-07-06T18:54:04.199+0000] {processor.py:830} INFO - Processing file /opt/airflow/dags/minio_to_snowflake_dag.py for tasks to queue
[2026-07-06T18:54:04.203+0000] {logging_mixin.py:188} INFO - [2026-07-06T18:54:04.202+0000] {dagbag.py:545} INFO - Filling up the DagBag from /opt/airflow/dags/minio_to_snowflake_dag.py
[2026-07-06T18:54:05.194+0000] {processor.py:840} INFO - DAG(s) 'minio_to_snowflake_ecommerce' retrieved from /opt/airflow/dags/minio_to_snowflake_dag.py
[2026-07-06T18:54:05.232+0000] {logging_mixin.py:188} INFO - [2026-07-06T18:54:05.231+0000] {dag.py:3089} INFO - Sync 1 DAGs
[2026-07-06T18:54:05.260+0000] {logging_mixin.py:188} INFO - [2026-07-06T18:54:05.260+0000] {dag.py:3947} INFO - Setting next_dagrun for minio_to_snowflake_ecommerce to 2026-07-06 18:53:00+00:00, run_after=2026-07-06 18:54:00+00:00
[2026-07-06T18:54:05.294+0000] {processor.py:183} INFO - Processing /opt/airflow/dags/minio_to_snowflake_dag.py took 1.119 seconds
[2026-07-06T18:54:35.853+0000] {processor.py:161} INFO - Started process (PID=56719) to work on /opt/airflow/dags/minio_to_snowflake_dag.py
[2026-07-06T18:54:35.855+0000] {processor.py:830} INFO - Processing file /opt/airflow/dags/minio_to_snowflake_dag.py for tasks to queue
[2026-07-06T18:54:35.858+0000] {logging_mixin.py:188} INFO - [2026-07-06T18:54:35.857+0000] {dagbag.py:545} INFO - Filling up the DagBag from /opt/airflow/dags/minio_to_snowflake_dag.py
[2026-07-06T18:54:37.475+0000] {processor.py:840} INFO - DAG(s) 'minio_to_snowflake_ecommerce' retrieved from /opt/airflow/dags/minio_to_snowflake_dag.py
[2026-07-06T18:54:37.512+0000] {logging_mixin.py:188} INFO - [2026-07-06T18:54:37.512+0000] {dag.py:3089} INFO - Sync 1 DAGs
[2026-07-06T18:54:37.544+0000] {logging_mixin.py:188} INFO - [2026-07-06T18:54:37.543+0000] {dag.py:3947} INFO - Setting next_dagrun for minio_to_snowflake_ecommerce to 2026-07-06 18:53:00+00:00, run_after=2026-07-06 18:54:00+00:00
[2026-07-06T18:54:37.569+0000] {processor.py:183} INFO - Processing /opt/airflow/dags/minio_to_snowflake_dag.py took 1.729 seconds
[2026-07-06T18:55:07.678+0000] {processor.py:161} INFO - Started process (PID=56724) to work on /opt/airflow/dags/minio_to_snowflake_dag.py
[2026-07-06T18:55:07.680+0000] {processor.py:830} INFO - Processing file /opt/airflow/dags/minio_to_snowflake_dag.py for tasks to queue
[2026-07-06T18:55:07.681+0000] {logging_mixin.py:188} INFO - [2026-07-06T18:55:07.680+0000] {dagbag.py:545} INFO - Filling up the DagBag from /opt/airflow/dags/minio_to_snowflake_dag.py
[2026-07-06T18:55:08.561+0000] {processor.py:840} INFO - DAG(s) 'minio_to_snowflake_ecommerce' retrieved from /opt/airflow/dags/minio_to_snowflake_dag.py
[2026-07-06T18:55:08.599+0000] {logging_mixin.py:188} INFO - [2026-07-06T18:55:08.598+0000] {dag.py:3089} INFO - Sync 1 DAGs
[2026-07-06T18:55:08.630+0000] {logging_mixin.py:188} INFO - [2026-07-06T18:55:08.630+0000] {dag.py:3947} INFO - Setting next_dagrun for minio_to_snowflake_ecommerce to 2026-07-06 18:54:00+00:00, run_after=2026-07-06 18:55:00+00:00
[2026-07-06T18:55:08.669+0000] {processor.py:183} INFO - Processing /opt/airflow/dags/minio_to_snowflake_dag.py took 0.999 seconds
[2026-07-06T18:55:39.150+0000] {processor.py:161} INFO - Started process (PID=56729) to work on /opt/airflow/dags/minio_to_snowflake_dag.py
[2026-07-06T18:55:39.152+0000] {processor.py:830} INFO - Processing file /opt/airflow/dags/minio_to_snowflake_dag.py for tasks to queue
[2026-07-06T18:55:39.153+0000] {logging_mixin.py:188} INFO - [2026-07-06T18:55:39.153+0000] {dagbag.py:545} INFO - Filling up the DagBag from /opt/airflow/dags/minio_to_snowflake_dag.py
[2026-07-06T18:55:40.410+0000] {processor.py:840} INFO - DAG(s) 'minio_to_snowflake_ecommerce' retrieved from /opt/airflow/dags/minio_to_snowflake_dag.py
[2026-07-06T18:55:40.441+0000] {logging_mixin.py:188} INFO - [2026-07-06T18:55:40.441+0000] {dag.py:3089} INFO - Sync 1 DAGs
[2026-07-06T18:55:40.467+0000] {logging_mixin.py:188} INFO - [2026-07-06T18:55:40.467+0000] {dag.py:3947} INFO - Setting next_dagrun for minio_to_snowflake_ecommerce to 2026-07-06 18:54:00+00:00, run_after=2026-07-06 18:55:00+00:00
[2026-07-06T18:55:40.492+0000] {processor.py:183} INFO - Processing /opt/airflow/dags/minio_to_snowflake_dag.py took 1.349 seconds
[2026-07-06T18:56:10.962+0000] {processor.py:161} INFO - Started process (PID=56734) to work on /opt/airflow/dags/minio_to_snowflake_dag.py
[2026-07-06T18:56:10.965+0000] {processor.py:830} INFO - Processing file /opt/airflow/dags/minio_to_snowflake_dag.py for tasks to queue
[2026-07-06T18:56:10.967+0000] {logging_mixin.py:188} INFO - [2026-07-06T18:56:10.966+0000] {dagbag.py:545} INFO - Filling up the DagBag from /opt/airflow/dags/minio_to_snowflake_dag.py
[2026-07-06T18:56:12.369+0000] {processor.py:840} INFO - DAG(s) 'minio_to_snowflake_ecommerce' retrieved from /opt/airflow/dags/minio_to_snowflake_dag.py
[2026-07-06T18:56:12.504+0000] {logging_mixin.py:188} INFO - [2026-07-06T18:56:12.502+0000] {dag.py:3089} INFO - Sync 1 DAGs
[2026-07-06T18:56:12.693+0000] {logging_mixin.py:188} INFO - [2026-07-06T18:56:12.692+0000] {dag.py:3947} INFO - Setting next_dagrun for minio_to_snowflake_ecommerce to 2026-07-06 18:55:00+00:00, run_after=2026-07-06 18:56:00+00:00
[2026-07-06T18:56:12.780+0000] {processor.py:183} INFO - Processing /opt/airflow/dags/minio_to_snowflake_dag.py took 1.832 seconds
[2026-07-06T18:56:43.082+0000] {processor.py:161} INFO - Started process (PID=56739) to work on /opt/airflow/dags/minio_to_snowflake_dag.py
[2026-07-06T18:56:43.088+0000] {processor.py:830} INFO - Processing file /opt/airflow/dags/minio_to_snowflake_dag.py for tasks to queue
[2026-07-06T18:56:43.095+0000] {logging_mixin.py:188} INFO - [2026-07-06T18:56:43.093+0000] {dagbag.py:545} INFO - Filling up the DagBag from /opt/airflow/dags/minio_to_snowflake_dag.py
[2026-07-06T18:56:44.118+0000] {processor.py:840} INFO - DAG(s) 'minio_to_snowflake_ecommerce' retrieved from /opt/airflow/dags/minio_to_snowflake_dag.py
[2026-07-06T18:56:44.156+0000] {logging_mixin.py:188} INFO - [2026-07-06T18:56:44.156+0000] {dag.py:3089} INFO - Sync 1 DAGs
[2026-07-06T18:56:44.190+0000] {logging_mixin.py:188} INFO - [2026-07-06T18:56:44.190+0000] {dag.py:3947} INFO - Setting next_dagrun for minio_to_snowflake_ecommerce to 2026-07-06 18:55:00+00:00, run_after=2026-07-06 18:56:00+00:00
[2026-07-06T18:56:44.218+0000] {processor.py:183} INFO - Processing /opt/airflow/dags/minio_to_snowflake_dag.py took 1.175 seconds
[2026-07-06T18:57:14.696+0000] {processor.py:161} INFO - Started process (PID=56744) to work on /opt/airflow/dags/minio_to_snowflake_dag.py
[2026-07-06T18:57:14.700+0000] {processor.py:830} INFO - Processing file /opt/airflow/dags/minio_to_snowflake_dag.py for tasks to queue
[2026-07-06T18:57:14.704+0000] {logging_mixin.py:188} INFO - [2026-07-06T18:57:14.702+0000] {dagbag.py:545} INFO - Filling up the DagBag from /opt/airflow/dags/minio_to_snowflake_dag.py
[2026-07-06T18:57:15.612+0000] {processor.py:840} INFO - DAG(s) 'minio_to_snowflake_ecommerce' retrieved from /opt/airflow/dags/minio_to_snowflake_dag.py
[2026-07-06T18:57:15.644+0000] {logging_mixin.py:188} INFO - [2026-07-06T18:57:15.644+0000] {dag.py:3089} INFO - Sync 1 DAGs
[2026-07-06T18:57:15.676+0000] {logging_mixin.py:188} INFO - [2026-07-06T18:57:15.676+0000] {dag.py:3947} INFO - Setting next_dagrun for minio_to_snowflake_ecommerce to 2026-07-06 18:56:00+00:00, run_after=2026-07-06 18:57:00+00:00
[2026-07-06T18:57:15.701+0000] {processor.py:183} INFO - Processing /opt/airflow/dags/minio_to_snowflake_dag.py took 1.028 seconds
[2026-07-06T18:57:46.011+0000] {processor.py:161} INFO - Started process (PID=56749) to work on /opt/airflow/dags/minio_to_snowflake_dag.py
[2026-07-06T18:57:46.013+0000] {processor.py:830} INFO - Processing file /opt/airflow/dags/minio_to_snowflake_dag.py for tasks to queue
[2026-07-06T18:57:46.016+0000] {logging_mixin.py:188} INFO - [2026-07-06T18:57:46.015+0000] {dagbag.py:545} INFO - Filling up the DagBag from /opt/airflow/dags/minio_to_snowflake_dag.py
[2026-07-06T18:57:47.019+0000] {processor.py:840} INFO - DAG(s) 'minio_to_snowflake_ecommerce' retrieved from /opt/airflow/dags/minio_to_snowflake_dag.py
[2026-07-06T18:57:47.073+0000] {logging_mixin.py:188} INFO - [2026-07-06T18:57:47.072+0000] {dag.py:3089} INFO - Sync 1 DAGs
[2026-07-06T18:57:47.101+0000] {logging_mixin.py:188} INFO - [2026-07-06T18:57:47.100+0000] {dag.py:3947} INFO - Setting next_dagrun for minio_to_snowflake_ecommerce to 2026-07-06 18:56:00+00:00, run_after=2026-07-06 18:57:00+00:00
[2026-07-06T18:57:47.148+0000] {processor.py:183} INFO - Processing /opt/airflow/dags/minio_to_snowflake_dag.py took 1.160 seconds
[2026-07-06T18:58:17.818+0000] {processor.py:161} INFO - Started process (PID=56754) to work on /opt/airflow/dags/minio_to_snowflake_dag.py
[2026-07-06T18:58:17.824+0000] {processor.py:830} INFO - Processing file /opt/airflow/dags/minio_to_snowflake_dag.py for tasks to queue
[2026-07-06T18:58:17.829+0000] {logging_mixin.py:188} INFO - [2026-07-06T18:58:17.827+0000] {dagbag.py:545} INFO - Filling up the DagBag from /opt/airflow/dags/minio_to_snowflake_dag.py
[2026-07-06T18:58:18.901+0000] {processor.py:840} INFO - DAG(s) 'minio_to_snowflake_ecommerce' retrieved from /opt/airflow/dags/minio_to_snowflake_dag.py
[2026-07-06T18:58:18.954+0000] {logging_mixin.py:188} INFO - [2026-07-06T18:58:18.953+0000] {dag.py:3089} INFO - Sync 1 DAGs
[2026-07-06T18:58:19.032+0000] {logging_mixin.py:188} INFO - [2026-07-06T18:58:19.032+0000] {dag.py:3947} INFO - Setting next_dagrun for minio_to_snowflake_ecommerce to 2026-07-06 18:57:00+00:00, run_after=2026-07-06 18:58:00+00:00
[2026-07-06T18:58:19.102+0000] {processor.py:183} INFO - Processing /opt/airflow/dags/minio_to_snowflake_dag.py took 1.319 seconds
[2026-07-06T18:58:49.814+0000] {processor.py:161} INFO - Started process (PID=56759) to work on /opt/airflow/dags/minio_to_snowflake_dag.py
[2026-07-06T18:58:49.816+0000] {processor.py:830} INFO - Processing file /opt/airflow/dags/minio_to_snowflake_dag.py for tasks to queue
[2026-07-06T18:58:49.818+0000] {logging_mixin.py:188} INFO - [2026-07-06T18:58:49.817+0000] {dagbag.py:545} INFO - Filling up the DagBag from /opt/airflow/dags/minio_to_snowflake_dag.py
[2026-07-06T18:58:50.654+0000] {processor.py:840} INFO - DAG(s) 'minio_to_snowflake_ecommerce' retrieved from /opt/airflow/dags/minio_to_snowflake_dag.py
[2026-07-06T18:58:50.690+0000] {logging_mixin.py:188} INFO - [2026-07-06T18:58:50.690+0000] {dag.py:3089} INFO - Sync 1 DAGs
[2026-07-06T18:58:50.731+0000] {logging_mixin.py:188} INFO - [2026-07-06T18:58:50.731+0000] {dag.py:3947} INFO - Setting next_dagrun for minio_to_snowflake_ecommerce to 2026-07-06 18:57:00+00:00, run_after=2026-07-06 18:58:00+00:00
[2026-07-06T18:58:50.760+0000] {processor.py:183} INFO - Processing /opt/airflow/dags/minio_to_snowflake_dag.py took 0.959 seconds
[2026-07-06T18:59:21.327+0000] {processor.py:161} INFO - Started process (PID=56764) to work on /opt/airflow/dags/minio_to_snowflake_dag.py
[2026-07-06T18:59:21.329+0000] {processor.py:830} INFO - Processing file /opt/airflow/dags/minio_to_snowflake_dag.py for tasks to queue
[2026-07-06T18:59:21.330+0000] {logging_mixin.py:188} INFO - [2026-07-06T18:59:21.329+0000] {dagbag.py:545} INFO - Filling up the DagBag from /opt/airflow/dags/minio_to_snowflake_dag.py
[2026-07-06T18:59:22.091+0000] {processor.py:840} INFO - DAG(s) 'minio_to_snowflake_ecommerce' retrieved from /opt/airflow/dags/minio_to_snowflake_dag.py
[2026-07-06T18:59:22.147+0000] {logging_mixin.py:188} INFO - [2026-07-06T18:59:22.146+0000] {dag.py:3089} INFO - Sync 1 DAGs
[2026-07-06T18:59:22.181+0000] {logging_mixin.py:188} INFO - [2026-07-06T18:59:22.181+0000] {dag.py:3947} INFO - Setting next_dagrun for minio_to_snowflake_ecommerce to 2026-07-06 18:58:00+00:00, run_after=2026-07-06 18:59:00+00:00
[2026-07-06T18:59:22.207+0000] {processor.py:183} INFO - Processing /opt/airflow/dags/minio_to_snowflake_dag.py took 0.888 seconds
[2026-07-06T18:59:52.873+0000] {processor.py:161} INFO - Started process (PID=56769) to work on /opt/airflow/dags/minio_to_snowflake_dag.py
[2026-07-06T18:59:52.874+0000] {processor.py:830} INFO - Processing file /opt/airflow/dags/minio_to_snowflake_dag.py for tasks to queue
[2026-07-06T18:59:52.877+0000] {logging_mixin.py:188} INFO - [2026-07-06T18:59:52.876+0000] {dagbag.py:545} INFO - Filling up the DagBag from /opt/airflow/dags/minio_to_snowflake_dag.py
[2026-07-06T18:59:53.928+0000] {processor.py:840} INFO - DAG(s) 'minio_to_snowflake_ecommerce' retrieved from /opt/airflow/dags/minio_to_snowflake_dag.py
[2026-07-06T18:59:53.969+0000] {logging_mixin.py:188} INFO - [2026-07-06T18:59:53.968+0000] {dag.py:3089} INFO - Sync 1 DAGs
[2026-07-06T18:59:54.003+0000] {logging_mixin.py:188} INFO - [2026-07-06T18:59:54.003+0000] {dag.py:3947} INFO - Setting next_dagrun for minio_to_snowflake_ecommerce to 2026-07-06 18:58:00+00:00, run_after=2026-07-06 18:59:00+00:00
[2026-07-06T18:59:54.032+0000] {processor.py:183} INFO - Processing /opt/airflow/dags/minio_to_snowflake_dag.py took 1.169 seconds
[2026-07-06T19:00:24.579+0000] {processor.py:161} INFO - Started process (PID=56774) to work on /opt/airflow/dags/minio_to_snowflake_dag.py
[2026-07-06T19:00:24.582+0000] {processor.py:830} INFO - Processing file /opt/airflow/dags/minio_to_snowflake_dag.py for tasks to queue
[2026-07-06T19:00:24.585+0000] {logging_mixin.py:188} INFO - [2026-07-06T19:00:24.584+0000] {dagbag.py:545} INFO - Filling up the DagBag from /opt/airflow/dags/minio_to_snowflake_dag.py
[2026-07-06T19:00:25.710+0000] {processor.py:840} INFO - DAG(s) 'minio_to_snowflake_ecommerce' retrieved from /opt/airflow/dags/minio_to_snowflake_dag.py
[2026-07-06T19:00:25.772+0000] {logging_mixin.py:188} INFO - [2026-07-06T19:00:25.768+0000] {dag.py:3089} INFO - Sync 1 DAGs
[2026-07-06T19:00:25.816+0000] {logging_mixin.py:188} INFO - [2026-07-06T19:00:25.816+0000] {dag.py:3947} INFO - Setting next_dagrun for minio_to_snowflake_ecommerce to 2026-07-06 18:59:00+00:00, run_after=2026-07-06 19:00:00+00:00
[2026-07-06T19:00:25.848+0000] {processor.py:183} INFO - Processing /opt/airflow/dags/minio_to_snowflake_dag.py took 1.286 seconds
[2026-07-06T19:00:56.277+0000] {processor.py:161} INFO - Started process (PID=56779) to work on /opt/airflow/dags/minio_to_snowflake_dag.py
[2026-07-06T19:00:56.279+0000] {processor.py:830} INFO - Processing file /opt/airflow/dags/minio_to_snowflake_dag.py for tasks to queue
[2026-07-06T19:00:56.281+0000] {logging_mixin.py:188} INFO - [2026-07-06T19:00:56.280+0000] {dagbag.py:545} INFO - Filling up the DagBag from /opt/airflow/dags/minio_to_snowflake_dag.py
[2026-07-06T19:00:57.772+0000] {processor.py:840} INFO - DAG(s) 'minio_to_snowflake_ecommerce' retrieved from /opt/airflow/dags/minio_to_snowflake_dag.py
[2026-07-06T19:00:57.829+0000] {logging_mixin.py:188} INFO - [2026-07-06T19:00:57.828+0000] {dag.py:3089} INFO - Sync 1 DAGs
[2026-07-06T19:00:57.881+0000] {logging_mixin.py:188} INFO - [2026-07-06T19:00:57.881+0000] {dag.py:3947} INFO - Setting next_dagrun for minio_to_snowflake_ecommerce to 2026-07-06 18:59:00+00:00, run_after=2026-07-06 19:00:00+00:00
[2026-07-06T19:00:57.915+0000] {processor.py:183} INFO - Processing /opt/airflow/dags/minio_to_snowflake_dag.py took 1.650 seconds
[2026-07-06T19:01:28.042+0000] {processor.py:161} INFO - Started process (PID=56784) to work on /opt/airflow/dags/minio_to_snowflake_dag.py
[2026-07-06T19:01:28.044+0000] {processor.py:830} INFO - Processing file /opt/airflow/dags/minio_to_snowflake_dag.py for tasks to queue
[2026-07-06T19:01:28.045+0000] {logging_mixin.py:188} INFO - [2026-07-06T19:01:28.045+0000] {dagbag.py:545} INFO - Filling up the DagBag from /opt/airflow/dags/minio_to_snowflake_dag.py
[2026-07-06T19:01:28.830+0000] {processor.py:840} INFO - DAG(s) 'minio_to_snowflake_ecommerce' retrieved from /opt/airflow/dags/minio_to_snowflake_dag.py
[2026-07-06T19:01:28.861+0000] {logging_mixin.py:188} INFO - [2026-07-06T19:01:28.861+0000] {dag.py:3089} INFO - Sync 1 DAGs
[2026-07-06T19:01:28.889+0000] {logging_mixin.py:188} INFO - [2026-07-06T19:01:28.889+0000] {dag.py:3947} INFO - Setting next_dagrun for minio_to_snowflake_ecommerce to 2026-07-06 19:00:00+00:00, run_after=2026-07-06 19:01:00+00:00
[2026-07-06T19:01:28.916+0000] {processor.py:183} INFO - Processing /opt/airflow/dags/minio_to_snowflake_dag.py took 0.883 seconds
[2026-07-06T19:01:59.506+0000] {processor.py:161} INFO - Started process (PID=56789) to work on /opt/airflow/dags/minio_to_snowflake_dag.py
[2026-07-06T19:01:59.508+0000] {processor.py:830} INFO - Processing file /opt/airflow/dags/minio_to_snowflake_dag.py for tasks to queue
[2026-07-06T19:01:59.512+0000] {logging_mixin.py:188} INFO - [2026-07-06T19:01:59.510+0000] {dagbag.py:545} INFO - Filling up the DagBag from /opt/airflow/dags/minio_to_snowflake_dag.py
[2026-07-06T19:02:00.759+0000] {processor.py:840} INFO - DAG(s) 'minio_to_snowflake_ecommerce' retrieved from /opt/airflow/dags/minio_to_snowflake_dag.py
[2026-07-06T19:02:00.837+0000] {logging_mixin.py:188} INFO - [2026-07-06T19:02:00.836+0000] {dag.py:3089} INFO - Sync 1 DAGs
[2026-07-06T19:02:00.902+0000] {logging_mixin.py:188} INFO - [2026-07-06T19:02:00.902+0000] {dag.py:3947} INFO - Setting next_dagrun for minio_to_snowflake_ecommerce to 2026-07-06 19:01:00+00:00, run_after=2026-07-06 19:02:00+00:00
[2026-07-06T19:02:00.979+0000] {processor.py:183} INFO - Processing /opt/airflow/dags/minio_to_snowflake_dag.py took 1.491 seconds
[2026-07-06T19:02:31.952+0000] {processor.py:161} INFO - Started process (PID=56794) to work on /opt/airflow/dags/minio_to_snowflake_dag.py
[2026-07-06T19:02:31.954+0000] {processor.py:830} INFO - Processing file /opt/airflow/dags/minio_to_snowflake_dag.py for tasks to queue
[2026-07-06T19:02:31.955+0000] {logging_mixin.py:188} INFO - [2026-07-06T19:02:31.955+0000] {dagbag.py:545} INFO - Filling up the DagBag from /opt/airflow/dags/minio_to_snowflake_dag.py
[2026-07-06T19:02:32.786+0000] {processor.py:840} INFO - DAG(s) 'minio_to_snowflake_ecommerce' retrieved from /opt/airflow/dags/minio_to_snowflake_dag.py
[2026-07-06T19:02:32.834+0000] {logging_mixin.py:188} INFO - [2026-07-06T19:02:32.833+0000] {dag.py:3089} INFO - Sync 1 DAGs
[2026-07-06T19:02:32.859+0000] {logging_mixin.py:188} INFO - [2026-07-06T19:02:32.859+0000] {dag.py:3947} INFO - Setting next_dagrun for minio_to_snowflake_ecommerce to 2026-07-06 19:01:00+00:00, run_after=2026-07-06 19:02:00+00:00
[2026-07-06T19:02:32.879+0000] {processor.py:183} INFO - Processing /opt/airflow/dags/minio_to_snowflake_dag.py took 0.938 seconds
[2026-07-06T19:03:03.547+0000] {processor.py:161} INFO - Started process (PID=56799) to work on /opt/airflow/dags/minio_to_snowflake_dag.py
[2026-07-06T19:03:03.553+0000] {processor.py:830} INFO - Processing file /opt/airflow/dags/minio_to_snowflake_dag.py for tasks to queue
[2026-07-06T19:03:03.556+0000] {logging_mixin.py:188} INFO - [2026-07-06T19:03:03.555+0000] {dagbag.py:545} INFO - Filling up the DagBag from /opt/airflow/dags/minio_to_snowflake_dag.py
[2026-07-06T19:03:05.026+0000] {processor.py:840} INFO - DAG(s) 'minio_to_snowflake_ecommerce' retrieved from /opt/airflow/dags/minio_to_snowflake_dag.py
[2026-07-06T19:03:05.073+0000] {logging_mixin.py:188} INFO - [2026-07-06T19:03:05.072+0000] {dag.py:3089} INFO - Sync 1 DAGs
[2026-07-06T19:03:05.126+0000] {logging_mixin.py:188} INFO - [2026-07-06T19:03:05.126+0000] {dag.py:3947} INFO - Setting next_dagrun for minio_to_snowflake_ecommerce to 2026-07-06 19:02:00+00:00, run_after=2026-07-06 19:03:00+00:00
[2026-07-06T19:03:05.159+0000] {processor.py:183} INFO - Processing /opt/airflow/dags/minio_to_snowflake_dag.py took 1.628 seconds
[2026-07-06T19:03:35.700+0000] {processor.py:161} INFO - Started process (PID=56804) to work on /opt/airflow/dags/minio_to_snowflake_dag.py
[2026-07-06T19:03:35.703+0000] {processor.py:830} INFO - Processing file /opt/airflow/dags/minio_to_snowflake_dag.py for tasks to queue
[2026-07-06T19:03:35.705+0000] {logging_mixin.py:188} INFO - [2026-07-06T19:03:35.704+0000] {dagbag.py:545} INFO - Filling up the DagBag from /opt/airflow/dags/minio_to_snowflake_dag.py
[2026-07-06T19:03:37.002+0000] {processor.py:840} INFO - DAG(s) 'minio_to_snowflake_ecommerce' retrieved from /opt/airflow/dags/minio_to_snowflake_dag.py
[2026-07-06T19:03:37.050+0000] {logging_mixin.py:188} INFO - [2026-07-06T19:03:37.050+0000] {dag.py:3089} INFO - Sync 1 DAGs
[2026-07-06T19:03:37.095+0000] {logging_mixin.py:188} INFO - [2026-07-06T19:03:37.094+0000] {dag.py:3947} INFO - Setting next_dagrun for minio_to_snowflake_ecommerce to 2026-07-06 19:02:00+00:00, run_after=2026-07-06 19:03:00+00:00
[2026-07-06T19:03:37.160+0000] {processor.py:183} INFO - Processing /opt/airflow/dags/minio_to_snowflake_dag.py took 1.475 seconds
[2026-07-06T19:04:07.331+0000] {processor.py:161} INFO - Started process (PID=56809) to work on /opt/airflow/dags/minio_to_snowflake_dag.py
[2026-07-06T19:04:07.335+0000] {processor.py:830} INFO - Processing file /opt/airflow/dags/minio_to_snowflake_dag.py for tasks to queue
[2026-07-06T19:04:07.339+0000] {logging_mixin.py:188} INFO - [2026-07-06T19:04:07.338+0000] {dagbag.py:545} INFO - Filling up the DagBag from /opt/airflow/dags/minio_to_snowflake_dag.py
[2026-07-06T19:04:08.461+0000] {processor.py:840} INFO - DAG(s) 'minio_to_snowflake_ecommerce' retrieved from /opt/airflow/dags/minio_to_snowflake_dag.py
[2026-07-06T19:04:08.508+0000] {logging_mixin.py:188} INFO - [2026-07-06T19:04:08.507+0000] {dag.py:3089} INFO - Sync 1 DAGs
[2026-07-06T19:04:08.552+0000] {logging_mixin.py:188} INFO - [2026-07-06T19:04:08.552+0000] {dag.py:3947} INFO - Setting next_dagrun for minio_to_snowflake_ecommerce to 2026-07-06 19:03:00+00:00, run_after=2026-07-06 19:04:00+00:00
[2026-07-06T19:04:08.580+0000] {processor.py:183} INFO - Processing /opt/airflow/dags/minio_to_snowflake_dag.py took 1.267 seconds
[2026-07-06T19:04:39.135+0000] {processor.py:161} INFO - Started process (PID=56815) to work on /opt/airflow/dags/minio_to_snowflake_dag.py
[2026-07-06T19:04:39.137+0000] {processor.py:830} INFO - Processing file /opt/airflow/dags/minio_to_snowflake_dag.py for tasks to queue
[2026-07-06T19:04:39.138+0000] {logging_mixin.py:188} INFO - [2026-07-06T19:04:39.138+0000] {dagbag.py:545} INFO - Filling up the DagBag from /opt/airflow/dags/minio_to_snowflake_dag.py
[2026-07-06T19:04:39.995+0000] {processor.py:840} INFO - DAG(s) 'minio_to_snowflake_ecommerce' retrieved from /opt/airflow/dags/minio_to_snowflake_dag.py
[2026-07-06T19:04:40.022+0000] {logging_mixin.py:188} INFO - [2026-07-06T19:04:40.022+0000] {dag.py:3089} INFO - Sync 1 DAGs
[2026-07-06T19:04:40.047+0000] {logging_mixin.py:188} INFO - [2026-07-06T19:04:40.047+0000] {dag.py:3947} INFO - Setting next_dagrun for minio_to_snowflake_ecommerce to 2026-07-06 19:03:00+00:00, run_after=2026-07-06 19:04:00+00:00
[2026-07-06T19:04:40.067+0000] {processor.py:183} INFO - Processing /opt/airflow/dags/minio_to_snowflake_dag.py took 0.941 seconds
[2026-07-06T19:05:10.525+0000] {processor.py:161} INFO - Started process (PID=56820) to work on /opt/airflow/dags/minio_to_snowflake_dag.py
[2026-07-06T19:05:10.526+0000] {processor.py:830} INFO - Processing file /opt/airflow/dags/minio_to_snowflake_dag.py for tasks to queue
[2026-07-06T19:05:10.528+0000] {logging_mixin.py:188} INFO - [2026-07-06T19:05:10.528+0000] {dagbag.py:545} INFO - Filling up the DagBag from /opt/airflow/dags/minio_to_snowflake_dag.py
[2026-07-06T19:05:11.441+0000] {processor.py:840} INFO - DAG(s) 'minio_to_snowflake_ecommerce' retrieved from /opt/airflow/dags/minio_to_snowflake_dag.py
[2026-07-06T19:05:11.475+0000] {logging_mixin.py:188} INFO - [2026-07-06T19:05:11.474+0000] {dag.py:3089} INFO - Sync 1 DAGs
[2026-07-06T19:05:11.509+0000] {logging_mixin.py:188} INFO - [2026-07-06T19:05:11.509+0000] {dag.py:3947} INFO - Setting next_dagrun for minio_to_snowflake_ecommerce to 2026-07-06 19:04:00+00:00, run_after=2026-07-06 19:05:00+00:00
[2026-07-06T19:05:11.540+0000] {processor.py:183} INFO - Processing /opt/airflow/dags/minio_to_snowflake_dag.py took 1.025 seconds
[2026-07-06T19:05:41.914+0000] {processor.py:161} INFO - Started process (PID=56825) to work on /opt/airflow/dags/minio_to_snowflake_dag.py
[2026-07-06T19:05:41.916+0000] {processor.py:830} INFO - Processing file /opt/airflow/dags/minio_to_snowflake_dag.py for tasks to queue
[2026-07-06T19:05:41.917+0000] {logging_mixin.py:188} INFO - [2026-07-06T19:05:41.917+0000] {dagbag.py:545} INFO - Filling up the DagBag from /opt/airflow/dags/minio_to_snowflake_dag.py
[2026-07-06T19:05:42.682+0000] {processor.py:840} INFO - DAG(s) 'minio_to_snowflake_ecommerce' retrieved from /opt/airflow/dags/minio_to_snowflake_dag.py
[2026-07-06T19:05:42.710+0000] {logging_mixin.py:188} INFO - [2026-07-06T19:05:42.709+0000] {dag.py:3089} INFO - Sync 1 DAGs
[2026-07-06T19:05:42.736+0000] {logging_mixin.py:188} INFO - [2026-07-06T19:05:42.736+0000] {dag.py:3947} INFO - Setting next_dagrun for minio_to_snowflake_ecommerce to 2026-07-06 19:04:00+00:00, run_after=2026-07-06 19:05:00+00:00
[2026-07-06T19:05:42.758+0000] {processor.py:183} INFO - Processing /opt/airflow/dags/minio_to_snowflake_dag.py took 0.851 seconds
[2026-07-06T19:06:13.410+0000] {processor.py:161} INFO - Started process (PID=56830) to work on /opt/airflow/dags/minio_to_snowflake_dag.py
[2026-07-06T19:06:13.411+0000] {processor.py:830} INFO - Processing file /opt/airflow/dags/minio_to_snowflake_dag.py for tasks to queue
[2026-07-06T19:06:13.412+0000] {logging_mixin.py:188} INFO - [2026-07-06T19:06:13.412+0000] {dagbag.py:545} INFO - Filling up the DagBag from /opt/airflow/dags/minio_to_snowflake_dag.py
[2026-07-06T19:06:14.231+0000] {processor.py:840} INFO - DAG(s) 'minio_to_snowflake_ecommerce' retrieved from /opt/airflow/dags/minio_to_snowflake_dag.py
[2026-07-06T19:06:14.267+0000] {logging_mixin.py:188} INFO - [2026-07-06T19:06:14.267+0000] {dag.py:3089} INFO - Sync 1 DAGs
[2026-07-06T19:06:14.308+0000] {logging_mixin.py:188} INFO - [2026-07-06T19:06:14.307+0000] {dag.py:3947} INFO - Setting next_dagrun for minio_to_snowflake_ecommerce to 2026-07-06 19:05:00+00:00, run_after=2026-07-06 19:06:00+00:00
[2026-07-06T19:06:14.339+0000] {processor.py:183} INFO - Processing /opt/airflow/dags/minio_to_snowflake_dag.py took 0.938 seconds
[2026-07-06T19:06:45.034+0000] {processor.py:161} INFO - Started process (PID=56835) to work on /opt/airflow/dags/minio_to_snowflake_dag.py
[2026-07-06T19:06:45.036+0000] {processor.py:830} INFO - Processing file /opt/airflow/dags/minio_to_snowflake_dag.py for tasks to queue
[2026-07-06T19:06:45.038+0000] {logging_mixin.py:188} INFO - [2026-07-06T19:06:45.038+0000] {dagbag.py:545} INFO - Filling up the DagBag from /opt/airflow/dags/minio_to_snowflake_dag.py
[2026-07-06T19:06:46.122+0000] {processor.py:840} INFO - DAG(s) 'minio_to_snowflake_ecommerce' retrieved from /opt/airflow/dags/minio_to_snowflake_dag.py
[2026-07-06T19:06:46.157+0000] {logging_mixin.py:188} INFO - [2026-07-06T19:06:46.156+0000] {dag.py:3089} INFO - Sync 1 DAGs
[2026-07-06T19:06:46.184+0000] {logging_mixin.py:188} INFO - [2026-07-06T19:06:46.183+0000] {dag.py:3947} INFO - Setting next_dagrun for minio_to_snowflake_ecommerce to 2026-07-06 19:05:00+00:00, run_after=2026-07-06 19:06:00+00:00
[2026-07-06T19:06:46.209+0000] {processor.py:183} INFO - Processing /opt/airflow/dags/minio_to_snowflake_dag.py took 1.192 seconds
[2026-07-06T19:07:16.672+0000] {processor.py:161} INFO - Started process (PID=56840) to work on /opt/airflow/dags/minio_to_snowflake_dag.py
[2026-07-06T19:07:16.674+0000] {processor.py:830} INFO - Processing file /opt/airflow/dags/minio_to_snowflake_dag.py for tasks to queue
[2026-07-06T19:07:16.675+0000] {logging_mixin.py:188} INFO - [2026-07-06T19:07:16.675+0000] {dagbag.py:545} INFO - Filling up the DagBag from /opt/airflow/dags/minio_to_snowflake_dag.py
[2026-07-06T19:07:17.487+0000] {processor.py:840} INFO - DAG(s) 'minio_to_snowflake_ecommerce' retrieved from /opt/airflow/dags/minio_to_snowflake_dag.py
[2026-07-06T19:07:17.570+0000] {logging_mixin.py:188} INFO - [2026-07-06T19:07:17.569+0000] {dag.py:3089} INFO - Sync 1 DAGs
[2026-07-06T19:07:17.625+0000] {logging_mixin.py:188} INFO - [2026-07-06T19:07:17.624+0000] {dag.py:3947} INFO - Setting next_dagrun for minio_to_snowflake_ecommerce to 2026-07-06 19:06:00+00:00, run_after=2026-07-06 19:07:00+00:00
[2026-07-06T19:07:17.660+0000] {processor.py:183} INFO - Processing /opt/airflow/dags/minio_to_snowflake_dag.py took 0.996 seconds
[2026-07-06T19:07:48.204+0000] {processor.py:161} INFO - Started process (PID=56845) to work on /opt/airflow/dags/minio_to_snowflake_dag.py
[2026-07-06T19:07:48.206+0000] {processor.py:830} INFO - Processing file /opt/airflow/dags/minio_to_snowflake_dag.py for tasks to queue
[2026-07-06T19:07:48.208+0000] {logging_mixin.py:188} INFO - [2026-07-06T19:07:48.208+0000] {dagbag.py:545} INFO - Filling up the DagBag from /opt/airflow/dags/minio_to_snowflake_dag.py
[2026-07-06T19:07:49.085+0000] {processor.py:840} INFO - DAG(s) 'minio_to_snowflake_ecommerce' retrieved from /opt/airflow/dags/minio_to_snowflake_dag.py
[2026-07-06T19:07:49.116+0000] {logging_mixin.py:188} INFO - [2026-07-06T19:07:49.115+0000] {dag.py:3089} INFO - Sync 1 DAGs
[2026-07-06T19:07:49.144+0000] {logging_mixin.py:188} INFO - [2026-07-06T19:07:49.143+0000] {dag.py:3947} INFO - Setting next_dagrun for minio_to_snowflake_ecommerce to 2026-07-06 19:06:00+00:00, run_after=2026-07-06 19:07:00+00:00
[2026-07-06T19:07:49.170+0000] {processor.py:183} INFO - Processing /opt/airflow/dags/minio_to_snowflake_dag.py took 0.976 seconds
[2026-07-06T19:08:19.552+0000] {processor.py:161} INFO - Started process (PID=56850) to work on /opt/airflow/dags/minio_to_snowflake_dag.py
[2026-07-06T19:08:19.553+0000] {processor.py:830} INFO - Processing file /opt/airflow/dags/minio_to_snowflake_dag.py for tasks to queue
[2026-07-06T19:08:19.554+0000] {logging_mixin.py:188} INFO - [2026-07-06T19:08:19.554+0000] {dagbag.py:545} INFO - Filling up the DagBag from /opt/airflow/dags/minio_to_snowflake_dag.py
[2026-07-06T19:08:20.334+0000] {processor.py:840} INFO - DAG(s) 'minio_to_snowflake_ecommerce' retrieved from /opt/airflow/dags/minio_to_snowflake_dag.py
[2026-07-06T19:08:20.366+0000] {logging_mixin.py:188} INFO - [2026-07-06T19:08:20.365+0000] {dag.py:3089} INFO - Sync 1 DAGs
[2026-07-06T19:08:20.394+0000] {logging_mixin.py:188} INFO - [2026-07-06T19:08:20.393+0000] {dag.py:3947} INFO - Setting next_dagrun for minio_to_snowflake_ecommerce to 2026-07-06 19:07:00+00:00, run_after=2026-07-06 19:08:00+00:00
[2026-07-06T19:08:20.416+0000] {processor.py:183} INFO - Processing /opt/airflow/dags/minio_to_snowflake_dag.py took 0.872 seconds
[2026-07-06T19:08:51.103+0000] {processor.py:161} INFO - Started process (PID=56855) to work on /opt/airflow/dags/minio_to_snowflake_dag.py
[2026-07-06T19:08:51.105+0000] {processor.py:830} INFO - Processing file /opt/airflow/dags/minio_to_snowflake_dag.py for tasks to queue
[2026-07-06T19:08:51.108+0000] {logging_mixin.py:188} INFO - [2026-07-06T19:08:51.107+0000] {dagbag.py:545} INFO - Filling up the DagBag from /opt/airflow/dags/minio_to_snowflake_dag.py
[2026-07-06T19:08:51.959+0000] {processor.py:840} INFO - DAG(s) 'minio_to_snowflake_ecommerce' retrieved from /opt/airflow/dags/minio_to_snowflake_dag.py
[2026-07-06T19:08:51.991+0000] {logging_mixin.py:188} INFO - [2026-07-06T19:08:51.990+0000] {dag.py:3089} INFO - Sync 1 DAGs
[2026-07-06T19:08:52.019+0000] {logging_mixin.py:188} INFO - [2026-07-06T19:08:52.018+0000] {dag.py:3947} INFO - Setting next_dagrun for minio_to_snowflake_ecommerce to 2026-07-06 19:07:00+00:00, run_after=2026-07-06 19:08:00+00:00
[2026-07-06T19:08:52.040+0000] {processor.py:183} INFO - Processing /opt/airflow/dags/minio_to_snowflake_dag.py took 0.944 seconds
[2026-07-06T19:09:22.646+0000] {processor.py:161} INFO - Started process (PID=56860) to work on /opt/airflow/dags/minio_to_snowflake_dag.py
[2026-07-06T19:09:22.647+0000] {processor.py:830} INFO - Processing file /opt/airflow/dags/minio_to_snowflake_dag.py for tasks to queue
[2026-07-06T19:09:22.649+0000] {logging_mixin.py:188} INFO - [2026-07-06T19:09:22.648+0000] {dagbag.py:545} INFO - Filling up the DagBag from /opt/airflow/dags/minio_to_snowflake_dag.py
[2026-07-06T19:09:23.457+0000] {processor.py:840} INFO - DAG(s) 'minio_to_snowflake_ecommerce' retrieved from /opt/airflow/dags/minio_to_snowflake_dag.py
[2026-07-06T19:09:23.493+0000] {logging_mixin.py:188} INFO - [2026-07-06T19:09:23.492+0000] {dag.py:3089} INFO - Sync 1 DAGs
[2026-07-06T19:09:23.520+0000] {logging_mixin.py:188} INFO - [2026-07-06T19:09:23.520+0000] {dag.py:3947} INFO - Setting next_dagrun for minio_to_snowflake_ecommerce to 2026-07-06 19:08:00+00:00, run_after=2026-07-06 19:09:00+00:00
[2026-07-06T19:09:23.542+0000] {processor.py:183} INFO - Processing /opt/airflow/dags/minio_to_snowflake_dag.py took 0.904 seconds
[2026-07-06T19:09:54.157+0000] {processor.py:161} INFO - Started process (PID=56865) to work on /opt/airflow/dags/minio_to_snowflake_dag.py
[2026-07-06T19:09:54.158+0000] {processor.py:830} INFO - Processing file /opt/airflow/dags/minio_to_snowflake_dag.py for tasks to queue
[2026-07-06T19:09:54.159+0000] {logging_mixin.py:188} INFO - [2026-07-06T19:09:54.159+0000] {dagbag.py:545} INFO - Filling up the DagBag from /opt/airflow/dags/minio_to_snowflake_dag.py
[2026-07-06T19:09:55.000+0000] {processor.py:840} INFO - DAG(s) 'minio_to_snowflake_ecommerce' retrieved from /opt/airflow/dags/minio_to_snowflake_dag.py
[2026-07-06T19:09:55.031+0000] {logging_mixin.py:188} INFO - [2026-07-06T19:09:55.030+0000] {dag.py:3089} INFO - Sync 1 DAGs
[2026-07-06T19:09:55.059+0000] {logging_mixin.py:188} INFO - [2026-07-06T19:09:55.059+0000] {dag.py:3947} INFO - Setting next_dagrun for minio_to_snowflake_ecommerce to 2026-07-06 19:08:00+00:00, run_after=2026-07-06 19:09:00+00:00
[2026-07-06T19:09:55.083+0000] {processor.py:183} INFO - Processing /opt/airflow/dags/minio_to_snowflake_dag.py took 0.934 seconds
[2026-07-06T19:10:25.656+0000] {processor.py:161} INFO - Started process (PID=56870) to work on /opt/airflow/dags/minio_to_snowflake_dag.py
[2026-07-06T19:10:25.658+0000] {processor.py:830} INFO - Processing file /opt/airflow/dags/minio_to_snowflake_dag.py for tasks to queue
[2026-07-06T19:10:25.660+0000] {logging_mixin.py:188} INFO - [2026-07-06T19:10:25.659+0000] {dagbag.py:545} INFO - Filling up the DagBag from /opt/airflow/dags/minio_to_snowflake_dag.py
[2026-07-06T19:10:30.206+0000] {processor.py:840} INFO - DAG(s) 'minio_to_snowflake_ecommerce' retrieved from /opt/airflow/dags/minio_to_snowflake_dag.py
[2026-07-06T19:10:30.238+0000] {logging_mixin.py:188} INFO - [2026-07-06T19:10:30.237+0000] {dag.py:3089} INFO - Sync 1 DAGs
[2026-07-06T19:10:30.263+0000] {logging_mixin.py:188} INFO - [2026-07-06T19:10:30.263+0000] {dag.py:3947} INFO - Setting next_dagrun for minio_to_snowflake_ecommerce to 2026-07-06 19:09:00+00:00, run_after=2026-07-06 19:10:00+00:00
[2026-07-06T19:10:30.301+0000] {processor.py:183} INFO - Processing /opt/airflow/dags/minio_to_snowflake_dag.py took 4.652 seconds
[2026-07-06T19:11:00.593+0000] {processor.py:161} INFO - Started process (PID=56875) to work on /opt/airflow/dags/minio_to_snowflake_dag.py
[2026-07-06T19:11:00.598+0000] {processor.py:830} INFO - Processing file /opt/airflow/dags/minio_to_snowflake_dag.py for tasks to queue
[2026-07-06T19:11:00.600+0000] {logging_mixin.py:188} INFO - [2026-07-06T19:11:00.599+0000] {dagbag.py:545} INFO - Filling up the DagBag from /opt/airflow/dags/minio_to_snowflake_dag.py
[2026-07-06T19:11:01.676+0000] {processor.py:840} INFO - DAG(s) 'minio_to_snowflake_ecommerce' retrieved from /opt/airflow/dags/minio_to_snowflake_dag.py
[2026-07-06T19:11:01.933+0000] {logging_mixin.py:188} INFO - [2026-07-06T19:11:01.931+0000] {dag.py:3089} INFO - Sync 1 DAGs
[2026-07-06T19:11:02.010+0000] {logging_mixin.py:188} INFO - [2026-07-06T19:11:02.010+0000] {dag.py:3947} INFO - Setting next_dagrun for minio_to_snowflake_ecommerce to 2026-07-06 19:10:00+00:00, run_after=2026-07-06 19:11:00+00:00
[2026-07-06T19:11:02.032+0000] {processor.py:183} INFO - Processing /opt/airflow/dags/minio_to_snowflake_dag.py took 1.454 seconds
[2026-07-06T19:11:32.280+0000] {processor.py:161} INFO - Started process (PID=56880) to work on /opt/airflow/dags/minio_to_snowflake_dag.py
[2026-07-06T19:11:32.283+0000] {processor.py:830} INFO - Processing file /opt/airflow/dags/minio_to_snowflake_dag.py for tasks to queue
[2026-07-06T19:11:32.285+0000] {logging_mixin.py:188} INFO - [2026-07-06T19:11:32.285+0000] {dagbag.py:545} INFO - Filling up the DagBag from /opt/airflow/dags/minio_to_snowflake_dag.py
[2026-07-06T19:11:33.240+0000] {processor.py:840} INFO - DAG(s) 'minio_to_snowflake_ecommerce' retrieved from /opt/airflow/dags/minio_to_snowflake_dag.py
[2026-07-06T19:11:33.271+0000] {logging_mixin.py:188} INFO - [2026-07-06T19:11:33.270+0000] {dag.py:3089} INFO - Sync 1 DAGs
[2026-07-06T19:11:33.300+0000] {logging_mixin.py:188} INFO - [2026-07-06T19:11:33.300+0000] {dag.py:3947} INFO - Setting next_dagrun for minio_to_snowflake_ecommerce to 2026-07-06 19:10:00+00:00, run_after=2026-07-06 19:11:00+00:00
[2026-07-06T19:11:33.324+0000] {processor.py:183} INFO - Processing /opt/airflow/dags/minio_to_snowflake_dag.py took 1.067 seconds
[2026-07-06T19:12:03.804+0000] {processor.py:161} INFO - Started process (PID=56885) to work on /opt/airflow/dags/minio_to_snowflake_dag.py
[2026-07-06T19:12:03.805+0000] {processor.py:830} INFO - Processing file /opt/airflow/dags/minio_to_snowflake_dag.py for tasks to queue
[2026-07-06T19:12:03.807+0000] {logging_mixin.py:188} INFO - [2026-07-06T19:12:03.806+0000] {dagbag.py:545} INFO - Filling up the DagBag from /opt/airflow/dags/minio_to_snowflake_dag.py
[2026-07-06T19:12:04.625+0000] {processor.py:840} INFO - DAG(s) 'minio_to_snowflake_ecommerce' retrieved from /opt/airflow/dags/minio_to_snowflake_dag.py
[2026-07-06T19:12:04.683+0000] {logging_mixin.py:188} INFO - [2026-07-06T19:12:04.682+0000] {dag.py:3089} INFO - Sync 1 DAGs
[2026-07-06T19:12:04.740+0000] {logging_mixin.py:188} INFO - [2026-07-06T19:12:04.739+0000] {dag.py:3947} INFO - Setting next_dagrun for minio_to_snowflake_ecommerce to 2026-07-06 19:11:00+00:00, run_after=2026-07-06 19:12:00+00:00
[2026-07-06T19:12:04.785+0000] {processor.py:183} INFO - Processing /opt/airflow/dags/minio_to_snowflake_dag.py took 0.989 seconds
[2026-07-06T19:12:35.391+0000] {processor.py:161} INFO - Started process (PID=56890) to work on /opt/airflow/dags/minio_to_snowflake_dag.py
[2026-07-06T19:12:35.393+0000] {processor.py:830} INFO - Processing file /opt/airflow/dags/minio_to_snowflake_dag.py for tasks to queue
[2026-07-06T19:12:35.394+0000] {logging_mixin.py:188} INFO - [2026-07-06T19:12:35.394+0000] {dagbag.py:545} INFO - Filling up the DagBag from /opt/airflow/dags/minio_to_snowflake_dag.py
[2026-07-06T19:12:36.247+0000] {processor.py:840} INFO - DAG(s) 'minio_to_snowflake_ecommerce' retrieved from /opt/airflow/dags/minio_to_snowflake_dag.py
[2026-07-06T19:12:36.279+0000] {logging_mixin.py:188} INFO - [2026-07-06T19:12:36.279+0000] {dag.py:3089} INFO - Sync 1 DAGs
[2026-07-06T19:12:36.313+0000] {logging_mixin.py:188} INFO - [2026-07-06T19:12:36.313+0000] {dag.py:3947} INFO - Setting next_dagrun for minio_to_snowflake_ecommerce to 2026-07-06 19:11:00+00:00, run_after=2026-07-06 19:12:00+00:00
[2026-07-06T19:12:36.351+0000] {processor.py:183} INFO - Processing /opt/airflow/dags/minio_to_snowflake_dag.py took 0.969 seconds
[2026-07-06T19:13:06.990+0000] {processor.py:161} INFO - Started process (PID=56895) to work on /opt/airflow/dags/minio_to_snowflake_dag.py
[2026-07-06T19:13:06.992+0000] {processor.py:830} INFO - Processing file /opt/airflow/dags/minio_to_snowflake_dag.py for tasks to queue
[2026-07-06T19:13:06.994+0000] {logging_mixin.py:188} INFO - [2026-07-06T19:13:06.993+0000] {dagbag.py:545} INFO - Filling up the DagBag from /opt/airflow/dags/minio_to_snowflake_dag.py
[2026-07-06T19:13:08.025+0000] {processor.py:840} INFO - DAG(s) 'minio_to_snowflake_ecommerce' retrieved from /opt/airflow/dags/minio_to_snowflake_dag.py
[2026-07-06T19:13:08.081+0000] {logging_mixin.py:188} INFO - [2026-07-06T19:13:08.079+0000] {dag.py:3089} INFO - Sync 1 DAGs
[2026-07-06T19:13:08.156+0000] {logging_mixin.py:188} INFO - [2026-07-06T19:13:08.155+0000] {dag.py:3947} INFO - Setting next_dagrun for minio_to_snowflake_ecommerce to 2026-07-06 19:12:00+00:00, run_after=2026-07-06 19:13:00+00:00
[2026-07-06T19:13:08.206+0000] {processor.py:183} INFO - Processing /opt/airflow/dags/minio_to_snowflake_dag.py took 1.227 seconds
[2026-07-06T19:13:38.712+0000] {processor.py:161} INFO - Started process (PID=56900) to work on /opt/airflow/dags/minio_to_snowflake_dag.py
[2026-07-06T19:13:38.714+0000] {processor.py:830} INFO - Processing file /opt/airflow/dags/minio_to_snowflake_dag.py for tasks to queue
[2026-07-06T19:13:38.717+0000] {logging_mixin.py:188} INFO - [2026-07-06T19:13:38.716+0000] {dagbag.py:545} INFO - Filling up the DagBag from /opt/airflow/dags/minio_to_snowflake_dag.py
[2026-07-06T19:13:39.711+0000] {processor.py:840} INFO - DAG(s) 'minio_to_snowflake_ecommerce' retrieved from /opt/airflow/dags/minio_to_snowflake_dag.py
[2026-07-06T19:13:39.853+0000] {logging_mixin.py:188} INFO - [2026-07-06T19:13:39.852+0000] {dag.py:3089} INFO - Sync 1 DAGs
[2026-07-06T19:13:39.911+0000] {logging_mixin.py:188} INFO - [2026-07-06T19:13:39.910+0000] {dag.py:3947} INFO - Setting next_dagrun for minio_to_snowflake_ecommerce to 2026-07-06 19:12:00+00:00, run_after=2026-07-06 19:13:00+00:00
[2026-07-06T19:13:39.950+0000] {processor.py:183} INFO - Processing /opt/airflow/dags/minio_to_snowflake_dag.py took 1.253 seconds
[2026-07-06T19:14:10.217+0000] {processor.py:161} INFO - Started process (PID=56905) to work on /opt/airflow/dags/minio_to_snowflake_dag.py
[2026-07-06T19:14:10.219+0000] {processor.py:830} INFO - Processing file /opt/airflow/dags/minio_to_snowflake_dag.py for tasks to queue
[2026-07-06T19:14:10.220+0000] {logging_mixin.py:188} INFO - [2026-07-06T19:14:10.220+0000] {dagbag.py:545} INFO - Filling up the DagBag from /opt/airflow/dags/minio_to_snowflake_dag.py
[2026-07-06T19:14:11.643+0000] {processor.py:840} INFO - DAG(s) 'minio_to_snowflake_ecommerce' retrieved from /opt/airflow/dags/minio_to_snowflake_dag.py
[2026-07-06T19:14:11.788+0000] {logging_mixin.py:188} INFO - [2026-07-06T19:14:11.787+0000] {dag.py:3089} INFO - Sync 1 DAGs
[2026-07-06T19:14:11.901+0000] {logging_mixin.py:188} INFO - [2026-07-06T19:14:11.901+0000] {dag.py:3947} INFO - Setting next_dagrun for minio_to_snowflake_ecommerce to 2026-07-06 19:13:00+00:00, run_after=2026-07-06 19:14:00+00:00
[2026-07-06T19:14:11.947+0000] {processor.py:183} INFO - Processing /opt/airflow/dags/minio_to_snowflake_dag.py took 1.738 seconds
[2026-07-06T19:14:42.567+0000] {processor.py:161} INFO - Started process (PID=56910) to work on /opt/airflow/dags/minio_to_snowflake_dag.py
[2026-07-06T19:14:42.568+0000] {processor.py:830} INFO - Processing file /opt/airflow/dags/minio_to_snowflake_dag.py for tasks to queue
[2026-07-06T19:14:42.570+0000] {logging_mixin.py:188} INFO - [2026-07-06T19:14:42.569+0000] {dagbag.py:545} INFO - Filling up the DagBag from /opt/airflow/dags/minio_to_snowflake_dag.py
[2026-07-06T19:14:43.350+0000] {processor.py:840} INFO - DAG(s) 'minio_to_snowflake_ecommerce' retrieved from /opt/airflow/dags/minio_to_snowflake_dag.py
[2026-07-06T19:14:43.407+0000] {logging_mixin.py:188} INFO - [2026-07-06T19:14:43.406+0000] {dag.py:3089} INFO - Sync 1 DAGs
[2026-07-06T19:14:43.460+0000] {logging_mixin.py:188} INFO - [2026-07-06T19:14:43.460+0000] {dag.py:3947} INFO - Setting next_dagrun for minio_to_snowflake_ecommerce to 2026-07-06 19:13:00+00:00, run_after=2026-07-06 19:14:00+00:00
[2026-07-06T19:14:43.497+0000] {processor.py:183} INFO - Processing /opt/airflow/dags/minio_to_snowflake_dag.py took 0.938 seconds
[2026-07-06T19:15:14.268+0000] {processor.py:161} INFO - Started process (PID=56915) to work on /opt/airflow/dags/minio_to_snowflake_dag.py
[2026-07-06T19:15:14.270+0000] {processor.py:830} INFO - Processing file /opt/airflow/dags/minio_to_snowflake_dag.py for tasks to queue
[2026-07-06T19:15:14.272+0000] {logging_mixin.py:188} INFO - [2026-07-06T19:15:14.272+0000] {dagbag.py:545} INFO - Filling up the DagBag from /opt/airflow/dags/minio_to_snowflake_dag.py
[2026-07-06T19:15:15.127+0000] {processor.py:840} INFO - DAG(s) 'minio_to_snowflake_ecommerce' retrieved from /opt/airflow/dags/minio_to_snowflake_dag.py
[2026-07-06T19:15:15.156+0000] {logging_mixin.py:188} INFO - [2026-07-06T19:15:15.156+0000] {dag.py:3089} INFO - Sync 1 DAGs
[2026-07-06T19:15:15.181+0000] {logging_mixin.py:188} INFO - [2026-07-06T19:15:15.181+0000] {dag.py:3947} INFO - Setting next_dagrun for minio_to_snowflake_ecommerce to 2026-07-06 19:14:00+00:00, run_after=2026-07-06 19:15:00+00:00
[2026-07-06T19:15:15.213+0000] {processor.py:183} INFO - Processing /opt/airflow/dags/minio_to_snowflake_dag.py took 0.954 seconds
[2026-07-06T19:15:45.887+0000] {processor.py:161} INFO - Started process (PID=56920) to work on /opt/airflow/dags/minio_to_snowflake_dag.py
[2026-07-06T19:15:45.890+0000] {processor.py:830} INFO - Processing file /opt/airflow/dags/minio_to_snowflake_dag.py for tasks to queue
[2026-07-06T19:15:45.892+0000] {logging_mixin.py:188} INFO - [2026-07-06T19:15:45.891+0000] {dagbag.py:545} INFO - Filling up the DagBag from /opt/airflow/dags/minio_to_snowflake_dag.py
[2026-07-06T19:15:46.694+0000] {processor.py:840} INFO - DAG(s) 'minio_to_snowflake_ecommerce' retrieved from /opt/airflow/dags/minio_to_snowflake_dag.py
[2026-07-06T19:15:46.724+0000] {logging_mixin.py:188} INFO - [2026-07-06T19:15:46.723+0000] {dag.py:3089} INFO - Sync 1 DAGs
[2026-07-06T19:15:46.755+0000] {logging_mixin.py:188} INFO - [2026-07-06T19:15:46.755+0000] {dag.py:3947} INFO - Setting next_dagrun for minio_to_snowflake_ecommerce to 2026-07-06 19:14:00+00:00, run_after=2026-07-06 19:15:00+00:00
[2026-07-06T19:15:46.797+0000] {processor.py:183} INFO - Processing /opt/airflow/dags/minio_to_snowflake_dag.py took 0.924 seconds
[2026-07-06T19:16:17.457+0000] {processor.py:161} INFO - Started process (PID=56925) to work on /opt/airflow/dags/minio_to_snowflake_dag.py
[2026-07-06T19:16:17.458+0000] {processor.py:830} INFO - Processing file /opt/airflow/dags/minio_to_snowflake_dag.py for tasks to queue
[2026-07-06T19:16:17.460+0000] {logging_mixin.py:188} INFO - [2026-07-06T19:16:17.459+0000] {dagbag.py:545} INFO - Filling up the DagBag from /opt/airflow/dags/minio_to_snowflake_dag.py
[2026-07-06T19:16:18.307+0000] {processor.py:840} INFO - DAG(s) 'minio_to_snowflake_ecommerce' retrieved from /opt/airflow/dags/minio_to_snowflake_dag.py
[2026-07-06T19:16:18.336+0000] {logging_mixin.py:188} INFO - [2026-07-06T19:16:18.336+0000] {dag.py:3089} INFO - Sync 1 DAGs
[2026-07-06T19:16:18.366+0000] {logging_mixin.py:188} INFO - [2026-07-06T19:16:18.365+0000] {dag.py:3947} INFO - Setting next_dagrun for minio_to_snowflake_ecommerce to 2026-07-06 19:15:00+00:00, run_after=2026-07-06 19:16:00+00:00
[2026-07-06T19:16:18.386+0000] {processor.py:183} INFO - Processing /opt/airflow/dags/minio_to_snowflake_dag.py took 0.943 seconds
[2026-07-06T19:16:49.147+0000] {processor.py:161} INFO - Started process (PID=56930) to work on /opt/airflow/dags/minio_to_snowflake_dag.py
[2026-07-06T19:16:49.149+0000] {processor.py:830} INFO - Processing file /opt/airflow/dags/minio_to_snowflake_dag.py for tasks to queue
[2026-07-06T19:16:49.150+0000] {logging_mixin.py:188} INFO - [2026-07-06T19:16:49.150+0000] {dagbag.py:545} INFO - Filling up the DagBag from /opt/airflow/dags/minio_to_snowflake_dag.py
[2026-07-06T19:16:49.965+0000] {processor.py:840} INFO - DAG(s) 'minio_to_snowflake_ecommerce' retrieved from /opt/airflow/dags/minio_to_snowflake_dag.py
[2026-07-06T19:16:50.022+0000] {logging_mixin.py:188} INFO - [2026-07-06T19:16:50.021+0000] {dag.py:3089} INFO - Sync 1 DAGs
[2026-07-06T19:16:50.077+0000] {logging_mixin.py:188} INFO - [2026-07-06T19:16:50.076+0000] {dag.py:3947} INFO - Setting next_dagrun for minio_to_snowflake_ecommerce to 2026-07-06 19:15:00+00:00, run_after=2026-07-06 19:16:00+00:00
[2026-07-06T19:16:50.111+0000] {processor.py:183} INFO - Processing /opt/airflow/dags/minio_to_snowflake_dag.py took 0.974 seconds
[2026-07-06T19:17:20.686+0000] {processor.py:161} INFO - Started process (PID=56935) to work on /opt/airflow/dags/minio_to_snowflake_dag.py
[2026-07-06T19:17:20.688+0000] {processor.py:830} INFO - Processing file /opt/airflow/dags/minio_to_snowflake_dag.py for tasks to queue
[2026-07-06T19:17:20.690+0000] {logging_mixin.py:188} INFO - [2026-07-06T19:17:20.690+0000] {dagbag.py:545} INFO - Filling up the DagBag from /opt/airflow/dags/minio_to_snowflake_dag.py
[2026-07-06T19:17:21.492+0000] {processor.py:840} INFO - DAG(s) 'minio_to_snowflake_ecommerce' retrieved from /opt/airflow/dags/minio_to_snowflake_dag.py
[2026-07-06T19:17:21.520+0000] {logging_mixin.py:188} INFO - [2026-07-06T19:17:21.519+0000] {dag.py:3089} INFO - Sync 1 DAGs
[2026-07-06T19:17:21.549+0000] {logging_mixin.py:188} INFO - [2026-07-06T19:17:21.549+0000] {dag.py:3947} INFO - Setting next_dagrun for minio_to_snowflake_ecommerce to 2026-07-06 19:16:00+00:00, run_after=2026-07-06 19:17:00+00:00
[2026-07-06T19:17:21.597+0000] {processor.py:183} INFO - Processing /opt/airflow/dags/minio_to_snowflake_dag.py took 0.926 seconds
[2026-07-06T19:17:52.396+0000] {processor.py:161} INFO - Started process (PID=56940) to work on /opt/airflow/dags/minio_to_snowflake_dag.py
[2026-07-06T19:17:52.399+0000] {processor.py:830} INFO - Processing file /opt/airflow/dags/minio_to_snowflake_dag.py for tasks to queue
[2026-07-06T19:17:52.401+0000] {logging_mixin.py:188} INFO - [2026-07-06T19:17:52.400+0000] {dagbag.py:545} INFO - Filling up the DagBag from /opt/airflow/dags/minio_to_snowflake_dag.py
[2026-07-06T19:17:53.192+0000] {processor.py:840} INFO - DAG(s) 'minio_to_snowflake_ecommerce' retrieved from /opt/airflow/dags/minio_to_snowflake_dag.py
[2026-07-06T19:17:53.222+0000] {logging_mixin.py:188} INFO - [2026-07-06T19:17:53.222+0000] {dag.py:3089} INFO - Sync 1 DAGs
[2026-07-06T19:17:53.255+0000] {logging_mixin.py:188} INFO - [2026-07-06T19:17:53.255+0000] {dag.py:3947} INFO - Setting next_dagrun for minio_to_snowflake_ecommerce to 2026-07-06 19:16:00+00:00, run_after=2026-07-06 19:17:00+00:00
[2026-07-06T19:17:53.294+0000] {processor.py:183} INFO - Processing /opt/airflow/dags/minio_to_snowflake_dag.py took 0.912 seconds
[2026-07-06T19:18:24.037+0000] {processor.py:161} INFO - Started process (PID=56946) to work on /opt/airflow/dags/minio_to_snowflake_dag.py
[2026-07-06T19:18:24.038+0000] {processor.py:830} INFO - Processing file /opt/airflow/dags/minio_to_snowflake_dag.py for tasks to queue
[2026-07-06T19:18:24.039+0000] {logging_mixin.py:188} INFO - [2026-07-06T19:18:24.039+0000] {dagbag.py:545} INFO - Filling up the DagBag from /opt/airflow/dags/minio_to_snowflake_dag.py
[2026-07-06T19:18:24.807+0000] {processor.py:840} INFO - DAG(s) 'minio_to_snowflake_ecommerce' retrieved from /opt/airflow/dags/minio_to_snowflake_dag.py
[2026-07-06T19:18:24.862+0000] {logging_mixin.py:188} INFO - [2026-07-06T19:18:24.859+0000] {dag.py:3089} INFO - Sync 1 DAGs
[2026-07-06T19:18:24.912+0000] {logging_mixin.py:188} INFO - [2026-07-06T19:18:24.912+0000] {dag.py:3947} INFO - Setting next_dagrun for minio_to_snowflake_ecommerce to 2026-07-06 19:17:00+00:00, run_after=2026-07-06 19:18:00+00:00
[2026-07-06T19:18:24.941+0000] {processor.py:183} INFO - Processing /opt/airflow/dags/minio_to_snowflake_dag.py took 0.911 seconds
[2026-07-06T19:18:55.690+0000] {processor.py:161} INFO - Started process (PID=56951) to work on /opt/airflow/dags/minio_to_snowflake_dag.py
[2026-07-06T19:18:55.692+0000] {processor.py:830} INFO - Processing file /opt/airflow/dags/minio_to_snowflake_dag.py for tasks to queue
[2026-07-06T19:18:55.694+0000] {logging_mixin.py:188} INFO - [2026-07-06T19:18:55.693+0000] {dagbag.py:545} INFO - Filling up the DagBag from /opt/airflow/dags/minio_to_snowflake_dag.py
[2026-07-06T19:18:56.519+0000] {processor.py:840} INFO - DAG(s) 'minio_to_snowflake_ecommerce' retrieved from /opt/airflow/dags/minio_to_snowflake_dag.py
[2026-07-06T19:18:56.551+0000] {logging_mixin.py:188} INFO - [2026-07-06T19:18:56.551+0000] {dag.py:3089} INFO - Sync 1 DAGs
[2026-07-06T19:18:56.578+0000] {logging_mixin.py:188} INFO - [2026-07-06T19:18:56.578+0000] {dag.py:3947} INFO - Setting next_dagrun for minio_to_snowflake_ecommerce to 2026-07-06 19:17:00+00:00, run_after=2026-07-06 19:18:00+00:00
[2026-07-06T19:18:56.608+0000] {processor.py:183} INFO - Processing /opt/airflow/dags/minio_to_snowflake_dag.py took 0.930 seconds
[2026-07-06T19:19:27.212+0000] {processor.py:161} INFO - Started process (PID=56956) to work on /opt/airflow/dags/minio_to_snowflake_dag.py
[2026-07-06T19:19:27.213+0000] {processor.py:830} INFO - Processing file /opt/airflow/dags/minio_to_snowflake_dag.py for tasks to queue
[2026-07-06T19:19:27.215+0000] {logging_mixin.py:188} INFO - [2026-07-06T19:19:27.214+0000] {dagbag.py:545} INFO - Filling up the DagBag from /opt/airflow/dags/minio_to_snowflake_dag.py
[2026-07-06T19:19:28.029+0000] {processor.py:840} INFO - DAG(s) 'minio_to_snowflake_ecommerce' retrieved from /opt/airflow/dags/minio_to_snowflake_dag.py
[2026-07-06T19:19:28.057+0000] {logging_mixin.py:188} INFO - [2026-07-06T19:19:28.057+0000] {dag.py:3089} INFO - Sync 1 DAGs
[2026-07-06T19:19:28.113+0000] {logging_mixin.py:188} INFO - [2026-07-06T19:19:28.112+0000] {dag.py:3947} INFO - Setting next_dagrun for minio_to_snowflake_ecommerce to 2026-07-06 19:18:00+00:00, run_after=2026-07-06 19:19:00+00:00
[2026-07-06T19:19:28.161+0000] {processor.py:183} INFO - Processing /opt/airflow/dags/minio_to_snowflake_dag.py took 0.957 seconds
[2026-07-06T19:19:58.799+0000] {processor.py:161} INFO - Started process (PID=56961) to work on /opt/airflow/dags/minio_to_snowflake_dag.py
[2026-07-06T19:19:58.801+0000] {processor.py:830} INFO - Processing file /opt/airflow/dags/minio_to_snowflake_dag.py for tasks to queue
[2026-07-06T19:19:58.802+0000] {logging_mixin.py:188} INFO - [2026-07-06T19:19:58.801+0000] {dagbag.py:545} INFO - Filling up the DagBag from /opt/airflow/dags/minio_to_snowflake_dag.py
[2026-07-06T19:19:59.686+0000] {processor.py:840} INFO - DAG(s) 'minio_to_snowflake_ecommerce' retrieved from /opt/airflow/dags/minio_to_snowflake_dag.py
[2026-07-06T19:19:59.716+0000] {logging_mixin.py:188} INFO - [2026-07-06T19:19:59.716+0000] {dag.py:3089} INFO - Sync 1 DAGs
[2026-07-06T19:19:59.744+0000] {logging_mixin.py:188} INFO - [2026-07-06T19:19:59.744+0000] {dag.py:3947} INFO - Setting next_dagrun for minio_to_snowflake_ecommerce to 2026-07-06 19:18:00+00:00, run_after=2026-07-06 19:19:00+00:00
[2026-07-06T19:19:59.769+0000] {processor.py:183} INFO - Processing /opt/airflow/dags/minio_to_snowflake_dag.py took 0.978 seconds
[2026-07-06T19:20:30.391+0000] {processor.py:161} INFO - Started process (PID=56966) to work on /opt/airflow/dags/minio_to_snowflake_dag.py
[2026-07-06T19:20:30.393+0000] {processor.py:830} INFO - Processing file /opt/airflow/dags/minio_to_snowflake_dag.py for tasks to queue
[2026-07-06T19:20:30.396+0000] {logging_mixin.py:188} INFO - [2026-07-06T19:20:30.395+0000] {dagbag.py:545} INFO - Filling up the DagBag from /opt/airflow/dags/minio_to_snowflake_dag.py
[2026-07-06T19:20:31.271+0000] {processor.py:840} INFO - DAG(s) 'minio_to_snowflake_ecommerce' retrieved from /opt/airflow/dags/minio_to_snowflake_dag.py
[2026-07-06T19:20:31.322+0000] {logging_mixin.py:188} INFO - [2026-07-06T19:20:31.321+0000] {dag.py:3089} INFO - Sync 1 DAGs
[2026-07-06T19:20:31.356+0000] {logging_mixin.py:188} INFO - [2026-07-06T19:20:31.355+0000] {dag.py:3947} INFO - Setting next_dagrun for minio_to_snowflake_ecommerce to 2026-07-06 19:19:00+00:00, run_after=2026-07-06 19:20:00+00:00
[2026-07-06T19:20:31.379+0000] {processor.py:183} INFO - Processing /opt/airflow/dags/minio_to_snowflake_dag.py took 1.002 seconds
[2026-07-06T19:21:01.970+0000] {processor.py:161} INFO - Started process (PID=56971) to work on /opt/airflow/dags/minio_to_snowflake_dag.py
[2026-07-06T19:21:01.971+0000] {processor.py:830} INFO - Processing file /opt/airflow/dags/minio_to_snowflake_dag.py for tasks to queue
[2026-07-06T19:21:01.972+0000] {logging_mixin.py:188} INFO - [2026-07-06T19:21:01.972+0000] {dagbag.py:545} INFO - Filling up the DagBag from /opt/airflow/dags/minio_to_snowflake_dag.py
[2026-07-06T19:21:02.785+0000] {processor.py:840} INFO - DAG(s) 'minio_to_snowflake_ecommerce' retrieved from /opt/airflow/dags/minio_to_snowflake_dag.py
[2026-07-06T19:21:02.827+0000] {logging_mixin.py:188} INFO - [2026-07-06T19:21:02.827+0000] {dag.py:3089} INFO - Sync 1 DAGs
[2026-07-06T19:21:02.867+0000] {logging_mixin.py:188} INFO - [2026-07-06T19:21:02.867+0000] {dag.py:3947} INFO - Setting next_dagrun for minio_to_snowflake_ecommerce to 2026-07-06 19:20:00+00:00, run_after=2026-07-06 19:21:00+00:00
[2026-07-06T19:21:02.910+0000] {processor.py:183} INFO - Processing /opt/airflow/dags/minio_to_snowflake_dag.py took 0.949 seconds
[2026-07-06T19:21:33.644+0000] {processor.py:161} INFO - Started process (PID=56976) to work on /opt/airflow/dags/minio_to_snowflake_dag.py
[2026-07-06T19:21:33.646+0000] {processor.py:830} INFO - Processing file /opt/airflow/dags/minio_to_snowflake_dag.py for tasks to queue
[2026-07-06T19:21:33.647+0000] {logging_mixin.py:188} INFO - [2026-07-06T19:21:33.647+0000] {dagbag.py:545} INFO - Filling up the DagBag from /opt/airflow/dags/minio_to_snowflake_dag.py
[2026-07-06T19:21:34.450+0000] {processor.py:840} INFO - DAG(s) 'minio_to_snowflake_ecommerce' retrieved from /opt/airflow/dags/minio_to_snowflake_dag.py
[2026-07-06T19:21:34.477+0000] {logging_mixin.py:188} INFO - [2026-07-06T19:21:34.477+0000] {dag.py:3089} INFO - Sync 1 DAGs
[2026-07-06T19:21:34.503+0000] {logging_mixin.py:188} INFO - [2026-07-06T19:21:34.502+0000] {dag.py:3947} INFO - Setting next_dagrun for minio_to_snowflake_ecommerce to 2026-07-06 19:20:00+00:00, run_after=2026-07-06 19:21:00+00:00
[2026-07-06T19:21:34.527+0000] {processor.py:183} INFO - Processing /opt/airflow/dags/minio_to_snowflake_dag.py took 0.895 seconds
[2026-07-06T19:22:05.292+0000] {processor.py:161} INFO - Started process (PID=56981) to work on /opt/airflow/dags/minio_to_snowflake_dag.py
[2026-07-06T19:22:05.295+0000] {processor.py:830} INFO - Processing file /opt/airflow/dags/minio_to_snowflake_dag.py for tasks to queue
[2026-07-06T19:22:05.298+0000] {logging_mixin.py:188} INFO - [2026-07-06T19:22:05.297+0000] {dagbag.py:545} INFO - Filling up the DagBag from /opt/airflow/dags/minio_to_snowflake_dag.py
[2026-07-06T19:22:06.161+0000] {processor.py:840} INFO - DAG(s) 'minio_to_snowflake_ecommerce' retrieved from /opt/airflow/dags/minio_to_snowflake_dag.py
[2026-07-06T19:22:06.205+0000] {logging_mixin.py:188} INFO - [2026-07-06T19:22:06.204+0000] {dag.py:3089} INFO - Sync 1 DAGs
[2026-07-06T19:22:06.242+0000] {logging_mixin.py:188} INFO - [2026-07-06T19:22:06.242+0000] {dag.py:3947} INFO - Setting next_dagrun for minio_to_snowflake_ecommerce to 2026-07-06 19:21:00+00:00, run_after=2026-07-06 19:22:00+00:00
[2026-07-06T19:22:06.283+0000] {processor.py:183} INFO - Processing /opt/airflow/dags/minio_to_snowflake_dag.py took 1.005 seconds
[2026-07-06T19:22:36.893+0000] {processor.py:161} INFO - Started process (PID=56986) to work on /opt/airflow/dags/minio_to_snowflake_dag.py
[2026-07-06T19:22:36.895+0000] {processor.py:830} INFO - Processing file /opt/airflow/dags/minio_to_snowflake_dag.py for tasks to queue
[2026-07-06T19:22:36.896+0000] {logging_mixin.py:188} INFO - [2026-07-06T19:22:36.896+0000] {dagbag.py:545} INFO - Filling up the DagBag from /opt/airflow/dags/minio_to_snowflake_dag.py
[2026-07-06T19:22:37.687+0000] {processor.py:840} INFO - DAG(s) 'minio_to_snowflake_ecommerce' retrieved from /opt/airflow/dags/minio_to_snowflake_dag.py
[2026-07-06T19:22:37.738+0000] {logging_mixin.py:188} INFO - [2026-07-06T19:22:37.738+0000] {dag.py:3089} INFO - Sync 1 DAGs
[2026-07-06T19:22:37.771+0000] {logging_mixin.py:188} INFO - [2026-07-06T19:22:37.771+0000] {dag.py:3947} INFO - Setting next_dagrun for minio_to_snowflake_ecommerce to 2026-07-06 19:21:00+00:00, run_after=2026-07-06 19:22:00+00:00
[2026-07-06T19:22:37.809+0000] {processor.py:183} INFO - Processing /opt/airflow/dags/minio_to_snowflake_dag.py took 0.924 seconds
[2026-07-06T19:23:08.607+0000] {processor.py:161} INFO - Started process (PID=56991) to work on /opt/airflow/dags/minio_to_snowflake_dag.py
[2026-07-06T19:23:08.609+0000] {processor.py:830} INFO - Processing file /opt/airflow/dags/minio_to_snowflake_dag.py for tasks to queue
[2026-07-06T19:23:08.610+0000] {logging_mixin.py:188} INFO - [2026-07-06T19:23:08.609+0000] {dagbag.py:545} INFO - Filling up the DagBag from /opt/airflow/dags/minio_to_snowflake_dag.py
[2026-07-06T19:23:09.426+0000] {processor.py:840} INFO - DAG(s) 'minio_to_snowflake_ecommerce' retrieved from /opt/airflow/dags/minio_to_snowflake_dag.py
[2026-07-06T19:23:09.457+0000] {logging_mixin.py:188} INFO - [2026-07-06T19:23:09.456+0000] {dag.py:3089} INFO - Sync 1 DAGs
[2026-07-06T19:23:09.488+0000] {logging_mixin.py:188} INFO - [2026-07-06T19:23:09.487+0000] {dag.py:3947} INFO - Setting next_dagrun for minio_to_snowflake_ecommerce to 2026-07-06 19:22:00+00:00, run_after=2026-07-06 19:23:00+00:00
[2026-07-06T19:23:09.519+0000] {processor.py:183} INFO - Processing /opt/airflow/dags/minio_to_snowflake_dag.py took 0.919 seconds
[2026-07-06T19:23:40.228+0000] {processor.py:161} INFO - Started process (PID=56996) to work on /opt/airflow/dags/minio_to_snowflake_dag.py
[2026-07-06T19:23:40.230+0000] {processor.py:830} INFO - Processing file /opt/airflow/dags/minio_to_snowflake_dag.py for tasks to queue
[2026-07-06T19:23:40.231+0000] {logging_mixin.py:188} INFO - [2026-07-06T19:23:40.231+0000] {dagbag.py:545} INFO - Filling up the DagBag from /opt/airflow/dags/minio_to_snowflake_dag.py
[2026-07-06T19:23:41.002+0000] {processor.py:840} INFO - DAG(s) 'minio_to_snowflake_ecommerce' retrieved from /opt/airflow/dags/minio_to_snowflake_dag.py
[2026-07-06T19:23:41.043+0000] {logging_mixin.py:188} INFO - [2026-07-06T19:23:41.042+0000] {dag.py:3089} INFO - Sync 1 DAGs
[2026-07-06T19:23:41.081+0000] {logging_mixin.py:188} INFO - [2026-07-06T19:23:41.081+0000] {dag.py:3947} INFO - Setting next_dagrun for minio_to_snowflake_ecommerce to 2026-07-06 19:22:00+00:00, run_after=2026-07-06 19:23:00+00:00
[2026-07-06T19:23:41.117+0000] {processor.py:183} INFO - Processing /opt/airflow/dags/minio_to_snowflake_dag.py took 0.896 seconds
[2026-07-06T19:24:11.778+0000] {processor.py:161} INFO - Started process (PID=57001) to work on /opt/airflow/dags/minio_to_snowflake_dag.py
[2026-07-06T19:24:11.779+0000] {processor.py:830} INFO - Processing file /opt/airflow/dags/minio_to_snowflake_dag.py for tasks to queue
[2026-07-06T19:24:11.781+0000] {logging_mixin.py:188} INFO - [2026-07-06T19:24:11.781+0000] {dagbag.py:545} INFO - Filling up the DagBag from /opt/airflow/dags/minio_to_snowflake_dag.py
[2026-07-06T19:24:12.536+0000] {processor.py:840} INFO - DAG(s) 'minio_to_snowflake_ecommerce' retrieved from /opt/airflow/dags/minio_to_snowflake_dag.py
[2026-07-06T19:24:12.565+0000] {logging_mixin.py:188} INFO - [2026-07-06T19:24:12.565+0000] {dag.py:3089} INFO - Sync 1 DAGs
[2026-07-06T19:24:12.592+0000] {logging_mixin.py:188} INFO - [2026-07-06T19:24:12.592+0000] {dag.py:3947} INFO - Setting next_dagrun for minio_to_snowflake_ecommerce to 2026-07-06 19:23:00+00:00, run_after=2026-07-06 19:24:00+00:00
[2026-07-06T19:24:12.612+0000] {processor.py:183} INFO - Processing /opt/airflow/dags/minio_to_snowflake_dag.py took 0.842 seconds
[2026-07-06T19:24:43.264+0000] {processor.py:161} INFO - Started process (PID=57006) to work on /opt/airflow/dags/minio_to_snowflake_dag.py
[2026-07-06T19:24:43.267+0000] {processor.py:830} INFO - Processing file /opt/airflow/dags/minio_to_snowflake_dag.py for tasks to queue
[2026-07-06T19:24:43.269+0000] {logging_mixin.py:188} INFO - [2026-07-06T19:24:43.268+0000] {dagbag.py:545} INFO - Filling up the DagBag from /opt/airflow/dags/minio_to_snowflake_dag.py
[2026-07-06T19:24:44.044+0000] {processor.py:840} INFO - DAG(s) 'minio_to_snowflake_ecommerce' retrieved from /opt/airflow/dags/minio_to_snowflake_dag.py
[2026-07-06T19:24:44.078+0000] {logging_mixin.py:188} INFO - [2026-07-06T19:24:44.077+0000] {dag.py:3089} INFO - Sync 1 DAGs
[2026-07-06T19:24:44.105+0000] {logging_mixin.py:188} INFO - [2026-07-06T19:24:44.105+0000] {dag.py:3947} INFO - Setting next_dagrun for minio_to_snowflake_ecommerce to 2026-07-06 19:23:00+00:00, run_after=2026-07-06 19:24:00+00:00
[2026-07-06T19:24:44.128+0000] {processor.py:183} INFO - Processing /opt/airflow/dags/minio_to_snowflake_dag.py took 0.878 seconds
[2026-07-06T19:25:14.867+0000] {processor.py:161} INFO - Started process (PID=57011) to work on /opt/airflow/dags/minio_to_snowflake_dag.py
[2026-07-06T19:25:14.868+0000] {processor.py:830} INFO - Processing file /opt/airflow/dags/minio_to_snowflake_dag.py for tasks to queue
[2026-07-06T19:25:14.870+0000] {logging_mixin.py:188} INFO - [2026-07-06T19:25:14.869+0000] {dagbag.py:545} INFO - Filling up the DagBag from /opt/airflow/dags/minio_to_snowflake_dag.py
[2026-07-06T19:25:15.602+0000] {processor.py:840} INFO - DAG(s) 'minio_to_snowflake_ecommerce' retrieved from /opt/airflow/dags/minio_to_snowflake_dag.py
[2026-07-06T19:25:15.632+0000] {logging_mixin.py:188} INFO - [2026-07-06T19:25:15.631+0000] {dag.py:3089} INFO - Sync 1 DAGs
[2026-07-06T19:25:15.656+0000] {logging_mixin.py:188} INFO - [2026-07-06T19:25:15.656+0000] {dag.py:3947} INFO - Setting next_dagrun for minio_to_snowflake_ecommerce to 2026-07-06 19:24:00+00:00, run_after=2026-07-06 19:25:00+00:00
[2026-07-06T19:25:15.678+0000] {processor.py:183} INFO - Processing /opt/airflow/dags/minio_to_snowflake_dag.py took 0.818 seconds
[2026-07-06T19:25:46.414+0000] {processor.py:161} INFO - Started process (PID=57016) to work on /opt/airflow/dags/minio_to_snowflake_dag.py
[2026-07-06T19:25:46.416+0000] {processor.py:830} INFO - Processing file /opt/airflow/dags/minio_to_snowflake_dag.py for tasks to queue
[2026-07-06T19:25:46.417+0000] {logging_mixin.py:188} INFO - [2026-07-06T19:25:46.417+0000] {dagbag.py:545} INFO - Filling up the DagBag from /opt/airflow/dags/minio_to_snowflake_dag.py
[2026-07-06T19:25:47.231+0000] {processor.py:840} INFO - DAG(s) 'minio_to_snowflake_ecommerce' retrieved from /opt/airflow/dags/minio_to_snowflake_dag.py
[2026-07-06T19:25:47.283+0000] {logging_mixin.py:188} INFO - [2026-07-06T19:25:47.282+0000] {dag.py:3089} INFO - Sync 1 DAGs
[2026-07-06T19:25:47.315+0000] {logging_mixin.py:188} INFO - [2026-07-06T19:25:47.315+0000] {dag.py:3947} INFO - Setting next_dagrun for minio_to_snowflake_ecommerce to 2026-07-06 19:24:00+00:00, run_after=2026-07-06 19:25:00+00:00
[2026-07-06T19:25:47.357+0000] {processor.py:183} INFO - Processing /opt/airflow/dags/minio_to_snowflake_dag.py took 0.953 seconds
[2026-07-06T19:26:17.962+0000] {processor.py:161} INFO - Started process (PID=57021) to work on /opt/airflow/dags/minio_to_snowflake_dag.py
[2026-07-06T19:26:17.964+0000] {processor.py:830} INFO - Processing file /opt/airflow/dags/minio_to_snowflake_dag.py for tasks to queue
[2026-07-06T19:26:17.965+0000] {logging_mixin.py:188} INFO - [2026-07-06T19:26:17.964+0000] {dagbag.py:545} INFO - Filling up the DagBag from /opt/airflow/dags/minio_to_snowflake_dag.py
[2026-07-06T19:26:18.783+0000] {processor.py:840} INFO - DAG(s) 'minio_to_snowflake_ecommerce' retrieved from /opt/airflow/dags/minio_to_snowflake_dag.py
[2026-07-06T19:26:18.813+0000] {logging_mixin.py:188} INFO - [2026-07-06T19:26:18.813+0000] {dag.py:3089} INFO - Sync 1 DAGs
[2026-07-06T19:26:18.843+0000] {logging_mixin.py:188} INFO - [2026-07-06T19:26:18.843+0000] {dag.py:3947} INFO - Setting next_dagrun for minio_to_snowflake_ecommerce to 2026-07-06 19:25:00+00:00, run_after=2026-07-06 19:26:00+00:00
[2026-07-06T19:26:18.883+0000] {processor.py:183} INFO - Processing /opt/airflow/dags/minio_to_snowflake_dag.py took 0.932 seconds
[2026-07-06T19:26:49.651+0000] {processor.py:161} INFO - Started process (PID=57026) to work on /opt/airflow/dags/minio_to_snowflake_dag.py
[2026-07-06T19:26:49.653+0000] {processor.py:830} INFO - Processing file /opt/airflow/dags/minio_to_snowflake_dag.py for tasks to queue
[2026-07-06T19:26:49.658+0000] {logging_mixin.py:188} INFO - [2026-07-06T19:26:49.657+0000] {dagbag.py:545} INFO - Filling up the DagBag from /opt/airflow/dags/minio_to_snowflake_dag.py
[2026-07-06T19:26:50.485+0000] {processor.py:840} INFO - DAG(s) 'minio_to_snowflake_ecommerce' retrieved from /opt/airflow/dags/minio_to_snowflake_dag.py
[2026-07-06T19:26:50.515+0000] {logging_mixin.py:188} INFO - [2026-07-06T19:26:50.514+0000] {dag.py:3089} INFO - Sync 1 DAGs
[2026-07-06T19:26:50.540+0000] {logging_mixin.py:188} INFO - [2026-07-06T19:26:50.540+0000] {dag.py:3947} INFO - Setting next_dagrun for minio_to_snowflake_ecommerce to 2026-07-06 19:25:00+00:00, run_after=2026-07-06 19:26:00+00:00
[2026-07-06T19:26:50.565+0000] {processor.py:183} INFO - Processing /opt/airflow/dags/minio_to_snowflake_dag.py took 0.925 seconds
[2026-07-06T19:27:21.259+0000] {processor.py:161} INFO - Started process (PID=57031) to work on /opt/airflow/dags/minio_to_snowflake_dag.py
[2026-07-06T19:27:21.261+0000] {processor.py:830} INFO - Processing file /opt/airflow/dags/minio_to_snowflake_dag.py for tasks to queue
[2026-07-06T19:27:21.264+0000] {logging_mixin.py:188} INFO - [2026-07-06T19:27:21.262+0000] {dagbag.py:545} INFO - Filling up the DagBag from /opt/airflow/dags/minio_to_snowflake_dag.py
[2026-07-06T19:27:22.036+0000] {processor.py:840} INFO - DAG(s) 'minio_to_snowflake_ecommerce' retrieved from /opt/airflow/dags/minio_to_snowflake_dag.py
[2026-07-06T19:27:22.070+0000] {logging_mixin.py:188} INFO - [2026-07-06T19:27:22.069+0000] {dag.py:3089} INFO - Sync 1 DAGs
[2026-07-06T19:27:22.097+0000] {logging_mixin.py:188} INFO - [2026-07-06T19:27:22.097+0000] {dag.py:3947} INFO - Setting next_dagrun for minio_to_snowflake_ecommerce to 2026-07-06 19:26:00+00:00, run_after=2026-07-06 19:27:00+00:00
[2026-07-06T19:27:22.121+0000] {processor.py:183} INFO - Processing /opt/airflow/dags/minio_to_snowflake_dag.py took 0.874 seconds
[2026-07-06T19:27:52.917+0000] {processor.py:161} INFO - Started process (PID=57036) to work on /opt/airflow/dags/minio_to_snowflake_dag.py
[2026-07-06T19:27:52.918+0000] {processor.py:830} INFO - Processing file /opt/airflow/dags/minio_to_snowflake_dag.py for tasks to queue
[2026-07-06T19:27:52.919+0000] {logging_mixin.py:188} INFO - [2026-07-06T19:27:52.918+0000] {dagbag.py:545} INFO - Filling up the DagBag from /opt/airflow/dags/minio_to_snowflake_dag.py
[2026-07-06T19:27:53.675+0000] {processor.py:840} INFO - DAG(s) 'minio_to_snowflake_ecommerce' retrieved from /opt/airflow/dags/minio_to_snowflake_dag.py
[2026-07-06T19:27:53.708+0000] {logging_mixin.py:188} INFO - [2026-07-06T19:27:53.707+0000] {dag.py:3089} INFO - Sync 1 DAGs
[2026-07-06T19:27:53.736+0000] {logging_mixin.py:188} INFO - [2026-07-06T19:27:53.736+0000] {dag.py:3947} INFO - Setting next_dagrun for minio_to_snowflake_ecommerce to 2026-07-06 19:26:00+00:00, run_after=2026-07-06 19:27:00+00:00
[2026-07-06T19:27:53.760+0000] {processor.py:183} INFO - Processing /opt/airflow/dags/minio_to_snowflake_dag.py took 0.850 seconds
[2026-07-06T19:28:24.389+0000] {processor.py:161} INFO - Started process (PID=57041) to work on /opt/airflow/dags/minio_to_snowflake_dag.py
[2026-07-06T19:28:24.390+0000] {processor.py:830} INFO - Processing file /opt/airflow/dags/minio_to_snowflake_dag.py for tasks to queue
[2026-07-06T19:28:24.392+0000] {logging_mixin.py:188} INFO - [2026-07-06T19:28:24.392+0000] {dagbag.py:545} INFO - Filling up the DagBag from /opt/airflow/dags/minio_to_snowflake_dag.py
[2026-07-06T19:28:25.180+0000] {processor.py:840} INFO - DAG(s) 'minio_to_snowflake_ecommerce' retrieved from /opt/airflow/dags/minio_to_snowflake_dag.py
[2026-07-06T19:28:25.210+0000] {logging_mixin.py:188} INFO - [2026-07-06T19:28:25.209+0000] {dag.py:3089} INFO - Sync 1 DAGs
[2026-07-06T19:28:25.240+0000] {logging_mixin.py:188} INFO - [2026-07-06T19:28:25.240+0000] {dag.py:3947} INFO - Setting next_dagrun for minio_to_snowflake_ecommerce to 2026-07-06 19:27:00+00:00, run_after=2026-07-06 19:28:00+00:00
[2026-07-06T19:28:25.273+0000] {processor.py:183} INFO - Processing /opt/airflow/dags/minio_to_snowflake_dag.py took 0.892 seconds
[2026-07-06T19:28:55.952+0000] {processor.py:161} INFO - Started process (PID=57046) to work on /opt/airflow/dags/minio_to_snowflake_dag.py
[2026-07-06T19:28:55.954+0000] {processor.py:830} INFO - Processing file /opt/airflow/dags/minio_to_snowflake_dag.py for tasks to queue
[2026-07-06T19:28:55.955+0000] {logging_mixin.py:188} INFO - [2026-07-06T19:28:55.954+0000] {dagbag.py:545} INFO - Filling up the DagBag from /opt/airflow/dags/minio_to_snowflake_dag.py
[2026-07-06T19:28:56.716+0000] {processor.py:840} INFO - DAG(s) 'minio_to_snowflake_ecommerce' retrieved from /opt/airflow/dags/minio_to_snowflake_dag.py
[2026-07-06T19:28:56.744+0000] {logging_mixin.py:188} INFO - [2026-07-06T19:28:56.744+0000] {dag.py:3089} INFO - Sync 1 DAGs
[2026-07-06T19:28:56.773+0000] {logging_mixin.py:188} INFO - [2026-07-06T19:28:56.772+0000] {dag.py:3947} INFO - Setting next_dagrun for minio_to_snowflake_ecommerce to 2026-07-06 19:27:00+00:00, run_after=2026-07-06 19:28:00+00:00
[2026-07-06T19:28:56.795+0000] {processor.py:183} INFO - Processing /opt/airflow/dags/minio_to_snowflake_dag.py took 0.851 seconds
[2026-07-06T19:29:27.357+0000] {processor.py:161} INFO - Started process (PID=57051) to work on /opt/airflow/dags/minio_to_snowflake_dag.py
[2026-07-06T19:29:27.359+0000] {processor.py:830} INFO - Processing file /opt/airflow/dags/minio_to_snowflake_dag.py for tasks to queue
[2026-07-06T19:29:27.360+0000] {logging_mixin.py:188} INFO - [2026-07-06T19:29:27.360+0000] {dagbag.py:545} INFO - Filling up the DagBag from /opt/airflow/dags/minio_to_snowflake_dag.py
[2026-07-06T19:29:28.182+0000] {processor.py:840} INFO - DAG(s) 'minio_to_snowflake_ecommerce' retrieved from /opt/airflow/dags/minio_to_snowflake_dag.py
[2026-07-06T19:29:28.211+0000] {logging_mixin.py:188} INFO - [2026-07-06T19:29:28.210+0000] {dag.py:3089} INFO - Sync 1 DAGs
[2026-07-06T19:29:28.236+0000] {logging_mixin.py:188} INFO - [2026-07-06T19:29:28.236+0000] {dag.py:3947} INFO - Setting next_dagrun for minio_to_snowflake_ecommerce to 2026-07-06 19:28:00+00:00, run_after=2026-07-06 19:29:00+00:00
[2026-07-06T19:29:28.273+0000] {processor.py:183} INFO - Processing /opt/airflow/dags/minio_to_snowflake_dag.py took 0.926 seconds
[2026-07-06T19:29:58.963+0000] {processor.py:161} INFO - Started process (PID=57056) to work on /opt/airflow/dags/minio_to_snowflake_dag.py
[2026-07-06T19:29:58.965+0000] {processor.py:830} INFO - Processing file /opt/airflow/dags/minio_to_snowflake_dag.py for tasks to queue
[2026-07-06T19:29:58.967+0000] {logging_mixin.py:188} INFO - [2026-07-06T19:29:58.967+0000] {dagbag.py:545} INFO - Filling up the DagBag from /opt/airflow/dags/minio_to_snowflake_dag.py
[2026-07-06T19:29:59.783+0000] {processor.py:840} INFO - DAG(s) 'minio_to_snowflake_ecommerce' retrieved from /opt/airflow/dags/minio_to_snowflake_dag.py
[2026-07-06T19:29:59.838+0000] {logging_mixin.py:188} INFO - [2026-07-06T19:29:59.837+0000] {dag.py:3089} INFO - Sync 1 DAGs
[2026-07-06T19:29:59.864+0000] {logging_mixin.py:188} INFO - [2026-07-06T19:29:59.864+0000] {dag.py:3947} INFO - Setting next_dagrun for minio_to_snowflake_ecommerce to 2026-07-06 19:28:00+00:00, run_after=2026-07-06 19:29:00+00:00
[2026-07-06T19:29:59.885+0000] {processor.py:183} INFO - Processing /opt/airflow/dags/minio_to_snowflake_dag.py took 0.937 seconds
[2026-07-06T19:30:30.572+0000] {processor.py:161} INFO - Started process (PID=57061) to work on /opt/airflow/dags/minio_to_snowflake_dag.py
[2026-07-06T19:30:30.574+0000] {processor.py:830} INFO - Processing file /opt/airflow/dags/minio_to_snowflake_dag.py for tasks to queue
[2026-07-06T19:30:30.576+0000] {logging_mixin.py:188} INFO - [2026-07-06T19:30:30.575+0000] {dagbag.py:545} INFO - Filling up the DagBag from /opt/airflow/dags/minio_to_snowflake_dag.py
[2026-07-06T19:30:31.497+0000] {processor.py:840} INFO - DAG(s) 'minio_to_snowflake_ecommerce' retrieved from /opt/airflow/dags/minio_to_snowflake_dag.py
[2026-07-06T19:30:31.561+0000] {logging_mixin.py:188} INFO - [2026-07-06T19:30:31.560+0000] {dag.py:3089} INFO - Sync 1 DAGs
[2026-07-06T19:30:31.605+0000] {logging_mixin.py:188} INFO - [2026-07-06T19:30:31.605+0000] {dag.py:3947} INFO - Setting next_dagrun for minio_to_snowflake_ecommerce to 2026-07-06 19:29:00+00:00, run_after=2026-07-06 19:30:00+00:00
[2026-07-06T19:30:31.638+0000] {processor.py:183} INFO - Processing /opt/airflow/dags/minio_to_snowflake_dag.py took 1.077 seconds
[2026-07-06T19:31:02.215+0000] {processor.py:161} INFO - Started process (PID=57066) to work on /opt/airflow/dags/minio_to_snowflake_dag.py
[2026-07-06T19:31:02.217+0000] {processor.py:830} INFO - Processing file /opt/airflow/dags/minio_to_snowflake_dag.py for tasks to queue
[2026-07-06T19:31:02.219+0000] {logging_mixin.py:188} INFO - [2026-07-06T19:31:02.218+0000] {dagbag.py:545} INFO - Filling up the DagBag from /opt/airflow/dags/minio_to_snowflake_dag.py
[2026-07-06T19:31:03.024+0000] {processor.py:840} INFO - DAG(s) 'minio_to_snowflake_ecommerce' retrieved from /opt/airflow/dags/minio_to_snowflake_dag.py
[2026-07-06T19:31:03.053+0000] {logging_mixin.py:188} INFO - [2026-07-06T19:31:03.052+0000] {dag.py:3089} INFO - Sync 1 DAGs
[2026-07-06T19:31:03.085+0000] {logging_mixin.py:188} INFO - [2026-07-06T19:31:03.085+0000] {dag.py:3947} INFO - Setting next_dagrun for minio_to_snowflake_ecommerce to 2026-07-06 19:30:00+00:00, run_after=2026-07-06 19:31:00+00:00
[2026-07-06T19:31:03.123+0000] {processor.py:183} INFO - Processing /opt/airflow/dags/minio_to_snowflake_dag.py took 0.918 seconds
[2026-07-06T19:31:33.938+0000] {processor.py:161} INFO - Started process (PID=57071) to work on /opt/airflow/dags/minio_to_snowflake_dag.py
[2026-07-06T19:31:33.941+0000] {processor.py:830} INFO - Processing file /opt/airflow/dags/minio_to_snowflake_dag.py for tasks to queue
[2026-07-06T19:31:33.943+0000] {logging_mixin.py:188} INFO - [2026-07-06T19:31:33.942+0000] {dagbag.py:545} INFO - Filling up the DagBag from /opt/airflow/dags/minio_to_snowflake_dag.py
[2026-07-06T19:31:34.741+0000] {processor.py:840} INFO - DAG(s) 'minio_to_snowflake_ecommerce' retrieved from /opt/airflow/dags/minio_to_snowflake_dag.py
[2026-07-06T19:31:34.797+0000] {logging_mixin.py:188} INFO - [2026-07-06T19:31:34.796+0000] {dag.py:3089} INFO - Sync 1 DAGs
[2026-07-06T19:31:34.848+0000] {logging_mixin.py:188} INFO - [2026-07-06T19:31:34.847+0000] {dag.py:3947} INFO - Setting next_dagrun for minio_to_snowflake_ecommerce to 2026-07-06 19:30:00+00:00, run_after=2026-07-06 19:31:00+00:00
[2026-07-06T19:31:34.895+0000] {processor.py:183} INFO - Processing /opt/airflow/dags/minio_to_snowflake_dag.py took 0.969 seconds
[2026-07-06T19:32:05.462+0000] {processor.py:161} INFO - Started process (PID=57076) to work on /opt/airflow/dags/minio_to_snowflake_dag.py
[2026-07-06T19:32:05.464+0000] {processor.py:830} INFO - Processing file /opt/airflow/dags/minio_to_snowflake_dag.py for tasks to queue
[2026-07-06T19:32:05.465+0000] {logging_mixin.py:188} INFO - [2026-07-06T19:32:05.465+0000] {dagbag.py:545} INFO - Filling up the DagBag from /opt/airflow/dags/minio_to_snowflake_dag.py
[2026-07-06T19:32:06.301+0000] {processor.py:840} INFO - DAG(s) 'minio_to_snowflake_ecommerce' retrieved from /opt/airflow/dags/minio_to_snowflake_dag.py
[2026-07-06T19:32:06.330+0000] {logging_mixin.py:188} INFO - [2026-07-06T19:32:06.329+0000] {dag.py:3089} INFO - Sync 1 DAGs
[2026-07-06T19:32:06.357+0000] {logging_mixin.py:188} INFO - [2026-07-06T19:32:06.357+0000] {dag.py:3947} INFO - Setting next_dagrun for minio_to_snowflake_ecommerce to 2026-07-06 19:31:00+00:00, run_after=2026-07-06 19:32:00+00:00
[2026-07-06T19:32:06.382+0000] {processor.py:183} INFO - Processing /opt/airflow/dags/minio_to_snowflake_dag.py took 0.927 seconds
[2026-07-06T19:32:37.123+0000] {processor.py:161} INFO - Started process (PID=57081) to work on /opt/airflow/dags/minio_to_snowflake_dag.py
[2026-07-06T19:32:37.125+0000] {processor.py:830} INFO - Processing file /opt/airflow/dags/minio_to_snowflake_dag.py for tasks to queue
[2026-07-06T19:32:37.128+0000] {logging_mixin.py:188} INFO - [2026-07-06T19:32:37.127+0000] {dagbag.py:545} INFO - Filling up the DagBag from /opt/airflow/dags/minio_to_snowflake_dag.py
[2026-07-06T19:32:38.191+0000] {processor.py:840} INFO - DAG(s) 'minio_to_snowflake_ecommerce' retrieved from /opt/airflow/dags/minio_to_snowflake_dag.py
[2026-07-06T19:32:38.223+0000] {logging_mixin.py:188} INFO - [2026-07-06T19:32:38.223+0000] {dag.py:3089} INFO - Sync 1 DAGs
[2026-07-06T19:32:38.252+0000] {logging_mixin.py:188} INFO - [2026-07-06T19:32:38.252+0000] {dag.py:3947} INFO - Setting next_dagrun for minio_to_snowflake_ecommerce to 2026-07-06 19:31:00+00:00, run_after=2026-07-06 19:32:00+00:00
[2026-07-06T19:32:38.276+0000] {processor.py:183} INFO - Processing /opt/airflow/dags/minio_to_snowflake_dag.py took 1.169 seconds
[2026-07-06T19:33:08.424+0000] {processor.py:161} INFO - Started process (PID=57086) to work on /opt/airflow/dags/minio_to_snowflake_dag.py
[2026-07-06T19:33:08.425+0000] {processor.py:830} INFO - Processing file /opt/airflow/dags/minio_to_snowflake_dag.py for tasks to queue
[2026-07-06T19:33:08.427+0000] {logging_mixin.py:188} INFO - [2026-07-06T19:33:08.426+0000] {dagbag.py:545} INFO - Filling up the DagBag from /opt/airflow/dags/minio_to_snowflake_dag.py
[2026-07-06T19:33:09.318+0000] {processor.py:840} INFO - DAG(s) 'minio_to_snowflake_ecommerce' retrieved from /opt/airflow/dags/minio_to_snowflake_dag.py
[2026-07-06T19:33:09.353+0000] {logging_mixin.py:188} INFO - [2026-07-06T19:33:09.352+0000] {dag.py:3089} INFO - Sync 1 DAGs
[2026-07-06T19:33:09.390+0000] {logging_mixin.py:188} INFO - [2026-07-06T19:33:09.389+0000] {dag.py:3947} INFO - Setting next_dagrun for minio_to_snowflake_ecommerce to 2026-07-06 19:32:00+00:00, run_after=2026-07-06 19:33:00+00:00
[2026-07-06T19:33:09.419+0000] {processor.py:183} INFO - Processing /opt/airflow/dags/minio_to_snowflake_dag.py took 1.003 seconds
[2026-07-06T19:33:39.905+0000] {processor.py:161} INFO - Started process (PID=57091) to work on /opt/airflow/dags/minio_to_snowflake_dag.py
[2026-07-06T19:33:39.907+0000] {processor.py:830} INFO - Processing file /opt/airflow/dags/minio_to_snowflake_dag.py for tasks to queue
[2026-07-06T19:33:39.908+0000] {logging_mixin.py:188} INFO - [2026-07-06T19:33:39.908+0000] {dagbag.py:545} INFO - Filling up the DagBag from /opt/airflow/dags/minio_to_snowflake_dag.py
[2026-07-06T19:33:40.802+0000] {processor.py:840} INFO - DAG(s) 'minio_to_snowflake_ecommerce' retrieved from /opt/airflow/dags/minio_to_snowflake_dag.py
[2026-07-06T19:33:40.834+0000] {logging_mixin.py:188} INFO - [2026-07-06T19:33:40.834+0000] {dag.py:3089} INFO - Sync 1 DAGs
[2026-07-06T19:33:40.864+0000] {logging_mixin.py:188} INFO - [2026-07-06T19:33:40.864+0000] {dag.py:3947} INFO - Setting next_dagrun for minio_to_snowflake_ecommerce to 2026-07-06 19:32:00+00:00, run_after=2026-07-06 19:33:00+00:00
[2026-07-06T19:33:40.895+0000] {processor.py:183} INFO - Processing /opt/airflow/dags/minio_to_snowflake_dag.py took 0.997 seconds
[2026-07-06T19:34:11.418+0000] {processor.py:161} INFO - Started process (PID=57097) to work on /opt/airflow/dags/minio_to_snowflake_dag.py
[2026-07-06T19:34:11.420+0000] {processor.py:830} INFO - Processing file /opt/airflow/dags/minio_to_snowflake_dag.py for tasks to queue
[2026-07-06T19:34:11.421+0000] {logging_mixin.py:188} INFO - [2026-07-06T19:34:11.421+0000] {dagbag.py:545} INFO - Filling up the DagBag from /opt/airflow/dags/minio_to_snowflake_dag.py
[2026-07-06T19:34:12.261+0000] {processor.py:840} INFO - DAG(s) 'minio_to_snowflake_ecommerce' retrieved from /opt/airflow/dags/minio_to_snowflake_dag.py
[2026-07-06T19:34:12.291+0000] {logging_mixin.py:188} INFO - [2026-07-06T19:34:12.290+0000] {dag.py:3089} INFO - Sync 1 DAGs
[2026-07-06T19:34:12.317+0000] {logging_mixin.py:188} INFO - [2026-07-06T19:34:12.317+0000] {dag.py:3947} INFO - Setting next_dagrun for minio_to_snowflake_ecommerce to 2026-07-06 19:33:00+00:00, run_after=2026-07-06 19:34:00+00:00
[2026-07-06T19:34:12.340+0000] {processor.py:183} INFO - Processing /opt/airflow/dags/minio_to_snowflake_dag.py took 0.932 seconds
[2026-07-06T19:34:42.995+0000] {processor.py:161} INFO - Started process (PID=57102) to work on /opt/airflow/dags/minio_to_snowflake_dag.py
[2026-07-06T19:34:42.997+0000] {processor.py:830} INFO - Processing file /opt/airflow/dags/minio_to_snowflake_dag.py for tasks to queue
[2026-07-06T19:34:42.999+0000] {logging_mixin.py:188} INFO - [2026-07-06T19:34:42.999+0000] {dagbag.py:545} INFO - Filling up the DagBag from /opt/airflow/dags/minio_to_snowflake_dag.py
[2026-07-06T19:34:43.814+0000] {processor.py:840} INFO - DAG(s) 'minio_to_snowflake_ecommerce' retrieved from /opt/airflow/dags/minio_to_snowflake_dag.py
[2026-07-06T19:34:43.847+0000] {logging_mixin.py:188} INFO - [2026-07-06T19:34:43.846+0000] {dag.py:3089} INFO - Sync 1 DAGs
[2026-07-06T19:34:43.876+0000] {logging_mixin.py:188} INFO - [2026-07-06T19:34:43.876+0000] {dag.py:3947} INFO - Setting next_dagrun for minio_to_snowflake_ecommerce to 2026-07-06 19:33:00+00:00, run_after=2026-07-06 19:34:00+00:00
[2026-07-06T19:34:43.900+0000] {processor.py:183} INFO - Processing /opt/airflow/dags/minio_to_snowflake_dag.py took 0.918 seconds
[2026-07-06T19:35:14.435+0000] {processor.py:161} INFO - Started process (PID=57107) to work on /opt/airflow/dags/minio_to_snowflake_dag.py
[2026-07-06T19:35:14.437+0000] {processor.py:830} INFO - Processing file /opt/airflow/dags/minio_to_snowflake_dag.py for tasks to queue
[2026-07-06T19:35:14.439+0000] {logging_mixin.py:188} INFO - [2026-07-06T19:35:14.438+0000] {dagbag.py:545} INFO - Filling up the DagBag from /opt/airflow/dags/minio_to_snowflake_dag.py
[2026-07-06T19:35:15.244+0000] {processor.py:840} INFO - DAG(s) 'minio_to_snowflake_ecommerce' retrieved from /opt/airflow/dags/minio_to_snowflake_dag.py
[2026-07-06T19:35:15.277+0000] {logging_mixin.py:188} INFO - [2026-07-06T19:35:15.276+0000] {dag.py:3089} INFO - Sync 1 DAGs
[2026-07-06T19:35:15.314+0000] {logging_mixin.py:188} INFO - [2026-07-06T19:35:15.314+0000] {dag.py:3947} INFO - Setting next_dagrun for minio_to_snowflake_ecommerce to 2026-07-06 19:34:00+00:00, run_after=2026-07-06 19:35:00+00:00
[2026-07-06T19:35:15.357+0000] {processor.py:183} INFO - Processing /opt/airflow/dags/minio_to_snowflake_dag.py took 0.935 seconds
[2026-07-06T19:35:45.986+0000] {processor.py:161} INFO - Started process (PID=57112) to work on /opt/airflow/dags/minio_to_snowflake_dag.py
[2026-07-06T19:35:45.988+0000] {processor.py:830} INFO - Processing file /opt/airflow/dags/minio_to_snowflake_dag.py for tasks to queue
[2026-07-06T19:35:45.989+0000] {logging_mixin.py:188} INFO - [2026-07-06T19:35:45.989+0000] {dagbag.py:545} INFO - Filling up the DagBag from /opt/airflow/dags/minio_to_snowflake_dag.py
[2026-07-06T19:35:46.792+0000] {processor.py:840} INFO - DAG(s) 'minio_to_snowflake_ecommerce' retrieved from /opt/airflow/dags/minio_to_snowflake_dag.py
[2026-07-06T19:35:46.831+0000] {logging_mixin.py:188} INFO - [2026-07-06T19:35:46.830+0000] {dag.py:3089} INFO - Sync 1 DAGs
[2026-07-06T19:35:46.873+0000] {logging_mixin.py:188} INFO - [2026-07-06T19:35:46.872+0000] {dag.py:3947} INFO - Setting next_dagrun for minio_to_snowflake_ecommerce to 2026-07-06 19:34:00+00:00, run_after=2026-07-06 19:35:00+00:00
[2026-07-06T19:35:46.915+0000] {processor.py:183} INFO - Processing /opt/airflow/dags/minio_to_snowflake_dag.py took 0.939 seconds
[2026-07-06T19:36:17.662+0000] {processor.py:161} INFO - Started process (PID=57117) to work on /opt/airflow/dags/minio_to_snowflake_dag.py
[2026-07-06T19:36:17.664+0000] {processor.py:830} INFO - Processing file /opt/airflow/dags/minio_to_snowflake_dag.py for tasks to queue
[2026-07-06T19:36:17.665+0000] {logging_mixin.py:188} INFO - [2026-07-06T19:36:17.665+0000] {dagbag.py:545} INFO - Filling up the DagBag from /opt/airflow/dags/minio_to_snowflake_dag.py
[2026-07-06T19:36:18.451+0000] {processor.py:840} INFO - DAG(s) 'minio_to_snowflake_ecommerce' retrieved from /opt/airflow/dags/minio_to_snowflake_dag.py
[2026-07-06T19:36:18.483+0000] {logging_mixin.py:188} INFO - [2026-07-06T19:36:18.483+0000] {dag.py:3089} INFO - Sync 1 DAGs
[2026-07-06T19:36:18.513+0000] {logging_mixin.py:188} INFO - [2026-07-06T19:36:18.513+0000] {dag.py:3947} INFO - Setting next_dagrun for minio_to_snowflake_ecommerce to 2026-07-06 19:35:00+00:00, run_after=2026-07-06 19:36:00+00:00
[2026-07-06T19:36:18.537+0000] {processor.py:183} INFO - Processing /opt/airflow/dags/minio_to_snowflake_dag.py took 0.884 seconds
[2026-07-06T19:36:49.098+0000] {processor.py:161} INFO - Started process (PID=57122) to work on /opt/airflow/dags/minio_to_snowflake_dag.py
[2026-07-06T19:36:49.100+0000] {processor.py:830} INFO - Processing file /opt/airflow/dags/minio_to_snowflake_dag.py for tasks to queue
[2026-07-06T19:36:49.102+0000] {logging_mixin.py:188} INFO - [2026-07-06T19:36:49.101+0000] {dagbag.py:545} INFO - Filling up the DagBag from /opt/airflow/dags/minio_to_snowflake_dag.py
[2026-07-06T19:36:50.060+0000] {processor.py:840} INFO - DAG(s) 'minio_to_snowflake_ecommerce' retrieved from /opt/airflow/dags/minio_to_snowflake_dag.py
[2026-07-06T19:36:50.091+0000] {logging_mixin.py:188} INFO - [2026-07-06T19:36:50.091+0000] {dag.py:3089} INFO - Sync 1 DAGs
[2026-07-06T19:36:50.122+0000] {logging_mixin.py:188} INFO - [2026-07-06T19:36:50.122+0000] {dag.py:3947} INFO - Setting next_dagrun for minio_to_snowflake_ecommerce to 2026-07-06 19:35:00+00:00, run_after=2026-07-06 19:36:00+00:00
[2026-07-06T19:36:50.148+0000] {processor.py:183} INFO - Processing /opt/airflow/dags/minio_to_snowflake_dag.py took 1.058 seconds
[2026-07-06T19:37:20.684+0000] {processor.py:161} INFO - Started process (PID=57127) to work on /opt/airflow/dags/minio_to_snowflake_dag.py
[2026-07-06T19:37:20.686+0000] {processor.py:830} INFO - Processing file /opt/airflow/dags/minio_to_snowflake_dag.py for tasks to queue
[2026-07-06T19:37:20.688+0000] {logging_mixin.py:188} INFO - [2026-07-06T19:37:20.687+0000] {dagbag.py:545} INFO - Filling up the DagBag from /opt/airflow/dags/minio_to_snowflake_dag.py
[2026-07-06T19:37:21.512+0000] {processor.py:840} INFO - DAG(s) 'minio_to_snowflake_ecommerce' retrieved from /opt/airflow/dags/minio_to_snowflake_dag.py
[2026-07-06T19:37:21.546+0000] {logging_mixin.py:188} INFO - [2026-07-06T19:37:21.545+0000] {dag.py:3089} INFO - Sync 1 DAGs
[2026-07-06T19:37:21.583+0000] {logging_mixin.py:188} INFO - [2026-07-06T19:37:21.582+0000] {dag.py:3947} INFO - Setting next_dagrun for minio_to_snowflake_ecommerce to 2026-07-06 19:36:00+00:00, run_after=2026-07-06 19:37:00+00:00
[2026-07-06T19:37:21.620+0000] {processor.py:183} INFO - Processing /opt/airflow/dags/minio_to_snowflake_dag.py took 0.951 seconds
[2026-07-06T19:37:52.288+0000] {processor.py:161} INFO - Started process (PID=57132) to work on /opt/airflow/dags/minio_to_snowflake_dag.py
[2026-07-06T19:37:52.290+0000] {processor.py:830} INFO - Processing file /opt/airflow/dags/minio_to_snowflake_dag.py for tasks to queue
[2026-07-06T19:37:52.292+0000] {logging_mixin.py:188} INFO - [2026-07-06T19:37:52.291+0000] {dagbag.py:545} INFO - Filling up the DagBag from /opt/airflow/dags/minio_to_snowflake_dag.py
[2026-07-06T19:37:53.160+0000] {processor.py:840} INFO - DAG(s) 'minio_to_snowflake_ecommerce' retrieved from /opt/airflow/dags/minio_to_snowflake_dag.py
[2026-07-06T19:37:53.195+0000] {logging_mixin.py:188} INFO - [2026-07-06T19:37:53.194+0000] {dag.py:3089} INFO - Sync 1 DAGs
[2026-07-06T19:37:53.231+0000] {logging_mixin.py:188} INFO - [2026-07-06T19:37:53.231+0000] {dag.py:3947} INFO - Setting next_dagrun for minio_to_snowflake_ecommerce to 2026-07-06 19:36:00+00:00, run_after=2026-07-06 19:37:00+00:00
[2026-07-06T19:37:53.258+0000] {processor.py:183} INFO - Processing /opt/airflow/dags/minio_to_snowflake_dag.py took 0.977 seconds
[2026-07-06T19:38:23.833+0000] {processor.py:161} INFO - Started process (PID=57137) to work on /opt/airflow/dags/minio_to_snowflake_dag.py
[2026-07-06T19:38:23.834+0000] {processor.py:830} INFO - Processing file /opt/airflow/dags/minio_to_snowflake_dag.py for tasks to queue
[2026-07-06T19:38:23.835+0000] {logging_mixin.py:188} INFO - [2026-07-06T19:38:23.835+0000] {dagbag.py:545} INFO - Filling up the DagBag from /opt/airflow/dags/minio_to_snowflake_dag.py
[2026-07-06T19:38:24.819+0000] {processor.py:840} INFO - DAG(s) 'minio_to_snowflake_ecommerce' retrieved from /opt/airflow/dags/minio_to_snowflake_dag.py
[2026-07-06T19:38:24.853+0000] {logging_mixin.py:188} INFO - [2026-07-06T19:38:24.853+0000] {dag.py:3089} INFO - Sync 1 DAGs
[2026-07-06T19:38:24.900+0000] {logging_mixin.py:188} INFO - [2026-07-06T19:38:24.900+0000] {dag.py:3947} INFO - Setting next_dagrun for minio_to_snowflake_ecommerce to 2026-07-06 19:37:00+00:00, run_after=2026-07-06 19:38:00+00:00
[2026-07-06T19:38:24.974+0000] {processor.py:183} INFO - Processing /opt/airflow/dags/minio_to_snowflake_dag.py took 1.149 seconds
[2026-07-06T19:38:55.448+0000] {processor.py:161} INFO - Started process (PID=57142) to work on /opt/airflow/dags/minio_to_snowflake_dag.py
[2026-07-06T19:38:55.449+0000] {processor.py:830} INFO - Processing file /opt/airflow/dags/minio_to_snowflake_dag.py for tasks to queue
[2026-07-06T19:38:55.450+0000] {logging_mixin.py:188} INFO - [2026-07-06T19:38:55.450+0000] {dagbag.py:545} INFO - Filling up the DagBag from /opt/airflow/dags/minio_to_snowflake_dag.py
[2026-07-06T19:38:56.364+0000] {processor.py:840} INFO - DAG(s) 'minio_to_snowflake_ecommerce' retrieved from /opt/airflow/dags/minio_to_snowflake_dag.py
[2026-07-06T19:38:56.406+0000] {logging_mixin.py:188} INFO - [2026-07-06T19:38:56.405+0000] {dag.py:3089} INFO - Sync 1 DAGs
[2026-07-06T19:38:56.433+0000] {logging_mixin.py:188} INFO - [2026-07-06T19:38:56.433+0000] {dag.py:3947} INFO - Setting next_dagrun for minio_to_snowflake_ecommerce to 2026-07-06 19:37:00+00:00, run_after=2026-07-06 19:38:00+00:00
[2026-07-06T19:38:56.453+0000] {processor.py:183} INFO - Processing /opt/airflow/dags/minio_to_snowflake_dag.py took 1.013 seconds
[2026-07-06T19:39:26.955+0000] {processor.py:161} INFO - Started process (PID=57147) to work on /opt/airflow/dags/minio_to_snowflake_dag.py
[2026-07-06T19:39:26.956+0000] {processor.py:830} INFO - Processing file /opt/airflow/dags/minio_to_snowflake_dag.py for tasks to queue
[2026-07-06T19:39:26.957+0000] {logging_mixin.py:188} INFO - [2026-07-06T19:39:26.957+0000] {dagbag.py:545} INFO - Filling up the DagBag from /opt/airflow/dags/minio_to_snowflake_dag.py
[2026-07-06T19:39:27.755+0000] {processor.py:840} INFO - DAG(s) 'minio_to_snowflake_ecommerce' retrieved from /opt/airflow/dags/minio_to_snowflake_dag.py
[2026-07-06T19:39:27.787+0000] {logging_mixin.py:188} INFO - [2026-07-06T19:39:27.787+0000] {dag.py:3089} INFO - Sync 1 DAGs
[2026-07-06T19:39:27.819+0000] {logging_mixin.py:188} INFO - [2026-07-06T19:39:27.819+0000] {dag.py:3947} INFO - Setting next_dagrun for minio_to_snowflake_ecommerce to 2026-07-06 19:38:00+00:00, run_after=2026-07-06 19:39:00+00:00
[2026-07-06T19:39:27.851+0000] {processor.py:183} INFO - Processing /opt/airflow/dags/minio_to_snowflake_dag.py took 0.905 seconds
[2026-07-06T19:39:58.561+0000] {processor.py:161} INFO - Started process (PID=57152) to work on /opt/airflow/dags/minio_to_snowflake_dag.py
[2026-07-06T19:39:58.565+0000] {processor.py:830} INFO - Processing file /opt/airflow/dags/minio_to_snowflake_dag.py for tasks to queue
[2026-07-06T19:39:58.569+0000] {logging_mixin.py:188} INFO - [2026-07-06T19:39:58.567+0000] {dagbag.py:545} INFO - Filling up the DagBag from /opt/airflow/dags/minio_to_snowflake_dag.py
[2026-07-06T19:39:59.444+0000] {processor.py:840} INFO - DAG(s) 'minio_to_snowflake_ecommerce' retrieved from /opt/airflow/dags/minio_to_snowflake_dag.py
[2026-07-06T19:39:59.482+0000] {logging_mixin.py:188} INFO - [2026-07-06T19:39:59.481+0000] {dag.py:3089} INFO - Sync 1 DAGs
[2026-07-06T19:39:59.513+0000] {logging_mixin.py:188} INFO - [2026-07-06T19:39:59.513+0000] {dag.py:3947} INFO - Setting next_dagrun for minio_to_snowflake_ecommerce to 2026-07-06 19:38:00+00:00, run_after=2026-07-06 19:39:00+00:00
[2026-07-06T19:39:59.544+0000] {processor.py:183} INFO - Processing /opt/airflow/dags/minio_to_snowflake_dag.py took 1.005 seconds
[2026-07-06T19:40:29.890+0000] {processor.py:161} INFO - Started process (PID=57157) to work on /opt/airflow/dags/minio_to_snowflake_dag.py
[2026-07-06T19:40:29.892+0000] {processor.py:830} INFO - Processing file /opt/airflow/dags/minio_to_snowflake_dag.py for tasks to queue
[2026-07-06T19:40:29.895+0000] {logging_mixin.py:188} INFO - [2026-07-06T19:40:29.893+0000] {dagbag.py:545} INFO - Filling up the DagBag from /opt/airflow/dags/minio_to_snowflake_dag.py
[2026-07-06T19:40:31.426+0000] {processor.py:840} INFO - DAG(s) 'minio_to_snowflake_ecommerce' retrieved from /opt/airflow/dags/minio_to_snowflake_dag.py
[2026-07-06T19:40:31.473+0000] {logging_mixin.py:188} INFO - [2026-07-06T19:40:31.473+0000] {dag.py:3089} INFO - Sync 1 DAGs
[2026-07-06T19:40:31.511+0000] {logging_mixin.py:188} INFO - [2026-07-06T19:40:31.511+0000] {dag.py:3947} INFO - Setting next_dagrun for minio_to_snowflake_ecommerce to 2026-07-06 19:39:00+00:00, run_after=2026-07-06 19:40:00+00:00
[2026-07-06T19:40:31.549+0000] {processor.py:183} INFO - Processing /opt/airflow/dags/minio_to_snowflake_dag.py took 1.668 seconds
[2026-07-06T19:41:02.372+0000] {processor.py:161} INFO - Started process (PID=57162) to work on /opt/airflow/dags/minio_to_snowflake_dag.py
[2026-07-06T19:41:02.373+0000] {processor.py:830} INFO - Processing file /opt/airflow/dags/minio_to_snowflake_dag.py for tasks to queue
[2026-07-06T19:41:02.375+0000] {logging_mixin.py:188} INFO - [2026-07-06T19:41:02.374+0000] {dagbag.py:545} INFO - Filling up the DagBag from /opt/airflow/dags/minio_to_snowflake_dag.py
[2026-07-06T19:41:03.399+0000] {processor.py:840} INFO - DAG(s) 'minio_to_snowflake_ecommerce' retrieved from /opt/airflow/dags/minio_to_snowflake_dag.py
[2026-07-06T19:41:03.477+0000] {logging_mixin.py:188} INFO - [2026-07-06T19:41:03.476+0000] {dag.py:3089} INFO - Sync 1 DAGs
[2026-07-06T19:41:03.567+0000] {logging_mixin.py:188} INFO - [2026-07-06T19:41:03.566+0000] {dag.py:3947} INFO - Setting next_dagrun for minio_to_snowflake_ecommerce to 2026-07-06 19:40:00+00:00, run_after=2026-07-06 19:41:00+00:00
[2026-07-06T19:41:03.658+0000] {processor.py:183} INFO - Processing /opt/airflow/dags/minio_to_snowflake_dag.py took 1.296 seconds
[2026-07-06T19:41:34.038+0000] {processor.py:161} INFO - Started process (PID=57167) to work on /opt/airflow/dags/minio_to_snowflake_dag.py
[2026-07-06T19:41:34.041+0000] {processor.py:830} INFO - Processing file /opt/airflow/dags/minio_to_snowflake_dag.py for tasks to queue
[2026-07-06T19:41:34.045+0000] {logging_mixin.py:188} INFO - [2026-07-06T19:41:34.044+0000] {dagbag.py:545} INFO - Filling up the DagBag from /opt/airflow/dags/minio_to_snowflake_dag.py
[2026-07-06T19:41:36.428+0000] {processor.py:840} INFO - DAG(s) 'minio_to_snowflake_ecommerce' retrieved from /opt/airflow/dags/minio_to_snowflake_dag.py
[2026-07-06T19:41:36.471+0000] {logging_mixin.py:188} INFO - [2026-07-06T19:41:36.470+0000] {dag.py:3089} INFO - Sync 1 DAGs
[2026-07-06T19:41:36.515+0000] {logging_mixin.py:188} INFO - [2026-07-06T19:41:36.515+0000] {dag.py:3947} INFO - Setting next_dagrun for minio_to_snowflake_ecommerce to 2026-07-06 19:40:00+00:00, run_after=2026-07-06 19:41:00+00:00
[2026-07-06T19:41:36.557+0000] {processor.py:183} INFO - Processing /opt/airflow/dags/minio_to_snowflake_dag.py took 2.540 seconds
[2026-07-06T19:42:06.732+0000] {processor.py:161} INFO - Started process (PID=57172) to work on /opt/airflow/dags/minio_to_snowflake_dag.py
[2026-07-06T19:42:06.734+0000] {processor.py:830} INFO - Processing file /opt/airflow/dags/minio_to_snowflake_dag.py for tasks to queue
[2026-07-06T19:42:06.735+0000] {logging_mixin.py:188} INFO - [2026-07-06T19:42:06.735+0000] {dagbag.py:545} INFO - Filling up the DagBag from /opt/airflow/dags/minio_to_snowflake_dag.py
[2026-07-06T19:42:07.609+0000] {processor.py:840} INFO - DAG(s) 'minio_to_snowflake_ecommerce' retrieved from /opt/airflow/dags/minio_to_snowflake_dag.py
[2026-07-06T19:42:07.648+0000] {logging_mixin.py:188} INFO - [2026-07-06T19:42:07.647+0000] {dag.py:3089} INFO - Sync 1 DAGs
[2026-07-06T19:42:07.684+0000] {logging_mixin.py:188} INFO - [2026-07-06T19:42:07.684+0000] {dag.py:3947} INFO - Setting next_dagrun for minio_to_snowflake_ecommerce to 2026-07-06 19:41:00+00:00, run_after=2026-07-06 19:42:00+00:00
[2026-07-06T19:42:07.712+0000] {processor.py:183} INFO - Processing /opt/airflow/dags/minio_to_snowflake_dag.py took 0.988 seconds
[2026-07-06T19:42:38.251+0000] {processor.py:161} INFO - Started process (PID=57177) to work on /opt/airflow/dags/minio_to_snowflake_dag.py
[2026-07-06T19:42:38.254+0000] {processor.py:830} INFO - Processing file /opt/airflow/dags/minio_to_snowflake_dag.py for tasks to queue
[2026-07-06T19:42:38.259+0000] {logging_mixin.py:188} INFO - [2026-07-06T19:42:38.257+0000] {dagbag.py:545} INFO - Filling up the DagBag from /opt/airflow/dags/minio_to_snowflake_dag.py
[2026-07-06T19:42:40.125+0000] {processor.py:840} INFO - DAG(s) 'minio_to_snowflake_ecommerce' retrieved from /opt/airflow/dags/minio_to_snowflake_dag.py
[2026-07-06T19:42:40.279+0000] {logging_mixin.py:188} INFO - [2026-07-06T19:42:40.277+0000] {dag.py:3089} INFO - Sync 1 DAGs
[2026-07-06T19:42:40.434+0000] {logging_mixin.py:188} INFO - [2026-07-06T19:42:40.433+0000] {dag.py:3947} INFO - Setting next_dagrun for minio_to_snowflake_ecommerce to 2026-07-06 19:41:00+00:00, run_after=2026-07-06 19:42:00+00:00
[2026-07-06T19:42:40.553+0000] {processor.py:183} INFO - Processing /opt/airflow/dags/minio_to_snowflake_dag.py took 2.324 seconds
[2026-07-06T19:43:11.201+0000] {processor.py:161} INFO - Started process (PID=57182) to work on /opt/airflow/dags/minio_to_snowflake_dag.py
[2026-07-06T19:43:11.205+0000] {processor.py:830} INFO - Processing file /opt/airflow/dags/minio_to_snowflake_dag.py for tasks to queue
[2026-07-06T19:43:11.208+0000] {logging_mixin.py:188} INFO - [2026-07-06T19:43:11.207+0000] {dagbag.py:545} INFO - Filling up the DagBag from /opt/airflow/dags/minio_to_snowflake_dag.py
[2026-07-06T19:43:13.261+0000] {processor.py:840} INFO - DAG(s) 'minio_to_snowflake_ecommerce' retrieved from /opt/airflow/dags/minio_to_snowflake_dag.py
[2026-07-06T19:43:13.327+0000] {logging_mixin.py:188} INFO - [2026-07-06T19:43:13.326+0000] {dag.py:3089} INFO - Sync 1 DAGs
[2026-07-06T19:43:13.402+0000] {logging_mixin.py:188} INFO - [2026-07-06T19:43:13.400+0000] {dag.py:3947} INFO - Setting next_dagrun for minio_to_snowflake_ecommerce to 2026-07-06 19:42:00+00:00, run_after=2026-07-06 19:43:00+00:00
[2026-07-06T19:43:13.503+0000] {processor.py:183} INFO - Processing /opt/airflow/dags/minio_to_snowflake_dag.py took 2.325 seconds
[2026-07-06T19:43:44.224+0000] {processor.py:161} INFO - Started process (PID=57187) to work on /opt/airflow/dags/minio_to_snowflake_dag.py
[2026-07-06T19:43:44.232+0000] {processor.py:830} INFO - Processing file /opt/airflow/dags/minio_to_snowflake_dag.py for tasks to queue
[2026-07-06T19:43:44.238+0000] {logging_mixin.py:188} INFO - [2026-07-06T19:43:44.237+0000] {dagbag.py:545} INFO - Filling up the DagBag from /opt/airflow/dags/minio_to_snowflake_dag.py
[2026-07-06T19:43:46.279+0000] {processor.py:840} INFO - DAG(s) 'minio_to_snowflake_ecommerce' retrieved from /opt/airflow/dags/minio_to_snowflake_dag.py
[2026-07-06T19:43:46.345+0000] {logging_mixin.py:188} INFO - [2026-07-06T19:43:46.344+0000] {dag.py:3089} INFO - Sync 1 DAGs
[2026-07-06T19:43:46.406+0000] {logging_mixin.py:188} INFO - [2026-07-06T19:43:46.405+0000] {dag.py:3947} INFO - Setting next_dagrun for minio_to_snowflake_ecommerce to 2026-07-06 19:42:00+00:00, run_after=2026-07-06 19:43:00+00:00
[2026-07-06T19:43:46.457+0000] {processor.py:183} INFO - Processing /opt/airflow/dags/minio_to_snowflake_dag.py took 2.258 seconds
[2026-07-06T19:44:17.043+0000] {processor.py:161} INFO - Started process (PID=57192) to work on /opt/airflow/dags/minio_to_snowflake_dag.py
[2026-07-06T19:44:17.046+0000] {processor.py:830} INFO - Processing file /opt/airflow/dags/minio_to_snowflake_dag.py for tasks to queue
[2026-07-06T19:44:17.048+0000] {logging_mixin.py:188} INFO - [2026-07-06T19:44:17.048+0000] {dagbag.py:545} INFO - Filling up the DagBag from /opt/airflow/dags/minio_to_snowflake_dag.py
[2026-07-06T19:44:18.685+0000] {processor.py:840} INFO - DAG(s) 'minio_to_snowflake_ecommerce' retrieved from /opt/airflow/dags/minio_to_snowflake_dag.py
[2026-07-06T19:44:18.783+0000] {logging_mixin.py:188} INFO - [2026-07-06T19:44:18.781+0000] {dag.py:3089} INFO - Sync 1 DAGs
[2026-07-06T19:44:18.896+0000] {logging_mixin.py:188} INFO - [2026-07-06T19:44:18.895+0000] {dag.py:3947} INFO - Setting next_dagrun for minio_to_snowflake_ecommerce to 2026-07-06 19:43:00+00:00, run_after=2026-07-06 19:44:00+00:00
[2026-07-06T19:44:18.976+0000] {processor.py:183} INFO - Processing /opt/airflow/dags/minio_to_snowflake_dag.py took 1.948 seconds
