[2026-07-04T13:44:14.839+0000] {processor.py:161} INFO - Started process (PID=21) to work on /opt/airflow/dags/minio_to_snowflake_dag.py
[2026-07-04T13:44:14.847+0000] {processor.py:830} INFO - Processing file /opt/airflow/dags/minio_to_snowflake_dag.py for tasks to queue
[2026-07-04T13:44:14.885+0000] {logging_mixin.py:188} INFO - [2026-07-04T13:44:14.879+0000] {dagbag.py:545} INFO - Filling up the DagBag from /opt/airflow/dags/minio_to_snowflake_dag.py
[2026-07-04T13:44:22.166+0000] {processor.py:840} INFO - DAG(s) 'minio_to_snowflake_ecommerce' retrieved from /opt/airflow/dags/minio_to_snowflake_dag.py
[2026-07-04T13:44:22.730+0000] {logging_mixin.py:188} INFO - [2026-07-04T13:44:22.729+0000] {override.py:1858} INFO - Created Permission View: can read on DAG:minio_to_snowflake_ecommerce
[2026-07-04T13:44:22.746+0000] {logging_mixin.py:188} INFO - [2026-07-04T13:44:22.745+0000] {override.py:1858} INFO - Created Permission View: can delete on DAG:minio_to_snowflake_ecommerce
[2026-07-04T13:44:22.755+0000] {logging_mixin.py:188} INFO - [2026-07-04T13:44:22.754+0000] {override.py:1858} INFO - Created Permission View: can edit on DAG:minio_to_snowflake_ecommerce
[2026-07-04T13:44:22.756+0000] {logging_mixin.py:188} INFO - [2026-07-04T13:44:22.755+0000] {dag.py:3089} INFO - Sync 1 DAGs
[2026-07-04T13:44:22.784+0000] {logging_mixin.py:188} INFO - [2026-07-04T13:44:22.783+0000] {dag.py:3111} INFO - Creating ORM DAG for minio_to_snowflake_ecommerce
[2026-07-04T13:44:22.812+0000] {logging_mixin.py:188} INFO - [2026-07-04T13:44:22.812+0000] {dag.py:3947} INFO - Setting next_dagrun for minio_to_snowflake_ecommerce to 2026-07-04 13:43:00+00:00, run_after=2026-07-04 13:44:00+00:00
[2026-07-04T13:44:22.841+0000] {processor.py:183} INFO - Processing /opt/airflow/dags/minio_to_snowflake_dag.py took 8.068 seconds
[2026-07-04T13:44:53.180+0000] {processor.py:161} INFO - Started process (PID=25) to work on /opt/airflow/dags/minio_to_snowflake_dag.py
[2026-07-04T13:44:53.186+0000] {processor.py:830} INFO - Processing file /opt/airflow/dags/minio_to_snowflake_dag.py for tasks to queue
[2026-07-04T13:44:53.196+0000] {logging_mixin.py:188} INFO - [2026-07-04T13:44:53.193+0000] {dagbag.py:545} INFO - Filling up the DagBag from /opt/airflow/dags/minio_to_snowflake_dag.py
[2026-07-04T13:44:54.927+0000] {processor.py:840} INFO - DAG(s) 'minio_to_snowflake_ecommerce' retrieved from /opt/airflow/dags/minio_to_snowflake_dag.py
[2026-07-04T13:44:54.974+0000] {logging_mixin.py:188} INFO - [2026-07-04T13:44:54.973+0000] {dag.py:3089} INFO - Sync 1 DAGs
[2026-07-04T13:44:55.009+0000] {logging_mixin.py:188} INFO - [2026-07-04T13:44:55.009+0000] {dag.py:3947} INFO - Setting next_dagrun for minio_to_snowflake_ecommerce to 2026-07-04 13:43:00+00:00, run_after=2026-07-04 13:44:00+00:00
[2026-07-04T13:44:55.041+0000] {processor.py:183} INFO - Processing /opt/airflow/dags/minio_to_snowflake_dag.py took 1.882 seconds
[2026-07-04T13:45:25.416+0000] {processor.py:161} INFO - Started process (PID=29) to work on /opt/airflow/dags/minio_to_snowflake_dag.py
[2026-07-04T13:45:25.418+0000] {processor.py:830} INFO - Processing file /opt/airflow/dags/minio_to_snowflake_dag.py for tasks to queue
[2026-07-04T13:45:25.425+0000] {logging_mixin.py:188} INFO - [2026-07-04T13:45:25.425+0000] {dagbag.py:545} INFO - Filling up the DagBag from /opt/airflow/dags/minio_to_snowflake_dag.py
[2026-07-04T13:45:26.299+0000] {processor.py:840} INFO - DAG(s) 'minio_to_snowflake_ecommerce' retrieved from /opt/airflow/dags/minio_to_snowflake_dag.py
[2026-07-04T13:45:26.330+0000] {logging_mixin.py:188} INFO - [2026-07-04T13:45:26.330+0000] {dag.py:3089} INFO - Sync 1 DAGs
[2026-07-04T13:45:26.356+0000] {logging_mixin.py:188} INFO - [2026-07-04T13:45:26.355+0000] {dag.py:3947} INFO - Setting next_dagrun for minio_to_snowflake_ecommerce to 2026-07-04 13:44:00+00:00, run_after=2026-07-04 13:45:00+00:00
[2026-07-04T13:45:26.378+0000] {processor.py:183} INFO - Processing /opt/airflow/dags/minio_to_snowflake_dag.py took 0.970 seconds
[2026-07-04T13:45:56.704+0000] {processor.py:161} INFO - Started process (PID=33) to work on /opt/airflow/dags/minio_to_snowflake_dag.py
[2026-07-04T13:45:56.706+0000] {processor.py:830} INFO - Processing file /opt/airflow/dags/minio_to_snowflake_dag.py for tasks to queue
[2026-07-04T13:45:56.709+0000] {logging_mixin.py:188} INFO - [2026-07-04T13:45:56.708+0000] {dagbag.py:545} INFO - Filling up the DagBag from /opt/airflow/dags/minio_to_snowflake_dag.py
[2026-07-04T13:45:57.632+0000] {processor.py:840} INFO - DAG(s) 'minio_to_snowflake_ecommerce' retrieved from /opt/airflow/dags/minio_to_snowflake_dag.py
[2026-07-04T13:45:57.675+0000] {logging_mixin.py:188} INFO - [2026-07-04T13:45:57.674+0000] {dag.py:3089} INFO - Sync 1 DAGs
[2026-07-04T13:45:57.705+0000] {logging_mixin.py:188} INFO - [2026-07-04T13:45:57.705+0000] {dag.py:3947} INFO - Setting next_dagrun for minio_to_snowflake_ecommerce to 2026-07-04 13:44:00+00:00, run_after=2026-07-04 13:45:00+00:00
[2026-07-04T13:45:57.755+0000] {processor.py:183} INFO - Processing /opt/airflow/dags/minio_to_snowflake_dag.py took 1.061 seconds
[2026-07-04T13:46:28.082+0000] {processor.py:161} INFO - Started process (PID=37) to work on /opt/airflow/dags/minio_to_snowflake_dag.py
[2026-07-04T13:46:28.084+0000] {processor.py:830} INFO - Processing file /opt/airflow/dags/minio_to_snowflake_dag.py for tasks to queue
[2026-07-04T13:46:28.089+0000] {logging_mixin.py:188} INFO - [2026-07-04T13:46:28.086+0000] {dagbag.py:545} INFO - Filling up the DagBag from /opt/airflow/dags/minio_to_snowflake_dag.py
[2026-07-04T13:46:29.334+0000] {processor.py:840} INFO - DAG(s) 'minio_to_snowflake_ecommerce' retrieved from /opt/airflow/dags/minio_to_snowflake_dag.py
[2026-07-04T13:46:29.375+0000] {logging_mixin.py:188} INFO - [2026-07-04T13:46:29.374+0000] {dag.py:3089} INFO - Sync 1 DAGs
[2026-07-04T13:46:29.402+0000] {logging_mixin.py:188} INFO - [2026-07-04T13:46:29.402+0000] {dag.py:3947} INFO - Setting next_dagrun for minio_to_snowflake_ecommerce to 2026-07-04 13:45:00+00:00, run_after=2026-07-04 13:46:00+00:00
[2026-07-04T13:46:29.425+0000] {processor.py:183} INFO - Processing /opt/airflow/dags/minio_to_snowflake_dag.py took 1.351 seconds
[2026-07-04T13:46:59.750+0000] {processor.py:161} INFO - Started process (PID=41) to work on /opt/airflow/dags/minio_to_snowflake_dag.py
[2026-07-04T13:46:59.752+0000] {processor.py:830} INFO - Processing file /opt/airflow/dags/minio_to_snowflake_dag.py for tasks to queue
[2026-07-04T13:46:59.755+0000] {logging_mixin.py:188} INFO - [2026-07-04T13:46:59.754+0000] {dagbag.py:545} INFO - Filling up the DagBag from /opt/airflow/dags/minio_to_snowflake_dag.py
[2026-07-04T13:47:00.558+0000] {processor.py:840} INFO - DAG(s) 'minio_to_snowflake_ecommerce' retrieved from /opt/airflow/dags/minio_to_snowflake_dag.py
[2026-07-04T13:47:00.587+0000] {logging_mixin.py:188} INFO - [2026-07-04T13:47:00.586+0000] {dag.py:3089} INFO - Sync 1 DAGs
[2026-07-04T13:47:00.613+0000] {logging_mixin.py:188} INFO - [2026-07-04T13:47:00.613+0000] {dag.py:3947} INFO - Setting next_dagrun for minio_to_snowflake_ecommerce to 2026-07-04 13:46:00+00:00, run_after=2026-07-04 13:47:00+00:00
[2026-07-04T13:47:00.637+0000] {processor.py:183} INFO - Processing /opt/airflow/dags/minio_to_snowflake_dag.py took 0.895 seconds
[2026-07-04T13:47:30.865+0000] {processor.py:161} INFO - Started process (PID=45) to work on /opt/airflow/dags/minio_to_snowflake_dag.py
[2026-07-04T13:47:30.867+0000] {processor.py:830} INFO - Processing file /opt/airflow/dags/minio_to_snowflake_dag.py for tasks to queue
[2026-07-04T13:47:30.870+0000] {logging_mixin.py:188} INFO - [2026-07-04T13:47:30.869+0000] {dagbag.py:545} INFO - Filling up the DagBag from /opt/airflow/dags/minio_to_snowflake_dag.py
[2026-07-04T13:47:31.714+0000] {processor.py:840} INFO - DAG(s) 'minio_to_snowflake_ecommerce' retrieved from /opt/airflow/dags/minio_to_snowflake_dag.py
[2026-07-04T13:47:31.747+0000] {logging_mixin.py:188} INFO - [2026-07-04T13:47:31.746+0000] {dag.py:3089} INFO - Sync 1 DAGs
[2026-07-04T13:47:31.772+0000] {logging_mixin.py:188} INFO - [2026-07-04T13:47:31.772+0000] {dag.py:3947} INFO - Setting next_dagrun for minio_to_snowflake_ecommerce to 2026-07-04 13:46:00+00:00, run_after=2026-07-04 13:47:00+00:00
[2026-07-04T13:47:31.796+0000] {processor.py:183} INFO - Processing /opt/airflow/dags/minio_to_snowflake_dag.py took 0.939 seconds
[2026-07-04T13:48:01.843+0000] {processor.py:161} INFO - Started process (PID=49) to work on /opt/airflow/dags/minio_to_snowflake_dag.py
[2026-07-04T13:48:01.846+0000] {processor.py:830} INFO - Processing file /opt/airflow/dags/minio_to_snowflake_dag.py for tasks to queue
[2026-07-04T13:48:01.848+0000] {logging_mixin.py:188} INFO - [2026-07-04T13:48:01.848+0000] {dagbag.py:545} INFO - Filling up the DagBag from /opt/airflow/dags/minio_to_snowflake_dag.py
[2026-07-04T13:48:03.036+0000] {processor.py:840} INFO - DAG(s) 'minio_to_snowflake_ecommerce' retrieved from /opt/airflow/dags/minio_to_snowflake_dag.py
[2026-07-04T13:48:03.075+0000] {logging_mixin.py:188} INFO - [2026-07-04T13:48:03.074+0000] {dag.py:3089} INFO - Sync 1 DAGs
[2026-07-04T13:48:03.114+0000] {logging_mixin.py:188} INFO - [2026-07-04T13:48:03.113+0000] {dag.py:3947} INFO - Setting next_dagrun for minio_to_snowflake_ecommerce to 2026-07-04 13:47:00+00:00, run_after=2026-07-04 13:48:00+00:00
[2026-07-04T13:48:03.155+0000] {processor.py:183} INFO - Processing /opt/airflow/dags/minio_to_snowflake_dag.py took 1.319 seconds
[2026-07-04T13:48:33.346+0000] {processor.py:161} INFO - Started process (PID=53) to work on /opt/airflow/dags/minio_to_snowflake_dag.py
[2026-07-04T13:48:33.347+0000] {processor.py:830} INFO - Processing file /opt/airflow/dags/minio_to_snowflake_dag.py for tasks to queue
[2026-07-04T13:48:33.349+0000] {logging_mixin.py:188} INFO - [2026-07-04T13:48:33.349+0000] {dagbag.py:545} INFO - Filling up the DagBag from /opt/airflow/dags/minio_to_snowflake_dag.py
[2026-07-04T13:48:34.242+0000] {processor.py:840} INFO - DAG(s) 'minio_to_snowflake_ecommerce' retrieved from /opt/airflow/dags/minio_to_snowflake_dag.py
[2026-07-04T13:48:34.288+0000] {logging_mixin.py:188} INFO - [2026-07-04T13:48:34.287+0000] {dag.py:3089} INFO - Sync 1 DAGs
[2026-07-04T13:48:34.339+0000] {logging_mixin.py:188} INFO - [2026-07-04T13:48:34.339+0000] {dag.py:3947} INFO - Setting next_dagrun for minio_to_snowflake_ecommerce to 2026-07-04 13:47:00+00:00, run_after=2026-07-04 13:48:00+00:00
[2026-07-04T13:48:34.383+0000] {processor.py:183} INFO - Processing /opt/airflow/dags/minio_to_snowflake_dag.py took 1.045 seconds
[2026-07-04T13:49:04.636+0000] {processor.py:161} INFO - Started process (PID=57) to work on /opt/airflow/dags/minio_to_snowflake_dag.py
[2026-07-04T13:49:04.641+0000] {processor.py:830} INFO - Processing file /opt/airflow/dags/minio_to_snowflake_dag.py for tasks to queue
[2026-07-04T13:49:04.649+0000] {logging_mixin.py:188} INFO - [2026-07-04T13:49:04.648+0000] {dagbag.py:545} INFO - Filling up the DagBag from /opt/airflow/dags/minio_to_snowflake_dag.py
[2026-07-04T13:49:05.662+0000] {processor.py:840} INFO - DAG(s) 'minio_to_snowflake_ecommerce' retrieved from /opt/airflow/dags/minio_to_snowflake_dag.py
[2026-07-04T13:49:05.714+0000] {logging_mixin.py:188} INFO - [2026-07-04T13:49:05.714+0000] {dag.py:3089} INFO - Sync 1 DAGs
[2026-07-04T13:49:05.755+0000] {logging_mixin.py:188} INFO - [2026-07-04T13:49:05.755+0000] {dag.py:3947} INFO - Setting next_dagrun for minio_to_snowflake_ecommerce to 2026-07-04 13:48:00+00:00, run_after=2026-07-04 13:49:00+00:00
[2026-07-04T13:49:05.779+0000] {processor.py:183} INFO - Processing /opt/airflow/dags/minio_to_snowflake_dag.py took 1.149 seconds
[2026-07-04T13:49:36.016+0000] {processor.py:161} INFO - Started process (PID=61) to work on /opt/airflow/dags/minio_to_snowflake_dag.py
[2026-07-04T13:49:36.017+0000] {processor.py:830} INFO - Processing file /opt/airflow/dags/minio_to_snowflake_dag.py for tasks to queue
[2026-07-04T13:49:36.020+0000] {logging_mixin.py:188} INFO - [2026-07-04T13:49:36.020+0000] {dagbag.py:545} INFO - Filling up the DagBag from /opt/airflow/dags/minio_to_snowflake_dag.py
[2026-07-04T13:49:37.046+0000] {processor.py:840} INFO - DAG(s) 'minio_to_snowflake_ecommerce' retrieved from /opt/airflow/dags/minio_to_snowflake_dag.py
[2026-07-04T13:49:37.081+0000] {logging_mixin.py:188} INFO - [2026-07-04T13:49:37.080+0000] {dag.py:3089} INFO - Sync 1 DAGs
[2026-07-04T13:49:37.112+0000] {logging_mixin.py:188} INFO - [2026-07-04T13:49:37.112+0000] {dag.py:3947} INFO - Setting next_dagrun for minio_to_snowflake_ecommerce to 2026-07-04 13:48:00+00:00, run_after=2026-07-04 13:49:00+00:00
[2026-07-04T13:49:37.134+0000] {processor.py:183} INFO - Processing /opt/airflow/dags/minio_to_snowflake_dag.py took 1.127 seconds
[2026-07-04T13:50:07.314+0000] {processor.py:161} INFO - Started process (PID=65) to work on /opt/airflow/dags/minio_to_snowflake_dag.py
[2026-07-04T13:50:07.316+0000] {processor.py:830} INFO - Processing file /opt/airflow/dags/minio_to_snowflake_dag.py for tasks to queue
[2026-07-04T13:50:07.318+0000] {logging_mixin.py:188} INFO - [2026-07-04T13:50:07.318+0000] {dagbag.py:545} INFO - Filling up the DagBag from /opt/airflow/dags/minio_to_snowflake_dag.py
[2026-07-04T13:50:08.132+0000] {processor.py:840} INFO - DAG(s) 'minio_to_snowflake_ecommerce' retrieved from /opt/airflow/dags/minio_to_snowflake_dag.py
[2026-07-04T13:50:08.170+0000] {logging_mixin.py:188} INFO - [2026-07-04T13:50:08.169+0000] {dag.py:3089} INFO - Sync 1 DAGs
[2026-07-04T13:50:08.201+0000] {logging_mixin.py:188} INFO - [2026-07-04T13:50:08.201+0000] {dag.py:3947} INFO - Setting next_dagrun for minio_to_snowflake_ecommerce to 2026-07-04 13:49:00+00:00, run_after=2026-07-04 13:50:00+00:00
[2026-07-04T13:50:08.230+0000] {processor.py:183} INFO - Processing /opt/airflow/dags/minio_to_snowflake_dag.py took 0.923 seconds
[2026-07-04T13:50:38.625+0000] {processor.py:161} INFO - Started process (PID=69) to work on /opt/airflow/dags/minio_to_snowflake_dag.py
[2026-07-04T13:50:38.627+0000] {processor.py:830} INFO - Processing file /opt/airflow/dags/minio_to_snowflake_dag.py for tasks to queue
[2026-07-04T13:50:38.630+0000] {logging_mixin.py:188} INFO - [2026-07-04T13:50:38.630+0000] {dagbag.py:545} INFO - Filling up the DagBag from /opt/airflow/dags/minio_to_snowflake_dag.py
[2026-07-04T13:50:39.495+0000] {processor.py:840} INFO - DAG(s) 'minio_to_snowflake_ecommerce' retrieved from /opt/airflow/dags/minio_to_snowflake_dag.py
[2026-07-04T13:50:39.527+0000] {logging_mixin.py:188} INFO - [2026-07-04T13:50:39.526+0000] {dag.py:3089} INFO - Sync 1 DAGs
[2026-07-04T13:50:39.552+0000] {logging_mixin.py:188} INFO - [2026-07-04T13:50:39.552+0000] {dag.py:3947} INFO - Setting next_dagrun for minio_to_snowflake_ecommerce to 2026-07-04 13:49:00+00:00, run_after=2026-07-04 13:50:00+00:00
[2026-07-04T13:50:39.575+0000] {processor.py:183} INFO - Processing /opt/airflow/dags/minio_to_snowflake_dag.py took 0.960 seconds
[2026-07-04T13:51:09.915+0000] {processor.py:161} INFO - Started process (PID=73) to work on /opt/airflow/dags/minio_to_snowflake_dag.py
[2026-07-04T13:51:09.916+0000] {processor.py:830} INFO - Processing file /opt/airflow/dags/minio_to_snowflake_dag.py for tasks to queue
[2026-07-04T13:51:09.918+0000] {logging_mixin.py:188} INFO - [2026-07-04T13:51:09.917+0000] {dagbag.py:545} INFO - Filling up the DagBag from /opt/airflow/dags/minio_to_snowflake_dag.py
[2026-07-04T13:51:10.651+0000] {processor.py:840} INFO - DAG(s) 'minio_to_snowflake_ecommerce' retrieved from /opt/airflow/dags/minio_to_snowflake_dag.py
[2026-07-04T13:51:10.679+0000] {logging_mixin.py:188} INFO - [2026-07-04T13:51:10.679+0000] {dag.py:3089} INFO - Sync 1 DAGs
[2026-07-04T13:51:10.704+0000] {logging_mixin.py:188} INFO - [2026-07-04T13:51:10.703+0000] {dag.py:3947} INFO - Setting next_dagrun for minio_to_snowflake_ecommerce to 2026-07-04 13:50:00+00:00, run_after=2026-07-04 13:51:00+00:00
[2026-07-04T13:51:10.725+0000] {processor.py:183} INFO - Processing /opt/airflow/dags/minio_to_snowflake_dag.py took 0.817 seconds
[2026-07-04T13:51:41.036+0000] {processor.py:161} INFO - Started process (PID=77) to work on /opt/airflow/dags/minio_to_snowflake_dag.py
[2026-07-04T13:51:41.038+0000] {processor.py:830} INFO - Processing file /opt/airflow/dags/minio_to_snowflake_dag.py for tasks to queue
[2026-07-04T13:51:41.040+0000] {logging_mixin.py:188} INFO - [2026-07-04T13:51:41.040+0000] {dagbag.py:545} INFO - Filling up the DagBag from /opt/airflow/dags/minio_to_snowflake_dag.py
[2026-07-04T13:51:42.006+0000] {processor.py:840} INFO - DAG(s) 'minio_to_snowflake_ecommerce' retrieved from /opt/airflow/dags/minio_to_snowflake_dag.py
[2026-07-04T13:51:42.045+0000] {logging_mixin.py:188} INFO - [2026-07-04T13:51:42.043+0000] {dag.py:3089} INFO - Sync 1 DAGs
[2026-07-04T13:51:42.077+0000] {logging_mixin.py:188} INFO - [2026-07-04T13:51:42.076+0000] {dag.py:3947} INFO - Setting next_dagrun for minio_to_snowflake_ecommerce to 2026-07-04 13:50:00+00:00, run_after=2026-07-04 13:51:00+00:00
[2026-07-04T13:51:42.106+0000] {processor.py:183} INFO - Processing /opt/airflow/dags/minio_to_snowflake_dag.py took 1.077 seconds
[2026-07-04T13:52:12.260+0000] {processor.py:161} INFO - Started process (PID=81) to work on /opt/airflow/dags/minio_to_snowflake_dag.py
[2026-07-04T13:52:12.261+0000] {processor.py:830} INFO - Processing file /opt/airflow/dags/minio_to_snowflake_dag.py for tasks to queue
[2026-07-04T13:52:12.264+0000] {logging_mixin.py:188} INFO - [2026-07-04T13:52:12.263+0000] {dagbag.py:545} INFO - Filling up the DagBag from /opt/airflow/dags/minio_to_snowflake_dag.py
[2026-07-04T13:52:13.307+0000] {processor.py:840} INFO - DAG(s) 'minio_to_snowflake_ecommerce' retrieved from /opt/airflow/dags/minio_to_snowflake_dag.py
[2026-07-04T13:52:13.341+0000] {logging_mixin.py:188} INFO - [2026-07-04T13:52:13.340+0000] {dag.py:3089} INFO - Sync 1 DAGs
[2026-07-04T13:52:13.370+0000] {logging_mixin.py:188} INFO - [2026-07-04T13:52:13.369+0000] {dag.py:3947} INFO - Setting next_dagrun for minio_to_snowflake_ecommerce to 2026-07-04 13:51:00+00:00, run_after=2026-07-04 13:52:00+00:00
[2026-07-04T13:52:13.394+0000] {processor.py:183} INFO - Processing /opt/airflow/dags/minio_to_snowflake_dag.py took 1.143 seconds
[2026-07-04T13:52:43.608+0000] {processor.py:161} INFO - Started process (PID=85) to work on /opt/airflow/dags/minio_to_snowflake_dag.py
[2026-07-04T13:52:43.610+0000] {processor.py:830} INFO - Processing file /opt/airflow/dags/minio_to_snowflake_dag.py for tasks to queue
[2026-07-04T13:52:43.614+0000] {logging_mixin.py:188} INFO - [2026-07-04T13:52:43.614+0000] {dagbag.py:545} INFO - Filling up the DagBag from /opt/airflow/dags/minio_to_snowflake_dag.py
[2026-07-04T13:52:44.515+0000] {processor.py:840} INFO - DAG(s) 'minio_to_snowflake_ecommerce' retrieved from /opt/airflow/dags/minio_to_snowflake_dag.py
[2026-07-04T13:52:44.545+0000] {logging_mixin.py:188} INFO - [2026-07-04T13:52:44.545+0000] {dag.py:3089} INFO - Sync 1 DAGs
[2026-07-04T13:52:44.573+0000] {logging_mixin.py:188} INFO - [2026-07-04T13:52:44.573+0000] {dag.py:3947} INFO - Setting next_dagrun for minio_to_snowflake_ecommerce to 2026-07-04 13:51:00+00:00, run_after=2026-07-04 13:52:00+00:00
[2026-07-04T13:52:44.596+0000] {processor.py:183} INFO - Processing /opt/airflow/dags/minio_to_snowflake_dag.py took 0.998 seconds
[2026-07-04T13:53:14.870+0000] {processor.py:161} INFO - Started process (PID=89) to work on /opt/airflow/dags/minio_to_snowflake_dag.py
[2026-07-04T13:53:14.871+0000] {processor.py:830} INFO - Processing file /opt/airflow/dags/minio_to_snowflake_dag.py for tasks to queue
[2026-07-04T13:53:14.874+0000] {logging_mixin.py:188} INFO - [2026-07-04T13:53:14.873+0000] {dagbag.py:545} INFO - Filling up the DagBag from /opt/airflow/dags/minio_to_snowflake_dag.py
[2026-07-04T13:53:15.708+0000] {processor.py:840} INFO - DAG(s) 'minio_to_snowflake_ecommerce' retrieved from /opt/airflow/dags/minio_to_snowflake_dag.py
[2026-07-04T13:53:15.739+0000] {logging_mixin.py:188} INFO - [2026-07-04T13:53:15.738+0000] {dag.py:3089} INFO - Sync 1 DAGs
[2026-07-04T13:53:15.767+0000] {logging_mixin.py:188} INFO - [2026-07-04T13:53:15.766+0000] {dag.py:3947} INFO - Setting next_dagrun for minio_to_snowflake_ecommerce to 2026-07-04 13:52:00+00:00, run_after=2026-07-04 13:53:00+00:00
[2026-07-04T13:53:15.794+0000] {processor.py:183} INFO - Processing /opt/airflow/dags/minio_to_snowflake_dag.py took 0.932 seconds
[2026-07-04T13:53:46.126+0000] {processor.py:161} INFO - Started process (PID=93) to work on /opt/airflow/dags/minio_to_snowflake_dag.py
[2026-07-04T13:53:46.129+0000] {processor.py:830} INFO - Processing file /opt/airflow/dags/minio_to_snowflake_dag.py for tasks to queue
[2026-07-04T13:53:46.131+0000] {logging_mixin.py:188} INFO - [2026-07-04T13:53:46.131+0000] {dagbag.py:545} INFO - Filling up the DagBag from /opt/airflow/dags/minio_to_snowflake_dag.py
[2026-07-04T13:53:47.036+0000] {processor.py:840} INFO - DAG(s) 'minio_to_snowflake_ecommerce' retrieved from /opt/airflow/dags/minio_to_snowflake_dag.py
[2026-07-04T13:53:47.070+0000] {logging_mixin.py:188} INFO - [2026-07-04T13:53:47.069+0000] {dag.py:3089} INFO - Sync 1 DAGs
[2026-07-04T13:53:47.098+0000] {logging_mixin.py:188} INFO - [2026-07-04T13:53:47.098+0000] {dag.py:3947} INFO - Setting next_dagrun for minio_to_snowflake_ecommerce to 2026-07-04 13:52:00+00:00, run_after=2026-07-04 13:53:00+00:00
[2026-07-04T13:53:47.121+0000] {processor.py:183} INFO - Processing /opt/airflow/dags/minio_to_snowflake_dag.py took 1.005 seconds
[2026-07-04T13:54:17.472+0000] {processor.py:161} INFO - Started process (PID=97) to work on /opt/airflow/dags/minio_to_snowflake_dag.py
[2026-07-04T13:54:17.473+0000] {processor.py:830} INFO - Processing file /opt/airflow/dags/minio_to_snowflake_dag.py for tasks to queue
[2026-07-04T13:54:17.475+0000] {logging_mixin.py:188} INFO - [2026-07-04T13:54:17.475+0000] {dagbag.py:545} INFO - Filling up the DagBag from /opt/airflow/dags/minio_to_snowflake_dag.py
[2026-07-04T13:54:18.219+0000] {processor.py:840} INFO - DAG(s) 'minio_to_snowflake_ecommerce' retrieved from /opt/airflow/dags/minio_to_snowflake_dag.py
[2026-07-04T13:54:18.246+0000] {logging_mixin.py:188} INFO - [2026-07-04T13:54:18.245+0000] {dag.py:3089} INFO - Sync 1 DAGs
[2026-07-04T13:54:18.270+0000] {logging_mixin.py:188} INFO - [2026-07-04T13:54:18.270+0000] {dag.py:3947} INFO - Setting next_dagrun for minio_to_snowflake_ecommerce to 2026-07-04 13:53:00+00:00, run_after=2026-07-04 13:54:00+00:00
[2026-07-04T13:54:18.292+0000] {processor.py:183} INFO - Processing /opt/airflow/dags/minio_to_snowflake_dag.py took 0.828 seconds
[2026-07-04T13:54:48.672+0000] {processor.py:161} INFO - Started process (PID=101) to work on /opt/airflow/dags/minio_to_snowflake_dag.py
[2026-07-04T13:54:48.674+0000] {processor.py:830} INFO - Processing file /opt/airflow/dags/minio_to_snowflake_dag.py for tasks to queue
[2026-07-04T13:54:48.676+0000] {logging_mixin.py:188} INFO - [2026-07-04T13:54:48.676+0000] {dagbag.py:545} INFO - Filling up the DagBag from /opt/airflow/dags/minio_to_snowflake_dag.py
[2026-07-04T13:54:49.485+0000] {processor.py:840} INFO - DAG(s) 'minio_to_snowflake_ecommerce' retrieved from /opt/airflow/dags/minio_to_snowflake_dag.py
[2026-07-04T13:54:49.520+0000] {logging_mixin.py:188} INFO - [2026-07-04T13:54:49.520+0000] {dag.py:3089} INFO - Sync 1 DAGs
[2026-07-04T13:54:49.548+0000] {logging_mixin.py:188} INFO - [2026-07-04T13:54:49.547+0000] {dag.py:3947} INFO - Setting next_dagrun for minio_to_snowflake_ecommerce to 2026-07-04 13:53:00+00:00, run_after=2026-07-04 13:54:00+00:00
[2026-07-04T13:54:49.570+0000] {processor.py:183} INFO - Processing /opt/airflow/dags/minio_to_snowflake_dag.py took 0.906 seconds
[2026-07-04T13:55:19.970+0000] {processor.py:161} INFO - Started process (PID=105) to work on /opt/airflow/dags/minio_to_snowflake_dag.py
[2026-07-04T13:55:19.971+0000] {processor.py:830} INFO - Processing file /opt/airflow/dags/minio_to_snowflake_dag.py for tasks to queue
[2026-07-04T13:55:19.973+0000] {logging_mixin.py:188} INFO - [2026-07-04T13:55:19.973+0000] {dagbag.py:545} INFO - Filling up the DagBag from /opt/airflow/dags/minio_to_snowflake_dag.py
[2026-07-04T13:55:20.680+0000] {processor.py:840} INFO - DAG(s) 'minio_to_snowflake_ecommerce' retrieved from /opt/airflow/dags/minio_to_snowflake_dag.py
[2026-07-04T13:55:20.706+0000] {logging_mixin.py:188} INFO - [2026-07-04T13:55:20.706+0000] {dag.py:3089} INFO - Sync 1 DAGs
[2026-07-04T13:55:20.731+0000] {logging_mixin.py:188} INFO - [2026-07-04T13:55:20.730+0000] {dag.py:3947} INFO - Setting next_dagrun for minio_to_snowflake_ecommerce to 2026-07-04 13:54:00+00:00, run_after=2026-07-04 13:55:00+00:00
[2026-07-04T13:55:20.752+0000] {processor.py:183} INFO - Processing /opt/airflow/dags/minio_to_snowflake_dag.py took 0.792 seconds
[2026-07-04T13:55:51.147+0000] {processor.py:161} INFO - Started process (PID=109) to work on /opt/airflow/dags/minio_to_snowflake_dag.py
[2026-07-04T13:55:51.149+0000] {processor.py:830} INFO - Processing file /opt/airflow/dags/minio_to_snowflake_dag.py for tasks to queue
[2026-07-04T13:55:51.152+0000] {logging_mixin.py:188} INFO - [2026-07-04T13:55:51.152+0000] {dagbag.py:545} INFO - Filling up the DagBag from /opt/airflow/dags/minio_to_snowflake_dag.py
[2026-07-04T13:55:51.960+0000] {processor.py:840} INFO - DAG(s) 'minio_to_snowflake_ecommerce' retrieved from /opt/airflow/dags/minio_to_snowflake_dag.py
[2026-07-04T13:55:51.991+0000] {logging_mixin.py:188} INFO - [2026-07-04T13:55:51.991+0000] {dag.py:3089} INFO - Sync 1 DAGs
[2026-07-04T13:55:52.014+0000] {logging_mixin.py:188} INFO - [2026-07-04T13:55:52.014+0000] {dag.py:3947} INFO - Setting next_dagrun for minio_to_snowflake_ecommerce to 2026-07-04 13:54:00+00:00, run_after=2026-07-04 13:55:00+00:00
[2026-07-04T13:55:52.036+0000] {processor.py:183} INFO - Processing /opt/airflow/dags/minio_to_snowflake_dag.py took 0.896 seconds
[2026-07-04T13:56:22.342+0000] {processor.py:161} INFO - Started process (PID=113) to work on /opt/airflow/dags/minio_to_snowflake_dag.py
[2026-07-04T13:56:22.343+0000] {processor.py:830} INFO - Processing file /opt/airflow/dags/minio_to_snowflake_dag.py for tasks to queue
[2026-07-04T13:56:22.346+0000] {logging_mixin.py:188} INFO - [2026-07-04T13:56:22.346+0000] {dagbag.py:545} INFO - Filling up the DagBag from /opt/airflow/dags/minio_to_snowflake_dag.py
[2026-07-04T13:56:23.108+0000] {processor.py:840} INFO - DAG(s) 'minio_to_snowflake_ecommerce' retrieved from /opt/airflow/dags/minio_to_snowflake_dag.py
[2026-07-04T13:56:23.133+0000] {logging_mixin.py:188} INFO - [2026-07-04T13:56:23.132+0000] {dag.py:3089} INFO - Sync 1 DAGs
[2026-07-04T13:56:23.160+0000] {logging_mixin.py:188} INFO - [2026-07-04T13:56:23.160+0000] {dag.py:3947} INFO - Setting next_dagrun for minio_to_snowflake_ecommerce to 2026-07-04 13:55:00+00:00, run_after=2026-07-04 13:56:00+00:00
[2026-07-04T13:56:23.186+0000] {processor.py:183} INFO - Processing /opt/airflow/dags/minio_to_snowflake_dag.py took 0.852 seconds
[2026-07-04T13:56:53.488+0000] {processor.py:161} INFO - Started process (PID=117) to work on /opt/airflow/dags/minio_to_snowflake_dag.py
[2026-07-04T13:56:53.490+0000] {processor.py:830} INFO - Processing file /opt/airflow/dags/minio_to_snowflake_dag.py for tasks to queue
[2026-07-04T13:56:53.492+0000] {logging_mixin.py:188} INFO - [2026-07-04T13:56:53.492+0000] {dagbag.py:545} INFO - Filling up the DagBag from /opt/airflow/dags/minio_to_snowflake_dag.py
[2026-07-04T13:56:54.626+0000] {processor.py:840} INFO - DAG(s) 'minio_to_snowflake_ecommerce' retrieved from /opt/airflow/dags/minio_to_snowflake_dag.py
[2026-07-04T13:56:54.661+0000] {logging_mixin.py:188} INFO - [2026-07-04T13:56:54.660+0000] {dag.py:3089} INFO - Sync 1 DAGs
[2026-07-04T13:56:54.689+0000] {logging_mixin.py:188} INFO - [2026-07-04T13:56:54.689+0000] {dag.py:3947} INFO - Setting next_dagrun for minio_to_snowflake_ecommerce to 2026-07-04 13:55:00+00:00, run_after=2026-07-04 13:56:00+00:00
[2026-07-04T13:56:54.713+0000] {processor.py:183} INFO - Processing /opt/airflow/dags/minio_to_snowflake_dag.py took 1.233 seconds
[2026-07-04T13:57:24.941+0000] {processor.py:161} INFO - Started process (PID=121) to work on /opt/airflow/dags/minio_to_snowflake_dag.py
[2026-07-04T13:57:24.942+0000] {processor.py:830} INFO - Processing file /opt/airflow/dags/minio_to_snowflake_dag.py for tasks to queue
[2026-07-04T13:57:24.946+0000] {logging_mixin.py:188} INFO - [2026-07-04T13:57:24.945+0000] {dagbag.py:545} INFO - Filling up the DagBag from /opt/airflow/dags/minio_to_snowflake_dag.py
[2026-07-04T13:57:25.803+0000] {processor.py:840} INFO - DAG(s) 'minio_to_snowflake_ecommerce' retrieved from /opt/airflow/dags/minio_to_snowflake_dag.py
[2026-07-04T13:57:25.851+0000] {logging_mixin.py:188} INFO - [2026-07-04T13:57:25.850+0000] {dag.py:3089} INFO - Sync 1 DAGs
[2026-07-04T13:57:25.885+0000] {logging_mixin.py:188} INFO - [2026-07-04T13:57:25.885+0000] {dag.py:3947} INFO - Setting next_dagrun for minio_to_snowflake_ecommerce to 2026-07-04 13:56:00+00:00, run_after=2026-07-04 13:57:00+00:00
[2026-07-04T13:57:25.913+0000] {processor.py:183} INFO - Processing /opt/airflow/dags/minio_to_snowflake_dag.py took 0.979 seconds
[2026-07-04T13:57:56.194+0000] {processor.py:161} INFO - Started process (PID=125) to work on /opt/airflow/dags/minio_to_snowflake_dag.py
[2026-07-04T13:57:56.203+0000] {processor.py:830} INFO - Processing file /opt/airflow/dags/minio_to_snowflake_dag.py for tasks to queue
[2026-07-04T13:57:56.207+0000] {logging_mixin.py:188} INFO - [2026-07-04T13:57:56.206+0000] {dagbag.py:545} INFO - Filling up the DagBag from /opt/airflow/dags/minio_to_snowflake_dag.py
[2026-07-04T13:57:57.196+0000] {processor.py:840} INFO - DAG(s) 'minio_to_snowflake_ecommerce' retrieved from /opt/airflow/dags/minio_to_snowflake_dag.py
[2026-07-04T13:57:57.260+0000] {logging_mixin.py:188} INFO - [2026-07-04T13:57:57.259+0000] {dag.py:3089} INFO - Sync 1 DAGs
[2026-07-04T13:57:57.300+0000] {logging_mixin.py:188} INFO - [2026-07-04T13:57:57.300+0000] {dag.py:3947} INFO - Setting next_dagrun for minio_to_snowflake_ecommerce to 2026-07-04 13:56:00+00:00, run_after=2026-07-04 13:57:00+00:00
[2026-07-04T13:57:57.331+0000] {processor.py:183} INFO - Processing /opt/airflow/dags/minio_to_snowflake_dag.py took 1.144 seconds
[2026-07-04T13:58:27.516+0000] {processor.py:161} INFO - Started process (PID=129) to work on /opt/airflow/dags/minio_to_snowflake_dag.py
[2026-07-04T13:58:27.517+0000] {processor.py:830} INFO - Processing file /opt/airflow/dags/minio_to_snowflake_dag.py for tasks to queue
[2026-07-04T13:58:27.520+0000] {logging_mixin.py:188} INFO - [2026-07-04T13:58:27.519+0000] {dagbag.py:545} INFO - Filling up the DagBag from /opt/airflow/dags/minio_to_snowflake_dag.py
[2026-07-04T13:58:28.518+0000] {processor.py:840} INFO - DAG(s) 'minio_to_snowflake_ecommerce' retrieved from /opt/airflow/dags/minio_to_snowflake_dag.py
[2026-07-04T13:58:28.573+0000] {logging_mixin.py:188} INFO - [2026-07-04T13:58:28.572+0000] {dag.py:3089} INFO - Sync 1 DAGs
[2026-07-04T13:58:28.605+0000] {logging_mixin.py:188} INFO - [2026-07-04T13:58:28.605+0000] {dag.py:3947} INFO - Setting next_dagrun for minio_to_snowflake_ecommerce to 2026-07-04 13:57:00+00:00, run_after=2026-07-04 13:58:00+00:00
[2026-07-04T13:58:28.634+0000] {processor.py:183} INFO - Processing /opt/airflow/dags/minio_to_snowflake_dag.py took 1.125 seconds
[2026-07-04T13:58:58.875+0000] {processor.py:161} INFO - Started process (PID=133) to work on /opt/airflow/dags/minio_to_snowflake_dag.py
[2026-07-04T13:58:58.879+0000] {processor.py:830} INFO - Processing file /opt/airflow/dags/minio_to_snowflake_dag.py for tasks to queue
[2026-07-04T13:58:58.883+0000] {logging_mixin.py:188} INFO - [2026-07-04T13:58:58.882+0000] {dagbag.py:545} INFO - Filling up the DagBag from /opt/airflow/dags/minio_to_snowflake_dag.py
[2026-07-04T13:59:00.058+0000] {processor.py:840} INFO - DAG(s) 'minio_to_snowflake_ecommerce' retrieved from /opt/airflow/dags/minio_to_snowflake_dag.py
[2026-07-04T13:59:00.090+0000] {logging_mixin.py:188} INFO - [2026-07-04T13:59:00.089+0000] {dag.py:3089} INFO - Sync 1 DAGs
[2026-07-04T13:59:00.120+0000] {logging_mixin.py:188} INFO - [2026-07-04T13:59:00.120+0000] {dag.py:3947} INFO - Setting next_dagrun for minio_to_snowflake_ecommerce to 2026-07-04 13:58:00+00:00, run_after=2026-07-04 13:59:00+00:00
[2026-07-04T13:59:00.145+0000] {processor.py:183} INFO - Processing /opt/airflow/dags/minio_to_snowflake_dag.py took 1.289 seconds
[2026-07-04T13:59:30.455+0000] {processor.py:161} INFO - Started process (PID=137) to work on /opt/airflow/dags/minio_to_snowflake_dag.py
[2026-07-04T13:59:30.457+0000] {processor.py:830} INFO - Processing file /opt/airflow/dags/minio_to_snowflake_dag.py for tasks to queue
[2026-07-04T13:59:30.460+0000] {logging_mixin.py:188} INFO - [2026-07-04T13:59:30.460+0000] {dagbag.py:545} INFO - Filling up the DagBag from /opt/airflow/dags/minio_to_snowflake_dag.py
[2026-07-04T13:59:31.353+0000] {processor.py:840} INFO - DAG(s) 'minio_to_snowflake_ecommerce' retrieved from /opt/airflow/dags/minio_to_snowflake_dag.py
[2026-07-04T13:59:31.391+0000] {logging_mixin.py:188} INFO - [2026-07-04T13:59:31.390+0000] {dag.py:3089} INFO - Sync 1 DAGs
[2026-07-04T13:59:31.420+0000] {logging_mixin.py:188} INFO - [2026-07-04T13:59:31.420+0000] {dag.py:3947} INFO - Setting next_dagrun for minio_to_snowflake_ecommerce to 2026-07-04 13:58:00+00:00, run_after=2026-07-04 13:59:00+00:00
[2026-07-04T13:59:31.445+0000] {processor.py:183} INFO - Processing /opt/airflow/dags/minio_to_snowflake_dag.py took 0.998 seconds
[2026-07-04T14:00:01.729+0000] {processor.py:161} INFO - Started process (PID=141) to work on /opt/airflow/dags/minio_to_snowflake_dag.py
[2026-07-04T14:00:01.730+0000] {processor.py:830} INFO - Processing file /opt/airflow/dags/minio_to_snowflake_dag.py for tasks to queue
[2026-07-04T14:00:01.733+0000] {logging_mixin.py:188} INFO - [2026-07-04T14:00:01.732+0000] {dagbag.py:545} INFO - Filling up the DagBag from /opt/airflow/dags/minio_to_snowflake_dag.py
[2026-07-04T14:00:02.630+0000] {processor.py:840} INFO - DAG(s) 'minio_to_snowflake_ecommerce' retrieved from /opt/airflow/dags/minio_to_snowflake_dag.py
[2026-07-04T14:00:02.682+0000] {logging_mixin.py:188} INFO - [2026-07-04T14:00:02.681+0000] {dag.py:3089} INFO - Sync 1 DAGs
[2026-07-04T14:00:02.723+0000] {logging_mixin.py:188} INFO - [2026-07-04T14:00:02.723+0000] {dag.py:3947} INFO - Setting next_dagrun for minio_to_snowflake_ecommerce to 2026-07-04 13:59:00+00:00, run_after=2026-07-04 14:00:00+00:00
[2026-07-04T14:00:02.755+0000] {processor.py:183} INFO - Processing /opt/airflow/dags/minio_to_snowflake_dag.py took 1.034 seconds
[2026-07-04T14:00:18.930+0000] {processor.py:161} INFO - Started process (PID=145) to work on /opt/airflow/dags/minio_to_snowflake_dag.py
[2026-07-04T14:00:18.931+0000] {processor.py:830} INFO - Processing file /opt/airflow/dags/minio_to_snowflake_dag.py for tasks to queue
[2026-07-04T14:00:18.934+0000] {logging_mixin.py:188} INFO - [2026-07-04T14:00:18.934+0000] {dagbag.py:545} INFO - Filling up the DagBag from /opt/airflow/dags/minio_to_snowflake_dag.py
[2026-07-04T14:00:19.770+0000] {processor.py:840} INFO - DAG(s) 'minio_to_snowflake_ecommerce' retrieved from /opt/airflow/dags/minio_to_snowflake_dag.py
[2026-07-04T14:00:19.946+0000] {logging_mixin.py:188} INFO - [2026-07-04T14:00:19.946+0000] {dag.py:3089} INFO - Sync 1 DAGs
[2026-07-04T14:00:19.979+0000] {logging_mixin.py:188} INFO - [2026-07-04T14:00:19.979+0000] {dag.py:3947} INFO - Setting next_dagrun for minio_to_snowflake_ecommerce to 2026-07-04 13:59:00+00:00, run_after=2026-07-04 14:00:00+00:00
[2026-07-04T14:00:20.009+0000] {processor.py:183} INFO - Processing /opt/airflow/dags/minio_to_snowflake_dag.py took 1.086 seconds
[2026-07-04T14:00:50.244+0000] {processor.py:161} INFO - Started process (PID=149) to work on /opt/airflow/dags/minio_to_snowflake_dag.py
[2026-07-04T14:00:50.245+0000] {processor.py:830} INFO - Processing file /opt/airflow/dags/minio_to_snowflake_dag.py for tasks to queue
[2026-07-04T14:00:50.248+0000] {logging_mixin.py:188} INFO - [2026-07-04T14:00:50.247+0000] {dagbag.py:545} INFO - Filling up the DagBag from /opt/airflow/dags/minio_to_snowflake_dag.py
[2026-07-04T14:00:51.677+0000] {processor.py:840} INFO - DAG(s) 'minio_to_snowflake_ecommerce' retrieved from /opt/airflow/dags/minio_to_snowflake_dag.py
[2026-07-04T14:00:51.736+0000] {logging_mixin.py:188} INFO - [2026-07-04T14:00:51.736+0000] {dag.py:3089} INFO - Sync 1 DAGs
[2026-07-04T14:00:51.773+0000] {logging_mixin.py:188} INFO - [2026-07-04T14:00:51.772+0000] {dag.py:3947} INFO - Setting next_dagrun for minio_to_snowflake_ecommerce to 2026-07-04 13:59:00+00:00, run_after=2026-07-04 14:00:00+00:00
[2026-07-04T14:00:51.800+0000] {processor.py:183} INFO - Processing /opt/airflow/dags/minio_to_snowflake_dag.py took 1.562 seconds
[2026-07-04T14:01:22.090+0000] {processor.py:161} INFO - Started process (PID=153) to work on /opt/airflow/dags/minio_to_snowflake_dag.py
[2026-07-04T14:01:22.092+0000] {processor.py:830} INFO - Processing file /opt/airflow/dags/minio_to_snowflake_dag.py for tasks to queue
[2026-07-04T14:01:22.094+0000] {logging_mixin.py:188} INFO - [2026-07-04T14:01:22.094+0000] {dagbag.py:545} INFO - Filling up the DagBag from /opt/airflow/dags/minio_to_snowflake_dag.py
[2026-07-04T14:01:23.155+0000] {processor.py:840} INFO - DAG(s) 'minio_to_snowflake_ecommerce' retrieved from /opt/airflow/dags/minio_to_snowflake_dag.py
[2026-07-04T14:01:23.218+0000] {logging_mixin.py:188} INFO - [2026-07-04T14:01:23.218+0000] {dag.py:3089} INFO - Sync 1 DAGs
[2026-07-04T14:01:23.247+0000] {logging_mixin.py:188} INFO - [2026-07-04T14:01:23.246+0000] {dag.py:3947} INFO - Setting next_dagrun for minio_to_snowflake_ecommerce to 2026-07-04 14:00:00+00:00, run_after=2026-07-04 14:01:00+00:00
[2026-07-04T14:01:23.270+0000] {processor.py:183} INFO - Processing /opt/airflow/dags/minio_to_snowflake_dag.py took 1.189 seconds
[2026-07-04T14:01:53.331+0000] {processor.py:161} INFO - Started process (PID=157) to work on /opt/airflow/dags/minio_to_snowflake_dag.py
[2026-07-04T14:01:53.333+0000] {processor.py:830} INFO - Processing file /opt/airflow/dags/minio_to_snowflake_dag.py for tasks to queue
[2026-07-04T14:01:53.335+0000] {logging_mixin.py:188} INFO - [2026-07-04T14:01:53.334+0000] {dagbag.py:545} INFO - Filling up the DagBag from /opt/airflow/dags/minio_to_snowflake_dag.py
[2026-07-04T14:01:54.258+0000] {processor.py:840} INFO - DAG(s) 'minio_to_snowflake_ecommerce' retrieved from /opt/airflow/dags/minio_to_snowflake_dag.py
[2026-07-04T14:01:54.298+0000] {logging_mixin.py:188} INFO - [2026-07-04T14:01:54.298+0000] {dag.py:3089} INFO - Sync 1 DAGs
[2026-07-04T14:01:54.331+0000] {logging_mixin.py:188} INFO - [2026-07-04T14:01:54.330+0000] {dag.py:3947} INFO - Setting next_dagrun for minio_to_snowflake_ecommerce to 2026-07-04 14:00:00+00:00, run_after=2026-07-04 14:01:00+00:00
[2026-07-04T14:01:54.356+0000] {processor.py:183} INFO - Processing /opt/airflow/dags/minio_to_snowflake_dag.py took 1.033 seconds
[2026-07-04T14:02:24.610+0000] {processor.py:161} INFO - Started process (PID=161) to work on /opt/airflow/dags/minio_to_snowflake_dag.py
[2026-07-04T14:02:24.612+0000] {processor.py:830} INFO - Processing file /opt/airflow/dags/minio_to_snowflake_dag.py for tasks to queue
[2026-07-04T14:02:24.614+0000] {logging_mixin.py:188} INFO - [2026-07-04T14:02:24.613+0000] {dagbag.py:545} INFO - Filling up the DagBag from /opt/airflow/dags/minio_to_snowflake_dag.py
[2026-07-04T14:02:25.411+0000] {processor.py:840} INFO - DAG(s) 'minio_to_snowflake_ecommerce' retrieved from /opt/airflow/dags/minio_to_snowflake_dag.py
[2026-07-04T14:02:25.454+0000] {logging_mixin.py:188} INFO - [2026-07-04T14:02:25.454+0000] {dag.py:3089} INFO - Sync 1 DAGs
[2026-07-04T14:02:25.481+0000] {logging_mixin.py:188} INFO - [2026-07-04T14:02:25.481+0000] {dag.py:3947} INFO - Setting next_dagrun for minio_to_snowflake_ecommerce to 2026-07-04 14:01:00+00:00, run_after=2026-07-04 14:02:00+00:00
[2026-07-04T14:02:25.506+0000] {processor.py:183} INFO - Processing /opt/airflow/dags/minio_to_snowflake_dag.py took 0.904 seconds
[2026-07-04T14:02:55.808+0000] {processor.py:161} INFO - Started process (PID=165) to work on /opt/airflow/dags/minio_to_snowflake_dag.py
[2026-07-04T14:02:55.809+0000] {processor.py:830} INFO - Processing file /opt/airflow/dags/minio_to_snowflake_dag.py for tasks to queue
[2026-07-04T14:02:55.813+0000] {logging_mixin.py:188} INFO - [2026-07-04T14:02:55.813+0000] {dagbag.py:545} INFO - Filling up the DagBag from /opt/airflow/dags/minio_to_snowflake_dag.py
[2026-07-04T14:02:56.668+0000] {processor.py:840} INFO - DAG(s) 'minio_to_snowflake_ecommerce' retrieved from /opt/airflow/dags/minio_to_snowflake_dag.py
[2026-07-04T14:02:56.701+0000] {logging_mixin.py:188} INFO - [2026-07-04T14:02:56.701+0000] {dag.py:3089} INFO - Sync 1 DAGs
[2026-07-04T14:02:56.731+0000] {logging_mixin.py:188} INFO - [2026-07-04T14:02:56.731+0000] {dag.py:3947} INFO - Setting next_dagrun for minio_to_snowflake_ecommerce to 2026-07-04 14:01:00+00:00, run_after=2026-07-04 14:02:00+00:00
[2026-07-04T14:02:56.765+0000] {processor.py:183} INFO - Processing /opt/airflow/dags/minio_to_snowflake_dag.py took 0.968 seconds
[2026-07-04T14:03:27.028+0000] {processor.py:161} INFO - Started process (PID=169) to work on /opt/airflow/dags/minio_to_snowflake_dag.py
[2026-07-04T14:03:27.030+0000] {processor.py:830} INFO - Processing file /opt/airflow/dags/minio_to_snowflake_dag.py for tasks to queue
[2026-07-04T14:03:27.034+0000] {logging_mixin.py:188} INFO - [2026-07-04T14:03:27.033+0000] {dagbag.py:545} INFO - Filling up the DagBag from /opt/airflow/dags/minio_to_snowflake_dag.py
[2026-07-04T14:03:29.133+0000] {processor.py:840} INFO - DAG(s) 'minio_to_snowflake_ecommerce' retrieved from /opt/airflow/dags/minio_to_snowflake_dag.py
[2026-07-04T14:03:29.219+0000] {logging_mixin.py:188} INFO - [2026-07-04T14:03:29.218+0000] {dag.py:3089} INFO - Sync 1 DAGs
[2026-07-04T14:03:29.269+0000] {logging_mixin.py:188} INFO - [2026-07-04T14:03:29.268+0000] {dag.py:3947} INFO - Setting next_dagrun for minio_to_snowflake_ecommerce to 2026-07-04 14:02:00+00:00, run_after=2026-07-04 14:03:00+00:00
[2026-07-04T14:03:29.318+0000] {processor.py:183} INFO - Processing /opt/airflow/dags/minio_to_snowflake_dag.py took 2.300 seconds
[2026-07-04T14:03:59.720+0000] {processor.py:161} INFO - Started process (PID=181) to work on /opt/airflow/dags/minio_to_snowflake_dag.py
[2026-07-04T14:03:59.731+0000] {processor.py:830} INFO - Processing file /opt/airflow/dags/minio_to_snowflake_dag.py for tasks to queue
[2026-07-04T14:03:59.749+0000] {logging_mixin.py:188} INFO - [2026-07-04T14:03:59.747+0000] {dagbag.py:545} INFO - Filling up the DagBag from /opt/airflow/dags/minio_to_snowflake_dag.py
[2026-07-04T14:04:07.336+0000] {processor.py:840} INFO - DAG(s) 'minio_to_snowflake_ecommerce' retrieved from /opt/airflow/dags/minio_to_snowflake_dag.py
[2026-07-04T14:04:07.475+0000] {logging_mixin.py:188} INFO - [2026-07-04T14:04:07.473+0000] {dag.py:3089} INFO - Sync 1 DAGs
[2026-07-04T14:04:07.729+0000] {logging_mixin.py:188} INFO - [2026-07-04T14:04:07.729+0000] {dag.py:3947} INFO - Setting next_dagrun for minio_to_snowflake_ecommerce to 2026-07-04 14:03:00+00:00, run_after=2026-07-04 14:04:00+00:00
[2026-07-04T14:04:07.833+0000] {processor.py:183} INFO - Processing /opt/airflow/dags/minio_to_snowflake_dag.py took 8.174 seconds
[2026-07-04T14:04:38.446+0000] {processor.py:161} INFO - Started process (PID=1628) to work on /opt/airflow/dags/minio_to_snowflake_dag.py
[2026-07-04T14:04:38.449+0000] {processor.py:830} INFO - Processing file /opt/airflow/dags/minio_to_snowflake_dag.py for tasks to queue
[2026-07-04T14:04:38.456+0000] {logging_mixin.py:188} INFO - [2026-07-04T14:04:38.455+0000] {dagbag.py:545} INFO - Filling up the DagBag from /opt/airflow/dags/minio_to_snowflake_dag.py
[2026-07-04T14:04:41.031+0000] {processor.py:840} INFO - DAG(s) 'minio_to_snowflake_ecommerce' retrieved from /opt/airflow/dags/minio_to_snowflake_dag.py
[2026-07-04T14:04:41.115+0000] {logging_mixin.py:188} INFO - [2026-07-04T14:04:41.113+0000] {dag.py:3089} INFO - Sync 1 DAGs
[2026-07-04T14:04:41.189+0000] {logging_mixin.py:188} INFO - [2026-07-04T14:04:41.188+0000] {dag.py:3947} INFO - Setting next_dagrun for minio_to_snowflake_ecommerce to 2026-07-04 14:04:00+00:00, run_after=2026-07-04 14:05:00+00:00
[2026-07-04T14:04:41.231+0000] {processor.py:183} INFO - Processing /opt/airflow/dags/minio_to_snowflake_dag.py took 2.801 seconds
[2026-07-04T14:05:11.683+0000] {processor.py:161} INFO - Started process (PID=2549) to work on /opt/airflow/dags/minio_to_snowflake_dag.py
[2026-07-04T14:05:11.690+0000] {processor.py:830} INFO - Processing file /opt/airflow/dags/minio_to_snowflake_dag.py for tasks to queue
[2026-07-04T14:05:11.709+0000] {logging_mixin.py:188} INFO - [2026-07-04T14:05:11.708+0000] {dagbag.py:545} INFO - Filling up the DagBag from /opt/airflow/dags/minio_to_snowflake_dag.py
[2026-07-04T14:05:19.255+0000] {processor.py:840} INFO - DAG(s) 'minio_to_snowflake_ecommerce' retrieved from /opt/airflow/dags/minio_to_snowflake_dag.py
[2026-07-04T14:05:19.428+0000] {logging_mixin.py:188} INFO - [2026-07-04T14:05:19.426+0000] {dag.py:3089} INFO - Sync 1 DAGs
[2026-07-04T14:05:19.540+0000] {logging_mixin.py:188} INFO - [2026-07-04T14:05:19.539+0000] {dag.py:3947} INFO - Setting next_dagrun for minio_to_snowflake_ecommerce to 2026-07-04 14:04:00+00:00, run_after=2026-07-04 14:05:00+00:00
[2026-07-04T14:05:19.659+0000] {processor.py:183} INFO - Processing /opt/airflow/dags/minio_to_snowflake_dag.py took 7.995 seconds
[2026-07-04T14:05:50.357+0000] {processor.py:161} INFO - Started process (PID=3160) to work on /opt/airflow/dags/minio_to_snowflake_dag.py
[2026-07-04T14:05:50.366+0000] {processor.py:830} INFO - Processing file /opt/airflow/dags/minio_to_snowflake_dag.py for tasks to queue
[2026-07-04T14:05:50.384+0000] {logging_mixin.py:188} INFO - [2026-07-04T14:05:50.382+0000] {dagbag.py:545} INFO - Filling up the DagBag from /opt/airflow/dags/minio_to_snowflake_dag.py
[2026-07-04T14:05:52.195+0000] {processor.py:840} INFO - DAG(s) 'minio_to_snowflake_ecommerce' retrieved from /opt/airflow/dags/minio_to_snowflake_dag.py
[2026-07-04T14:05:52.248+0000] {logging_mixin.py:188} INFO - [2026-07-04T14:05:52.247+0000] {dag.py:3089} INFO - Sync 1 DAGs
[2026-07-04T14:05:52.298+0000] {logging_mixin.py:188} INFO - [2026-07-04T14:05:52.298+0000] {dag.py:3947} INFO - Setting next_dagrun for minio_to_snowflake_ecommerce to 2026-07-04 14:04:00+00:00, run_after=2026-07-04 14:05:00+00:00
[2026-07-04T14:05:52.340+0000] {processor.py:183} INFO - Processing /opt/airflow/dags/minio_to_snowflake_dag.py took 2.035 seconds
[2026-07-04T14:06:22.664+0000] {processor.py:161} INFO - Started process (PID=4547) to work on /opt/airflow/dags/minio_to_snowflake_dag.py
[2026-07-04T14:06:22.668+0000] {processor.py:830} INFO - Processing file /opt/airflow/dags/minio_to_snowflake_dag.py for tasks to queue
[2026-07-04T14:06:22.674+0000] {logging_mixin.py:188} INFO - [2026-07-04T14:06:22.673+0000] {dagbag.py:545} INFO - Filling up the DagBag from /opt/airflow/dags/minio_to_snowflake_dag.py
[2026-07-04T14:06:26.936+0000] {processor.py:840} INFO - DAG(s) 'minio_to_snowflake_ecommerce' retrieved from /opt/airflow/dags/minio_to_snowflake_dag.py
[2026-07-04T14:06:27.073+0000] {logging_mixin.py:188} INFO - [2026-07-04T14:06:27.072+0000] {dag.py:3089} INFO - Sync 1 DAGs
[2026-07-04T14:06:27.304+0000] {logging_mixin.py:188} INFO - [2026-07-04T14:06:27.303+0000] {dag.py:3947} INFO - Setting next_dagrun for minio_to_snowflake_ecommerce to 2026-07-04 14:05:00+00:00, run_after=2026-07-04 14:06:00+00:00
[2026-07-04T14:06:27.384+0000] {processor.py:183} INFO - Processing /opt/airflow/dags/minio_to_snowflake_dag.py took 4.747 seconds
[2026-07-04T14:06:59.502+0000] {processor.py:161} INFO - Started process (PID=5243) to work on /opt/airflow/dags/minio_to_snowflake_dag.py
[2026-07-04T14:06:59.628+0000] {processor.py:830} INFO - Processing file /opt/airflow/dags/minio_to_snowflake_dag.py for tasks to queue
[2026-07-04T14:07:00.216+0000] {logging_mixin.py:188} INFO - [2026-07-04T14:07:00.048+0000] {dagbag.py:545} INFO - Filling up the DagBag from /opt/airflow/dags/minio_to_snowflake_dag.py
[2026-07-04T14:07:02.027+0000] {processor.py:840} INFO - DAG(s) 'minio_to_snowflake_ecommerce' retrieved from /opt/airflow/dags/minio_to_snowflake_dag.py
[2026-07-04T14:07:02.085+0000] {logging_mixin.py:188} INFO - [2026-07-04T14:07:02.083+0000] {dag.py:3089} INFO - Sync 1 DAGs
[2026-07-04T14:07:02.140+0000] {logging_mixin.py:188} INFO - [2026-07-04T14:07:02.139+0000] {dag.py:3947} INFO - Setting next_dagrun for minio_to_snowflake_ecommerce to 2026-07-04 14:06:00+00:00, run_after=2026-07-04 14:07:00+00:00
[2026-07-04T14:07:02.188+0000] {processor.py:183} INFO - Processing /opt/airflow/dags/minio_to_snowflake_dag.py took 3.530 seconds
[2026-07-04T14:07:32.475+0000] {processor.py:161} INFO - Started process (PID=6024) to work on /opt/airflow/dags/minio_to_snowflake_dag.py
[2026-07-04T14:07:32.478+0000] {processor.py:830} INFO - Processing file /opt/airflow/dags/minio_to_snowflake_dag.py for tasks to queue
[2026-07-04T14:07:32.486+0000] {logging_mixin.py:188} INFO - [2026-07-04T14:07:32.483+0000] {dagbag.py:545} INFO - Filling up the DagBag from /opt/airflow/dags/minio_to_snowflake_dag.py
[2026-07-04T14:07:33.863+0000] {processor.py:840} INFO - DAG(s) 'minio_to_snowflake_ecommerce' retrieved from /opt/airflow/dags/minio_to_snowflake_dag.py
[2026-07-04T14:07:33.939+0000] {logging_mixin.py:188} INFO - [2026-07-04T14:07:33.938+0000] {dag.py:3089} INFO - Sync 1 DAGs
[2026-07-04T14:07:34.016+0000] {logging_mixin.py:188} INFO - [2026-07-04T14:07:34.016+0000] {dag.py:3947} INFO - Setting next_dagrun for minio_to_snowflake_ecommerce to 2026-07-04 14:06:00+00:00, run_after=2026-07-04 14:07:00+00:00
[2026-07-04T14:07:34.053+0000] {processor.py:183} INFO - Processing /opt/airflow/dags/minio_to_snowflake_dag.py took 1.614 seconds
[2026-07-04T14:08:04.359+0000] {processor.py:161} INFO - Started process (PID=6049) to work on /opt/airflow/dags/minio_to_snowflake_dag.py
[2026-07-04T14:08:04.362+0000] {processor.py:830} INFO - Processing file /opt/airflow/dags/minio_to_snowflake_dag.py for tasks to queue
[2026-07-04T14:08:04.368+0000] {logging_mixin.py:188} INFO - [2026-07-04T14:08:04.366+0000] {dagbag.py:545} INFO - Filling up the DagBag from /opt/airflow/dags/minio_to_snowflake_dag.py
[2026-07-04T14:08:06.385+0000] {processor.py:840} INFO - DAG(s) 'minio_to_snowflake_ecommerce' retrieved from /opt/airflow/dags/minio_to_snowflake_dag.py
[2026-07-04T14:08:06.480+0000] {logging_mixin.py:188} INFO - [2026-07-04T14:08:06.478+0000] {dag.py:3089} INFO - Sync 1 DAGs
[2026-07-04T14:08:06.689+0000] {logging_mixin.py:188} INFO - [2026-07-04T14:08:06.689+0000] {dag.py:3947} INFO - Setting next_dagrun for minio_to_snowflake_ecommerce to 2026-07-04 14:07:00+00:00, run_after=2026-07-04 14:08:00+00:00
[2026-07-04T14:08:06.775+0000] {processor.py:183} INFO - Processing /opt/airflow/dags/minio_to_snowflake_dag.py took 2.429 seconds
[2026-07-04T14:08:37.057+0000] {processor.py:161} INFO - Started process (PID=7510) to work on /opt/airflow/dags/minio_to_snowflake_dag.py
[2026-07-04T14:08:37.059+0000] {processor.py:830} INFO - Processing file /opt/airflow/dags/minio_to_snowflake_dag.py for tasks to queue
[2026-07-04T14:08:37.061+0000] {logging_mixin.py:188} INFO - [2026-07-04T14:08:37.061+0000] {dagbag.py:545} INFO - Filling up the DagBag from /opt/airflow/dags/minio_to_snowflake_dag.py
[2026-07-04T14:08:37.900+0000] {processor.py:840} INFO - DAG(s) 'minio_to_snowflake_ecommerce' retrieved from /opt/airflow/dags/minio_to_snowflake_dag.py
[2026-07-04T14:08:37.941+0000] {logging_mixin.py:188} INFO - [2026-07-04T14:08:37.940+0000] {dag.py:3089} INFO - Sync 1 DAGs
[2026-07-04T14:08:37.983+0000] {logging_mixin.py:188} INFO - [2026-07-04T14:08:37.983+0000] {dag.py:3947} INFO - Setting next_dagrun for minio_to_snowflake_ecommerce to 2026-07-04 14:07:00+00:00, run_after=2026-07-04 14:08:00+00:00
[2026-07-04T14:08:38.012+0000] {processor.py:183} INFO - Processing /opt/airflow/dags/minio_to_snowflake_dag.py took 0.965 seconds
[2026-07-04T14:09:08.339+0000] {processor.py:161} INFO - Started process (PID=8120) to work on /opt/airflow/dags/minio_to_snowflake_dag.py
[2026-07-04T14:09:08.341+0000] {processor.py:830} INFO - Processing file /opt/airflow/dags/minio_to_snowflake_dag.py for tasks to queue
[2026-07-04T14:09:08.347+0000] {logging_mixin.py:188} INFO - [2026-07-04T14:09:08.345+0000] {dagbag.py:545} INFO - Filling up the DagBag from /opt/airflow/dags/minio_to_snowflake_dag.py
[2026-07-04T14:09:10.403+0000] {processor.py:840} INFO - DAG(s) 'minio_to_snowflake_ecommerce' retrieved from /opt/airflow/dags/minio_to_snowflake_dag.py
[2026-07-04T14:09:10.545+0000] {logging_mixin.py:188} INFO - [2026-07-04T14:09:10.543+0000] {dag.py:3089} INFO - Sync 1 DAGs
[2026-07-04T14:09:10.648+0000] {logging_mixin.py:188} INFO - [2026-07-04T14:09:10.648+0000] {dag.py:3947} INFO - Setting next_dagrun for minio_to_snowflake_ecommerce to 2026-07-04 14:08:00+00:00, run_after=2026-07-04 14:09:00+00:00
[2026-07-04T14:09:10.697+0000] {processor.py:183} INFO - Processing /opt/airflow/dags/minio_to_snowflake_dag.py took 2.372 seconds
[2026-07-04T14:09:41.015+0000] {processor.py:161} INFO - Started process (PID=8993) to work on /opt/airflow/dags/minio_to_snowflake_dag.py
[2026-07-04T14:09:41.019+0000] {processor.py:830} INFO - Processing file /opt/airflow/dags/minio_to_snowflake_dag.py for tasks to queue
[2026-07-04T14:09:41.027+0000] {logging_mixin.py:188} INFO - [2026-07-04T14:09:41.026+0000] {dagbag.py:545} INFO - Filling up the DagBag from /opt/airflow/dags/minio_to_snowflake_dag.py
[2026-07-04T14:09:43.751+0000] {processor.py:840} INFO - DAG(s) 'minio_to_snowflake_ecommerce' retrieved from /opt/airflow/dags/minio_to_snowflake_dag.py
[2026-07-04T14:09:43.845+0000] {logging_mixin.py:188} INFO - [2026-07-04T14:09:43.843+0000] {dag.py:3089} INFO - Sync 1 DAGs
[2026-07-04T14:09:43.983+0000] {logging_mixin.py:188} INFO - [2026-07-04T14:09:43.982+0000] {dag.py:3947} INFO - Setting next_dagrun for minio_to_snowflake_ecommerce to 2026-07-04 14:08:00+00:00, run_after=2026-07-04 14:09:00+00:00
[2026-07-04T14:09:44.039+0000] {processor.py:183} INFO - Processing /opt/airflow/dags/minio_to_snowflake_dag.py took 3.048 seconds
[2026-07-04T14:10:14.272+0000] {processor.py:161} INFO - Started process (PID=9221) to work on /opt/airflow/dags/minio_to_snowflake_dag.py
[2026-07-04T14:10:14.275+0000] {processor.py:830} INFO - Processing file /opt/airflow/dags/minio_to_snowflake_dag.py for tasks to queue
[2026-07-04T14:10:14.281+0000] {logging_mixin.py:188} INFO - [2026-07-04T14:10:14.280+0000] {dagbag.py:545} INFO - Filling up the DagBag from /opt/airflow/dags/minio_to_snowflake_dag.py
[2026-07-04T14:10:16.302+0000] {processor.py:840} INFO - DAG(s) 'minio_to_snowflake_ecommerce' retrieved from /opt/airflow/dags/minio_to_snowflake_dag.py
[2026-07-04T14:10:16.432+0000] {logging_mixin.py:188} INFO - [2026-07-04T14:10:16.431+0000] {dag.py:3089} INFO - Sync 1 DAGs
[2026-07-04T14:10:16.509+0000] {logging_mixin.py:188} INFO - [2026-07-04T14:10:16.508+0000] {dag.py:3947} INFO - Setting next_dagrun for minio_to_snowflake_ecommerce to 2026-07-04 14:09:00+00:00, run_after=2026-07-04 14:10:00+00:00
[2026-07-04T14:10:16.553+0000] {processor.py:183} INFO - Processing /opt/airflow/dags/minio_to_snowflake_dag.py took 2.292 seconds
[2026-07-04T14:10:46.874+0000] {processor.py:161} INFO - Started process (PID=10492) to work on /opt/airflow/dags/minio_to_snowflake_dag.py
[2026-07-04T14:10:46.886+0000] {processor.py:830} INFO - Processing file /opt/airflow/dags/minio_to_snowflake_dag.py for tasks to queue
[2026-07-04T14:10:46.911+0000] {logging_mixin.py:188} INFO - [2026-07-04T14:10:46.908+0000] {dagbag.py:545} INFO - Filling up the DagBag from /opt/airflow/dags/minio_to_snowflake_dag.py
[2026-07-04T14:10:50.981+0000] {processor.py:840} INFO - DAG(s) 'minio_to_snowflake_ecommerce' retrieved from /opt/airflow/dags/minio_to_snowflake_dag.py
[2026-07-04T14:10:51.051+0000] {logging_mixin.py:188} INFO - [2026-07-04T14:10:51.049+0000] {dag.py:3089} INFO - Sync 1 DAGs
[2026-07-04T14:10:51.157+0000] {logging_mixin.py:188} INFO - [2026-07-04T14:10:51.157+0000] {dag.py:3947} INFO - Setting next_dagrun for minio_to_snowflake_ecommerce to 2026-07-04 14:09:00+00:00, run_after=2026-07-04 14:10:00+00:00
[2026-07-04T14:10:51.200+0000] {processor.py:183} INFO - Processing /opt/airflow/dags/minio_to_snowflake_dag.py took 4.393 seconds
[2026-07-04T14:11:21.503+0000] {processor.py:161} INFO - Started process (PID=10517) to work on /opt/airflow/dags/minio_to_snowflake_dag.py
[2026-07-04T14:11:21.507+0000] {processor.py:830} INFO - Processing file /opt/airflow/dags/minio_to_snowflake_dag.py for tasks to queue
[2026-07-04T14:11:21.513+0000] {logging_mixin.py:188} INFO - [2026-07-04T14:11:21.512+0000] {dagbag.py:545} INFO - Filling up the DagBag from /opt/airflow/dags/minio_to_snowflake_dag.py
[2026-07-04T14:11:23.075+0000] {processor.py:840} INFO - DAG(s) 'minio_to_snowflake_ecommerce' retrieved from /opt/airflow/dags/minio_to_snowflake_dag.py
[2026-07-04T14:11:23.169+0000] {logging_mixin.py:188} INFO - [2026-07-04T14:11:23.168+0000] {dag.py:3089} INFO - Sync 1 DAGs
[2026-07-04T14:11:23.265+0000] {logging_mixin.py:188} INFO - [2026-07-04T14:11:23.265+0000] {dag.py:3947} INFO - Setting next_dagrun for minio_to_snowflake_ecommerce to 2026-07-04 14:10:00+00:00, run_after=2026-07-04 14:11:00+00:00
[2026-07-04T14:11:23.325+0000] {processor.py:183} INFO - Processing /opt/airflow/dags/minio_to_snowflake_dag.py took 1.841 seconds
[2026-07-04T14:11:53.596+0000] {processor.py:161} INFO - Started process (PID=11975) to work on /opt/airflow/dags/minio_to_snowflake_dag.py
[2026-07-04T14:11:53.597+0000] {processor.py:830} INFO - Processing file /opt/airflow/dags/minio_to_snowflake_dag.py for tasks to queue
[2026-07-04T14:11:53.601+0000] {logging_mixin.py:188} INFO - [2026-07-04T14:11:53.601+0000] {dagbag.py:545} INFO - Filling up the DagBag from /opt/airflow/dags/minio_to_snowflake_dag.py
[2026-07-04T14:11:54.986+0000] {processor.py:840} INFO - DAG(s) 'minio_to_snowflake_ecommerce' retrieved from /opt/airflow/dags/minio_to_snowflake_dag.py
[2026-07-04T14:11:55.041+0000] {logging_mixin.py:188} INFO - [2026-07-04T14:11:55.039+0000] {dag.py:3089} INFO - Sync 1 DAGs
[2026-07-04T14:11:55.087+0000] {logging_mixin.py:188} INFO - [2026-07-04T14:11:55.087+0000] {dag.py:3947} INFO - Setting next_dagrun for minio_to_snowflake_ecommerce to 2026-07-04 14:10:00+00:00, run_after=2026-07-04 14:11:00+00:00
[2026-07-04T14:11:55.136+0000] {processor.py:183} INFO - Processing /opt/airflow/dags/minio_to_snowflake_dag.py took 1.552 seconds
[2026-07-04T14:12:25.635+0000] {processor.py:161} INFO - Started process (PID=12065) to work on /opt/airflow/dags/minio_to_snowflake_dag.py
[2026-07-04T14:12:25.642+0000] {processor.py:830} INFO - Processing file /opt/airflow/dags/minio_to_snowflake_dag.py for tasks to queue
[2026-07-04T14:12:25.650+0000] {logging_mixin.py:188} INFO - [2026-07-04T14:12:25.648+0000] {dagbag.py:545} INFO - Filling up the DagBag from /opt/airflow/dags/minio_to_snowflake_dag.py
[2026-07-04T14:12:28.745+0000] {processor.py:840} INFO - DAG(s) 'minio_to_snowflake_ecommerce' retrieved from /opt/airflow/dags/minio_to_snowflake_dag.py
[2026-07-04T14:12:28.808+0000] {logging_mixin.py:188} INFO - [2026-07-04T14:12:28.807+0000] {dag.py:3089} INFO - Sync 1 DAGs
[2026-07-04T14:12:28.865+0000] {logging_mixin.py:188} INFO - [2026-07-04T14:12:28.864+0000] {dag.py:3947} INFO - Setting next_dagrun for minio_to_snowflake_ecommerce to 2026-07-04 14:11:00+00:00, run_after=2026-07-04 14:12:00+00:00
[2026-07-04T14:12:28.911+0000] {processor.py:183} INFO - Processing /opt/airflow/dags/minio_to_snowflake_dag.py took 3.330 seconds
[2026-07-04T14:12:59.333+0000] {processor.py:161} INFO - Started process (PID=13448) to work on /opt/airflow/dags/minio_to_snowflake_dag.py
[2026-07-04T14:12:59.336+0000] {processor.py:830} INFO - Processing file /opt/airflow/dags/minio_to_snowflake_dag.py for tasks to queue
[2026-07-04T14:12:59.341+0000] {logging_mixin.py:188} INFO - [2026-07-04T14:12:59.339+0000] {dagbag.py:545} INFO - Filling up the DagBag from /opt/airflow/dags/minio_to_snowflake_dag.py
[2026-07-04T14:13:00.910+0000] {processor.py:840} INFO - DAG(s) 'minio_to_snowflake_ecommerce' retrieved from /opt/airflow/dags/minio_to_snowflake_dag.py
[2026-07-04T14:13:00.968+0000] {logging_mixin.py:188} INFO - [2026-07-04T14:13:00.967+0000] {dag.py:3089} INFO - Sync 1 DAGs
[2026-07-04T14:13:01.025+0000] {logging_mixin.py:188} INFO - [2026-07-04T14:13:01.024+0000] {dag.py:3947} INFO - Setting next_dagrun for minio_to_snowflake_ecommerce to 2026-07-04 14:12:00+00:00, run_after=2026-07-04 14:13:00+00:00
[2026-07-04T14:13:01.067+0000] {processor.py:183} INFO - Processing /opt/airflow/dags/minio_to_snowflake_dag.py took 1.755 seconds
[2026-07-04T14:13:31.626+0000] {processor.py:161} INFO - Started process (PID=13554) to work on /opt/airflow/dags/minio_to_snowflake_dag.py
[2026-07-04T14:13:31.628+0000] {processor.py:830} INFO - Processing file /opt/airflow/dags/minio_to_snowflake_dag.py for tasks to queue
[2026-07-04T14:13:31.633+0000] {logging_mixin.py:188} INFO - [2026-07-04T14:13:31.632+0000] {dagbag.py:545} INFO - Filling up the DagBag from /opt/airflow/dags/minio_to_snowflake_dag.py
[2026-07-04T14:13:32.961+0000] {processor.py:840} INFO - DAG(s) 'minio_to_snowflake_ecommerce' retrieved from /opt/airflow/dags/minio_to_snowflake_dag.py
[2026-07-04T14:13:33.007+0000] {logging_mixin.py:188} INFO - [2026-07-04T14:13:33.006+0000] {dag.py:3089} INFO - Sync 1 DAGs
[2026-07-04T14:13:33.050+0000] {logging_mixin.py:188} INFO - [2026-07-04T14:13:33.049+0000] {dag.py:3947} INFO - Setting next_dagrun for minio_to_snowflake_ecommerce to 2026-07-04 14:13:00+00:00, run_after=2026-07-04 14:14:00+00:00
[2026-07-04T14:13:33.103+0000] {processor.py:183} INFO - Processing /opt/airflow/dags/minio_to_snowflake_dag.py took 1.489 seconds
[2026-07-04T14:14:03.407+0000] {processor.py:161} INFO - Started process (PID=14933) to work on /opt/airflow/dags/minio_to_snowflake_dag.py
[2026-07-04T14:14:03.409+0000] {processor.py:830} INFO - Processing file /opt/airflow/dags/minio_to_snowflake_dag.py for tasks to queue
[2026-07-04T14:14:03.411+0000] {logging_mixin.py:188} INFO - [2026-07-04T14:14:03.411+0000] {dagbag.py:545} INFO - Filling up the DagBag from /opt/airflow/dags/minio_to_snowflake_dag.py
[2026-07-04T14:14:04.410+0000] {processor.py:840} INFO - DAG(s) 'minio_to_snowflake_ecommerce' retrieved from /opt/airflow/dags/minio_to_snowflake_dag.py
[2026-07-04T14:14:04.465+0000] {logging_mixin.py:188} INFO - [2026-07-04T14:14:04.465+0000] {dag.py:3089} INFO - Sync 1 DAGs
[2026-07-04T14:14:04.501+0000] {logging_mixin.py:188} INFO - [2026-07-04T14:14:04.500+0000] {dag.py:3947} INFO - Setting next_dagrun for minio_to_snowflake_ecommerce to 2026-07-04 14:13:00+00:00, run_after=2026-07-04 14:14:00+00:00
[2026-07-04T14:14:04.531+0000] {processor.py:183} INFO - Processing /opt/airflow/dags/minio_to_snowflake_dag.py took 1.132 seconds
[2026-07-04T14:14:34.704+0000] {processor.py:161} INFO - Started process (PID=14958) to work on /opt/airflow/dags/minio_to_snowflake_dag.py
[2026-07-04T14:14:34.706+0000] {processor.py:830} INFO - Processing file /opt/airflow/dags/minio_to_snowflake_dag.py for tasks to queue
[2026-07-04T14:14:34.710+0000] {logging_mixin.py:188} INFO - [2026-07-04T14:14:34.709+0000] {dagbag.py:545} INFO - Filling up the DagBag from /opt/airflow/dags/minio_to_snowflake_dag.py
[2026-07-04T14:14:36.290+0000] {processor.py:840} INFO - DAG(s) 'minio_to_snowflake_ecommerce' retrieved from /opt/airflow/dags/minio_to_snowflake_dag.py
[2026-07-04T14:14:36.338+0000] {logging_mixin.py:188} INFO - [2026-07-04T14:14:36.337+0000] {dag.py:3089} INFO - Sync 1 DAGs
[2026-07-04T14:14:36.378+0000] {logging_mixin.py:188} INFO - [2026-07-04T14:14:36.378+0000] {dag.py:3947} INFO - Setting next_dagrun for minio_to_snowflake_ecommerce to 2026-07-04 14:13:00+00:00, run_after=2026-07-04 14:14:00+00:00
[2026-07-04T14:14:36.416+0000] {processor.py:183} INFO - Processing /opt/airflow/dags/minio_to_snowflake_dag.py took 1.721 seconds
[2026-07-04T14:15:06.725+0000] {processor.py:161} INFO - Started process (PID=16004) to work on /opt/airflow/dags/minio_to_snowflake_dag.py
[2026-07-04T14:15:06.728+0000] {processor.py:830} INFO - Processing file /opt/airflow/dags/minio_to_snowflake_dag.py for tasks to queue
[2026-07-04T14:15:06.732+0000] {logging_mixin.py:188} INFO - [2026-07-04T14:15:06.731+0000] {dagbag.py:545} INFO - Filling up the DagBag from /opt/airflow/dags/minio_to_snowflake_dag.py
[2026-07-04T14:15:08.931+0000] {processor.py:840} INFO - DAG(s) 'minio_to_snowflake_ecommerce' retrieved from /opt/airflow/dags/minio_to_snowflake_dag.py
[2026-07-04T14:15:08.992+0000] {logging_mixin.py:188} INFO - [2026-07-04T14:15:08.992+0000] {dag.py:3089} INFO - Sync 1 DAGs
[2026-07-04T14:15:09.051+0000] {logging_mixin.py:188} INFO - [2026-07-04T14:15:09.051+0000] {dag.py:3947} INFO - Setting next_dagrun for minio_to_snowflake_ecommerce to 2026-07-04 14:14:00+00:00, run_after=2026-07-04 14:15:00+00:00
[2026-07-04T14:15:09.098+0000] {processor.py:183} INFO - Processing /opt/airflow/dags/minio_to_snowflake_dag.py took 2.395 seconds
[2026-07-04T14:15:39.370+0000] {processor.py:161} INFO - Started process (PID=16622) to work on /opt/airflow/dags/minio_to_snowflake_dag.py
[2026-07-04T14:15:39.372+0000] {processor.py:830} INFO - Processing file /opt/airflow/dags/minio_to_snowflake_dag.py for tasks to queue
[2026-07-04T14:15:39.376+0000] {logging_mixin.py:188} INFO - [2026-07-04T14:15:39.376+0000] {dagbag.py:545} INFO - Filling up the DagBag from /opt/airflow/dags/minio_to_snowflake_dag.py
[2026-07-04T14:15:40.880+0000] {processor.py:840} INFO - DAG(s) 'minio_to_snowflake_ecommerce' retrieved from /opt/airflow/dags/minio_to_snowflake_dag.py
[2026-07-04T14:15:40.938+0000] {logging_mixin.py:188} INFO - [2026-07-04T14:15:40.937+0000] {dag.py:3089} INFO - Sync 1 DAGs
[2026-07-04T14:15:40.995+0000] {logging_mixin.py:188} INFO - [2026-07-04T14:15:40.995+0000] {dag.py:3947} INFO - Setting next_dagrun for minio_to_snowflake_ecommerce to 2026-07-04 14:15:00+00:00, run_after=2026-07-04 14:16:00+00:00
[2026-07-04T14:15:41.044+0000] {processor.py:183} INFO - Processing /opt/airflow/dags/minio_to_snowflake_dag.py took 1.689 seconds
[2026-07-04T14:16:11.430+0000] {processor.py:161} INFO - Started process (PID=17915) to work on /opt/airflow/dags/minio_to_snowflake_dag.py
[2026-07-04T14:16:11.435+0000] {processor.py:830} INFO - Processing file /opt/airflow/dags/minio_to_snowflake_dag.py for tasks to queue
[2026-07-04T14:16:11.442+0000] {logging_mixin.py:188} INFO - [2026-07-04T14:16:11.441+0000] {dagbag.py:545} INFO - Filling up the DagBag from /opt/airflow/dags/minio_to_snowflake_dag.py
[2026-07-04T14:16:14.858+0000] {processor.py:840} INFO - DAG(s) 'minio_to_snowflake_ecommerce' retrieved from /opt/airflow/dags/minio_to_snowflake_dag.py
[2026-07-04T14:16:14.955+0000] {logging_mixin.py:188} INFO - [2026-07-04T14:16:14.952+0000] {dag.py:3089} INFO - Sync 1 DAGs
[2026-07-04T14:16:15.050+0000] {logging_mixin.py:188} INFO - [2026-07-04T14:16:15.049+0000] {dag.py:3947} INFO - Setting next_dagrun for minio_to_snowflake_ecommerce to 2026-07-04 14:16:00+00:00, run_after=2026-07-04 14:17:00+00:00
[2026-07-04T14:16:15.118+0000] {processor.py:183} INFO - Processing /opt/airflow/dags/minio_to_snowflake_dag.py took 3.712 seconds
[2026-07-04T14:16:45.536+0000] {processor.py:161} INFO - Started process (PID=19108) to work on /opt/airflow/dags/minio_to_snowflake_dag.py
[2026-07-04T14:16:45.539+0000] {processor.py:830} INFO - Processing file /opt/airflow/dags/minio_to_snowflake_dag.py for tasks to queue
[2026-07-04T14:16:45.544+0000] {logging_mixin.py:188} INFO - [2026-07-04T14:16:45.543+0000] {dagbag.py:545} INFO - Filling up the DagBag from /opt/airflow/dags/minio_to_snowflake_dag.py
[2026-07-04T14:16:47.103+0000] {processor.py:840} INFO - DAG(s) 'minio_to_snowflake_ecommerce' retrieved from /opt/airflow/dags/minio_to_snowflake_dag.py
[2026-07-04T14:16:47.226+0000] {logging_mixin.py:188} INFO - [2026-07-04T14:16:47.224+0000] {dag.py:3089} INFO - Sync 1 DAGs
[2026-07-04T14:16:47.289+0000] {logging_mixin.py:188} INFO - [2026-07-04T14:16:47.289+0000] {dag.py:3947} INFO - Setting next_dagrun for minio_to_snowflake_ecommerce to 2026-07-04 14:16:00+00:00, run_after=2026-07-04 14:17:00+00:00
[2026-07-04T14:16:47.344+0000] {processor.py:183} INFO - Processing /opt/airflow/dags/minio_to_snowflake_dag.py took 1.824 seconds
[2026-07-04T14:17:03.156+0000] {processor.py:161} INFO - Started process (PID=19386) to work on /opt/airflow/dags/minio_to_snowflake_dag.py
[2026-07-04T14:17:03.163+0000] {processor.py:830} INFO - Processing file /opt/airflow/dags/minio_to_snowflake_dag.py for tasks to queue
[2026-07-04T14:17:03.170+0000] {logging_mixin.py:188} INFO - [2026-07-04T14:17:03.169+0000] {dagbag.py:545} INFO - Filling up the DagBag from /opt/airflow/dags/minio_to_snowflake_dag.py
[2026-07-04T14:17:05.266+0000] {processor.py:840} INFO - DAG(s) 'minio_to_snowflake_ecommerce' retrieved from /opt/airflow/dags/minio_to_snowflake_dag.py
[2026-07-04T14:17:05.352+0000] {logging_mixin.py:188} INFO - [2026-07-04T14:17:05.351+0000] {dag.py:3089} INFO - Sync 1 DAGs
[2026-07-04T14:17:05.463+0000] {logging_mixin.py:188} INFO - [2026-07-04T14:17:05.463+0000] {dag.py:3947} INFO - Setting next_dagrun for minio_to_snowflake_ecommerce to 2026-07-04 14:16:00+00:00, run_after=2026-07-04 14:17:00+00:00
[2026-07-04T14:17:05.526+0000] {processor.py:183} INFO - Processing /opt/airflow/dags/minio_to_snowflake_dag.py took 2.396 seconds
[2026-07-04T14:17:35.931+0000] {processor.py:161} INFO - Started process (PID=19437) to work on /opt/airflow/dags/minio_to_snowflake_dag.py
[2026-07-04T14:17:35.933+0000] {processor.py:830} INFO - Processing file /opt/airflow/dags/minio_to_snowflake_dag.py for tasks to queue
[2026-07-04T14:17:35.935+0000] {logging_mixin.py:188} INFO - [2026-07-04T14:17:35.935+0000] {dagbag.py:545} INFO - Filling up the DagBag from /opt/airflow/dags/minio_to_snowflake_dag.py
[2026-07-04T14:17:36.909+0000] {processor.py:840} INFO - DAG(s) 'minio_to_snowflake_ecommerce' retrieved from /opt/airflow/dags/minio_to_snowflake_dag.py
[2026-07-04T14:17:36.935+0000] {logging_mixin.py:188} INFO - [2026-07-04T14:17:36.934+0000] {dag.py:3089} INFO - Sync 1 DAGs
[2026-07-04T14:17:36.959+0000] {logging_mixin.py:188} INFO - [2026-07-04T14:17:36.959+0000] {dag.py:3947} INFO - Setting next_dagrun for minio_to_snowflake_ecommerce to 2026-07-04 14:16:00+00:00, run_after=2026-07-04 14:17:00+00:00
[2026-07-04T14:17:36.979+0000] {processor.py:183} INFO - Processing /opt/airflow/dags/minio_to_snowflake_dag.py took 1.054 seconds
[2026-07-04T14:18:07.270+0000] {processor.py:161} INFO - Started process (PID=19538) to work on /opt/airflow/dags/minio_to_snowflake_dag.py
[2026-07-04T14:18:07.273+0000] {processor.py:830} INFO - Processing file /opt/airflow/dags/minio_to_snowflake_dag.py for tasks to queue
[2026-07-04T14:18:07.279+0000] {logging_mixin.py:188} INFO - [2026-07-04T14:18:07.278+0000] {dagbag.py:545} INFO - Filling up the DagBag from /opt/airflow/dags/minio_to_snowflake_dag.py
[2026-07-04T14:18:08.314+0000] {processor.py:840} INFO - DAG(s) 'minio_to_snowflake_ecommerce' retrieved from /opt/airflow/dags/minio_to_snowflake_dag.py
[2026-07-04T14:18:08.353+0000] {logging_mixin.py:188} INFO - [2026-07-04T14:18:08.353+0000] {dag.py:3089} INFO - Sync 1 DAGs
[2026-07-04T14:18:08.387+0000] {logging_mixin.py:188} INFO - [2026-07-04T14:18:08.386+0000] {dag.py:3947} INFO - Setting next_dagrun for minio_to_snowflake_ecommerce to 2026-07-04 14:17:00+00:00, run_after=2026-07-04 14:18:00+00:00
[2026-07-04T14:18:08.413+0000] {processor.py:183} INFO - Processing /opt/airflow/dags/minio_to_snowflake_dag.py took 1.158 seconds
[2026-07-04T14:18:38.624+0000] {processor.py:161} INFO - Started process (PID=19637) to work on /opt/airflow/dags/minio_to_snowflake_dag.py
[2026-07-04T14:18:38.626+0000] {processor.py:830} INFO - Processing file /opt/airflow/dags/minio_to_snowflake_dag.py for tasks to queue
[2026-07-04T14:18:38.636+0000] {logging_mixin.py:188} INFO - [2026-07-04T14:18:38.635+0000] {dagbag.py:545} INFO - Filling up the DagBag from /opt/airflow/dags/minio_to_snowflake_dag.py
[2026-07-04T14:18:41.909+0000] {processor.py:840} INFO - DAG(s) 'minio_to_snowflake_ecommerce' retrieved from /opt/airflow/dags/minio_to_snowflake_dag.py
[2026-07-04T14:18:42.005+0000] {logging_mixin.py:188} INFO - [2026-07-04T14:18:42.004+0000] {dag.py:3089} INFO - Sync 1 DAGs
[2026-07-04T14:18:42.071+0000] {logging_mixin.py:188} INFO - [2026-07-04T14:18:42.071+0000] {dag.py:3947} INFO - Setting next_dagrun for minio_to_snowflake_ecommerce to 2026-07-04 14:17:00+00:00, run_after=2026-07-04 14:18:00+00:00
[2026-07-04T14:18:42.112+0000] {processor.py:183} INFO - Processing /opt/airflow/dags/minio_to_snowflake_dag.py took 3.511 seconds
[2026-07-04T14:19:12.416+0000] {processor.py:161} INFO - Started process (PID=19744) to work on /opt/airflow/dags/minio_to_snowflake_dag.py
[2026-07-04T14:19:12.418+0000] {processor.py:830} INFO - Processing file /opt/airflow/dags/minio_to_snowflake_dag.py for tasks to queue
[2026-07-04T14:19:12.423+0000] {logging_mixin.py:188} INFO - [2026-07-04T14:19:12.422+0000] {dagbag.py:545} INFO - Filling up the DagBag from /opt/airflow/dags/minio_to_snowflake_dag.py
[2026-07-04T14:19:14.141+0000] {processor.py:840} INFO - DAG(s) 'minio_to_snowflake_ecommerce' retrieved from /opt/airflow/dags/minio_to_snowflake_dag.py
[2026-07-04T14:19:14.226+0000] {logging_mixin.py:188} INFO - [2026-07-04T14:19:14.225+0000] {dag.py:3089} INFO - Sync 1 DAGs
[2026-07-04T14:19:14.287+0000] {logging_mixin.py:188} INFO - [2026-07-04T14:19:14.286+0000] {dag.py:3947} INFO - Setting next_dagrun for minio_to_snowflake_ecommerce to 2026-07-04 14:18:00+00:00, run_after=2026-07-04 14:19:00+00:00
[2026-07-04T14:19:14.324+0000] {processor.py:183} INFO - Processing /opt/airflow/dags/minio_to_snowflake_dag.py took 1.919 seconds
[2026-07-04T14:19:44.644+0000] {processor.py:161} INFO - Started process (PID=19845) to work on /opt/airflow/dags/minio_to_snowflake_dag.py
[2026-07-04T14:19:44.645+0000] {processor.py:830} INFO - Processing file /opt/airflow/dags/minio_to_snowflake_dag.py for tasks to queue
[2026-07-04T14:19:44.648+0000] {logging_mixin.py:188} INFO - [2026-07-04T14:19:44.647+0000] {dagbag.py:545} INFO - Filling up the DagBag from /opt/airflow/dags/minio_to_snowflake_dag.py
[2026-07-04T14:19:45.932+0000] {processor.py:840} INFO - DAG(s) 'minio_to_snowflake_ecommerce' retrieved from /opt/airflow/dags/minio_to_snowflake_dag.py
[2026-07-04T14:19:46.002+0000] {logging_mixin.py:188} INFO - [2026-07-04T14:19:46.000+0000] {dag.py:3089} INFO - Sync 1 DAGs
[2026-07-04T14:19:46.063+0000] {logging_mixin.py:188} INFO - [2026-07-04T14:19:46.063+0000] {dag.py:3947} INFO - Setting next_dagrun for minio_to_snowflake_ecommerce to 2026-07-04 14:18:00+00:00, run_after=2026-07-04 14:19:00+00:00
[2026-07-04T14:19:46.127+0000] {processor.py:183} INFO - Processing /opt/airflow/dags/minio_to_snowflake_dag.py took 1.494 seconds
[2026-07-04T14:20:16.435+0000] {processor.py:161} INFO - Started process (PID=19945) to work on /opt/airflow/dags/minio_to_snowflake_dag.py
[2026-07-04T14:20:16.436+0000] {processor.py:830} INFO - Processing file /opt/airflow/dags/minio_to_snowflake_dag.py for tasks to queue
[2026-07-04T14:20:16.438+0000] {logging_mixin.py:188} INFO - [2026-07-04T14:20:16.438+0000] {dagbag.py:545} INFO - Filling up the DagBag from /opt/airflow/dags/minio_to_snowflake_dag.py
[2026-07-04T14:20:17.795+0000] {processor.py:840} INFO - DAG(s) 'minio_to_snowflake_ecommerce' retrieved from /opt/airflow/dags/minio_to_snowflake_dag.py
[2026-07-04T14:20:17.834+0000] {logging_mixin.py:188} INFO - [2026-07-04T14:20:17.834+0000] {dag.py:3089} INFO - Sync 1 DAGs
[2026-07-04T14:20:17.864+0000] {logging_mixin.py:188} INFO - [2026-07-04T14:20:17.864+0000] {dag.py:3947} INFO - Setting next_dagrun for minio_to_snowflake_ecommerce to 2026-07-04 14:19:00+00:00, run_after=2026-07-04 14:20:00+00:00
[2026-07-04T14:20:17.894+0000] {processor.py:183} INFO - Processing /opt/airflow/dags/minio_to_snowflake_dag.py took 1.467 seconds
[2026-07-04T14:20:48.160+0000] {processor.py:161} INFO - Started process (PID=20054) to work on /opt/airflow/dags/minio_to_snowflake_dag.py
[2026-07-04T14:20:48.161+0000] {processor.py:830} INFO - Processing file /opt/airflow/dags/minio_to_snowflake_dag.py for tasks to queue
[2026-07-04T14:20:48.163+0000] {logging_mixin.py:188} INFO - [2026-07-04T14:20:48.163+0000] {dagbag.py:545} INFO - Filling up the DagBag from /opt/airflow/dags/minio_to_snowflake_dag.py
[2026-07-04T14:20:49.367+0000] {processor.py:840} INFO - DAG(s) 'minio_to_snowflake_ecommerce' retrieved from /opt/airflow/dags/minio_to_snowflake_dag.py
[2026-07-04T14:20:49.410+0000] {logging_mixin.py:188} INFO - [2026-07-04T14:20:49.410+0000] {dag.py:3089} INFO - Sync 1 DAGs
[2026-07-04T14:20:49.442+0000] {logging_mixin.py:188} INFO - [2026-07-04T14:20:49.442+0000] {dag.py:3947} INFO - Setting next_dagrun for minio_to_snowflake_ecommerce to 2026-07-04 14:19:00+00:00, run_after=2026-07-04 14:20:00+00:00
[2026-07-04T14:20:49.467+0000] {processor.py:183} INFO - Processing /opt/airflow/dags/minio_to_snowflake_dag.py took 1.314 seconds
[2026-07-04T14:21:19.760+0000] {processor.py:161} INFO - Started process (PID=20161) to work on /opt/airflow/dags/minio_to_snowflake_dag.py
[2026-07-04T14:21:19.762+0000] {processor.py:830} INFO - Processing file /opt/airflow/dags/minio_to_snowflake_dag.py for tasks to queue
[2026-07-04T14:21:19.765+0000] {logging_mixin.py:188} INFO - [2026-07-04T14:21:19.764+0000] {dagbag.py:545} INFO - Filling up the DagBag from /opt/airflow/dags/minio_to_snowflake_dag.py
[2026-07-04T14:21:20.608+0000] {processor.py:840} INFO - DAG(s) 'minio_to_snowflake_ecommerce' retrieved from /opt/airflow/dags/minio_to_snowflake_dag.py
[2026-07-04T14:21:20.642+0000] {logging_mixin.py:188} INFO - [2026-07-04T14:21:20.642+0000] {dag.py:3089} INFO - Sync 1 DAGs
[2026-07-04T14:21:20.679+0000] {logging_mixin.py:188} INFO - [2026-07-04T14:21:20.678+0000] {dag.py:3947} INFO - Setting next_dagrun for minio_to_snowflake_ecommerce to 2026-07-04 14:20:00+00:00, run_after=2026-07-04 14:21:00+00:00
[2026-07-04T14:21:20.708+0000] {processor.py:183} INFO - Processing /opt/airflow/dags/minio_to_snowflake_dag.py took 0.955 seconds
[2026-07-04T14:21:50.807+0000] {processor.py:161} INFO - Started process (PID=20262) to work on /opt/airflow/dags/minio_to_snowflake_dag.py
[2026-07-04T14:21:50.809+0000] {processor.py:830} INFO - Processing file /opt/airflow/dags/minio_to_snowflake_dag.py for tasks to queue
[2026-07-04T14:21:50.811+0000] {logging_mixin.py:188} INFO - [2026-07-04T14:21:50.810+0000] {dagbag.py:545} INFO - Filling up the DagBag from /opt/airflow/dags/minio_to_snowflake_dag.py
[2026-07-04T14:21:51.556+0000] {processor.py:840} INFO - DAG(s) 'minio_to_snowflake_ecommerce' retrieved from /opt/airflow/dags/minio_to_snowflake_dag.py
[2026-07-04T14:21:51.617+0000] {logging_mixin.py:188} INFO - [2026-07-04T14:21:51.616+0000] {dag.py:3089} INFO - Sync 1 DAGs
[2026-07-04T14:21:51.659+0000] {logging_mixin.py:188} INFO - [2026-07-04T14:21:51.659+0000] {dag.py:3947} INFO - Setting next_dagrun for minio_to_snowflake_ecommerce to 2026-07-04 14:20:00+00:00, run_after=2026-07-04 14:21:00+00:00
[2026-07-04T14:21:51.687+0000] {processor.py:183} INFO - Processing /opt/airflow/dags/minio_to_snowflake_dag.py took 0.886 seconds
[2026-07-04T14:22:22.032+0000] {processor.py:161} INFO - Started process (PID=20359) to work on /opt/airflow/dags/minio_to_snowflake_dag.py
[2026-07-04T14:22:22.036+0000] {processor.py:830} INFO - Processing file /opt/airflow/dags/minio_to_snowflake_dag.py for tasks to queue
[2026-07-04T14:22:22.046+0000] {logging_mixin.py:188} INFO - [2026-07-04T14:22:22.045+0000] {dagbag.py:545} INFO - Filling up the DagBag from /opt/airflow/dags/minio_to_snowflake_dag.py
[2026-07-04T14:22:23.959+0000] {processor.py:840} INFO - DAG(s) 'minio_to_snowflake_ecommerce' retrieved from /opt/airflow/dags/minio_to_snowflake_dag.py
[2026-07-04T14:22:24.033+0000] {logging_mixin.py:188} INFO - [2026-07-04T14:22:24.032+0000] {dag.py:3089} INFO - Sync 1 DAGs
[2026-07-04T14:22:24.081+0000] {logging_mixin.py:188} INFO - [2026-07-04T14:22:24.081+0000] {dag.py:3947} INFO - Setting next_dagrun for minio_to_snowflake_ecommerce to 2026-07-04 14:21:00+00:00, run_after=2026-07-04 14:22:00+00:00
[2026-07-04T14:22:24.115+0000] {processor.py:183} INFO - Processing /opt/airflow/dags/minio_to_snowflake_dag.py took 2.136 seconds
[2026-07-04T14:22:54.330+0000] {processor.py:161} INFO - Started process (PID=20467) to work on /opt/airflow/dags/minio_to_snowflake_dag.py
[2026-07-04T14:22:54.334+0000] {processor.py:830} INFO - Processing file /opt/airflow/dags/minio_to_snowflake_dag.py for tasks to queue
[2026-07-04T14:22:54.337+0000] {logging_mixin.py:188} INFO - [2026-07-04T14:22:54.336+0000] {dagbag.py:545} INFO - Filling up the DagBag from /opt/airflow/dags/minio_to_snowflake_dag.py
[2026-07-04T14:22:55.197+0000] {processor.py:840} INFO - DAG(s) 'minio_to_snowflake_ecommerce' retrieved from /opt/airflow/dags/minio_to_snowflake_dag.py
[2026-07-04T14:22:55.235+0000] {logging_mixin.py:188} INFO - [2026-07-04T14:22:55.234+0000] {dag.py:3089} INFO - Sync 1 DAGs
[2026-07-04T14:22:55.269+0000] {logging_mixin.py:188} INFO - [2026-07-04T14:22:55.269+0000] {dag.py:3947} INFO - Setting next_dagrun for minio_to_snowflake_ecommerce to 2026-07-04 14:21:00+00:00, run_after=2026-07-04 14:22:00+00:00
[2026-07-04T14:22:55.292+0000] {processor.py:183} INFO - Processing /opt/airflow/dags/minio_to_snowflake_dag.py took 0.972 seconds
[2026-07-04T14:23:25.600+0000] {processor.py:161} INFO - Started process (PID=20567) to work on /opt/airflow/dags/minio_to_snowflake_dag.py
[2026-07-04T14:23:25.601+0000] {processor.py:830} INFO - Processing file /opt/airflow/dags/minio_to_snowflake_dag.py for tasks to queue
[2026-07-04T14:23:25.603+0000] {logging_mixin.py:188} INFO - [2026-07-04T14:23:25.603+0000] {dagbag.py:545} INFO - Filling up the DagBag from /opt/airflow/dags/minio_to_snowflake_dag.py
[2026-07-04T14:23:26.362+0000] {processor.py:840} INFO - DAG(s) 'minio_to_snowflake_ecommerce' retrieved from /opt/airflow/dags/minio_to_snowflake_dag.py
[2026-07-04T14:23:26.387+0000] {logging_mixin.py:188} INFO - [2026-07-04T14:23:26.386+0000] {dag.py:3089} INFO - Sync 1 DAGs
[2026-07-04T14:23:26.415+0000] {logging_mixin.py:188} INFO - [2026-07-04T14:23:26.415+0000] {dag.py:3947} INFO - Setting next_dagrun for minio_to_snowflake_ecommerce to 2026-07-04 14:22:00+00:00, run_after=2026-07-04 14:23:00+00:00
[2026-07-04T14:23:26.445+0000] {processor.py:183} INFO - Processing /opt/airflow/dags/minio_to_snowflake_dag.py took 0.857 seconds
[2026-07-04T14:23:56.803+0000] {processor.py:161} INFO - Started process (PID=20666) to work on /opt/airflow/dags/minio_to_snowflake_dag.py
[2026-07-04T14:23:56.804+0000] {processor.py:830} INFO - Processing file /opt/airflow/dags/minio_to_snowflake_dag.py for tasks to queue
[2026-07-04T14:23:56.807+0000] {logging_mixin.py:188} INFO - [2026-07-04T14:23:56.806+0000] {dagbag.py:545} INFO - Filling up the DagBag from /opt/airflow/dags/minio_to_snowflake_dag.py
[2026-07-04T14:23:57.738+0000] {processor.py:840} INFO - DAG(s) 'minio_to_snowflake_ecommerce' retrieved from /opt/airflow/dags/minio_to_snowflake_dag.py
[2026-07-04T14:23:57.848+0000] {logging_mixin.py:188} INFO - [2026-07-04T14:23:57.847+0000] {dag.py:3089} INFO - Sync 1 DAGs
[2026-07-04T14:23:57.905+0000] {logging_mixin.py:188} INFO - [2026-07-04T14:23:57.905+0000] {dag.py:3947} INFO - Setting next_dagrun for minio_to_snowflake_ecommerce to 2026-07-04 14:22:00+00:00, run_after=2026-07-04 14:23:00+00:00
[2026-07-04T14:23:57.936+0000] {processor.py:183} INFO - Processing /opt/airflow/dags/minio_to_snowflake_dag.py took 1.144 seconds
[2026-07-04T14:24:28.078+0000] {processor.py:161} INFO - Started process (PID=20764) to work on /opt/airflow/dags/minio_to_snowflake_dag.py
[2026-07-04T14:24:28.080+0000] {processor.py:830} INFO - Processing file /opt/airflow/dags/minio_to_snowflake_dag.py for tasks to queue
[2026-07-04T14:24:28.087+0000] {logging_mixin.py:188} INFO - [2026-07-04T14:24:28.086+0000] {dagbag.py:545} INFO - Filling up the DagBag from /opt/airflow/dags/minio_to_snowflake_dag.py
[2026-07-04T14:24:29.041+0000] {processor.py:840} INFO - DAG(s) 'minio_to_snowflake_ecommerce' retrieved from /opt/airflow/dags/minio_to_snowflake_dag.py
[2026-07-04T14:24:29.068+0000] {logging_mixin.py:188} INFO - [2026-07-04T14:24:29.068+0000] {dag.py:3089} INFO - Sync 1 DAGs
[2026-07-04T14:24:29.097+0000] {logging_mixin.py:188} INFO - [2026-07-04T14:24:29.096+0000] {dag.py:3947} INFO - Setting next_dagrun for minio_to_snowflake_ecommerce to 2026-07-04 14:23:00+00:00, run_after=2026-07-04 14:24:00+00:00
[2026-07-04T14:24:29.121+0000] {processor.py:183} INFO - Processing /opt/airflow/dags/minio_to_snowflake_dag.py took 1.058 seconds
[2026-07-04T14:24:59.367+0000] {processor.py:161} INFO - Started process (PID=20857) to work on /opt/airflow/dags/minio_to_snowflake_dag.py
[2026-07-04T14:24:59.368+0000] {processor.py:830} INFO - Processing file /opt/airflow/dags/minio_to_snowflake_dag.py for tasks to queue
[2026-07-04T14:24:59.370+0000] {logging_mixin.py:188} INFO - [2026-07-04T14:24:59.370+0000] {dagbag.py:545} INFO - Filling up the DagBag from /opt/airflow/dags/minio_to_snowflake_dag.py
[2026-07-04T14:25:00.182+0000] {processor.py:840} INFO - DAG(s) 'minio_to_snowflake_ecommerce' retrieved from /opt/airflow/dags/minio_to_snowflake_dag.py
[2026-07-04T14:25:00.300+0000] {logging_mixin.py:188} INFO - [2026-07-04T14:25:00.298+0000] {dag.py:3089} INFO - Sync 1 DAGs
[2026-07-04T14:25:00.413+0000] {logging_mixin.py:188} INFO - [2026-07-04T14:25:00.412+0000] {dag.py:3947} INFO - Setting next_dagrun for minio_to_snowflake_ecommerce to 2026-07-04 14:24:00+00:00, run_after=2026-07-04 14:25:00+00:00
[2026-07-04T14:25:00.457+0000] {processor.py:183} INFO - Processing /opt/airflow/dags/minio_to_snowflake_dag.py took 1.101 seconds
[2026-07-04T14:25:30.695+0000] {processor.py:161} INFO - Started process (PID=20877) to work on /opt/airflow/dags/minio_to_snowflake_dag.py
[2026-07-04T14:25:30.697+0000] {processor.py:830} INFO - Processing file /opt/airflow/dags/minio_to_snowflake_dag.py for tasks to queue
[2026-07-04T14:25:30.702+0000] {logging_mixin.py:188} INFO - [2026-07-04T14:25:30.700+0000] {dagbag.py:545} INFO - Filling up the DagBag from /opt/airflow/dags/minio_to_snowflake_dag.py
[2026-07-04T14:25:31.972+0000] {processor.py:840} INFO - DAG(s) 'minio_to_snowflake_ecommerce' retrieved from /opt/airflow/dags/minio_to_snowflake_dag.py
[2026-07-04T14:25:32.314+0000] {logging_mixin.py:188} INFO - [2026-07-04T14:25:32.313+0000] {dag.py:3089} INFO - Sync 1 DAGs
[2026-07-04T14:25:32.337+0000] {logging_mixin.py:188} INFO - [2026-07-04T14:25:32.336+0000] {dag.py:3111} INFO - Creating ORM DAG for minio_to_snowflake_ecommerce
[2026-07-04T14:25:32.367+0000] {logging_mixin.py:188} INFO - [2026-07-04T14:25:32.366+0000] {dag.py:3947} INFO - Setting next_dagrun for minio_to_snowflake_ecommerce to 2026-07-04 14:24:00+00:00, run_after=2026-07-04 14:25:00+00:00
[2026-07-04T14:25:32.403+0000] {processor.py:183} INFO - Processing /opt/airflow/dags/minio_to_snowflake_dag.py took 1.727 seconds
[2026-07-04T14:25:36.836+0000] {processor.py:161} INFO - Started process (PID=20881) to work on /opt/airflow/dags/minio_to_snowflake_dag.py
[2026-07-04T14:25:36.838+0000] {processor.py:830} INFO - Processing file /opt/airflow/dags/minio_to_snowflake_dag.py for tasks to queue
[2026-07-04T14:25:36.843+0000] {logging_mixin.py:188} INFO - [2026-07-04T14:25:36.842+0000] {dagbag.py:545} INFO - Filling up the DagBag from /opt/airflow/dags/minio_to_snowflake_dag.py
[2026-07-04T14:25:37.127+0000] {logging_mixin.py:188} INFO - [2026-07-04T14:25:37.114+0000] {dagbag.py:355} ERROR - Failed to import: /opt/airflow/dags/minio_to_snowflake_dag.py
Traceback (most recent call last):
  File "/home/airflow/.local/lib/python3.12/site-packages/airflow/models/dagbag.py", line 351, in parse
    loader.exec_module(new_module)
  File "<frozen importlib._bootstrap_external>", line 995, in exec_module
  File "<frozen importlib._bootstrap>", line 488, in _call_with_frames_removed
  File "/opt/airflow/dags/minio_to_snowflake_dag.py", line 3, in <module>
    import snowflake.connecto
ModuleNotFoundError: No module named 'snowflake.connecto'
[2026-07-04T14:25:37.131+0000] {processor.py:842} WARNING - No viable dags retrieved from /opt/airflow/dags/minio_to_snowflake_dag.py
[2026-07-04T14:25:37.188+0000] {processor.py:183} INFO - Processing /opt/airflow/dags/minio_to_snowflake_dag.py took 0.376 seconds
[2026-07-04T14:25:39.919+0000] {processor.py:161} INFO - Started process (PID=20882) to work on /opt/airflow/dags/minio_to_snowflake_dag.py
[2026-07-04T14:25:39.922+0000] {processor.py:830} INFO - Processing file /opt/airflow/dags/minio_to_snowflake_dag.py for tasks to queue
[2026-07-04T14:25:39.930+0000] {logging_mixin.py:188} INFO - [2026-07-04T14:25:39.928+0000] {dagbag.py:545} INFO - Filling up the DagBag from /opt/airflow/dags/minio_to_snowflake_dag.py
[2026-07-04T14:25:41.725+0000] {processor.py:840} INFO - DAG(s) 'minio_to_snowflake_ecommerce' retrieved from /opt/airflow/dags/minio_to_snowflake_dag.py
[2026-07-04T14:25:41.754+0000] {logging_mixin.py:188} INFO - [2026-07-04T14:25:41.753+0000] {dag.py:3089} INFO - Sync 1 DAGs
[2026-07-04T14:25:41.814+0000] {logging_mixin.py:188} INFO - [2026-07-04T14:25:41.814+0000] {dag.py:3947} INFO - Setting next_dagrun for minio_to_snowflake_ecommerce to 2026-07-04 14:24:00+00:00, run_after=2026-07-04 14:25:00+00:00
[2026-07-04T14:25:41.865+0000] {processor.py:183} INFO - Processing /opt/airflow/dags/minio_to_snowflake_dag.py took 1.971 seconds
[2026-07-04T14:26:12.216+0000] {processor.py:161} INFO - Started process (PID=20899) to work on /opt/airflow/dags/minio_to_snowflake_dag.py
[2026-07-04T14:26:12.220+0000] {processor.py:830} INFO - Processing file /opt/airflow/dags/minio_to_snowflake_dag.py for tasks to queue
[2026-07-04T14:26:12.226+0000] {logging_mixin.py:188} INFO - [2026-07-04T14:26:12.225+0000] {dagbag.py:545} INFO - Filling up the DagBag from /opt/airflow/dags/minio_to_snowflake_dag.py
[2026-07-04T14:26:14.060+0000] {processor.py:840} INFO - DAG(s) 'minio_to_snowflake_ecommerce' retrieved from /opt/airflow/dags/minio_to_snowflake_dag.py
[2026-07-04T14:26:14.108+0000] {logging_mixin.py:188} INFO - [2026-07-04T14:26:14.107+0000] {dag.py:3089} INFO - Sync 1 DAGs
[2026-07-04T14:26:14.155+0000] {logging_mixin.py:188} INFO - [2026-07-04T14:26:14.155+0000] {dag.py:3947} INFO - Setting next_dagrun for minio_to_snowflake_ecommerce to 2026-07-04 14:26:00+00:00, run_after=2026-07-04 14:27:00+00:00
[2026-07-04T14:26:14.194+0000] {processor.py:183} INFO - Processing /opt/airflow/dags/minio_to_snowflake_dag.py took 1.999 seconds
[2026-07-04T14:26:44.499+0000] {processor.py:161} INFO - Started process (PID=20906) to work on /opt/airflow/dags/minio_to_snowflake_dag.py
[2026-07-04T14:26:44.500+0000] {processor.py:830} INFO - Processing file /opt/airflow/dags/minio_to_snowflake_dag.py for tasks to queue
[2026-07-04T14:26:44.503+0000] {logging_mixin.py:188} INFO - [2026-07-04T14:26:44.502+0000] {dagbag.py:545} INFO - Filling up the DagBag from /opt/airflow/dags/minio_to_snowflake_dag.py
[2026-07-04T14:26:45.879+0000] {processor.py:840} INFO - DAG(s) 'minio_to_snowflake_ecommerce' retrieved from /opt/airflow/dags/minio_to_snowflake_dag.py
[2026-07-04T14:26:45.931+0000] {logging_mixin.py:188} INFO - [2026-07-04T14:26:45.930+0000] {dag.py:3089} INFO - Sync 1 DAGs
[2026-07-04T14:26:45.981+0000] {logging_mixin.py:188} INFO - [2026-07-04T14:26:45.980+0000] {dag.py:3947} INFO - Setting next_dagrun for minio_to_snowflake_ecommerce to 2026-07-04 14:26:00+00:00, run_after=2026-07-04 14:27:00+00:00
[2026-07-04T14:26:46.015+0000] {processor.py:183} INFO - Processing /opt/airflow/dags/minio_to_snowflake_dag.py took 1.525 seconds
[2026-07-04T14:27:16.491+0000] {processor.py:161} INFO - Started process (PID=20922) to work on /opt/airflow/dags/minio_to_snowflake_dag.py
[2026-07-04T14:27:16.494+0000] {processor.py:830} INFO - Processing file /opt/airflow/dags/minio_to_snowflake_dag.py for tasks to queue
[2026-07-04T14:27:16.498+0000] {logging_mixin.py:188} INFO - [2026-07-04T14:27:16.497+0000] {dagbag.py:545} INFO - Filling up the DagBag from /opt/airflow/dags/minio_to_snowflake_dag.py
[2026-07-04T14:27:17.778+0000] {processor.py:840} INFO - DAG(s) 'minio_to_snowflake_ecommerce' retrieved from /opt/airflow/dags/minio_to_snowflake_dag.py
[2026-07-04T14:27:17.822+0000] {logging_mixin.py:188} INFO - [2026-07-04T14:27:17.821+0000] {dag.py:3089} INFO - Sync 1 DAGs
[2026-07-04T14:27:17.866+0000] {logging_mixin.py:188} INFO - [2026-07-04T14:27:17.866+0000] {dag.py:3947} INFO - Setting next_dagrun for minio_to_snowflake_ecommerce to 2026-07-04 14:27:00+00:00, run_after=2026-07-04 14:28:00+00:00
[2026-07-04T14:27:17.906+0000] {processor.py:183} INFO - Processing /opt/airflow/dags/minio_to_snowflake_dag.py took 1.510 seconds
[2026-07-04T14:27:48.017+0000] {processor.py:161} INFO - Started process (PID=20938) to work on /opt/airflow/dags/minio_to_snowflake_dag.py
[2026-07-04T14:27:48.018+0000] {processor.py:830} INFO - Processing file /opt/airflow/dags/minio_to_snowflake_dag.py for tasks to queue
[2026-07-04T14:27:48.021+0000] {logging_mixin.py:188} INFO - [2026-07-04T14:27:48.020+0000] {dagbag.py:545} INFO - Filling up the DagBag from /opt/airflow/dags/minio_to_snowflake_dag.py
[2026-07-04T14:27:48.731+0000] {processor.py:840} INFO - DAG(s) 'minio_to_snowflake_ecommerce' retrieved from /opt/airflow/dags/minio_to_snowflake_dag.py
[2026-07-04T14:27:48.758+0000] {logging_mixin.py:188} INFO - [2026-07-04T14:27:48.758+0000] {dag.py:3089} INFO - Sync 1 DAGs
[2026-07-04T14:27:48.786+0000] {logging_mixin.py:188} INFO - [2026-07-04T14:27:48.785+0000] {dag.py:3947} INFO - Setting next_dagrun for minio_to_snowflake_ecommerce to 2026-07-04 14:27:00+00:00, run_after=2026-07-04 14:28:00+00:00
[2026-07-04T14:27:48.807+0000] {processor.py:183} INFO - Processing /opt/airflow/dags/minio_to_snowflake_dag.py took 0.797 seconds
[2026-07-04T14:28:19.142+0000] {processor.py:161} INFO - Started process (PID=20958) to work on /opt/airflow/dags/minio_to_snowflake_dag.py
[2026-07-04T14:28:19.144+0000] {processor.py:830} INFO - Processing file /opt/airflow/dags/minio_to_snowflake_dag.py for tasks to queue
[2026-07-04T14:28:19.146+0000] {logging_mixin.py:188} INFO - [2026-07-04T14:28:19.145+0000] {dagbag.py:545} INFO - Filling up the DagBag from /opt/airflow/dags/minio_to_snowflake_dag.py
[2026-07-04T14:28:19.819+0000] {processor.py:840} INFO - DAG(s) 'minio_to_snowflake_ecommerce' retrieved from /opt/airflow/dags/minio_to_snowflake_dag.py
[2026-07-04T14:28:19.843+0000] {logging_mixin.py:188} INFO - [2026-07-04T14:28:19.843+0000] {dag.py:3089} INFO - Sync 1 DAGs
[2026-07-04T14:28:19.867+0000] {logging_mixin.py:188} INFO - [2026-07-04T14:28:19.867+0000] {dag.py:3947} INFO - Setting next_dagrun for minio_to_snowflake_ecommerce to 2026-07-04 14:28:00+00:00, run_after=2026-07-04 14:29:00+00:00
[2026-07-04T14:28:19.888+0000] {processor.py:183} INFO - Processing /opt/airflow/dags/minio_to_snowflake_dag.py took 0.752 seconds
[2026-07-04T14:28:50.249+0000] {processor.py:161} INFO - Started process (PID=20962) to work on /opt/airflow/dags/minio_to_snowflake_dag.py
[2026-07-04T14:28:50.251+0000] {processor.py:830} INFO - Processing file /opt/airflow/dags/minio_to_snowflake_dag.py for tasks to queue
[2026-07-04T14:28:50.255+0000] {logging_mixin.py:188} INFO - [2026-07-04T14:28:50.253+0000] {dagbag.py:545} INFO - Filling up the DagBag from /opt/airflow/dags/minio_to_snowflake_dag.py
[2026-07-04T14:28:51.098+0000] {processor.py:840} INFO - DAG(s) 'minio_to_snowflake_ecommerce' retrieved from /opt/airflow/dags/minio_to_snowflake_dag.py
[2026-07-04T14:28:51.138+0000] {logging_mixin.py:188} INFO - [2026-07-04T14:28:51.138+0000] {dag.py:3089} INFO - Sync 1 DAGs
[2026-07-04T14:28:51.173+0000] {logging_mixin.py:188} INFO - [2026-07-04T14:28:51.173+0000] {dag.py:3947} INFO - Setting next_dagrun for minio_to_snowflake_ecommerce to 2026-07-04 14:28:00+00:00, run_after=2026-07-04 14:29:00+00:00
[2026-07-04T14:28:51.199+0000] {processor.py:183} INFO - Processing /opt/airflow/dags/minio_to_snowflake_dag.py took 0.963 seconds
[2026-07-04T14:29:21.530+0000] {processor.py:161} INFO - Started process (PID=20966) to work on /opt/airflow/dags/minio_to_snowflake_dag.py
[2026-07-04T14:29:21.532+0000] {processor.py:830} INFO - Processing file /opt/airflow/dags/minio_to_snowflake_dag.py for tasks to queue
[2026-07-04T14:29:21.535+0000] {logging_mixin.py:188} INFO - [2026-07-04T14:29:21.535+0000] {dagbag.py:545} INFO - Filling up the DagBag from /opt/airflow/dags/minio_to_snowflake_dag.py
[2026-07-04T14:29:22.735+0000] {processor.py:840} INFO - DAG(s) 'minio_to_snowflake_ecommerce' retrieved from /opt/airflow/dags/minio_to_snowflake_dag.py
[2026-07-04T14:29:22.767+0000] {logging_mixin.py:188} INFO - [2026-07-04T14:29:22.767+0000] {dag.py:3089} INFO - Sync 1 DAGs
[2026-07-04T14:29:22.800+0000] {logging_mixin.py:188} INFO - [2026-07-04T14:29:22.800+0000] {dag.py:3947} INFO - Setting next_dagrun for minio_to_snowflake_ecommerce to 2026-07-04 14:28:00+00:00, run_after=2026-07-04 14:29:00+00:00
[2026-07-04T14:29:22.838+0000] {processor.py:183} INFO - Processing /opt/airflow/dags/minio_to_snowflake_dag.py took 1.316 seconds
[2026-07-04T14:29:46.112+0000] {processor.py:161} INFO - Started process (PID=20970) to work on /opt/airflow/dags/minio_to_snowflake_dag.py
[2026-07-04T14:29:46.114+0000] {processor.py:830} INFO - Processing file /opt/airflow/dags/minio_to_snowflake_dag.py for tasks to queue
[2026-07-04T14:29:46.116+0000] {logging_mixin.py:188} INFO - [2026-07-04T14:29:46.116+0000] {dagbag.py:545} INFO - Filling up the DagBag from /opt/airflow/dags/minio_to_snowflake_dag.py
[2026-07-04T14:29:46.894+0000] {processor.py:840} INFO - DAG(s) 'minio_to_snowflake_ecommerce' retrieved from /opt/airflow/dags/minio_to_snowflake_dag.py
[2026-07-04T14:29:47.025+0000] {logging_mixin.py:188} INFO - [2026-07-04T14:29:47.024+0000] {dag.py:3089} INFO - Sync 1 DAGs
[2026-07-04T14:29:47.036+0000] {logging_mixin.py:188} INFO - [2026-07-04T14:29:47.036+0000] {dag.py:3111} INFO - Creating ORM DAG for minio_to_snowflake_ecommerce
[2026-07-04T14:29:47.058+0000] {logging_mixin.py:188} INFO - [2026-07-04T14:29:47.058+0000] {dag.py:3947} INFO - Setting next_dagrun for minio_to_snowflake_ecommerce to 2026-07-04 14:28:00+00:00, run_after=2026-07-04 14:29:00+00:00
[2026-07-04T14:29:47.082+0000] {processor.py:183} INFO - Processing /opt/airflow/dags/minio_to_snowflake_dag.py took 0.979 seconds
[2026-07-04T14:30:17.350+0000] {processor.py:161} INFO - Started process (PID=22559) to work on /opt/airflow/dags/minio_to_snowflake_dag.py
[2026-07-04T14:30:17.355+0000] {processor.py:830} INFO - Processing file /opt/airflow/dags/minio_to_snowflake_dag.py for tasks to queue
[2026-07-04T14:30:17.367+0000] {logging_mixin.py:188} INFO - [2026-07-04T14:30:17.365+0000] {dagbag.py:545} INFO - Filling up the DagBag from /opt/airflow/dags/minio_to_snowflake_dag.py
[2026-07-04T14:30:20.218+0000] {processor.py:840} INFO - DAG(s) 'minio_to_snowflake_ecommerce' retrieved from /opt/airflow/dags/minio_to_snowflake_dag.py
[2026-07-04T14:30:20.319+0000] {logging_mixin.py:188} INFO - [2026-07-04T14:30:20.318+0000] {dag.py:3089} INFO - Sync 1 DAGs
[2026-07-04T14:30:20.394+0000] {logging_mixin.py:188} INFO - [2026-07-04T14:30:20.394+0000] {dag.py:3947} INFO - Setting next_dagrun for minio_to_snowflake_ecommerce to 2026-07-04 14:29:00+00:00, run_after=2026-07-04 14:30:00+00:00
[2026-07-04T14:30:20.437+0000] {processor.py:183} INFO - Processing /opt/airflow/dags/minio_to_snowflake_dag.py took 3.118 seconds
[2026-07-04T14:30:50.748+0000] {processor.py:161} INFO - Started process (PID=24511) to work on /opt/airflow/dags/minio_to_snowflake_dag.py
[2026-07-04T14:30:50.752+0000] {processor.py:830} INFO - Processing file /opt/airflow/dags/minio_to_snowflake_dag.py for tasks to queue
[2026-07-04T14:30:50.763+0000] {logging_mixin.py:188} INFO - [2026-07-04T14:30:50.761+0000] {dagbag.py:545} INFO - Filling up the DagBag from /opt/airflow/dags/minio_to_snowflake_dag.py
[2026-07-04T14:30:54.701+0000] {processor.py:840} INFO - DAG(s) 'minio_to_snowflake_ecommerce' retrieved from /opt/airflow/dags/minio_to_snowflake_dag.py
[2026-07-04T14:30:54.824+0000] {logging_mixin.py:188} INFO - [2026-07-04T14:30:54.823+0000] {dag.py:3089} INFO - Sync 1 DAGs
[2026-07-04T14:30:54.909+0000] {logging_mixin.py:188} INFO - [2026-07-04T14:30:54.908+0000] {dag.py:3947} INFO - Setting next_dagrun for minio_to_snowflake_ecommerce to 2026-07-04 14:29:00+00:00, run_after=2026-07-04 14:30:00+00:00
[2026-07-04T14:30:54.965+0000] {processor.py:183} INFO - Processing /opt/airflow/dags/minio_to_snowflake_dag.py took 4.296 seconds
[2026-07-04T14:31:25.123+0000] {processor.py:161} INFO - Started process (PID=25897) to work on /opt/airflow/dags/minio_to_snowflake_dag.py
[2026-07-04T14:31:25.126+0000] {processor.py:830} INFO - Processing file /opt/airflow/dags/minio_to_snowflake_dag.py for tasks to queue
[2026-07-04T14:31:25.181+0000] {logging_mixin.py:188} INFO - [2026-07-04T14:31:25.179+0000] {dagbag.py:545} INFO - Filling up the DagBag from /opt/airflow/dags/minio_to_snowflake_dag.py
[2026-07-04T14:31:35.401+0000] {processor.py:840} INFO - DAG(s) 'minio_to_snowflake_ecommerce' retrieved from /opt/airflow/dags/minio_to_snowflake_dag.py
[2026-07-04T14:31:35.842+0000] {logging_mixin.py:188} INFO - [2026-07-04T14:31:35.840+0000] {dag.py:3089} INFO - Sync 1 DAGs
[2026-07-04T14:31:35.994+0000] {logging_mixin.py:188} INFO - [2026-07-04T14:31:35.993+0000] {dag.py:3947} INFO - Setting next_dagrun for minio_to_snowflake_ecommerce to 2026-07-04 14:30:00+00:00, run_after=2026-07-04 14:31:00+00:00
[2026-07-04T14:31:36.071+0000] {processor.py:183} INFO - Processing /opt/airflow/dags/minio_to_snowflake_dag.py took 10.986 seconds
[2026-07-04T14:32:06.631+0000] {processor.py:161} INFO - Started process (PID=27684) to work on /opt/airflow/dags/minio_to_snowflake_dag.py
[2026-07-04T14:32:06.635+0000] {processor.py:830} INFO - Processing file /opt/airflow/dags/minio_to_snowflake_dag.py for tasks to queue
[2026-07-04T14:32:06.643+0000] {logging_mixin.py:188} INFO - [2026-07-04T14:32:06.641+0000] {dagbag.py:545} INFO - Filling up the DagBag from /opt/airflow/dags/minio_to_snowflake_dag.py
[2026-07-04T14:32:09.198+0000] {processor.py:840} INFO - DAG(s) 'minio_to_snowflake_ecommerce' retrieved from /opt/airflow/dags/minio_to_snowflake_dag.py
[2026-07-04T14:32:09.303+0000] {logging_mixin.py:188} INFO - [2026-07-04T14:32:09.302+0000] {dag.py:3089} INFO - Sync 1 DAGs
[2026-07-04T14:32:09.385+0000] {logging_mixin.py:188} INFO - [2026-07-04T14:32:09.385+0000] {dag.py:3947} INFO - Setting next_dagrun for minio_to_snowflake_ecommerce to 2026-07-04 14:31:00+00:00, run_after=2026-07-04 14:32:00+00:00
[2026-07-04T14:32:09.433+0000] {processor.py:183} INFO - Processing /opt/airflow/dags/minio_to_snowflake_dag.py took 2.896 seconds
[2026-07-04T14:32:39.755+0000] {processor.py:161} INFO - Started process (PID=28903) to work on /opt/airflow/dags/minio_to_snowflake_dag.py
[2026-07-04T14:32:39.757+0000] {processor.py:830} INFO - Processing file /opt/airflow/dags/minio_to_snowflake_dag.py for tasks to queue
[2026-07-04T14:32:39.761+0000] {logging_mixin.py:188} INFO - [2026-07-04T14:32:39.761+0000] {dagbag.py:545} INFO - Filling up the DagBag from /opt/airflow/dags/minio_to_snowflake_dag.py
[2026-07-04T14:32:42.756+0000] {processor.py:840} INFO - DAG(s) 'minio_to_snowflake_ecommerce' retrieved from /opt/airflow/dags/minio_to_snowflake_dag.py
[2026-07-04T14:32:42.911+0000] {logging_mixin.py:188} INFO - [2026-07-04T14:32:42.909+0000] {dag.py:3089} INFO - Sync 1 DAGs
[2026-07-04T14:32:43.024+0000] {logging_mixin.py:188} INFO - [2026-07-04T14:32:43.024+0000] {dag.py:3947} INFO - Setting next_dagrun for minio_to_snowflake_ecommerce to 2026-07-04 14:32:00+00:00, run_after=2026-07-04 14:33:00+00:00
[2026-07-04T14:32:43.082+0000] {processor.py:183} INFO - Processing /opt/airflow/dags/minio_to_snowflake_dag.py took 3.348 seconds
[2026-07-04T14:33:13.309+0000] {processor.py:161} INFO - Started process (PID=30876) to work on /opt/airflow/dags/minio_to_snowflake_dag.py
[2026-07-04T14:33:13.312+0000] {processor.py:830} INFO - Processing file /opt/airflow/dags/minio_to_snowflake_dag.py for tasks to queue
[2026-07-04T14:33:13.318+0000] {logging_mixin.py:188} INFO - [2026-07-04T14:33:13.316+0000] {dagbag.py:545} INFO - Filling up the DagBag from /opt/airflow/dags/minio_to_snowflake_dag.py
[2026-07-04T14:33:15.933+0000] {processor.py:840} INFO - DAG(s) 'minio_to_snowflake_ecommerce' retrieved from /opt/airflow/dags/minio_to_snowflake_dag.py
[2026-07-04T14:33:16.002+0000] {logging_mixin.py:188} INFO - [2026-07-04T14:33:16.001+0000] {dag.py:3089} INFO - Sync 1 DAGs
[2026-07-04T14:33:16.060+0000] {logging_mixin.py:188} INFO - [2026-07-04T14:33:16.059+0000] {dag.py:3947} INFO - Setting next_dagrun for minio_to_snowflake_ecommerce to 2026-07-04 14:32:00+00:00, run_after=2026-07-04 14:33:00+00:00
[2026-07-04T14:33:16.108+0000] {processor.py:183} INFO - Processing /opt/airflow/dags/minio_to_snowflake_dag.py took 2.818 seconds
[2026-07-04T14:33:46.452+0000] {processor.py:161} INFO - Started process (PID=32596) to work on /opt/airflow/dags/minio_to_snowflake_dag.py
[2026-07-04T14:33:46.454+0000] {processor.py:830} INFO - Processing file /opt/airflow/dags/minio_to_snowflake_dag.py for tasks to queue
[2026-07-04T14:33:46.458+0000] {logging_mixin.py:188} INFO - [2026-07-04T14:33:46.457+0000] {dagbag.py:545} INFO - Filling up the DagBag from /opt/airflow/dags/minio_to_snowflake_dag.py
[2026-07-04T14:33:48.176+0000] {processor.py:840} INFO - DAG(s) 'minio_to_snowflake_ecommerce' retrieved from /opt/airflow/dags/minio_to_snowflake_dag.py
[2026-07-04T14:33:48.246+0000] {logging_mixin.py:188} INFO - [2026-07-04T14:33:48.245+0000] {dag.py:3089} INFO - Sync 1 DAGs
[2026-07-04T14:33:48.309+0000] {logging_mixin.py:188} INFO - [2026-07-04T14:33:48.308+0000] {dag.py:3947} INFO - Setting next_dagrun for minio_to_snowflake_ecommerce to 2026-07-04 14:32:00+00:00, run_after=2026-07-04 14:33:00+00:00
[2026-07-04T14:33:48.355+0000] {processor.py:183} INFO - Processing /opt/airflow/dags/minio_to_snowflake_dag.py took 1.916 seconds
[2026-07-04T14:34:18.919+0000] {processor.py:161} INFO - Started process (PID=34008) to work on /opt/airflow/dags/minio_to_snowflake_dag.py
[2026-07-04T14:34:18.924+0000] {processor.py:830} INFO - Processing file /opt/airflow/dags/minio_to_snowflake_dag.py for tasks to queue
[2026-07-04T14:34:18.933+0000] {logging_mixin.py:188} INFO - [2026-07-04T14:34:18.931+0000] {dagbag.py:545} INFO - Filling up the DagBag from /opt/airflow/dags/minio_to_snowflake_dag.py
[2026-07-04T14:34:22.095+0000] {processor.py:840} INFO - DAG(s) 'minio_to_snowflake_ecommerce' retrieved from /opt/airflow/dags/minio_to_snowflake_dag.py
[2026-07-04T14:34:22.318+0000] {logging_mixin.py:188} INFO - [2026-07-04T14:34:22.316+0000] {dag.py:3089} INFO - Sync 1 DAGs
[2026-07-04T14:34:22.482+0000] {logging_mixin.py:188} INFO - [2026-07-04T14:34:22.478+0000] {dag.py:3947} INFO - Setting next_dagrun for minio_to_snowflake_ecommerce to 2026-07-04 14:33:00+00:00, run_after=2026-07-04 14:34:00+00:00
[2026-07-04T14:34:22.598+0000] {processor.py:183} INFO - Processing /opt/airflow/dags/minio_to_snowflake_dag.py took 3.707 seconds
[2026-07-04T14:34:52.926+0000] {processor.py:161} INFO - Started process (PID=35087) to work on /opt/airflow/dags/minio_to_snowflake_dag.py
[2026-07-04T14:34:52.927+0000] {processor.py:830} INFO - Processing file /opt/airflow/dags/minio_to_snowflake_dag.py for tasks to queue
[2026-07-04T14:34:52.930+0000] {logging_mixin.py:188} INFO - [2026-07-04T14:34:52.930+0000] {dagbag.py:545} INFO - Filling up the DagBag from /opt/airflow/dags/minio_to_snowflake_dag.py
[2026-07-04T14:34:54.031+0000] {processor.py:840} INFO - DAG(s) 'minio_to_snowflake_ecommerce' retrieved from /opt/airflow/dags/minio_to_snowflake_dag.py
[2026-07-04T14:34:54.080+0000] {logging_mixin.py:188} INFO - [2026-07-04T14:34:54.079+0000] {dag.py:3089} INFO - Sync 1 DAGs
[2026-07-04T14:34:54.125+0000] {logging_mixin.py:188} INFO - [2026-07-04T14:34:54.124+0000] {dag.py:3947} INFO - Setting next_dagrun for minio_to_snowflake_ecommerce to 2026-07-04 14:33:00+00:00, run_after=2026-07-04 14:34:00+00:00
[2026-07-04T14:34:54.161+0000] {processor.py:183} INFO - Processing /opt/airflow/dags/minio_to_snowflake_dag.py took 1.245 seconds
[2026-07-04T14:35:24.452+0000] {processor.py:161} INFO - Started process (PID=35166) to work on /opt/airflow/dags/minio_to_snowflake_dag.py
[2026-07-04T14:35:24.455+0000] {processor.py:830} INFO - Processing file /opt/airflow/dags/minio_to_snowflake_dag.py for tasks to queue
[2026-07-04T14:35:24.460+0000] {logging_mixin.py:188} INFO - [2026-07-04T14:35:24.459+0000] {dagbag.py:545} INFO - Filling up the DagBag from /opt/airflow/dags/minio_to_snowflake_dag.py
[2026-07-04T14:35:25.994+0000] {processor.py:840} INFO - DAG(s) 'minio_to_snowflake_ecommerce' retrieved from /opt/airflow/dags/minio_to_snowflake_dag.py
[2026-07-04T14:35:26.063+0000] {logging_mixin.py:188} INFO - [2026-07-04T14:35:26.061+0000] {dag.py:3089} INFO - Sync 1 DAGs
[2026-07-04T14:35:26.173+0000] {logging_mixin.py:188} INFO - [2026-07-04T14:35:26.173+0000] {dag.py:3947} INFO - Setting next_dagrun for minio_to_snowflake_ecommerce to 2026-07-04 14:34:00+00:00, run_after=2026-07-04 14:35:00+00:00
[2026-07-04T14:35:26.247+0000] {processor.py:183} INFO - Processing /opt/airflow/dags/minio_to_snowflake_dag.py took 1.812 seconds
[2026-07-04T14:35:56.435+0000] {processor.py:161} INFO - Started process (PID=35247) to work on /opt/airflow/dags/minio_to_snowflake_dag.py
[2026-07-04T14:35:56.437+0000] {processor.py:830} INFO - Processing file /opt/airflow/dags/minio_to_snowflake_dag.py for tasks to queue
[2026-07-04T14:35:56.440+0000] {logging_mixin.py:188} INFO - [2026-07-04T14:35:56.439+0000] {dagbag.py:545} INFO - Filling up the DagBag from /opt/airflow/dags/minio_to_snowflake_dag.py
[2026-07-04T14:35:57.310+0000] {processor.py:840} INFO - DAG(s) 'minio_to_snowflake_ecommerce' retrieved from /opt/airflow/dags/minio_to_snowflake_dag.py
[2026-07-04T14:35:57.359+0000] {logging_mixin.py:188} INFO - [2026-07-04T14:35:57.358+0000] {dag.py:3089} INFO - Sync 1 DAGs
[2026-07-04T14:35:57.390+0000] {logging_mixin.py:188} INFO - [2026-07-04T14:35:57.389+0000] {dag.py:3947} INFO - Setting next_dagrun for minio_to_snowflake_ecommerce to 2026-07-04 14:34:00+00:00, run_after=2026-07-04 14:35:00+00:00
[2026-07-04T14:35:57.420+0000] {processor.py:183} INFO - Processing /opt/airflow/dags/minio_to_snowflake_dag.py took 0.993 seconds
[2026-07-04T14:36:27.783+0000] {processor.py:161} INFO - Started process (PID=35326) to work on /opt/airflow/dags/minio_to_snowflake_dag.py
[2026-07-04T14:36:27.789+0000] {processor.py:830} INFO - Processing file /opt/airflow/dags/minio_to_snowflake_dag.py for tasks to queue
[2026-07-04T14:36:27.798+0000] {logging_mixin.py:188} INFO - [2026-07-04T14:36:27.797+0000] {dagbag.py:545} INFO - Filling up the DagBag from /opt/airflow/dags/minio_to_snowflake_dag.py
[2026-07-04T14:36:30.278+0000] {processor.py:840} INFO - DAG(s) 'minio_to_snowflake_ecommerce' retrieved from /opt/airflow/dags/minio_to_snowflake_dag.py
[2026-07-04T14:36:30.349+0000] {logging_mixin.py:188} INFO - [2026-07-04T14:36:30.348+0000] {dag.py:3089} INFO - Sync 1 DAGs
[2026-07-04T14:36:30.416+0000] {logging_mixin.py:188} INFO - [2026-07-04T14:36:30.416+0000] {dag.py:3947} INFO - Setting next_dagrun for minio_to_snowflake_ecommerce to 2026-07-04 14:35:00+00:00, run_after=2026-07-04 14:36:00+00:00
[2026-07-04T14:36:30.470+0000] {processor.py:183} INFO - Processing /opt/airflow/dags/minio_to_snowflake_dag.py took 2.721 seconds
[2026-07-04T14:37:00.851+0000] {processor.py:161} INFO - Started process (PID=35409) to work on /opt/airflow/dags/minio_to_snowflake_dag.py
[2026-07-04T14:37:00.852+0000] {processor.py:830} INFO - Processing file /opt/airflow/dags/minio_to_snowflake_dag.py for tasks to queue
[2026-07-04T14:37:00.854+0000] {logging_mixin.py:188} INFO - [2026-07-04T14:37:00.854+0000] {dagbag.py:545} INFO - Filling up the DagBag from /opt/airflow/dags/minio_to_snowflake_dag.py
[2026-07-04T14:37:01.659+0000] {processor.py:840} INFO - DAG(s) 'minio_to_snowflake_ecommerce' retrieved from /opt/airflow/dags/minio_to_snowflake_dag.py
[2026-07-04T14:37:01.687+0000] {logging_mixin.py:188} INFO - [2026-07-04T14:37:01.686+0000] {dag.py:3089} INFO - Sync 1 DAGs
[2026-07-04T14:37:01.715+0000] {logging_mixin.py:188} INFO - [2026-07-04T14:37:01.715+0000] {dag.py:3947} INFO - Setting next_dagrun for minio_to_snowflake_ecommerce to 2026-07-04 14:36:00+00:00, run_after=2026-07-04 14:37:00+00:00
[2026-07-04T14:37:01.738+0000] {processor.py:183} INFO - Processing /opt/airflow/dags/minio_to_snowflake_dag.py took 0.895 seconds
[2026-07-04T14:37:32.060+0000] {processor.py:161} INFO - Started process (PID=35485) to work on /opt/airflow/dags/minio_to_snowflake_dag.py
[2026-07-04T14:37:32.061+0000] {processor.py:830} INFO - Processing file /opt/airflow/dags/minio_to_snowflake_dag.py for tasks to queue
[2026-07-04T14:37:32.064+0000] {logging_mixin.py:188} INFO - [2026-07-04T14:37:32.063+0000] {dagbag.py:545} INFO - Filling up the DagBag from /opt/airflow/dags/minio_to_snowflake_dag.py
[2026-07-04T14:37:32.778+0000] {processor.py:840} INFO - DAG(s) 'minio_to_snowflake_ecommerce' retrieved from /opt/airflow/dags/minio_to_snowflake_dag.py
[2026-07-04T14:37:32.804+0000] {logging_mixin.py:188} INFO - [2026-07-04T14:37:32.803+0000] {dag.py:3089} INFO - Sync 1 DAGs
[2026-07-04T14:37:32.829+0000] {logging_mixin.py:188} INFO - [2026-07-04T14:37:32.829+0000] {dag.py:3947} INFO - Setting next_dagrun for minio_to_snowflake_ecommerce to 2026-07-04 14:36:00+00:00, run_after=2026-07-04 14:37:00+00:00
[2026-07-04T14:37:32.851+0000] {processor.py:183} INFO - Processing /opt/airflow/dags/minio_to_snowflake_dag.py took 0.797 seconds
[2026-07-04T14:38:03.167+0000] {processor.py:161} INFO - Started process (PID=35559) to work on /opt/airflow/dags/minio_to_snowflake_dag.py
[2026-07-04T14:38:03.169+0000] {processor.py:830} INFO - Processing file /opt/airflow/dags/minio_to_snowflake_dag.py for tasks to queue
[2026-07-04T14:38:03.171+0000] {logging_mixin.py:188} INFO - [2026-07-04T14:38:03.171+0000] {dagbag.py:545} INFO - Filling up the DagBag from /opt/airflow/dags/minio_to_snowflake_dag.py
[2026-07-04T14:38:03.927+0000] {processor.py:840} INFO - DAG(s) 'minio_to_snowflake_ecommerce' retrieved from /opt/airflow/dags/minio_to_snowflake_dag.py
[2026-07-04T14:38:03.956+0000] {logging_mixin.py:188} INFO - [2026-07-04T14:38:03.955+0000] {dag.py:3089} INFO - Sync 1 DAGs
[2026-07-04T14:38:03.985+0000] {logging_mixin.py:188} INFO - [2026-07-04T14:38:03.985+0000] {dag.py:3947} INFO - Setting next_dagrun for minio_to_snowflake_ecommerce to 2026-07-04 14:37:00+00:00, run_after=2026-07-04 14:38:00+00:00
[2026-07-04T14:38:04.006+0000] {processor.py:183} INFO - Processing /opt/airflow/dags/minio_to_snowflake_dag.py took 0.847 seconds
[2026-07-04T14:38:34.353+0000] {processor.py:161} INFO - Started process (PID=35640) to work on /opt/airflow/dags/minio_to_snowflake_dag.py
[2026-07-04T14:38:34.355+0000] {processor.py:830} INFO - Processing file /opt/airflow/dags/minio_to_snowflake_dag.py for tasks to queue
[2026-07-04T14:38:34.357+0000] {logging_mixin.py:188} INFO - [2026-07-04T14:38:34.357+0000] {dagbag.py:545} INFO - Filling up the DagBag from /opt/airflow/dags/minio_to_snowflake_dag.py
[2026-07-04T14:38:35.341+0000] {processor.py:840} INFO - DAG(s) 'minio_to_snowflake_ecommerce' retrieved from /opt/airflow/dags/minio_to_snowflake_dag.py
[2026-07-04T14:38:35.372+0000] {logging_mixin.py:188} INFO - [2026-07-04T14:38:35.371+0000] {dag.py:3089} INFO - Sync 1 DAGs
[2026-07-04T14:38:35.401+0000] {logging_mixin.py:188} INFO - [2026-07-04T14:38:35.401+0000] {dag.py:3947} INFO - Setting next_dagrun for minio_to_snowflake_ecommerce to 2026-07-04 14:37:00+00:00, run_after=2026-07-04 14:38:00+00:00
[2026-07-04T14:38:35.423+0000] {processor.py:183} INFO - Processing /opt/airflow/dags/minio_to_snowflake_dag.py took 1.076 seconds
[2026-07-04T14:39:05.636+0000] {processor.py:161} INFO - Started process (PID=35724) to work on /opt/airflow/dags/minio_to_snowflake_dag.py
[2026-07-04T14:39:05.637+0000] {processor.py:830} INFO - Processing file /opt/airflow/dags/minio_to_snowflake_dag.py for tasks to queue
[2026-07-04T14:39:05.643+0000] {logging_mixin.py:188} INFO - [2026-07-04T14:39:05.642+0000] {dagbag.py:545} INFO - Filling up the DagBag from /opt/airflow/dags/minio_to_snowflake_dag.py
[2026-07-04T14:39:06.456+0000] {processor.py:840} INFO - DAG(s) 'minio_to_snowflake_ecommerce' retrieved from /opt/airflow/dags/minio_to_snowflake_dag.py
[2026-07-04T14:39:06.490+0000] {logging_mixin.py:188} INFO - [2026-07-04T14:39:06.489+0000] {dag.py:3089} INFO - Sync 1 DAGs
[2026-07-04T14:39:06.538+0000] {logging_mixin.py:188} INFO - [2026-07-04T14:39:06.538+0000] {dag.py:3947} INFO - Setting next_dagrun for minio_to_snowflake_ecommerce to 2026-07-04 14:38:00+00:00, run_after=2026-07-04 14:39:00+00:00
[2026-07-04T14:39:06.572+0000] {processor.py:183} INFO - Processing /opt/airflow/dags/minio_to_snowflake_dag.py took 0.958 seconds
[2026-07-04T14:39:37.017+0000] {processor.py:161} INFO - Started process (PID=35805) to work on /opt/airflow/dags/minio_to_snowflake_dag.py
[2026-07-04T14:39:37.019+0000] {processor.py:830} INFO - Processing file /opt/airflow/dags/minio_to_snowflake_dag.py for tasks to queue
[2026-07-04T14:39:37.022+0000] {logging_mixin.py:188} INFO - [2026-07-04T14:39:37.021+0000] {dagbag.py:545} INFO - Filling up the DagBag from /opt/airflow/dags/minio_to_snowflake_dag.py
[2026-07-04T14:39:37.801+0000] {processor.py:840} INFO - DAG(s) 'minio_to_snowflake_ecommerce' retrieved from /opt/airflow/dags/minio_to_snowflake_dag.py
[2026-07-04T14:39:37.832+0000] {logging_mixin.py:188} INFO - [2026-07-04T14:39:37.832+0000] {dag.py:3089} INFO - Sync 1 DAGs
[2026-07-04T14:39:37.862+0000] {logging_mixin.py:188} INFO - [2026-07-04T14:39:37.862+0000] {dag.py:3947} INFO - Setting next_dagrun for minio_to_snowflake_ecommerce to 2026-07-04 14:38:00+00:00, run_after=2026-07-04 14:39:00+00:00
[2026-07-04T14:39:37.880+0000] {processor.py:183} INFO - Processing /opt/airflow/dags/minio_to_snowflake_dag.py took 0.871 seconds
[2026-07-04T14:40:08.161+0000] {processor.py:161} INFO - Started process (PID=35883) to work on /opt/airflow/dags/minio_to_snowflake_dag.py
[2026-07-04T14:40:08.163+0000] {processor.py:830} INFO - Processing file /opt/airflow/dags/minio_to_snowflake_dag.py for tasks to queue
[2026-07-04T14:40:08.165+0000] {logging_mixin.py:188} INFO - [2026-07-04T14:40:08.164+0000] {dagbag.py:545} INFO - Filling up the DagBag from /opt/airflow/dags/minio_to_snowflake_dag.py
[2026-07-04T14:40:08.875+0000] {processor.py:840} INFO - DAG(s) 'minio_to_snowflake_ecommerce' retrieved from /opt/airflow/dags/minio_to_snowflake_dag.py
[2026-07-04T14:40:08.910+0000] {logging_mixin.py:188} INFO - [2026-07-04T14:40:08.909+0000] {dag.py:3089} INFO - Sync 1 DAGs
[2026-07-04T14:40:08.942+0000] {logging_mixin.py:188} INFO - [2026-07-04T14:40:08.941+0000] {dag.py:3947} INFO - Setting next_dagrun for minio_to_snowflake_ecommerce to 2026-07-04 14:39:00+00:00, run_after=2026-07-04 14:40:00+00:00
[2026-07-04T14:40:08.966+0000] {processor.py:183} INFO - Processing /opt/airflow/dags/minio_to_snowflake_dag.py took 0.813 seconds
[2026-07-04T14:40:39.253+0000] {processor.py:161} INFO - Started process (PID=35988) to work on /opt/airflow/dags/minio_to_snowflake_dag.py
[2026-07-04T14:40:39.255+0000] {processor.py:830} INFO - Processing file /opt/airflow/dags/minio_to_snowflake_dag.py for tasks to queue
[2026-07-04T14:40:39.258+0000] {logging_mixin.py:188} INFO - [2026-07-04T14:40:39.257+0000] {dagbag.py:545} INFO - Filling up the DagBag from /opt/airflow/dags/minio_to_snowflake_dag.py
[2026-07-04T14:40:40.135+0000] {processor.py:840} INFO - DAG(s) 'minio_to_snowflake_ecommerce' retrieved from /opt/airflow/dags/minio_to_snowflake_dag.py
[2026-07-04T14:40:40.178+0000] {logging_mixin.py:188} INFO - [2026-07-04T14:40:40.178+0000] {dag.py:3089} INFO - Sync 1 DAGs
[2026-07-04T14:40:40.219+0000] {logging_mixin.py:188} INFO - [2026-07-04T14:40:40.219+0000] {dag.py:3947} INFO - Setting next_dagrun for minio_to_snowflake_ecommerce to 2026-07-04 14:39:00+00:00, run_after=2026-07-04 14:40:00+00:00
[2026-07-04T14:40:40.245+0000] {processor.py:183} INFO - Processing /opt/airflow/dags/minio_to_snowflake_dag.py took 0.999 seconds
[2026-07-04T14:41:10.562+0000] {processor.py:161} INFO - Started process (PID=36092) to work on /opt/airflow/dags/minio_to_snowflake_dag.py
[2026-07-04T14:41:10.563+0000] {processor.py:830} INFO - Processing file /opt/airflow/dags/minio_to_snowflake_dag.py for tasks to queue
[2026-07-04T14:41:10.566+0000] {logging_mixin.py:188} INFO - [2026-07-04T14:41:10.565+0000] {dagbag.py:545} INFO - Filling up the DagBag from /opt/airflow/dags/minio_to_snowflake_dag.py
[2026-07-04T14:41:11.315+0000] {processor.py:840} INFO - DAG(s) 'minio_to_snowflake_ecommerce' retrieved from /opt/airflow/dags/minio_to_snowflake_dag.py
[2026-07-04T14:41:11.342+0000] {logging_mixin.py:188} INFO - [2026-07-04T14:41:11.341+0000] {dag.py:3089} INFO - Sync 1 DAGs
[2026-07-04T14:41:11.371+0000] {logging_mixin.py:188} INFO - [2026-07-04T14:41:11.370+0000] {dag.py:3947} INFO - Setting next_dagrun for minio_to_snowflake_ecommerce to 2026-07-04 14:40:00+00:00, run_after=2026-07-04 14:41:00+00:00
[2026-07-04T14:41:11.392+0000] {processor.py:183} INFO - Processing /opt/airflow/dags/minio_to_snowflake_dag.py took 0.837 seconds
[2026-07-04T14:41:41.793+0000] {processor.py:161} INFO - Started process (PID=36198) to work on /opt/airflow/dags/minio_to_snowflake_dag.py
[2026-07-04T14:41:41.794+0000] {processor.py:830} INFO - Processing file /opt/airflow/dags/minio_to_snowflake_dag.py for tasks to queue
[2026-07-04T14:41:41.797+0000] {logging_mixin.py:188} INFO - [2026-07-04T14:41:41.797+0000] {dagbag.py:545} INFO - Filling up the DagBag from /opt/airflow/dags/minio_to_snowflake_dag.py
[2026-07-04T14:41:42.578+0000] {processor.py:840} INFO - DAG(s) 'minio_to_snowflake_ecommerce' retrieved from /opt/airflow/dags/minio_to_snowflake_dag.py
[2026-07-04T14:41:42.609+0000] {logging_mixin.py:188} INFO - [2026-07-04T14:41:42.609+0000] {dag.py:3089} INFO - Sync 1 DAGs
[2026-07-04T14:41:42.635+0000] {logging_mixin.py:188} INFO - [2026-07-04T14:41:42.635+0000] {dag.py:3947} INFO - Setting next_dagrun for minio_to_snowflake_ecommerce to 2026-07-04 14:40:00+00:00, run_after=2026-07-04 14:41:00+00:00
[2026-07-04T14:41:42.658+0000] {processor.py:183} INFO - Processing /opt/airflow/dags/minio_to_snowflake_dag.py took 0.876 seconds
[2026-07-04T14:42:13.018+0000] {processor.py:161} INFO - Started process (PID=36306) to work on /opt/airflow/dags/minio_to_snowflake_dag.py
[2026-07-04T14:42:13.019+0000] {processor.py:830} INFO - Processing file /opt/airflow/dags/minio_to_snowflake_dag.py for tasks to queue
[2026-07-04T14:42:13.021+0000] {logging_mixin.py:188} INFO - [2026-07-04T14:42:13.021+0000] {dagbag.py:545} INFO - Filling up the DagBag from /opt/airflow/dags/minio_to_snowflake_dag.py
[2026-07-04T14:42:13.755+0000] {processor.py:840} INFO - DAG(s) 'minio_to_snowflake_ecommerce' retrieved from /opt/airflow/dags/minio_to_snowflake_dag.py
[2026-07-04T14:42:13.779+0000] {logging_mixin.py:188} INFO - [2026-07-04T14:42:13.779+0000] {dag.py:3089} INFO - Sync 1 DAGs
[2026-07-04T14:42:13.805+0000] {logging_mixin.py:188} INFO - [2026-07-04T14:42:13.804+0000] {dag.py:3947} INFO - Setting next_dagrun for minio_to_snowflake_ecommerce to 2026-07-04 14:41:00+00:00, run_after=2026-07-04 14:42:00+00:00
[2026-07-04T14:42:13.827+0000] {processor.py:183} INFO - Processing /opt/airflow/dags/minio_to_snowflake_dag.py took 0.817 seconds
[2026-07-04T14:42:44.262+0000] {processor.py:161} INFO - Started process (PID=36411) to work on /opt/airflow/dags/minio_to_snowflake_dag.py
[2026-07-04T14:42:44.263+0000] {processor.py:830} INFO - Processing file /opt/airflow/dags/minio_to_snowflake_dag.py for tasks to queue
[2026-07-04T14:42:44.266+0000] {logging_mixin.py:188} INFO - [2026-07-04T14:42:44.265+0000] {dagbag.py:545} INFO - Filling up the DagBag from /opt/airflow/dags/minio_to_snowflake_dag.py
[2026-07-04T14:42:45.027+0000] {processor.py:840} INFO - DAG(s) 'minio_to_snowflake_ecommerce' retrieved from /opt/airflow/dags/minio_to_snowflake_dag.py
[2026-07-04T14:42:45.068+0000] {logging_mixin.py:188} INFO - [2026-07-04T14:42:45.068+0000] {dag.py:3089} INFO - Sync 1 DAGs
[2026-07-04T14:42:45.100+0000] {logging_mixin.py:188} INFO - [2026-07-04T14:42:45.100+0000] {dag.py:3947} INFO - Setting next_dagrun for minio_to_snowflake_ecommerce to 2026-07-04 14:41:00+00:00, run_after=2026-07-04 14:42:00+00:00
[2026-07-04T14:42:45.133+0000] {processor.py:183} INFO - Processing /opt/airflow/dags/minio_to_snowflake_dag.py took 0.877 seconds
[2026-07-04T14:43:15.433+0000] {processor.py:161} INFO - Started process (PID=36517) to work on /opt/airflow/dags/minio_to_snowflake_dag.py
[2026-07-04T14:43:15.434+0000] {processor.py:830} INFO - Processing file /opt/airflow/dags/minio_to_snowflake_dag.py for tasks to queue
[2026-07-04T14:43:15.436+0000] {logging_mixin.py:188} INFO - [2026-07-04T14:43:15.436+0000] {dagbag.py:545} INFO - Filling up the DagBag from /opt/airflow/dags/minio_to_snowflake_dag.py
[2026-07-04T14:43:16.158+0000] {processor.py:840} INFO - DAG(s) 'minio_to_snowflake_ecommerce' retrieved from /opt/airflow/dags/minio_to_snowflake_dag.py
[2026-07-04T14:43:16.180+0000] {logging_mixin.py:188} INFO - [2026-07-04T14:43:16.180+0000] {dag.py:3089} INFO - Sync 1 DAGs
[2026-07-04T14:43:16.205+0000] {logging_mixin.py:188} INFO - [2026-07-04T14:43:16.205+0000] {dag.py:3947} INFO - Setting next_dagrun for minio_to_snowflake_ecommerce to 2026-07-04 14:42:00+00:00, run_after=2026-07-04 14:43:00+00:00
[2026-07-04T14:43:16.226+0000] {processor.py:183} INFO - Processing /opt/airflow/dags/minio_to_snowflake_dag.py took 0.806 seconds
[2026-07-04T14:43:46.600+0000] {processor.py:161} INFO - Started process (PID=36622) to work on /opt/airflow/dags/minio_to_snowflake_dag.py
[2026-07-04T14:43:46.602+0000] {processor.py:830} INFO - Processing file /opt/airflow/dags/minio_to_snowflake_dag.py for tasks to queue
[2026-07-04T14:43:46.604+0000] {logging_mixin.py:188} INFO - [2026-07-04T14:43:46.604+0000] {dagbag.py:545} INFO - Filling up the DagBag from /opt/airflow/dags/minio_to_snowflake_dag.py
[2026-07-04T14:43:47.498+0000] {processor.py:840} INFO - DAG(s) 'minio_to_snowflake_ecommerce' retrieved from /opt/airflow/dags/minio_to_snowflake_dag.py
[2026-07-04T14:43:47.533+0000] {logging_mixin.py:188} INFO - [2026-07-04T14:43:47.533+0000] {dag.py:3089} INFO - Sync 1 DAGs
[2026-07-04T14:43:47.563+0000] {logging_mixin.py:188} INFO - [2026-07-04T14:43:47.563+0000] {dag.py:3947} INFO - Setting next_dagrun for minio_to_snowflake_ecommerce to 2026-07-04 14:42:00+00:00, run_after=2026-07-04 14:43:00+00:00
[2026-07-04T14:43:47.585+0000] {processor.py:183} INFO - Processing /opt/airflow/dags/minio_to_snowflake_dag.py took 0.992 seconds
[2026-07-04T14:44:17.885+0000] {processor.py:161} INFO - Started process (PID=36658) to work on /opt/airflow/dags/minio_to_snowflake_dag.py
[2026-07-04T14:44:17.889+0000] {processor.py:830} INFO - Processing file /opt/airflow/dags/minio_to_snowflake_dag.py for tasks to queue
[2026-07-04T14:44:17.895+0000] {logging_mixin.py:188} INFO - [2026-07-04T14:44:17.894+0000] {dagbag.py:545} INFO - Filling up the DagBag from /opt/airflow/dags/minio_to_snowflake_dag.py
[2026-07-04T14:44:19.359+0000] {processor.py:840} INFO - DAG(s) 'minio_to_snowflake_ecommerce' retrieved from /opt/airflow/dags/minio_to_snowflake_dag.py
[2026-07-04T14:44:19.391+0000] {logging_mixin.py:188} INFO - [2026-07-04T14:44:19.391+0000] {dag.py:3089} INFO - Sync 1 DAGs
[2026-07-04T14:44:19.427+0000] {logging_mixin.py:188} INFO - [2026-07-04T14:44:19.427+0000] {dag.py:3947} INFO - Setting next_dagrun for minio_to_snowflake_ecommerce to 2026-07-04 14:43:00+00:00, run_after=2026-07-04 14:44:00+00:00
[2026-07-04T14:44:19.469+0000] {processor.py:183} INFO - Processing /opt/airflow/dags/minio_to_snowflake_dag.py took 1.597 seconds
[2026-07-04T14:44:49.845+0000] {processor.py:161} INFO - Started process (PID=36756) to work on /opt/airflow/dags/minio_to_snowflake_dag.py
[2026-07-04T14:44:49.848+0000] {processor.py:830} INFO - Processing file /opt/airflow/dags/minio_to_snowflake_dag.py for tasks to queue
[2026-07-04T14:44:49.854+0000] {logging_mixin.py:188} INFO - [2026-07-04T14:44:49.853+0000] {dagbag.py:545} INFO - Filling up the DagBag from /opt/airflow/dags/minio_to_snowflake_dag.py
[2026-07-04T14:44:50.659+0000] {processor.py:840} INFO - DAG(s) 'minio_to_snowflake_ecommerce' retrieved from /opt/airflow/dags/minio_to_snowflake_dag.py
[2026-07-04T14:44:50.685+0000] {logging_mixin.py:188} INFO - [2026-07-04T14:44:50.685+0000] {dag.py:3089} INFO - Sync 1 DAGs
[2026-07-04T14:44:50.713+0000] {logging_mixin.py:188} INFO - [2026-07-04T14:44:50.712+0000] {dag.py:3947} INFO - Setting next_dagrun for minio_to_snowflake_ecommerce to 2026-07-04 14:43:00+00:00, run_after=2026-07-04 14:44:00+00:00
[2026-07-04T14:44:50.740+0000] {processor.py:183} INFO - Processing /opt/airflow/dags/minio_to_snowflake_dag.py took 0.905 seconds
[2026-07-04T14:45:21.047+0000] {processor.py:161} INFO - Started process (PID=36861) to work on /opt/airflow/dags/minio_to_snowflake_dag.py
[2026-07-04T14:45:21.049+0000] {processor.py:830} INFO - Processing file /opt/airflow/dags/minio_to_snowflake_dag.py for tasks to queue
[2026-07-04T14:45:21.051+0000] {logging_mixin.py:188} INFO - [2026-07-04T14:45:21.051+0000] {dagbag.py:545} INFO - Filling up the DagBag from /opt/airflow/dags/minio_to_snowflake_dag.py
[2026-07-04T14:45:21.774+0000] {processor.py:840} INFO - DAG(s) 'minio_to_snowflake_ecommerce' retrieved from /opt/airflow/dags/minio_to_snowflake_dag.py
[2026-07-04T14:45:21.798+0000] {logging_mixin.py:188} INFO - [2026-07-04T14:45:21.797+0000] {dag.py:3089} INFO - Sync 1 DAGs
[2026-07-04T14:45:21.825+0000] {logging_mixin.py:188} INFO - [2026-07-04T14:45:21.825+0000] {dag.py:3947} INFO - Setting next_dagrun for minio_to_snowflake_ecommerce to 2026-07-04 14:44:00+00:00, run_after=2026-07-04 14:45:00+00:00
[2026-07-04T14:45:21.848+0000] {processor.py:183} INFO - Processing /opt/airflow/dags/minio_to_snowflake_dag.py took 0.808 seconds
[2026-07-04T14:45:52.244+0000] {processor.py:161} INFO - Started process (PID=36961) to work on /opt/airflow/dags/minio_to_snowflake_dag.py
[2026-07-04T14:45:52.245+0000] {processor.py:830} INFO - Processing file /opt/airflow/dags/minio_to_snowflake_dag.py for tasks to queue
[2026-07-04T14:45:52.247+0000] {logging_mixin.py:188} INFO - [2026-07-04T14:45:52.247+0000] {dagbag.py:545} INFO - Filling up the DagBag from /opt/airflow/dags/minio_to_snowflake_dag.py
[2026-07-04T14:45:52.971+0000] {processor.py:840} INFO - DAG(s) 'minio_to_snowflake_ecommerce' retrieved from /opt/airflow/dags/minio_to_snowflake_dag.py
[2026-07-04T14:45:52.998+0000] {logging_mixin.py:188} INFO - [2026-07-04T14:45:52.998+0000] {dag.py:3089} INFO - Sync 1 DAGs
[2026-07-04T14:45:53.026+0000] {logging_mixin.py:188} INFO - [2026-07-04T14:45:53.026+0000] {dag.py:3947} INFO - Setting next_dagrun for minio_to_snowflake_ecommerce to 2026-07-04 14:44:00+00:00, run_after=2026-07-04 14:45:00+00:00
[2026-07-04T14:45:53.049+0000] {processor.py:183} INFO - Processing /opt/airflow/dags/minio_to_snowflake_dag.py took 0.813 seconds
[2026-07-04T14:46:23.158+0000] {processor.py:161} INFO - Started process (PID=37060) to work on /opt/airflow/dags/minio_to_snowflake_dag.py
[2026-07-04T14:46:23.159+0000] {processor.py:830} INFO - Processing file /opt/airflow/dags/minio_to_snowflake_dag.py for tasks to queue
[2026-07-04T14:46:23.161+0000] {logging_mixin.py:188} INFO - [2026-07-04T14:46:23.161+0000] {dagbag.py:545} INFO - Filling up the DagBag from /opt/airflow/dags/minio_to_snowflake_dag.py
[2026-07-04T14:46:23.917+0000] {processor.py:840} INFO - DAG(s) 'minio_to_snowflake_ecommerce' retrieved from /opt/airflow/dags/minio_to_snowflake_dag.py
[2026-07-04T14:46:23.941+0000] {logging_mixin.py:188} INFO - [2026-07-04T14:46:23.940+0000] {dag.py:3089} INFO - Sync 1 DAGs
[2026-07-04T14:46:23.963+0000] {logging_mixin.py:188} INFO - [2026-07-04T14:46:23.963+0000] {dag.py:3947} INFO - Setting next_dagrun for minio_to_snowflake_ecommerce to 2026-07-04 14:45:00+00:00, run_after=2026-07-04 14:46:00+00:00
[2026-07-04T14:46:23.990+0000] {processor.py:183} INFO - Processing /opt/airflow/dags/minio_to_snowflake_dag.py took 0.840 seconds
[2026-07-04T14:46:54.453+0000] {processor.py:161} INFO - Started process (PID=37158) to work on /opt/airflow/dags/minio_to_snowflake_dag.py
[2026-07-04T14:46:54.455+0000] {processor.py:830} INFO - Processing file /opt/airflow/dags/minio_to_snowflake_dag.py for tasks to queue
[2026-07-04T14:46:54.457+0000] {logging_mixin.py:188} INFO - [2026-07-04T14:46:54.457+0000] {dagbag.py:545} INFO - Filling up the DagBag from /opt/airflow/dags/minio_to_snowflake_dag.py
[2026-07-04T14:46:55.188+0000] {processor.py:840} INFO - DAG(s) 'minio_to_snowflake_ecommerce' retrieved from /opt/airflow/dags/minio_to_snowflake_dag.py
[2026-07-04T14:46:55.213+0000] {logging_mixin.py:188} INFO - [2026-07-04T14:46:55.213+0000] {dag.py:3089} INFO - Sync 1 DAGs
[2026-07-04T14:46:55.239+0000] {logging_mixin.py:188} INFO - [2026-07-04T14:46:55.239+0000] {dag.py:3947} INFO - Setting next_dagrun for minio_to_snowflake_ecommerce to 2026-07-04 14:45:00+00:00, run_after=2026-07-04 14:46:00+00:00
[2026-07-04T14:46:55.264+0000] {processor.py:183} INFO - Processing /opt/airflow/dags/minio_to_snowflake_dag.py took 0.819 seconds
[2026-07-04T14:47:25.673+0000] {processor.py:161} INFO - Started process (PID=37260) to work on /opt/airflow/dags/minio_to_snowflake_dag.py
[2026-07-04T14:47:25.675+0000] {processor.py:830} INFO - Processing file /opt/airflow/dags/minio_to_snowflake_dag.py for tasks to queue
[2026-07-04T14:47:25.677+0000] {logging_mixin.py:188} INFO - [2026-07-04T14:47:25.677+0000] {dagbag.py:545} INFO - Filling up the DagBag from /opt/airflow/dags/minio_to_snowflake_dag.py
[2026-07-04T14:47:26.398+0000] {processor.py:840} INFO - DAG(s) 'minio_to_snowflake_ecommerce' retrieved from /opt/airflow/dags/minio_to_snowflake_dag.py
[2026-07-04T14:47:26.428+0000] {logging_mixin.py:188} INFO - [2026-07-04T14:47:26.427+0000] {dag.py:3089} INFO - Sync 1 DAGs
[2026-07-04T14:47:26.460+0000] {logging_mixin.py:188} INFO - [2026-07-04T14:47:26.460+0000] {dag.py:3947} INFO - Setting next_dagrun for minio_to_snowflake_ecommerce to 2026-07-04 14:46:00+00:00, run_after=2026-07-04 14:47:00+00:00
[2026-07-04T14:47:26.484+0000] {processor.py:183} INFO - Processing /opt/airflow/dags/minio_to_snowflake_dag.py took 0.818 seconds
[2026-07-04T14:47:56.864+0000] {processor.py:161} INFO - Started process (PID=37348) to work on /opt/airflow/dags/minio_to_snowflake_dag.py
[2026-07-04T14:47:56.865+0000] {processor.py:830} INFO - Processing file /opt/airflow/dags/minio_to_snowflake_dag.py for tasks to queue
[2026-07-04T14:47:56.868+0000] {logging_mixin.py:188} INFO - [2026-07-04T14:47:56.867+0000] {dagbag.py:545} INFO - Filling up the DagBag from /opt/airflow/dags/minio_to_snowflake_dag.py
[2026-07-04T14:47:57.607+0000] {processor.py:840} INFO - DAG(s) 'minio_to_snowflake_ecommerce' retrieved from /opt/airflow/dags/minio_to_snowflake_dag.py
[2026-07-04T14:47:57.637+0000] {logging_mixin.py:188} INFO - [2026-07-04T14:47:57.637+0000] {dag.py:3089} INFO - Sync 1 DAGs
[2026-07-04T14:47:57.663+0000] {logging_mixin.py:188} INFO - [2026-07-04T14:47:57.663+0000] {dag.py:3947} INFO - Setting next_dagrun for minio_to_snowflake_ecommerce to 2026-07-04 14:46:00+00:00, run_after=2026-07-04 14:47:00+00:00
[2026-07-04T14:47:57.683+0000] {processor.py:183} INFO - Processing /opt/airflow/dags/minio_to_snowflake_dag.py took 0.828 seconds
[2026-07-04T14:48:28.030+0000] {processor.py:161} INFO - Started process (PID=37452) to work on /opt/airflow/dags/minio_to_snowflake_dag.py
[2026-07-04T14:48:28.032+0000] {processor.py:830} INFO - Processing file /opt/airflow/dags/minio_to_snowflake_dag.py for tasks to queue
[2026-07-04T14:48:28.034+0000] {logging_mixin.py:188} INFO - [2026-07-04T14:48:28.034+0000] {dagbag.py:545} INFO - Filling up the DagBag from /opt/airflow/dags/minio_to_snowflake_dag.py
[2026-07-04T14:48:28.765+0000] {processor.py:840} INFO - DAG(s) 'minio_to_snowflake_ecommerce' retrieved from /opt/airflow/dags/minio_to_snowflake_dag.py
[2026-07-04T14:48:28.791+0000] {logging_mixin.py:188} INFO - [2026-07-04T14:48:28.790+0000] {dag.py:3089} INFO - Sync 1 DAGs
[2026-07-04T14:48:28.817+0000] {logging_mixin.py:188} INFO - [2026-07-04T14:48:28.816+0000] {dag.py:3947} INFO - Setting next_dagrun for minio_to_snowflake_ecommerce to 2026-07-04 14:47:00+00:00, run_after=2026-07-04 14:48:00+00:00
[2026-07-04T14:48:28.842+0000] {processor.py:183} INFO - Processing /opt/airflow/dags/minio_to_snowflake_dag.py took 0.819 seconds
[2026-07-04T14:48:58.956+0000] {processor.py:161} INFO - Started process (PID=37554) to work on /opt/airflow/dags/minio_to_snowflake_dag.py
[2026-07-04T14:48:58.957+0000] {processor.py:830} INFO - Processing file /opt/airflow/dags/minio_to_snowflake_dag.py for tasks to queue
[2026-07-04T14:48:58.959+0000] {logging_mixin.py:188} INFO - [2026-07-04T14:48:58.959+0000] {dagbag.py:545} INFO - Filling up the DagBag from /opt/airflow/dags/minio_to_snowflake_dag.py
[2026-07-04T14:48:59.694+0000] {processor.py:840} INFO - DAG(s) 'minio_to_snowflake_ecommerce' retrieved from /opt/airflow/dags/minio_to_snowflake_dag.py
[2026-07-04T14:48:59.719+0000] {logging_mixin.py:188} INFO - [2026-07-04T14:48:59.718+0000] {dag.py:3089} INFO - Sync 1 DAGs
[2026-07-04T14:48:59.744+0000] {logging_mixin.py:188} INFO - [2026-07-04T14:48:59.744+0000] {dag.py:3947} INFO - Setting next_dagrun for minio_to_snowflake_ecommerce to 2026-07-04 14:47:00+00:00, run_after=2026-07-04 14:48:00+00:00
[2026-07-04T14:48:59.764+0000] {processor.py:183} INFO - Processing /opt/airflow/dags/minio_to_snowflake_dag.py took 0.816 seconds
[2026-07-04T14:49:30.119+0000] {processor.py:161} INFO - Started process (PID=37659) to work on /opt/airflow/dags/minio_to_snowflake_dag.py
[2026-07-04T14:49:30.120+0000] {processor.py:830} INFO - Processing file /opt/airflow/dags/minio_to_snowflake_dag.py for tasks to queue
[2026-07-04T14:49:30.122+0000] {logging_mixin.py:188} INFO - [2026-07-04T14:49:30.122+0000] {dagbag.py:545} INFO - Filling up the DagBag from /opt/airflow/dags/minio_to_snowflake_dag.py
[2026-07-04T14:49:30.867+0000] {processor.py:840} INFO - DAG(s) 'minio_to_snowflake_ecommerce' retrieved from /opt/airflow/dags/minio_to_snowflake_dag.py
[2026-07-04T14:49:30.897+0000] {logging_mixin.py:188} INFO - [2026-07-04T14:49:30.896+0000] {dag.py:3089} INFO - Sync 1 DAGs
[2026-07-04T14:49:30.927+0000] {logging_mixin.py:188} INFO - [2026-07-04T14:49:30.927+0000] {dag.py:3947} INFO - Setting next_dagrun for minio_to_snowflake_ecommerce to 2026-07-04 14:48:00+00:00, run_after=2026-07-04 14:49:00+00:00
[2026-07-04T14:49:30.954+0000] {processor.py:183} INFO - Processing /opt/airflow/dags/minio_to_snowflake_dag.py took 0.843 seconds
[2026-07-04T14:50:01.285+0000] {processor.py:161} INFO - Started process (PID=37766) to work on /opt/airflow/dags/minio_to_snowflake_dag.py
[2026-07-04T14:50:01.286+0000] {processor.py:830} INFO - Processing file /opt/airflow/dags/minio_to_snowflake_dag.py for tasks to queue
[2026-07-04T14:50:01.289+0000] {logging_mixin.py:188} INFO - [2026-07-04T14:50:01.288+0000] {dagbag.py:545} INFO - Filling up the DagBag from /opt/airflow/dags/minio_to_snowflake_dag.py
[2026-07-04T14:50:02.092+0000] {processor.py:840} INFO - DAG(s) 'minio_to_snowflake_ecommerce' retrieved from /opt/airflow/dags/minio_to_snowflake_dag.py
[2026-07-04T14:50:02.125+0000] {logging_mixin.py:188} INFO - [2026-07-04T14:50:02.125+0000] {dag.py:3089} INFO - Sync 1 DAGs
[2026-07-04T14:50:02.153+0000] {logging_mixin.py:188} INFO - [2026-07-04T14:50:02.153+0000] {dag.py:3947} INFO - Setting next_dagrun for minio_to_snowflake_ecommerce to 2026-07-04 14:49:00+00:00, run_after=2026-07-04 14:50:00+00:00
[2026-07-04T14:50:02.175+0000] {processor.py:183} INFO - Processing /opt/airflow/dags/minio_to_snowflake_dag.py took 0.898 seconds
[2026-07-04T14:50:32.453+0000] {processor.py:161} INFO - Started process (PID=37870) to work on /opt/airflow/dags/minio_to_snowflake_dag.py
[2026-07-04T14:50:32.454+0000] {processor.py:830} INFO - Processing file /opt/airflow/dags/minio_to_snowflake_dag.py for tasks to queue
[2026-07-04T14:50:32.457+0000] {logging_mixin.py:188} INFO - [2026-07-04T14:50:32.457+0000] {dagbag.py:545} INFO - Filling up the DagBag from /opt/airflow/dags/minio_to_snowflake_dag.py
[2026-07-04T14:50:33.183+0000] {processor.py:840} INFO - DAG(s) 'minio_to_snowflake_ecommerce' retrieved from /opt/airflow/dags/minio_to_snowflake_dag.py
[2026-07-04T14:50:33.212+0000] {logging_mixin.py:188} INFO - [2026-07-04T14:50:33.211+0000] {dag.py:3089} INFO - Sync 1 DAGs
[2026-07-04T14:50:33.240+0000] {logging_mixin.py:188} INFO - [2026-07-04T14:50:33.240+0000] {dag.py:3947} INFO - Setting next_dagrun for minio_to_snowflake_ecommerce to 2026-07-04 14:49:00+00:00, run_after=2026-07-04 14:50:00+00:00
[2026-07-04T14:50:33.265+0000] {processor.py:183} INFO - Processing /opt/airflow/dags/minio_to_snowflake_dag.py took 0.819 seconds
[2026-07-04T14:51:03.569+0000] {processor.py:161} INFO - Started process (PID=37973) to work on /opt/airflow/dags/minio_to_snowflake_dag.py
[2026-07-04T14:51:03.570+0000] {processor.py:830} INFO - Processing file /opt/airflow/dags/minio_to_snowflake_dag.py for tasks to queue
[2026-07-04T14:51:03.572+0000] {logging_mixin.py:188} INFO - [2026-07-04T14:51:03.572+0000] {dagbag.py:545} INFO - Filling up the DagBag from /opt/airflow/dags/minio_to_snowflake_dag.py
[2026-07-04T14:51:04.246+0000] {processor.py:840} INFO - DAG(s) 'minio_to_snowflake_ecommerce' retrieved from /opt/airflow/dags/minio_to_snowflake_dag.py
[2026-07-04T14:51:04.275+0000] {logging_mixin.py:188} INFO - [2026-07-04T14:51:04.275+0000] {dag.py:3089} INFO - Sync 1 DAGs
[2026-07-04T14:51:04.300+0000] {logging_mixin.py:188} INFO - [2026-07-04T14:51:04.300+0000] {dag.py:3947} INFO - Setting next_dagrun for minio_to_snowflake_ecommerce to 2026-07-04 14:50:00+00:00, run_after=2026-07-04 14:51:00+00:00
[2026-07-04T14:51:04.321+0000] {processor.py:183} INFO - Processing /opt/airflow/dags/minio_to_snowflake_dag.py took 0.760 seconds
[2026-07-04T14:51:34.521+0000] {processor.py:161} INFO - Started process (PID=38077) to work on /opt/airflow/dags/minio_to_snowflake_dag.py
[2026-07-04T14:51:34.522+0000] {processor.py:830} INFO - Processing file /opt/airflow/dags/minio_to_snowflake_dag.py for tasks to queue
[2026-07-04T14:51:34.524+0000] {logging_mixin.py:188} INFO - [2026-07-04T14:51:34.524+0000] {dagbag.py:545} INFO - Filling up the DagBag from /opt/airflow/dags/minio_to_snowflake_dag.py
[2026-07-04T14:51:35.218+0000] {processor.py:840} INFO - DAG(s) 'minio_to_snowflake_ecommerce' retrieved from /opt/airflow/dags/minio_to_snowflake_dag.py
[2026-07-04T14:51:35.248+0000] {logging_mixin.py:188} INFO - [2026-07-04T14:51:35.247+0000] {dag.py:3089} INFO - Sync 1 DAGs
[2026-07-04T14:51:35.281+0000] {logging_mixin.py:188} INFO - [2026-07-04T14:51:35.280+0000] {dag.py:3947} INFO - Setting next_dagrun for minio_to_snowflake_ecommerce to 2026-07-04 14:50:00+00:00, run_after=2026-07-04 14:51:00+00:00
[2026-07-04T14:51:35.302+0000] {processor.py:183} INFO - Processing /opt/airflow/dags/minio_to_snowflake_dag.py took 0.787 seconds
[2026-07-04T14:52:05.682+0000] {processor.py:161} INFO - Started process (PID=38184) to work on /opt/airflow/dags/minio_to_snowflake_dag.py
[2026-07-04T14:52:05.685+0000] {processor.py:830} INFO - Processing file /opt/airflow/dags/minio_to_snowflake_dag.py for tasks to queue
[2026-07-04T14:52:05.687+0000] {logging_mixin.py:188} INFO - [2026-07-04T14:52:05.687+0000] {dagbag.py:545} INFO - Filling up the DagBag from /opt/airflow/dags/minio_to_snowflake_dag.py
[2026-07-04T14:52:06.402+0000] {processor.py:840} INFO - DAG(s) 'minio_to_snowflake_ecommerce' retrieved from /opt/airflow/dags/minio_to_snowflake_dag.py
[2026-07-04T14:52:06.429+0000] {logging_mixin.py:188} INFO - [2026-07-04T14:52:06.429+0000] {dag.py:3089} INFO - Sync 1 DAGs
[2026-07-04T14:52:06.456+0000] {logging_mixin.py:188} INFO - [2026-07-04T14:52:06.455+0000] {dag.py:3947} INFO - Setting next_dagrun for minio_to_snowflake_ecommerce to 2026-07-04 14:51:00+00:00, run_after=2026-07-04 14:52:00+00:00
[2026-07-04T14:52:06.480+0000] {processor.py:183} INFO - Processing /opt/airflow/dags/minio_to_snowflake_dag.py took 0.805 seconds
[2026-07-04T14:52:36.825+0000] {processor.py:161} INFO - Started process (PID=38286) to work on /opt/airflow/dags/minio_to_snowflake_dag.py
[2026-07-04T14:52:36.827+0000] {processor.py:830} INFO - Processing file /opt/airflow/dags/minio_to_snowflake_dag.py for tasks to queue
[2026-07-04T14:52:36.830+0000] {logging_mixin.py:188} INFO - [2026-07-04T14:52:36.829+0000] {dagbag.py:545} INFO - Filling up the DagBag from /opt/airflow/dags/minio_to_snowflake_dag.py
[2026-07-04T14:52:37.548+0000] {processor.py:840} INFO - DAG(s) 'minio_to_snowflake_ecommerce' retrieved from /opt/airflow/dags/minio_to_snowflake_dag.py
[2026-07-04T14:52:37.575+0000] {logging_mixin.py:188} INFO - [2026-07-04T14:52:37.575+0000] {dag.py:3089} INFO - Sync 1 DAGs
[2026-07-04T14:52:37.602+0000] {logging_mixin.py:188} INFO - [2026-07-04T14:52:37.602+0000] {dag.py:3947} INFO - Setting next_dagrun for minio_to_snowflake_ecommerce to 2026-07-04 14:51:00+00:00, run_after=2026-07-04 14:52:00+00:00
[2026-07-04T14:52:37.625+0000] {processor.py:183} INFO - Processing /opt/airflow/dags/minio_to_snowflake_dag.py took 0.807 seconds
[2026-07-04T14:53:07.960+0000] {processor.py:161} INFO - Started process (PID=38382) to work on /opt/airflow/dags/minio_to_snowflake_dag.py
[2026-07-04T14:53:07.965+0000] {processor.py:830} INFO - Processing file /opt/airflow/dags/minio_to_snowflake_dag.py for tasks to queue
[2026-07-04T14:53:07.968+0000] {logging_mixin.py:188} INFO - [2026-07-04T14:53:07.968+0000] {dagbag.py:545} INFO - Filling up the DagBag from /opt/airflow/dags/minio_to_snowflake_dag.py
[2026-07-04T14:53:08.696+0000] {processor.py:840} INFO - DAG(s) 'minio_to_snowflake_ecommerce' retrieved from /opt/airflow/dags/minio_to_snowflake_dag.py
[2026-07-04T14:53:08.723+0000] {logging_mixin.py:188} INFO - [2026-07-04T14:53:08.722+0000] {dag.py:3089} INFO - Sync 1 DAGs
[2026-07-04T14:53:08.746+0000] {logging_mixin.py:188} INFO - [2026-07-04T14:53:08.746+0000] {dag.py:3947} INFO - Setting next_dagrun for minio_to_snowflake_ecommerce to 2026-07-04 14:52:00+00:00, run_after=2026-07-04 14:53:00+00:00
[2026-07-04T14:53:08.770+0000] {processor.py:183} INFO - Processing /opt/airflow/dags/minio_to_snowflake_dag.py took 0.829 seconds
[2026-07-04T14:53:39.093+0000] {processor.py:161} INFO - Started process (PID=38447) to work on /opt/airflow/dags/minio_to_snowflake_dag.py
[2026-07-04T14:53:39.094+0000] {processor.py:830} INFO - Processing file /opt/airflow/dags/minio_to_snowflake_dag.py for tasks to queue
[2026-07-04T14:53:39.096+0000] {logging_mixin.py:188} INFO - [2026-07-04T14:53:39.096+0000] {dagbag.py:545} INFO - Filling up the DagBag from /opt/airflow/dags/minio_to_snowflake_dag.py
[2026-07-04T14:53:39.841+0000] {processor.py:840} INFO - DAG(s) 'minio_to_snowflake_ecommerce' retrieved from /opt/airflow/dags/minio_to_snowflake_dag.py
[2026-07-04T14:53:39.867+0000] {logging_mixin.py:188} INFO - [2026-07-04T14:53:39.867+0000] {dag.py:3089} INFO - Sync 1 DAGs
[2026-07-04T14:53:39.894+0000] {logging_mixin.py:188} INFO - [2026-07-04T14:53:39.893+0000] {dag.py:3947} INFO - Setting next_dagrun for minio_to_snowflake_ecommerce to 2026-07-04 14:52:00+00:00, run_after=2026-07-04 14:53:00+00:00
[2026-07-04T14:53:39.917+0000] {processor.py:183} INFO - Processing /opt/airflow/dags/minio_to_snowflake_dag.py took 0.833 seconds
[2026-07-04T14:54:10.258+0000] {processor.py:161} INFO - Started process (PID=38550) to work on /opt/airflow/dags/minio_to_snowflake_dag.py
[2026-07-04T14:54:10.259+0000] {processor.py:830} INFO - Processing file /opt/airflow/dags/minio_to_snowflake_dag.py for tasks to queue
[2026-07-04T14:54:10.262+0000] {logging_mixin.py:188} INFO - [2026-07-04T14:54:10.262+0000] {dagbag.py:545} INFO - Filling up the DagBag from /opt/airflow/dags/minio_to_snowflake_dag.py
[2026-07-04T14:54:10.989+0000] {processor.py:840} INFO - DAG(s) 'minio_to_snowflake_ecommerce' retrieved from /opt/airflow/dags/minio_to_snowflake_dag.py
[2026-07-04T14:54:11.015+0000] {logging_mixin.py:188} INFO - [2026-07-04T14:54:11.014+0000] {dag.py:3089} INFO - Sync 1 DAGs
[2026-07-04T14:54:11.041+0000] {logging_mixin.py:188} INFO - [2026-07-04T14:54:11.041+0000] {dag.py:3947} INFO - Setting next_dagrun for minio_to_snowflake_ecommerce to 2026-07-04 14:53:00+00:00, run_after=2026-07-04 14:54:00+00:00
[2026-07-04T14:54:11.061+0000] {processor.py:183} INFO - Processing /opt/airflow/dags/minio_to_snowflake_dag.py took 0.811 seconds
[2026-07-04T14:54:41.142+0000] {processor.py:161} INFO - Started process (PID=38650) to work on /opt/airflow/dags/minio_to_snowflake_dag.py
[2026-07-04T14:54:41.143+0000] {processor.py:830} INFO - Processing file /opt/airflow/dags/minio_to_snowflake_dag.py for tasks to queue
[2026-07-04T14:54:41.145+0000] {logging_mixin.py:188} INFO - [2026-07-04T14:54:41.145+0000] {dagbag.py:545} INFO - Filling up the DagBag from /opt/airflow/dags/minio_to_snowflake_dag.py
[2026-07-04T14:54:41.891+0000] {processor.py:840} INFO - DAG(s) 'minio_to_snowflake_ecommerce' retrieved from /opt/airflow/dags/minio_to_snowflake_dag.py
[2026-07-04T14:54:41.921+0000] {logging_mixin.py:188} INFO - [2026-07-04T14:54:41.920+0000] {dag.py:3089} INFO - Sync 1 DAGs
[2026-07-04T14:54:41.948+0000] {logging_mixin.py:188} INFO - [2026-07-04T14:54:41.948+0000] {dag.py:3947} INFO - Setting next_dagrun for minio_to_snowflake_ecommerce to 2026-07-04 14:53:00+00:00, run_after=2026-07-04 14:54:00+00:00
[2026-07-04T14:54:41.970+0000] {processor.py:183} INFO - Processing /opt/airflow/dags/minio_to_snowflake_dag.py took 0.836 seconds
[2026-07-04T14:55:12.311+0000] {processor.py:161} INFO - Started process (PID=38752) to work on /opt/airflow/dags/minio_to_snowflake_dag.py
[2026-07-04T14:55:12.313+0000] {processor.py:830} INFO - Processing file /opt/airflow/dags/minio_to_snowflake_dag.py for tasks to queue
[2026-07-04T14:55:12.315+0000] {logging_mixin.py:188} INFO - [2026-07-04T14:55:12.314+0000] {dagbag.py:545} INFO - Filling up the DagBag from /opt/airflow/dags/minio_to_snowflake_dag.py
[2026-07-04T14:55:13.021+0000] {processor.py:840} INFO - DAG(s) 'minio_to_snowflake_ecommerce' retrieved from /opt/airflow/dags/minio_to_snowflake_dag.py
[2026-07-04T14:55:13.045+0000] {logging_mixin.py:188} INFO - [2026-07-04T14:55:13.045+0000] {dag.py:3089} INFO - Sync 1 DAGs
[2026-07-04T14:55:13.070+0000] {logging_mixin.py:188} INFO - [2026-07-04T14:55:13.070+0000] {dag.py:3947} INFO - Setting next_dagrun for minio_to_snowflake_ecommerce to 2026-07-04 14:54:00+00:00, run_after=2026-07-04 14:55:00+00:00
[2026-07-04T14:55:13.092+0000] {processor.py:183} INFO - Processing /opt/airflow/dags/minio_to_snowflake_dag.py took 0.788 seconds
[2026-07-04T14:55:43.482+0000] {processor.py:161} INFO - Started process (PID=38854) to work on /opt/airflow/dags/minio_to_snowflake_dag.py
[2026-07-04T14:55:43.484+0000] {processor.py:830} INFO - Processing file /opt/airflow/dags/minio_to_snowflake_dag.py for tasks to queue
[2026-07-04T14:55:43.486+0000] {logging_mixin.py:188} INFO - [2026-07-04T14:55:43.485+0000] {dagbag.py:545} INFO - Filling up the DagBag from /opt/airflow/dags/minio_to_snowflake_dag.py
[2026-07-04T14:55:44.200+0000] {processor.py:840} INFO - DAG(s) 'minio_to_snowflake_ecommerce' retrieved from /opt/airflow/dags/minio_to_snowflake_dag.py
[2026-07-04T14:55:44.224+0000] {logging_mixin.py:188} INFO - [2026-07-04T14:55:44.224+0000] {dag.py:3089} INFO - Sync 1 DAGs
[2026-07-04T14:55:44.250+0000] {logging_mixin.py:188} INFO - [2026-07-04T14:55:44.250+0000] {dag.py:3947} INFO - Setting next_dagrun for minio_to_snowflake_ecommerce to 2026-07-04 14:54:00+00:00, run_after=2026-07-04 14:55:00+00:00
[2026-07-04T14:55:44.273+0000] {processor.py:183} INFO - Processing /opt/airflow/dags/minio_to_snowflake_dag.py took 0.799 seconds
[2026-07-04T14:56:14.561+0000] {processor.py:161} INFO - Started process (PID=38959) to work on /opt/airflow/dags/minio_to_snowflake_dag.py
[2026-07-04T14:56:14.562+0000] {processor.py:830} INFO - Processing file /opt/airflow/dags/minio_to_snowflake_dag.py for tasks to queue
[2026-07-04T14:56:14.565+0000] {logging_mixin.py:188} INFO - [2026-07-04T14:56:14.564+0000] {dagbag.py:545} INFO - Filling up the DagBag from /opt/airflow/dags/minio_to_snowflake_dag.py
[2026-07-04T14:56:15.301+0000] {processor.py:840} INFO - DAG(s) 'minio_to_snowflake_ecommerce' retrieved from /opt/airflow/dags/minio_to_snowflake_dag.py
[2026-07-04T14:56:15.327+0000] {logging_mixin.py:188} INFO - [2026-07-04T14:56:15.326+0000] {dag.py:3089} INFO - Sync 1 DAGs
[2026-07-04T14:56:15.353+0000] {logging_mixin.py:188} INFO - [2026-07-04T14:56:15.353+0000] {dag.py:3947} INFO - Setting next_dagrun for minio_to_snowflake_ecommerce to 2026-07-04 14:55:00+00:00, run_after=2026-07-04 14:56:00+00:00
[2026-07-04T14:56:15.375+0000] {processor.py:183} INFO - Processing /opt/airflow/dags/minio_to_snowflake_dag.py took 0.821 seconds
[2026-07-04T14:56:45.523+0000] {processor.py:161} INFO - Started process (PID=39059) to work on /opt/airflow/dags/minio_to_snowflake_dag.py
[2026-07-04T14:56:45.524+0000] {processor.py:830} INFO - Processing file /opt/airflow/dags/minio_to_snowflake_dag.py for tasks to queue
[2026-07-04T14:56:45.528+0000] {logging_mixin.py:188} INFO - [2026-07-04T14:56:45.527+0000] {dagbag.py:545} INFO - Filling up the DagBag from /opt/airflow/dags/minio_to_snowflake_dag.py
[2026-07-04T14:56:46.300+0000] {processor.py:840} INFO - DAG(s) 'minio_to_snowflake_ecommerce' retrieved from /opt/airflow/dags/minio_to_snowflake_dag.py
[2026-07-04T14:56:46.330+0000] {logging_mixin.py:188} INFO - [2026-07-04T14:56:46.329+0000] {dag.py:3089} INFO - Sync 1 DAGs
[2026-07-04T14:56:46.359+0000] {logging_mixin.py:188} INFO - [2026-07-04T14:56:46.359+0000] {dag.py:3947} INFO - Setting next_dagrun for minio_to_snowflake_ecommerce to 2026-07-04 14:55:00+00:00, run_after=2026-07-04 14:56:00+00:00
[2026-07-04T14:56:46.381+0000] {processor.py:183} INFO - Processing /opt/airflow/dags/minio_to_snowflake_dag.py took 0.868 seconds
[2026-07-04T14:57:16.746+0000] {processor.py:161} INFO - Started process (PID=39156) to work on /opt/airflow/dags/minio_to_snowflake_dag.py
[2026-07-04T14:57:16.747+0000] {processor.py:830} INFO - Processing file /opt/airflow/dags/minio_to_snowflake_dag.py for tasks to queue
[2026-07-04T14:57:16.749+0000] {logging_mixin.py:188} INFO - [2026-07-04T14:57:16.749+0000] {dagbag.py:545} INFO - Filling up the DagBag from /opt/airflow/dags/minio_to_snowflake_dag.py
[2026-07-04T14:57:17.481+0000] {processor.py:840} INFO - DAG(s) 'minio_to_snowflake_ecommerce' retrieved from /opt/airflow/dags/minio_to_snowflake_dag.py
[2026-07-04T14:57:17.505+0000] {logging_mixin.py:188} INFO - [2026-07-04T14:57:17.505+0000] {dag.py:3089} INFO - Sync 1 DAGs
[2026-07-04T14:57:17.531+0000] {logging_mixin.py:188} INFO - [2026-07-04T14:57:17.530+0000] {dag.py:3947} INFO - Setting next_dagrun for minio_to_snowflake_ecommerce to 2026-07-04 14:56:00+00:00, run_after=2026-07-04 14:57:00+00:00
[2026-07-04T14:57:17.552+0000] {processor.py:183} INFO - Processing /opt/airflow/dags/minio_to_snowflake_dag.py took 0.813 seconds
[2026-07-04T14:57:47.914+0000] {processor.py:161} INFO - Started process (PID=39260) to work on /opt/airflow/dags/minio_to_snowflake_dag.py
[2026-07-04T14:57:47.916+0000] {processor.py:830} INFO - Processing file /opt/airflow/dags/minio_to_snowflake_dag.py for tasks to queue
[2026-07-04T14:57:47.918+0000] {logging_mixin.py:188} INFO - [2026-07-04T14:57:47.918+0000] {dagbag.py:545} INFO - Filling up the DagBag from /opt/airflow/dags/minio_to_snowflake_dag.py
[2026-07-04T14:57:48.635+0000] {processor.py:840} INFO - DAG(s) 'minio_to_snowflake_ecommerce' retrieved from /opt/airflow/dags/minio_to_snowflake_dag.py
[2026-07-04T14:57:48.660+0000] {logging_mixin.py:188} INFO - [2026-07-04T14:57:48.660+0000] {dag.py:3089} INFO - Sync 1 DAGs
[2026-07-04T14:57:48.685+0000] {logging_mixin.py:188} INFO - [2026-07-04T14:57:48.685+0000] {dag.py:3947} INFO - Setting next_dagrun for minio_to_snowflake_ecommerce to 2026-07-04 14:56:00+00:00, run_after=2026-07-04 14:57:00+00:00
[2026-07-04T14:57:48.711+0000] {processor.py:183} INFO - Processing /opt/airflow/dags/minio_to_snowflake_dag.py took 0.804 seconds
[2026-07-04T14:58:19.071+0000] {processor.py:161} INFO - Started process (PID=39363) to work on /opt/airflow/dags/minio_to_snowflake_dag.py
[2026-07-04T14:58:19.072+0000] {processor.py:830} INFO - Processing file /opt/airflow/dags/minio_to_snowflake_dag.py for tasks to queue
[2026-07-04T14:58:19.075+0000] {logging_mixin.py:188} INFO - [2026-07-04T14:58:19.074+0000] {dagbag.py:545} INFO - Filling up the DagBag from /opt/airflow/dags/minio_to_snowflake_dag.py
[2026-07-04T14:58:19.779+0000] {processor.py:840} INFO - DAG(s) 'minio_to_snowflake_ecommerce' retrieved from /opt/airflow/dags/minio_to_snowflake_dag.py
[2026-07-04T14:58:19.806+0000] {logging_mixin.py:188} INFO - [2026-07-04T14:58:19.805+0000] {dag.py:3089} INFO - Sync 1 DAGs
[2026-07-04T14:58:19.832+0000] {logging_mixin.py:188} INFO - [2026-07-04T14:58:19.831+0000] {dag.py:3947} INFO - Setting next_dagrun for minio_to_snowflake_ecommerce to 2026-07-04 14:57:00+00:00, run_after=2026-07-04 14:58:00+00:00
[2026-07-04T14:58:19.853+0000] {processor.py:183} INFO - Processing /opt/airflow/dags/minio_to_snowflake_dag.py took 0.790 seconds
[2026-07-04T14:58:50.169+0000] {processor.py:161} INFO - Started process (PID=39466) to work on /opt/airflow/dags/minio_to_snowflake_dag.py
[2026-07-04T14:58:50.171+0000] {processor.py:830} INFO - Processing file /opt/airflow/dags/minio_to_snowflake_dag.py for tasks to queue
[2026-07-04T14:58:50.174+0000] {logging_mixin.py:188} INFO - [2026-07-04T14:58:50.173+0000] {dagbag.py:545} INFO - Filling up the DagBag from /opt/airflow/dags/minio_to_snowflake_dag.py
[2026-07-04T14:58:50.894+0000] {processor.py:840} INFO - DAG(s) 'minio_to_snowflake_ecommerce' retrieved from /opt/airflow/dags/minio_to_snowflake_dag.py
[2026-07-04T14:58:50.919+0000] {logging_mixin.py:188} INFO - [2026-07-04T14:58:50.919+0000] {dag.py:3089} INFO - Sync 1 DAGs
[2026-07-04T14:58:50.942+0000] {logging_mixin.py:188} INFO - [2026-07-04T14:58:50.942+0000] {dag.py:3947} INFO - Setting next_dagrun for minio_to_snowflake_ecommerce to 2026-07-04 14:57:00+00:00, run_after=2026-07-04 14:58:00+00:00
[2026-07-04T14:58:50.965+0000] {processor.py:183} INFO - Processing /opt/airflow/dags/minio_to_snowflake_dag.py took 0.803 seconds
[2026-07-04T14:59:21.183+0000] {processor.py:161} INFO - Started process (PID=39570) to work on /opt/airflow/dags/minio_to_snowflake_dag.py
[2026-07-04T14:59:21.184+0000] {processor.py:830} INFO - Processing file /opt/airflow/dags/minio_to_snowflake_dag.py for tasks to queue
[2026-07-04T14:59:21.187+0000] {logging_mixin.py:188} INFO - [2026-07-04T14:59:21.186+0000] {dagbag.py:545} INFO - Filling up the DagBag from /opt/airflow/dags/minio_to_snowflake_dag.py
[2026-07-04T14:59:21.913+0000] {processor.py:840} INFO - DAG(s) 'minio_to_snowflake_ecommerce' retrieved from /opt/airflow/dags/minio_to_snowflake_dag.py
[2026-07-04T14:59:21.940+0000] {logging_mixin.py:188} INFO - [2026-07-04T14:59:21.939+0000] {dag.py:3089} INFO - Sync 1 DAGs
[2026-07-04T14:59:21.967+0000] {logging_mixin.py:188} INFO - [2026-07-04T14:59:21.967+0000] {dag.py:3947} INFO - Setting next_dagrun for minio_to_snowflake_ecommerce to 2026-07-04 14:58:00+00:00, run_after=2026-07-04 14:59:00+00:00
[2026-07-04T14:59:21.992+0000] {processor.py:183} INFO - Processing /opt/airflow/dags/minio_to_snowflake_dag.py took 0.817 seconds
[2026-07-04T14:59:52.424+0000] {processor.py:161} INFO - Started process (PID=39610) to work on /opt/airflow/dags/minio_to_snowflake_dag.py
[2026-07-04T14:59:52.425+0000] {processor.py:830} INFO - Processing file /opt/airflow/dags/minio_to_snowflake_dag.py for tasks to queue
[2026-07-04T14:59:52.427+0000] {logging_mixin.py:188} INFO - [2026-07-04T14:59:52.427+0000] {dagbag.py:545} INFO - Filling up the DagBag from /opt/airflow/dags/minio_to_snowflake_dag.py
[2026-07-04T14:59:53.150+0000] {processor.py:840} INFO - DAG(s) 'minio_to_snowflake_ecommerce' retrieved from /opt/airflow/dags/minio_to_snowflake_dag.py
[2026-07-04T14:59:53.177+0000] {logging_mixin.py:188} INFO - [2026-07-04T14:59:53.177+0000] {dag.py:3089} INFO - Sync 1 DAGs
[2026-07-04T14:59:53.202+0000] {logging_mixin.py:188} INFO - [2026-07-04T14:59:53.201+0000] {dag.py:3947} INFO - Setting next_dagrun for minio_to_snowflake_ecommerce to 2026-07-04 14:58:00+00:00, run_after=2026-07-04 14:59:00+00:00
[2026-07-04T14:59:53.228+0000] {processor.py:183} INFO - Processing /opt/airflow/dags/minio_to_snowflake_dag.py took 0.812 seconds
[2026-07-04T15:00:23.589+0000] {processor.py:161} INFO - Started process (PID=39712) to work on /opt/airflow/dags/minio_to_snowflake_dag.py
[2026-07-04T15:00:23.590+0000] {processor.py:830} INFO - Processing file /opt/airflow/dags/minio_to_snowflake_dag.py for tasks to queue
[2026-07-04T15:00:23.593+0000] {logging_mixin.py:188} INFO - [2026-07-04T15:00:23.593+0000] {dagbag.py:545} INFO - Filling up the DagBag from /opt/airflow/dags/minio_to_snowflake_dag.py
[2026-07-04T15:00:24.291+0000] {processor.py:840} INFO - DAG(s) 'minio_to_snowflake_ecommerce' retrieved from /opt/airflow/dags/minio_to_snowflake_dag.py
[2026-07-04T15:00:24.318+0000] {logging_mixin.py:188} INFO - [2026-07-04T15:00:24.318+0000] {dag.py:3089} INFO - Sync 1 DAGs
[2026-07-04T15:00:24.345+0000] {logging_mixin.py:188} INFO - [2026-07-04T15:00:24.345+0000] {dag.py:3947} INFO - Setting next_dagrun for minio_to_snowflake_ecommerce to 2026-07-04 14:59:00+00:00, run_after=2026-07-04 15:00:00+00:00
[2026-07-04T15:00:24.370+0000] {processor.py:183} INFO - Processing /opt/airflow/dags/minio_to_snowflake_dag.py took 0.788 seconds
[2026-07-04T15:00:54.711+0000] {processor.py:161} INFO - Started process (PID=39816) to work on /opt/airflow/dags/minio_to_snowflake_dag.py
[2026-07-04T15:00:54.712+0000] {processor.py:830} INFO - Processing file /opt/airflow/dags/minio_to_snowflake_dag.py for tasks to queue
[2026-07-04T15:00:54.714+0000] {logging_mixin.py:188} INFO - [2026-07-04T15:00:54.713+0000] {dagbag.py:545} INFO - Filling up the DagBag from /opt/airflow/dags/minio_to_snowflake_dag.py
[2026-07-04T15:00:55.395+0000] {processor.py:840} INFO - DAG(s) 'minio_to_snowflake_ecommerce' retrieved from /opt/airflow/dags/minio_to_snowflake_dag.py
[2026-07-04T15:00:55.423+0000] {logging_mixin.py:188} INFO - [2026-07-04T15:00:55.422+0000] {dag.py:3089} INFO - Sync 1 DAGs
[2026-07-04T15:00:55.448+0000] {logging_mixin.py:188} INFO - [2026-07-04T15:00:55.448+0000] {dag.py:3947} INFO - Setting next_dagrun for minio_to_snowflake_ecommerce to 2026-07-04 14:59:00+00:00, run_after=2026-07-04 15:00:00+00:00
[2026-07-04T15:00:55.467+0000] {processor.py:183} INFO - Processing /opt/airflow/dags/minio_to_snowflake_dag.py took 0.763 seconds
[2026-07-04T15:01:25.885+0000] {processor.py:161} INFO - Started process (PID=39921) to work on /opt/airflow/dags/minio_to_snowflake_dag.py
[2026-07-04T15:01:25.886+0000] {processor.py:830} INFO - Processing file /opt/airflow/dags/minio_to_snowflake_dag.py for tasks to queue
[2026-07-04T15:01:25.888+0000] {logging_mixin.py:188} INFO - [2026-07-04T15:01:25.888+0000] {dagbag.py:545} INFO - Filling up the DagBag from /opt/airflow/dags/minio_to_snowflake_dag.py
[2026-07-04T15:01:26.591+0000] {processor.py:840} INFO - DAG(s) 'minio_to_snowflake_ecommerce' retrieved from /opt/airflow/dags/minio_to_snowflake_dag.py
[2026-07-04T15:01:26.616+0000] {logging_mixin.py:188} INFO - [2026-07-04T15:01:26.616+0000] {dag.py:3089} INFO - Sync 1 DAGs
[2026-07-04T15:01:26.640+0000] {logging_mixin.py:188} INFO - [2026-07-04T15:01:26.639+0000] {dag.py:3947} INFO - Setting next_dagrun for minio_to_snowflake_ecommerce to 2026-07-04 15:00:00+00:00, run_after=2026-07-04 15:01:00+00:00
[2026-07-04T15:01:26.661+0000] {processor.py:183} INFO - Processing /opt/airflow/dags/minio_to_snowflake_dag.py took 0.783 seconds
[2026-07-04T15:01:56.757+0000] {processor.py:161} INFO - Started process (PID=40026) to work on /opt/airflow/dags/minio_to_snowflake_dag.py
[2026-07-04T15:01:56.759+0000] {processor.py:830} INFO - Processing file /opt/airflow/dags/minio_to_snowflake_dag.py for tasks to queue
[2026-07-04T15:01:56.761+0000] {logging_mixin.py:188} INFO - [2026-07-04T15:01:56.761+0000] {dagbag.py:545} INFO - Filling up the DagBag from /opt/airflow/dags/minio_to_snowflake_dag.py
[2026-07-04T15:01:57.452+0000] {processor.py:840} INFO - DAG(s) 'minio_to_snowflake_ecommerce' retrieved from /opt/airflow/dags/minio_to_snowflake_dag.py
[2026-07-04T15:01:57.479+0000] {logging_mixin.py:188} INFO - [2026-07-04T15:01:57.478+0000] {dag.py:3089} INFO - Sync 1 DAGs
[2026-07-04T15:01:57.503+0000] {logging_mixin.py:188} INFO - [2026-07-04T15:01:57.503+0000] {dag.py:3947} INFO - Setting next_dagrun for minio_to_snowflake_ecommerce to 2026-07-04 15:00:00+00:00, run_after=2026-07-04 15:01:00+00:00
[2026-07-04T15:01:57.528+0000] {processor.py:183} INFO - Processing /opt/airflow/dags/minio_to_snowflake_dag.py took 0.778 seconds
[2026-07-04T15:02:27.866+0000] {processor.py:161} INFO - Started process (PID=40131) to work on /opt/airflow/dags/minio_to_snowflake_dag.py
[2026-07-04T15:02:27.867+0000] {processor.py:830} INFO - Processing file /opt/airflow/dags/minio_to_snowflake_dag.py for tasks to queue
[2026-07-04T15:02:27.869+0000] {logging_mixin.py:188} INFO - [2026-07-04T15:02:27.869+0000] {dagbag.py:545} INFO - Filling up the DagBag from /opt/airflow/dags/minio_to_snowflake_dag.py
[2026-07-04T15:02:28.574+0000] {processor.py:840} INFO - DAG(s) 'minio_to_snowflake_ecommerce' retrieved from /opt/airflow/dags/minio_to_snowflake_dag.py
[2026-07-04T15:02:28.598+0000] {logging_mixin.py:188} INFO - [2026-07-04T15:02:28.597+0000] {dag.py:3089} INFO - Sync 1 DAGs
[2026-07-04T15:02:28.624+0000] {logging_mixin.py:188} INFO - [2026-07-04T15:02:28.624+0000] {dag.py:3947} INFO - Setting next_dagrun for minio_to_snowflake_ecommerce to 2026-07-04 15:01:00+00:00, run_after=2026-07-04 15:02:00+00:00
[2026-07-04T15:02:28.644+0000] {processor.py:183} INFO - Processing /opt/airflow/dags/minio_to_snowflake_dag.py took 0.784 seconds
[2026-07-04T15:02:59.094+0000] {processor.py:161} INFO - Started process (PID=40219) to work on /opt/airflow/dags/minio_to_snowflake_dag.py
[2026-07-04T15:02:59.095+0000] {processor.py:830} INFO - Processing file /opt/airflow/dags/minio_to_snowflake_dag.py for tasks to queue
[2026-07-04T15:02:59.098+0000] {logging_mixin.py:188} INFO - [2026-07-04T15:02:59.097+0000] {dagbag.py:545} INFO - Filling up the DagBag from /opt/airflow/dags/minio_to_snowflake_dag.py
[2026-07-04T15:02:59.805+0000] {processor.py:840} INFO - DAG(s) 'minio_to_snowflake_ecommerce' retrieved from /opt/airflow/dags/minio_to_snowflake_dag.py
[2026-07-04T15:02:59.831+0000] {logging_mixin.py:188} INFO - [2026-07-04T15:02:59.831+0000] {dag.py:3089} INFO - Sync 1 DAGs
[2026-07-04T15:02:59.859+0000] {logging_mixin.py:188} INFO - [2026-07-04T15:02:59.859+0000] {dag.py:3947} INFO - Setting next_dagrun for minio_to_snowflake_ecommerce to 2026-07-04 15:01:00+00:00, run_after=2026-07-04 15:02:00+00:00
[2026-07-04T15:02:59.883+0000] {processor.py:183} INFO - Processing /opt/airflow/dags/minio_to_snowflake_dag.py took 0.797 seconds
[2026-07-04T15:03:30.007+0000] {processor.py:161} INFO - Started process (PID=40314) to work on /opt/airflow/dags/minio_to_snowflake_dag.py
[2026-07-04T15:03:30.008+0000] {processor.py:830} INFO - Processing file /opt/airflow/dags/minio_to_snowflake_dag.py for tasks to queue
[2026-07-04T15:03:30.010+0000] {logging_mixin.py:188} INFO - [2026-07-04T15:03:30.010+0000] {dagbag.py:545} INFO - Filling up the DagBag from /opt/airflow/dags/minio_to_snowflake_dag.py
[2026-07-04T15:03:30.757+0000] {processor.py:840} INFO - DAG(s) 'minio_to_snowflake_ecommerce' retrieved from /opt/airflow/dags/minio_to_snowflake_dag.py
[2026-07-04T15:03:30.790+0000] {logging_mixin.py:188} INFO - [2026-07-04T15:03:30.789+0000] {dag.py:3089} INFO - Sync 1 DAGs
[2026-07-04T15:03:30.815+0000] {logging_mixin.py:188} INFO - [2026-07-04T15:03:30.815+0000] {dag.py:3947} INFO - Setting next_dagrun for minio_to_snowflake_ecommerce to 2026-07-04 15:02:00+00:00, run_after=2026-07-04 15:03:00+00:00
[2026-07-04T15:03:30.836+0000] {processor.py:183} INFO - Processing /opt/airflow/dags/minio_to_snowflake_dag.py took 0.836 seconds
[2026-07-04T15:04:01.215+0000] {processor.py:161} INFO - Started process (PID=40412) to work on /opt/airflow/dags/minio_to_snowflake_dag.py
[2026-07-04T15:04:01.216+0000] {processor.py:830} INFO - Processing file /opt/airflow/dags/minio_to_snowflake_dag.py for tasks to queue
[2026-07-04T15:04:01.218+0000] {logging_mixin.py:188} INFO - [2026-07-04T15:04:01.218+0000] {dagbag.py:545} INFO - Filling up the DagBag from /opt/airflow/dags/minio_to_snowflake_dag.py
[2026-07-04T15:04:01.946+0000] {processor.py:840} INFO - DAG(s) 'minio_to_snowflake_ecommerce' retrieved from /opt/airflow/dags/minio_to_snowflake_dag.py
[2026-07-04T15:04:01.970+0000] {logging_mixin.py:188} INFO - [2026-07-04T15:04:01.970+0000] {dag.py:3089} INFO - Sync 1 DAGs
[2026-07-04T15:04:01.997+0000] {logging_mixin.py:188} INFO - [2026-07-04T15:04:01.996+0000] {dag.py:3947} INFO - Setting next_dagrun for minio_to_snowflake_ecommerce to 2026-07-04 15:03:00+00:00, run_after=2026-07-04 15:04:00+00:00
[2026-07-04T15:04:02.020+0000] {processor.py:183} INFO - Processing /opt/airflow/dags/minio_to_snowflake_dag.py took 0.813 seconds
[2026-07-04T15:04:32.526+0000] {processor.py:161} INFO - Started process (PID=40511) to work on /opt/airflow/dags/minio_to_snowflake_dag.py
[2026-07-04T15:04:32.527+0000] {processor.py:830} INFO - Processing file /opt/airflow/dags/minio_to_snowflake_dag.py for tasks to queue
[2026-07-04T15:04:32.530+0000] {logging_mixin.py:188} INFO - [2026-07-04T15:04:32.529+0000] {dagbag.py:545} INFO - Filling up the DagBag from /opt/airflow/dags/minio_to_snowflake_dag.py
[2026-07-04T15:04:33.238+0000] {processor.py:840} INFO - DAG(s) 'minio_to_snowflake_ecommerce' retrieved from /opt/airflow/dags/minio_to_snowflake_dag.py
[2026-07-04T15:04:33.264+0000] {logging_mixin.py:188} INFO - [2026-07-04T15:04:33.263+0000] {dag.py:3089} INFO - Sync 1 DAGs
[2026-07-04T15:04:33.289+0000] {logging_mixin.py:188} INFO - [2026-07-04T15:04:33.289+0000] {dag.py:3947} INFO - Setting next_dagrun for minio_to_snowflake_ecommerce to 2026-07-04 15:03:00+00:00, run_after=2026-07-04 15:04:00+00:00
[2026-07-04T15:04:33.315+0000] {processor.py:183} INFO - Processing /opt/airflow/dags/minio_to_snowflake_dag.py took 0.797 seconds
[2026-07-04T15:05:03.744+0000] {processor.py:161} INFO - Started process (PID=40606) to work on /opt/airflow/dags/minio_to_snowflake_dag.py
[2026-07-04T15:05:03.745+0000] {processor.py:830} INFO - Processing file /opt/airflow/dags/minio_to_snowflake_dag.py for tasks to queue
[2026-07-04T15:05:03.748+0000] {logging_mixin.py:188} INFO - [2026-07-04T15:05:03.747+0000] {dagbag.py:545} INFO - Filling up the DagBag from /opt/airflow/dags/minio_to_snowflake_dag.py
[2026-07-04T15:05:04.451+0000] {processor.py:840} INFO - DAG(s) 'minio_to_snowflake_ecommerce' retrieved from /opt/airflow/dags/minio_to_snowflake_dag.py
[2026-07-04T15:05:04.477+0000] {logging_mixin.py:188} INFO - [2026-07-04T15:05:04.477+0000] {dag.py:3089} INFO - Sync 1 DAGs
[2026-07-04T15:05:04.503+0000] {logging_mixin.py:188} INFO - [2026-07-04T15:05:04.503+0000] {dag.py:3947} INFO - Setting next_dagrun for minio_to_snowflake_ecommerce to 2026-07-04 15:04:00+00:00, run_after=2026-07-04 15:05:00+00:00
[2026-07-04T15:05:04.537+0000] {processor.py:183} INFO - Processing /opt/airflow/dags/minio_to_snowflake_dag.py took 0.801 seconds
[2026-07-04T15:05:34.920+0000] {processor.py:161} INFO - Started process (PID=40702) to work on /opt/airflow/dags/minio_to_snowflake_dag.py
[2026-07-04T15:05:34.921+0000] {processor.py:830} INFO - Processing file /opt/airflow/dags/minio_to_snowflake_dag.py for tasks to queue
[2026-07-04T15:05:34.924+0000] {logging_mixin.py:188} INFO - [2026-07-04T15:05:34.923+0000] {dagbag.py:545} INFO - Filling up the DagBag from /opt/airflow/dags/minio_to_snowflake_dag.py
[2026-07-04T15:05:35.633+0000] {processor.py:840} INFO - DAG(s) 'minio_to_snowflake_ecommerce' retrieved from /opt/airflow/dags/minio_to_snowflake_dag.py
[2026-07-04T15:05:35.658+0000] {logging_mixin.py:188} INFO - [2026-07-04T15:05:35.658+0000] {dag.py:3089} INFO - Sync 1 DAGs
[2026-07-04T15:05:35.682+0000] {logging_mixin.py:188} INFO - [2026-07-04T15:05:35.682+0000] {dag.py:3947} INFO - Setting next_dagrun for minio_to_snowflake_ecommerce to 2026-07-04 15:04:00+00:00, run_after=2026-07-04 15:05:00+00:00
[2026-07-04T15:05:35.702+0000] {processor.py:183} INFO - Processing /opt/airflow/dags/minio_to_snowflake_dag.py took 0.790 seconds
[2026-07-04T15:06:05.816+0000] {processor.py:161} INFO - Started process (PID=40800) to work on /opt/airflow/dags/minio_to_snowflake_dag.py
[2026-07-04T15:06:05.817+0000] {processor.py:830} INFO - Processing file /opt/airflow/dags/minio_to_snowflake_dag.py for tasks to queue
[2026-07-04T15:06:05.819+0000] {logging_mixin.py:188} INFO - [2026-07-04T15:06:05.818+0000] {dagbag.py:545} INFO - Filling up the DagBag from /opt/airflow/dags/minio_to_snowflake_dag.py
[2026-07-04T15:06:06.506+0000] {processor.py:840} INFO - DAG(s) 'minio_to_snowflake_ecommerce' retrieved from /opt/airflow/dags/minio_to_snowflake_dag.py
[2026-07-04T15:06:06.533+0000] {logging_mixin.py:188} INFO - [2026-07-04T15:06:06.532+0000] {dag.py:3089} INFO - Sync 1 DAGs
[2026-07-04T15:06:06.558+0000] {logging_mixin.py:188} INFO - [2026-07-04T15:06:06.557+0000] {dag.py:3947} INFO - Setting next_dagrun for minio_to_snowflake_ecommerce to 2026-07-04 15:05:00+00:00, run_after=2026-07-04 15:06:00+00:00
[2026-07-04T15:06:06.585+0000] {processor.py:183} INFO - Processing /opt/airflow/dags/minio_to_snowflake_dag.py took 0.777 seconds
[2026-07-04T15:06:36.902+0000] {processor.py:161} INFO - Started process (PID=40897) to work on /opt/airflow/dags/minio_to_snowflake_dag.py
[2026-07-04T15:06:36.903+0000] {processor.py:830} INFO - Processing file /opt/airflow/dags/minio_to_snowflake_dag.py for tasks to queue
[2026-07-04T15:06:36.906+0000] {logging_mixin.py:188} INFO - [2026-07-04T15:06:36.905+0000] {dagbag.py:545} INFO - Filling up the DagBag from /opt/airflow/dags/minio_to_snowflake_dag.py
[2026-07-04T15:06:37.638+0000] {processor.py:840} INFO - DAG(s) 'minio_to_snowflake_ecommerce' retrieved from /opt/airflow/dags/minio_to_snowflake_dag.py
[2026-07-04T15:06:37.663+0000] {logging_mixin.py:188} INFO - [2026-07-04T15:06:37.662+0000] {dag.py:3089} INFO - Sync 1 DAGs
[2026-07-04T15:06:37.687+0000] {logging_mixin.py:188} INFO - [2026-07-04T15:06:37.687+0000] {dag.py:3947} INFO - Setting next_dagrun for minio_to_snowflake_ecommerce to 2026-07-04 15:05:00+00:00, run_after=2026-07-04 15:06:00+00:00
[2026-07-04T15:06:37.709+0000] {processor.py:183} INFO - Processing /opt/airflow/dags/minio_to_snowflake_dag.py took 0.816 seconds
[2026-07-04T15:07:08.052+0000] {processor.py:161} INFO - Started process (PID=41003) to work on /opt/airflow/dags/minio_to_snowflake_dag.py
[2026-07-04T15:07:08.053+0000] {processor.py:830} INFO - Processing file /opt/airflow/dags/minio_to_snowflake_dag.py for tasks to queue
[2026-07-04T15:07:08.056+0000] {logging_mixin.py:188} INFO - [2026-07-04T15:07:08.055+0000] {dagbag.py:545} INFO - Filling up the DagBag from /opt/airflow/dags/minio_to_snowflake_dag.py
[2026-07-04T15:07:08.747+0000] {processor.py:840} INFO - DAG(s) 'minio_to_snowflake_ecommerce' retrieved from /opt/airflow/dags/minio_to_snowflake_dag.py
[2026-07-04T15:07:08.777+0000] {logging_mixin.py:188} INFO - [2026-07-04T15:07:08.776+0000] {dag.py:3089} INFO - Sync 1 DAGs
[2026-07-04T15:07:08.810+0000] {logging_mixin.py:188} INFO - [2026-07-04T15:07:08.809+0000] {dag.py:3947} INFO - Setting next_dagrun for minio_to_snowflake_ecommerce to 2026-07-04 15:06:00+00:00, run_after=2026-07-04 15:07:00+00:00
[2026-07-04T15:07:08.840+0000] {processor.py:183} INFO - Processing /opt/airflow/dags/minio_to_snowflake_dag.py took 0.795 seconds
[2026-07-04T15:07:39.036+0000] {processor.py:161} INFO - Started process (PID=41108) to work on /opt/airflow/dags/minio_to_snowflake_dag.py
[2026-07-04T15:07:39.037+0000] {processor.py:830} INFO - Processing file /opt/airflow/dags/minio_to_snowflake_dag.py for tasks to queue
[2026-07-04T15:07:39.039+0000] {logging_mixin.py:188} INFO - [2026-07-04T15:07:39.039+0000] {dagbag.py:545} INFO - Filling up the DagBag from /opt/airflow/dags/minio_to_snowflake_dag.py
[2026-07-04T15:07:39.763+0000] {processor.py:840} INFO - DAG(s) 'minio_to_snowflake_ecommerce' retrieved from /opt/airflow/dags/minio_to_snowflake_dag.py
[2026-07-04T15:07:39.789+0000] {logging_mixin.py:188} INFO - [2026-07-04T15:07:39.788+0000] {dag.py:3089} INFO - Sync 1 DAGs
[2026-07-04T15:07:39.813+0000] {logging_mixin.py:188} INFO - [2026-07-04T15:07:39.812+0000] {dag.py:3947} INFO - Setting next_dagrun for minio_to_snowflake_ecommerce to 2026-07-04 15:06:00+00:00, run_after=2026-07-04 15:07:00+00:00
[2026-07-04T15:07:39.835+0000] {processor.py:183} INFO - Processing /opt/airflow/dags/minio_to_snowflake_dag.py took 0.807 seconds
[2026-07-04T15:08:10.258+0000] {processor.py:161} INFO - Started process (PID=41212) to work on /opt/airflow/dags/minio_to_snowflake_dag.py
[2026-07-04T15:08:10.259+0000] {processor.py:830} INFO - Processing file /opt/airflow/dags/minio_to_snowflake_dag.py for tasks to queue
[2026-07-04T15:08:10.262+0000] {logging_mixin.py:188} INFO - [2026-07-04T15:08:10.261+0000] {dagbag.py:545} INFO - Filling up the DagBag from /opt/airflow/dags/minio_to_snowflake_dag.py
[2026-07-04T15:08:10.955+0000] {processor.py:840} INFO - DAG(s) 'minio_to_snowflake_ecommerce' retrieved from /opt/airflow/dags/minio_to_snowflake_dag.py
[2026-07-04T15:08:10.980+0000] {logging_mixin.py:188} INFO - [2026-07-04T15:08:10.980+0000] {dag.py:3089} INFO - Sync 1 DAGs
[2026-07-04T15:08:11.004+0000] {logging_mixin.py:188} INFO - [2026-07-04T15:08:11.004+0000] {dag.py:3947} INFO - Setting next_dagrun for minio_to_snowflake_ecommerce to 2026-07-04 15:07:00+00:00, run_after=2026-07-04 15:08:00+00:00
[2026-07-04T15:08:11.026+0000] {processor.py:183} INFO - Processing /opt/airflow/dags/minio_to_snowflake_dag.py took 0.776 seconds
[2026-07-04T15:08:41.453+0000] {processor.py:161} INFO - Started process (PID=41319) to work on /opt/airflow/dags/minio_to_snowflake_dag.py
[2026-07-04T15:08:41.455+0000] {processor.py:830} INFO - Processing file /opt/airflow/dags/minio_to_snowflake_dag.py for tasks to queue
[2026-07-04T15:08:41.457+0000] {logging_mixin.py:188} INFO - [2026-07-04T15:08:41.457+0000] {dagbag.py:545} INFO - Filling up the DagBag from /opt/airflow/dags/minio_to_snowflake_dag.py
[2026-07-04T15:08:42.178+0000] {processor.py:840} INFO - DAG(s) 'minio_to_snowflake_ecommerce' retrieved from /opt/airflow/dags/minio_to_snowflake_dag.py
[2026-07-04T15:08:42.202+0000] {logging_mixin.py:188} INFO - [2026-07-04T15:08:42.202+0000] {dag.py:3089} INFO - Sync 1 DAGs
[2026-07-04T15:08:42.228+0000] {logging_mixin.py:188} INFO - [2026-07-04T15:08:42.228+0000] {dag.py:3947} INFO - Setting next_dagrun for minio_to_snowflake_ecommerce to 2026-07-04 15:07:00+00:00, run_after=2026-07-04 15:08:00+00:00
[2026-07-04T15:08:42.248+0000] {processor.py:183} INFO - Processing /opt/airflow/dags/minio_to_snowflake_dag.py took 0.802 seconds
[2026-07-04T15:09:12.635+0000] {processor.py:161} INFO - Started process (PID=41422) to work on /opt/airflow/dags/minio_to_snowflake_dag.py
[2026-07-04T15:09:12.636+0000] {processor.py:830} INFO - Processing file /opt/airflow/dags/minio_to_snowflake_dag.py for tasks to queue
[2026-07-04T15:09:12.639+0000] {logging_mixin.py:188} INFO - [2026-07-04T15:09:12.638+0000] {dagbag.py:545} INFO - Filling up the DagBag from /opt/airflow/dags/minio_to_snowflake_dag.py
[2026-07-04T15:09:13.342+0000] {processor.py:840} INFO - DAG(s) 'minio_to_snowflake_ecommerce' retrieved from /opt/airflow/dags/minio_to_snowflake_dag.py
[2026-07-04T15:09:13.366+0000] {logging_mixin.py:188} INFO - [2026-07-04T15:09:13.366+0000] {dag.py:3089} INFO - Sync 1 DAGs
[2026-07-04T15:09:13.391+0000] {logging_mixin.py:188} INFO - [2026-07-04T15:09:13.391+0000] {dag.py:3947} INFO - Setting next_dagrun for minio_to_snowflake_ecommerce to 2026-07-04 15:08:00+00:00, run_after=2026-07-04 15:09:00+00:00
[2026-07-04T15:09:13.414+0000] {processor.py:183} INFO - Processing /opt/airflow/dags/minio_to_snowflake_dag.py took 0.786 seconds
[2026-07-04T15:09:43.859+0000] {processor.py:161} INFO - Started process (PID=41523) to work on /opt/airflow/dags/minio_to_snowflake_dag.py
[2026-07-04T15:09:43.860+0000] {processor.py:830} INFO - Processing file /opt/airflow/dags/minio_to_snowflake_dag.py for tasks to queue
[2026-07-04T15:09:43.862+0000] {logging_mixin.py:188} INFO - [2026-07-04T15:09:43.862+0000] {dagbag.py:545} INFO - Filling up the DagBag from /opt/airflow/dags/minio_to_snowflake_dag.py
[2026-07-04T15:09:44.581+0000] {processor.py:840} INFO - DAG(s) 'minio_to_snowflake_ecommerce' retrieved from /opt/airflow/dags/minio_to_snowflake_dag.py
[2026-07-04T15:09:44.606+0000] {logging_mixin.py:188} INFO - [2026-07-04T15:09:44.605+0000] {dag.py:3089} INFO - Sync 1 DAGs
[2026-07-04T15:09:44.633+0000] {logging_mixin.py:188} INFO - [2026-07-04T15:09:44.633+0000] {dag.py:3947} INFO - Setting next_dagrun for minio_to_snowflake_ecommerce to 2026-07-04 15:08:00+00:00, run_after=2026-07-04 15:09:00+00:00
[2026-07-04T15:09:44.657+0000] {processor.py:183} INFO - Processing /opt/airflow/dags/minio_to_snowflake_dag.py took 0.806 seconds
[2026-07-04T15:10:14.776+0000] {processor.py:161} INFO - Started process (PID=41626) to work on /opt/airflow/dags/minio_to_snowflake_dag.py
[2026-07-04T15:10:14.777+0000] {processor.py:830} INFO - Processing file /opt/airflow/dags/minio_to_snowflake_dag.py for tasks to queue
[2026-07-04T15:10:14.780+0000] {logging_mixin.py:188} INFO - [2026-07-04T15:10:14.779+0000] {dagbag.py:545} INFO - Filling up the DagBag from /opt/airflow/dags/minio_to_snowflake_dag.py
[2026-07-04T15:10:15.512+0000] {processor.py:840} INFO - DAG(s) 'minio_to_snowflake_ecommerce' retrieved from /opt/airflow/dags/minio_to_snowflake_dag.py
[2026-07-04T15:10:15.538+0000] {logging_mixin.py:188} INFO - [2026-07-04T15:10:15.538+0000] {dag.py:3089} INFO - Sync 1 DAGs
[2026-07-04T15:10:15.563+0000] {logging_mixin.py:188} INFO - [2026-07-04T15:10:15.563+0000] {dag.py:3947} INFO - Setting next_dagrun for minio_to_snowflake_ecommerce to 2026-07-04 15:09:00+00:00, run_after=2026-07-04 15:10:00+00:00
[2026-07-04T15:10:15.589+0000] {processor.py:183} INFO - Processing /opt/airflow/dags/minio_to_snowflake_dag.py took 0.820 seconds
[2026-07-04T15:10:45.832+0000] {processor.py:161} INFO - Started process (PID=41695) to work on /opt/airflow/dags/minio_to_snowflake_dag.py
[2026-07-04T15:10:45.833+0000] {processor.py:830} INFO - Processing file /opt/airflow/dags/minio_to_snowflake_dag.py for tasks to queue
[2026-07-04T15:10:45.836+0000] {logging_mixin.py:188} INFO - [2026-07-04T15:10:45.835+0000] {dagbag.py:545} INFO - Filling up the DagBag from /opt/airflow/dags/minio_to_snowflake_dag.py
[2026-07-04T15:10:46.580+0000] {processor.py:840} INFO - DAG(s) 'minio_to_snowflake_ecommerce' retrieved from /opt/airflow/dags/minio_to_snowflake_dag.py
[2026-07-04T15:10:46.605+0000] {logging_mixin.py:188} INFO - [2026-07-04T15:10:46.605+0000] {dag.py:3089} INFO - Sync 1 DAGs
[2026-07-04T15:10:46.628+0000] {logging_mixin.py:188} INFO - [2026-07-04T15:10:46.628+0000] {dag.py:3947} INFO - Setting next_dagrun for minio_to_snowflake_ecommerce to 2026-07-04 15:10:00+00:00, run_after=2026-07-04 15:11:00+00:00
[2026-07-04T15:10:46.647+0000] {processor.py:183} INFO - Processing /opt/airflow/dags/minio_to_snowflake_dag.py took 0.824 seconds
[2026-07-04T15:11:16.811+0000] {processor.py:161} INFO - Started process (PID=45481) to work on /opt/airflow/dags/minio_to_snowflake_dag.py
[2026-07-04T15:11:16.813+0000] {processor.py:830} INFO - Processing file /opt/airflow/dags/minio_to_snowflake_dag.py for tasks to queue
[2026-07-04T15:11:16.816+0000] {logging_mixin.py:188} INFO - [2026-07-04T15:11:16.815+0000] {dagbag.py:545} INFO - Filling up the DagBag from /opt/airflow/dags/minio_to_snowflake_dag.py
[2026-07-04T15:11:17.615+0000] {processor.py:840} INFO - DAG(s) 'minio_to_snowflake_ecommerce' retrieved from /opt/airflow/dags/minio_to_snowflake_dag.py
[2026-07-04T15:11:17.645+0000] {logging_mixin.py:188} INFO - [2026-07-04T15:11:17.644+0000] {dag.py:3089} INFO - Sync 1 DAGs
[2026-07-04T15:11:17.670+0000] {logging_mixin.py:188} INFO - [2026-07-04T15:11:17.670+0000] {dag.py:3947} INFO - Setting next_dagrun for minio_to_snowflake_ecommerce to 2026-07-04 15:10:00+00:00, run_after=2026-07-04 15:11:00+00:00
[2026-07-04T15:11:17.691+0000] {processor.py:183} INFO - Processing /opt/airflow/dags/minio_to_snowflake_dag.py took 0.889 seconds
[2026-07-04T15:11:47.869+0000] {processor.py:161} INFO - Started process (PID=48716) to work on /opt/airflow/dags/minio_to_snowflake_dag.py
[2026-07-04T15:11:47.872+0000] {processor.py:830} INFO - Processing file /opt/airflow/dags/minio_to_snowflake_dag.py for tasks to queue
[2026-07-04T15:11:47.875+0000] {logging_mixin.py:188} INFO - [2026-07-04T15:11:47.874+0000] {dagbag.py:545} INFO - Filling up the DagBag from /opt/airflow/dags/minio_to_snowflake_dag.py
[2026-07-04T15:11:48.652+0000] {processor.py:840} INFO - DAG(s) 'minio_to_snowflake_ecommerce' retrieved from /opt/airflow/dags/minio_to_snowflake_dag.py
[2026-07-04T15:11:48.678+0000] {logging_mixin.py:188} INFO - [2026-07-04T15:11:48.678+0000] {dag.py:3089} INFO - Sync 1 DAGs
[2026-07-04T15:11:48.701+0000] {logging_mixin.py:188} INFO - [2026-07-04T15:11:48.701+0000] {dag.py:3947} INFO - Setting next_dagrun for minio_to_snowflake_ecommerce to 2026-07-04 15:10:00+00:00, run_after=2026-07-04 15:11:00+00:00
[2026-07-04T15:11:48.720+0000] {processor.py:183} INFO - Processing /opt/airflow/dags/minio_to_snowflake_dag.py took 0.864 seconds
[2026-07-04T15:12:18.795+0000] {processor.py:161} INFO - Started process (PID=48786) to work on /opt/airflow/dags/minio_to_snowflake_dag.py
[2026-07-04T15:12:18.796+0000] {processor.py:830} INFO - Processing file /opt/airflow/dags/minio_to_snowflake_dag.py for tasks to queue
[2026-07-04T15:12:18.799+0000] {logging_mixin.py:188} INFO - [2026-07-04T15:12:18.799+0000] {dagbag.py:545} INFO - Filling up the DagBag from /opt/airflow/dags/minio_to_snowflake_dag.py
[2026-07-04T15:12:19.587+0000] {processor.py:840} INFO - DAG(s) 'minio_to_snowflake_ecommerce' retrieved from /opt/airflow/dags/minio_to_snowflake_dag.py
[2026-07-04T15:12:19.614+0000] {logging_mixin.py:188} INFO - [2026-07-04T15:12:19.613+0000] {dag.py:3089} INFO - Sync 1 DAGs
[2026-07-04T15:12:19.638+0000] {logging_mixin.py:188} INFO - [2026-07-04T15:12:19.638+0000] {dag.py:3947} INFO - Setting next_dagrun for minio_to_snowflake_ecommerce to 2026-07-04 15:11:00+00:00, run_after=2026-07-04 15:12:00+00:00
[2026-07-04T15:12:19.656+0000] {processor.py:183} INFO - Processing /opt/airflow/dags/minio_to_snowflake_dag.py took 0.871 seconds
[2026-07-04T15:12:49.953+0000] {processor.py:161} INFO - Started process (PID=48861) to work on /opt/airflow/dags/minio_to_snowflake_dag.py
[2026-07-04T15:12:49.954+0000] {processor.py:830} INFO - Processing file /opt/airflow/dags/minio_to_snowflake_dag.py for tasks to queue
[2026-07-04T15:12:49.957+0000] {logging_mixin.py:188} INFO - [2026-07-04T15:12:49.957+0000] {dagbag.py:545} INFO - Filling up the DagBag from /opt/airflow/dags/minio_to_snowflake_dag.py
[2026-07-04T15:12:51.006+0000] {processor.py:840} INFO - DAG(s) 'minio_to_snowflake_ecommerce' retrieved from /opt/airflow/dags/minio_to_snowflake_dag.py
[2026-07-04T15:12:51.045+0000] {logging_mixin.py:188} INFO - [2026-07-04T15:12:51.045+0000] {dag.py:3089} INFO - Sync 1 DAGs
[2026-07-04T15:12:51.077+0000] {logging_mixin.py:188} INFO - [2026-07-04T15:12:51.077+0000] {dag.py:3947} INFO - Setting next_dagrun for minio_to_snowflake_ecommerce to 2026-07-04 15:11:00+00:00, run_after=2026-07-04 15:12:00+00:00
[2026-07-04T15:12:51.102+0000] {processor.py:183} INFO - Processing /opt/airflow/dags/minio_to_snowflake_dag.py took 1.158 seconds
[2026-07-04T15:13:21.186+0000] {processor.py:161} INFO - Started process (PID=48934) to work on /opt/airflow/dags/minio_to_snowflake_dag.py
[2026-07-04T15:13:21.187+0000] {processor.py:830} INFO - Processing file /opt/airflow/dags/minio_to_snowflake_dag.py for tasks to queue
[2026-07-04T15:13:21.190+0000] {logging_mixin.py:188} INFO - [2026-07-04T15:13:21.189+0000] {dagbag.py:545} INFO - Filling up the DagBag from /opt/airflow/dags/minio_to_snowflake_dag.py
[2026-07-04T15:13:22.134+0000] {processor.py:840} INFO - DAG(s) 'minio_to_snowflake_ecommerce' retrieved from /opt/airflow/dags/minio_to_snowflake_dag.py
[2026-07-04T15:13:22.194+0000] {logging_mixin.py:188} INFO - [2026-07-04T15:13:22.193+0000] {dag.py:3089} INFO - Sync 1 DAGs
[2026-07-04T15:13:22.262+0000] {logging_mixin.py:188} INFO - [2026-07-04T15:13:22.262+0000] {dag.py:3947} INFO - Setting next_dagrun for minio_to_snowflake_ecommerce to 2026-07-04 15:12:00+00:00, run_after=2026-07-04 15:13:00+00:00
[2026-07-04T15:13:22.309+0000] {processor.py:183} INFO - Processing /opt/airflow/dags/minio_to_snowflake_dag.py took 1.130 seconds
[2026-07-04T15:13:52.846+0000] {processor.py:161} INFO - Started process (PID=49004) to work on /opt/airflow/dags/minio_to_snowflake_dag.py
[2026-07-04T15:13:52.852+0000] {processor.py:830} INFO - Processing file /opt/airflow/dags/minio_to_snowflake_dag.py for tasks to queue
[2026-07-04T15:13:52.866+0000] {logging_mixin.py:188} INFO - [2026-07-04T15:13:52.864+0000] {dagbag.py:545} INFO - Filling up the DagBag from /opt/airflow/dags/minio_to_snowflake_dag.py
[2026-07-04T15:13:54.610+0000] {processor.py:840} INFO - DAG(s) 'minio_to_snowflake_ecommerce' retrieved from /opt/airflow/dags/minio_to_snowflake_dag.py
[2026-07-04T15:13:54.652+0000] {logging_mixin.py:188} INFO - [2026-07-04T15:13:54.651+0000] {dag.py:3089} INFO - Sync 1 DAGs
[2026-07-04T15:13:54.687+0000] {logging_mixin.py:188} INFO - [2026-07-04T15:13:54.687+0000] {dag.py:3947} INFO - Setting next_dagrun for minio_to_snowflake_ecommerce to 2026-07-04 15:12:00+00:00, run_after=2026-07-04 15:13:00+00:00
[2026-07-04T15:13:54.716+0000] {processor.py:183} INFO - Processing /opt/airflow/dags/minio_to_snowflake_dag.py took 1.906 seconds
[2026-07-04T15:14:25.884+0000] {processor.py:161} INFO - Started process (PID=49070) to work on /opt/airflow/dags/minio_to_snowflake_dag.py
[2026-07-04T15:14:25.891+0000] {processor.py:830} INFO - Processing file /opt/airflow/dags/minio_to_snowflake_dag.py for tasks to queue
[2026-07-04T15:14:25.903+0000] {logging_mixin.py:188} INFO - [2026-07-04T15:14:25.901+0000] {dagbag.py:545} INFO - Filling up the DagBag from /opt/airflow/dags/minio_to_snowflake_dag.py
[2026-07-04T15:14:27.018+0000] {processor.py:840} INFO - DAG(s) 'minio_to_snowflake_ecommerce' retrieved from /opt/airflow/dags/minio_to_snowflake_dag.py
[2026-07-04T15:14:27.048+0000] {logging_mixin.py:188} INFO - [2026-07-04T15:14:27.047+0000] {dag.py:3089} INFO - Sync 1 DAGs
[2026-07-04T15:14:27.078+0000] {logging_mixin.py:188} INFO - [2026-07-04T15:14:27.078+0000] {dag.py:3947} INFO - Setting next_dagrun for minio_to_snowflake_ecommerce to 2026-07-04 15:13:00+00:00, run_after=2026-07-04 15:14:00+00:00
[2026-07-04T15:14:27.108+0000] {processor.py:183} INFO - Processing /opt/airflow/dags/minio_to_snowflake_dag.py took 1.258 seconds
[2026-07-04T15:14:57.377+0000] {processor.py:161} INFO - Started process (PID=49138) to work on /opt/airflow/dags/minio_to_snowflake_dag.py
[2026-07-04T15:14:57.380+0000] {processor.py:830} INFO - Processing file /opt/airflow/dags/minio_to_snowflake_dag.py for tasks to queue
[2026-07-04T15:14:57.387+0000] {logging_mixin.py:188} INFO - [2026-07-04T15:14:57.386+0000] {dagbag.py:545} INFO - Filling up the DagBag from /opt/airflow/dags/minio_to_snowflake_dag.py
[2026-07-04T15:14:58.526+0000] {processor.py:840} INFO - DAG(s) 'minio_to_snowflake_ecommerce' retrieved from /opt/airflow/dags/minio_to_snowflake_dag.py
[2026-07-04T15:14:58.558+0000] {logging_mixin.py:188} INFO - [2026-07-04T15:14:58.558+0000] {dag.py:3089} INFO - Sync 1 DAGs
[2026-07-04T15:14:58.589+0000] {logging_mixin.py:188} INFO - [2026-07-04T15:14:58.588+0000] {dag.py:3947} INFO - Setting next_dagrun for minio_to_snowflake_ecommerce to 2026-07-04 15:13:00+00:00, run_after=2026-07-04 15:14:00+00:00
[2026-07-04T15:14:58.617+0000] {processor.py:183} INFO - Processing /opt/airflow/dags/minio_to_snowflake_dag.py took 1.279 seconds
[2026-07-04T15:15:28.913+0000] {processor.py:161} INFO - Started process (PID=49216) to work on /opt/airflow/dags/minio_to_snowflake_dag.py
[2026-07-04T15:15:28.917+0000] {processor.py:830} INFO - Processing file /opt/airflow/dags/minio_to_snowflake_dag.py for tasks to queue
[2026-07-04T15:15:28.920+0000] {logging_mixin.py:188} INFO - [2026-07-04T15:15:28.919+0000] {dagbag.py:545} INFO - Filling up the DagBag from /opt/airflow/dags/minio_to_snowflake_dag.py
[2026-07-04T15:15:29.880+0000] {processor.py:840} INFO - DAG(s) 'minio_to_snowflake_ecommerce' retrieved from /opt/airflow/dags/minio_to_snowflake_dag.py
[2026-07-04T15:15:29.925+0000] {logging_mixin.py:188} INFO - [2026-07-04T15:15:29.925+0000] {dag.py:3089} INFO - Sync 1 DAGs
[2026-07-04T15:15:29.962+0000] {logging_mixin.py:188} INFO - [2026-07-04T15:15:29.961+0000] {dag.py:3947} INFO - Setting next_dagrun for minio_to_snowflake_ecommerce to 2026-07-04 15:14:00+00:00, run_after=2026-07-04 15:15:00+00:00
[2026-07-04T15:15:30.006+0000] {processor.py:183} INFO - Processing /opt/airflow/dags/minio_to_snowflake_dag.py took 1.104 seconds
[2026-07-04T15:16:00.326+0000] {processor.py:161} INFO - Started process (PID=49296) to work on /opt/airflow/dags/minio_to_snowflake_dag.py
[2026-07-04T15:16:00.330+0000] {processor.py:830} INFO - Processing file /opt/airflow/dags/minio_to_snowflake_dag.py for tasks to queue
[2026-07-04T15:16:00.348+0000] {logging_mixin.py:188} INFO - [2026-07-04T15:16:00.345+0000] {dagbag.py:545} INFO - Filling up the DagBag from /opt/airflow/dags/minio_to_snowflake_dag.py
[2026-07-04T15:16:02.053+0000] {processor.py:840} INFO - DAG(s) 'minio_to_snowflake_ecommerce' retrieved from /opt/airflow/dags/minio_to_snowflake_dag.py
[2026-07-04T15:16:02.124+0000] {logging_mixin.py:188} INFO - [2026-07-04T15:16:02.123+0000] {dag.py:3089} INFO - Sync 1 DAGs
[2026-07-04T15:16:02.191+0000] {logging_mixin.py:188} INFO - [2026-07-04T15:16:02.190+0000] {dag.py:3947} INFO - Setting next_dagrun for minio_to_snowflake_ecommerce to 2026-07-04 15:15:00+00:00, run_after=2026-07-04 15:16:00+00:00
[2026-07-04T15:16:02.225+0000] {processor.py:183} INFO - Processing /opt/airflow/dags/minio_to_snowflake_dag.py took 1.913 seconds
[2026-07-04T15:16:32.650+0000] {processor.py:161} INFO - Started process (PID=49375) to work on /opt/airflow/dags/minio_to_snowflake_dag.py
[2026-07-04T15:16:32.652+0000] {processor.py:830} INFO - Processing file /opt/airflow/dags/minio_to_snowflake_dag.py for tasks to queue
[2026-07-04T15:16:32.655+0000] {logging_mixin.py:188} INFO - [2026-07-04T15:16:32.654+0000] {dagbag.py:545} INFO - Filling up the DagBag from /opt/airflow/dags/minio_to_snowflake_dag.py
[2026-07-04T15:16:33.666+0000] {processor.py:840} INFO - DAG(s) 'minio_to_snowflake_ecommerce' retrieved from /opt/airflow/dags/minio_to_snowflake_dag.py
[2026-07-04T15:16:33.722+0000] {logging_mixin.py:188} INFO - [2026-07-04T15:16:33.721+0000] {dag.py:3089} INFO - Sync 1 DAGs
[2026-07-04T15:16:33.751+0000] {logging_mixin.py:188} INFO - [2026-07-04T15:16:33.751+0000] {dag.py:3947} INFO - Setting next_dagrun for minio_to_snowflake_ecommerce to 2026-07-04 15:15:00+00:00, run_after=2026-07-04 15:16:00+00:00
[2026-07-04T15:16:33.792+0000] {processor.py:183} INFO - Processing /opt/airflow/dags/minio_to_snowflake_dag.py took 1.159 seconds
[2026-07-04T15:17:04.028+0000] {processor.py:161} INFO - Started process (PID=49455) to work on /opt/airflow/dags/minio_to_snowflake_dag.py
[2026-07-04T15:17:04.029+0000] {processor.py:830} INFO - Processing file /opt/airflow/dags/minio_to_snowflake_dag.py for tasks to queue
[2026-07-04T15:17:04.032+0000] {logging_mixin.py:188} INFO - [2026-07-04T15:17:04.032+0000] {dagbag.py:545} INFO - Filling up the DagBag from /opt/airflow/dags/minio_to_snowflake_dag.py
[2026-07-04T15:17:04.910+0000] {processor.py:840} INFO - DAG(s) 'minio_to_snowflake_ecommerce' retrieved from /opt/airflow/dags/minio_to_snowflake_dag.py
[2026-07-04T15:17:04.959+0000] {logging_mixin.py:188} INFO - [2026-07-04T15:17:04.959+0000] {dag.py:3089} INFO - Sync 1 DAGs
[2026-07-04T15:17:04.992+0000] {logging_mixin.py:188} INFO - [2026-07-04T15:17:04.992+0000] {dag.py:3947} INFO - Setting next_dagrun for minio_to_snowflake_ecommerce to 2026-07-04 15:16:00+00:00, run_after=2026-07-04 15:17:00+00:00
[2026-07-04T15:17:05.017+0000] {processor.py:183} INFO - Processing /opt/airflow/dags/minio_to_snowflake_dag.py took 0.997 seconds
[2026-07-04T15:17:35.452+0000] {processor.py:161} INFO - Started process (PID=49532) to work on /opt/airflow/dags/minio_to_snowflake_dag.py
[2026-07-04T15:17:35.454+0000] {processor.py:830} INFO - Processing file /opt/airflow/dags/minio_to_snowflake_dag.py for tasks to queue
[2026-07-04T15:17:35.456+0000] {logging_mixin.py:188} INFO - [2026-07-04T15:17:35.456+0000] {dagbag.py:545} INFO - Filling up the DagBag from /opt/airflow/dags/minio_to_snowflake_dag.py
[2026-07-04T15:17:36.311+0000] {processor.py:840} INFO - DAG(s) 'minio_to_snowflake_ecommerce' retrieved from /opt/airflow/dags/minio_to_snowflake_dag.py
[2026-07-04T15:17:36.345+0000] {logging_mixin.py:188} INFO - [2026-07-04T15:17:36.345+0000] {dag.py:3089} INFO - Sync 1 DAGs
[2026-07-04T15:17:36.374+0000] {logging_mixin.py:188} INFO - [2026-07-04T15:17:36.373+0000] {dag.py:3947} INFO - Setting next_dagrun for minio_to_snowflake_ecommerce to 2026-07-04 15:16:00+00:00, run_after=2026-07-04 15:17:00+00:00
[2026-07-04T15:17:36.404+0000] {processor.py:183} INFO - Processing /opt/airflow/dags/minio_to_snowflake_dag.py took 0.961 seconds
[2026-07-04T15:18:06.820+0000] {processor.py:161} INFO - Started process (PID=49608) to work on /opt/airflow/dags/minio_to_snowflake_dag.py
[2026-07-04T15:18:06.821+0000] {processor.py:830} INFO - Processing file /opt/airflow/dags/minio_to_snowflake_dag.py for tasks to queue
[2026-07-04T15:18:06.823+0000] {logging_mixin.py:188} INFO - [2026-07-04T15:18:06.823+0000] {dagbag.py:545} INFO - Filling up the DagBag from /opt/airflow/dags/minio_to_snowflake_dag.py
[2026-07-04T15:18:07.678+0000] {processor.py:840} INFO - DAG(s) 'minio_to_snowflake_ecommerce' retrieved from /opt/airflow/dags/minio_to_snowflake_dag.py
[2026-07-04T15:18:07.708+0000] {logging_mixin.py:188} INFO - [2026-07-04T15:18:07.708+0000] {dag.py:3089} INFO - Sync 1 DAGs
[2026-07-04T15:18:07.739+0000] {logging_mixin.py:188} INFO - [2026-07-04T15:18:07.739+0000] {dag.py:3947} INFO - Setting next_dagrun for minio_to_snowflake_ecommerce to 2026-07-04 15:17:00+00:00, run_after=2026-07-04 15:18:00+00:00
[2026-07-04T15:18:07.768+0000] {processor.py:183} INFO - Processing /opt/airflow/dags/minio_to_snowflake_dag.py took 0.956 seconds
[2026-07-04T15:18:38.231+0000] {processor.py:161} INFO - Started process (PID=49679) to work on /opt/airflow/dags/minio_to_snowflake_dag.py
[2026-07-04T15:18:38.233+0000] {processor.py:830} INFO - Processing file /opt/airflow/dags/minio_to_snowflake_dag.py for tasks to queue
[2026-07-04T15:18:38.238+0000] {logging_mixin.py:188} INFO - [2026-07-04T15:18:38.237+0000] {dagbag.py:545} INFO - Filling up the DagBag from /opt/airflow/dags/minio_to_snowflake_dag.py
[2026-07-04T15:18:39.100+0000] {processor.py:840} INFO - DAG(s) 'minio_to_snowflake_ecommerce' retrieved from /opt/airflow/dags/minio_to_snowflake_dag.py
[2026-07-04T15:18:39.128+0000] {logging_mixin.py:188} INFO - [2026-07-04T15:18:39.127+0000] {dag.py:3089} INFO - Sync 1 DAGs
[2026-07-04T15:18:39.156+0000] {logging_mixin.py:188} INFO - [2026-07-04T15:18:39.156+0000] {dag.py:3947} INFO - Setting next_dagrun for minio_to_snowflake_ecommerce to 2026-07-04 15:17:00+00:00, run_after=2026-07-04 15:18:00+00:00
[2026-07-04T15:18:39.204+0000] {processor.py:183} INFO - Processing /opt/airflow/dags/minio_to_snowflake_dag.py took 0.980 seconds
[2026-07-04T15:19:09.622+0000] {processor.py:161} INFO - Started process (PID=49751) to work on /opt/airflow/dags/minio_to_snowflake_dag.py
[2026-07-04T15:19:09.624+0000] {processor.py:830} INFO - Processing file /opt/airflow/dags/minio_to_snowflake_dag.py for tasks to queue
[2026-07-04T15:19:09.628+0000] {logging_mixin.py:188} INFO - [2026-07-04T15:19:09.627+0000] {dagbag.py:545} INFO - Filling up the DagBag from /opt/airflow/dags/minio_to_snowflake_dag.py
[2026-07-04T15:19:10.491+0000] {processor.py:840} INFO - DAG(s) 'minio_to_snowflake_ecommerce' retrieved from /opt/airflow/dags/minio_to_snowflake_dag.py
[2026-07-04T15:19:10.519+0000] {logging_mixin.py:188} INFO - [2026-07-04T15:19:10.518+0000] {dag.py:3089} INFO - Sync 1 DAGs
[2026-07-04T15:19:10.544+0000] {logging_mixin.py:188} INFO - [2026-07-04T15:19:10.544+0000] {dag.py:3947} INFO - Setting next_dagrun for minio_to_snowflake_ecommerce to 2026-07-04 15:18:00+00:00, run_after=2026-07-04 15:19:00+00:00
[2026-07-04T15:19:10.570+0000] {processor.py:183} INFO - Processing /opt/airflow/dags/minio_to_snowflake_dag.py took 0.957 seconds
[2026-07-04T15:19:41.125+0000] {processor.py:161} INFO - Started process (PID=49823) to work on /opt/airflow/dags/minio_to_snowflake_dag.py
[2026-07-04T15:19:41.129+0000] {processor.py:830} INFO - Processing file /opt/airflow/dags/minio_to_snowflake_dag.py for tasks to queue
[2026-07-04T15:19:41.132+0000] {logging_mixin.py:188} INFO - [2026-07-04T15:19:41.132+0000] {dagbag.py:545} INFO - Filling up the DagBag from /opt/airflow/dags/minio_to_snowflake_dag.py
[2026-07-04T15:19:41.928+0000] {processor.py:840} INFO - DAG(s) 'minio_to_snowflake_ecommerce' retrieved from /opt/airflow/dags/minio_to_snowflake_dag.py
[2026-07-04T15:19:41.962+0000] {logging_mixin.py:188} INFO - [2026-07-04T15:19:41.961+0000] {dag.py:3089} INFO - Sync 1 DAGs
[2026-07-04T15:19:41.990+0000] {logging_mixin.py:188} INFO - [2026-07-04T15:19:41.990+0000] {dag.py:3947} INFO - Setting next_dagrun for minio_to_snowflake_ecommerce to 2026-07-04 15:18:00+00:00, run_after=2026-07-04 15:19:00+00:00
[2026-07-04T15:19:42.019+0000] {processor.py:183} INFO - Processing /opt/airflow/dags/minio_to_snowflake_dag.py took 0.902 seconds
[2026-07-04T15:20:12.408+0000] {processor.py:161} INFO - Started process (PID=49894) to work on /opt/airflow/dags/minio_to_snowflake_dag.py
[2026-07-04T15:20:12.410+0000] {processor.py:830} INFO - Processing file /opt/airflow/dags/minio_to_snowflake_dag.py for tasks to queue
[2026-07-04T15:20:12.413+0000] {logging_mixin.py:188} INFO - [2026-07-04T15:20:12.412+0000] {dagbag.py:545} INFO - Filling up the DagBag from /opt/airflow/dags/minio_to_snowflake_dag.py
[2026-07-04T15:20:13.238+0000] {processor.py:840} INFO - DAG(s) 'minio_to_snowflake_ecommerce' retrieved from /opt/airflow/dags/minio_to_snowflake_dag.py
[2026-07-04T15:20:13.264+0000] {logging_mixin.py:188} INFO - [2026-07-04T15:20:13.264+0000] {dag.py:3089} INFO - Sync 1 DAGs
[2026-07-04T15:20:13.299+0000] {logging_mixin.py:188} INFO - [2026-07-04T15:20:13.299+0000] {dag.py:3947} INFO - Setting next_dagrun for minio_to_snowflake_ecommerce to 2026-07-04 15:19:00+00:00, run_after=2026-07-04 15:20:00+00:00
[2026-07-04T15:20:13.338+0000] {processor.py:183} INFO - Processing /opt/airflow/dags/minio_to_snowflake_dag.py took 0.937 seconds
[2026-07-04T15:20:43.843+0000] {processor.py:161} INFO - Started process (PID=49963) to work on /opt/airflow/dags/minio_to_snowflake_dag.py
[2026-07-04T15:20:43.846+0000] {processor.py:830} INFO - Processing file /opt/airflow/dags/minio_to_snowflake_dag.py for tasks to queue
[2026-07-04T15:20:43.851+0000] {logging_mixin.py:188} INFO - [2026-07-04T15:20:43.850+0000] {dagbag.py:545} INFO - Filling up the DagBag from /opt/airflow/dags/minio_to_snowflake_dag.py
[2026-07-04T15:20:44.706+0000] {processor.py:840} INFO - DAG(s) 'minio_to_snowflake_ecommerce' retrieved from /opt/airflow/dags/minio_to_snowflake_dag.py
[2026-07-04T15:20:44.750+0000] {logging_mixin.py:188} INFO - [2026-07-04T15:20:44.749+0000] {dag.py:3089} INFO - Sync 1 DAGs
[2026-07-04T15:20:44.791+0000] {logging_mixin.py:188} INFO - [2026-07-04T15:20:44.791+0000] {dag.py:3947} INFO - Setting next_dagrun for minio_to_snowflake_ecommerce to 2026-07-04 15:19:00+00:00, run_after=2026-07-04 15:20:00+00:00
[2026-07-04T15:20:44.820+0000] {processor.py:183} INFO - Processing /opt/airflow/dags/minio_to_snowflake_dag.py took 0.992 seconds
[2026-07-04T15:21:15.314+0000] {processor.py:161} INFO - Started process (PID=50038) to work on /opt/airflow/dags/minio_to_snowflake_dag.py
[2026-07-04T15:21:15.316+0000] {processor.py:830} INFO - Processing file /opt/airflow/dags/minio_to_snowflake_dag.py for tasks to queue
[2026-07-04T15:21:15.318+0000] {logging_mixin.py:188} INFO - [2026-07-04T15:21:15.318+0000] {dagbag.py:545} INFO - Filling up the DagBag from /opt/airflow/dags/minio_to_snowflake_dag.py
[2026-07-04T15:21:16.116+0000] {processor.py:840} INFO - DAG(s) 'minio_to_snowflake_ecommerce' retrieved from /opt/airflow/dags/minio_to_snowflake_dag.py
[2026-07-04T15:21:16.143+0000] {logging_mixin.py:188} INFO - [2026-07-04T15:21:16.142+0000] {dag.py:3089} INFO - Sync 1 DAGs
[2026-07-04T15:21:16.167+0000] {logging_mixin.py:188} INFO - [2026-07-04T15:21:16.167+0000] {dag.py:3947} INFO - Setting next_dagrun for minio_to_snowflake_ecommerce to 2026-07-04 15:20:00+00:00, run_after=2026-07-04 15:21:00+00:00
[2026-07-04T15:21:16.188+0000] {processor.py:183} INFO - Processing /opt/airflow/dags/minio_to_snowflake_dag.py took 0.881 seconds
[2026-07-04T15:21:46.677+0000] {processor.py:161} INFO - Started process (PID=50118) to work on /opt/airflow/dags/minio_to_snowflake_dag.py
[2026-07-04T15:21:46.678+0000] {processor.py:830} INFO - Processing file /opt/airflow/dags/minio_to_snowflake_dag.py for tasks to queue
[2026-07-04T15:21:46.683+0000] {logging_mixin.py:188} INFO - [2026-07-04T15:21:46.682+0000] {dagbag.py:545} INFO - Filling up the DagBag from /opt/airflow/dags/minio_to_snowflake_dag.py
[2026-07-04T15:21:47.499+0000] {processor.py:840} INFO - DAG(s) 'minio_to_snowflake_ecommerce' retrieved from /opt/airflow/dags/minio_to_snowflake_dag.py
[2026-07-04T15:21:47.535+0000] {logging_mixin.py:188} INFO - [2026-07-04T15:21:47.534+0000] {dag.py:3089} INFO - Sync 1 DAGs
[2026-07-04T15:21:47.561+0000] {logging_mixin.py:188} INFO - [2026-07-04T15:21:47.560+0000] {dag.py:3947} INFO - Setting next_dagrun for minio_to_snowflake_ecommerce to 2026-07-04 15:20:00+00:00, run_after=2026-07-04 15:21:00+00:00
[2026-07-04T15:21:47.587+0000] {processor.py:183} INFO - Processing /opt/airflow/dags/minio_to_snowflake_dag.py took 0.919 seconds
[2026-07-04T15:22:18.035+0000] {processor.py:161} INFO - Started process (PID=50198) to work on /opt/airflow/dags/minio_to_snowflake_dag.py
[2026-07-04T15:22:18.037+0000] {processor.py:830} INFO - Processing file /opt/airflow/dags/minio_to_snowflake_dag.py for tasks to queue
[2026-07-04T15:22:18.041+0000] {logging_mixin.py:188} INFO - [2026-07-04T15:22:18.041+0000] {dagbag.py:545} INFO - Filling up the DagBag from /opt/airflow/dags/minio_to_snowflake_dag.py
[2026-07-04T15:22:18.800+0000] {processor.py:840} INFO - DAG(s) 'minio_to_snowflake_ecommerce' retrieved from /opt/airflow/dags/minio_to_snowflake_dag.py
[2026-07-04T15:22:18.827+0000] {logging_mixin.py:188} INFO - [2026-07-04T15:22:18.827+0000] {dag.py:3089} INFO - Sync 1 DAGs
[2026-07-04T15:22:18.854+0000] {logging_mixin.py:188} INFO - [2026-07-04T15:22:18.854+0000] {dag.py:3947} INFO - Setting next_dagrun for minio_to_snowflake_ecommerce to 2026-07-04 15:21:00+00:00, run_after=2026-07-04 15:22:00+00:00
[2026-07-04T15:22:18.897+0000] {processor.py:183} INFO - Processing /opt/airflow/dags/minio_to_snowflake_dag.py took 0.877 seconds
[2026-07-04T15:22:49.316+0000] {processor.py:161} INFO - Started process (PID=50275) to work on /opt/airflow/dags/minio_to_snowflake_dag.py
[2026-07-04T15:22:49.318+0000] {processor.py:830} INFO - Processing file /opt/airflow/dags/minio_to_snowflake_dag.py for tasks to queue
[2026-07-04T15:22:49.320+0000] {logging_mixin.py:188} INFO - [2026-07-04T15:22:49.320+0000] {dagbag.py:545} INFO - Filling up the DagBag from /opt/airflow/dags/minio_to_snowflake_dag.py
[2026-07-04T15:22:50.166+0000] {processor.py:840} INFO - DAG(s) 'minio_to_snowflake_ecommerce' retrieved from /opt/airflow/dags/minio_to_snowflake_dag.py
[2026-07-04T15:22:50.209+0000] {logging_mixin.py:188} INFO - [2026-07-04T15:22:50.208+0000] {dag.py:3089} INFO - Sync 1 DAGs
[2026-07-04T15:22:50.239+0000] {logging_mixin.py:188} INFO - [2026-07-04T15:22:50.239+0000] {dag.py:3947} INFO - Setting next_dagrun for minio_to_snowflake_ecommerce to 2026-07-04 15:21:00+00:00, run_after=2026-07-04 15:22:00+00:00
[2026-07-04T15:22:50.268+0000] {processor.py:183} INFO - Processing /opt/airflow/dags/minio_to_snowflake_dag.py took 0.959 seconds
[2026-07-04T15:23:20.597+0000] {processor.py:161} INFO - Started process (PID=50355) to work on /opt/airflow/dags/minio_to_snowflake_dag.py
[2026-07-04T15:23:20.599+0000] {processor.py:830} INFO - Processing file /opt/airflow/dags/minio_to_snowflake_dag.py for tasks to queue
[2026-07-04T15:23:20.601+0000] {logging_mixin.py:188} INFO - [2026-07-04T15:23:20.601+0000] {dagbag.py:545} INFO - Filling up the DagBag from /opt/airflow/dags/minio_to_snowflake_dag.py
[2026-07-04T15:23:21.356+0000] {processor.py:840} INFO - DAG(s) 'minio_to_snowflake_ecommerce' retrieved from /opt/airflow/dags/minio_to_snowflake_dag.py
[2026-07-04T15:23:21.386+0000] {logging_mixin.py:188} INFO - [2026-07-04T15:23:21.386+0000] {dag.py:3089} INFO - Sync 1 DAGs
[2026-07-04T15:23:21.414+0000] {logging_mixin.py:188} INFO - [2026-07-04T15:23:21.414+0000] {dag.py:3947} INFO - Setting next_dagrun for minio_to_snowflake_ecommerce to 2026-07-04 15:22:00+00:00, run_after=2026-07-04 15:23:00+00:00
[2026-07-04T15:23:21.435+0000] {processor.py:183} INFO - Processing /opt/airflow/dags/minio_to_snowflake_dag.py took 0.846 seconds
[2026-07-04T15:23:51.926+0000] {processor.py:161} INFO - Started process (PID=50433) to work on /opt/airflow/dags/minio_to_snowflake_dag.py
[2026-07-04T15:23:51.928+0000] {processor.py:830} INFO - Processing file /opt/airflow/dags/minio_to_snowflake_dag.py for tasks to queue
[2026-07-04T15:23:51.930+0000] {logging_mixin.py:188} INFO - [2026-07-04T15:23:51.930+0000] {dagbag.py:545} INFO - Filling up the DagBag from /opt/airflow/dags/minio_to_snowflake_dag.py
[2026-07-04T15:23:52.706+0000] {processor.py:840} INFO - DAG(s) 'minio_to_snowflake_ecommerce' retrieved from /opt/airflow/dags/minio_to_snowflake_dag.py
[2026-07-04T15:23:52.733+0000] {logging_mixin.py:188} INFO - [2026-07-04T15:23:52.733+0000] {dag.py:3089} INFO - Sync 1 DAGs
[2026-07-04T15:23:52.759+0000] {logging_mixin.py:188} INFO - [2026-07-04T15:23:52.759+0000] {dag.py:3947} INFO - Setting next_dagrun for minio_to_snowflake_ecommerce to 2026-07-04 15:22:00+00:00, run_after=2026-07-04 15:23:00+00:00
[2026-07-04T15:23:52.789+0000] {processor.py:183} INFO - Processing /opt/airflow/dags/minio_to_snowflake_dag.py took 0.871 seconds
[2026-07-04T15:24:23.355+0000] {processor.py:161} INFO - Started process (PID=50507) to work on /opt/airflow/dags/minio_to_snowflake_dag.py
[2026-07-04T15:24:23.357+0000] {processor.py:830} INFO - Processing file /opt/airflow/dags/minio_to_snowflake_dag.py for tasks to queue
[2026-07-04T15:24:23.360+0000] {logging_mixin.py:188} INFO - [2026-07-04T15:24:23.359+0000] {dagbag.py:545} INFO - Filling up the DagBag from /opt/airflow/dags/minio_to_snowflake_dag.py
[2026-07-04T15:24:24.266+0000] {processor.py:840} INFO - DAG(s) 'minio_to_snowflake_ecommerce' retrieved from /opt/airflow/dags/minio_to_snowflake_dag.py
[2026-07-04T15:24:24.294+0000] {logging_mixin.py:188} INFO - [2026-07-04T15:24:24.293+0000] {dag.py:3089} INFO - Sync 1 DAGs
[2026-07-04T15:24:24.324+0000] {logging_mixin.py:188} INFO - [2026-07-04T15:24:24.323+0000] {dag.py:3947} INFO - Setting next_dagrun for minio_to_snowflake_ecommerce to 2026-07-04 15:23:00+00:00, run_after=2026-07-04 15:24:00+00:00
[2026-07-04T15:24:24.353+0000] {processor.py:183} INFO - Processing /opt/airflow/dags/minio_to_snowflake_dag.py took 1.005 seconds
[2026-07-04T15:24:54.819+0000] {processor.py:161} INFO - Started process (PID=50586) to work on /opt/airflow/dags/minio_to_snowflake_dag.py
[2026-07-04T15:24:54.821+0000] {processor.py:830} INFO - Processing file /opt/airflow/dags/minio_to_snowflake_dag.py for tasks to queue
[2026-07-04T15:24:54.825+0000] {logging_mixin.py:188} INFO - [2026-07-04T15:24:54.824+0000] {dagbag.py:545} INFO - Filling up the DagBag from /opt/airflow/dags/minio_to_snowflake_dag.py
[2026-07-04T15:24:55.655+0000] {processor.py:840} INFO - DAG(s) 'minio_to_snowflake_ecommerce' retrieved from /opt/airflow/dags/minio_to_snowflake_dag.py
[2026-07-04T15:24:55.695+0000] {logging_mixin.py:188} INFO - [2026-07-04T15:24:55.695+0000] {dag.py:3089} INFO - Sync 1 DAGs
[2026-07-04T15:24:55.743+0000] {logging_mixin.py:188} INFO - [2026-07-04T15:24:55.742+0000] {dag.py:3947} INFO - Setting next_dagrun for minio_to_snowflake_ecommerce to 2026-07-04 15:23:00+00:00, run_after=2026-07-04 15:24:00+00:00
[2026-07-04T15:24:55.793+0000] {processor.py:183} INFO - Processing /opt/airflow/dags/minio_to_snowflake_dag.py took 0.986 seconds
[2026-07-04T15:25:26.219+0000] {processor.py:161} INFO - Started process (PID=50664) to work on /opt/airflow/dags/minio_to_snowflake_dag.py
[2026-07-04T15:25:26.221+0000] {processor.py:830} INFO - Processing file /opt/airflow/dags/minio_to_snowflake_dag.py for tasks to queue
[2026-07-04T15:25:26.224+0000] {logging_mixin.py:188} INFO - [2026-07-04T15:25:26.224+0000] {dagbag.py:545} INFO - Filling up the DagBag from /opt/airflow/dags/minio_to_snowflake_dag.py
[2026-07-04T15:25:26.994+0000] {processor.py:840} INFO - DAG(s) 'minio_to_snowflake_ecommerce' retrieved from /opt/airflow/dags/minio_to_snowflake_dag.py
[2026-07-04T15:25:27.021+0000] {logging_mixin.py:188} INFO - [2026-07-04T15:25:27.021+0000] {dag.py:3089} INFO - Sync 1 DAGs
[2026-07-04T15:25:27.046+0000] {logging_mixin.py:188} INFO - [2026-07-04T15:25:27.046+0000] {dag.py:3947} INFO - Setting next_dagrun for minio_to_snowflake_ecommerce to 2026-07-04 15:24:00+00:00, run_after=2026-07-04 15:25:00+00:00
[2026-07-04T15:25:27.071+0000] {processor.py:183} INFO - Processing /opt/airflow/dags/minio_to_snowflake_dag.py took 0.859 seconds
[2026-07-04T15:25:57.566+0000] {processor.py:161} INFO - Started process (PID=50743) to work on /opt/airflow/dags/minio_to_snowflake_dag.py
[2026-07-04T15:25:57.569+0000] {processor.py:830} INFO - Processing file /opt/airflow/dags/minio_to_snowflake_dag.py for tasks to queue
[2026-07-04T15:25:57.574+0000] {logging_mixin.py:188} INFO - [2026-07-04T15:25:57.573+0000] {dagbag.py:545} INFO - Filling up the DagBag from /opt/airflow/dags/minio_to_snowflake_dag.py
[2026-07-04T15:25:58.398+0000] {processor.py:840} INFO - DAG(s) 'minio_to_snowflake_ecommerce' retrieved from /opt/airflow/dags/minio_to_snowflake_dag.py
[2026-07-04T15:25:58.427+0000] {logging_mixin.py:188} INFO - [2026-07-04T15:25:58.426+0000] {dag.py:3089} INFO - Sync 1 DAGs
[2026-07-04T15:25:58.451+0000] {logging_mixin.py:188} INFO - [2026-07-04T15:25:58.451+0000] {dag.py:3947} INFO - Setting next_dagrun for minio_to_snowflake_ecommerce to 2026-07-04 15:24:00+00:00, run_after=2026-07-04 15:25:00+00:00
[2026-07-04T15:25:58.476+0000] {processor.py:183} INFO - Processing /opt/airflow/dags/minio_to_snowflake_dag.py took 0.935 seconds
[2026-07-04T15:26:28.954+0000] {processor.py:161} INFO - Started process (PID=50820) to work on /opt/airflow/dags/minio_to_snowflake_dag.py
[2026-07-04T15:26:28.956+0000] {processor.py:830} INFO - Processing file /opt/airflow/dags/minio_to_snowflake_dag.py for tasks to queue
[2026-07-04T15:26:28.959+0000] {logging_mixin.py:188} INFO - [2026-07-04T15:26:28.959+0000] {dagbag.py:545} INFO - Filling up the DagBag from /opt/airflow/dags/minio_to_snowflake_dag.py
[2026-07-04T15:26:29.739+0000] {processor.py:840} INFO - DAG(s) 'minio_to_snowflake_ecommerce' retrieved from /opt/airflow/dags/minio_to_snowflake_dag.py
[2026-07-04T15:26:29.765+0000] {logging_mixin.py:188} INFO - [2026-07-04T15:26:29.765+0000] {dag.py:3089} INFO - Sync 1 DAGs
[2026-07-04T15:26:29.795+0000] {logging_mixin.py:188} INFO - [2026-07-04T15:26:29.795+0000] {dag.py:3947} INFO - Setting next_dagrun for minio_to_snowflake_ecommerce to 2026-07-04 15:25:00+00:00, run_after=2026-07-04 15:26:00+00:00
[2026-07-04T15:26:29.825+0000] {processor.py:183} INFO - Processing /opt/airflow/dags/minio_to_snowflake_dag.py took 0.881 seconds
[2026-07-04T15:27:00.313+0000] {processor.py:161} INFO - Started process (PID=50897) to work on /opt/airflow/dags/minio_to_snowflake_dag.py
[2026-07-04T15:27:00.315+0000] {processor.py:830} INFO - Processing file /opt/airflow/dags/minio_to_snowflake_dag.py for tasks to queue
[2026-07-04T15:27:00.317+0000] {logging_mixin.py:188} INFO - [2026-07-04T15:27:00.317+0000] {dagbag.py:545} INFO - Filling up the DagBag from /opt/airflow/dags/minio_to_snowflake_dag.py
[2026-07-04T15:27:01.170+0000] {processor.py:840} INFO - DAG(s) 'minio_to_snowflake_ecommerce' retrieved from /opt/airflow/dags/minio_to_snowflake_dag.py
[2026-07-04T15:27:01.199+0000] {logging_mixin.py:188} INFO - [2026-07-04T15:27:01.198+0000] {dag.py:3089} INFO - Sync 1 DAGs
[2026-07-04T15:27:01.225+0000] {logging_mixin.py:188} INFO - [2026-07-04T15:27:01.224+0000] {dag.py:3947} INFO - Setting next_dagrun for minio_to_snowflake_ecommerce to 2026-07-04 15:26:00+00:00, run_after=2026-07-04 15:27:00+00:00
[2026-07-04T15:27:01.248+0000] {processor.py:183} INFO - Processing /opt/airflow/dags/minio_to_snowflake_dag.py took 0.943 seconds
[2026-07-04T15:27:31.733+0000] {processor.py:161} INFO - Started process (PID=50967) to work on /opt/airflow/dags/minio_to_snowflake_dag.py
[2026-07-04T15:27:31.735+0000] {processor.py:830} INFO - Processing file /opt/airflow/dags/minio_to_snowflake_dag.py for tasks to queue
[2026-07-04T15:27:31.737+0000] {logging_mixin.py:188} INFO - [2026-07-04T15:27:31.737+0000] {dagbag.py:545} INFO - Filling up the DagBag from /opt/airflow/dags/minio_to_snowflake_dag.py
[2026-07-04T15:27:32.515+0000] {processor.py:840} INFO - DAG(s) 'minio_to_snowflake_ecommerce' retrieved from /opt/airflow/dags/minio_to_snowflake_dag.py
[2026-07-04T15:27:32.552+0000] {logging_mixin.py:188} INFO - [2026-07-04T15:27:32.551+0000] {dag.py:3089} INFO - Sync 1 DAGs
[2026-07-04T15:27:32.586+0000] {logging_mixin.py:188} INFO - [2026-07-04T15:27:32.585+0000] {dag.py:3947} INFO - Setting next_dagrun for minio_to_snowflake_ecommerce to 2026-07-04 15:26:00+00:00, run_after=2026-07-04 15:27:00+00:00
[2026-07-04T15:27:32.633+0000] {processor.py:183} INFO - Processing /opt/airflow/dags/minio_to_snowflake_dag.py took 0.907 seconds
[2026-07-04T15:28:03.222+0000] {processor.py:161} INFO - Started process (PID=51037) to work on /opt/airflow/dags/minio_to_snowflake_dag.py
[2026-07-04T15:28:03.227+0000] {processor.py:830} INFO - Processing file /opt/airflow/dags/minio_to_snowflake_dag.py for tasks to queue
[2026-07-04T15:28:03.238+0000] {logging_mixin.py:188} INFO - [2026-07-04T15:28:03.236+0000] {dagbag.py:545} INFO - Filling up the DagBag from /opt/airflow/dags/minio_to_snowflake_dag.py
[2026-07-04T15:28:04.287+0000] {processor.py:840} INFO - DAG(s) 'minio_to_snowflake_ecommerce' retrieved from /opt/airflow/dags/minio_to_snowflake_dag.py
[2026-07-04T15:28:04.314+0000] {logging_mixin.py:188} INFO - [2026-07-04T15:28:04.314+0000] {dag.py:3089} INFO - Sync 1 DAGs
[2026-07-04T15:28:04.341+0000] {logging_mixin.py:188} INFO - [2026-07-04T15:28:04.341+0000] {dag.py:3947} INFO - Setting next_dagrun for minio_to_snowflake_ecommerce to 2026-07-04 15:27:00+00:00, run_after=2026-07-04 15:28:00+00:00
[2026-07-04T15:28:04.366+0000] {processor.py:183} INFO - Processing /opt/airflow/dags/minio_to_snowflake_dag.py took 1.178 seconds
[2026-07-04T15:28:34.469+0000] {processor.py:161} INFO - Started process (PID=51109) to work on /opt/airflow/dags/minio_to_snowflake_dag.py
[2026-07-04T15:28:34.470+0000] {processor.py:830} INFO - Processing file /opt/airflow/dags/minio_to_snowflake_dag.py for tasks to queue
[2026-07-04T15:28:34.473+0000] {logging_mixin.py:188} INFO - [2026-07-04T15:28:34.473+0000] {dagbag.py:545} INFO - Filling up the DagBag from /opt/airflow/dags/minio_to_snowflake_dag.py
[2026-07-04T15:28:35.294+0000] {processor.py:840} INFO - DAG(s) 'minio_to_snowflake_ecommerce' retrieved from /opt/airflow/dags/minio_to_snowflake_dag.py
[2026-07-04T15:28:35.334+0000] {logging_mixin.py:188} INFO - [2026-07-04T15:28:35.333+0000] {dag.py:3089} INFO - Sync 1 DAGs
[2026-07-04T15:28:35.363+0000] {logging_mixin.py:188} INFO - [2026-07-04T15:28:35.363+0000] {dag.py:3947} INFO - Setting next_dagrun for minio_to_snowflake_ecommerce to 2026-07-04 15:27:00+00:00, run_after=2026-07-04 15:28:00+00:00
[2026-07-04T15:28:35.397+0000] {processor.py:183} INFO - Processing /opt/airflow/dags/minio_to_snowflake_dag.py took 0.935 seconds
[2026-07-04T15:29:05.785+0000] {processor.py:161} INFO - Started process (PID=51179) to work on /opt/airflow/dags/minio_to_snowflake_dag.py
[2026-07-04T15:29:05.786+0000] {processor.py:830} INFO - Processing file /opt/airflow/dags/minio_to_snowflake_dag.py for tasks to queue
[2026-07-04T15:29:05.792+0000] {logging_mixin.py:188} INFO - [2026-07-04T15:29:05.791+0000] {dagbag.py:545} INFO - Filling up the DagBag from /opt/airflow/dags/minio_to_snowflake_dag.py
[2026-07-04T15:29:06.668+0000] {processor.py:840} INFO - DAG(s) 'minio_to_snowflake_ecommerce' retrieved from /opt/airflow/dags/minio_to_snowflake_dag.py
[2026-07-04T15:29:06.717+0000] {logging_mixin.py:188} INFO - [2026-07-04T15:29:06.716+0000] {dag.py:3089} INFO - Sync 1 DAGs
[2026-07-04T15:29:06.757+0000] {logging_mixin.py:188} INFO - [2026-07-04T15:29:06.757+0000] {dag.py:3947} INFO - Setting next_dagrun for minio_to_snowflake_ecommerce to 2026-07-04 15:28:00+00:00, run_after=2026-07-04 15:29:00+00:00
[2026-07-04T15:29:06.784+0000] {processor.py:183} INFO - Processing /opt/airflow/dags/minio_to_snowflake_dag.py took 1.010 seconds
[2026-07-04T15:29:37.196+0000] {processor.py:161} INFO - Started process (PID=51249) to work on /opt/airflow/dags/minio_to_snowflake_dag.py
[2026-07-04T15:29:37.199+0000] {processor.py:830} INFO - Processing file /opt/airflow/dags/minio_to_snowflake_dag.py for tasks to queue
[2026-07-04T15:29:37.203+0000] {logging_mixin.py:188} INFO - [2026-07-04T15:29:37.203+0000] {dagbag.py:545} INFO - Filling up the DagBag from /opt/airflow/dags/minio_to_snowflake_dag.py
[2026-07-04T15:29:37.998+0000] {processor.py:840} INFO - DAG(s) 'minio_to_snowflake_ecommerce' retrieved from /opt/airflow/dags/minio_to_snowflake_dag.py
[2026-07-04T15:29:38.028+0000] {logging_mixin.py:188} INFO - [2026-07-04T15:29:38.027+0000] {dag.py:3089} INFO - Sync 1 DAGs
[2026-07-04T15:29:38.054+0000] {logging_mixin.py:188} INFO - [2026-07-04T15:29:38.053+0000] {dag.py:3947} INFO - Setting next_dagrun for minio_to_snowflake_ecommerce to 2026-07-04 15:28:00+00:00, run_after=2026-07-04 15:29:00+00:00
[2026-07-04T15:29:38.087+0000] {processor.py:183} INFO - Processing /opt/airflow/dags/minio_to_snowflake_dag.py took 0.908 seconds
[2026-07-04T15:30:08.626+0000] {processor.py:161} INFO - Started process (PID=51319) to work on /opt/airflow/dags/minio_to_snowflake_dag.py
[2026-07-04T15:30:08.628+0000] {processor.py:830} INFO - Processing file /opt/airflow/dags/minio_to_snowflake_dag.py for tasks to queue
[2026-07-04T15:30:08.632+0000] {logging_mixin.py:188} INFO - [2026-07-04T15:30:08.632+0000] {dagbag.py:545} INFO - Filling up the DagBag from /opt/airflow/dags/minio_to_snowflake_dag.py
[2026-07-04T15:30:09.727+0000] {processor.py:840} INFO - DAG(s) 'minio_to_snowflake_ecommerce' retrieved from /opt/airflow/dags/minio_to_snowflake_dag.py
[2026-07-04T15:30:09.775+0000] {logging_mixin.py:188} INFO - [2026-07-04T15:30:09.775+0000] {dag.py:3089} INFO - Sync 1 DAGs
[2026-07-04T15:30:09.813+0000] {logging_mixin.py:188} INFO - [2026-07-04T15:30:09.812+0000] {dag.py:3947} INFO - Setting next_dagrun for minio_to_snowflake_ecommerce to 2026-07-04 15:29:00+00:00, run_after=2026-07-04 15:30:00+00:00
[2026-07-04T15:30:09.848+0000] {processor.py:183} INFO - Processing /opt/airflow/dags/minio_to_snowflake_dag.py took 1.239 seconds
[2026-07-04T15:30:40.016+0000] {processor.py:161} INFO - Started process (PID=51402) to work on /opt/airflow/dags/minio_to_snowflake_dag.py
[2026-07-04T15:30:40.019+0000] {processor.py:830} INFO - Processing file /opt/airflow/dags/minio_to_snowflake_dag.py for tasks to queue
[2026-07-04T15:30:40.024+0000] {logging_mixin.py:188} INFO - [2026-07-04T15:30:40.024+0000] {dagbag.py:545} INFO - Filling up the DagBag from /opt/airflow/dags/minio_to_snowflake_dag.py
[2026-07-04T15:30:42.666+0000] {processor.py:840} INFO - DAG(s) 'minio_to_snowflake_ecommerce' retrieved from /opt/airflow/dags/minio_to_snowflake_dag.py
[2026-07-04T15:30:42.724+0000] {logging_mixin.py:188} INFO - [2026-07-04T15:30:42.722+0000] {dag.py:3089} INFO - Sync 1 DAGs
[2026-07-04T15:30:42.775+0000] {logging_mixin.py:188} INFO - [2026-07-04T15:30:42.774+0000] {dag.py:3947} INFO - Setting next_dagrun for minio_to_snowflake_ecommerce to 2026-07-04 15:29:00+00:00, run_after=2026-07-04 15:30:00+00:00
[2026-07-04T15:30:42.810+0000] {processor.py:183} INFO - Processing /opt/airflow/dags/minio_to_snowflake_dag.py took 2.810 seconds
[2026-07-04T15:31:13.164+0000] {processor.py:161} INFO - Started process (PID=51491) to work on /opt/airflow/dags/minio_to_snowflake_dag.py
[2026-07-04T15:31:13.166+0000] {processor.py:830} INFO - Processing file /opt/airflow/dags/minio_to_snowflake_dag.py for tasks to queue
[2026-07-04T15:31:13.171+0000] {logging_mixin.py:188} INFO - [2026-07-04T15:31:13.170+0000] {dagbag.py:545} INFO - Filling up the DagBag from /opt/airflow/dags/minio_to_snowflake_dag.py
[2026-07-04T15:31:14.225+0000] {processor.py:840} INFO - DAG(s) 'minio_to_snowflake_ecommerce' retrieved from /opt/airflow/dags/minio_to_snowflake_dag.py
[2026-07-04T15:31:14.255+0000] {logging_mixin.py:188} INFO - [2026-07-04T15:31:14.254+0000] {dag.py:3089} INFO - Sync 1 DAGs
[2026-07-04T15:31:14.284+0000] {logging_mixin.py:188} INFO - [2026-07-04T15:31:14.284+0000] {dag.py:3947} INFO - Setting next_dagrun for minio_to_snowflake_ecommerce to 2026-07-04 15:30:00+00:00, run_after=2026-07-04 15:31:00+00:00
[2026-07-04T15:31:14.311+0000] {processor.py:183} INFO - Processing /opt/airflow/dags/minio_to_snowflake_dag.py took 1.161 seconds
[2026-07-04T15:31:44.582+0000] {processor.py:161} INFO - Started process (PID=51569) to work on /opt/airflow/dags/minio_to_snowflake_dag.py
[2026-07-04T15:31:44.585+0000] {processor.py:830} INFO - Processing file /opt/airflow/dags/minio_to_snowflake_dag.py for tasks to queue
[2026-07-04T15:31:44.591+0000] {logging_mixin.py:188} INFO - [2026-07-04T15:31:44.590+0000] {dagbag.py:545} INFO - Filling up the DagBag from /opt/airflow/dags/minio_to_snowflake_dag.py
[2026-07-04T15:31:45.502+0000] {processor.py:840} INFO - DAG(s) 'minio_to_snowflake_ecommerce' retrieved from /opt/airflow/dags/minio_to_snowflake_dag.py
[2026-07-04T15:31:45.532+0000] {logging_mixin.py:188} INFO - [2026-07-04T15:31:45.531+0000] {dag.py:3089} INFO - Sync 1 DAGs
[2026-07-04T15:31:45.559+0000] {logging_mixin.py:188} INFO - [2026-07-04T15:31:45.558+0000] {dag.py:3947} INFO - Setting next_dagrun for minio_to_snowflake_ecommerce to 2026-07-04 15:30:00+00:00, run_after=2026-07-04 15:31:00+00:00
[2026-07-04T15:31:45.586+0000] {processor.py:183} INFO - Processing /opt/airflow/dags/minio_to_snowflake_dag.py took 1.022 seconds
[2026-07-04T15:32:15.978+0000] {processor.py:161} INFO - Started process (PID=51650) to work on /opt/airflow/dags/minio_to_snowflake_dag.py
[2026-07-04T15:32:15.982+0000] {processor.py:830} INFO - Processing file /opt/airflow/dags/minio_to_snowflake_dag.py for tasks to queue
[2026-07-04T15:32:15.992+0000] {logging_mixin.py:188} INFO - [2026-07-04T15:32:15.990+0000] {dagbag.py:545} INFO - Filling up the DagBag from /opt/airflow/dags/minio_to_snowflake_dag.py
[2026-07-04T15:32:17.135+0000] {processor.py:840} INFO - DAG(s) 'minio_to_snowflake_ecommerce' retrieved from /opt/airflow/dags/minio_to_snowflake_dag.py
[2026-07-04T15:32:17.166+0000] {logging_mixin.py:188} INFO - [2026-07-04T15:32:17.165+0000] {dag.py:3089} INFO - Sync 1 DAGs
[2026-07-04T15:32:17.194+0000] {logging_mixin.py:188} INFO - [2026-07-04T15:32:17.193+0000] {dag.py:3947} INFO - Setting next_dagrun for minio_to_snowflake_ecommerce to 2026-07-04 15:31:00+00:00, run_after=2026-07-04 15:32:00+00:00
[2026-07-04T15:32:17.228+0000] {processor.py:183} INFO - Processing /opt/airflow/dags/minio_to_snowflake_dag.py took 1.274 seconds
[2026-07-04T15:32:47.437+0000] {processor.py:161} INFO - Started process (PID=51728) to work on /opt/airflow/dags/minio_to_snowflake_dag.py
[2026-07-04T15:32:47.440+0000] {processor.py:830} INFO - Processing file /opt/airflow/dags/minio_to_snowflake_dag.py for tasks to queue
[2026-07-04T15:32:47.452+0000] {logging_mixin.py:188} INFO - [2026-07-04T15:32:47.450+0000] {dagbag.py:545} INFO - Filling up the DagBag from /opt/airflow/dags/minio_to_snowflake_dag.py
[2026-07-04T15:32:48.420+0000] {processor.py:840} INFO - DAG(s) 'minio_to_snowflake_ecommerce' retrieved from /opt/airflow/dags/minio_to_snowflake_dag.py
[2026-07-04T15:32:48.449+0000] {logging_mixin.py:188} INFO - [2026-07-04T15:32:48.449+0000] {dag.py:3089} INFO - Sync 1 DAGs
[2026-07-04T15:32:48.477+0000] {logging_mixin.py:188} INFO - [2026-07-04T15:32:48.477+0000] {dag.py:3947} INFO - Setting next_dagrun for minio_to_snowflake_ecommerce to 2026-07-04 15:31:00+00:00, run_after=2026-07-04 15:32:00+00:00
[2026-07-04T15:32:48.504+0000] {processor.py:183} INFO - Processing /opt/airflow/dags/minio_to_snowflake_dag.py took 1.086 seconds
[2026-07-04T15:33:18.946+0000] {processor.py:161} INFO - Started process (PID=51799) to work on /opt/airflow/dags/minio_to_snowflake_dag.py
[2026-07-04T15:33:18.951+0000] {processor.py:830} INFO - Processing file /opt/airflow/dags/minio_to_snowflake_dag.py for tasks to queue
[2026-07-04T15:33:18.958+0000] {logging_mixin.py:188} INFO - [2026-07-04T15:33:18.957+0000] {dagbag.py:545} INFO - Filling up the DagBag from /opt/airflow/dags/minio_to_snowflake_dag.py
[2026-07-04T15:33:19.997+0000] {processor.py:840} INFO - DAG(s) 'minio_to_snowflake_ecommerce' retrieved from /opt/airflow/dags/minio_to_snowflake_dag.py
[2026-07-04T15:33:20.026+0000] {logging_mixin.py:188} INFO - [2026-07-04T15:33:20.025+0000] {dag.py:3089} INFO - Sync 1 DAGs
[2026-07-04T15:33:20.054+0000] {logging_mixin.py:188} INFO - [2026-07-04T15:33:20.054+0000] {dag.py:3947} INFO - Setting next_dagrun for minio_to_snowflake_ecommerce to 2026-07-04 15:32:00+00:00, run_after=2026-07-04 15:33:00+00:00
[2026-07-04T15:33:20.080+0000] {processor.py:183} INFO - Processing /opt/airflow/dags/minio_to_snowflake_dag.py took 1.165 seconds
[2026-07-04T15:33:50.377+0000] {processor.py:161} INFO - Started process (PID=51876) to work on /opt/airflow/dags/minio_to_snowflake_dag.py
[2026-07-04T15:33:50.381+0000] {processor.py:830} INFO - Processing file /opt/airflow/dags/minio_to_snowflake_dag.py for tasks to queue
[2026-07-04T15:33:50.388+0000] {logging_mixin.py:188} INFO - [2026-07-04T15:33:50.386+0000] {dagbag.py:545} INFO - Filling up the DagBag from /opt/airflow/dags/minio_to_snowflake_dag.py
[2026-07-04T15:33:51.556+0000] {processor.py:840} INFO - DAG(s) 'minio_to_snowflake_ecommerce' retrieved from /opt/airflow/dags/minio_to_snowflake_dag.py
[2026-07-04T15:33:51.604+0000] {logging_mixin.py:188} INFO - [2026-07-04T15:33:51.603+0000] {dag.py:3089} INFO - Sync 1 DAGs
[2026-07-04T15:33:51.674+0000] {logging_mixin.py:188} INFO - [2026-07-04T15:33:51.673+0000] {dag.py:3947} INFO - Setting next_dagrun for minio_to_snowflake_ecommerce to 2026-07-04 15:32:00+00:00, run_after=2026-07-04 15:33:00+00:00
[2026-07-04T15:33:51.710+0000] {processor.py:183} INFO - Processing /opt/airflow/dags/minio_to_snowflake_dag.py took 1.353 seconds
[2026-07-04T15:34:21.812+0000] {processor.py:161} INFO - Started process (PID=51952) to work on /opt/airflow/dags/minio_to_snowflake_dag.py
[2026-07-04T15:34:21.814+0000] {processor.py:830} INFO - Processing file /opt/airflow/dags/minio_to_snowflake_dag.py for tasks to queue
[2026-07-04T15:34:21.819+0000] {logging_mixin.py:188} INFO - [2026-07-04T15:34:21.818+0000] {dagbag.py:545} INFO - Filling up the DagBag from /opt/airflow/dags/minio_to_snowflake_dag.py
[2026-07-04T15:34:22.812+0000] {processor.py:840} INFO - DAG(s) 'minio_to_snowflake_ecommerce' retrieved from /opt/airflow/dags/minio_to_snowflake_dag.py
[2026-07-04T15:34:22.868+0000] {logging_mixin.py:188} INFO - [2026-07-04T15:34:22.867+0000] {dag.py:3089} INFO - Sync 1 DAGs
[2026-07-04T15:34:22.901+0000] {logging_mixin.py:188} INFO - [2026-07-04T15:34:22.900+0000] {dag.py:3947} INFO - Setting next_dagrun for minio_to_snowflake_ecommerce to 2026-07-04 15:33:00+00:00, run_after=2026-07-04 15:34:00+00:00
[2026-07-04T15:34:22.937+0000] {processor.py:183} INFO - Processing /opt/airflow/dags/minio_to_snowflake_dag.py took 1.138 seconds
[2026-07-04T15:34:53.305+0000] {processor.py:161} INFO - Started process (PID=52028) to work on /opt/airflow/dags/minio_to_snowflake_dag.py
[2026-07-04T15:34:53.307+0000] {processor.py:830} INFO - Processing file /opt/airflow/dags/minio_to_snowflake_dag.py for tasks to queue
[2026-07-04T15:34:53.311+0000] {logging_mixin.py:188} INFO - [2026-07-04T15:34:53.310+0000] {dagbag.py:545} INFO - Filling up the DagBag from /opt/airflow/dags/minio_to_snowflake_dag.py
[2026-07-04T15:34:54.304+0000] {processor.py:840} INFO - DAG(s) 'minio_to_snowflake_ecommerce' retrieved from /opt/airflow/dags/minio_to_snowflake_dag.py
[2026-07-04T15:34:54.334+0000] {logging_mixin.py:188} INFO - [2026-07-04T15:34:54.334+0000] {dag.py:3089} INFO - Sync 1 DAGs
[2026-07-04T15:34:54.366+0000] {logging_mixin.py:188} INFO - [2026-07-04T15:34:54.366+0000] {dag.py:3947} INFO - Setting next_dagrun for minio_to_snowflake_ecommerce to 2026-07-04 15:33:00+00:00, run_after=2026-07-04 15:34:00+00:00
[2026-07-04T15:34:54.391+0000] {processor.py:183} INFO - Processing /opt/airflow/dags/minio_to_snowflake_dag.py took 1.099 seconds
[2026-07-04T15:35:24.676+0000] {processor.py:161} INFO - Started process (PID=52102) to work on /opt/airflow/dags/minio_to_snowflake_dag.py
[2026-07-04T15:35:24.678+0000] {processor.py:830} INFO - Processing file /opt/airflow/dags/minio_to_snowflake_dag.py for tasks to queue
[2026-07-04T15:35:24.682+0000] {logging_mixin.py:188} INFO - [2026-07-04T15:35:24.682+0000] {dagbag.py:545} INFO - Filling up the DagBag from /opt/airflow/dags/minio_to_snowflake_dag.py
[2026-07-04T15:35:25.577+0000] {processor.py:840} INFO - DAG(s) 'minio_to_snowflake_ecommerce' retrieved from /opt/airflow/dags/minio_to_snowflake_dag.py
[2026-07-04T15:35:25.620+0000] {logging_mixin.py:188} INFO - [2026-07-04T15:35:25.619+0000] {dag.py:3089} INFO - Sync 1 DAGs
[2026-07-04T15:35:25.660+0000] {logging_mixin.py:188} INFO - [2026-07-04T15:35:25.659+0000] {dag.py:3947} INFO - Setting next_dagrun for minio_to_snowflake_ecommerce to 2026-07-04 15:34:00+00:00, run_after=2026-07-04 15:35:00+00:00
[2026-07-04T15:35:25.707+0000] {processor.py:183} INFO - Processing /opt/airflow/dags/minio_to_snowflake_dag.py took 1.044 seconds
[2026-07-04T15:35:56.176+0000] {processor.py:161} INFO - Started process (PID=52175) to work on /opt/airflow/dags/minio_to_snowflake_dag.py
[2026-07-04T15:35:56.178+0000] {processor.py:830} INFO - Processing file /opt/airflow/dags/minio_to_snowflake_dag.py for tasks to queue
[2026-07-04T15:35:56.182+0000] {logging_mixin.py:188} INFO - [2026-07-04T15:35:56.182+0000] {dagbag.py:545} INFO - Filling up the DagBag from /opt/airflow/dags/minio_to_snowflake_dag.py
[2026-07-04T15:35:56.991+0000] {processor.py:840} INFO - DAG(s) 'minio_to_snowflake_ecommerce' retrieved from /opt/airflow/dags/minio_to_snowflake_dag.py
[2026-07-04T15:35:57.020+0000] {logging_mixin.py:188} INFO - [2026-07-04T15:35:57.019+0000] {dag.py:3089} INFO - Sync 1 DAGs
[2026-07-04T15:35:57.074+0000] {logging_mixin.py:188} INFO - [2026-07-04T15:35:57.073+0000] {dag.py:3947} INFO - Setting next_dagrun for minio_to_snowflake_ecommerce to 2026-07-04 15:34:00+00:00, run_after=2026-07-04 15:35:00+00:00
[2026-07-04T15:35:57.110+0000] {processor.py:183} INFO - Processing /opt/airflow/dags/minio_to_snowflake_dag.py took 0.945 seconds
[2026-07-04T15:36:27.575+0000] {processor.py:161} INFO - Started process (PID=52247) to work on /opt/airflow/dags/minio_to_snowflake_dag.py
[2026-07-04T15:36:27.576+0000] {processor.py:830} INFO - Processing file /opt/airflow/dags/minio_to_snowflake_dag.py for tasks to queue
[2026-07-04T15:36:27.579+0000] {logging_mixin.py:188} INFO - [2026-07-04T15:36:27.578+0000] {dagbag.py:545} INFO - Filling up the DagBag from /opt/airflow/dags/minio_to_snowflake_dag.py
[2026-07-04T15:36:28.342+0000] {processor.py:840} INFO - DAG(s) 'minio_to_snowflake_ecommerce' retrieved from /opt/airflow/dags/minio_to_snowflake_dag.py
[2026-07-04T15:36:28.383+0000] {logging_mixin.py:188} INFO - [2026-07-04T15:36:28.382+0000] {dag.py:3089} INFO - Sync 1 DAGs
[2026-07-04T15:36:28.436+0000] {logging_mixin.py:188} INFO - [2026-07-04T15:36:28.436+0000] {dag.py:3947} INFO - Setting next_dagrun for minio_to_snowflake_ecommerce to 2026-07-04 15:35:00+00:00, run_after=2026-07-04 15:36:00+00:00
[2026-07-04T15:36:28.484+0000] {processor.py:183} INFO - Processing /opt/airflow/dags/minio_to_snowflake_dag.py took 0.917 seconds
[2026-07-04T15:36:58.978+0000] {processor.py:161} INFO - Started process (PID=52319) to work on /opt/airflow/dags/minio_to_snowflake_dag.py
[2026-07-04T15:36:58.979+0000] {processor.py:830} INFO - Processing file /opt/airflow/dags/minio_to_snowflake_dag.py for tasks to queue
[2026-07-04T15:36:58.981+0000] {logging_mixin.py:188} INFO - [2026-07-04T15:36:58.981+0000] {dagbag.py:545} INFO - Filling up the DagBag from /opt/airflow/dags/minio_to_snowflake_dag.py
[2026-07-04T15:36:59.762+0000] {processor.py:840} INFO - DAG(s) 'minio_to_snowflake_ecommerce' retrieved from /opt/airflow/dags/minio_to_snowflake_dag.py
[2026-07-04T15:36:59.790+0000] {logging_mixin.py:188} INFO - [2026-07-04T15:36:59.789+0000] {dag.py:3089} INFO - Sync 1 DAGs
[2026-07-04T15:36:59.814+0000] {logging_mixin.py:188} INFO - [2026-07-04T15:36:59.814+0000] {dag.py:3947} INFO - Setting next_dagrun for minio_to_snowflake_ecommerce to 2026-07-04 15:35:00+00:00, run_after=2026-07-04 15:36:00+00:00
[2026-07-04T15:36:59.840+0000] {processor.py:183} INFO - Processing /opt/airflow/dags/minio_to_snowflake_dag.py took 0.870 seconds
[2026-07-04T15:37:30.353+0000] {processor.py:161} INFO - Started process (PID=52392) to work on /opt/airflow/dags/minio_to_snowflake_dag.py
[2026-07-04T15:37:30.355+0000] {processor.py:830} INFO - Processing file /opt/airflow/dags/minio_to_snowflake_dag.py for tasks to queue
[2026-07-04T15:37:30.359+0000] {logging_mixin.py:188} INFO - [2026-07-04T15:37:30.358+0000] {dagbag.py:545} INFO - Filling up the DagBag from /opt/airflow/dags/minio_to_snowflake_dag.py
[2026-07-04T15:37:31.130+0000] {processor.py:840} INFO - DAG(s) 'minio_to_snowflake_ecommerce' retrieved from /opt/airflow/dags/minio_to_snowflake_dag.py
[2026-07-04T15:37:31.160+0000] {logging_mixin.py:188} INFO - [2026-07-04T15:37:31.160+0000] {dag.py:3089} INFO - Sync 1 DAGs
[2026-07-04T15:37:31.188+0000] {logging_mixin.py:188} INFO - [2026-07-04T15:37:31.187+0000] {dag.py:3947} INFO - Setting next_dagrun for minio_to_snowflake_ecommerce to 2026-07-04 15:36:00+00:00, run_after=2026-07-04 15:37:00+00:00
[2026-07-04T15:37:31.220+0000] {processor.py:183} INFO - Processing /opt/airflow/dags/minio_to_snowflake_dag.py took 0.881 seconds
[2026-07-04T15:38:01.695+0000] {processor.py:161} INFO - Started process (PID=52441) to work on /opt/airflow/dags/minio_to_snowflake_dag.py
[2026-07-04T15:38:01.699+0000] {processor.py:830} INFO - Processing file /opt/airflow/dags/minio_to_snowflake_dag.py for tasks to queue
[2026-07-04T15:38:01.704+0000] {logging_mixin.py:188} INFO - [2026-07-04T15:38:01.703+0000] {dagbag.py:545} INFO - Filling up the DagBag from /opt/airflow/dags/minio_to_snowflake_dag.py
[2026-07-04T15:38:02.659+0000] {processor.py:840} INFO - DAG(s) 'minio_to_snowflake_ecommerce' retrieved from /opt/airflow/dags/minio_to_snowflake_dag.py
[2026-07-04T15:38:02.716+0000] {logging_mixin.py:188} INFO - [2026-07-04T15:38:02.715+0000] {dag.py:3089} INFO - Sync 1 DAGs
[2026-07-04T15:38:02.770+0000] {logging_mixin.py:188} INFO - [2026-07-04T15:38:02.769+0000] {dag.py:3947} INFO - Setting next_dagrun for minio_to_snowflake_ecommerce to 2026-07-04 15:37:00+00:00, run_after=2026-07-04 15:38:00+00:00
[2026-07-04T15:38:02.804+0000] {processor.py:183} INFO - Processing /opt/airflow/dags/minio_to_snowflake_dag.py took 1.151 seconds
[2026-07-04T15:38:33.109+0000] {processor.py:161} INFO - Started process (PID=52445) to work on /opt/airflow/dags/minio_to_snowflake_dag.py
[2026-07-04T15:38:33.111+0000] {processor.py:830} INFO - Processing file /opt/airflow/dags/minio_to_snowflake_dag.py for tasks to queue
[2026-07-04T15:38:33.115+0000] {logging_mixin.py:188} INFO - [2026-07-04T15:38:33.114+0000] {dagbag.py:545} INFO - Filling up the DagBag from /opt/airflow/dags/minio_to_snowflake_dag.py
[2026-07-04T15:38:33.906+0000] {processor.py:840} INFO - DAG(s) 'minio_to_snowflake_ecommerce' retrieved from /opt/airflow/dags/minio_to_snowflake_dag.py
[2026-07-04T15:38:33.935+0000] {logging_mixin.py:188} INFO - [2026-07-04T15:38:33.934+0000] {dag.py:3089} INFO - Sync 1 DAGs
[2026-07-04T15:38:33.961+0000] {logging_mixin.py:188} INFO - [2026-07-04T15:38:33.960+0000] {dag.py:3947} INFO - Setting next_dagrun for minio_to_snowflake_ecommerce to 2026-07-04 15:37:00+00:00, run_after=2026-07-04 15:38:00+00:00
[2026-07-04T15:38:33.986+0000] {processor.py:183} INFO - Processing /opt/airflow/dags/minio_to_snowflake_dag.py took 0.885 seconds
[2026-07-04T15:39:04.425+0000] {processor.py:161} INFO - Started process (PID=52449) to work on /opt/airflow/dags/minio_to_snowflake_dag.py
[2026-07-04T15:39:04.426+0000] {processor.py:830} INFO - Processing file /opt/airflow/dags/minio_to_snowflake_dag.py for tasks to queue
[2026-07-04T15:39:04.429+0000] {logging_mixin.py:188} INFO - [2026-07-04T15:39:04.428+0000] {dagbag.py:545} INFO - Filling up the DagBag from /opt/airflow/dags/minio_to_snowflake_dag.py
[2026-07-04T15:39:05.206+0000] {processor.py:840} INFO - DAG(s) 'minio_to_snowflake_ecommerce' retrieved from /opt/airflow/dags/minio_to_snowflake_dag.py
[2026-07-04T15:39:05.234+0000] {logging_mixin.py:188} INFO - [2026-07-04T15:39:05.233+0000] {dag.py:3089} INFO - Sync 1 DAGs
[2026-07-04T15:39:05.261+0000] {logging_mixin.py:188} INFO - [2026-07-04T15:39:05.261+0000] {dag.py:3947} INFO - Setting next_dagrun for minio_to_snowflake_ecommerce to 2026-07-04 15:38:00+00:00, run_after=2026-07-04 15:39:00+00:00
[2026-07-04T15:39:05.284+0000] {processor.py:183} INFO - Processing /opt/airflow/dags/minio_to_snowflake_dag.py took 0.866 seconds
[2026-07-04T15:39:35.877+0000] {processor.py:161} INFO - Started process (PID=52453) to work on /opt/airflow/dags/minio_to_snowflake_dag.py
[2026-07-04T15:39:35.879+0000] {processor.py:830} INFO - Processing file /opt/airflow/dags/minio_to_snowflake_dag.py for tasks to queue
[2026-07-04T15:39:35.881+0000] {logging_mixin.py:188} INFO - [2026-07-04T15:39:35.881+0000] {dagbag.py:545} INFO - Filling up the DagBag from /opt/airflow/dags/minio_to_snowflake_dag.py
[2026-07-04T15:39:36.672+0000] {processor.py:840} INFO - DAG(s) 'minio_to_snowflake_ecommerce' retrieved from /opt/airflow/dags/minio_to_snowflake_dag.py
[2026-07-04T15:39:36.736+0000] {logging_mixin.py:188} INFO - [2026-07-04T15:39:36.736+0000] {dag.py:3089} INFO - Sync 1 DAGs
[2026-07-04T15:39:36.782+0000] {logging_mixin.py:188} INFO - [2026-07-04T15:39:36.782+0000] {dag.py:3947} INFO - Setting next_dagrun for minio_to_snowflake_ecommerce to 2026-07-04 15:38:00+00:00, run_after=2026-07-04 15:39:00+00:00
[2026-07-04T15:39:36.820+0000] {processor.py:183} INFO - Processing /opt/airflow/dags/minio_to_snowflake_dag.py took 0.950 seconds
[2026-07-04T15:40:07.294+0000] {processor.py:161} INFO - Started process (PID=52457) to work on /opt/airflow/dags/minio_to_snowflake_dag.py
[2026-07-04T15:40:07.296+0000] {processor.py:830} INFO - Processing file /opt/airflow/dags/minio_to_snowflake_dag.py for tasks to queue
[2026-07-04T15:40:07.298+0000] {logging_mixin.py:188} INFO - [2026-07-04T15:40:07.298+0000] {dagbag.py:545} INFO - Filling up the DagBag from /opt/airflow/dags/minio_to_snowflake_dag.py
[2026-07-04T15:40:08.206+0000] {processor.py:840} INFO - DAG(s) 'minio_to_snowflake_ecommerce' retrieved from /opt/airflow/dags/minio_to_snowflake_dag.py
[2026-07-04T15:40:08.235+0000] {logging_mixin.py:188} INFO - [2026-07-04T15:40:08.235+0000] {dag.py:3089} INFO - Sync 1 DAGs
[2026-07-04T15:40:08.268+0000] {logging_mixin.py:188} INFO - [2026-07-04T15:40:08.267+0000] {dag.py:3947} INFO - Setting next_dagrun for minio_to_snowflake_ecommerce to 2026-07-04 15:39:00+00:00, run_after=2026-07-04 15:40:00+00:00
[2026-07-04T15:40:08.297+0000] {processor.py:183} INFO - Processing /opt/airflow/dags/minio_to_snowflake_dag.py took 1.010 seconds
[2026-07-04T15:40:38.670+0000] {processor.py:161} INFO - Started process (PID=52461) to work on /opt/airflow/dags/minio_to_snowflake_dag.py
[2026-07-04T15:40:38.672+0000] {processor.py:830} INFO - Processing file /opt/airflow/dags/minio_to_snowflake_dag.py for tasks to queue
[2026-07-04T15:40:38.675+0000] {logging_mixin.py:188} INFO - [2026-07-04T15:40:38.674+0000] {dagbag.py:545} INFO - Filling up the DagBag from /opt/airflow/dags/minio_to_snowflake_dag.py
[2026-07-04T15:40:39.564+0000] {processor.py:840} INFO - DAG(s) 'minio_to_snowflake_ecommerce' retrieved from /opt/airflow/dags/minio_to_snowflake_dag.py
[2026-07-04T15:40:39.601+0000] {logging_mixin.py:188} INFO - [2026-07-04T15:40:39.600+0000] {dag.py:3089} INFO - Sync 1 DAGs
[2026-07-04T15:40:39.640+0000] {logging_mixin.py:188} INFO - [2026-07-04T15:40:39.639+0000] {dag.py:3947} INFO - Setting next_dagrun for minio_to_snowflake_ecommerce to 2026-07-04 15:39:00+00:00, run_after=2026-07-04 15:40:00+00:00
[2026-07-04T15:40:39.686+0000] {processor.py:183} INFO - Processing /opt/airflow/dags/minio_to_snowflake_dag.py took 1.028 seconds
[2026-07-04T15:41:10.283+0000] {processor.py:161} INFO - Started process (PID=52465) to work on /opt/airflow/dags/minio_to_snowflake_dag.py
[2026-07-04T15:41:10.284+0000] {processor.py:830} INFO - Processing file /opt/airflow/dags/minio_to_snowflake_dag.py for tasks to queue
[2026-07-04T15:41:10.288+0000] {logging_mixin.py:188} INFO - [2026-07-04T15:41:10.287+0000] {dagbag.py:545} INFO - Filling up the DagBag from /opt/airflow/dags/minio_to_snowflake_dag.py
[2026-07-04T15:41:11.154+0000] {processor.py:840} INFO - DAG(s) 'minio_to_snowflake_ecommerce' retrieved from /opt/airflow/dags/minio_to_snowflake_dag.py
[2026-07-04T15:41:11.185+0000] {logging_mixin.py:188} INFO - [2026-07-04T15:41:11.185+0000] {dag.py:3089} INFO - Sync 1 DAGs
[2026-07-04T15:41:11.218+0000] {logging_mixin.py:188} INFO - [2026-07-04T15:41:11.218+0000] {dag.py:3947} INFO - Setting next_dagrun for minio_to_snowflake_ecommerce to 2026-07-04 15:40:00+00:00, run_after=2026-07-04 15:41:00+00:00
[2026-07-04T15:41:11.243+0000] {processor.py:183} INFO - Processing /opt/airflow/dags/minio_to_snowflake_dag.py took 0.973 seconds
[2026-07-04T15:41:41.912+0000] {processor.py:161} INFO - Started process (PID=52469) to work on /opt/airflow/dags/minio_to_snowflake_dag.py
[2026-07-04T15:41:41.915+0000] {processor.py:830} INFO - Processing file /opt/airflow/dags/minio_to_snowflake_dag.py for tasks to queue
[2026-07-04T15:41:41.920+0000] {logging_mixin.py:188} INFO - [2026-07-04T15:41:41.919+0000] {dagbag.py:545} INFO - Filling up the DagBag from /opt/airflow/dags/minio_to_snowflake_dag.py
[2026-07-04T15:41:42.852+0000] {processor.py:840} INFO - DAG(s) 'minio_to_snowflake_ecommerce' retrieved from /opt/airflow/dags/minio_to_snowflake_dag.py
[2026-07-04T15:41:42.896+0000] {logging_mixin.py:188} INFO - [2026-07-04T15:41:42.896+0000] {dag.py:3089} INFO - Sync 1 DAGs
[2026-07-04T15:41:42.933+0000] {logging_mixin.py:188} INFO - [2026-07-04T15:41:42.932+0000] {dag.py:3947} INFO - Setting next_dagrun for minio_to_snowflake_ecommerce to 2026-07-04 15:40:00+00:00, run_after=2026-07-04 15:41:00+00:00
[2026-07-04T15:41:42.961+0000] {processor.py:183} INFO - Processing /opt/airflow/dags/minio_to_snowflake_dag.py took 1.065 seconds
[2026-07-04T15:42:13.442+0000] {processor.py:161} INFO - Started process (PID=52473) to work on /opt/airflow/dags/minio_to_snowflake_dag.py
[2026-07-04T15:42:13.445+0000] {processor.py:830} INFO - Processing file /opt/airflow/dags/minio_to_snowflake_dag.py for tasks to queue
[2026-07-04T15:42:13.450+0000] {logging_mixin.py:188} INFO - [2026-07-04T15:42:13.449+0000] {dagbag.py:545} INFO - Filling up the DagBag from /opt/airflow/dags/minio_to_snowflake_dag.py
[2026-07-04T15:42:14.371+0000] {processor.py:840} INFO - DAG(s) 'minio_to_snowflake_ecommerce' retrieved from /opt/airflow/dags/minio_to_snowflake_dag.py
[2026-07-04T15:42:14.408+0000] {logging_mixin.py:188} INFO - [2026-07-04T15:42:14.408+0000] {dag.py:3089} INFO - Sync 1 DAGs
[2026-07-04T15:42:14.443+0000] {logging_mixin.py:188} INFO - [2026-07-04T15:42:14.443+0000] {dag.py:3947} INFO - Setting next_dagrun for minio_to_snowflake_ecommerce to 2026-07-04 15:41:00+00:00, run_after=2026-07-04 15:42:00+00:00
[2026-07-04T15:42:14.475+0000] {processor.py:183} INFO - Processing /opt/airflow/dags/minio_to_snowflake_dag.py took 1.049 seconds
[2026-07-04T15:42:45.005+0000] {processor.py:161} INFO - Started process (PID=52477) to work on /opt/airflow/dags/minio_to_snowflake_dag.py
[2026-07-04T15:42:45.007+0000] {processor.py:830} INFO - Processing file /opt/airflow/dags/minio_to_snowflake_dag.py for tasks to queue
[2026-07-04T15:42:45.012+0000] {logging_mixin.py:188} INFO - [2026-07-04T15:42:45.011+0000] {dagbag.py:545} INFO - Filling up the DagBag from /opt/airflow/dags/minio_to_snowflake_dag.py
[2026-07-04T15:42:45.856+0000] {processor.py:840} INFO - DAG(s) 'minio_to_snowflake_ecommerce' retrieved from /opt/airflow/dags/minio_to_snowflake_dag.py
[2026-07-04T15:42:45.886+0000] {logging_mixin.py:188} INFO - [2026-07-04T15:42:45.886+0000] {dag.py:3089} INFO - Sync 1 DAGs
[2026-07-04T15:42:45.917+0000] {logging_mixin.py:188} INFO - [2026-07-04T15:42:45.917+0000] {dag.py:3947} INFO - Setting next_dagrun for minio_to_snowflake_ecommerce to 2026-07-04 15:41:00+00:00, run_after=2026-07-04 15:42:00+00:00
[2026-07-04T15:42:45.961+0000] {processor.py:183} INFO - Processing /opt/airflow/dags/minio_to_snowflake_dag.py took 0.972 seconds
[2026-07-04T15:43:16.419+0000] {processor.py:161} INFO - Started process (PID=52481) to work on /opt/airflow/dags/minio_to_snowflake_dag.py
[2026-07-04T15:43:16.421+0000] {processor.py:830} INFO - Processing file /opt/airflow/dags/minio_to_snowflake_dag.py for tasks to queue
[2026-07-04T15:43:16.425+0000] {logging_mixin.py:188} INFO - [2026-07-04T15:43:16.424+0000] {dagbag.py:545} INFO - Filling up the DagBag from /opt/airflow/dags/minio_to_snowflake_dag.py
[2026-07-04T15:43:17.261+0000] {processor.py:840} INFO - DAG(s) 'minio_to_snowflake_ecommerce' retrieved from /opt/airflow/dags/minio_to_snowflake_dag.py
[2026-07-04T15:43:17.310+0000] {logging_mixin.py:188} INFO - [2026-07-04T15:43:17.309+0000] {dag.py:3089} INFO - Sync 1 DAGs
[2026-07-04T15:43:17.339+0000] {logging_mixin.py:188} INFO - [2026-07-04T15:43:17.339+0000] {dag.py:3947} INFO - Setting next_dagrun for minio_to_snowflake_ecommerce to 2026-07-04 15:42:00+00:00, run_after=2026-07-04 15:43:00+00:00
[2026-07-04T15:43:17.366+0000] {processor.py:183} INFO - Processing /opt/airflow/dags/minio_to_snowflake_dag.py took 0.957 seconds
[2026-07-04T15:43:47.830+0000] {processor.py:161} INFO - Started process (PID=52485) to work on /opt/airflow/dags/minio_to_snowflake_dag.py
[2026-07-04T15:43:47.832+0000] {processor.py:830} INFO - Processing file /opt/airflow/dags/minio_to_snowflake_dag.py for tasks to queue
[2026-07-04T15:43:47.835+0000] {logging_mixin.py:188} INFO - [2026-07-04T15:43:47.834+0000] {dagbag.py:545} INFO - Filling up the DagBag from /opt/airflow/dags/minio_to_snowflake_dag.py
[2026-07-04T15:43:48.706+0000] {processor.py:840} INFO - DAG(s) 'minio_to_snowflake_ecommerce' retrieved from /opt/airflow/dags/minio_to_snowflake_dag.py
[2026-07-04T15:43:48.737+0000] {logging_mixin.py:188} INFO - [2026-07-04T15:43:48.736+0000] {dag.py:3089} INFO - Sync 1 DAGs
[2026-07-04T15:43:48.771+0000] {logging_mixin.py:188} INFO - [2026-07-04T15:43:48.771+0000] {dag.py:3947} INFO - Setting next_dagrun for minio_to_snowflake_ecommerce to 2026-07-04 15:42:00+00:00, run_after=2026-07-04 15:43:00+00:00
[2026-07-04T15:43:48.812+0000] {processor.py:183} INFO - Processing /opt/airflow/dags/minio_to_snowflake_dag.py took 0.989 seconds
[2026-07-04T15:44:19.222+0000] {processor.py:161} INFO - Started process (PID=52489) to work on /opt/airflow/dags/minio_to_snowflake_dag.py
[2026-07-04T15:44:19.223+0000] {processor.py:830} INFO - Processing file /opt/airflow/dags/minio_to_snowflake_dag.py for tasks to queue
[2026-07-04T15:44:19.227+0000] {logging_mixin.py:188} INFO - [2026-07-04T15:44:19.226+0000] {dagbag.py:545} INFO - Filling up the DagBag from /opt/airflow/dags/minio_to_snowflake_dag.py
[2026-07-04T15:44:20.039+0000] {processor.py:840} INFO - DAG(s) 'minio_to_snowflake_ecommerce' retrieved from /opt/airflow/dags/minio_to_snowflake_dag.py
[2026-07-04T15:44:20.067+0000] {logging_mixin.py:188} INFO - [2026-07-04T15:44:20.067+0000] {dag.py:3089} INFO - Sync 1 DAGs
[2026-07-04T15:44:20.095+0000] {logging_mixin.py:188} INFO - [2026-07-04T15:44:20.095+0000] {dag.py:3947} INFO - Setting next_dagrun for minio_to_snowflake_ecommerce to 2026-07-04 15:43:00+00:00, run_after=2026-07-04 15:44:00+00:00
[2026-07-04T15:44:20.118+0000] {processor.py:183} INFO - Processing /opt/airflow/dags/minio_to_snowflake_dag.py took 0.907 seconds
[2026-07-04T15:44:50.633+0000] {processor.py:161} INFO - Started process (PID=52493) to work on /opt/airflow/dags/minio_to_snowflake_dag.py
[2026-07-04T15:44:50.635+0000] {processor.py:830} INFO - Processing file /opt/airflow/dags/minio_to_snowflake_dag.py for tasks to queue
[2026-07-04T15:44:50.640+0000] {logging_mixin.py:188} INFO - [2026-07-04T15:44:50.639+0000] {dagbag.py:545} INFO - Filling up the DagBag from /opt/airflow/dags/minio_to_snowflake_dag.py
[2026-07-04T15:44:51.562+0000] {processor.py:840} INFO - DAG(s) 'minio_to_snowflake_ecommerce' retrieved from /opt/airflow/dags/minio_to_snowflake_dag.py
[2026-07-04T15:44:51.611+0000] {logging_mixin.py:188} INFO - [2026-07-04T15:44:51.610+0000] {dag.py:3089} INFO - Sync 1 DAGs
[2026-07-04T15:44:51.648+0000] {logging_mixin.py:188} INFO - [2026-07-04T15:44:51.647+0000] {dag.py:3947} INFO - Setting next_dagrun for minio_to_snowflake_ecommerce to 2026-07-04 15:43:00+00:00, run_after=2026-07-04 15:44:00+00:00
[2026-07-04T15:44:51.692+0000] {processor.py:183} INFO - Processing /opt/airflow/dags/minio_to_snowflake_dag.py took 1.077 seconds
[2026-07-04T15:45:22.020+0000] {processor.py:161} INFO - Started process (PID=52497) to work on /opt/airflow/dags/minio_to_snowflake_dag.py
[2026-07-04T15:45:22.022+0000] {processor.py:830} INFO - Processing file /opt/airflow/dags/minio_to_snowflake_dag.py for tasks to queue
[2026-07-04T15:45:22.025+0000] {logging_mixin.py:188} INFO - [2026-07-04T15:45:22.025+0000] {dagbag.py:545} INFO - Filling up the DagBag from /opt/airflow/dags/minio_to_snowflake_dag.py
[2026-07-04T15:45:22.831+0000] {processor.py:840} INFO - DAG(s) 'minio_to_snowflake_ecommerce' retrieved from /opt/airflow/dags/minio_to_snowflake_dag.py
[2026-07-04T15:45:22.859+0000] {logging_mixin.py:188} INFO - [2026-07-04T15:45:22.858+0000] {dag.py:3089} INFO - Sync 1 DAGs
[2026-07-04T15:45:22.887+0000] {logging_mixin.py:188} INFO - [2026-07-04T15:45:22.886+0000] {dag.py:3947} INFO - Setting next_dagrun for minio_to_snowflake_ecommerce to 2026-07-04 15:44:00+00:00, run_after=2026-07-04 15:45:00+00:00
[2026-07-04T15:45:22.911+0000] {processor.py:183} INFO - Processing /opt/airflow/dags/minio_to_snowflake_dag.py took 0.901 seconds
[2026-07-04T15:45:53.426+0000] {processor.py:161} INFO - Started process (PID=52501) to work on /opt/airflow/dags/minio_to_snowflake_dag.py
[2026-07-04T15:45:53.428+0000] {processor.py:830} INFO - Processing file /opt/airflow/dags/minio_to_snowflake_dag.py for tasks to queue
[2026-07-04T15:45:53.432+0000] {logging_mixin.py:188} INFO - [2026-07-04T15:45:53.431+0000] {dagbag.py:545} INFO - Filling up the DagBag from /opt/airflow/dags/minio_to_snowflake_dag.py
[2026-07-04T15:45:54.230+0000] {processor.py:840} INFO - DAG(s) 'minio_to_snowflake_ecommerce' retrieved from /opt/airflow/dags/minio_to_snowflake_dag.py
[2026-07-04T15:45:54.261+0000] {logging_mixin.py:188} INFO - [2026-07-04T15:45:54.260+0000] {dag.py:3089} INFO - Sync 1 DAGs
[2026-07-04T15:45:54.290+0000] {logging_mixin.py:188} INFO - [2026-07-04T15:45:54.290+0000] {dag.py:3947} INFO - Setting next_dagrun for minio_to_snowflake_ecommerce to 2026-07-04 15:44:00+00:00, run_after=2026-07-04 15:45:00+00:00
[2026-07-04T15:45:54.325+0000] {processor.py:183} INFO - Processing /opt/airflow/dags/minio_to_snowflake_dag.py took 0.909 seconds
[2026-07-04T15:46:24.818+0000] {processor.py:161} INFO - Started process (PID=52505) to work on /opt/airflow/dags/minio_to_snowflake_dag.py
[2026-07-04T15:46:24.820+0000] {processor.py:830} INFO - Processing file /opt/airflow/dags/minio_to_snowflake_dag.py for tasks to queue
[2026-07-04T15:46:24.823+0000] {logging_mixin.py:188} INFO - [2026-07-04T15:46:24.823+0000] {dagbag.py:545} INFO - Filling up the DagBag from /opt/airflow/dags/minio_to_snowflake_dag.py
[2026-07-04T15:46:25.930+0000] {processor.py:840} INFO - DAG(s) 'minio_to_snowflake_ecommerce' retrieved from /opt/airflow/dags/minio_to_snowflake_dag.py
[2026-07-04T15:46:25.965+0000] {logging_mixin.py:188} INFO - [2026-07-04T15:46:25.965+0000] {dag.py:3089} INFO - Sync 1 DAGs
[2026-07-04T15:46:26.004+0000] {logging_mixin.py:188} INFO - [2026-07-04T15:46:26.004+0000] {dag.py:3947} INFO - Setting next_dagrun for minio_to_snowflake_ecommerce to 2026-07-04 15:45:00+00:00, run_after=2026-07-04 15:46:00+00:00
[2026-07-04T15:46:26.038+0000] {processor.py:183} INFO - Processing /opt/airflow/dags/minio_to_snowflake_dag.py took 1.232 seconds
[2026-07-04T15:46:56.335+0000] {processor.py:161} INFO - Started process (PID=52509) to work on /opt/airflow/dags/minio_to_snowflake_dag.py
[2026-07-04T15:46:56.338+0000] {processor.py:830} INFO - Processing file /opt/airflow/dags/minio_to_snowflake_dag.py for tasks to queue
[2026-07-04T15:46:56.345+0000] {logging_mixin.py:188} INFO - [2026-07-04T15:46:56.344+0000] {dagbag.py:545} INFO - Filling up the DagBag from /opt/airflow/dags/minio_to_snowflake_dag.py
[2026-07-04T15:46:57.397+0000] {processor.py:840} INFO - DAG(s) 'minio_to_snowflake_ecommerce' retrieved from /opt/airflow/dags/minio_to_snowflake_dag.py
[2026-07-04T15:46:57.432+0000] {logging_mixin.py:188} INFO - [2026-07-04T15:46:57.432+0000] {dag.py:3089} INFO - Sync 1 DAGs
[2026-07-04T15:46:57.458+0000] {logging_mixin.py:188} INFO - [2026-07-04T15:46:57.458+0000] {dag.py:3947} INFO - Setting next_dagrun for minio_to_snowflake_ecommerce to 2026-07-04 15:45:00+00:00, run_after=2026-07-04 15:46:00+00:00
[2026-07-04T15:46:57.487+0000] {processor.py:183} INFO - Processing /opt/airflow/dags/minio_to_snowflake_dag.py took 1.172 seconds
[2026-07-04T15:47:27.880+0000] {processor.py:161} INFO - Started process (PID=52513) to work on /opt/airflow/dags/minio_to_snowflake_dag.py
[2026-07-04T15:47:27.881+0000] {processor.py:830} INFO - Processing file /opt/airflow/dags/minio_to_snowflake_dag.py for tasks to queue
[2026-07-04T15:47:27.884+0000] {logging_mixin.py:188} INFO - [2026-07-04T15:47:27.884+0000] {dagbag.py:545} INFO - Filling up the DagBag from /opt/airflow/dags/minio_to_snowflake_dag.py
[2026-07-04T15:47:28.675+0000] {processor.py:840} INFO - DAG(s) 'minio_to_snowflake_ecommerce' retrieved from /opt/airflow/dags/minio_to_snowflake_dag.py
[2026-07-04T15:47:28.731+0000] {logging_mixin.py:188} INFO - [2026-07-04T15:47:28.731+0000] {dag.py:3089} INFO - Sync 1 DAGs
[2026-07-04T15:47:28.782+0000] {logging_mixin.py:188} INFO - [2026-07-04T15:47:28.781+0000] {dag.py:3947} INFO - Setting next_dagrun for minio_to_snowflake_ecommerce to 2026-07-04 15:46:00+00:00, run_after=2026-07-04 15:47:00+00:00
[2026-07-04T15:47:28.823+0000] {processor.py:183} INFO - Processing /opt/airflow/dags/minio_to_snowflake_dag.py took 0.952 seconds
[2026-07-04T15:47:59.351+0000] {processor.py:161} INFO - Started process (PID=52517) to work on /opt/airflow/dags/minio_to_snowflake_dag.py
[2026-07-04T15:47:59.352+0000] {processor.py:830} INFO - Processing file /opt/airflow/dags/minio_to_snowflake_dag.py for tasks to queue
[2026-07-04T15:47:59.355+0000] {logging_mixin.py:188} INFO - [2026-07-04T15:47:59.355+0000] {dagbag.py:545} INFO - Filling up the DagBag from /opt/airflow/dags/minio_to_snowflake_dag.py
[2026-07-04T15:48:00.172+0000] {processor.py:840} INFO - DAG(s) 'minio_to_snowflake_ecommerce' retrieved from /opt/airflow/dags/minio_to_snowflake_dag.py
[2026-07-04T15:48:00.209+0000] {logging_mixin.py:188} INFO - [2026-07-04T15:48:00.209+0000] {dag.py:3089} INFO - Sync 1 DAGs
[2026-07-04T15:48:00.243+0000] {logging_mixin.py:188} INFO - [2026-07-04T15:48:00.243+0000] {dag.py:3947} INFO - Setting next_dagrun for minio_to_snowflake_ecommerce to 2026-07-04 15:47:00+00:00, run_after=2026-07-04 15:48:00+00:00
[2026-07-04T15:48:00.269+0000] {processor.py:183} INFO - Processing /opt/airflow/dags/minio_to_snowflake_dag.py took 0.926 seconds
[2026-07-04T15:48:30.694+0000] {processor.py:161} INFO - Started process (PID=52521) to work on /opt/airflow/dags/minio_to_snowflake_dag.py
[2026-07-04T15:48:30.696+0000] {processor.py:830} INFO - Processing file /opt/airflow/dags/minio_to_snowflake_dag.py for tasks to queue
[2026-07-04T15:48:30.701+0000] {logging_mixin.py:188} INFO - [2026-07-04T15:48:30.701+0000] {dagbag.py:545} INFO - Filling up the DagBag from /opt/airflow/dags/minio_to_snowflake_dag.py
[2026-07-04T15:48:31.495+0000] {processor.py:840} INFO - DAG(s) 'minio_to_snowflake_ecommerce' retrieved from /opt/airflow/dags/minio_to_snowflake_dag.py
[2026-07-04T15:48:31.525+0000] {logging_mixin.py:188} INFO - [2026-07-04T15:48:31.525+0000] {dag.py:3089} INFO - Sync 1 DAGs
[2026-07-04T15:48:31.556+0000] {logging_mixin.py:188} INFO - [2026-07-04T15:48:31.556+0000] {dag.py:3947} INFO - Setting next_dagrun for minio_to_snowflake_ecommerce to 2026-07-04 15:47:00+00:00, run_after=2026-07-04 15:48:00+00:00
[2026-07-04T15:48:31.598+0000] {processor.py:183} INFO - Processing /opt/airflow/dags/minio_to_snowflake_dag.py took 0.911 seconds
[2026-07-04T15:49:02.018+0000] {processor.py:161} INFO - Started process (PID=52525) to work on /opt/airflow/dags/minio_to_snowflake_dag.py
[2026-07-04T15:49:02.019+0000] {processor.py:830} INFO - Processing file /opt/airflow/dags/minio_to_snowflake_dag.py for tasks to queue
[2026-07-04T15:49:02.021+0000] {logging_mixin.py:188} INFO - [2026-07-04T15:49:02.021+0000] {dagbag.py:545} INFO - Filling up the DagBag from /opt/airflow/dags/minio_to_snowflake_dag.py
[2026-07-04T15:49:02.982+0000] {processor.py:840} INFO - DAG(s) 'minio_to_snowflake_ecommerce' retrieved from /opt/airflow/dags/minio_to_snowflake_dag.py
[2026-07-04T15:49:03.031+0000] {logging_mixin.py:188} INFO - [2026-07-04T15:49:03.031+0000] {dag.py:3089} INFO - Sync 1 DAGs
[2026-07-04T15:49:03.066+0000] {logging_mixin.py:188} INFO - [2026-07-04T15:49:03.066+0000] {dag.py:3947} INFO - Setting next_dagrun for minio_to_snowflake_ecommerce to 2026-07-04 15:48:00+00:00, run_after=2026-07-04 15:49:00+00:00
[2026-07-04T15:49:03.094+0000] {processor.py:183} INFO - Processing /opt/airflow/dags/minio_to_snowflake_dag.py took 1.084 seconds
[2026-07-04T15:49:33.423+0000] {processor.py:161} INFO - Started process (PID=52529) to work on /opt/airflow/dags/minio_to_snowflake_dag.py
[2026-07-04T15:49:33.425+0000] {processor.py:830} INFO - Processing file /opt/airflow/dags/minio_to_snowflake_dag.py for tasks to queue
[2026-07-04T15:49:33.428+0000] {logging_mixin.py:188} INFO - [2026-07-04T15:49:33.427+0000] {dagbag.py:545} INFO - Filling up the DagBag from /opt/airflow/dags/minio_to_snowflake_dag.py
[2026-07-04T15:49:34.219+0000] {processor.py:840} INFO - DAG(s) 'minio_to_snowflake_ecommerce' retrieved from /opt/airflow/dags/minio_to_snowflake_dag.py
[2026-07-04T15:49:34.279+0000] {logging_mixin.py:188} INFO - [2026-07-04T15:49:34.278+0000] {dag.py:3089} INFO - Sync 1 DAGs
[2026-07-04T15:49:34.331+0000] {logging_mixin.py:188} INFO - [2026-07-04T15:49:34.331+0000] {dag.py:3947} INFO - Setting next_dagrun for minio_to_snowflake_ecommerce to 2026-07-04 15:48:00+00:00, run_after=2026-07-04 15:49:00+00:00
[2026-07-04T15:49:34.369+0000] {processor.py:183} INFO - Processing /opt/airflow/dags/minio_to_snowflake_dag.py took 0.953 seconds
[2026-07-04T15:50:04.864+0000] {processor.py:161} INFO - Started process (PID=52533) to work on /opt/airflow/dags/minio_to_snowflake_dag.py
[2026-07-04T15:50:04.866+0000] {processor.py:830} INFO - Processing file /opt/airflow/dags/minio_to_snowflake_dag.py for tasks to queue
[2026-07-04T15:50:04.871+0000] {logging_mixin.py:188} INFO - [2026-07-04T15:50:04.870+0000] {dagbag.py:545} INFO - Filling up the DagBag from /opt/airflow/dags/minio_to_snowflake_dag.py
[2026-07-04T15:50:05.839+0000] {processor.py:840} INFO - DAG(s) 'minio_to_snowflake_ecommerce' retrieved from /opt/airflow/dags/minio_to_snowflake_dag.py
[2026-07-04T15:50:05.882+0000] {logging_mixin.py:188} INFO - [2026-07-04T15:50:05.882+0000] {dag.py:3089} INFO - Sync 1 DAGs
[2026-07-04T15:50:05.913+0000] {logging_mixin.py:188} INFO - [2026-07-04T15:50:05.912+0000] {dag.py:3947} INFO - Setting next_dagrun for minio_to_snowflake_ecommerce to 2026-07-04 15:49:00+00:00, run_after=2026-07-04 15:50:00+00:00
[2026-07-04T15:50:05.944+0000] {processor.py:183} INFO - Processing /opt/airflow/dags/minio_to_snowflake_dag.py took 1.096 seconds
[2026-07-04T15:50:36.308+0000] {processor.py:161} INFO - Started process (PID=52537) to work on /opt/airflow/dags/minio_to_snowflake_dag.py
[2026-07-04T15:50:36.309+0000] {processor.py:830} INFO - Processing file /opt/airflow/dags/minio_to_snowflake_dag.py for tasks to queue
[2026-07-04T15:50:36.312+0000] {logging_mixin.py:188} INFO - [2026-07-04T15:50:36.311+0000] {dagbag.py:545} INFO - Filling up the DagBag from /opt/airflow/dags/minio_to_snowflake_dag.py
[2026-07-04T15:50:37.086+0000] {processor.py:840} INFO - DAG(s) 'minio_to_snowflake_ecommerce' retrieved from /opt/airflow/dags/minio_to_snowflake_dag.py
[2026-07-04T15:50:37.121+0000] {logging_mixin.py:188} INFO - [2026-07-04T15:50:37.120+0000] {dag.py:3089} INFO - Sync 1 DAGs
[2026-07-04T15:50:37.154+0000] {logging_mixin.py:188} INFO - [2026-07-04T15:50:37.154+0000] {dag.py:3947} INFO - Setting next_dagrun for minio_to_snowflake_ecommerce to 2026-07-04 15:49:00+00:00, run_after=2026-07-04 15:50:00+00:00
[2026-07-04T15:50:37.193+0000] {processor.py:183} INFO - Processing /opt/airflow/dags/minio_to_snowflake_dag.py took 0.894 seconds
[2026-07-04T15:51:07.585+0000] {processor.py:161} INFO - Started process (PID=52541) to work on /opt/airflow/dags/minio_to_snowflake_dag.py
[2026-07-04T15:51:07.587+0000] {processor.py:830} INFO - Processing file /opt/airflow/dags/minio_to_snowflake_dag.py for tasks to queue
[2026-07-04T15:51:07.589+0000] {logging_mixin.py:188} INFO - [2026-07-04T15:51:07.588+0000] {dagbag.py:545} INFO - Filling up the DagBag from /opt/airflow/dags/minio_to_snowflake_dag.py
[2026-07-04T15:51:08.257+0000] {processor.py:840} INFO - DAG(s) 'minio_to_snowflake_ecommerce' retrieved from /opt/airflow/dags/minio_to_snowflake_dag.py
[2026-07-04T15:51:08.289+0000] {logging_mixin.py:188} INFO - [2026-07-04T15:51:08.288+0000] {dag.py:3089} INFO - Sync 1 DAGs
[2026-07-04T15:51:08.310+0000] {logging_mixin.py:188} INFO - [2026-07-04T15:51:08.310+0000] {dag.py:3947} INFO - Setting next_dagrun for minio_to_snowflake_ecommerce to 2026-07-04 15:50:00+00:00, run_after=2026-07-04 15:51:00+00:00
[2026-07-04T15:51:08.333+0000] {processor.py:183} INFO - Processing /opt/airflow/dags/minio_to_snowflake_dag.py took 0.753 seconds
[2026-07-04T15:51:38.713+0000] {processor.py:161} INFO - Started process (PID=52545) to work on /opt/airflow/dags/minio_to_snowflake_dag.py
[2026-07-04T15:51:38.715+0000] {processor.py:830} INFO - Processing file /opt/airflow/dags/minio_to_snowflake_dag.py for tasks to queue
[2026-07-04T15:51:38.720+0000] {logging_mixin.py:188} INFO - [2026-07-04T15:51:38.719+0000] {dagbag.py:545} INFO - Filling up the DagBag from /opt/airflow/dags/minio_to_snowflake_dag.py
[2026-07-04T15:51:39.552+0000] {processor.py:840} INFO - DAG(s) 'minio_to_snowflake_ecommerce' retrieved from /opt/airflow/dags/minio_to_snowflake_dag.py
[2026-07-04T15:51:39.581+0000] {logging_mixin.py:188} INFO - [2026-07-04T15:51:39.581+0000] {dag.py:3089} INFO - Sync 1 DAGs
[2026-07-04T15:51:39.610+0000] {logging_mixin.py:188} INFO - [2026-07-04T15:51:39.609+0000] {dag.py:3947} INFO - Setting next_dagrun for minio_to_snowflake_ecommerce to 2026-07-04 15:50:00+00:00, run_after=2026-07-04 15:51:00+00:00
[2026-07-04T15:51:39.632+0000] {processor.py:183} INFO - Processing /opt/airflow/dags/minio_to_snowflake_dag.py took 0.932 seconds
[2026-07-04T15:52:10.130+0000] {processor.py:161} INFO - Started process (PID=52549) to work on /opt/airflow/dags/minio_to_snowflake_dag.py
[2026-07-04T15:52:10.132+0000] {processor.py:830} INFO - Processing file /opt/airflow/dags/minio_to_snowflake_dag.py for tasks to queue
[2026-07-04T15:52:10.137+0000] {logging_mixin.py:188} INFO - [2026-07-04T15:52:10.136+0000] {dagbag.py:545} INFO - Filling up the DagBag from /opt/airflow/dags/minio_to_snowflake_dag.py
[2026-07-04T15:52:11.072+0000] {processor.py:840} INFO - DAG(s) 'minio_to_snowflake_ecommerce' retrieved from /opt/airflow/dags/minio_to_snowflake_dag.py
[2026-07-04T15:52:11.115+0000] {logging_mixin.py:188} INFO - [2026-07-04T15:52:11.115+0000] {dag.py:3089} INFO - Sync 1 DAGs
[2026-07-04T15:52:11.157+0000] {logging_mixin.py:188} INFO - [2026-07-04T15:52:11.156+0000] {dag.py:3947} INFO - Setting next_dagrun for minio_to_snowflake_ecommerce to 2026-07-04 15:51:00+00:00, run_after=2026-07-04 15:52:00+00:00
[2026-07-04T15:52:11.188+0000] {processor.py:183} INFO - Processing /opt/airflow/dags/minio_to_snowflake_dag.py took 1.083 seconds
[2026-07-04T15:52:41.540+0000] {processor.py:161} INFO - Started process (PID=52553) to work on /opt/airflow/dags/minio_to_snowflake_dag.py
[2026-07-04T15:52:41.542+0000] {processor.py:830} INFO - Processing file /opt/airflow/dags/minio_to_snowflake_dag.py for tasks to queue
[2026-07-04T15:52:41.546+0000] {logging_mixin.py:188} INFO - [2026-07-04T15:52:41.546+0000] {dagbag.py:545} INFO - Filling up the DagBag from /opt/airflow/dags/minio_to_snowflake_dag.py
[2026-07-04T15:52:42.388+0000] {processor.py:840} INFO - DAG(s) 'minio_to_snowflake_ecommerce' retrieved from /opt/airflow/dags/minio_to_snowflake_dag.py
[2026-07-04T15:52:42.416+0000] {logging_mixin.py:188} INFO - [2026-07-04T15:52:42.415+0000] {dag.py:3089} INFO - Sync 1 DAGs
[2026-07-04T15:52:42.450+0000] {logging_mixin.py:188} INFO - [2026-07-04T15:52:42.450+0000] {dag.py:3947} INFO - Setting next_dagrun for minio_to_snowflake_ecommerce to 2026-07-04 15:51:00+00:00, run_after=2026-07-04 15:52:00+00:00
[2026-07-04T15:52:42.491+0000] {processor.py:183} INFO - Processing /opt/airflow/dags/minio_to_snowflake_dag.py took 0.962 seconds
[2026-07-04T15:53:12.960+0000] {processor.py:161} INFO - Started process (PID=52557) to work on /opt/airflow/dags/minio_to_snowflake_dag.py
[2026-07-04T15:53:12.962+0000] {processor.py:830} INFO - Processing file /opt/airflow/dags/minio_to_snowflake_dag.py for tasks to queue
[2026-07-04T15:53:12.965+0000] {logging_mixin.py:188} INFO - [2026-07-04T15:53:12.965+0000] {dagbag.py:545} INFO - Filling up the DagBag from /opt/airflow/dags/minio_to_snowflake_dag.py
[2026-07-04T15:53:13.792+0000] {processor.py:840} INFO - DAG(s) 'minio_to_snowflake_ecommerce' retrieved from /opt/airflow/dags/minio_to_snowflake_dag.py
[2026-07-04T15:53:13.824+0000] {logging_mixin.py:188} INFO - [2026-07-04T15:53:13.824+0000] {dag.py:3089} INFO - Sync 1 DAGs
[2026-07-04T15:53:13.851+0000] {logging_mixin.py:188} INFO - [2026-07-04T15:53:13.851+0000] {dag.py:3947} INFO - Setting next_dagrun for minio_to_snowflake_ecommerce to 2026-07-04 15:52:00+00:00, run_after=2026-07-04 15:53:00+00:00
[2026-07-04T15:53:13.873+0000] {processor.py:183} INFO - Processing /opt/airflow/dags/minio_to_snowflake_dag.py took 0.925 seconds
[2026-07-04T15:53:44.344+0000] {processor.py:161} INFO - Started process (PID=52561) to work on /opt/airflow/dags/minio_to_snowflake_dag.py
[2026-07-04T15:53:44.346+0000] {processor.py:830} INFO - Processing file /opt/airflow/dags/minio_to_snowflake_dag.py for tasks to queue
[2026-07-04T15:53:44.349+0000] {logging_mixin.py:188} INFO - [2026-07-04T15:53:44.349+0000] {dagbag.py:545} INFO - Filling up the DagBag from /opt/airflow/dags/minio_to_snowflake_dag.py
[2026-07-04T15:53:45.168+0000] {processor.py:840} INFO - DAG(s) 'minio_to_snowflake_ecommerce' retrieved from /opt/airflow/dags/minio_to_snowflake_dag.py
[2026-07-04T15:53:45.212+0000] {logging_mixin.py:188} INFO - [2026-07-04T15:53:45.211+0000] {dag.py:3089} INFO - Sync 1 DAGs
[2026-07-04T15:53:45.240+0000] {logging_mixin.py:188} INFO - [2026-07-04T15:53:45.239+0000] {dag.py:3947} INFO - Setting next_dagrun for minio_to_snowflake_ecommerce to 2026-07-04 15:52:00+00:00, run_after=2026-07-04 15:53:00+00:00
[2026-07-04T15:53:45.266+0000] {processor.py:183} INFO - Processing /opt/airflow/dags/minio_to_snowflake_dag.py took 0.929 seconds
[2026-07-04T15:54:15.698+0000] {processor.py:161} INFO - Started process (PID=52565) to work on /opt/airflow/dags/minio_to_snowflake_dag.py
[2026-07-04T15:54:15.699+0000] {processor.py:830} INFO - Processing file /opt/airflow/dags/minio_to_snowflake_dag.py for tasks to queue
[2026-07-04T15:54:15.702+0000] {logging_mixin.py:188} INFO - [2026-07-04T15:54:15.701+0000] {dagbag.py:545} INFO - Filling up the DagBag from /opt/airflow/dags/minio_to_snowflake_dag.py
[2026-07-04T15:54:16.480+0000] {processor.py:840} INFO - DAG(s) 'minio_to_snowflake_ecommerce' retrieved from /opt/airflow/dags/minio_to_snowflake_dag.py
[2026-07-04T15:54:16.511+0000] {logging_mixin.py:188} INFO - [2026-07-04T15:54:16.511+0000] {dag.py:3089} INFO - Sync 1 DAGs
[2026-07-04T15:54:16.545+0000] {logging_mixin.py:188} INFO - [2026-07-04T15:54:16.545+0000] {dag.py:3947} INFO - Setting next_dagrun for minio_to_snowflake_ecommerce to 2026-07-04 15:53:00+00:00, run_after=2026-07-04 15:54:00+00:00
[2026-07-04T15:54:16.580+0000] {processor.py:183} INFO - Processing /opt/airflow/dags/minio_to_snowflake_dag.py took 0.889 seconds
[2026-07-04T15:54:47.147+0000] {processor.py:161} INFO - Started process (PID=52569) to work on /opt/airflow/dags/minio_to_snowflake_dag.py
[2026-07-04T15:54:47.148+0000] {processor.py:830} INFO - Processing file /opt/airflow/dags/minio_to_snowflake_dag.py for tasks to queue
[2026-07-04T15:54:47.151+0000] {logging_mixin.py:188} INFO - [2026-07-04T15:54:47.150+0000] {dagbag.py:545} INFO - Filling up the DagBag from /opt/airflow/dags/minio_to_snowflake_dag.py
[2026-07-04T15:54:48.082+0000] {processor.py:840} INFO - DAG(s) 'minio_to_snowflake_ecommerce' retrieved from /opt/airflow/dags/minio_to_snowflake_dag.py
[2026-07-04T15:54:48.115+0000] {logging_mixin.py:188} INFO - [2026-07-04T15:54:48.114+0000] {dag.py:3089} INFO - Sync 1 DAGs
[2026-07-04T15:54:48.145+0000] {logging_mixin.py:188} INFO - [2026-07-04T15:54:48.145+0000] {dag.py:3947} INFO - Setting next_dagrun for minio_to_snowflake_ecommerce to 2026-07-04 15:53:00+00:00, run_after=2026-07-04 15:54:00+00:00
[2026-07-04T15:54:48.179+0000] {processor.py:183} INFO - Processing /opt/airflow/dags/minio_to_snowflake_dag.py took 1.040 seconds
[2026-07-04T15:55:18.541+0000] {processor.py:161} INFO - Started process (PID=52573) to work on /opt/airflow/dags/minio_to_snowflake_dag.py
[2026-07-04T15:55:18.542+0000] {processor.py:830} INFO - Processing file /opt/airflow/dags/minio_to_snowflake_dag.py for tasks to queue
[2026-07-04T15:55:18.545+0000] {logging_mixin.py:188} INFO - [2026-07-04T15:55:18.545+0000] {dagbag.py:545} INFO - Filling up the DagBag from /opt/airflow/dags/minio_to_snowflake_dag.py
[2026-07-04T15:55:19.323+0000] {processor.py:840} INFO - DAG(s) 'minio_to_snowflake_ecommerce' retrieved from /opt/airflow/dags/minio_to_snowflake_dag.py
[2026-07-04T15:55:19.354+0000] {logging_mixin.py:188} INFO - [2026-07-04T15:55:19.354+0000] {dag.py:3089} INFO - Sync 1 DAGs
[2026-07-04T15:55:19.381+0000] {logging_mixin.py:188} INFO - [2026-07-04T15:55:19.381+0000] {dag.py:3947} INFO - Setting next_dagrun for minio_to_snowflake_ecommerce to 2026-07-04 15:54:00+00:00, run_after=2026-07-04 15:55:00+00:00
[2026-07-04T15:55:19.403+0000] {processor.py:183} INFO - Processing /opt/airflow/dags/minio_to_snowflake_dag.py took 0.871 seconds
[2026-07-04T15:55:49.856+0000] {processor.py:161} INFO - Started process (PID=52577) to work on /opt/airflow/dags/minio_to_snowflake_dag.py
[2026-07-04T15:55:49.858+0000] {processor.py:830} INFO - Processing file /opt/airflow/dags/minio_to_snowflake_dag.py for tasks to queue
[2026-07-04T15:55:49.862+0000] {logging_mixin.py:188} INFO - [2026-07-04T15:55:49.861+0000] {dagbag.py:545} INFO - Filling up the DagBag from /opt/airflow/dags/minio_to_snowflake_dag.py
[2026-07-04T15:55:50.700+0000] {processor.py:840} INFO - DAG(s) 'minio_to_snowflake_ecommerce' retrieved from /opt/airflow/dags/minio_to_snowflake_dag.py
[2026-07-04T15:55:50.732+0000] {logging_mixin.py:188} INFO - [2026-07-04T15:55:50.732+0000] {dag.py:3089} INFO - Sync 1 DAGs
[2026-07-04T15:55:50.769+0000] {logging_mixin.py:188} INFO - [2026-07-04T15:55:50.769+0000] {dag.py:3947} INFO - Setting next_dagrun for minio_to_snowflake_ecommerce to 2026-07-04 15:54:00+00:00, run_after=2026-07-04 15:55:00+00:00
[2026-07-04T15:55:50.815+0000] {processor.py:183} INFO - Processing /opt/airflow/dags/minio_to_snowflake_dag.py took 0.970 seconds
[2026-07-04T15:56:21.353+0000] {processor.py:161} INFO - Started process (PID=52581) to work on /opt/airflow/dags/minio_to_snowflake_dag.py
[2026-07-04T15:56:21.355+0000] {processor.py:830} INFO - Processing file /opt/airflow/dags/minio_to_snowflake_dag.py for tasks to queue
[2026-07-04T15:56:21.360+0000] {logging_mixin.py:188} INFO - [2026-07-04T15:56:21.359+0000] {dagbag.py:545} INFO - Filling up the DagBag from /opt/airflow/dags/minio_to_snowflake_dag.py
[2026-07-04T15:56:22.152+0000] {processor.py:840} INFO - DAG(s) 'minio_to_snowflake_ecommerce' retrieved from /opt/airflow/dags/minio_to_snowflake_dag.py
[2026-07-04T15:56:22.184+0000] {logging_mixin.py:188} INFO - [2026-07-04T15:56:22.183+0000] {dag.py:3089} INFO - Sync 1 DAGs
[2026-07-04T15:56:22.212+0000] {logging_mixin.py:188} INFO - [2026-07-04T15:56:22.212+0000] {dag.py:3947} INFO - Setting next_dagrun for minio_to_snowflake_ecommerce to 2026-07-04 15:55:00+00:00, run_after=2026-07-04 15:56:00+00:00
[2026-07-04T15:56:22.242+0000] {processor.py:183} INFO - Processing /opt/airflow/dags/minio_to_snowflake_dag.py took 0.900 seconds
[2026-07-04T15:56:52.667+0000] {processor.py:161} INFO - Started process (PID=52585) to work on /opt/airflow/dags/minio_to_snowflake_dag.py
[2026-07-04T15:56:52.670+0000] {processor.py:830} INFO - Processing file /opt/airflow/dags/minio_to_snowflake_dag.py for tasks to queue
[2026-07-04T15:56:52.676+0000] {logging_mixin.py:188} INFO - [2026-07-04T15:56:52.675+0000] {dagbag.py:545} INFO - Filling up the DagBag from /opt/airflow/dags/minio_to_snowflake_dag.py
[2026-07-04T15:56:53.737+0000] {processor.py:840} INFO - DAG(s) 'minio_to_snowflake_ecommerce' retrieved from /opt/airflow/dags/minio_to_snowflake_dag.py
[2026-07-04T15:56:53.796+0000] {logging_mixin.py:188} INFO - [2026-07-04T15:56:53.795+0000] {dag.py:3089} INFO - Sync 1 DAGs
[2026-07-04T15:56:53.839+0000] {logging_mixin.py:188} INFO - [2026-07-04T15:56:53.839+0000] {dag.py:3947} INFO - Setting next_dagrun for minio_to_snowflake_ecommerce to 2026-07-04 15:55:00+00:00, run_after=2026-07-04 15:56:00+00:00
[2026-07-04T15:56:53.866+0000] {processor.py:183} INFO - Processing /opt/airflow/dags/minio_to_snowflake_dag.py took 1.216 seconds
[2026-07-04T15:57:24.026+0000] {processor.py:161} INFO - Started process (PID=52589) to work on /opt/airflow/dags/minio_to_snowflake_dag.py
[2026-07-04T15:57:24.027+0000] {processor.py:830} INFO - Processing file /opt/airflow/dags/minio_to_snowflake_dag.py for tasks to queue
[2026-07-04T15:57:24.030+0000] {logging_mixin.py:188} INFO - [2026-07-04T15:57:24.030+0000] {dagbag.py:545} INFO - Filling up the DagBag from /opt/airflow/dags/minio_to_snowflake_dag.py
[2026-07-04T15:57:24.931+0000] {processor.py:840} INFO - DAG(s) 'minio_to_snowflake_ecommerce' retrieved from /opt/airflow/dags/minio_to_snowflake_dag.py
[2026-07-04T15:57:24.971+0000] {logging_mixin.py:188} INFO - [2026-07-04T15:57:24.970+0000] {dag.py:3089} INFO - Sync 1 DAGs
[2026-07-04T15:57:24.999+0000] {logging_mixin.py:188} INFO - [2026-07-04T15:57:24.998+0000] {dag.py:3947} INFO - Setting next_dagrun for minio_to_snowflake_ecommerce to 2026-07-04 15:56:00+00:00, run_after=2026-07-04 15:57:00+00:00
[2026-07-04T15:57:25.027+0000] {processor.py:183} INFO - Processing /opt/airflow/dags/minio_to_snowflake_dag.py took 1.013 seconds
[2026-07-04T15:57:55.456+0000] {processor.py:161} INFO - Started process (PID=52593) to work on /opt/airflow/dags/minio_to_snowflake_dag.py
[2026-07-04T15:57:55.457+0000] {processor.py:830} INFO - Processing file /opt/airflow/dags/minio_to_snowflake_dag.py for tasks to queue
[2026-07-04T15:57:55.460+0000] {logging_mixin.py:188} INFO - [2026-07-04T15:57:55.460+0000] {dagbag.py:545} INFO - Filling up the DagBag from /opt/airflow/dags/minio_to_snowflake_dag.py
[2026-07-04T15:57:56.297+0000] {processor.py:840} INFO - DAG(s) 'minio_to_snowflake_ecommerce' retrieved from /opt/airflow/dags/minio_to_snowflake_dag.py
[2026-07-04T15:57:56.325+0000] {logging_mixin.py:188} INFO - [2026-07-04T15:57:56.324+0000] {dag.py:3089} INFO - Sync 1 DAGs
[2026-07-04T15:57:56.355+0000] {logging_mixin.py:188} INFO - [2026-07-04T15:57:56.355+0000] {dag.py:3947} INFO - Setting next_dagrun for minio_to_snowflake_ecommerce to 2026-07-04 15:56:00+00:00, run_after=2026-07-04 15:57:00+00:00
[2026-07-04T15:57:56.387+0000] {processor.py:183} INFO - Processing /opt/airflow/dags/minio_to_snowflake_dag.py took 0.938 seconds
[2026-07-04T15:58:26.892+0000] {processor.py:161} INFO - Started process (PID=52597) to work on /opt/airflow/dags/minio_to_snowflake_dag.py
[2026-07-04T15:58:26.893+0000] {processor.py:830} INFO - Processing file /opt/airflow/dags/minio_to_snowflake_dag.py for tasks to queue
[2026-07-04T15:58:26.896+0000] {logging_mixin.py:188} INFO - [2026-07-04T15:58:26.895+0000] {dagbag.py:545} INFO - Filling up the DagBag from /opt/airflow/dags/minio_to_snowflake_dag.py
[2026-07-04T15:58:27.811+0000] {processor.py:840} INFO - DAG(s) 'minio_to_snowflake_ecommerce' retrieved from /opt/airflow/dags/minio_to_snowflake_dag.py
[2026-07-04T15:58:27.869+0000] {logging_mixin.py:188} INFO - [2026-07-04T15:58:27.868+0000] {dag.py:3089} INFO - Sync 1 DAGs
[2026-07-04T15:58:27.909+0000] {logging_mixin.py:188} INFO - [2026-07-04T15:58:27.909+0000] {dag.py:3947} INFO - Setting next_dagrun for minio_to_snowflake_ecommerce to 2026-07-04 15:57:00+00:00, run_after=2026-07-04 15:58:00+00:00
[2026-07-04T15:58:27.943+0000] {processor.py:183} INFO - Processing /opt/airflow/dags/minio_to_snowflake_dag.py took 1.059 seconds
[2026-07-04T15:58:58.345+0000] {processor.py:161} INFO - Started process (PID=52601) to work on /opt/airflow/dags/minio_to_snowflake_dag.py
[2026-07-04T15:58:58.346+0000] {processor.py:830} INFO - Processing file /opt/airflow/dags/minio_to_snowflake_dag.py for tasks to queue
[2026-07-04T15:58:58.350+0000] {logging_mixin.py:188} INFO - [2026-07-04T15:58:58.349+0000] {dagbag.py:545} INFO - Filling up the DagBag from /opt/airflow/dags/minio_to_snowflake_dag.py
[2026-07-04T15:58:59.165+0000] {processor.py:840} INFO - DAG(s) 'minio_to_snowflake_ecommerce' retrieved from /opt/airflow/dags/minio_to_snowflake_dag.py
[2026-07-04T15:58:59.193+0000] {logging_mixin.py:188} INFO - [2026-07-04T15:58:59.193+0000] {dag.py:3089} INFO - Sync 1 DAGs
[2026-07-04T15:58:59.226+0000] {logging_mixin.py:188} INFO - [2026-07-04T15:58:59.226+0000] {dag.py:3947} INFO - Setting next_dagrun for minio_to_snowflake_ecommerce to 2026-07-04 15:57:00+00:00, run_after=2026-07-04 15:58:00+00:00
[2026-07-04T15:58:59.267+0000] {processor.py:183} INFO - Processing /opt/airflow/dags/minio_to_snowflake_dag.py took 0.935 seconds
[2026-07-04T15:59:29.801+0000] {processor.py:161} INFO - Started process (PID=52605) to work on /opt/airflow/dags/minio_to_snowflake_dag.py
[2026-07-04T15:59:29.803+0000] {processor.py:830} INFO - Processing file /opt/airflow/dags/minio_to_snowflake_dag.py for tasks to queue
[2026-07-04T15:59:29.807+0000] {logging_mixin.py:188} INFO - [2026-07-04T15:59:29.807+0000] {dagbag.py:545} INFO - Filling up the DagBag from /opt/airflow/dags/minio_to_snowflake_dag.py
[2026-07-04T15:59:30.667+0000] {processor.py:840} INFO - DAG(s) 'minio_to_snowflake_ecommerce' retrieved from /opt/airflow/dags/minio_to_snowflake_dag.py
[2026-07-04T15:59:30.706+0000] {logging_mixin.py:188} INFO - [2026-07-04T15:59:30.706+0000] {dag.py:3089} INFO - Sync 1 DAGs
[2026-07-04T15:59:30.757+0000] {logging_mixin.py:188} INFO - [2026-07-04T15:59:30.757+0000] {dag.py:3947} INFO - Setting next_dagrun for minio_to_snowflake_ecommerce to 2026-07-04 15:58:00+00:00, run_after=2026-07-04 15:59:00+00:00
[2026-07-04T15:59:30.804+0000] {processor.py:183} INFO - Processing /opt/airflow/dags/minio_to_snowflake_dag.py took 1.010 seconds
[2026-07-04T16:00:01.178+0000] {processor.py:161} INFO - Started process (PID=52609) to work on /opt/airflow/dags/minio_to_snowflake_dag.py
[2026-07-04T16:00:01.179+0000] {processor.py:830} INFO - Processing file /opt/airflow/dags/minio_to_snowflake_dag.py for tasks to queue
[2026-07-04T16:00:01.182+0000] {logging_mixin.py:188} INFO - [2026-07-04T16:00:01.181+0000] {dagbag.py:545} INFO - Filling up the DagBag from /opt/airflow/dags/minio_to_snowflake_dag.py
[2026-07-04T16:00:01.942+0000] {processor.py:840} INFO - DAG(s) 'minio_to_snowflake_ecommerce' retrieved from /opt/airflow/dags/minio_to_snowflake_dag.py
[2026-07-04T16:00:01.971+0000] {logging_mixin.py:188} INFO - [2026-07-04T16:00:01.971+0000] {dag.py:3089} INFO - Sync 1 DAGs
[2026-07-04T16:00:01.998+0000] {logging_mixin.py:188} INFO - [2026-07-04T16:00:01.998+0000] {dag.py:3947} INFO - Setting next_dagrun for minio_to_snowflake_ecommerce to 2026-07-04 15:59:00+00:00, run_after=2026-07-04 16:00:00+00:00
[2026-07-04T16:00:02.021+0000] {processor.py:183} INFO - Processing /opt/airflow/dags/minio_to_snowflake_dag.py took 0.849 seconds
[2026-07-04T16:00:32.446+0000] {processor.py:161} INFO - Started process (PID=52613) to work on /opt/airflow/dags/minio_to_snowflake_dag.py
[2026-07-04T16:00:32.449+0000] {processor.py:830} INFO - Processing file /opt/airflow/dags/minio_to_snowflake_dag.py for tasks to queue
[2026-07-04T16:00:32.453+0000] {logging_mixin.py:188} INFO - [2026-07-04T16:00:32.452+0000] {dagbag.py:545} INFO - Filling up the DagBag from /opt/airflow/dags/minio_to_snowflake_dag.py
[2026-07-04T16:00:33.291+0000] {processor.py:840} INFO - DAG(s) 'minio_to_snowflake_ecommerce' retrieved from /opt/airflow/dags/minio_to_snowflake_dag.py
[2026-07-04T16:00:33.336+0000] {logging_mixin.py:188} INFO - [2026-07-04T16:00:33.335+0000] {dag.py:3089} INFO - Sync 1 DAGs
[2026-07-04T16:00:33.390+0000] {logging_mixin.py:188} INFO - [2026-07-04T16:00:33.390+0000] {dag.py:3947} INFO - Setting next_dagrun for minio_to_snowflake_ecommerce to 2026-07-04 15:59:00+00:00, run_after=2026-07-04 16:00:00+00:00
[2026-07-04T16:00:33.432+0000] {processor.py:183} INFO - Processing /opt/airflow/dags/minio_to_snowflake_dag.py took 1.009 seconds
[2026-07-04T16:01:03.895+0000] {processor.py:161} INFO - Started process (PID=52617) to work on /opt/airflow/dags/minio_to_snowflake_dag.py
[2026-07-04T16:01:03.898+0000] {processor.py:830} INFO - Processing file /opt/airflow/dags/minio_to_snowflake_dag.py for tasks to queue
[2026-07-04T16:01:03.903+0000] {logging_mixin.py:188} INFO - [2026-07-04T16:01:03.902+0000] {dagbag.py:545} INFO - Filling up the DagBag from /opt/airflow/dags/minio_to_snowflake_dag.py
[2026-07-04T16:01:04.741+0000] {processor.py:840} INFO - DAG(s) 'minio_to_snowflake_ecommerce' retrieved from /opt/airflow/dags/minio_to_snowflake_dag.py
[2026-07-04T16:01:04.769+0000] {logging_mixin.py:188} INFO - [2026-07-04T16:01:04.768+0000] {dag.py:3089} INFO - Sync 1 DAGs
[2026-07-04T16:01:04.796+0000] {logging_mixin.py:188} INFO - [2026-07-04T16:01:04.796+0000] {dag.py:3947} INFO - Setting next_dagrun for minio_to_snowflake_ecommerce to 2026-07-04 16:00:00+00:00, run_after=2026-07-04 16:01:00+00:00
[2026-07-04T16:01:04.817+0000] {processor.py:183} INFO - Processing /opt/airflow/dags/minio_to_snowflake_dag.py took 0.936 seconds
[2026-07-04T16:01:35.315+0000] {processor.py:161} INFO - Started process (PID=52621) to work on /opt/airflow/dags/minio_to_snowflake_dag.py
[2026-07-04T16:01:35.317+0000] {processor.py:830} INFO - Processing file /opt/airflow/dags/minio_to_snowflake_dag.py for tasks to queue
[2026-07-04T16:01:35.320+0000] {logging_mixin.py:188} INFO - [2026-07-04T16:01:35.320+0000] {dagbag.py:545} INFO - Filling up the DagBag from /opt/airflow/dags/minio_to_snowflake_dag.py
[2026-07-04T16:01:36.209+0000] {processor.py:840} INFO - DAG(s) 'minio_to_snowflake_ecommerce' retrieved from /opt/airflow/dags/minio_to_snowflake_dag.py
[2026-07-04T16:01:36.250+0000] {logging_mixin.py:188} INFO - [2026-07-04T16:01:36.250+0000] {dag.py:3089} INFO - Sync 1 DAGs
[2026-07-04T16:01:36.287+0000] {logging_mixin.py:188} INFO - [2026-07-04T16:01:36.287+0000] {dag.py:3947} INFO - Setting next_dagrun for minio_to_snowflake_ecommerce to 2026-07-04 16:00:00+00:00, run_after=2026-07-04 16:01:00+00:00
[2026-07-04T16:01:36.331+0000] {processor.py:183} INFO - Processing /opt/airflow/dags/minio_to_snowflake_dag.py took 1.026 seconds
[2026-07-04T16:02:06.748+0000] {processor.py:161} INFO - Started process (PID=52625) to work on /opt/airflow/dags/minio_to_snowflake_dag.py
[2026-07-04T16:02:06.750+0000] {processor.py:830} INFO - Processing file /opt/airflow/dags/minio_to_snowflake_dag.py for tasks to queue
[2026-07-04T16:02:06.753+0000] {logging_mixin.py:188} INFO - [2026-07-04T16:02:06.752+0000] {dagbag.py:545} INFO - Filling up the DagBag from /opt/airflow/dags/minio_to_snowflake_dag.py
[2026-07-04T16:02:07.582+0000] {processor.py:840} INFO - DAG(s) 'minio_to_snowflake_ecommerce' retrieved from /opt/airflow/dags/minio_to_snowflake_dag.py
[2026-07-04T16:02:07.609+0000] {logging_mixin.py:188} INFO - [2026-07-04T16:02:07.609+0000] {dag.py:3089} INFO - Sync 1 DAGs
[2026-07-04T16:02:07.636+0000] {logging_mixin.py:188} INFO - [2026-07-04T16:02:07.636+0000] {dag.py:3947} INFO - Setting next_dagrun for minio_to_snowflake_ecommerce to 2026-07-04 16:01:00+00:00, run_after=2026-07-04 16:02:00+00:00
[2026-07-04T16:02:07.663+0000] {processor.py:183} INFO - Processing /opt/airflow/dags/minio_to_snowflake_dag.py took 0.925 seconds
[2026-07-04T16:02:38.082+0000] {processor.py:161} INFO - Started process (PID=52629) to work on /opt/airflow/dags/minio_to_snowflake_dag.py
[2026-07-04T16:02:38.083+0000] {processor.py:830} INFO - Processing file /opt/airflow/dags/minio_to_snowflake_dag.py for tasks to queue
[2026-07-04T16:02:38.087+0000] {logging_mixin.py:188} INFO - [2026-07-04T16:02:38.086+0000] {dagbag.py:545} INFO - Filling up the DagBag from /opt/airflow/dags/minio_to_snowflake_dag.py
[2026-07-04T16:02:38.934+0000] {processor.py:840} INFO - DAG(s) 'minio_to_snowflake_ecommerce' retrieved from /opt/airflow/dags/minio_to_snowflake_dag.py
[2026-07-04T16:02:38.962+0000] {logging_mixin.py:188} INFO - [2026-07-04T16:02:38.961+0000] {dag.py:3089} INFO - Sync 1 DAGs
[2026-07-04T16:02:38.991+0000] {logging_mixin.py:188} INFO - [2026-07-04T16:02:38.991+0000] {dag.py:3947} INFO - Setting next_dagrun for minio_to_snowflake_ecommerce to 2026-07-04 16:01:00+00:00, run_after=2026-07-04 16:02:00+00:00
[2026-07-04T16:02:39.023+0000] {processor.py:183} INFO - Processing /opt/airflow/dags/minio_to_snowflake_dag.py took 0.953 seconds
[2026-07-04T16:03:09.512+0000] {processor.py:161} INFO - Started process (PID=52633) to work on /opt/airflow/dags/minio_to_snowflake_dag.py
[2026-07-04T16:03:09.514+0000] {processor.py:830} INFO - Processing file /opt/airflow/dags/minio_to_snowflake_dag.py for tasks to queue
[2026-07-04T16:03:09.518+0000] {logging_mixin.py:188} INFO - [2026-07-04T16:03:09.517+0000] {dagbag.py:545} INFO - Filling up the DagBag from /opt/airflow/dags/minio_to_snowflake_dag.py
[2026-07-04T16:03:10.358+0000] {processor.py:840} INFO - DAG(s) 'minio_to_snowflake_ecommerce' retrieved from /opt/airflow/dags/minio_to_snowflake_dag.py
[2026-07-04T16:03:10.407+0000] {logging_mixin.py:188} INFO - [2026-07-04T16:03:10.406+0000] {dag.py:3089} INFO - Sync 1 DAGs
[2026-07-04T16:03:10.443+0000] {logging_mixin.py:188} INFO - [2026-07-04T16:03:10.442+0000] {dag.py:3947} INFO - Setting next_dagrun for minio_to_snowflake_ecommerce to 2026-07-04 16:02:00+00:00, run_after=2026-07-04 16:03:00+00:00
[2026-07-04T16:03:10.465+0000] {processor.py:183} INFO - Processing /opt/airflow/dags/minio_to_snowflake_dag.py took 0.968 seconds
[2026-07-04T16:03:40.787+0000] {processor.py:161} INFO - Started process (PID=52637) to work on /opt/airflow/dags/minio_to_snowflake_dag.py
[2026-07-04T16:03:40.789+0000] {processor.py:830} INFO - Processing file /opt/airflow/dags/minio_to_snowflake_dag.py for tasks to queue
[2026-07-04T16:03:40.793+0000] {logging_mixin.py:188} INFO - [2026-07-04T16:03:40.792+0000] {dagbag.py:545} INFO - Filling up the DagBag from /opt/airflow/dags/minio_to_snowflake_dag.py
[2026-07-04T16:03:41.580+0000] {processor.py:840} INFO - DAG(s) 'minio_to_snowflake_ecommerce' retrieved from /opt/airflow/dags/minio_to_snowflake_dag.py
[2026-07-04T16:03:41.613+0000] {logging_mixin.py:188} INFO - [2026-07-04T16:03:41.613+0000] {dag.py:3089} INFO - Sync 1 DAGs
[2026-07-04T16:03:41.667+0000] {logging_mixin.py:188} INFO - [2026-07-04T16:03:41.666+0000] {dag.py:3947} INFO - Setting next_dagrun for minio_to_snowflake_ecommerce to 2026-07-04 16:02:00+00:00, run_after=2026-07-04 16:03:00+00:00
[2026-07-04T16:03:41.711+0000] {processor.py:183} INFO - Processing /opt/airflow/dags/minio_to_snowflake_dag.py took 0.931 seconds
[2026-07-04T16:04:12.096+0000] {processor.py:161} INFO - Started process (PID=52641) to work on /opt/airflow/dags/minio_to_snowflake_dag.py
[2026-07-04T16:04:12.099+0000] {processor.py:830} INFO - Processing file /opt/airflow/dags/minio_to_snowflake_dag.py for tasks to queue
[2026-07-04T16:04:12.103+0000] {logging_mixin.py:188} INFO - [2026-07-04T16:04:12.102+0000] {dagbag.py:545} INFO - Filling up the DagBag from /opt/airflow/dags/minio_to_snowflake_dag.py
[2026-07-04T16:04:13.301+0000] {processor.py:840} INFO - DAG(s) 'minio_to_snowflake_ecommerce' retrieved from /opt/airflow/dags/minio_to_snowflake_dag.py
[2026-07-04T16:04:13.346+0000] {logging_mixin.py:188} INFO - [2026-07-04T16:04:13.346+0000] {dag.py:3089} INFO - Sync 1 DAGs
[2026-07-04T16:04:13.399+0000] {logging_mixin.py:188} INFO - [2026-07-04T16:04:13.398+0000] {dag.py:3947} INFO - Setting next_dagrun for minio_to_snowflake_ecommerce to 2026-07-04 16:03:00+00:00, run_after=2026-07-04 16:04:00+00:00
[2026-07-04T16:04:13.436+0000] {processor.py:183} INFO - Processing /opt/airflow/dags/minio_to_snowflake_dag.py took 1.352 seconds
[2026-07-04T16:04:43.797+0000] {processor.py:161} INFO - Started process (PID=52645) to work on /opt/airflow/dags/minio_to_snowflake_dag.py
[2026-07-04T16:04:43.799+0000] {processor.py:830} INFO - Processing file /opt/airflow/dags/minio_to_snowflake_dag.py for tasks to queue
[2026-07-04T16:04:43.802+0000] {logging_mixin.py:188} INFO - [2026-07-04T16:04:43.801+0000] {dagbag.py:545} INFO - Filling up the DagBag from /opt/airflow/dags/minio_to_snowflake_dag.py
[2026-07-04T16:04:44.802+0000] {processor.py:840} INFO - DAG(s) 'minio_to_snowflake_ecommerce' retrieved from /opt/airflow/dags/minio_to_snowflake_dag.py
[2026-07-04T16:04:44.850+0000] {logging_mixin.py:188} INFO - [2026-07-04T16:04:44.849+0000] {dag.py:3089} INFO - Sync 1 DAGs
[2026-07-04T16:04:44.880+0000] {logging_mixin.py:188} INFO - [2026-07-04T16:04:44.879+0000] {dag.py:3947} INFO - Setting next_dagrun for minio_to_snowflake_ecommerce to 2026-07-04 16:03:00+00:00, run_after=2026-07-04 16:04:00+00:00
[2026-07-04T16:04:44.913+0000] {processor.py:183} INFO - Processing /opt/airflow/dags/minio_to_snowflake_dag.py took 1.124 seconds
[2026-07-04T16:05:15.170+0000] {processor.py:161} INFO - Started process (PID=52649) to work on /opt/airflow/dags/minio_to_snowflake_dag.py
[2026-07-04T16:05:15.171+0000] {processor.py:830} INFO - Processing file /opt/airflow/dags/minio_to_snowflake_dag.py for tasks to queue
[2026-07-04T16:05:15.174+0000] {logging_mixin.py:188} INFO - [2026-07-04T16:05:15.174+0000] {dagbag.py:545} INFO - Filling up the DagBag from /opt/airflow/dags/minio_to_snowflake_dag.py
[2026-07-04T16:05:16.153+0000] {processor.py:840} INFO - DAG(s) 'minio_to_snowflake_ecommerce' retrieved from /opt/airflow/dags/minio_to_snowflake_dag.py
[2026-07-04T16:05:16.196+0000] {logging_mixin.py:188} INFO - [2026-07-04T16:05:16.194+0000] {dag.py:3089} INFO - Sync 1 DAGs
[2026-07-04T16:05:16.236+0000] {logging_mixin.py:188} INFO - [2026-07-04T16:05:16.236+0000] {dag.py:3947} INFO - Setting next_dagrun for minio_to_snowflake_ecommerce to 2026-07-04 16:04:00+00:00, run_after=2026-07-04 16:05:00+00:00
[2026-07-04T16:05:16.268+0000] {processor.py:183} INFO - Processing /opt/airflow/dags/minio_to_snowflake_dag.py took 1.109 seconds
[2026-07-04T16:05:46.659+0000] {processor.py:161} INFO - Started process (PID=52653) to work on /opt/airflow/dags/minio_to_snowflake_dag.py
[2026-07-04T16:05:46.661+0000] {processor.py:830} INFO - Processing file /opt/airflow/dags/minio_to_snowflake_dag.py for tasks to queue
[2026-07-04T16:05:46.663+0000] {logging_mixin.py:188} INFO - [2026-07-04T16:05:46.663+0000] {dagbag.py:545} INFO - Filling up the DagBag from /opt/airflow/dags/minio_to_snowflake_dag.py
[2026-07-04T16:05:47.476+0000] {processor.py:840} INFO - DAG(s) 'minio_to_snowflake_ecommerce' retrieved from /opt/airflow/dags/minio_to_snowflake_dag.py
[2026-07-04T16:05:47.522+0000] {logging_mixin.py:188} INFO - [2026-07-04T16:05:47.521+0000] {dag.py:3089} INFO - Sync 1 DAGs
[2026-07-04T16:05:47.575+0000] {logging_mixin.py:188} INFO - [2026-07-04T16:05:47.574+0000] {dag.py:3947} INFO - Setting next_dagrun for minio_to_snowflake_ecommerce to 2026-07-04 16:04:00+00:00, run_after=2026-07-04 16:05:00+00:00
[2026-07-04T16:05:47.622+0000] {processor.py:183} INFO - Processing /opt/airflow/dags/minio_to_snowflake_dag.py took 0.972 seconds
[2026-07-04T16:06:18.127+0000] {processor.py:161} INFO - Started process (PID=52657) to work on /opt/airflow/dags/minio_to_snowflake_dag.py
[2026-07-04T16:06:18.130+0000] {processor.py:830} INFO - Processing file /opt/airflow/dags/minio_to_snowflake_dag.py for tasks to queue
[2026-07-04T16:06:18.134+0000] {logging_mixin.py:188} INFO - [2026-07-04T16:06:18.133+0000] {dagbag.py:545} INFO - Filling up the DagBag from /opt/airflow/dags/minio_to_snowflake_dag.py
[2026-07-04T16:06:19.029+0000] {processor.py:840} INFO - DAG(s) 'minio_to_snowflake_ecommerce' retrieved from /opt/airflow/dags/minio_to_snowflake_dag.py
[2026-07-04T16:06:19.089+0000] {logging_mixin.py:188} INFO - [2026-07-04T16:06:19.089+0000] {dag.py:3089} INFO - Sync 1 DAGs
[2026-07-04T16:06:19.132+0000] {logging_mixin.py:188} INFO - [2026-07-04T16:06:19.132+0000] {dag.py:3947} INFO - Setting next_dagrun for minio_to_snowflake_ecommerce to 2026-07-04 16:05:00+00:00, run_after=2026-07-04 16:06:00+00:00
[2026-07-04T16:06:19.173+0000] {processor.py:183} INFO - Processing /opt/airflow/dags/minio_to_snowflake_dag.py took 1.057 seconds
[2026-07-04T16:06:49.600+0000] {processor.py:161} INFO - Started process (PID=52661) to work on /opt/airflow/dags/minio_to_snowflake_dag.py
[2026-07-04T16:06:49.602+0000] {processor.py:830} INFO - Processing file /opt/airflow/dags/minio_to_snowflake_dag.py for tasks to queue
[2026-07-04T16:06:49.605+0000] {logging_mixin.py:188} INFO - [2026-07-04T16:06:49.604+0000] {dagbag.py:545} INFO - Filling up the DagBag from /opt/airflow/dags/minio_to_snowflake_dag.py
[2026-07-04T16:06:51.423+0000] {processor.py:840} INFO - DAG(s) 'minio_to_snowflake_ecommerce' retrieved from /opt/airflow/dags/minio_to_snowflake_dag.py
[2026-07-04T16:06:51.477+0000] {logging_mixin.py:188} INFO - [2026-07-04T16:06:51.476+0000] {dag.py:3089} INFO - Sync 1 DAGs
[2026-07-04T16:06:51.519+0000] {logging_mixin.py:188} INFO - [2026-07-04T16:06:51.518+0000] {dag.py:3947} INFO - Setting next_dagrun for minio_to_snowflake_ecommerce to 2026-07-04 16:05:00+00:00, run_after=2026-07-04 16:06:00+00:00
[2026-07-04T16:06:51.559+0000] {processor.py:183} INFO - Processing /opt/airflow/dags/minio_to_snowflake_dag.py took 1.968 seconds
[2026-07-04T16:07:21.961+0000] {processor.py:161} INFO - Started process (PID=52665) to work on /opt/airflow/dags/minio_to_snowflake_dag.py
[2026-07-04T16:07:21.963+0000] {processor.py:830} INFO - Processing file /opt/airflow/dags/minio_to_snowflake_dag.py for tasks to queue
[2026-07-04T16:07:21.966+0000] {logging_mixin.py:188} INFO - [2026-07-04T16:07:21.965+0000] {dagbag.py:545} INFO - Filling up the DagBag from /opt/airflow/dags/minio_to_snowflake_dag.py
[2026-07-04T16:07:22.816+0000] {processor.py:840} INFO - DAG(s) 'minio_to_snowflake_ecommerce' retrieved from /opt/airflow/dags/minio_to_snowflake_dag.py
[2026-07-04T16:07:22.847+0000] {logging_mixin.py:188} INFO - [2026-07-04T16:07:22.847+0000] {dag.py:3089} INFO - Sync 1 DAGs
[2026-07-04T16:07:22.876+0000] {logging_mixin.py:188} INFO - [2026-07-04T16:07:22.875+0000] {dag.py:3947} INFO - Setting next_dagrun for minio_to_snowflake_ecommerce to 2026-07-04 16:06:00+00:00, run_after=2026-07-04 16:07:00+00:00
[2026-07-04T16:07:22.919+0000] {processor.py:183} INFO - Processing /opt/airflow/dags/minio_to_snowflake_dag.py took 0.966 seconds
[2026-07-04T16:07:53.320+0000] {processor.py:161} INFO - Started process (PID=52669) to work on /opt/airflow/dags/minio_to_snowflake_dag.py
[2026-07-04T16:07:53.322+0000] {processor.py:830} INFO - Processing file /opt/airflow/dags/minio_to_snowflake_dag.py for tasks to queue
[2026-07-04T16:07:53.324+0000] {logging_mixin.py:188} INFO - [2026-07-04T16:07:53.324+0000] {dagbag.py:545} INFO - Filling up the DagBag from /opt/airflow/dags/minio_to_snowflake_dag.py
[2026-07-04T16:07:54.271+0000] {processor.py:840} INFO - DAG(s) 'minio_to_snowflake_ecommerce' retrieved from /opt/airflow/dags/minio_to_snowflake_dag.py
[2026-07-04T16:07:54.308+0000] {logging_mixin.py:188} INFO - [2026-07-04T16:07:54.308+0000] {dag.py:3089} INFO - Sync 1 DAGs
[2026-07-04T16:07:54.335+0000] {logging_mixin.py:188} INFO - [2026-07-04T16:07:54.335+0000] {dag.py:3947} INFO - Setting next_dagrun for minio_to_snowflake_ecommerce to 2026-07-04 16:06:00+00:00, run_after=2026-07-04 16:07:00+00:00
[2026-07-04T16:07:54.363+0000] {processor.py:183} INFO - Processing /opt/airflow/dags/minio_to_snowflake_dag.py took 1.050 seconds
[2026-07-04T16:08:24.662+0000] {processor.py:161} INFO - Started process (PID=52673) to work on /opt/airflow/dags/minio_to_snowflake_dag.py
[2026-07-04T16:08:24.664+0000] {processor.py:830} INFO - Processing file /opt/airflow/dags/minio_to_snowflake_dag.py for tasks to queue
[2026-07-04T16:08:24.667+0000] {logging_mixin.py:188} INFO - [2026-07-04T16:08:24.666+0000] {dagbag.py:545} INFO - Filling up the DagBag from /opt/airflow/dags/minio_to_snowflake_dag.py
[2026-07-04T16:08:25.564+0000] {processor.py:840} INFO - DAG(s) 'minio_to_snowflake_ecommerce' retrieved from /opt/airflow/dags/minio_to_snowflake_dag.py
[2026-07-04T16:08:25.595+0000] {logging_mixin.py:188} INFO - [2026-07-04T16:08:25.594+0000] {dag.py:3089} INFO - Sync 1 DAGs
[2026-07-04T16:08:25.637+0000] {logging_mixin.py:188} INFO - [2026-07-04T16:08:25.637+0000] {dag.py:3947} INFO - Setting next_dagrun for minio_to_snowflake_ecommerce to 2026-07-04 16:07:00+00:00, run_after=2026-07-04 16:08:00+00:00
[2026-07-04T16:08:25.687+0000] {processor.py:183} INFO - Processing /opt/airflow/dags/minio_to_snowflake_dag.py took 1.032 seconds
[2026-07-04T16:08:56.095+0000] {processor.py:161} INFO - Started process (PID=52677) to work on /opt/airflow/dags/minio_to_snowflake_dag.py
[2026-07-04T16:08:56.097+0000] {processor.py:830} INFO - Processing file /opt/airflow/dags/minio_to_snowflake_dag.py for tasks to queue
[2026-07-04T16:08:56.100+0000] {logging_mixin.py:188} INFO - [2026-07-04T16:08:56.100+0000] {dagbag.py:545} INFO - Filling up the DagBag from /opt/airflow/dags/minio_to_snowflake_dag.py
[2026-07-04T16:08:57.320+0000] {processor.py:840} INFO - DAG(s) 'minio_to_snowflake_ecommerce' retrieved from /opt/airflow/dags/minio_to_snowflake_dag.py
[2026-07-04T16:08:57.447+0000] {logging_mixin.py:188} INFO - [2026-07-04T16:08:57.446+0000] {dag.py:3089} INFO - Sync 1 DAGs
[2026-07-04T16:08:57.554+0000] {logging_mixin.py:188} INFO - [2026-07-04T16:08:57.554+0000] {dag.py:3947} INFO - Setting next_dagrun for minio_to_snowflake_ecommerce to 2026-07-04 16:07:00+00:00, run_after=2026-07-04 16:08:00+00:00
[2026-07-04T16:08:57.612+0000] {processor.py:183} INFO - Processing /opt/airflow/dags/minio_to_snowflake_dag.py took 1.528 seconds
[2026-07-04T16:09:28.078+0000] {processor.py:161} INFO - Started process (PID=52681) to work on /opt/airflow/dags/minio_to_snowflake_dag.py
[2026-07-04T16:09:28.080+0000] {processor.py:830} INFO - Processing file /opt/airflow/dags/minio_to_snowflake_dag.py for tasks to queue
[2026-07-04T16:09:28.084+0000] {logging_mixin.py:188} INFO - [2026-07-04T16:09:28.083+0000] {dagbag.py:545} INFO - Filling up the DagBag from /opt/airflow/dags/minio_to_snowflake_dag.py
[2026-07-04T16:09:28.955+0000] {processor.py:840} INFO - DAG(s) 'minio_to_snowflake_ecommerce' retrieved from /opt/airflow/dags/minio_to_snowflake_dag.py
[2026-07-04T16:09:28.986+0000] {logging_mixin.py:188} INFO - [2026-07-04T16:09:28.985+0000] {dag.py:3089} INFO - Sync 1 DAGs
[2026-07-04T16:09:29.041+0000] {logging_mixin.py:188} INFO - [2026-07-04T16:09:29.041+0000] {dag.py:3947} INFO - Setting next_dagrun for minio_to_snowflake_ecommerce to 2026-07-04 16:08:00+00:00, run_after=2026-07-04 16:09:00+00:00
[2026-07-04T16:09:29.076+0000] {processor.py:183} INFO - Processing /opt/airflow/dags/minio_to_snowflake_dag.py took 1.012 seconds
[2026-07-04T16:09:59.481+0000] {processor.py:161} INFO - Started process (PID=52685) to work on /opt/airflow/dags/minio_to_snowflake_dag.py
[2026-07-04T16:09:59.483+0000] {processor.py:830} INFO - Processing file /opt/airflow/dags/minio_to_snowflake_dag.py for tasks to queue
[2026-07-04T16:09:59.488+0000] {logging_mixin.py:188} INFO - [2026-07-04T16:09:59.487+0000] {dagbag.py:545} INFO - Filling up the DagBag from /opt/airflow/dags/minio_to_snowflake_dag.py
[2026-07-04T16:10:00.301+0000] {processor.py:840} INFO - DAG(s) 'minio_to_snowflake_ecommerce' retrieved from /opt/airflow/dags/minio_to_snowflake_dag.py
[2026-07-04T16:10:00.338+0000] {logging_mixin.py:188} INFO - [2026-07-04T16:10:00.337+0000] {dag.py:3089} INFO - Sync 1 DAGs
[2026-07-04T16:10:00.370+0000] {logging_mixin.py:188} INFO - [2026-07-04T16:10:00.370+0000] {dag.py:3947} INFO - Setting next_dagrun for minio_to_snowflake_ecommerce to 2026-07-04 16:09:00+00:00, run_after=2026-07-04 16:10:00+00:00
[2026-07-04T16:10:00.404+0000] {processor.py:183} INFO - Processing /opt/airflow/dags/minio_to_snowflake_dag.py took 0.936 seconds
[2026-07-04T16:10:30.874+0000] {processor.py:161} INFO - Started process (PID=52689) to work on /opt/airflow/dags/minio_to_snowflake_dag.py
[2026-07-04T16:10:30.876+0000] {processor.py:830} INFO - Processing file /opt/airflow/dags/minio_to_snowflake_dag.py for tasks to queue
[2026-07-04T16:10:30.880+0000] {logging_mixin.py:188} INFO - [2026-07-04T16:10:30.879+0000] {dagbag.py:545} INFO - Filling up the DagBag from /opt/airflow/dags/minio_to_snowflake_dag.py
[2026-07-04T16:10:31.722+0000] {processor.py:840} INFO - DAG(s) 'minio_to_snowflake_ecommerce' retrieved from /opt/airflow/dags/minio_to_snowflake_dag.py
[2026-07-04T16:10:31.782+0000] {logging_mixin.py:188} INFO - [2026-07-04T16:10:31.781+0000] {dag.py:3089} INFO - Sync 1 DAGs
[2026-07-04T16:10:31.910+0000] {logging_mixin.py:188} INFO - [2026-07-04T16:10:31.910+0000] {dag.py:3947} INFO - Setting next_dagrun for minio_to_snowflake_ecommerce to 2026-07-04 16:09:00+00:00, run_after=2026-07-04 16:10:00+00:00
[2026-07-04T16:10:32.018+0000] {processor.py:183} INFO - Processing /opt/airflow/dags/minio_to_snowflake_dag.py took 1.155 seconds
[2026-07-04T16:11:02.265+0000] {processor.py:161} INFO - Started process (PID=52693) to work on /opt/airflow/dags/minio_to_snowflake_dag.py
[2026-07-04T16:11:02.266+0000] {processor.py:830} INFO - Processing file /opt/airflow/dags/minio_to_snowflake_dag.py for tasks to queue
[2026-07-04T16:11:02.270+0000] {logging_mixin.py:188} INFO - [2026-07-04T16:11:02.269+0000] {dagbag.py:545} INFO - Filling up the DagBag from /opt/airflow/dags/minio_to_snowflake_dag.py
[2026-07-04T16:11:03.176+0000] {processor.py:840} INFO - DAG(s) 'minio_to_snowflake_ecommerce' retrieved from /opt/airflow/dags/minio_to_snowflake_dag.py
[2026-07-04T16:11:03.330+0000] {logging_mixin.py:188} INFO - [2026-07-04T16:11:03.328+0000] {dag.py:3089} INFO - Sync 1 DAGs
[2026-07-04T16:11:03.438+0000] {logging_mixin.py:188} INFO - [2026-07-04T16:11:03.437+0000] {dag.py:3947} INFO - Setting next_dagrun for minio_to_snowflake_ecommerce to 2026-07-04 16:10:00+00:00, run_after=2026-07-04 16:11:00+00:00
[2026-07-04T16:11:03.499+0000] {processor.py:183} INFO - Processing /opt/airflow/dags/minio_to_snowflake_dag.py took 1.243 seconds
[2026-07-04T16:11:33.947+0000] {processor.py:161} INFO - Started process (PID=52697) to work on /opt/airflow/dags/minio_to_snowflake_dag.py
[2026-07-04T16:11:33.964+0000] {processor.py:830} INFO - Processing file /opt/airflow/dags/minio_to_snowflake_dag.py for tasks to queue
[2026-07-04T16:11:33.968+0000] {logging_mixin.py:188} INFO - [2026-07-04T16:11:33.968+0000] {dagbag.py:545} INFO - Filling up the DagBag from /opt/airflow/dags/minio_to_snowflake_dag.py
[2026-07-04T16:11:37.184+0000] {processor.py:840} INFO - DAG(s) 'minio_to_snowflake_ecommerce' retrieved from /opt/airflow/dags/minio_to_snowflake_dag.py
[2026-07-04T16:11:37.220+0000] {logging_mixin.py:188} INFO - [2026-07-04T16:11:37.219+0000] {dag.py:3089} INFO - Sync 1 DAGs
[2026-07-04T16:11:37.247+0000] {logging_mixin.py:188} INFO - [2026-07-04T16:11:37.247+0000] {dag.py:3947} INFO - Setting next_dagrun for minio_to_snowflake_ecommerce to 2026-07-04 16:10:00+00:00, run_after=2026-07-04 16:11:00+00:00
[2026-07-04T16:11:37.269+0000] {processor.py:183} INFO - Processing /opt/airflow/dags/minio_to_snowflake_dag.py took 3.465 seconds
[2026-07-04T16:12:07.697+0000] {processor.py:161} INFO - Started process (PID=52701) to work on /opt/airflow/dags/minio_to_snowflake_dag.py
[2026-07-04T16:12:07.699+0000] {processor.py:830} INFO - Processing file /opt/airflow/dags/minio_to_snowflake_dag.py for tasks to queue
[2026-07-04T16:12:07.702+0000] {logging_mixin.py:188} INFO - [2026-07-04T16:12:07.701+0000] {dagbag.py:545} INFO - Filling up the DagBag from /opt/airflow/dags/minio_to_snowflake_dag.py
[2026-07-04T16:12:08.505+0000] {processor.py:840} INFO - DAG(s) 'minio_to_snowflake_ecommerce' retrieved from /opt/airflow/dags/minio_to_snowflake_dag.py
[2026-07-04T16:12:08.539+0000] {logging_mixin.py:188} INFO - [2026-07-04T16:12:08.538+0000] {dag.py:3089} INFO - Sync 1 DAGs
[2026-07-04T16:12:08.569+0000] {logging_mixin.py:188} INFO - [2026-07-04T16:12:08.569+0000] {dag.py:3947} INFO - Setting next_dagrun for minio_to_snowflake_ecommerce to 2026-07-04 16:11:00+00:00, run_after=2026-07-04 16:12:00+00:00
[2026-07-04T16:12:08.600+0000] {processor.py:183} INFO - Processing /opt/airflow/dags/minio_to_snowflake_dag.py took 0.913 seconds
[2026-07-04T16:12:38.750+0000] {processor.py:161} INFO - Started process (PID=52705) to work on /opt/airflow/dags/minio_to_snowflake_dag.py
[2026-07-04T16:12:38.752+0000] {processor.py:830} INFO - Processing file /opt/airflow/dags/minio_to_snowflake_dag.py for tasks to queue
[2026-07-04T16:12:38.757+0000] {logging_mixin.py:188} INFO - [2026-07-04T16:12:38.756+0000] {dagbag.py:545} INFO - Filling up the DagBag from /opt/airflow/dags/minio_to_snowflake_dag.py
[2026-07-04T16:12:39.615+0000] {processor.py:840} INFO - DAG(s) 'minio_to_snowflake_ecommerce' retrieved from /opt/airflow/dags/minio_to_snowflake_dag.py
[2026-07-04T16:12:39.644+0000] {logging_mixin.py:188} INFO - [2026-07-04T16:12:39.643+0000] {dag.py:3089} INFO - Sync 1 DAGs
[2026-07-04T16:12:39.670+0000] {logging_mixin.py:188} INFO - [2026-07-04T16:12:39.669+0000] {dag.py:3947} INFO - Setting next_dagrun for minio_to_snowflake_ecommerce to 2026-07-04 16:11:00+00:00, run_after=2026-07-04 16:12:00+00:00
[2026-07-04T16:12:39.696+0000] {processor.py:183} INFO - Processing /opt/airflow/dags/minio_to_snowflake_dag.py took 0.969 seconds
[2026-07-04T16:13:10.146+0000] {processor.py:161} INFO - Started process (PID=52709) to work on /opt/airflow/dags/minio_to_snowflake_dag.py
[2026-07-04T16:13:10.148+0000] {processor.py:830} INFO - Processing file /opt/airflow/dags/minio_to_snowflake_dag.py for tasks to queue
[2026-07-04T16:13:10.151+0000] {logging_mixin.py:188} INFO - [2026-07-04T16:13:10.151+0000] {dagbag.py:545} INFO - Filling up the DagBag from /opt/airflow/dags/minio_to_snowflake_dag.py
[2026-07-04T16:13:11.084+0000] {processor.py:840} INFO - DAG(s) 'minio_to_snowflake_ecommerce' retrieved from /opt/airflow/dags/minio_to_snowflake_dag.py
[2026-07-04T16:13:11.113+0000] {logging_mixin.py:188} INFO - [2026-07-04T16:13:11.113+0000] {dag.py:3089} INFO - Sync 1 DAGs
[2026-07-04T16:13:11.143+0000] {logging_mixin.py:188} INFO - [2026-07-04T16:13:11.143+0000] {dag.py:3947} INFO - Setting next_dagrun for minio_to_snowflake_ecommerce to 2026-07-04 16:12:00+00:00, run_after=2026-07-04 16:13:00+00:00
[2026-07-04T16:13:11.165+0000] {processor.py:183} INFO - Processing /opt/airflow/dags/minio_to_snowflake_dag.py took 1.027 seconds
[2026-07-04T16:13:41.603+0000] {processor.py:161} INFO - Started process (PID=52713) to work on /opt/airflow/dags/minio_to_snowflake_dag.py
[2026-07-04T16:13:41.604+0000] {processor.py:830} INFO - Processing file /opt/airflow/dags/minio_to_snowflake_dag.py for tasks to queue
[2026-07-04T16:13:41.607+0000] {logging_mixin.py:188} INFO - [2026-07-04T16:13:41.606+0000] {dagbag.py:545} INFO - Filling up the DagBag from /opt/airflow/dags/minio_to_snowflake_dag.py
[2026-07-04T16:13:42.393+0000] {processor.py:840} INFO - DAG(s) 'minio_to_snowflake_ecommerce' retrieved from /opt/airflow/dags/minio_to_snowflake_dag.py
[2026-07-04T16:13:42.421+0000] {logging_mixin.py:188} INFO - [2026-07-04T16:13:42.420+0000] {dag.py:3089} INFO - Sync 1 DAGs
[2026-07-04T16:13:42.449+0000] {logging_mixin.py:188} INFO - [2026-07-04T16:13:42.448+0000] {dag.py:3947} INFO - Setting next_dagrun for minio_to_snowflake_ecommerce to 2026-07-04 16:12:00+00:00, run_after=2026-07-04 16:13:00+00:00
[2026-07-04T16:13:42.471+0000] {processor.py:183} INFO - Processing /opt/airflow/dags/minio_to_snowflake_dag.py took 0.877 seconds
[2026-07-04T16:14:12.894+0000] {processor.py:161} INFO - Started process (PID=52717) to work on /opt/airflow/dags/minio_to_snowflake_dag.py
[2026-07-04T16:14:12.895+0000] {processor.py:830} INFO - Processing file /opt/airflow/dags/minio_to_snowflake_dag.py for tasks to queue
[2026-07-04T16:14:12.898+0000] {logging_mixin.py:188} INFO - [2026-07-04T16:14:12.897+0000] {dagbag.py:545} INFO - Filling up the DagBag from /opt/airflow/dags/minio_to_snowflake_dag.py
[2026-07-04T16:14:13.751+0000] {processor.py:840} INFO - DAG(s) 'minio_to_snowflake_ecommerce' retrieved from /opt/airflow/dags/minio_to_snowflake_dag.py
[2026-07-04T16:14:13.795+0000] {logging_mixin.py:188} INFO - [2026-07-04T16:14:13.795+0000] {dag.py:3089} INFO - Sync 1 DAGs
[2026-07-04T16:14:13.849+0000] {logging_mixin.py:188} INFO - [2026-07-04T16:14:13.848+0000] {dag.py:3947} INFO - Setting next_dagrun for minio_to_snowflake_ecommerce to 2026-07-04 16:13:00+00:00, run_after=2026-07-04 16:14:00+00:00
[2026-07-04T16:14:13.892+0000] {processor.py:183} INFO - Processing /opt/airflow/dags/minio_to_snowflake_dag.py took 1.006 seconds
[2026-07-04T16:14:44.520+0000] {processor.py:161} INFO - Started process (PID=52721) to work on /opt/airflow/dags/minio_to_snowflake_dag.py
[2026-07-04T16:14:44.522+0000] {processor.py:830} INFO - Processing file /opt/airflow/dags/minio_to_snowflake_dag.py for tasks to queue
[2026-07-04T16:14:44.525+0000] {logging_mixin.py:188} INFO - [2026-07-04T16:14:44.525+0000] {dagbag.py:545} INFO - Filling up the DagBag from /opt/airflow/dags/minio_to_snowflake_dag.py
[2026-07-04T16:14:45.355+0000] {processor.py:840} INFO - DAG(s) 'minio_to_snowflake_ecommerce' retrieved from /opt/airflow/dags/minio_to_snowflake_dag.py
[2026-07-04T16:14:45.385+0000] {logging_mixin.py:188} INFO - [2026-07-04T16:14:45.385+0000] {dag.py:3089} INFO - Sync 1 DAGs
[2026-07-04T16:14:45.430+0000] {logging_mixin.py:188} INFO - [2026-07-04T16:14:45.429+0000] {dag.py:3947} INFO - Setting next_dagrun for minio_to_snowflake_ecommerce to 2026-07-04 16:13:00+00:00, run_after=2026-07-04 16:14:00+00:00
[2026-07-04T16:14:45.476+0000] {processor.py:183} INFO - Processing /opt/airflow/dags/minio_to_snowflake_dag.py took 0.969 seconds
[2026-07-04T16:15:15.945+0000] {processor.py:161} INFO - Started process (PID=52725) to work on /opt/airflow/dags/minio_to_snowflake_dag.py
[2026-07-04T16:15:15.947+0000] {processor.py:830} INFO - Processing file /opt/airflow/dags/minio_to_snowflake_dag.py for tasks to queue
[2026-07-04T16:15:15.950+0000] {logging_mixin.py:188} INFO - [2026-07-04T16:15:15.950+0000] {dagbag.py:545} INFO - Filling up the DagBag from /opt/airflow/dags/minio_to_snowflake_dag.py
[2026-07-04T16:15:16.782+0000] {processor.py:840} INFO - DAG(s) 'minio_to_snowflake_ecommerce' retrieved from /opt/airflow/dags/minio_to_snowflake_dag.py
[2026-07-04T16:15:16.815+0000] {logging_mixin.py:188} INFO - [2026-07-04T16:15:16.814+0000] {dag.py:3089} INFO - Sync 1 DAGs
[2026-07-04T16:15:16.849+0000] {logging_mixin.py:188} INFO - [2026-07-04T16:15:16.848+0000] {dag.py:3947} INFO - Setting next_dagrun for minio_to_snowflake_ecommerce to 2026-07-04 16:14:00+00:00, run_after=2026-07-04 16:15:00+00:00
[2026-07-04T16:15:16.890+0000] {processor.py:183} INFO - Processing /opt/airflow/dags/minio_to_snowflake_dag.py took 0.962 seconds
[2026-07-04T16:15:47.319+0000] {processor.py:161} INFO - Started process (PID=52729) to work on /opt/airflow/dags/minio_to_snowflake_dag.py
[2026-07-04T16:15:47.320+0000] {processor.py:830} INFO - Processing file /opt/airflow/dags/minio_to_snowflake_dag.py for tasks to queue
[2026-07-04T16:15:47.323+0000] {logging_mixin.py:188} INFO - [2026-07-04T16:15:47.323+0000] {dagbag.py:545} INFO - Filling up the DagBag from /opt/airflow/dags/minio_to_snowflake_dag.py
[2026-07-04T16:15:48.256+0000] {processor.py:840} INFO - DAG(s) 'minio_to_snowflake_ecommerce' retrieved from /opt/airflow/dags/minio_to_snowflake_dag.py
[2026-07-04T16:15:48.290+0000] {logging_mixin.py:188} INFO - [2026-07-04T16:15:48.289+0000] {dag.py:3089} INFO - Sync 1 DAGs
[2026-07-04T16:15:48.321+0000] {logging_mixin.py:188} INFO - [2026-07-04T16:15:48.320+0000] {dag.py:3947} INFO - Setting next_dagrun for minio_to_snowflake_ecommerce to 2026-07-04 16:14:00+00:00, run_after=2026-07-04 16:15:00+00:00
[2026-07-04T16:15:48.344+0000] {processor.py:183} INFO - Processing /opt/airflow/dags/minio_to_snowflake_dag.py took 1.033 seconds
[2026-07-04T16:16:18.733+0000] {processor.py:161} INFO - Started process (PID=52733) to work on /opt/airflow/dags/minio_to_snowflake_dag.py
[2026-07-04T16:16:18.736+0000] {processor.py:830} INFO - Processing file /opt/airflow/dags/minio_to_snowflake_dag.py for tasks to queue
[2026-07-04T16:16:18.743+0000] {logging_mixin.py:188} INFO - [2026-07-04T16:16:18.742+0000] {dagbag.py:545} INFO - Filling up the DagBag from /opt/airflow/dags/minio_to_snowflake_dag.py
[2026-07-04T16:16:19.856+0000] {processor.py:840} INFO - DAG(s) 'minio_to_snowflake_ecommerce' retrieved from /opt/airflow/dags/minio_to_snowflake_dag.py
[2026-07-04T16:16:19.905+0000] {logging_mixin.py:188} INFO - [2026-07-04T16:16:19.905+0000] {dag.py:3089} INFO - Sync 1 DAGs
[2026-07-04T16:16:19.945+0000] {logging_mixin.py:188} INFO - [2026-07-04T16:16:19.944+0000] {dag.py:3947} INFO - Setting next_dagrun for minio_to_snowflake_ecommerce to 2026-07-04 16:15:00+00:00, run_after=2026-07-04 16:16:00+00:00
[2026-07-04T16:16:19.975+0000] {processor.py:183} INFO - Processing /opt/airflow/dags/minio_to_snowflake_dag.py took 1.261 seconds
[2026-07-04T16:16:50.284+0000] {processor.py:161} INFO - Started process (PID=52737) to work on /opt/airflow/dags/minio_to_snowflake_dag.py
[2026-07-04T16:16:50.286+0000] {processor.py:830} INFO - Processing file /opt/airflow/dags/minio_to_snowflake_dag.py for tasks to queue
[2026-07-04T16:16:50.289+0000] {logging_mixin.py:188} INFO - [2026-07-04T16:16:50.288+0000] {dagbag.py:545} INFO - Filling up the DagBag from /opt/airflow/dags/minio_to_snowflake_dag.py
[2026-07-04T16:16:51.125+0000] {processor.py:840} INFO - DAG(s) 'minio_to_snowflake_ecommerce' retrieved from /opt/airflow/dags/minio_to_snowflake_dag.py
[2026-07-04T16:16:51.166+0000] {logging_mixin.py:188} INFO - [2026-07-04T16:16:51.165+0000] {dag.py:3089} INFO - Sync 1 DAGs
[2026-07-04T16:16:51.205+0000] {logging_mixin.py:188} INFO - [2026-07-04T16:16:51.204+0000] {dag.py:3947} INFO - Setting next_dagrun for minio_to_snowflake_ecommerce to 2026-07-04 16:15:00+00:00, run_after=2026-07-04 16:16:00+00:00
[2026-07-04T16:16:51.241+0000] {processor.py:183} INFO - Processing /opt/airflow/dags/minio_to_snowflake_dag.py took 0.966 seconds
[2026-07-04T16:17:21.377+0000] {processor.py:161} INFO - Started process (PID=52741) to work on /opt/airflow/dags/minio_to_snowflake_dag.py
[2026-07-04T16:17:21.380+0000] {processor.py:830} INFO - Processing file /opt/airflow/dags/minio_to_snowflake_dag.py for tasks to queue
[2026-07-04T16:17:21.385+0000] {logging_mixin.py:188} INFO - [2026-07-04T16:17:21.384+0000] {dagbag.py:545} INFO - Filling up the DagBag from /opt/airflow/dags/minio_to_snowflake_dag.py
[2026-07-04T16:17:22.252+0000] {processor.py:840} INFO - DAG(s) 'minio_to_snowflake_ecommerce' retrieved from /opt/airflow/dags/minio_to_snowflake_dag.py
[2026-07-04T16:17:22.279+0000] {logging_mixin.py:188} INFO - [2026-07-04T16:17:22.279+0000] {dag.py:3089} INFO - Sync 1 DAGs
[2026-07-04T16:17:22.306+0000] {logging_mixin.py:188} INFO - [2026-07-04T16:17:22.306+0000] {dag.py:3947} INFO - Setting next_dagrun for minio_to_snowflake_ecommerce to 2026-07-04 16:16:00+00:00, run_after=2026-07-04 16:17:00+00:00
[2026-07-04T16:17:22.352+0000] {processor.py:183} INFO - Processing /opt/airflow/dags/minio_to_snowflake_dag.py took 0.990 seconds
[2026-07-04T16:17:52.728+0000] {processor.py:161} INFO - Started process (PID=52745) to work on /opt/airflow/dags/minio_to_snowflake_dag.py
[2026-07-04T16:17:52.729+0000] {processor.py:830} INFO - Processing file /opt/airflow/dags/minio_to_snowflake_dag.py for tasks to queue
[2026-07-04T16:17:52.733+0000] {logging_mixin.py:188} INFO - [2026-07-04T16:17:52.732+0000] {dagbag.py:545} INFO - Filling up the DagBag from /opt/airflow/dags/minio_to_snowflake_dag.py
[2026-07-04T16:17:53.570+0000] {processor.py:840} INFO - DAG(s) 'minio_to_snowflake_ecommerce' retrieved from /opt/airflow/dags/minio_to_snowflake_dag.py
[2026-07-04T16:17:53.602+0000] {logging_mixin.py:188} INFO - [2026-07-04T16:17:53.602+0000] {dag.py:3089} INFO - Sync 1 DAGs
[2026-07-04T16:17:53.628+0000] {logging_mixin.py:188} INFO - [2026-07-04T16:17:53.628+0000] {dag.py:3947} INFO - Setting next_dagrun for minio_to_snowflake_ecommerce to 2026-07-04 16:16:00+00:00, run_after=2026-07-04 16:17:00+00:00
[2026-07-04T16:17:53.650+0000] {processor.py:183} INFO - Processing /opt/airflow/dags/minio_to_snowflake_dag.py took 0.930 seconds
[2026-07-04T16:18:24.090+0000] {processor.py:161} INFO - Started process (PID=52749) to work on /opt/airflow/dags/minio_to_snowflake_dag.py
[2026-07-04T16:18:24.093+0000] {processor.py:830} INFO - Processing file /opt/airflow/dags/minio_to_snowflake_dag.py for tasks to queue
[2026-07-04T16:18:24.098+0000] {logging_mixin.py:188} INFO - [2026-07-04T16:18:24.097+0000] {dagbag.py:545} INFO - Filling up the DagBag from /opt/airflow/dags/minio_to_snowflake_dag.py
[2026-07-04T16:18:24.925+0000] {processor.py:840} INFO - DAG(s) 'minio_to_snowflake_ecommerce' retrieved from /opt/airflow/dags/minio_to_snowflake_dag.py
[2026-07-04T16:18:24.953+0000] {logging_mixin.py:188} INFO - [2026-07-04T16:18:24.952+0000] {dag.py:3089} INFO - Sync 1 DAGs
[2026-07-04T16:18:24.978+0000] {logging_mixin.py:188} INFO - [2026-07-04T16:18:24.978+0000] {dag.py:3947} INFO - Setting next_dagrun for minio_to_snowflake_ecommerce to 2026-07-04 16:17:00+00:00, run_after=2026-07-04 16:18:00+00:00
[2026-07-04T16:18:25.017+0000] {processor.py:183} INFO - Processing /opt/airflow/dags/minio_to_snowflake_dag.py took 0.940 seconds
[2026-07-04T16:18:55.437+0000] {processor.py:161} INFO - Started process (PID=52753) to work on /opt/airflow/dags/minio_to_snowflake_dag.py
[2026-07-04T16:18:55.439+0000] {processor.py:830} INFO - Processing file /opt/airflow/dags/minio_to_snowflake_dag.py for tasks to queue
[2026-07-04T16:18:55.442+0000] {logging_mixin.py:188} INFO - [2026-07-04T16:18:55.441+0000] {dagbag.py:545} INFO - Filling up the DagBag from /opt/airflow/dags/minio_to_snowflake_dag.py
[2026-07-04T16:18:56.405+0000] {processor.py:840} INFO - DAG(s) 'minio_to_snowflake_ecommerce' retrieved from /opt/airflow/dags/minio_to_snowflake_dag.py
[2026-07-04T16:18:56.581+0000] {logging_mixin.py:188} INFO - [2026-07-04T16:18:56.579+0000] {dag.py:3089} INFO - Sync 1 DAGs
[2026-07-04T16:18:56.771+0000] {logging_mixin.py:188} INFO - [2026-07-04T16:18:56.770+0000] {dag.py:3947} INFO - Setting next_dagrun for minio_to_snowflake_ecommerce to 2026-07-04 16:17:00+00:00, run_after=2026-07-04 16:18:00+00:00
[2026-07-04T16:18:56.912+0000] {processor.py:183} INFO - Processing /opt/airflow/dags/minio_to_snowflake_dag.py took 1.484 seconds
[2026-07-04T16:19:27.383+0000] {processor.py:161} INFO - Started process (PID=52757) to work on /opt/airflow/dags/minio_to_snowflake_dag.py
[2026-07-04T16:19:27.384+0000] {processor.py:830} INFO - Processing file /opt/airflow/dags/minio_to_snowflake_dag.py for tasks to queue
[2026-07-04T16:19:27.388+0000] {logging_mixin.py:188} INFO - [2026-07-04T16:19:27.387+0000] {dagbag.py:545} INFO - Filling up the DagBag from /opt/airflow/dags/minio_to_snowflake_dag.py
[2026-07-04T16:19:28.473+0000] {processor.py:840} INFO - DAG(s) 'minio_to_snowflake_ecommerce' retrieved from /opt/airflow/dags/minio_to_snowflake_dag.py
[2026-07-04T16:19:28.647+0000] {logging_mixin.py:188} INFO - [2026-07-04T16:19:28.643+0000] {dag.py:3089} INFO - Sync 1 DAGs
[2026-07-04T16:19:28.743+0000] {logging_mixin.py:188} INFO - [2026-07-04T16:19:28.743+0000] {dag.py:3947} INFO - Setting next_dagrun for minio_to_snowflake_ecommerce to 2026-07-04 16:18:00+00:00, run_after=2026-07-04 16:19:00+00:00
[2026-07-04T16:19:28.791+0000] {processor.py:183} INFO - Processing /opt/airflow/dags/minio_to_snowflake_dag.py took 1.418 seconds
[2026-07-04T16:19:59.175+0000] {processor.py:161} INFO - Started process (PID=52761) to work on /opt/airflow/dags/minio_to_snowflake_dag.py
[2026-07-04T16:19:59.176+0000] {processor.py:830} INFO - Processing file /opt/airflow/dags/minio_to_snowflake_dag.py for tasks to queue
[2026-07-04T16:19:59.180+0000] {logging_mixin.py:188} INFO - [2026-07-04T16:19:59.179+0000] {dagbag.py:545} INFO - Filling up the DagBag from /opt/airflow/dags/minio_to_snowflake_dag.py
[2026-07-04T16:20:00.126+0000] {processor.py:840} INFO - DAG(s) 'minio_to_snowflake_ecommerce' retrieved from /opt/airflow/dags/minio_to_snowflake_dag.py
[2026-07-04T16:20:00.168+0000] {logging_mixin.py:188} INFO - [2026-07-04T16:20:00.167+0000] {dag.py:3089} INFO - Sync 1 DAGs
[2026-07-04T16:20:00.202+0000] {logging_mixin.py:188} INFO - [2026-07-04T16:20:00.202+0000] {dag.py:3947} INFO - Setting next_dagrun for minio_to_snowflake_ecommerce to 2026-07-04 16:19:00+00:00, run_after=2026-07-04 16:20:00+00:00
[2026-07-04T16:20:00.238+0000] {processor.py:183} INFO - Processing /opt/airflow/dags/minio_to_snowflake_dag.py took 1.071 seconds
[2026-07-04T16:20:30.568+0000] {processor.py:161} INFO - Started process (PID=52765) to work on /opt/airflow/dags/minio_to_snowflake_dag.py
[2026-07-04T16:20:30.570+0000] {processor.py:830} INFO - Processing file /opt/airflow/dags/minio_to_snowflake_dag.py for tasks to queue
[2026-07-04T16:20:30.574+0000] {logging_mixin.py:188} INFO - [2026-07-04T16:20:30.573+0000] {dagbag.py:545} INFO - Filling up the DagBag from /opt/airflow/dags/minio_to_snowflake_dag.py
[2026-07-04T16:20:31.371+0000] {processor.py:840} INFO - DAG(s) 'minio_to_snowflake_ecommerce' retrieved from /opt/airflow/dags/minio_to_snowflake_dag.py
[2026-07-04T16:20:31.407+0000] {logging_mixin.py:188} INFO - [2026-07-04T16:20:31.407+0000] {dag.py:3089} INFO - Sync 1 DAGs
[2026-07-04T16:20:31.434+0000] {logging_mixin.py:188} INFO - [2026-07-04T16:20:31.434+0000] {dag.py:3947} INFO - Setting next_dagrun for minio_to_snowflake_ecommerce to 2026-07-04 16:19:00+00:00, run_after=2026-07-04 16:20:00+00:00
[2026-07-04T16:20:31.458+0000] {processor.py:183} INFO - Processing /opt/airflow/dags/minio_to_snowflake_dag.py took 0.901 seconds
[2026-07-04T16:21:01.883+0000] {processor.py:161} INFO - Started process (PID=52769) to work on /opt/airflow/dags/minio_to_snowflake_dag.py
[2026-07-04T16:21:01.885+0000] {processor.py:830} INFO - Processing file /opt/airflow/dags/minio_to_snowflake_dag.py for tasks to queue
[2026-07-04T16:21:01.888+0000] {logging_mixin.py:188} INFO - [2026-07-04T16:21:01.888+0000] {dagbag.py:545} INFO - Filling up the DagBag from /opt/airflow/dags/minio_to_snowflake_dag.py
[2026-07-04T16:21:02.713+0000] {processor.py:840} INFO - DAG(s) 'minio_to_snowflake_ecommerce' retrieved from /opt/airflow/dags/minio_to_snowflake_dag.py
[2026-07-04T16:21:02.747+0000] {logging_mixin.py:188} INFO - [2026-07-04T16:21:02.746+0000] {dag.py:3089} INFO - Sync 1 DAGs
[2026-07-04T16:21:02.776+0000] {logging_mixin.py:188} INFO - [2026-07-04T16:21:02.776+0000] {dag.py:3947} INFO - Setting next_dagrun for minio_to_snowflake_ecommerce to 2026-07-04 16:20:00+00:00, run_after=2026-07-04 16:21:00+00:00
[2026-07-04T16:21:02.807+0000] {processor.py:183} INFO - Processing /opt/airflow/dags/minio_to_snowflake_dag.py took 0.936 seconds
[2026-07-04T16:21:33.263+0000] {processor.py:161} INFO - Started process (PID=52773) to work on /opt/airflow/dags/minio_to_snowflake_dag.py
[2026-07-04T16:21:33.265+0000] {processor.py:830} INFO - Processing file /opt/airflow/dags/minio_to_snowflake_dag.py for tasks to queue
[2026-07-04T16:21:33.269+0000] {logging_mixin.py:188} INFO - [2026-07-04T16:21:33.268+0000] {dagbag.py:545} INFO - Filling up the DagBag from /opt/airflow/dags/minio_to_snowflake_dag.py
[2026-07-04T16:21:34.215+0000] {processor.py:840} INFO - DAG(s) 'minio_to_snowflake_ecommerce' retrieved from /opt/airflow/dags/minio_to_snowflake_dag.py
[2026-07-04T16:21:34.244+0000] {logging_mixin.py:188} INFO - [2026-07-04T16:21:34.244+0000] {dag.py:3089} INFO - Sync 1 DAGs
[2026-07-04T16:21:34.274+0000] {logging_mixin.py:188} INFO - [2026-07-04T16:21:34.274+0000] {dag.py:3947} INFO - Setting next_dagrun for minio_to_snowflake_ecommerce to 2026-07-04 16:20:00+00:00, run_after=2026-07-04 16:21:00+00:00
[2026-07-04T16:21:34.305+0000] {processor.py:183} INFO - Processing /opt/airflow/dags/minio_to_snowflake_dag.py took 1.050 seconds
[2026-07-04T16:22:04.667+0000] {processor.py:161} INFO - Started process (PID=52777) to work on /opt/airflow/dags/minio_to_snowflake_dag.py
[2026-07-04T16:22:04.670+0000] {processor.py:830} INFO - Processing file /opt/airflow/dags/minio_to_snowflake_dag.py for tasks to queue
[2026-07-04T16:22:04.675+0000] {logging_mixin.py:188} INFO - [2026-07-04T16:22:04.674+0000] {dagbag.py:545} INFO - Filling up the DagBag from /opt/airflow/dags/minio_to_snowflake_dag.py
[2026-07-04T16:22:05.510+0000] {processor.py:840} INFO - DAG(s) 'minio_to_snowflake_ecommerce' retrieved from /opt/airflow/dags/minio_to_snowflake_dag.py
[2026-07-04T16:22:05.540+0000] {logging_mixin.py:188} INFO - [2026-07-04T16:22:05.540+0000] {dag.py:3089} INFO - Sync 1 DAGs
[2026-07-04T16:22:05.571+0000] {logging_mixin.py:188} INFO - [2026-07-04T16:22:05.571+0000] {dag.py:3947} INFO - Setting next_dagrun for minio_to_snowflake_ecommerce to 2026-07-04 16:21:00+00:00, run_after=2026-07-04 16:22:00+00:00
[2026-07-04T16:22:05.611+0000] {processor.py:183} INFO - Processing /opt/airflow/dags/minio_to_snowflake_dag.py took 0.961 seconds
[2026-07-04T16:22:36.086+0000] {processor.py:161} INFO - Started process (PID=52781) to work on /opt/airflow/dags/minio_to_snowflake_dag.py
[2026-07-04T16:22:36.088+0000] {processor.py:830} INFO - Processing file /opt/airflow/dags/minio_to_snowflake_dag.py for tasks to queue
[2026-07-04T16:22:36.091+0000] {logging_mixin.py:188} INFO - [2026-07-04T16:22:36.091+0000] {dagbag.py:545} INFO - Filling up the DagBag from /opt/airflow/dags/minio_to_snowflake_dag.py
[2026-07-04T16:22:36.931+0000] {processor.py:840} INFO - DAG(s) 'minio_to_snowflake_ecommerce' retrieved from /opt/airflow/dags/minio_to_snowflake_dag.py
[2026-07-04T16:22:36.966+0000] {logging_mixin.py:188} INFO - [2026-07-04T16:22:36.965+0000] {dag.py:3089} INFO - Sync 1 DAGs
[2026-07-04T16:22:36.994+0000] {logging_mixin.py:188} INFO - [2026-07-04T16:22:36.994+0000] {dag.py:3947} INFO - Setting next_dagrun for minio_to_snowflake_ecommerce to 2026-07-04 16:21:00+00:00, run_after=2026-07-04 16:22:00+00:00
[2026-07-04T16:22:37.090+0000] {processor.py:183} INFO - Processing /opt/airflow/dags/minio_to_snowflake_dag.py took 1.018 seconds
[2026-07-04T16:23:07.547+0000] {processor.py:161} INFO - Started process (PID=52785) to work on /opt/airflow/dags/minio_to_snowflake_dag.py
[2026-07-04T16:23:07.548+0000] {processor.py:830} INFO - Processing file /opt/airflow/dags/minio_to_snowflake_dag.py for tasks to queue
[2026-07-04T16:23:07.551+0000] {logging_mixin.py:188} INFO - [2026-07-04T16:23:07.550+0000] {dagbag.py:545} INFO - Filling up the DagBag from /opt/airflow/dags/minio_to_snowflake_dag.py
[2026-07-04T16:23:08.316+0000] {processor.py:840} INFO - DAG(s) 'minio_to_snowflake_ecommerce' retrieved from /opt/airflow/dags/minio_to_snowflake_dag.py
[2026-07-04T16:23:08.343+0000] {logging_mixin.py:188} INFO - [2026-07-04T16:23:08.343+0000] {dag.py:3089} INFO - Sync 1 DAGs
[2026-07-04T16:23:08.378+0000] {logging_mixin.py:188} INFO - [2026-07-04T16:23:08.377+0000] {dag.py:3947} INFO - Setting next_dagrun for minio_to_snowflake_ecommerce to 2026-07-04 16:22:00+00:00, run_after=2026-07-04 16:23:00+00:00
[2026-07-04T16:23:08.424+0000] {processor.py:183} INFO - Processing /opt/airflow/dags/minio_to_snowflake_dag.py took 0.886 seconds
[2026-07-04T16:23:38.854+0000] {processor.py:161} INFO - Started process (PID=52789) to work on /opt/airflow/dags/minio_to_snowflake_dag.py
[2026-07-04T16:23:38.855+0000] {processor.py:830} INFO - Processing file /opt/airflow/dags/minio_to_snowflake_dag.py for tasks to queue
[2026-07-04T16:23:38.857+0000] {logging_mixin.py:188} INFO - [2026-07-04T16:23:38.857+0000] {dagbag.py:545} INFO - Filling up the DagBag from /opt/airflow/dags/minio_to_snowflake_dag.py
[2026-07-04T16:23:39.685+0000] {processor.py:840} INFO - DAG(s) 'minio_to_snowflake_ecommerce' retrieved from /opt/airflow/dags/minio_to_snowflake_dag.py
[2026-07-04T16:23:39.736+0000] {logging_mixin.py:188} INFO - [2026-07-04T16:23:39.735+0000] {dag.py:3089} INFO - Sync 1 DAGs
[2026-07-04T16:23:39.790+0000] {logging_mixin.py:188} INFO - [2026-07-04T16:23:39.790+0000] {dag.py:3947} INFO - Setting next_dagrun for minio_to_snowflake_ecommerce to 2026-07-04 16:22:00+00:00, run_after=2026-07-04 16:23:00+00:00
[2026-07-04T16:23:39.820+0000] {processor.py:183} INFO - Processing /opt/airflow/dags/minio_to_snowflake_dag.py took 0.978 seconds
[2026-07-04T16:24:10.186+0000] {processor.py:161} INFO - Started process (PID=52793) to work on /opt/airflow/dags/minio_to_snowflake_dag.py
[2026-07-04T16:24:10.189+0000] {processor.py:830} INFO - Processing file /opt/airflow/dags/minio_to_snowflake_dag.py for tasks to queue
[2026-07-04T16:24:10.196+0000] {logging_mixin.py:188} INFO - [2026-07-04T16:24:10.195+0000] {dagbag.py:545} INFO - Filling up the DagBag from /opt/airflow/dags/minio_to_snowflake_dag.py
[2026-07-04T16:24:11.532+0000] {processor.py:840} INFO - DAG(s) 'minio_to_snowflake_ecommerce' retrieved from /opt/airflow/dags/minio_to_snowflake_dag.py
[2026-07-04T16:24:11.581+0000] {logging_mixin.py:188} INFO - [2026-07-04T16:24:11.580+0000] {dag.py:3089} INFO - Sync 1 DAGs
[2026-07-04T16:24:11.619+0000] {logging_mixin.py:188} INFO - [2026-07-04T16:24:11.619+0000] {dag.py:3947} INFO - Setting next_dagrun for minio_to_snowflake_ecommerce to 2026-07-04 16:23:00+00:00, run_after=2026-07-04 16:24:00+00:00
[2026-07-04T16:24:11.646+0000] {processor.py:183} INFO - Processing /opt/airflow/dags/minio_to_snowflake_dag.py took 1.477 seconds
[2026-07-04T16:24:41.998+0000] {processor.py:161} INFO - Started process (PID=52797) to work on /opt/airflow/dags/minio_to_snowflake_dag.py
[2026-07-04T16:24:42.000+0000] {processor.py:830} INFO - Processing file /opt/airflow/dags/minio_to_snowflake_dag.py for tasks to queue
[2026-07-04T16:24:42.002+0000] {logging_mixin.py:188} INFO - [2026-07-04T16:24:42.002+0000] {dagbag.py:545} INFO - Filling up the DagBag from /opt/airflow/dags/minio_to_snowflake_dag.py
[2026-07-04T16:24:42.908+0000] {processor.py:840} INFO - DAG(s) 'minio_to_snowflake_ecommerce' retrieved from /opt/airflow/dags/minio_to_snowflake_dag.py
[2026-07-04T16:24:42.945+0000] {logging_mixin.py:188} INFO - [2026-07-04T16:24:42.944+0000] {dag.py:3089} INFO - Sync 1 DAGs
[2026-07-04T16:24:42.982+0000] {logging_mixin.py:188} INFO - [2026-07-04T16:24:42.981+0000] {dag.py:3947} INFO - Setting next_dagrun for minio_to_snowflake_ecommerce to 2026-07-04 16:23:00+00:00, run_after=2026-07-04 16:24:00+00:00
[2026-07-04T16:24:43.009+0000] {processor.py:183} INFO - Processing /opt/airflow/dags/minio_to_snowflake_dag.py took 1.019 seconds
[2026-07-04T16:25:13.352+0000] {processor.py:161} INFO - Started process (PID=52801) to work on /opt/airflow/dags/minio_to_snowflake_dag.py
[2026-07-04T16:25:13.354+0000] {processor.py:830} INFO - Processing file /opt/airflow/dags/minio_to_snowflake_dag.py for tasks to queue
[2026-07-04T16:25:13.358+0000] {logging_mixin.py:188} INFO - [2026-07-04T16:25:13.357+0000] {dagbag.py:545} INFO - Filling up the DagBag from /opt/airflow/dags/minio_to_snowflake_dag.py
[2026-07-04T16:25:14.258+0000] {processor.py:840} INFO - DAG(s) 'minio_to_snowflake_ecommerce' retrieved from /opt/airflow/dags/minio_to_snowflake_dag.py
[2026-07-04T16:25:14.335+0000] {logging_mixin.py:188} INFO - [2026-07-04T16:25:14.335+0000] {dag.py:3089} INFO - Sync 1 DAGs
[2026-07-04T16:25:14.363+0000] {logging_mixin.py:188} INFO - [2026-07-04T16:25:14.363+0000] {dag.py:3947} INFO - Setting next_dagrun for minio_to_snowflake_ecommerce to 2026-07-04 16:24:00+00:00, run_after=2026-07-04 16:25:00+00:00
[2026-07-04T16:25:14.406+0000] {processor.py:183} INFO - Processing /opt/airflow/dags/minio_to_snowflake_dag.py took 1.064 seconds
[2026-07-04T16:25:44.799+0000] {processor.py:161} INFO - Started process (PID=52805) to work on /opt/airflow/dags/minio_to_snowflake_dag.py
[2026-07-04T16:25:44.800+0000] {processor.py:830} INFO - Processing file /opt/airflow/dags/minio_to_snowflake_dag.py for tasks to queue
[2026-07-04T16:25:44.803+0000] {logging_mixin.py:188} INFO - [2026-07-04T16:25:44.803+0000] {dagbag.py:545} INFO - Filling up the DagBag from /opt/airflow/dags/minio_to_snowflake_dag.py
[2026-07-04T16:25:45.737+0000] {processor.py:840} INFO - DAG(s) 'minio_to_snowflake_ecommerce' retrieved from /opt/airflow/dags/minio_to_snowflake_dag.py
[2026-07-04T16:25:45.786+0000] {logging_mixin.py:188} INFO - [2026-07-04T16:25:45.786+0000] {dag.py:3089} INFO - Sync 1 DAGs
[2026-07-04T16:25:45.840+0000] {logging_mixin.py:188} INFO - [2026-07-04T16:25:45.840+0000] {dag.py:3947} INFO - Setting next_dagrun for minio_to_snowflake_ecommerce to 2026-07-04 16:24:00+00:00, run_after=2026-07-04 16:25:00+00:00
[2026-07-04T16:25:45.893+0000] {processor.py:183} INFO - Processing /opt/airflow/dags/minio_to_snowflake_dag.py took 1.103 seconds
[2026-07-04T16:26:16.203+0000] {processor.py:161} INFO - Started process (PID=52809) to work on /opt/airflow/dags/minio_to_snowflake_dag.py
[2026-07-04T16:26:16.205+0000] {processor.py:830} INFO - Processing file /opt/airflow/dags/minio_to_snowflake_dag.py for tasks to queue
[2026-07-04T16:26:16.208+0000] {logging_mixin.py:188} INFO - [2026-07-04T16:26:16.207+0000] {dagbag.py:545} INFO - Filling up the DagBag from /opt/airflow/dags/minio_to_snowflake_dag.py
[2026-07-04T16:26:17.613+0000] {processor.py:840} INFO - DAG(s) 'minio_to_snowflake_ecommerce' retrieved from /opt/airflow/dags/minio_to_snowflake_dag.py
[2026-07-04T16:26:17.687+0000] {logging_mixin.py:188} INFO - [2026-07-04T16:26:17.686+0000] {dag.py:3089} INFO - Sync 1 DAGs
[2026-07-04T16:26:17.726+0000] {logging_mixin.py:188} INFO - [2026-07-04T16:26:17.726+0000] {dag.py:3947} INFO - Setting next_dagrun for minio_to_snowflake_ecommerce to 2026-07-04 16:25:00+00:00, run_after=2026-07-04 16:26:00+00:00
[2026-07-04T16:26:17.752+0000] {processor.py:183} INFO - Processing /opt/airflow/dags/minio_to_snowflake_dag.py took 1.559 seconds
[2026-07-04T16:26:48.150+0000] {processor.py:161} INFO - Started process (PID=52813) to work on /opt/airflow/dags/minio_to_snowflake_dag.py
[2026-07-04T16:26:48.151+0000] {processor.py:830} INFO - Processing file /opt/airflow/dags/minio_to_snowflake_dag.py for tasks to queue
[2026-07-04T16:26:48.153+0000] {logging_mixin.py:188} INFO - [2026-07-04T16:26:48.153+0000] {dagbag.py:545} INFO - Filling up the DagBag from /opt/airflow/dags/minio_to_snowflake_dag.py
[2026-07-04T16:26:49.000+0000] {processor.py:840} INFO - DAG(s) 'minio_to_snowflake_ecommerce' retrieved from /opt/airflow/dags/minio_to_snowflake_dag.py
[2026-07-04T16:26:49.040+0000] {logging_mixin.py:188} INFO - [2026-07-04T16:26:49.039+0000] {dag.py:3089} INFO - Sync 1 DAGs
[2026-07-04T16:26:49.069+0000] {logging_mixin.py:188} INFO - [2026-07-04T16:26:49.069+0000] {dag.py:3947} INFO - Setting next_dagrun for minio_to_snowflake_ecommerce to 2026-07-04 16:25:00+00:00, run_after=2026-07-04 16:26:00+00:00
[2026-07-04T16:26:49.108+0000] {processor.py:183} INFO - Processing /opt/airflow/dags/minio_to_snowflake_dag.py took 0.966 seconds
[2026-07-04T16:27:19.419+0000] {processor.py:161} INFO - Started process (PID=52817) to work on /opt/airflow/dags/minio_to_snowflake_dag.py
[2026-07-04T16:27:19.421+0000] {processor.py:830} INFO - Processing file /opt/airflow/dags/minio_to_snowflake_dag.py for tasks to queue
[2026-07-04T16:27:19.424+0000] {logging_mixin.py:188} INFO - [2026-07-04T16:27:19.423+0000] {dagbag.py:545} INFO - Filling up the DagBag from /opt/airflow/dags/minio_to_snowflake_dag.py
[2026-07-04T16:27:20.321+0000] {processor.py:840} INFO - DAG(s) 'minio_to_snowflake_ecommerce' retrieved from /opt/airflow/dags/minio_to_snowflake_dag.py
[2026-07-04T16:27:20.359+0000] {logging_mixin.py:188} INFO - [2026-07-04T16:27:20.359+0000] {dag.py:3089} INFO - Sync 1 DAGs
[2026-07-04T16:27:20.388+0000] {logging_mixin.py:188} INFO - [2026-07-04T16:27:20.388+0000] {dag.py:3947} INFO - Setting next_dagrun for minio_to_snowflake_ecommerce to 2026-07-04 16:26:00+00:00, run_after=2026-07-04 16:27:00+00:00
[2026-07-04T16:27:20.422+0000] {processor.py:183} INFO - Processing /opt/airflow/dags/minio_to_snowflake_dag.py took 1.012 seconds
[2026-07-04T16:27:50.850+0000] {processor.py:161} INFO - Started process (PID=52821) to work on /opt/airflow/dags/minio_to_snowflake_dag.py
[2026-07-04T16:27:50.852+0000] {processor.py:830} INFO - Processing file /opt/airflow/dags/minio_to_snowflake_dag.py for tasks to queue
[2026-07-04T16:27:50.855+0000] {logging_mixin.py:188} INFO - [2026-07-04T16:27:50.854+0000] {dagbag.py:545} INFO - Filling up the DagBag from /opt/airflow/dags/minio_to_snowflake_dag.py
[2026-07-04T16:27:51.871+0000] {processor.py:840} INFO - DAG(s) 'minio_to_snowflake_ecommerce' retrieved from /opt/airflow/dags/minio_to_snowflake_dag.py
[2026-07-04T16:27:51.902+0000] {logging_mixin.py:188} INFO - [2026-07-04T16:27:51.901+0000] {dag.py:3089} INFO - Sync 1 DAGs
[2026-07-04T16:27:51.930+0000] {logging_mixin.py:188} INFO - [2026-07-04T16:27:51.929+0000] {dag.py:3947} INFO - Setting next_dagrun for minio_to_snowflake_ecommerce to 2026-07-04 16:26:00+00:00, run_after=2026-07-04 16:27:00+00:00
[2026-07-04T16:27:51.951+0000] {processor.py:183} INFO - Processing /opt/airflow/dags/minio_to_snowflake_dag.py took 1.108 seconds
[2026-07-04T16:28:22.316+0000] {processor.py:161} INFO - Started process (PID=52825) to work on /opt/airflow/dags/minio_to_snowflake_dag.py
[2026-07-04T16:28:22.321+0000] {processor.py:830} INFO - Processing file /opt/airflow/dags/minio_to_snowflake_dag.py for tasks to queue
[2026-07-04T16:28:22.328+0000] {logging_mixin.py:188} INFO - [2026-07-04T16:28:22.327+0000] {dagbag.py:545} INFO - Filling up the DagBag from /opt/airflow/dags/minio_to_snowflake_dag.py
[2026-07-04T16:28:23.757+0000] {processor.py:840} INFO - DAG(s) 'minio_to_snowflake_ecommerce' retrieved from /opt/airflow/dags/minio_to_snowflake_dag.py
[2026-07-04T16:28:23.879+0000] {logging_mixin.py:188} INFO - [2026-07-04T16:28:23.878+0000] {dag.py:3089} INFO - Sync 1 DAGs
[2026-07-04T16:28:23.926+0000] {logging_mixin.py:188} INFO - [2026-07-04T16:28:23.926+0000] {dag.py:3947} INFO - Setting next_dagrun for minio_to_snowflake_ecommerce to 2026-07-04 16:27:00+00:00, run_after=2026-07-04 16:28:00+00:00
[2026-07-04T16:28:23.956+0000] {processor.py:183} INFO - Processing /opt/airflow/dags/minio_to_snowflake_dag.py took 1.665 seconds
[2026-07-04T16:28:54.485+0000] {processor.py:161} INFO - Started process (PID=52829) to work on /opt/airflow/dags/minio_to_snowflake_dag.py
[2026-07-04T16:28:54.487+0000] {processor.py:830} INFO - Processing file /opt/airflow/dags/minio_to_snowflake_dag.py for tasks to queue
[2026-07-04T16:28:54.492+0000] {logging_mixin.py:188} INFO - [2026-07-04T16:28:54.491+0000] {dagbag.py:545} INFO - Filling up the DagBag from /opt/airflow/dags/minio_to_snowflake_dag.py
[2026-07-04T16:28:55.968+0000] {processor.py:840} INFO - DAG(s) 'minio_to_snowflake_ecommerce' retrieved from /opt/airflow/dags/minio_to_snowflake_dag.py
[2026-07-04T16:28:56.082+0000] {logging_mixin.py:188} INFO - [2026-07-04T16:28:56.082+0000] {dag.py:3089} INFO - Sync 1 DAGs
[2026-07-04T16:28:56.133+0000] {logging_mixin.py:188} INFO - [2026-07-04T16:28:56.132+0000] {dag.py:3947} INFO - Setting next_dagrun for minio_to_snowflake_ecommerce to 2026-07-04 16:27:00+00:00, run_after=2026-07-04 16:28:00+00:00
[2026-07-04T16:28:56.160+0000] {processor.py:183} INFO - Processing /opt/airflow/dags/minio_to_snowflake_dag.py took 1.691 seconds
[2026-07-04T16:29:26.567+0000] {processor.py:161} INFO - Started process (PID=52833) to work on /opt/airflow/dags/minio_to_snowflake_dag.py
[2026-07-04T16:29:26.568+0000] {processor.py:830} INFO - Processing file /opt/airflow/dags/minio_to_snowflake_dag.py for tasks to queue
[2026-07-04T16:29:26.571+0000] {logging_mixin.py:188} INFO - [2026-07-04T16:29:26.570+0000] {dagbag.py:545} INFO - Filling up the DagBag from /opt/airflow/dags/minio_to_snowflake_dag.py
[2026-07-04T16:29:27.470+0000] {processor.py:840} INFO - DAG(s) 'minio_to_snowflake_ecommerce' retrieved from /opt/airflow/dags/minio_to_snowflake_dag.py
[2026-07-04T16:29:27.500+0000] {logging_mixin.py:188} INFO - [2026-07-04T16:29:27.499+0000] {dag.py:3089} INFO - Sync 1 DAGs
[2026-07-04T16:29:27.564+0000] {logging_mixin.py:188} INFO - [2026-07-04T16:29:27.563+0000] {dag.py:3947} INFO - Setting next_dagrun for minio_to_snowflake_ecommerce to 2026-07-04 16:28:00+00:00, run_after=2026-07-04 16:29:00+00:00
[2026-07-04T16:29:27.605+0000] {processor.py:183} INFO - Processing /opt/airflow/dags/minio_to_snowflake_dag.py took 1.046 seconds
[2026-07-04T16:29:57.924+0000] {processor.py:161} INFO - Started process (PID=52837) to work on /opt/airflow/dags/minio_to_snowflake_dag.py
[2026-07-04T16:29:57.926+0000] {processor.py:830} INFO - Processing file /opt/airflow/dags/minio_to_snowflake_dag.py for tasks to queue
[2026-07-04T16:29:57.928+0000] {logging_mixin.py:188} INFO - [2026-07-04T16:29:57.928+0000] {dagbag.py:545} INFO - Filling up the DagBag from /opt/airflow/dags/minio_to_snowflake_dag.py
[2026-07-04T16:29:58.856+0000] {processor.py:840} INFO - DAG(s) 'minio_to_snowflake_ecommerce' retrieved from /opt/airflow/dags/minio_to_snowflake_dag.py
[2026-07-04T16:29:58.900+0000] {logging_mixin.py:188} INFO - [2026-07-04T16:29:58.899+0000] {dag.py:3089} INFO - Sync 1 DAGs
[2026-07-04T16:29:58.944+0000] {logging_mixin.py:188} INFO - [2026-07-04T16:29:58.943+0000] {dag.py:3947} INFO - Setting next_dagrun for minio_to_snowflake_ecommerce to 2026-07-04 16:28:00+00:00, run_after=2026-07-04 16:29:00+00:00
[2026-07-04T16:29:58.987+0000] {processor.py:183} INFO - Processing /opt/airflow/dags/minio_to_snowflake_dag.py took 1.069 seconds
[2026-07-04T16:30:29.290+0000] {processor.py:161} INFO - Started process (PID=52841) to work on /opt/airflow/dags/minio_to_snowflake_dag.py
[2026-07-04T16:30:29.291+0000] {processor.py:830} INFO - Processing file /opt/airflow/dags/minio_to_snowflake_dag.py for tasks to queue
[2026-07-04T16:30:29.295+0000] {logging_mixin.py:188} INFO - [2026-07-04T16:30:29.294+0000] {dagbag.py:545} INFO - Filling up the DagBag from /opt/airflow/dags/minio_to_snowflake_dag.py
[2026-07-04T16:30:30.310+0000] {processor.py:840} INFO - DAG(s) 'minio_to_snowflake_ecommerce' retrieved from /opt/airflow/dags/minio_to_snowflake_dag.py
[2026-07-04T16:30:30.357+0000] {logging_mixin.py:188} INFO - [2026-07-04T16:30:30.356+0000] {dag.py:3089} INFO - Sync 1 DAGs
[2026-07-04T16:30:30.413+0000] {logging_mixin.py:188} INFO - [2026-07-04T16:30:30.413+0000] {dag.py:3947} INFO - Setting next_dagrun for minio_to_snowflake_ecommerce to 2026-07-04 16:29:00+00:00, run_after=2026-07-04 16:30:00+00:00
[2026-07-04T16:30:30.460+0000] {processor.py:183} INFO - Processing /opt/airflow/dags/minio_to_snowflake_dag.py took 1.179 seconds
[2026-07-04T16:31:00.753+0000] {processor.py:161} INFO - Started process (PID=52845) to work on /opt/airflow/dags/minio_to_snowflake_dag.py
[2026-07-04T16:31:00.754+0000] {processor.py:830} INFO - Processing file /opt/airflow/dags/minio_to_snowflake_dag.py for tasks to queue
[2026-07-04T16:31:00.759+0000] {logging_mixin.py:188} INFO - [2026-07-04T16:31:00.758+0000] {dagbag.py:545} INFO - Filling up the DagBag from /opt/airflow/dags/minio_to_snowflake_dag.py
[2026-07-04T16:31:01.642+0000] {processor.py:840} INFO - DAG(s) 'minio_to_snowflake_ecommerce' retrieved from /opt/airflow/dags/minio_to_snowflake_dag.py
[2026-07-04T16:31:01.675+0000] {logging_mixin.py:188} INFO - [2026-07-04T16:31:01.675+0000] {dag.py:3089} INFO - Sync 1 DAGs
[2026-07-04T16:31:01.705+0000] {logging_mixin.py:188} INFO - [2026-07-04T16:31:01.705+0000] {dag.py:3947} INFO - Setting next_dagrun for minio_to_snowflake_ecommerce to 2026-07-04 16:30:00+00:00, run_after=2026-07-04 16:31:00+00:00
[2026-07-04T16:31:01.730+0000] {processor.py:183} INFO - Processing /opt/airflow/dags/minio_to_snowflake_dag.py took 0.987 seconds
[2026-07-04T16:31:32.235+0000] {processor.py:161} INFO - Started process (PID=52849) to work on /opt/airflow/dags/minio_to_snowflake_dag.py
[2026-07-04T16:31:32.238+0000] {processor.py:830} INFO - Processing file /opt/airflow/dags/minio_to_snowflake_dag.py for tasks to queue
[2026-07-04T16:31:32.243+0000] {logging_mixin.py:188} INFO - [2026-07-04T16:31:32.242+0000] {dagbag.py:545} INFO - Filling up the DagBag from /opt/airflow/dags/minio_to_snowflake_dag.py
[2026-07-04T16:31:34.543+0000] {processor.py:840} INFO - DAG(s) 'minio_to_snowflake_ecommerce' retrieved from /opt/airflow/dags/minio_to_snowflake_dag.py
[2026-07-04T16:31:34.612+0000] {logging_mixin.py:188} INFO - [2026-07-04T16:31:34.611+0000] {dag.py:3089} INFO - Sync 1 DAGs
[2026-07-04T16:31:34.718+0000] {logging_mixin.py:188} INFO - [2026-07-04T16:31:34.716+0000] {dag.py:3947} INFO - Setting next_dagrun for minio_to_snowflake_ecommerce to 2026-07-04 16:30:00+00:00, run_after=2026-07-04 16:31:00+00:00
[2026-07-04T16:31:34.800+0000] {processor.py:183} INFO - Processing /opt/airflow/dags/minio_to_snowflake_dag.py took 2.583 seconds
