[2026-07-04T14:32:23.071+0000] {local_task_job_runner.py:120} INFO - ::group::Pre task execution logs
[2026-07-04T14:32:23.128+0000] {taskinstance.py:2076} INFO - Dependencies all met for dep_context=non-requeueable deps ti=<TaskInstance: minio_to_snowflake_ecommerce.download_minio scheduled__2026-07-04T14:31:00+00:00 [queued]>
[2026-07-04T14:32:23.140+0000] {taskinstance.py:2076} INFO - Dependencies all met for dep_context=requeueable deps ti=<TaskInstance: minio_to_snowflake_ecommerce.download_minio scheduled__2026-07-04T14:31:00+00:00 [queued]>
[2026-07-04T14:32:23.142+0000] {taskinstance.py:2306} INFO - Starting attempt 1 of 2
[2026-07-04T14:32:23.163+0000] {taskinstance.py:2330} INFO - Executing <Task(PythonOperator): download_minio> on 2026-07-04 14:31:00+00:00
[2026-07-04T14:32:23.175+0000] {standard_task_runner.py:90} INFO - Running: ['***', 'tasks', 'run', 'minio_to_snowflake_ecommerce', 'download_minio', 'scheduled__2026-07-04T14:31:00+00:00', '--job-id', '45', '--raw', '--subdir', 'DAGS_FOLDER/minio_to_snowflake_dag.py', '--cfg-path', '/tmp/tmpt5_autmf']
[2026-07-04T14:32:23.180+0000] {standard_task_runner.py:91} INFO - Job 45: Subtask download_minio
[2026-07-04T14:32:23.180+0000] {logging_mixin.py:188} WARNING - /home/***/.local/lib/python3.12/site-packages/***/task/task_runner/standard_task_runner.py:62 DeprecationWarning: This process (pid=28022) is multi-threaded, use of fork() may lead to deadlocks in the child.
[2026-07-04T14:32:23.182+0000] {standard_task_runner.py:64} INFO - Started process 28029 to run task
[2026-07-04T14:32:23.275+0000] {task_command.py:426} INFO - Running <TaskInstance: minio_to_snowflake_ecommerce.download_minio scheduled__2026-07-04T14:31:00+00:00 [running]> on host 791512f83421
[2026-07-04T14:32:23.418+0000] {taskinstance.py:2648} INFO - Exporting env vars: AIRFLOW_CTX_DAG_OWNER='***' AIRFLOW_CTX_DAG_ID='minio_to_snowflake_ecommerce' AIRFLOW_CTX_TASK_ID='download_minio' AIRFLOW_CTX_EXECUTION_DATE='2026-07-04T14:31:00+00:00' AIRFLOW_CTX_TRY_NUMBER='1' AIRFLOW_CTX_DAG_RUN_ID='scheduled__2026-07-04T14:31:00+00:00'
[2026-07-04T14:32:23.419+0000] {taskinstance.py:430} INFO - ::endgroup::
[2026-07-04T14:32:28.078+0000] {logging_mixin.py:188} INFO - Downloaded customers/date=2026-06-17/customers_190118474101.parquet -> /tmp/minio_downloads/customers_190118474101.parquet
[2026-07-04T14:32:28.104+0000] {logging_mixin.py:188} INFO - Downloaded customers/date=2026-06-17/customers_190118558805.parquet -> /tmp/minio_downloads/customers_190118558805.parquet
[2026-07-04T14:32:28.133+0000] {logging_mixin.py:188} INFO - Downloaded customers/date=2026-06-17/customers_190118637451.parquet -> /tmp/minio_downloads/customers_190118637451.parquet
[2026-07-04T14:32:28.163+0000] {logging_mixin.py:188} INFO - Downloaded customers/date=2026-06-17/customers_190118704077.parquet -> /tmp/minio_downloads/customers_190118704077.parquet
[2026-07-04T14:32:28.191+0000] {logging_mixin.py:188} INFO - Downloaded customers/date=2026-06-17/customers_190118757294.parquet -> /tmp/minio_downloads/customers_190118757294.parquet
[2026-07-04T14:32:28.221+0000] {logging_mixin.py:188} INFO - Downloaded customers/date=2026-06-17/customers_190118804450.parquet -> /tmp/minio_downloads/customers_190118804450.parquet
[2026-07-04T14:32:28.255+0000] {logging_mixin.py:188} INFO - Downloaded customers/date=2026-06-17/customers_190118859377.parquet -> /tmp/minio_downloads/customers_190118859377.parquet
[2026-07-04T14:32:28.296+0000] {logging_mixin.py:188} INFO - Downloaded customers/date=2026-06-17/customers_190118909807.parquet -> /tmp/minio_downloads/customers_190118909807.parquet
[2026-07-04T14:32:28.328+0000] {logging_mixin.py:188} INFO - Downloaded customers/date=2026-06-17/customers_190118962070.parquet -> /tmp/minio_downloads/customers_190118962070.parquet
[2026-07-04T14:32:28.358+0000] {logging_mixin.py:188} INFO - Downloaded customers/date=2026-06-17/customers_190119013345.parquet -> /tmp/minio_downloads/customers_190119013345.parquet
[2026-07-04T14:32:28.388+0000] {logging_mixin.py:188} INFO - Downloaded customers/date=2026-06-17/customers_190119066490.parquet -> /tmp/minio_downloads/customers_190119066490.parquet
[2026-07-04T14:32:28.418+0000] {logging_mixin.py:188} INFO - Downloaded customers/date=2026-06-17/customers_190119139754.parquet -> /tmp/minio_downloads/customers_190119139754.parquet
[2026-07-04T14:32:28.448+0000] {logging_mixin.py:188} INFO - Downloaded customers/date=2026-06-17/customers_190119263543.parquet -> /tmp/minio_downloads/customers_190119263543.parquet
[2026-07-04T14:32:28.481+0000] {logging_mixin.py:188} INFO - Downloaded customers/date=2026-06-17/customers_190119390209.parquet -> /tmp/minio_downloads/customers_190119390209.parquet
[2026-07-04T14:32:28.508+0000] {logging_mixin.py:188} INFO - Downloaded customers/date=2026-06-17/customers_190119463358.parquet -> /tmp/minio_downloads/customers_190119463358.parquet
[2026-07-04T14:32:28.537+0000] {logging_mixin.py:188} INFO - Downloaded customers/date=2026-06-17/customers_190119548561.parquet -> /tmp/minio_downloads/customers_190119548561.parquet
[2026-07-04T14:32:28.565+0000] {logging_mixin.py:188} INFO - Downloaded customers/date=2026-06-17/customers_190119628300.parquet -> /tmp/minio_downloads/customers_190119628300.parquet
[2026-07-04T14:32:28.591+0000] {logging_mixin.py:188} INFO - Downloaded customers/date=2026-06-17/customers_190119731265.parquet -> /tmp/minio_downloads/customers_190119731265.parquet
[2026-07-04T14:32:28.617+0000] {logging_mixin.py:188} INFO - Downloaded customers/date=2026-06-17/customers_190119816203.parquet -> /tmp/minio_downloads/customers_190119816203.parquet
[2026-07-04T14:32:28.645+0000] {logging_mixin.py:188} INFO - Downloaded customers/date=2026-06-17/customers_190119905698.parquet -> /tmp/minio_downloads/customers_190119905698.parquet
[2026-07-04T14:32:28.672+0000] {logging_mixin.py:188} INFO - Downloaded customers/date=2026-06-17/customers_190120040271.parquet -> /tmp/minio_downloads/customers_190120040271.parquet
[2026-07-04T14:32:28.701+0000] {logging_mixin.py:188} INFO - Downloaded customers/date=2026-06-17/customers_190120132786.parquet -> /tmp/minio_downloads/customers_190120132786.parquet
[2026-07-04T14:32:28.728+0000] {logging_mixin.py:188} INFO - Downloaded customers/date=2026-06-17/customers_190120201937.parquet -> /tmp/minio_downloads/customers_190120201937.parquet
[2026-07-04T14:32:28.756+0000] {logging_mixin.py:188} INFO - Downloaded customers/date=2026-06-17/customers_190120279098.parquet -> /tmp/minio_downloads/customers_190120279098.parquet
[2026-07-04T14:32:28.789+0000] {logging_mixin.py:188} INFO - Downloaded customers/date=2026-06-17/customers_190120349697.parquet -> /tmp/minio_downloads/customers_190120349697.parquet
[2026-07-04T14:32:28.816+0000] {logging_mixin.py:188} INFO - Downloaded customers/date=2026-06-17/customers_190120432051.parquet -> /tmp/minio_downloads/customers_190120432051.parquet
[2026-07-04T14:32:28.845+0000] {logging_mixin.py:188} INFO - Downloaded customers/date=2026-06-17/customers_190120568706.parquet -> /tmp/minio_downloads/customers_190120568706.parquet
[2026-07-04T14:32:28.878+0000] {logging_mixin.py:188} INFO - Downloaded customers/date=2026-06-17/customers_190120649298.parquet -> /tmp/minio_downloads/customers_190120649298.parquet
[2026-07-04T14:32:28.927+0000] {logging_mixin.py:188} INFO - Downloaded customers/date=2026-06-17/customers_190120717788.parquet -> /tmp/minio_downloads/customers_190120717788.parquet
[2026-07-04T14:32:28.975+0000] {logging_mixin.py:188} INFO - Downloaded customers/date=2026-06-17/customers_190120785337.parquet -> /tmp/minio_downloads/customers_190120785337.parquet
[2026-07-04T14:32:29.025+0000] {logging_mixin.py:188} INFO - Downloaded customers/date=2026-06-17/customers_190120832918.parquet -> /tmp/minio_downloads/customers_190120832918.parquet
[2026-07-04T14:32:29.079+0000] {logging_mixin.py:188} INFO - Downloaded customers/date=2026-06-17/customers_190120902521.parquet -> /tmp/minio_downloads/customers_190120902521.parquet
[2026-07-04T14:32:29.129+0000] {logging_mixin.py:188} INFO - Downloaded customers/date=2026-06-17/customers_190120964409.parquet -> /tmp/minio_downloads/customers_190120964409.parquet
[2026-07-04T14:32:29.179+0000] {logging_mixin.py:188} INFO - Downloaded customers/date=2026-06-17/customers_190121020503.parquet -> /tmp/minio_downloads/customers_190121020503.parquet
[2026-07-04T14:32:29.239+0000] {logging_mixin.py:188} INFO - Downloaded customers/date=2026-06-17/customers_190121089337.parquet -> /tmp/minio_downloads/customers_190121089337.parquet
[2026-07-04T14:32:29.288+0000] {logging_mixin.py:188} INFO - Downloaded customers/date=2026-06-17/customers_190121147140.parquet -> /tmp/minio_downloads/customers_190121147140.parquet
[2026-07-04T14:32:29.327+0000] {logging_mixin.py:188} INFO - Downloaded customers/date=2026-06-17/customers_190121236766.parquet -> /tmp/minio_downloads/customers_190121236766.parquet
[2026-07-04T14:32:29.360+0000] {logging_mixin.py:188} INFO - Downloaded customers/date=2026-06-17/customers_190121314374.parquet -> /tmp/minio_downloads/customers_190121314374.parquet
[2026-07-04T14:32:29.393+0000] {logging_mixin.py:188} INFO - Downloaded customers/date=2026-06-17/customers_190121389208.parquet -> /tmp/minio_downloads/customers_190121389208.parquet
[2026-07-04T14:32:29.423+0000] {logging_mixin.py:188} INFO - Downloaded customers/date=2026-06-17/customers_190121470589.parquet -> /tmp/minio_downloads/customers_190121470589.parquet
[2026-07-04T14:32:29.455+0000] {logging_mixin.py:188} INFO - Downloaded customers/date=2026-06-17/customers_190121557173.parquet -> /tmp/minio_downloads/customers_190121557173.parquet
[2026-07-04T14:32:29.487+0000] {logging_mixin.py:188} INFO - Downloaded customers/date=2026-06-17/customers_190121635672.parquet -> /tmp/minio_downloads/customers_190121635672.parquet
[2026-07-04T14:32:29.518+0000] {logging_mixin.py:188} INFO - Downloaded customers/date=2026-06-17/customers_190121708765.parquet -> /tmp/minio_downloads/customers_190121708765.parquet
[2026-07-04T14:32:29.547+0000] {logging_mixin.py:188} INFO - Downloaded customers/date=2026-06-17/customers_190121774496.parquet -> /tmp/minio_downloads/customers_190121774496.parquet
[2026-07-04T14:32:29.575+0000] {logging_mixin.py:188} INFO - Downloaded customers/date=2026-06-17/customers_190121828872.parquet -> /tmp/minio_downloads/customers_190121828872.parquet
[2026-07-04T14:32:29.604+0000] {logging_mixin.py:188} INFO - Downloaded customers/date=2026-06-17/customers_190121884665.parquet -> /tmp/minio_downloads/customers_190121884665.parquet
[2026-07-04T14:32:29.633+0000] {logging_mixin.py:188} INFO - Downloaded customers/date=2026-06-17/customers_190121936133.parquet -> /tmp/minio_downloads/customers_190121936133.parquet
[2026-07-04T14:32:29.658+0000] {logging_mixin.py:188} INFO - Downloaded customers/date=2026-06-17/customers_190121986968.parquet -> /tmp/minio_downloads/customers_190121986968.parquet
[2026-07-04T14:32:29.686+0000] {logging_mixin.py:188} INFO - Downloaded customers/date=2026-06-17/customers_190122038502.parquet -> /tmp/minio_downloads/customers_190122038502.parquet
[2026-07-04T14:32:29.713+0000] {logging_mixin.py:188} INFO - Downloaded customers/date=2026-06-17/customers_190122087552.parquet -> /tmp/minio_downloads/customers_190122087552.parquet
[2026-07-04T14:32:29.739+0000] {logging_mixin.py:188} INFO - Downloaded customers/date=2026-06-17/customers_190122199861.parquet -> /tmp/minio_downloads/customers_190122199861.parquet
[2026-07-04T14:32:29.768+0000] {logging_mixin.py:188} INFO - Downloaded customers/date=2026-06-17/customers_190122288107.parquet -> /tmp/minio_downloads/customers_190122288107.parquet
[2026-07-04T14:32:29.805+0000] {logging_mixin.py:188} INFO - Downloaded customers/date=2026-06-17/customers_190122362702.parquet -> /tmp/minio_downloads/customers_190122362702.parquet
[2026-07-04T14:32:29.843+0000] {logging_mixin.py:188} INFO - Downloaded customers/date=2026-06-17/customers_190122426397.parquet -> /tmp/minio_downloads/customers_190122426397.parquet
[2026-07-04T14:32:29.886+0000] {logging_mixin.py:188} INFO - Downloaded customers/date=2026-06-17/customers_190122496594.parquet -> /tmp/minio_downloads/customers_190122496594.parquet
[2026-07-04T14:32:29.926+0000] {logging_mixin.py:188} INFO - Downloaded customers/date=2026-06-17/customers_190122575921.parquet -> /tmp/minio_downloads/customers_190122575921.parquet
[2026-07-04T14:32:29.962+0000] {logging_mixin.py:188} INFO - Downloaded customers/date=2026-06-17/customers_190122666732.parquet -> /tmp/minio_downloads/customers_190122666732.parquet
[2026-07-04T14:32:29.996+0000] {logging_mixin.py:188} INFO - Downloaded customers/date=2026-06-17/customers_190122744017.parquet -> /tmp/minio_downloads/customers_190122744017.parquet
[2026-07-04T14:32:30.029+0000] {logging_mixin.py:188} INFO - Downloaded customers/date=2026-06-17/customers_190122803790.parquet -> /tmp/minio_downloads/customers_190122803790.parquet
[2026-07-04T14:32:30.062+0000] {logging_mixin.py:188} INFO - Downloaded customers/date=2026-06-17/customers_190122866720.parquet -> /tmp/minio_downloads/customers_190122866720.parquet
[2026-07-04T14:32:30.100+0000] {logging_mixin.py:188} INFO - Downloaded customers/date=2026-06-17/customers_190122917755.parquet -> /tmp/minio_downloads/customers_190122917755.parquet
[2026-07-04T14:32:30.129+0000] {logging_mixin.py:188} INFO - Downloaded customers/date=2026-06-17/customers_190122965839.parquet -> /tmp/minio_downloads/customers_190122965839.parquet
[2026-07-04T14:32:30.160+0000] {logging_mixin.py:188} INFO - Downloaded customers/date=2026-06-17/customers_190123017563.parquet -> /tmp/minio_downloads/customers_190123017563.parquet
[2026-07-04T14:32:30.191+0000] {logging_mixin.py:188} INFO - Downloaded customers/date=2026-06-17/customers_190123087773.parquet -> /tmp/minio_downloads/customers_190123087773.parquet
[2026-07-04T14:32:30.219+0000] {logging_mixin.py:188} INFO - Downloaded customers/date=2026-06-17/customers_190123155911.parquet -> /tmp/minio_downloads/customers_190123155911.parquet
[2026-07-04T14:32:30.247+0000] {logging_mixin.py:188} INFO - Downloaded customers/date=2026-06-17/customers_190123225422.parquet -> /tmp/minio_downloads/customers_190123225422.parquet
[2026-07-04T14:32:30.273+0000] {logging_mixin.py:188} INFO - Downloaded customers/date=2026-06-17/customers_190123295060.parquet -> /tmp/minio_downloads/customers_190123295060.parquet
[2026-07-04T14:32:30.299+0000] {logging_mixin.py:188} INFO - Downloaded customers/date=2026-06-17/customers_190123375883.parquet -> /tmp/minio_downloads/customers_190123375883.parquet
[2026-07-04T14:32:30.327+0000] {logging_mixin.py:188} INFO - Downloaded customers/date=2026-06-17/customers_190123461445.parquet -> /tmp/minio_downloads/customers_190123461445.parquet
[2026-07-04T14:32:30.354+0000] {logging_mixin.py:188} INFO - Downloaded customers/date=2026-06-17/customers_190123549403.parquet -> /tmp/minio_downloads/customers_190123549403.parquet
[2026-07-04T14:32:30.378+0000] {logging_mixin.py:188} INFO - Downloaded customers/date=2026-06-17/customers_190123629735.parquet -> /tmp/minio_downloads/customers_190123629735.parquet
[2026-07-04T14:32:30.406+0000] {logging_mixin.py:188} INFO - Downloaded customers/date=2026-06-17/customers_190123712537.parquet -> /tmp/minio_downloads/customers_190123712537.parquet
[2026-07-04T14:32:30.431+0000] {logging_mixin.py:188} INFO - Downloaded customers/date=2026-06-17/customers_190123785855.parquet -> /tmp/minio_downloads/customers_190123785855.parquet
[2026-07-04T14:32:30.456+0000] {logging_mixin.py:188} INFO - Downloaded customers/date=2026-06-17/customers_190123852768.parquet -> /tmp/minio_downloads/customers_190123852768.parquet
[2026-07-04T14:32:30.482+0000] {logging_mixin.py:188} INFO - Downloaded customers/date=2026-06-17/customers_190123936501.parquet -> /tmp/minio_downloads/customers_190123936501.parquet
[2026-07-04T14:32:30.506+0000] {logging_mixin.py:188} INFO - Downloaded customers/date=2026-06-17/customers_190124033849.parquet -> /tmp/minio_downloads/customers_190124033849.parquet
[2026-07-04T14:32:30.534+0000] {logging_mixin.py:188} INFO - Downloaded customers/date=2026-06-17/customers_190124166322.parquet -> /tmp/minio_downloads/customers_190124166322.parquet
[2026-07-04T14:32:30.562+0000] {logging_mixin.py:188} INFO - Downloaded customers/date=2026-06-17/customers_190124239295.parquet -> /tmp/minio_downloads/customers_190124239295.parquet
[2026-07-04T14:32:30.588+0000] {logging_mixin.py:188} INFO - Downloaded customers/date=2026-06-17/customers_190124308641.parquet -> /tmp/minio_downloads/customers_190124308641.parquet
[2026-07-04T14:32:30.615+0000] {logging_mixin.py:188} INFO - Downloaded customers/date=2026-06-17/customers_190124367126.parquet -> /tmp/minio_downloads/customers_190124367126.parquet
[2026-07-04T14:32:30.643+0000] {logging_mixin.py:188} INFO - Downloaded customers/date=2026-06-17/customers_190124438120.parquet -> /tmp/minio_downloads/customers_190124438120.parquet
[2026-07-04T14:32:30.670+0000] {logging_mixin.py:188} INFO - Downloaded customers/date=2026-06-17/customers_190124506813.parquet -> /tmp/minio_downloads/customers_190124506813.parquet
[2026-07-04T14:32:30.698+0000] {logging_mixin.py:188} INFO - Downloaded customers/date=2026-06-17/customers_190124577918.parquet -> /tmp/minio_downloads/customers_190124577918.parquet
[2026-07-04T14:32:30.725+0000] {logging_mixin.py:188} INFO - Downloaded customers/date=2026-06-17/customers_190124645052.parquet -> /tmp/minio_downloads/customers_190124645052.parquet
[2026-07-04T14:32:30.752+0000] {logging_mixin.py:188} INFO - Downloaded customers/date=2026-06-17/customers_190124698144.parquet -> /tmp/minio_downloads/customers_190124698144.parquet
[2026-07-04T14:32:30.778+0000] {logging_mixin.py:188} INFO - Downloaded customers/date=2026-06-17/customers_190124750698.parquet -> /tmp/minio_downloads/customers_190124750698.parquet
[2026-07-04T14:32:30.802+0000] {logging_mixin.py:188} INFO - Downloaded customers/date=2026-06-17/customers_190124860523.parquet -> /tmp/minio_downloads/customers_190124860523.parquet
[2026-07-04T14:32:30.828+0000] {logging_mixin.py:188} INFO - Downloaded customers/date=2026-06-17/customers_190124942262.parquet -> /tmp/minio_downloads/customers_190124942262.parquet
[2026-07-04T14:32:30.853+0000] {logging_mixin.py:188} INFO - Downloaded customers/date=2026-06-17/customers_190125013131.parquet -> /tmp/minio_downloads/customers_190125013131.parquet
[2026-07-04T14:32:30.878+0000] {logging_mixin.py:188} INFO - Downloaded customers/date=2026-06-17/customers_190125105286.parquet -> /tmp/minio_downloads/customers_190125105286.parquet
[2026-07-04T14:32:30.901+0000] {logging_mixin.py:188} INFO - Downloaded customers/date=2026-06-17/customers_190125202440.parquet -> /tmp/minio_downloads/customers_190125202440.parquet
[2026-07-04T14:32:30.927+0000] {logging_mixin.py:188} INFO - Downloaded customers/date=2026-06-17/customers_190125298099.parquet -> /tmp/minio_downloads/customers_190125298099.parquet
[2026-07-04T14:32:30.951+0000] {logging_mixin.py:188} INFO - Downloaded customers/date=2026-06-17/customers_190125375584.parquet -> /tmp/minio_downloads/customers_190125375584.parquet
[2026-07-04T14:32:30.976+0000] {logging_mixin.py:188} INFO - Downloaded customers/date=2026-06-17/customers_190125437993.parquet -> /tmp/minio_downloads/customers_190125437993.parquet
[2026-07-04T14:32:31.000+0000] {logging_mixin.py:188} INFO - Downloaded customers/date=2026-06-17/customers_190125502586.parquet -> /tmp/minio_downloads/customers_190125502586.parquet
[2026-07-04T14:32:31.025+0000] {logging_mixin.py:188} INFO - Downloaded customers/date=2026-06-17/customers_190125580897.parquet -> /tmp/minio_downloads/customers_190125580897.parquet
[2026-07-04T14:32:31.049+0000] {logging_mixin.py:188} INFO - Downloaded customers/date=2026-06-17/customers_190125642474.parquet -> /tmp/minio_downloads/customers_190125642474.parquet
[2026-07-04T14:32:31.074+0000] {logging_mixin.py:188} INFO - Downloaded customers/date=2026-06-17/customers_190125701048.parquet -> /tmp/minio_downloads/customers_190125701048.parquet
[2026-07-04T14:32:31.099+0000] {logging_mixin.py:188} INFO - Downloaded customers/date=2026-06-17/customers_190125761080.parquet -> /tmp/minio_downloads/customers_190125761080.parquet
[2026-07-04T14:32:31.123+0000] {logging_mixin.py:188} INFO - Downloaded customers/date=2026-06-17/customers_190125833530.parquet -> /tmp/minio_downloads/customers_190125833530.parquet
[2026-07-04T14:32:31.147+0000] {logging_mixin.py:188} INFO - Downloaded customers/date=2026-06-17/customers_190125898658.parquet -> /tmp/minio_downloads/customers_190125898658.parquet
[2026-07-04T14:32:31.172+0000] {logging_mixin.py:188} INFO - Downloaded customers/date=2026-06-17/customers_190125975991.parquet -> /tmp/minio_downloads/customers_190125975991.parquet
[2026-07-04T14:32:31.198+0000] {logging_mixin.py:188} INFO - Downloaded customers/date=2026-06-17/customers_190126066822.parquet -> /tmp/minio_downloads/customers_190126066822.parquet
[2026-07-04T14:32:31.223+0000] {logging_mixin.py:188} INFO - Downloaded customers/date=2026-06-17/customers_190126198505.parquet -> /tmp/minio_downloads/customers_190126198505.parquet
[2026-07-04T14:32:31.246+0000] {logging_mixin.py:188} INFO - Downloaded customers/date=2026-06-17/customers_190126301475.parquet -> /tmp/minio_downloads/customers_190126301475.parquet
[2026-07-04T14:32:31.268+0000] {logging_mixin.py:188} INFO - Downloaded customers/date=2026-06-17/customers_190126398593.parquet -> /tmp/minio_downloads/customers_190126398593.parquet
[2026-07-04T14:32:31.294+0000] {logging_mixin.py:188} INFO - Downloaded customers/date=2026-06-17/customers_190126533501.parquet -> /tmp/minio_downloads/customers_190126533501.parquet
[2026-07-04T14:32:31.319+0000] {logging_mixin.py:188} INFO - Downloaded customers/date=2026-06-17/customers_190126611796.parquet -> /tmp/minio_downloads/customers_190126611796.parquet
[2026-07-04T14:32:31.343+0000] {logging_mixin.py:188} INFO - Downloaded customers/date=2026-06-17/customers_190126673708.parquet -> /tmp/minio_downloads/customers_190126673708.parquet
[2026-07-04T14:32:31.369+0000] {logging_mixin.py:188} INFO - Downloaded customers/date=2026-06-17/customers_190126725267.parquet -> /tmp/minio_downloads/customers_190126725267.parquet
[2026-07-04T14:32:31.394+0000] {logging_mixin.py:188} INFO - Downloaded customers/date=2026-06-17/customers_190126787313.parquet -> /tmp/minio_downloads/customers_190126787313.parquet
[2026-07-04T14:32:31.420+0000] {logging_mixin.py:188} INFO - Downloaded customers/date=2026-06-17/customers_190126855392.parquet -> /tmp/minio_downloads/customers_190126855392.parquet
[2026-07-04T14:32:31.445+0000] {logging_mixin.py:188} INFO - Downloaded customers/date=2026-06-17/customers_190126906171.parquet -> /tmp/minio_downloads/customers_190126906171.parquet
[2026-07-04T14:32:31.471+0000] {logging_mixin.py:188} INFO - Downloaded customers/date=2026-06-17/customers_190126961049.parquet -> /tmp/minio_downloads/customers_190126961049.parquet
[2026-07-04T14:32:31.499+0000] {logging_mixin.py:188} INFO - Downloaded customers/date=2026-06-17/customers_190127014299.parquet -> /tmp/minio_downloads/customers_190127014299.parquet
[2026-07-04T14:32:31.525+0000] {logging_mixin.py:188} INFO - Downloaded customers/date=2026-06-17/customers_190127077863.parquet -> /tmp/minio_downloads/customers_190127077863.parquet
[2026-07-04T14:32:31.552+0000] {logging_mixin.py:188} INFO - Downloaded customers/date=2026-06-17/customers_190127230270.parquet -> /tmp/minio_downloads/customers_190127230270.parquet
[2026-07-04T14:32:31.578+0000] {logging_mixin.py:188} INFO - Downloaded customers/date=2026-06-17/customers_190127379217.parquet -> /tmp/minio_downloads/customers_190127379217.parquet
[2026-07-04T14:32:31.607+0000] {logging_mixin.py:188} INFO - Downloaded customers/date=2026-06-17/customers_190127480731.parquet -> /tmp/minio_downloads/customers_190127480731.parquet
[2026-07-04T14:32:31.634+0000] {logging_mixin.py:188} INFO - Downloaded customers/date=2026-06-17/customers_190127588343.parquet -> /tmp/minio_downloads/customers_190127588343.parquet
[2026-07-04T14:32:31.659+0000] {logging_mixin.py:188} INFO - Downloaded customers/date=2026-06-17/customers_190127655023.parquet -> /tmp/minio_downloads/customers_190127655023.parquet
[2026-07-04T14:32:31.684+0000] {logging_mixin.py:188} INFO - Downloaded customers/date=2026-06-17/customers_190127718661.parquet -> /tmp/minio_downloads/customers_190127718661.parquet
[2026-07-04T14:32:31.708+0000] {logging_mixin.py:188} INFO - Downloaded customers/date=2026-06-17/customers_190127807503.parquet -> /tmp/minio_downloads/customers_190127807503.parquet
[2026-07-04T14:32:31.732+0000] {logging_mixin.py:188} INFO - Downloaded customers/date=2026-06-17/customers_190127875342.parquet -> /tmp/minio_downloads/customers_190127875342.parquet
[2026-07-04T14:32:31.758+0000] {logging_mixin.py:188} INFO - Downloaded customers/date=2026-06-17/customers_190127934037.parquet -> /tmp/minio_downloads/customers_190127934037.parquet
[2026-07-04T14:32:31.783+0000] {logging_mixin.py:188} INFO - Downloaded customers/date=2026-06-17/customers_190127986063.parquet -> /tmp/minio_downloads/customers_190127986063.parquet
[2026-07-04T14:32:31.808+0000] {logging_mixin.py:188} INFO - Downloaded customers/date=2026-06-17/customers_190128037403.parquet -> /tmp/minio_downloads/customers_190128037403.parquet
[2026-07-04T14:32:31.833+0000] {logging_mixin.py:188} INFO - Downloaded customers/date=2026-06-17/customers_190128094155.parquet -> /tmp/minio_downloads/customers_190128094155.parquet
[2026-07-04T14:32:31.865+0000] {logging_mixin.py:188} INFO - Downloaded customers/date=2026-06-17/customers_190128153350.parquet -> /tmp/minio_downloads/customers_190128153350.parquet
[2026-07-04T14:32:31.889+0000] {logging_mixin.py:188} INFO - Downloaded customers/date=2026-06-17/customers_190128208574.parquet -> /tmp/minio_downloads/customers_190128208574.parquet
[2026-07-04T14:32:31.914+0000] {logging_mixin.py:188} INFO - Downloaded customers/date=2026-06-17/customers_190128269321.parquet -> /tmp/minio_downloads/customers_190128269321.parquet
[2026-07-04T14:32:31.936+0000] {logging_mixin.py:188} INFO - Downloaded customers/date=2026-06-17/customers_190128431709.parquet -> /tmp/minio_downloads/customers_190128431709.parquet
[2026-07-04T14:32:31.960+0000] {logging_mixin.py:188} INFO - Downloaded customers/date=2026-06-17/customers_190128531915.parquet -> /tmp/minio_downloads/customers_190128531915.parquet
[2026-07-04T14:32:31.984+0000] {logging_mixin.py:188} INFO - Downloaded customers/date=2026-06-17/customers_190128627723.parquet -> /tmp/minio_downloads/customers_190128627723.parquet
[2026-07-04T14:32:32.007+0000] {logging_mixin.py:188} INFO - Downloaded customers/date=2026-06-17/customers_190128728340.parquet -> /tmp/minio_downloads/customers_190128728340.parquet
[2026-07-04T14:32:32.030+0000] {logging_mixin.py:188} INFO - Downloaded customers/date=2026-06-17/customers_190128798458.parquet -> /tmp/minio_downloads/customers_190128798458.parquet
[2026-07-04T14:32:32.053+0000] {logging_mixin.py:188} INFO - Downloaded customers/date=2026-06-17/customers_190128859676.parquet -> /tmp/minio_downloads/customers_190128859676.parquet
[2026-07-04T14:32:32.077+0000] {logging_mixin.py:188} INFO - Downloaded customers/date=2026-06-17/customers_190128933072.parquet -> /tmp/minio_downloads/customers_190128933072.parquet
[2026-07-04T14:32:32.102+0000] {logging_mixin.py:188} INFO - Downloaded customers/date=2026-06-17/customers_190129009410.parquet -> /tmp/minio_downloads/customers_190129009410.parquet
[2026-07-04T14:32:32.127+0000] {logging_mixin.py:188} INFO - Downloaded customers/date=2026-06-17/customers_190129066318.parquet -> /tmp/minio_downloads/customers_190129066318.parquet
[2026-07-04T14:32:32.150+0000] {logging_mixin.py:188} INFO - Downloaded customers/date=2026-06-17/customers_190129134200.parquet -> /tmp/minio_downloads/customers_190129134200.parquet
[2026-07-04T14:32:32.174+0000] {logging_mixin.py:188} INFO - Downloaded customers/date=2026-06-17/customers_190129228717.parquet -> /tmp/minio_downloads/customers_190129228717.parquet
[2026-07-04T14:32:32.198+0000] {logging_mixin.py:188} INFO - Downloaded customers/date=2026-06-17/customers_190129346180.parquet -> /tmp/minio_downloads/customers_190129346180.parquet
[2026-07-04T14:32:32.222+0000] {logging_mixin.py:188} INFO - Downloaded customers/date=2026-06-17/customers_190129451553.parquet -> /tmp/minio_downloads/customers_190129451553.parquet
[2026-07-04T14:32:32.244+0000] {logging_mixin.py:188} INFO - Downloaded customers/date=2026-06-17/customers_190129526392.parquet -> /tmp/minio_downloads/customers_190129526392.parquet
[2026-07-04T14:32:32.267+0000] {logging_mixin.py:188} INFO - Downloaded customers/date=2026-06-17/customers_190129605212.parquet -> /tmp/minio_downloads/customers_190129605212.parquet
[2026-07-04T14:32:32.291+0000] {logging_mixin.py:188} INFO - Downloaded customers/date=2026-06-17/customers_190129695196.parquet -> /tmp/minio_downloads/customers_190129695196.parquet
[2026-07-04T14:32:32.316+0000] {logging_mixin.py:188} INFO - Downloaded customers/date=2026-06-17/customers_190129776918.parquet -> /tmp/minio_downloads/customers_190129776918.parquet
[2026-07-04T14:32:32.342+0000] {logging_mixin.py:188} INFO - Downloaded customers/date=2026-06-17/customers_190129832175.parquet -> /tmp/minio_downloads/customers_190129832175.parquet
[2026-07-04T14:32:32.367+0000] {logging_mixin.py:188} INFO - Downloaded customers/date=2026-06-17/customers_190129890474.parquet -> /tmp/minio_downloads/customers_190129890474.parquet
[2026-07-04T14:32:32.391+0000] {logging_mixin.py:188} INFO - Downloaded customers/date=2026-06-17/customers_190129953507.parquet -> /tmp/minio_downloads/customers_190129953507.parquet
[2026-07-04T14:32:32.416+0000] {logging_mixin.py:188} INFO - Downloaded customers/date=2026-06-17/customers_190130013760.parquet -> /tmp/minio_downloads/customers_190130013760.parquet
[2026-07-04T14:32:32.442+0000] {logging_mixin.py:188} INFO - Downloaded customers/date=2026-06-17/customers_190130073802.parquet -> /tmp/minio_downloads/customers_190130073802.parquet
[2026-07-04T14:32:32.465+0000] {logging_mixin.py:188} INFO - Downloaded customers/date=2026-06-17/customers_190130138955.parquet -> /tmp/minio_downloads/customers_190130138955.parquet
[2026-07-04T14:32:32.489+0000] {logging_mixin.py:188} INFO - Downloaded customers/date=2026-06-17/customers_190130228190.parquet -> /tmp/minio_downloads/customers_190130228190.parquet
[2026-07-04T14:32:32.513+0000] {logging_mixin.py:188} INFO - Downloaded customers/date=2026-06-17/customers_190130320235.parquet -> /tmp/minio_downloads/customers_190130320235.parquet
[2026-07-04T14:32:32.537+0000] {logging_mixin.py:188} INFO - Downloaded customers/date=2026-06-17/customers_190130463414.parquet -> /tmp/minio_downloads/customers_190130463414.parquet
[2026-07-04T14:32:32.562+0000] {logging_mixin.py:188} INFO - Downloaded customers/date=2026-06-17/customers_190130642884.parquet -> /tmp/minio_downloads/customers_190130642884.parquet
[2026-07-04T14:32:32.585+0000] {logging_mixin.py:188} INFO - Downloaded customers/date=2026-06-17/customers_190130717184.parquet -> /tmp/minio_downloads/customers_190130717184.parquet
[2026-07-04T14:32:32.610+0000] {logging_mixin.py:188} INFO - Downloaded customers/date=2026-06-17/customers_190130808820.parquet -> /tmp/minio_downloads/customers_190130808820.parquet
[2026-07-04T14:32:32.634+0000] {logging_mixin.py:188} INFO - Downloaded customers/date=2026-06-17/customers_190130916199.parquet -> /tmp/minio_downloads/customers_190130916199.parquet
[2026-07-04T14:32:32.662+0000] {logging_mixin.py:188} INFO - Downloaded customers/date=2026-06-17/customers_190131003963.parquet -> /tmp/minio_downloads/customers_190131003963.parquet
[2026-07-04T14:32:32.687+0000] {logging_mixin.py:188} INFO - Downloaded customers/date=2026-06-17/customers_190131072490.parquet -> /tmp/minio_downloads/customers_190131072490.parquet
[2026-07-04T14:32:32.713+0000] {logging_mixin.py:188} INFO - Downloaded customers/date=2026-06-17/customers_190131132290.parquet -> /tmp/minio_downloads/customers_190131132290.parquet
[2026-07-04T14:32:32.740+0000] {logging_mixin.py:188} INFO - Downloaded customers/date=2026-06-17/customers_190131197231.parquet -> /tmp/minio_downloads/customers_190131197231.parquet
[2026-07-04T14:32:32.766+0000] {logging_mixin.py:188} INFO - Downloaded customers/date=2026-06-17/customers_190131284048.parquet -> /tmp/minio_downloads/customers_190131284048.parquet
[2026-07-04T14:32:32.792+0000] {logging_mixin.py:188} INFO - Downloaded customers/date=2026-06-17/customers_190131351632.parquet -> /tmp/minio_downloads/customers_190131351632.parquet
[2026-07-04T14:32:32.816+0000] {logging_mixin.py:188} INFO - Downloaded customers/date=2026-06-17/customers_190131412820.parquet -> /tmp/minio_downloads/customers_190131412820.parquet
[2026-07-04T14:32:32.841+0000] {logging_mixin.py:188} INFO - Downloaded customers/date=2026-06-17/customers_190131477522.parquet -> /tmp/minio_downloads/customers_190131477522.parquet
[2026-07-04T14:32:32.866+0000] {logging_mixin.py:188} INFO - Downloaded customers/date=2026-06-17/customers_190131556821.parquet -> /tmp/minio_downloads/customers_190131556821.parquet
[2026-07-04T14:32:32.889+0000] {logging_mixin.py:188} INFO - Downloaded customers/date=2026-06-17/customers_190131630829.parquet -> /tmp/minio_downloads/customers_190131630829.parquet
[2026-07-04T14:32:32.914+0000] {logging_mixin.py:188} INFO - Downloaded customers/date=2026-06-17/customers_190131759153.parquet -> /tmp/minio_downloads/customers_190131759153.parquet
[2026-07-04T14:32:32.940+0000] {logging_mixin.py:188} INFO - Downloaded customers/date=2026-06-17/customers_190131874052.parquet -> /tmp/minio_downloads/customers_190131874052.parquet
[2026-07-04T14:32:32.967+0000] {logging_mixin.py:188} INFO - Downloaded customers/date=2026-06-17/customers_190131957224.parquet -> /tmp/minio_downloads/customers_190131957224.parquet
[2026-07-04T14:32:32.992+0000] {logging_mixin.py:188} INFO - Downloaded customers/date=2026-06-17/customers_190132020731.parquet -> /tmp/minio_downloads/customers_190132020731.parquet
[2026-07-04T14:32:33.017+0000] {logging_mixin.py:188} INFO - Downloaded customers/date=2026-06-17/customers_190132095530.parquet -> /tmp/minio_downloads/customers_190132095530.parquet
[2026-07-04T14:32:33.042+0000] {logging_mixin.py:188} INFO - Downloaded customers/date=2026-06-17/customers_190132190842.parquet -> /tmp/minio_downloads/customers_190132190842.parquet
[2026-07-04T14:32:33.069+0000] {logging_mixin.py:188} INFO - Downloaded customers/date=2026-06-17/customers_190132257908.parquet -> /tmp/minio_downloads/customers_190132257908.parquet
[2026-07-04T14:32:33.102+0000] {logging_mixin.py:188} INFO - Downloaded customers/date=2026-06-17/customers_190132336735.parquet -> /tmp/minio_downloads/customers_190132336735.parquet
[2026-07-04T14:32:33.135+0000] {logging_mixin.py:188} INFO - Downloaded customers/date=2026-06-17/customers_190132397476.parquet -> /tmp/minio_downloads/customers_190132397476.parquet
[2026-07-04T14:32:33.168+0000] {logging_mixin.py:188} INFO - Downloaded customers/date=2026-06-17/customers_190132457332.parquet -> /tmp/minio_downloads/customers_190132457332.parquet
[2026-07-04T14:32:33.200+0000] {logging_mixin.py:188} INFO - Downloaded customers/date=2026-06-17/customers_190132511945.parquet -> /tmp/minio_downloads/customers_190132511945.parquet
[2026-07-04T14:32:33.227+0000] {logging_mixin.py:188} INFO - Downloaded customers/date=2026-06-17/customers_190132569070.parquet -> /tmp/minio_downloads/customers_190132569070.parquet
[2026-07-04T14:32:33.252+0000] {logging_mixin.py:188} INFO - Downloaded customers/date=2026-06-17/customers_190132629049.parquet -> /tmp/minio_downloads/customers_190132629049.parquet
[2026-07-04T14:32:33.278+0000] {logging_mixin.py:188} INFO - Downloaded customers/date=2026-06-17/customers_190132688276.parquet -> /tmp/minio_downloads/customers_190132688276.parquet
[2026-07-04T14:32:33.301+0000] {logging_mixin.py:188} INFO - Downloaded customers/date=2026-06-17/customers_190132778792.parquet -> /tmp/minio_downloads/customers_190132778792.parquet
[2026-07-04T14:32:33.325+0000] {logging_mixin.py:188} INFO - Downloaded customers/date=2026-06-17/customers_190132897929.parquet -> /tmp/minio_downloads/customers_190132897929.parquet
[2026-07-04T14:32:33.350+0000] {logging_mixin.py:188} INFO - Downloaded customers/date=2026-06-17/customers_190132989487.parquet -> /tmp/minio_downloads/customers_190132989487.parquet
[2026-07-04T14:32:33.375+0000] {logging_mixin.py:188} INFO - Downloaded customers/date=2026-06-17/customers_190133056824.parquet -> /tmp/minio_downloads/customers_190133056824.parquet
[2026-07-04T14:32:33.398+0000] {logging_mixin.py:188} INFO - Downloaded customers/date=2026-06-17/customers_190133121817.parquet -> /tmp/minio_downloads/customers_190133121817.parquet
[2026-07-04T14:32:33.424+0000] {logging_mixin.py:188} INFO - Downloaded customers/date=2026-06-17/customers_190133207008.parquet -> /tmp/minio_downloads/customers_190133207008.parquet
[2026-07-04T14:32:33.449+0000] {logging_mixin.py:188} INFO - Downloaded customers/date=2026-06-17/customers_190133294815.parquet -> /tmp/minio_downloads/customers_190133294815.parquet
[2026-07-04T14:32:33.473+0000] {logging_mixin.py:188} INFO - Downloaded customers/date=2026-06-17/customers_190133373555.parquet -> /tmp/minio_downloads/customers_190133373555.parquet
[2026-07-04T14:32:33.498+0000] {logging_mixin.py:188} INFO - Downloaded customers/date=2026-06-17/customers_190133435257.parquet -> /tmp/minio_downloads/customers_190133435257.parquet
[2026-07-04T14:32:33.522+0000] {logging_mixin.py:188} INFO - Downloaded customers/date=2026-06-17/customers_190133483896.parquet -> /tmp/minio_downloads/customers_190133483896.parquet
[2026-07-04T14:32:33.548+0000] {logging_mixin.py:188} INFO - Downloaded customers/date=2026-06-17/customers_190133536221.parquet -> /tmp/minio_downloads/customers_190133536221.parquet
[2026-07-04T14:32:33.574+0000] {logging_mixin.py:188} INFO - Downloaded customers/date=2026-06-17/customers_190133607984.parquet -> /tmp/minio_downloads/customers_190133607984.parquet
[2026-07-04T14:32:33.602+0000] {logging_mixin.py:188} INFO - Downloaded customers/date=2026-06-17/customers_190133687814.parquet -> /tmp/minio_downloads/customers_190133687814.parquet
[2026-07-04T14:32:33.629+0000] {logging_mixin.py:188} INFO - Downloaded customers/date=2026-06-17/customers_190133755829.parquet -> /tmp/minio_downloads/customers_190133755829.parquet
[2026-07-04T14:32:33.659+0000] {logging_mixin.py:188} INFO - Downloaded customers/date=2026-06-17/customers_190133820634.parquet -> /tmp/minio_downloads/customers_190133820634.parquet
[2026-07-04T14:32:33.689+0000] {logging_mixin.py:188} INFO - Downloaded customers/date=2026-06-17/customers_190133887302.parquet -> /tmp/minio_downloads/customers_190133887302.parquet
[2026-07-04T14:32:33.719+0000] {logging_mixin.py:188} INFO - Downloaded customers/date=2026-06-17/customers_190133997058.parquet -> /tmp/minio_downloads/customers_190133997058.parquet
[2026-07-04T14:32:33.747+0000] {logging_mixin.py:188} INFO - Downloaded customers/date=2026-06-17/customers_190134107120.parquet -> /tmp/minio_downloads/customers_190134107120.parquet
[2026-07-04T14:32:33.776+0000] {logging_mixin.py:188} INFO - Downloaded customers/date=2026-06-17/customers_190134177669.parquet -> /tmp/minio_downloads/customers_190134177669.parquet
[2026-07-04T14:32:33.803+0000] {logging_mixin.py:188} INFO - Downloaded customers/date=2026-06-17/customers_190134250035.parquet -> /tmp/minio_downloads/customers_190134250035.parquet
[2026-07-04T14:32:33.828+0000] {logging_mixin.py:188} INFO - Downloaded customers/date=2026-06-17/customers_190134360713.parquet -> /tmp/minio_downloads/customers_190134360713.parquet
[2026-07-04T14:32:33.854+0000] {logging_mixin.py:188} INFO - Downloaded customers/date=2026-06-17/customers_190134433874.parquet -> /tmp/minio_downloads/customers_190134433874.parquet
[2026-07-04T14:32:33.880+0000] {logging_mixin.py:188} INFO - Downloaded customers/date=2026-06-17/customers_190134494634.parquet -> /tmp/minio_downloads/customers_190134494634.parquet
[2026-07-04T14:32:33.905+0000] {logging_mixin.py:188} INFO - Downloaded customers/date=2026-06-17/customers_190134552884.parquet -> /tmp/minio_downloads/customers_190134552884.parquet
[2026-07-04T14:32:33.929+0000] {logging_mixin.py:188} INFO - Downloaded customers/date=2026-06-17/customers_190134677072.parquet -> /tmp/minio_downloads/customers_190134677072.parquet
[2026-07-04T14:32:33.957+0000] {logging_mixin.py:188} INFO - Downloaded customers/date=2026-06-17/customers_190134754871.parquet -> /tmp/minio_downloads/customers_190134754871.parquet
[2026-07-04T14:32:33.982+0000] {logging_mixin.py:188} INFO - Downloaded customers/date=2026-06-17/customers_190134813898.parquet -> /tmp/minio_downloads/customers_190134813898.parquet
[2026-07-04T14:32:34.007+0000] {logging_mixin.py:188} INFO - Downloaded customers/date=2026-06-17/customers_190134868592.parquet -> /tmp/minio_downloads/customers_190134868592.parquet
[2026-07-04T14:32:34.031+0000] {logging_mixin.py:188} INFO - Downloaded customers/date=2026-06-17/customers_190134926130.parquet -> /tmp/minio_downloads/customers_190134926130.parquet
[2026-07-04T14:32:34.055+0000] {logging_mixin.py:188} INFO - Downloaded customers/date=2026-06-17/customers_190134999617.parquet -> /tmp/minio_downloads/customers_190134999617.parquet
[2026-07-04T14:32:34.080+0000] {logging_mixin.py:188} INFO - Downloaded customers/date=2026-06-17/customers_190135107340.parquet -> /tmp/minio_downloads/customers_190135107340.parquet
[2026-07-04T14:32:34.106+0000] {logging_mixin.py:188} INFO - Downloaded customers/date=2026-06-17/customers_190135172475.parquet -> /tmp/minio_downloads/customers_190135172475.parquet
[2026-07-04T14:32:34.131+0000] {logging_mixin.py:188} INFO - Downloaded customers/date=2026-06-17/customers_190135244286.parquet -> /tmp/minio_downloads/customers_190135244286.parquet
[2026-07-04T14:32:34.157+0000] {logging_mixin.py:188} INFO - Downloaded customers/date=2026-06-17/customers_190135325711.parquet -> /tmp/minio_downloads/customers_190135325711.parquet
[2026-07-04T14:32:34.187+0000] {logging_mixin.py:188} INFO - Downloaded customers/date=2026-06-17/customers_190135429417.parquet -> /tmp/minio_downloads/customers_190135429417.parquet
[2026-07-04T14:32:34.215+0000] {logging_mixin.py:188} INFO - Downloaded customers/date=2026-06-17/customers_190135510140.parquet -> /tmp/minio_downloads/customers_190135510140.parquet
[2026-07-04T14:32:34.244+0000] {logging_mixin.py:188} INFO - Downloaded customers/date=2026-06-17/customers_190135568172.parquet -> /tmp/minio_downloads/customers_190135568172.parquet
[2026-07-04T14:32:34.271+0000] {logging_mixin.py:188} INFO - Downloaded customers/date=2026-06-17/customers_190135623504.parquet -> /tmp/minio_downloads/customers_190135623504.parquet
[2026-07-04T14:32:34.297+0000] {logging_mixin.py:188} INFO - Downloaded customers/date=2026-06-17/customers_190135674345.parquet -> /tmp/minio_downloads/customers_190135674345.parquet
[2026-07-04T14:32:34.321+0000] {logging_mixin.py:188} INFO - Downloaded customers/date=2026-06-17/customers_190135739430.parquet -> /tmp/minio_downloads/customers_190135739430.parquet
[2026-07-04T14:32:34.347+0000] {logging_mixin.py:188} INFO - Downloaded customers/date=2026-06-17/customers_190135807360.parquet -> /tmp/minio_downloads/customers_190135807360.parquet
[2026-07-04T14:32:34.372+0000] {logging_mixin.py:188} INFO - Downloaded customers/date=2026-06-17/customers_190135888235.parquet -> /tmp/minio_downloads/customers_190135888235.parquet
[2026-07-04T14:32:34.398+0000] {logging_mixin.py:188} INFO - Downloaded customers/date=2026-06-17/customers_190135947589.parquet -> /tmp/minio_downloads/customers_190135947589.parquet
[2026-07-04T14:32:34.424+0000] {logging_mixin.py:188} INFO - Downloaded customers/date=2026-06-17/customers_190135998103.parquet -> /tmp/minio_downloads/customers_190135998103.parquet
[2026-07-04T14:32:34.448+0000] {logging_mixin.py:188} INFO - Downloaded customers/date=2026-06-17/customers_190136061849.parquet -> /tmp/minio_downloads/customers_190136061849.parquet
[2026-07-04T14:32:34.472+0000] {logging_mixin.py:188} INFO - Downloaded customers/date=2026-06-17/customers_190136167996.parquet -> /tmp/minio_downloads/customers_190136167996.parquet
[2026-07-04T14:32:34.494+0000] {logging_mixin.py:188} INFO - Downloaded customers/date=2026-06-17/customers_190136257354.parquet -> /tmp/minio_downloads/customers_190136257354.parquet
[2026-07-04T14:32:34.517+0000] {logging_mixin.py:188} INFO - Downloaded customers/date=2026-06-17/customers_190136337224.parquet -> /tmp/minio_downloads/customers_190136337224.parquet
[2026-07-04T14:32:34.540+0000] {logging_mixin.py:188} INFO - Downloaded customers/date=2026-06-17/customers_190136431571.parquet -> /tmp/minio_downloads/customers_190136431571.parquet
[2026-07-04T14:32:34.564+0000] {logging_mixin.py:188} INFO - Downloaded customers/date=2026-06-17/customers_190136503854.parquet -> /tmp/minio_downloads/customers_190136503854.parquet
[2026-07-04T14:32:34.589+0000] {logging_mixin.py:188} INFO - Downloaded customers/date=2026-06-17/customers_190136560538.parquet -> /tmp/minio_downloads/customers_190136560538.parquet
[2026-07-04T14:32:34.614+0000] {logging_mixin.py:188} INFO - Downloaded customers/date=2026-06-17/customers_190136621534.parquet -> /tmp/minio_downloads/customers_190136621534.parquet
[2026-07-04T14:32:34.637+0000] {logging_mixin.py:188} INFO - Downloaded customers/date=2026-06-17/customers_190136680399.parquet -> /tmp/minio_downloads/customers_190136680399.parquet
[2026-07-04T14:32:34.660+0000] {logging_mixin.py:188} INFO - Downloaded customers/date=2026-06-17/customers_190136741933.parquet -> /tmp/minio_downloads/customers_190136741933.parquet
[2026-07-04T14:32:34.684+0000] {logging_mixin.py:188} INFO - Downloaded customers/date=2026-06-17/customers_190136820157.parquet -> /tmp/minio_downloads/customers_190136820157.parquet
[2026-07-04T14:32:34.709+0000] {logging_mixin.py:188} INFO - Downloaded customers/date=2026-06-17/customers_190136887851.parquet -> /tmp/minio_downloads/customers_190136887851.parquet
[2026-07-04T14:32:34.733+0000] {logging_mixin.py:188} INFO - Downloaded customers/date=2026-06-17/customers_190136946066.parquet -> /tmp/minio_downloads/customers_190136946066.parquet
[2026-07-04T14:32:34.756+0000] {logging_mixin.py:188} INFO - Downloaded customers/date=2026-06-17/customers_190137004434.parquet -> /tmp/minio_downloads/customers_190137004434.parquet
[2026-07-04T14:32:34.780+0000] {logging_mixin.py:188} INFO - Downloaded customers/date=2026-06-17/customers_190137101677.parquet -> /tmp/minio_downloads/customers_190137101677.parquet
[2026-07-04T14:32:34.804+0000] {logging_mixin.py:188} INFO - Downloaded customers/date=2026-06-17/customers_190137255608.parquet -> /tmp/minio_downloads/customers_190137255608.parquet
[2026-07-04T14:32:34.830+0000] {logging_mixin.py:188} INFO - Downloaded customers/date=2026-06-17/customers_190137346229.parquet -> /tmp/minio_downloads/customers_190137346229.parquet
[2026-07-04T14:32:34.853+0000] {logging_mixin.py:188} INFO - Downloaded customers/date=2026-06-17/customers_190137423200.parquet -> /tmp/minio_downloads/customers_190137423200.parquet
[2026-07-04T14:32:34.878+0000] {logging_mixin.py:188} INFO - Downloaded customers/date=2026-06-17/customers_190137525213.parquet -> /tmp/minio_downloads/customers_190137525213.parquet
[2026-07-04T14:32:34.904+0000] {logging_mixin.py:188} INFO - Downloaded customers/date=2026-06-17/customers_190137610662.parquet -> /tmp/minio_downloads/customers_190137610662.parquet
[2026-07-04T14:32:34.929+0000] {logging_mixin.py:188} INFO - Downloaded customers/date=2026-06-17/customers_190137678559.parquet -> /tmp/minio_downloads/customers_190137678559.parquet
[2026-07-04T14:32:34.955+0000] {logging_mixin.py:188} INFO - Downloaded customers/date=2026-06-17/customers_190137736461.parquet -> /tmp/minio_downloads/customers_190137736461.parquet
[2026-07-04T14:32:34.979+0000] {logging_mixin.py:188} INFO - Downloaded customers/date=2026-06-17/customers_190137787947.parquet -> /tmp/minio_downloads/customers_190137787947.parquet
[2026-07-04T14:32:35.003+0000] {logging_mixin.py:188} INFO - Downloaded customers/date=2026-06-17/customers_190137839219.parquet -> /tmp/minio_downloads/customers_190137839219.parquet
[2026-07-04T14:32:35.028+0000] {logging_mixin.py:188} INFO - Downloaded customers/date=2026-06-17/customers_190137888382.parquet -> /tmp/minio_downloads/customers_190137888382.parquet
[2026-07-04T14:32:35.053+0000] {logging_mixin.py:188} INFO - Downloaded customers/date=2026-06-17/customers_190137935832.parquet -> /tmp/minio_downloads/customers_190137935832.parquet
[2026-07-04T14:32:35.076+0000] {logging_mixin.py:188} INFO - Downloaded customers/date=2026-06-17/customers_190137986486.parquet -> /tmp/minio_downloads/customers_190137986486.parquet
[2026-07-04T14:32:35.100+0000] {logging_mixin.py:188} INFO - Downloaded customers/date=2026-06-17/customers_190138038505.parquet -> /tmp/minio_downloads/customers_190138038505.parquet
[2026-07-04T14:32:35.126+0000] {logging_mixin.py:188} INFO - Downloaded customers/date=2026-06-17/customers_190138107616.parquet -> /tmp/minio_downloads/customers_190138107616.parquet
[2026-07-04T14:32:35.151+0000] {logging_mixin.py:188} INFO - Downloaded customers/date=2026-06-17/customers_190138169555.parquet -> /tmp/minio_downloads/customers_190138169555.parquet
[2026-07-04T14:32:35.174+0000] {logging_mixin.py:188} INFO - Downloaded customers/date=2026-06-17/customers_190138226465.parquet -> /tmp/minio_downloads/customers_190138226465.parquet
[2026-07-04T14:32:35.195+0000] {logging_mixin.py:188} INFO - Downloaded customers/date=2026-06-17/customers_190138304921.parquet -> /tmp/minio_downloads/customers_190138304921.parquet
[2026-07-04T14:32:35.219+0000] {logging_mixin.py:188} INFO - Downloaded customers/date=2026-06-17/customers_190138364174.parquet -> /tmp/minio_downloads/customers_190138364174.parquet
[2026-07-04T14:32:35.243+0000] {logging_mixin.py:188} INFO - Downloaded customers/date=2026-06-17/customers_190138432863.parquet -> /tmp/minio_downloads/customers_190138432863.parquet
[2026-07-04T14:32:35.267+0000] {logging_mixin.py:188} INFO - Downloaded customers/date=2026-06-17/customers_190138495682.parquet -> /tmp/minio_downloads/customers_190138495682.parquet
[2026-07-04T14:32:35.290+0000] {logging_mixin.py:188} INFO - Downloaded customers/date=2026-06-17/customers_190138578969.parquet -> /tmp/minio_downloads/customers_190138578969.parquet
[2026-07-04T14:32:35.312+0000] {logging_mixin.py:188} INFO - Downloaded customers/date=2026-06-17/customers_190138651839.parquet -> /tmp/minio_downloads/customers_190138651839.parquet
[2026-07-04T14:32:35.335+0000] {logging_mixin.py:188} INFO - Downloaded customers/date=2026-06-17/customers_190138721874.parquet -> /tmp/minio_downloads/customers_190138721874.parquet
[2026-07-04T14:32:35.358+0000] {logging_mixin.py:188} INFO - Downloaded customers/date=2026-06-17/customers_190138789535.parquet -> /tmp/minio_downloads/customers_190138789535.parquet
[2026-07-04T14:32:35.381+0000] {logging_mixin.py:188} INFO - Downloaded customers/date=2026-06-17/customers_190138845434.parquet -> /tmp/minio_downloads/customers_190138845434.parquet
[2026-07-04T14:32:35.404+0000] {logging_mixin.py:188} INFO - Downloaded customers/date=2026-06-17/customers_190138905662.parquet -> /tmp/minio_downloads/customers_190138905662.parquet
[2026-07-04T14:32:35.427+0000] {logging_mixin.py:188} INFO - Downloaded customers/date=2026-06-17/customers_190138968687.parquet -> /tmp/minio_downloads/customers_190138968687.parquet
[2026-07-04T14:32:35.449+0000] {logging_mixin.py:188} INFO - Downloaded customers/date=2026-06-17/customers_190139031810.parquet -> /tmp/minio_downloads/customers_190139031810.parquet
[2026-07-04T14:32:35.472+0000] {logging_mixin.py:188} INFO - Downloaded customers/date=2026-06-17/customers_190139087380.parquet -> /tmp/minio_downloads/customers_190139087380.parquet
[2026-07-04T14:32:35.495+0000] {logging_mixin.py:188} INFO - Downloaded customers/date=2026-06-17/customers_190139142629.parquet -> /tmp/minio_downloads/customers_190139142629.parquet
[2026-07-04T14:32:35.519+0000] {logging_mixin.py:188} INFO - Downloaded customers/date=2026-06-17/customers_190139224460.parquet -> /tmp/minio_downloads/customers_190139224460.parquet
[2026-07-04T14:32:35.542+0000] {logging_mixin.py:188} INFO - Downloaded customers/date=2026-06-17/customers_190139336847.parquet -> /tmp/minio_downloads/customers_190139336847.parquet
[2026-07-04T14:32:35.566+0000] {logging_mixin.py:188} INFO - Downloaded customers/date=2026-06-17/customers_190139446805.parquet -> /tmp/minio_downloads/customers_190139446805.parquet
[2026-07-04T14:32:35.589+0000] {logging_mixin.py:188} INFO - Downloaded customers/date=2026-06-17/customers_190139537292.parquet -> /tmp/minio_downloads/customers_190139537292.parquet
[2026-07-04T14:32:35.615+0000] {logging_mixin.py:188} INFO - Downloaded customers/date=2026-06-17/customers_190139614237.parquet -> /tmp/minio_downloads/customers_190139614237.parquet
[2026-07-04T14:32:35.641+0000] {logging_mixin.py:188} INFO - Downloaded customers/date=2026-06-17/customers_190139685084.parquet -> /tmp/minio_downloads/customers_190139685084.parquet
[2026-07-04T14:32:35.667+0000] {logging_mixin.py:188} INFO - Downloaded customers/date=2026-06-17/customers_190139752979.parquet -> /tmp/minio_downloads/customers_190139752979.parquet
[2026-07-04T14:32:35.693+0000] {logging_mixin.py:188} INFO - Downloaded customers/date=2026-06-17/customers_190139809536.parquet -> /tmp/minio_downloads/customers_190139809536.parquet
[2026-07-04T14:32:35.715+0000] {logging_mixin.py:188} INFO - Downloaded customers/date=2026-06-17/customers_190139865207.parquet -> /tmp/minio_downloads/customers_190139865207.parquet
[2026-07-04T14:32:35.739+0000] {logging_mixin.py:188} INFO - Downloaded customers/date=2026-06-17/customers_190139920838.parquet -> /tmp/minio_downloads/customers_190139920838.parquet
[2026-07-04T14:32:35.764+0000] {logging_mixin.py:188} INFO - Downloaded customers/date=2026-06-17/customers_190140018171.parquet -> /tmp/minio_downloads/customers_190140018171.parquet
[2026-07-04T14:32:35.788+0000] {logging_mixin.py:188} INFO - Downloaded customers/date=2026-06-17/customers_190140106906.parquet -> /tmp/minio_downloads/customers_190140106906.parquet
[2026-07-04T14:32:35.813+0000] {logging_mixin.py:188} INFO - Downloaded customers/date=2026-06-17/customers_190140180645.parquet -> /tmp/minio_downloads/customers_190140180645.parquet
[2026-07-04T14:32:35.839+0000] {logging_mixin.py:188} INFO - Downloaded customers/date=2026-06-17/customers_190140245926.parquet -> /tmp/minio_downloads/customers_190140245926.parquet
[2026-07-04T14:32:35.866+0000] {logging_mixin.py:188} INFO - Downloaded customers/date=2026-06-17/customers_190140303625.parquet -> /tmp/minio_downloads/customers_190140303625.parquet
[2026-07-04T14:32:35.891+0000] {logging_mixin.py:188} INFO - Downloaded customers/date=2026-06-17/customers_190140373289.parquet -> /tmp/minio_downloads/customers_190140373289.parquet
[2026-07-04T14:32:35.916+0000] {logging_mixin.py:188} INFO - Downloaded customers/date=2026-06-17/customers_190140482555.parquet -> /tmp/minio_downloads/customers_190140482555.parquet
[2026-07-04T14:32:35.940+0000] {logging_mixin.py:188} INFO - Downloaded customers/date=2026-06-17/customers_190140574962.parquet -> /tmp/minio_downloads/customers_190140574962.parquet
[2026-07-04T14:32:35.964+0000] {logging_mixin.py:188} INFO - Downloaded customers/date=2026-06-17/customers_190140645381.parquet -> /tmp/minio_downloads/customers_190140645381.parquet
[2026-07-04T14:32:35.988+0000] {logging_mixin.py:188} INFO - Downloaded customers/date=2026-06-17/customers_190140714886.parquet -> /tmp/minio_downloads/customers_190140714886.parquet
[2026-07-04T14:32:36.013+0000] {logging_mixin.py:188} INFO - Downloaded customers/date=2026-06-17/customers_190140792916.parquet -> /tmp/minio_downloads/customers_190140792916.parquet
[2026-07-04T14:32:36.040+0000] {logging_mixin.py:188} INFO - Downloaded customers/date=2026-06-17/customers_190140855292.parquet -> /tmp/minio_downloads/customers_190140855292.parquet
[2026-07-04T14:32:36.064+0000] {logging_mixin.py:188} INFO - Downloaded customers/date=2026-06-17/customers_190140915544.parquet -> /tmp/minio_downloads/customers_190140915544.parquet
[2026-07-04T14:32:36.086+0000] {logging_mixin.py:188} INFO - Downloaded customers/date=2026-06-17/customers_190140970565.parquet -> /tmp/minio_downloads/customers_190140970565.parquet
[2026-07-04T14:32:36.111+0000] {logging_mixin.py:188} INFO - Downloaded customers/date=2026-06-17/customers_190141025800.parquet -> /tmp/minio_downloads/customers_190141025800.parquet
[2026-07-04T14:32:36.136+0000] {logging_mixin.py:188} INFO - Downloaded customers/date=2026-06-17/customers_190141085798.parquet -> /tmp/minio_downloads/customers_190141085798.parquet
[2026-07-04T14:32:36.160+0000] {logging_mixin.py:188} INFO - Downloaded customers/date=2026-06-17/customers_190141143360.parquet -> /tmp/minio_downloads/customers_190141143360.parquet
[2026-07-04T14:32:36.185+0000] {logging_mixin.py:188} INFO - Downloaded customers/date=2026-06-17/customers_190141207606.parquet -> /tmp/minio_downloads/customers_190141207606.parquet
[2026-07-04T14:32:36.217+0000] {logging_mixin.py:188} INFO - Downloaded customers/date=2026-06-17/customers_190141272924.parquet -> /tmp/minio_downloads/customers_190141272924.parquet
[2026-07-04T14:32:36.248+0000] {logging_mixin.py:188} INFO - Downloaded customers/date=2026-06-17/customers_190141331653.parquet -> /tmp/minio_downloads/customers_190141331653.parquet
[2026-07-04T14:32:36.274+0000] {logging_mixin.py:188} INFO - Downloaded customers/date=2026-06-17/customers_190141384064.parquet -> /tmp/minio_downloads/customers_190141384064.parquet
[2026-07-04T14:32:36.307+0000] {logging_mixin.py:188} INFO - Downloaded customers/date=2026-06-17/customers_190141452758.parquet -> /tmp/minio_downloads/customers_190141452758.parquet
[2026-07-04T14:32:36.331+0000] {logging_mixin.py:188} INFO - Downloaded customers/date=2026-06-17/customers_190141523955.parquet -> /tmp/minio_downloads/customers_190141523955.parquet
[2026-07-04T14:32:36.356+0000] {logging_mixin.py:188} INFO - Downloaded customers/date=2026-06-17/customers_190141601091.parquet -> /tmp/minio_downloads/customers_190141601091.parquet
[2026-07-04T14:32:36.383+0000] {logging_mixin.py:188} INFO - Downloaded customers/date=2026-06-17/customers_190141666860.parquet -> /tmp/minio_downloads/customers_190141666860.parquet
[2026-07-04T14:32:36.410+0000] {logging_mixin.py:188} INFO - Downloaded customers/date=2026-06-17/customers_190141734317.parquet -> /tmp/minio_downloads/customers_190141734317.parquet
[2026-07-04T14:32:36.438+0000] {logging_mixin.py:188} INFO - Downloaded customers/date=2026-06-17/customers_190141797223.parquet -> /tmp/minio_downloads/customers_190141797223.parquet
[2026-07-04T14:32:36.464+0000] {logging_mixin.py:188} INFO - Downloaded customers/date=2026-06-17/customers_190141855437.parquet -> /tmp/minio_downloads/customers_190141855437.parquet
[2026-07-04T14:32:36.491+0000] {logging_mixin.py:188} INFO - Downloaded customers/date=2026-06-17/customers_190141909809.parquet -> /tmp/minio_downloads/customers_190141909809.parquet
[2026-07-04T14:32:36.518+0000] {logging_mixin.py:188} INFO - Downloaded customers/date=2026-06-17/customers_190141963132.parquet -> /tmp/minio_downloads/customers_190141963132.parquet
[2026-07-04T14:32:36.544+0000] {logging_mixin.py:188} INFO - Downloaded customers/date=2026-06-17/customers_190142031820.parquet -> /tmp/minio_downloads/customers_190142031820.parquet
[2026-07-04T14:32:36.568+0000] {logging_mixin.py:188} INFO - Downloaded customers/date=2026-06-17/customers_190142133562.parquet -> /tmp/minio_downloads/customers_190142133562.parquet
[2026-07-04T14:32:36.593+0000] {logging_mixin.py:188} INFO - Downloaded customers/date=2026-06-17/customers_190142200156.parquet -> /tmp/minio_downloads/customers_190142200156.parquet
[2026-07-04T14:32:36.618+0000] {logging_mixin.py:188} INFO - Downloaded customers/date=2026-06-17/customers_190142276412.parquet -> /tmp/minio_downloads/customers_190142276412.parquet
[2026-07-04T14:32:36.646+0000] {logging_mixin.py:188} INFO - Downloaded customers/date=2026-06-17/customers_190142357783.parquet -> /tmp/minio_downloads/customers_190142357783.parquet
[2026-07-04T14:32:36.672+0000] {logging_mixin.py:188} INFO - Downloaded customers/date=2026-06-17/customers_190142437611.parquet -> /tmp/minio_downloads/customers_190142437611.parquet
[2026-07-04T14:32:36.697+0000] {logging_mixin.py:188} INFO - Downloaded customers/date=2026-06-17/customers_190142517058.parquet -> /tmp/minio_downloads/customers_190142517058.parquet
[2026-07-04T14:32:36.722+0000] {logging_mixin.py:188} INFO - Downloaded customers/date=2026-06-17/customers_190142591045.parquet -> /tmp/minio_downloads/customers_190142591045.parquet
[2026-07-04T14:32:36.746+0000] {logging_mixin.py:188} INFO - Downloaded customers/date=2026-06-17/customers_190142671609.parquet -> /tmp/minio_downloads/customers_190142671609.parquet
[2026-07-04T14:32:36.771+0000] {logging_mixin.py:188} INFO - Downloaded customers/date=2026-06-17/customers_190142733046.parquet -> /tmp/minio_downloads/customers_190142733046.parquet
[2026-07-04T14:32:36.797+0000] {logging_mixin.py:188} INFO - Downloaded customers/date=2026-06-17/customers_190142868857.parquet -> /tmp/minio_downloads/customers_190142868857.parquet
[2026-07-04T14:32:36.821+0000] {logging_mixin.py:188} INFO - Downloaded customers/date=2026-06-17/customers_190143012723.parquet -> /tmp/minio_downloads/customers_190143012723.parquet
[2026-07-04T14:32:36.846+0000] {logging_mixin.py:188} INFO - Downloaded customers/date=2026-06-17/customers_190143114526.parquet -> /tmp/minio_downloads/customers_190143114526.parquet
[2026-07-04T14:32:36.872+0000] {logging_mixin.py:188} INFO - Downloaded customers/date=2026-06-17/customers_190143210657.parquet -> /tmp/minio_downloads/customers_190143210657.parquet
[2026-07-04T14:32:36.895+0000] {logging_mixin.py:188} INFO - Downloaded customers/date=2026-06-17/customers_190143266079.parquet -> /tmp/minio_downloads/customers_190143266079.parquet
[2026-07-04T14:32:36.918+0000] {logging_mixin.py:188} INFO - Downloaded customers/date=2026-06-17/customers_190143342983.parquet -> /tmp/minio_downloads/customers_190143342983.parquet
[2026-07-04T14:32:36.942+0000] {logging_mixin.py:188} INFO - Downloaded customers/date=2026-06-17/customers_190143422918.parquet -> /tmp/minio_downloads/customers_190143422918.parquet
[2026-07-04T14:32:36.965+0000] {logging_mixin.py:188} INFO - Downloaded customers/date=2026-06-17/customers_190143486297.parquet -> /tmp/minio_downloads/customers_190143486297.parquet
[2026-07-04T14:32:36.989+0000] {logging_mixin.py:188} INFO - Downloaded customers/date=2026-06-17/customers_190143554839.parquet -> /tmp/minio_downloads/customers_190143554839.parquet
[2026-07-04T14:32:37.013+0000] {logging_mixin.py:188} INFO - Downloaded customers/date=2026-06-17/customers_190143631809.parquet -> /tmp/minio_downloads/customers_190143631809.parquet
[2026-07-04T14:32:37.038+0000] {logging_mixin.py:188} INFO - Downloaded customers/date=2026-06-17/customers_190143720153.parquet -> /tmp/minio_downloads/customers_190143720153.parquet
[2026-07-04T14:32:37.063+0000] {logging_mixin.py:188} INFO - Downloaded customers/date=2026-06-17/customers_190143814757.parquet -> /tmp/minio_downloads/customers_190143814757.parquet
[2026-07-04T14:32:37.086+0000] {logging_mixin.py:188} INFO - Downloaded customers/date=2026-06-17/customers_190143914687.parquet -> /tmp/minio_downloads/customers_190143914687.parquet
[2026-07-04T14:32:37.108+0000] {logging_mixin.py:188} INFO - Downloaded customers/date=2026-06-17/customers_190144016870.parquet -> /tmp/minio_downloads/customers_190144016870.parquet
[2026-07-04T14:32:37.134+0000] {logging_mixin.py:188} INFO - Downloaded customers/date=2026-06-17/customers_190144097760.parquet -> /tmp/minio_downloads/customers_190144097760.parquet
[2026-07-04T14:32:37.158+0000] {logging_mixin.py:188} INFO - Downloaded customers/date=2026-06-17/customers_190144165362.parquet -> /tmp/minio_downloads/customers_190144165362.parquet
[2026-07-04T14:32:37.182+0000] {logging_mixin.py:188} INFO - Downloaded customers/date=2026-06-17/customers_190144219895.parquet -> /tmp/minio_downloads/customers_190144219895.parquet
[2026-07-04T14:32:37.204+0000] {logging_mixin.py:188} INFO - Downloaded customers/date=2026-06-17/customers_190144276140.parquet -> /tmp/minio_downloads/customers_190144276140.parquet
[2026-07-04T14:32:37.226+0000] {logging_mixin.py:188} INFO - Downloaded customers/date=2026-06-17/customers_190144335636.parquet -> /tmp/minio_downloads/customers_190144335636.parquet
[2026-07-04T14:32:37.252+0000] {logging_mixin.py:188} INFO - Downloaded customers/date=2026-06-17/customers_190144391424.parquet -> /tmp/minio_downloads/customers_190144391424.parquet
[2026-07-04T14:32:37.276+0000] {logging_mixin.py:188} INFO - Downloaded customers/date=2026-06-17/customers_190144468677.parquet -> /tmp/minio_downloads/customers_190144468677.parquet
[2026-07-04T14:32:37.302+0000] {logging_mixin.py:188} INFO - Downloaded customers/date=2026-06-17/customers_190144557018.parquet -> /tmp/minio_downloads/customers_190144557018.parquet
[2026-07-04T14:32:37.332+0000] {logging_mixin.py:188} INFO - Downloaded customers/date=2026-06-17/customers_190144678194.parquet -> /tmp/minio_downloads/customers_190144678194.parquet
[2026-07-04T14:32:37.358+0000] {logging_mixin.py:188} INFO - Downloaded customers/date=2026-06-17/customers_190144790046.parquet -> /tmp/minio_downloads/customers_190144790046.parquet
[2026-07-04T14:32:37.385+0000] {logging_mixin.py:188} INFO - Downloaded customers/date=2026-06-17/customers_190144876994.parquet -> /tmp/minio_downloads/customers_190144876994.parquet
[2026-07-04T14:32:37.411+0000] {logging_mixin.py:188} INFO - Downloaded customers/date=2026-06-17/customers_190144948552.parquet -> /tmp/minio_downloads/customers_190144948552.parquet
[2026-07-04T14:32:37.444+0000] {logging_mixin.py:188} INFO - Downloaded customers/date=2026-06-17/customers_190145016670.parquet -> /tmp/minio_downloads/customers_190145016670.parquet
[2026-07-04T14:32:37.472+0000] {logging_mixin.py:188} INFO - Downloaded customers/date=2026-06-17/customers_190145082851.parquet -> /tmp/minio_downloads/customers_190145082851.parquet
[2026-07-04T14:32:37.495+0000] {logging_mixin.py:188} INFO - Downloaded customers/date=2026-06-17/customers_190145145106.parquet -> /tmp/minio_downloads/customers_190145145106.parquet
[2026-07-04T14:32:37.519+0000] {logging_mixin.py:188} INFO - Downloaded customers/date=2026-06-17/customers_190145209849.parquet -> /tmp/minio_downloads/customers_190145209849.parquet
[2026-07-04T14:32:37.544+0000] {logging_mixin.py:188} INFO - Downloaded customers/date=2026-06-17/customers_190145274355.parquet -> /tmp/minio_downloads/customers_190145274355.parquet
[2026-07-04T14:32:37.569+0000] {logging_mixin.py:188} INFO - Downloaded customers/date=2026-06-17/customers_190145335174.parquet -> /tmp/minio_downloads/customers_190145335174.parquet
[2026-07-04T14:32:37.597+0000] {logging_mixin.py:188} INFO - Downloaded customers/date=2026-06-17/customers_190145391987.parquet -> /tmp/minio_downloads/customers_190145391987.parquet
[2026-07-04T14:32:37.623+0000] {logging_mixin.py:188} INFO - Downloaded customers/date=2026-06-17/customers_190145449141.parquet -> /tmp/minio_downloads/customers_190145449141.parquet
[2026-07-04T14:32:37.649+0000] {logging_mixin.py:188} INFO - Downloaded customers/date=2026-06-17/customers_190145517234.parquet -> /tmp/minio_downloads/customers_190145517234.parquet
[2026-07-04T14:32:37.677+0000] {logging_mixin.py:188} INFO - Downloaded customers/date=2026-06-17/customers_190145574072.parquet -> /tmp/minio_downloads/customers_190145574072.parquet
[2026-07-04T14:32:37.702+0000] {logging_mixin.py:188} INFO - Downloaded customers/date=2026-06-17/customers_190145633431.parquet -> /tmp/minio_downloads/customers_190145633431.parquet
[2026-07-04T14:32:37.726+0000] {logging_mixin.py:188} INFO - Downloaded customers/date=2026-06-17/customers_190534056791.parquet -> /tmp/minio_downloads/customers_190534056791.parquet
[2026-07-04T14:32:37.751+0000] {logging_mixin.py:188} INFO - Downloaded customers/date=2026-06-17/customers_190534138913.parquet -> /tmp/minio_downloads/customers_190534138913.parquet
[2026-07-04T14:32:37.775+0000] {logging_mixin.py:188} INFO - Downloaded customers/date=2026-06-17/customers_190534229894.parquet -> /tmp/minio_downloads/customers_190534229894.parquet
[2026-07-04T14:32:37.800+0000] {logging_mixin.py:188} INFO - Downloaded customers/date=2026-06-17/customers_190534306790.parquet -> /tmp/minio_downloads/customers_190534306790.parquet
[2026-07-04T14:32:37.825+0000] {logging_mixin.py:188} INFO - Downloaded customers/date=2026-06-17/customers_190534388373.parquet -> /tmp/minio_downloads/customers_190534388373.parquet
[2026-07-04T14:32:37.849+0000] {logging_mixin.py:188} INFO - Downloaded customers/date=2026-06-17/customers_190534488935.parquet -> /tmp/minio_downloads/customers_190534488935.parquet
[2026-07-04T14:32:37.875+0000] {logging_mixin.py:188} INFO - Downloaded customers/date=2026-06-17/customers_190534569834.parquet -> /tmp/minio_downloads/customers_190534569834.parquet
[2026-07-04T14:32:37.897+0000] {logging_mixin.py:188} INFO - Downloaded customers/date=2026-06-17/customers_190534670967.parquet -> /tmp/minio_downloads/customers_190534670967.parquet
[2026-07-04T14:32:37.921+0000] {logging_mixin.py:188} INFO - Downloaded customers/date=2026-06-17/customers_190534749320.parquet -> /tmp/minio_downloads/customers_190534749320.parquet
[2026-07-04T14:32:37.946+0000] {logging_mixin.py:188} INFO - Downloaded customers/date=2026-06-17/customers_190534820934.parquet -> /tmp/minio_downloads/customers_190534820934.parquet
[2026-07-04T14:32:37.973+0000] {logging_mixin.py:188} INFO - Downloaded customers/date=2026-06-17/customers_190534904719.parquet -> /tmp/minio_downloads/customers_190534904719.parquet
[2026-07-04T14:32:38.002+0000] {logging_mixin.py:188} INFO - Downloaded customers/date=2026-06-17/customers_190534971629.parquet -> /tmp/minio_downloads/customers_190534971629.parquet
[2026-07-04T14:32:38.035+0000] {logging_mixin.py:188} INFO - Downloaded customers/date=2026-06-17/customers_190535042505.parquet -> /tmp/minio_downloads/customers_190535042505.parquet
[2026-07-04T14:32:38.067+0000] {logging_mixin.py:188} INFO - Downloaded customers/date=2026-06-17/customers_190535119196.parquet -> /tmp/minio_downloads/customers_190535119196.parquet
[2026-07-04T14:32:38.094+0000] {logging_mixin.py:188} INFO - Downloaded customers/date=2026-06-17/customers_190535229129.parquet -> /tmp/minio_downloads/customers_190535229129.parquet
[2026-07-04T14:32:38.120+0000] {logging_mixin.py:188} INFO - Downloaded customers/date=2026-06-17/customers_190535309317.parquet -> /tmp/minio_downloads/customers_190535309317.parquet
[2026-07-04T14:32:38.146+0000] {logging_mixin.py:188} INFO - Downloaded customers/date=2026-06-17/customers_190535384613.parquet -> /tmp/minio_downloads/customers_190535384613.parquet
[2026-07-04T14:32:38.170+0000] {logging_mixin.py:188} INFO - Downloaded customers/date=2026-06-17/customers_190535464854.parquet -> /tmp/minio_downloads/customers_190535464854.parquet
[2026-07-04T14:32:38.194+0000] {logging_mixin.py:188} INFO - Downloaded customers/date=2026-06-17/customers_190535532848.parquet -> /tmp/minio_downloads/customers_190535532848.parquet
[2026-07-04T14:32:38.219+0000] {logging_mixin.py:188} INFO - Downloaded customers/date=2026-06-17/customers_190535602948.parquet -> /tmp/minio_downloads/customers_190535602948.parquet
[2026-07-04T14:32:38.250+0000] {logging_mixin.py:188} INFO - Downloaded customers/date=2026-06-17/customers_190535690478.parquet -> /tmp/minio_downloads/customers_190535690478.parquet
[2026-07-04T14:32:38.277+0000] {logging_mixin.py:188} INFO - Downloaded customers/date=2026-06-17/customers_190535780849.parquet -> /tmp/minio_downloads/customers_190535780849.parquet
[2026-07-04T14:32:38.304+0000] {logging_mixin.py:188} INFO - Downloaded customers/date=2026-06-17/customers_190535851658.parquet -> /tmp/minio_downloads/customers_190535851658.parquet
[2026-07-04T14:32:38.331+0000] {logging_mixin.py:188} INFO - Downloaded customers/date=2026-06-17/customers_190535925295.parquet -> /tmp/minio_downloads/customers_190535925295.parquet
[2026-07-04T14:32:38.357+0000] {logging_mixin.py:188} INFO - Downloaded customers/date=2026-06-17/customers_190535997859.parquet -> /tmp/minio_downloads/customers_190535997859.parquet
[2026-07-04T14:32:38.383+0000] {logging_mixin.py:188} INFO - Downloaded customers/date=2026-06-17/customers_190536086075.parquet -> /tmp/minio_downloads/customers_190536086075.parquet
[2026-07-04T14:32:38.410+0000] {logging_mixin.py:188} INFO - Downloaded customers/date=2026-06-17/customers_190536180505.parquet -> /tmp/minio_downloads/customers_190536180505.parquet
[2026-07-04T14:32:38.438+0000] {logging_mixin.py:188} INFO - Downloaded customers/date=2026-06-17/customers_190536278448.parquet -> /tmp/minio_downloads/customers_190536278448.parquet
[2026-07-04T14:32:38.466+0000] {logging_mixin.py:188} INFO - Downloaded customers/date=2026-06-17/customers_190536373125.parquet -> /tmp/minio_downloads/customers_190536373125.parquet
[2026-07-04T14:32:38.494+0000] {logging_mixin.py:188} INFO - Downloaded customers/date=2026-06-17/customers_190536467464.parquet -> /tmp/minio_downloads/customers_190536467464.parquet
[2026-07-04T14:32:38.521+0000] {logging_mixin.py:188} INFO - Downloaded customers/date=2026-06-17/customers_190536549057.parquet -> /tmp/minio_downloads/customers_190536549057.parquet
[2026-07-04T14:32:38.548+0000] {logging_mixin.py:188} INFO - Downloaded customers/date=2026-06-17/customers_190536620054.parquet -> /tmp/minio_downloads/customers_190536620054.parquet
[2026-07-04T14:32:38.575+0000] {logging_mixin.py:188} INFO - Downloaded customers/date=2026-06-17/customers_190536699784.parquet -> /tmp/minio_downloads/customers_190536699784.parquet
[2026-07-04T14:32:38.602+0000] {logging_mixin.py:188} INFO - Downloaded customers/date=2026-06-17/customers_190536806645.parquet -> /tmp/minio_downloads/customers_190536806645.parquet
[2026-07-04T14:32:38.628+0000] {logging_mixin.py:188} INFO - Downloaded customers/date=2026-06-17/customers_190536898613.parquet -> /tmp/minio_downloads/customers_190536898613.parquet
[2026-07-04T14:32:38.655+0000] {logging_mixin.py:188} INFO - Downloaded customers/date=2026-06-17/customers_190536988001.parquet -> /tmp/minio_downloads/customers_190536988001.parquet
[2026-07-04T14:32:38.682+0000] {logging_mixin.py:188} INFO - Downloaded customers/date=2026-06-17/customers_190537077442.parquet -> /tmp/minio_downloads/customers_190537077442.parquet
[2026-07-04T14:32:38.707+0000] {logging_mixin.py:188} INFO - Downloaded customers/date=2026-06-17/customers_190537171845.parquet -> /tmp/minio_downloads/customers_190537171845.parquet
[2026-07-04T14:32:38.732+0000] {logging_mixin.py:188} INFO - Downloaded customers/date=2026-06-17/customers_190537264699.parquet -> /tmp/minio_downloads/customers_190537264699.parquet
[2026-07-04T14:32:38.757+0000] {logging_mixin.py:188} INFO - Downloaded customers/date=2026-06-17/customers_190537351041.parquet -> /tmp/minio_downloads/customers_190537351041.parquet
[2026-07-04T14:32:38.783+0000] {logging_mixin.py:188} INFO - Downloaded customers/date=2026-06-17/customers_190537453087.parquet -> /tmp/minio_downloads/customers_190537453087.parquet
[2026-07-04T14:32:38.808+0000] {logging_mixin.py:188} INFO - Downloaded customers/date=2026-06-17/customers_190537539317.parquet -> /tmp/minio_downloads/customers_190537539317.parquet
[2026-07-04T14:32:38.832+0000] {logging_mixin.py:188} INFO - Downloaded customers/date=2026-06-17/customers_190537628958.parquet -> /tmp/minio_downloads/customers_190537628958.parquet
[2026-07-04T14:32:38.858+0000] {logging_mixin.py:188} INFO - Downloaded customers/date=2026-06-17/customers_190537698926.parquet -> /tmp/minio_downloads/customers_190537698926.parquet
[2026-07-04T14:32:38.882+0000] {logging_mixin.py:188} INFO - Downloaded customers/date=2026-06-17/customers_190537782859.parquet -> /tmp/minio_downloads/customers_190537782859.parquet
[2026-07-04T14:32:38.907+0000] {logging_mixin.py:188} INFO - Downloaded customers/date=2026-06-17/customers_190537864698.parquet -> /tmp/minio_downloads/customers_190537864698.parquet
[2026-07-04T14:32:38.930+0000] {logging_mixin.py:188} INFO - Downloaded customers/date=2026-06-17/customers_190537966412.parquet -> /tmp/minio_downloads/customers_190537966412.parquet
[2026-07-04T14:32:38.954+0000] {logging_mixin.py:188} INFO - Downloaded customers/date=2026-06-17/customers_190538051554.parquet -> /tmp/minio_downloads/customers_190538051554.parquet
[2026-07-04T14:32:38.979+0000] {logging_mixin.py:188} INFO - Downloaded customers/date=2026-06-17/customers_190538139232.parquet -> /tmp/minio_downloads/customers_190538139232.parquet
[2026-07-04T14:32:39.006+0000] {logging_mixin.py:188} INFO - Downloaded customers/date=2026-06-17/customers_190538238838.parquet -> /tmp/minio_downloads/customers_190538238838.parquet
[2026-07-04T14:32:39.029+0000] {logging_mixin.py:188} INFO - Downloaded customers/date=2026-06-17/customers_190538319208.parquet -> /tmp/minio_downloads/customers_190538319208.parquet
[2026-07-04T14:32:39.054+0000] {logging_mixin.py:188} INFO - Downloaded customers/date=2026-06-17/customers_190538401542.parquet -> /tmp/minio_downloads/customers_190538401542.parquet
[2026-07-04T14:32:39.081+0000] {logging_mixin.py:188} INFO - Downloaded customers/date=2026-06-17/customers_190538520453.parquet -> /tmp/minio_downloads/customers_190538520453.parquet
[2026-07-04T14:32:39.107+0000] {logging_mixin.py:188} INFO - Downloaded customers/date=2026-06-17/customers_190538622560.parquet -> /tmp/minio_downloads/customers_190538622560.parquet
[2026-07-04T14:32:39.147+0000] {logging_mixin.py:188} INFO - Downloaded customers/date=2026-06-17/customers_190538754722.parquet -> /tmp/minio_downloads/customers_190538754722.parquet
[2026-07-04T14:32:39.176+0000] {logging_mixin.py:188} INFO - Downloaded customers/date=2026-06-17/customers_190538851756.parquet -> /tmp/minio_downloads/customers_190538851756.parquet
[2026-07-04T14:32:39.202+0000] {logging_mixin.py:188} INFO - Downloaded customers/date=2026-06-17/customers_190538932465.parquet -> /tmp/minio_downloads/customers_190538932465.parquet
[2026-07-04T14:32:39.226+0000] {logging_mixin.py:188} INFO - Downloaded customers/date=2026-06-17/customers_190539034113.parquet -> /tmp/minio_downloads/customers_190539034113.parquet
[2026-07-04T14:32:39.253+0000] {logging_mixin.py:188} INFO - Downloaded customers/date=2026-06-17/customers_190539123794.parquet -> /tmp/minio_downloads/customers_190539123794.parquet
[2026-07-04T14:32:39.280+0000] {logging_mixin.py:188} INFO - Downloaded customers/date=2026-06-17/customers_190539218906.parquet -> /tmp/minio_downloads/customers_190539218906.parquet
[2026-07-04T14:32:39.310+0000] {logging_mixin.py:188} INFO - Downloaded customers/date=2026-06-17/customers_190539305398.parquet -> /tmp/minio_downloads/customers_190539305398.parquet
[2026-07-04T14:32:39.353+0000] {logging_mixin.py:188} INFO - Downloaded customers/date=2026-06-17/customers_190539398328.parquet -> /tmp/minio_downloads/customers_190539398328.parquet
[2026-07-04T14:32:39.388+0000] {logging_mixin.py:188} INFO - Downloaded customers/date=2026-06-17/customers_190539485603.parquet -> /tmp/minio_downloads/customers_190539485603.parquet
[2026-07-04T14:32:39.415+0000] {logging_mixin.py:188} INFO - Downloaded customers/date=2026-06-17/customers_190539545725.parquet -> /tmp/minio_downloads/customers_190539545725.parquet
[2026-07-04T14:32:39.443+0000] {logging_mixin.py:188} INFO - Downloaded customers/date=2026-06-17/customers_190539631258.parquet -> /tmp/minio_downloads/customers_190539631258.parquet
[2026-07-04T14:32:39.469+0000] {logging_mixin.py:188} INFO - Downloaded customers/date=2026-06-17/customers_190539702957.parquet -> /tmp/minio_downloads/customers_190539702957.parquet
[2026-07-04T14:32:39.494+0000] {logging_mixin.py:188} INFO - Downloaded customers/date=2026-06-17/customers_190539810453.parquet -> /tmp/minio_downloads/customers_190539810453.parquet
[2026-07-04T14:32:39.519+0000] {logging_mixin.py:188} INFO - Downloaded customers/date=2026-06-17/customers_190539891072.parquet -> /tmp/minio_downloads/customers_190539891072.parquet
[2026-07-04T14:32:39.545+0000] {logging_mixin.py:188} INFO - Downloaded customers/date=2026-06-17/customers_190539966747.parquet -> /tmp/minio_downloads/customers_190539966747.parquet
[2026-07-04T14:32:39.570+0000] {logging_mixin.py:188} INFO - Downloaded customers/date=2026-06-17/customers_190540032826.parquet -> /tmp/minio_downloads/customers_190540032826.parquet
[2026-07-04T14:32:39.595+0000] {logging_mixin.py:188} INFO - Downloaded customers/date=2026-06-17/customers_190540094324.parquet -> /tmp/minio_downloads/customers_190540094324.parquet
[2026-07-04T14:32:39.620+0000] {logging_mixin.py:188} INFO - Downloaded customers/date=2026-06-17/customers_190540145473.parquet -> /tmp/minio_downloads/customers_190540145473.parquet
[2026-07-04T14:32:39.645+0000] {logging_mixin.py:188} INFO - Downloaded customers/date=2026-06-17/customers_190540218333.parquet -> /tmp/minio_downloads/customers_190540218333.parquet
[2026-07-04T14:32:39.671+0000] {logging_mixin.py:188} INFO - Downloaded customers/date=2026-06-17/customers_190540297881.parquet -> /tmp/minio_downloads/customers_190540297881.parquet
[2026-07-04T14:32:39.697+0000] {logging_mixin.py:188} INFO - Downloaded customers/date=2026-06-17/customers_190540431964.parquet -> /tmp/minio_downloads/customers_190540431964.parquet
[2026-07-04T14:32:39.725+0000] {logging_mixin.py:188} INFO - Downloaded customers/date=2026-06-17/customers_190540532109.parquet -> /tmp/minio_downloads/customers_190540532109.parquet
[2026-07-04T14:32:39.752+0000] {logging_mixin.py:188} INFO - Downloaded customers/date=2026-06-17/customers_190540632663.parquet -> /tmp/minio_downloads/customers_190540632663.parquet
[2026-07-04T14:32:39.780+0000] {logging_mixin.py:188} INFO - Downloaded customers/date=2026-06-17/customers_190540698435.parquet -> /tmp/minio_downloads/customers_190540698435.parquet
[2026-07-04T14:32:39.809+0000] {logging_mixin.py:188} INFO - Downloaded customers/date=2026-06-17/customers_190540788621.parquet -> /tmp/minio_downloads/customers_190540788621.parquet
[2026-07-04T14:32:39.838+0000] {logging_mixin.py:188} INFO - Downloaded customers/date=2026-06-17/customers_190540897663.parquet -> /tmp/minio_downloads/customers_190540897663.parquet
[2026-07-04T14:32:39.869+0000] {logging_mixin.py:188} INFO - Downloaded customers/date=2026-06-17/customers_190540987831.parquet -> /tmp/minio_downloads/customers_190540987831.parquet
[2026-07-04T14:32:39.893+0000] {logging_mixin.py:188} INFO - Downloaded customers/date=2026-06-17/customers_190541083808.parquet -> /tmp/minio_downloads/customers_190541083808.parquet
[2026-07-04T14:32:39.918+0000] {logging_mixin.py:188} INFO - Downloaded customers/date=2026-06-17/customers_190541180385.parquet -> /tmp/minio_downloads/customers_190541180385.parquet
[2026-07-04T14:32:39.944+0000] {logging_mixin.py:188} INFO - Downloaded customers/date=2026-06-17/customers_190541250391.parquet -> /tmp/minio_downloads/customers_190541250391.parquet
[2026-07-04T14:32:39.971+0000] {logging_mixin.py:188} INFO - Downloaded customers/date=2026-06-17/customers_190541326247.parquet -> /tmp/minio_downloads/customers_190541326247.parquet
[2026-07-04T14:32:39.996+0000] {logging_mixin.py:188} INFO - Downloaded customers/date=2026-06-17/customers_190541417928.parquet -> /tmp/minio_downloads/customers_190541417928.parquet
[2026-07-04T14:32:40.024+0000] {logging_mixin.py:188} INFO - Downloaded customers/date=2026-06-17/customers_190541508020.parquet -> /tmp/minio_downloads/customers_190541508020.parquet
[2026-07-04T14:32:40.050+0000] {logging_mixin.py:188} INFO - Downloaded customers/date=2026-06-17/customers_190541605258.parquet -> /tmp/minio_downloads/customers_190541605258.parquet
[2026-07-04T14:32:40.077+0000] {logging_mixin.py:188} INFO - Downloaded customers/date=2026-06-17/customers_190541704160.parquet -> /tmp/minio_downloads/customers_190541704160.parquet
[2026-07-04T14:32:40.105+0000] {logging_mixin.py:188} INFO - Downloaded customers/date=2026-06-17/customers_190541809177.parquet -> /tmp/minio_downloads/customers_190541809177.parquet
[2026-07-04T14:32:40.134+0000] {logging_mixin.py:188} INFO - Downloaded customers/date=2026-06-17/customers_190541890253.parquet -> /tmp/minio_downloads/customers_190541890253.parquet
[2026-07-04T14:32:40.164+0000] {logging_mixin.py:188} INFO - Downloaded customers/date=2026-06-17/customers_190541975527.parquet -> /tmp/minio_downloads/customers_190541975527.parquet
[2026-07-04T14:32:40.200+0000] {logging_mixin.py:188} INFO - Downloaded customers/date=2026-06-17/customers_190542069653.parquet -> /tmp/minio_downloads/customers_190542069653.parquet
[2026-07-04T14:32:40.232+0000] {logging_mixin.py:188} INFO - Downloaded customers/date=2026-06-17/customers_190542158324.parquet -> /tmp/minio_downloads/customers_190542158324.parquet
[2026-07-04T14:32:40.263+0000] {logging_mixin.py:188} INFO - Downloaded customers/date=2026-06-17/customers_190542256906.parquet -> /tmp/minio_downloads/customers_190542256906.parquet
[2026-07-04T14:32:40.290+0000] {logging_mixin.py:188} INFO - Downloaded customers/date=2026-06-17/customers_190542327925.parquet -> /tmp/minio_downloads/customers_190542327925.parquet
[2026-07-04T14:32:40.318+0000] {logging_mixin.py:188} INFO - Downloaded customers/date=2026-06-17/customers_190542420735.parquet -> /tmp/minio_downloads/customers_190542420735.parquet
[2026-07-04T14:32:40.346+0000] {logging_mixin.py:188} INFO - Downloaded customers/date=2026-06-17/customers_190542520754.parquet -> /tmp/minio_downloads/customers_190542520754.parquet
[2026-07-04T14:32:40.374+0000] {logging_mixin.py:188} INFO - Downloaded customers/date=2026-06-17/customers_190542616822.parquet -> /tmp/minio_downloads/customers_190542616822.parquet
[2026-07-04T14:32:40.403+0000] {logging_mixin.py:188} INFO - Downloaded customers/date=2026-06-17/customers_190542700221.parquet -> /tmp/minio_downloads/customers_190542700221.parquet
[2026-07-04T14:32:40.435+0000] {logging_mixin.py:188} INFO - Downloaded customers/date=2026-06-17/customers_190542791697.parquet -> /tmp/minio_downloads/customers_190542791697.parquet
[2026-07-04T14:32:40.467+0000] {logging_mixin.py:188} INFO - Downloaded customers/date=2026-06-17/customers_190542885597.parquet -> /tmp/minio_downloads/customers_190542885597.parquet
[2026-07-04T14:32:40.498+0000] {logging_mixin.py:188} INFO - Downloaded customers/date=2026-06-17/customers_190542986434.parquet -> /tmp/minio_downloads/customers_190542986434.parquet
[2026-07-04T14:32:40.528+0000] {logging_mixin.py:188} INFO - Downloaded customers/date=2026-06-17/customers_190543076927.parquet -> /tmp/minio_downloads/customers_190543076927.parquet
[2026-07-04T14:32:40.561+0000] {logging_mixin.py:188} INFO - Downloaded customers/date=2026-06-17/customers_190543158006.parquet -> /tmp/minio_downloads/customers_190543158006.parquet
[2026-07-04T14:32:40.592+0000] {logging_mixin.py:188} INFO - Downloaded customers/date=2026-06-17/customers_190543253590.parquet -> /tmp/minio_downloads/customers_190543253590.parquet
[2026-07-04T14:32:40.622+0000] {logging_mixin.py:188} INFO - Downloaded customers/date=2026-06-17/customers_190543347569.parquet -> /tmp/minio_downloads/customers_190543347569.parquet
[2026-07-04T14:32:40.653+0000] {logging_mixin.py:188} INFO - Downloaded customers/date=2026-06-17/customers_190543450649.parquet -> /tmp/minio_downloads/customers_190543450649.parquet
[2026-07-04T14:32:40.683+0000] {logging_mixin.py:188} INFO - Downloaded customers/date=2026-06-17/customers_190543527911.parquet -> /tmp/minio_downloads/customers_190543527911.parquet
[2026-07-04T14:32:40.711+0000] {logging_mixin.py:188} INFO - Downloaded customers/date=2026-06-17/customers_190543616646.parquet -> /tmp/minio_downloads/customers_190543616646.parquet
[2026-07-04T14:32:40.740+0000] {logging_mixin.py:188} INFO - Downloaded customers/date=2026-06-17/customers_190543675363.parquet -> /tmp/minio_downloads/customers_190543675363.parquet
[2026-07-04T14:32:40.770+0000] {logging_mixin.py:188} INFO - Downloaded customers/date=2026-06-17/customers_190543752703.parquet -> /tmp/minio_downloads/customers_190543752703.parquet
[2026-07-04T14:32:40.801+0000] {logging_mixin.py:188} INFO - Downloaded customers/date=2026-06-17/customers_190543830423.parquet -> /tmp/minio_downloads/customers_190543830423.parquet
[2026-07-04T14:32:40.829+0000] {logging_mixin.py:188} INFO - Downloaded customers/date=2026-06-17/customers_190543903971.parquet -> /tmp/minio_downloads/customers_190543903971.parquet
[2026-07-04T14:32:40.858+0000] {logging_mixin.py:188} INFO - Downloaded customers/date=2026-06-17/customers_190544000846.parquet -> /tmp/minio_downloads/customers_190544000846.parquet
[2026-07-04T14:32:40.887+0000] {logging_mixin.py:188} INFO - Downloaded customers/date=2026-06-17/customers_190544281094.parquet -> /tmp/minio_downloads/customers_190544281094.parquet
[2026-07-04T14:32:40.916+0000] {logging_mixin.py:188} INFO - Downloaded customers/date=2026-06-17/customers_190544373713.parquet -> /tmp/minio_downloads/customers_190544373713.parquet
[2026-07-04T14:32:40.944+0000] {logging_mixin.py:188} INFO - Downloaded customers/date=2026-06-17/customers_190544483521.parquet -> /tmp/minio_downloads/customers_190544483521.parquet
[2026-07-04T14:32:40.972+0000] {logging_mixin.py:188} INFO - Downloaded customers/date=2026-06-17/customers_190544579549.parquet -> /tmp/minio_downloads/customers_190544579549.parquet
[2026-07-04T14:32:40.998+0000] {logging_mixin.py:188} INFO - Downloaded customers/date=2026-06-17/customers_190544676498.parquet -> /tmp/minio_downloads/customers_190544676498.parquet
[2026-07-04T14:32:41.026+0000] {logging_mixin.py:188} INFO - Downloaded customers/date=2026-06-17/customers_190544796803.parquet -> /tmp/minio_downloads/customers_190544796803.parquet
[2026-07-04T14:32:41.054+0000] {logging_mixin.py:188} INFO - Downloaded customers/date=2026-06-17/customers_190544882394.parquet -> /tmp/minio_downloads/customers_190544882394.parquet
[2026-07-04T14:32:41.082+0000] {logging_mixin.py:188} INFO - Downloaded customers/date=2026-06-17/customers_190544979467.parquet -> /tmp/minio_downloads/customers_190544979467.parquet
[2026-07-04T14:32:41.111+0000] {logging_mixin.py:188} INFO - Downloaded customers/date=2026-06-17/customers_190545064056.parquet -> /tmp/minio_downloads/customers_190545064056.parquet
[2026-07-04T14:32:41.139+0000] {logging_mixin.py:188} INFO - Downloaded customers/date=2026-06-17/customers_190545142528.parquet -> /tmp/minio_downloads/customers_190545142528.parquet
[2026-07-04T14:32:41.166+0000] {logging_mixin.py:188} INFO - Downloaded customers/date=2026-06-17/customers_190545231464.parquet -> /tmp/minio_downloads/customers_190545231464.parquet
[2026-07-04T14:32:41.196+0000] {logging_mixin.py:188} INFO - Downloaded customers/date=2026-06-17/customers_190545320319.parquet -> /tmp/minio_downloads/customers_190545320319.parquet
[2026-07-04T14:32:41.225+0000] {logging_mixin.py:188} INFO - Downloaded customers/date=2026-06-17/customers_190545414688.parquet -> /tmp/minio_downloads/customers_190545414688.parquet
[2026-07-04T14:32:41.252+0000] {logging_mixin.py:188} INFO - Downloaded customers/date=2026-06-17/customers_190545504552.parquet -> /tmp/minio_downloads/customers_190545504552.parquet
[2026-07-04T14:32:41.279+0000] {logging_mixin.py:188} INFO - Downloaded customers/date=2026-06-17/customers_190545592817.parquet -> /tmp/minio_downloads/customers_190545592817.parquet
[2026-07-04T14:32:41.311+0000] {logging_mixin.py:188} INFO - Downloaded customers/date=2026-06-17/customers_190545677112.parquet -> /tmp/minio_downloads/customers_190545677112.parquet
[2026-07-04T14:32:41.342+0000] {logging_mixin.py:188} INFO - Downloaded customers/date=2026-06-17/customers_190545762209.parquet -> /tmp/minio_downloads/customers_190545762209.parquet
[2026-07-04T14:32:41.375+0000] {logging_mixin.py:188} INFO - Downloaded customers/date=2026-06-17/customers_190545857188.parquet -> /tmp/minio_downloads/customers_190545857188.parquet
[2026-07-04T14:32:41.408+0000] {logging_mixin.py:188} INFO - Downloaded customers/date=2026-06-17/customers_190545941631.parquet -> /tmp/minio_downloads/customers_190545941631.parquet
[2026-07-04T14:32:41.440+0000] {logging_mixin.py:188} INFO - Downloaded customers/date=2026-06-17/customers_190546066925.parquet -> /tmp/minio_downloads/customers_190546066925.parquet
[2026-07-04T14:32:41.471+0000] {logging_mixin.py:188} INFO - Downloaded customers/date=2026-06-17/customers_190546200445.parquet -> /tmp/minio_downloads/customers_190546200445.parquet
[2026-07-04T14:32:41.500+0000] {logging_mixin.py:188} INFO - Downloaded customers/date=2026-06-17/customers_190546401040.parquet -> /tmp/minio_downloads/customers_190546401040.parquet
[2026-07-04T14:32:41.528+0000] {logging_mixin.py:188} INFO - Downloaded customers/date=2026-06-17/customers_190546534721.parquet -> /tmp/minio_downloads/customers_190546534721.parquet
[2026-07-04T14:32:41.557+0000] {logging_mixin.py:188} INFO - Downloaded customers/date=2026-06-17/customers_190546650046.parquet -> /tmp/minio_downloads/customers_190546650046.parquet
[2026-07-04T14:32:41.585+0000] {logging_mixin.py:188} INFO - Downloaded customers/date=2026-06-17/customers_190546730740.parquet -> /tmp/minio_downloads/customers_190546730740.parquet
[2026-07-04T14:32:41.615+0000] {logging_mixin.py:188} INFO - Downloaded customers/date=2026-06-17/customers_190546821615.parquet -> /tmp/minio_downloads/customers_190546821615.parquet
[2026-07-04T14:32:41.644+0000] {logging_mixin.py:188} INFO - Downloaded customers/date=2026-06-17/customers_190546967196.parquet -> /tmp/minio_downloads/customers_190546967196.parquet
[2026-07-04T14:32:41.675+0000] {logging_mixin.py:188} INFO - Downloaded customers/date=2026-06-17/customers_190547069169.parquet -> /tmp/minio_downloads/customers_190547069169.parquet
[2026-07-04T14:32:41.703+0000] {logging_mixin.py:188} INFO - Downloaded customers/date=2026-06-17/customers_190547180349.parquet -> /tmp/minio_downloads/customers_190547180349.parquet
[2026-07-04T14:32:41.732+0000] {logging_mixin.py:188} INFO - Downloaded customers/date=2026-06-17/customers_190547298924.parquet -> /tmp/minio_downloads/customers_190547298924.parquet
[2026-07-04T14:32:41.762+0000] {logging_mixin.py:188} INFO - Downloaded customers/date=2026-06-17/customers_190547397974.parquet -> /tmp/minio_downloads/customers_190547397974.parquet
[2026-07-04T14:32:41.792+0000] {logging_mixin.py:188} INFO - Downloaded customers/date=2026-06-17/customers_190547490619.parquet -> /tmp/minio_downloads/customers_190547490619.parquet
[2026-07-04T14:32:41.823+0000] {logging_mixin.py:188} INFO - Downloaded customers/date=2026-06-17/customers_190547572865.parquet -> /tmp/minio_downloads/customers_190547572865.parquet
[2026-07-04T14:32:41.852+0000] {logging_mixin.py:188} INFO - Downloaded customers/date=2026-06-17/customers_190547704148.parquet -> /tmp/minio_downloads/customers_190547704148.parquet
[2026-07-04T14:32:41.882+0000] {logging_mixin.py:188} INFO - Downloaded customers/date=2026-06-17/customers_190547807274.parquet -> /tmp/minio_downloads/customers_190547807274.parquet
[2026-07-04T14:32:41.911+0000] {logging_mixin.py:188} INFO - Downloaded customers/date=2026-06-17/customers_190547917145.parquet -> /tmp/minio_downloads/customers_190547917145.parquet
[2026-07-04T14:32:41.941+0000] {logging_mixin.py:188} INFO - Downloaded customers/date=2026-06-17/customers_190548029999.parquet -> /tmp/minio_downloads/customers_190548029999.parquet
[2026-07-04T14:32:41.968+0000] {logging_mixin.py:188} INFO - Downloaded customers/date=2026-06-17/customers_190548266308.parquet -> /tmp/minio_downloads/customers_190548266308.parquet
[2026-07-04T14:32:41.997+0000] {logging_mixin.py:188} INFO - Downloaded customers/date=2026-06-17/customers_190548394163.parquet -> /tmp/minio_downloads/customers_190548394163.parquet
[2026-07-04T14:32:42.025+0000] {logging_mixin.py:188} INFO - Downloaded customers/date=2026-06-17/customers_190548536088.parquet -> /tmp/minio_downloads/customers_190548536088.parquet
[2026-07-04T14:32:42.053+0000] {logging_mixin.py:188} INFO - Downloaded customers/date=2026-06-17/customers_190548676002.parquet -> /tmp/minio_downloads/customers_190548676002.parquet
[2026-07-04T14:32:42.084+0000] {logging_mixin.py:188} INFO - Downloaded customers/date=2026-06-17/customers_190548771118.parquet -> /tmp/minio_downloads/customers_190548771118.parquet
[2026-07-04T14:32:42.112+0000] {logging_mixin.py:188} INFO - Downloaded customers/date=2026-06-17/customers_190548892969.parquet -> /tmp/minio_downloads/customers_190548892969.parquet
[2026-07-04T14:32:42.144+0000] {logging_mixin.py:188} INFO - Downloaded customers/date=2026-06-17/customers_190549033306.parquet -> /tmp/minio_downloads/customers_190549033306.parquet
[2026-07-04T14:32:42.174+0000] {logging_mixin.py:188} INFO - Downloaded customers/date=2026-06-17/customers_190549230903.parquet -> /tmp/minio_downloads/customers_190549230903.parquet
[2026-07-04T14:32:42.207+0000] {logging_mixin.py:188} INFO - Downloaded customers/date=2026-06-17/customers_190549462742.parquet -> /tmp/minio_downloads/customers_190549462742.parquet
[2026-07-04T14:32:42.240+0000] {logging_mixin.py:188} INFO - Downloaded customers/date=2026-06-17/customers_190549619471.parquet -> /tmp/minio_downloads/customers_190549619471.parquet
[2026-07-04T14:32:42.271+0000] {logging_mixin.py:188} INFO - Downloaded customers/date=2026-06-17/customers_190549770486.parquet -> /tmp/minio_downloads/customers_190549770486.parquet
[2026-07-04T14:32:42.305+0000] {logging_mixin.py:188} INFO - Downloaded customers/date=2026-06-17/customers_190549876529.parquet -> /tmp/minio_downloads/customers_190549876529.parquet
[2026-07-04T14:32:42.349+0000] {logging_mixin.py:188} INFO - Downloaded customers/date=2026-06-17/customers_190549971353.parquet -> /tmp/minio_downloads/customers_190549971353.parquet
[2026-07-04T14:32:42.390+0000] {logging_mixin.py:188} INFO - Downloaded customers/date=2026-06-17/customers_190550068702.parquet -> /tmp/minio_downloads/customers_190550068702.parquet
[2026-07-04T14:32:42.433+0000] {logging_mixin.py:188} INFO - Downloaded customers/date=2026-06-17/customers_190550194333.parquet -> /tmp/minio_downloads/customers_190550194333.parquet
[2026-07-04T14:32:42.476+0000] {logging_mixin.py:188} INFO - Downloaded customers/date=2026-06-17/customers_190550294357.parquet -> /tmp/minio_downloads/customers_190550294357.parquet
[2026-07-04T14:32:42.513+0000] {logging_mixin.py:188} INFO - Downloaded customers/date=2026-06-17/customers_190550397429.parquet -> /tmp/minio_downloads/customers_190550397429.parquet
[2026-07-04T14:32:42.548+0000] {logging_mixin.py:188} INFO - Downloaded customers/date=2026-06-17/customers_190550501208.parquet -> /tmp/minio_downloads/customers_190550501208.parquet
[2026-07-04T14:32:42.580+0000] {logging_mixin.py:188} INFO - Downloaded customers/date=2026-06-17/customers_190550607851.parquet -> /tmp/minio_downloads/customers_190550607851.parquet
[2026-07-04T14:32:42.612+0000] {logging_mixin.py:188} INFO - Downloaded customers/date=2026-06-17/customers_190550700394.parquet -> /tmp/minio_downloads/customers_190550700394.parquet
[2026-07-04T14:32:42.643+0000] {logging_mixin.py:188} INFO - Downloaded customers/date=2026-06-17/customers_190550794280.parquet -> /tmp/minio_downloads/customers_190550794280.parquet
[2026-07-04T14:32:42.673+0000] {logging_mixin.py:188} INFO - Downloaded customers/date=2026-06-17/customers_190550891503.parquet -> /tmp/minio_downloads/customers_190550891503.parquet
[2026-07-04T14:32:42.704+0000] {logging_mixin.py:188} INFO - Downloaded customers/date=2026-06-17/customers_190550994311.parquet -> /tmp/minio_downloads/customers_190550994311.parquet
[2026-07-04T14:32:42.737+0000] {logging_mixin.py:188} INFO - Downloaded customers/date=2026-06-17/customers_190551088520.parquet -> /tmp/minio_downloads/customers_190551088520.parquet
[2026-07-04T14:32:42.771+0000] {logging_mixin.py:188} INFO - Downloaded customers/date=2026-06-17/customers_190551191279.parquet -> /tmp/minio_downloads/customers_190551191279.parquet
[2026-07-04T14:32:42.807+0000] {logging_mixin.py:188} INFO - Downloaded customers/date=2026-06-17/customers_190551320015.parquet -> /tmp/minio_downloads/customers_190551320015.parquet
[2026-07-04T14:32:42.843+0000] {logging_mixin.py:188} INFO - Downloaded customers/date=2026-06-17/customers_190551566283.parquet -> /tmp/minio_downloads/customers_190551566283.parquet
[2026-07-04T14:32:42.879+0000] {logging_mixin.py:188} INFO - Downloaded customers/date=2026-06-17/customers_190551703347.parquet -> /tmp/minio_downloads/customers_190551703347.parquet
[2026-07-04T14:32:42.911+0000] {logging_mixin.py:188} INFO - Downloaded customers/date=2026-06-17/customers_190551812591.parquet -> /tmp/minio_downloads/customers_190551812591.parquet
[2026-07-04T14:32:42.946+0000] {logging_mixin.py:188} INFO - Downloaded customers/date=2026-06-17/customers_190551904318.parquet -> /tmp/minio_downloads/customers_190551904318.parquet
[2026-07-04T14:32:42.979+0000] {logging_mixin.py:188} INFO - Downloaded customers/date=2026-06-17/customers_190552004461.parquet -> /tmp/minio_downloads/customers_190552004461.parquet
[2026-07-04T14:32:43.009+0000] {logging_mixin.py:188} INFO - Downloaded customers/date=2026-06-17/customers_190552097320.parquet -> /tmp/minio_downloads/customers_190552097320.parquet
[2026-07-04T14:32:43.041+0000] {logging_mixin.py:188} INFO - Downloaded customers/date=2026-06-17/customers_190552188541.parquet -> /tmp/minio_downloads/customers_190552188541.parquet
[2026-07-04T14:32:43.072+0000] {logging_mixin.py:188} INFO - Downloaded customers/date=2026-06-17/customers_190552271018.parquet -> /tmp/minio_downloads/customers_190552271018.parquet
[2026-07-04T14:32:43.106+0000] {logging_mixin.py:188} INFO - Downloaded customers/date=2026-06-17/customers_190552375917.parquet -> /tmp/minio_downloads/customers_190552375917.parquet
[2026-07-04T14:32:43.139+0000] {logging_mixin.py:188} INFO - Downloaded customers/date=2026-06-17/customers_190552470373.parquet -> /tmp/minio_downloads/customers_190552470373.parquet
[2026-07-04T14:32:43.167+0000] {logging_mixin.py:188} INFO - Downloaded customers/date=2026-06-17/customers_190552566985.parquet -> /tmp/minio_downloads/customers_190552566985.parquet
[2026-07-04T14:32:43.196+0000] {logging_mixin.py:188} INFO - Downloaded customers/date=2026-06-17/customers_190552655317.parquet -> /tmp/minio_downloads/customers_190552655317.parquet
[2026-07-04T14:32:43.229+0000] {logging_mixin.py:188} INFO - Downloaded customers/date=2026-06-17/customers_190552740056.parquet -> /tmp/minio_downloads/customers_190552740056.parquet
[2026-07-04T14:32:43.259+0000] {logging_mixin.py:188} INFO - Downloaded customers/date=2026-06-17/customers_190552818721.parquet -> /tmp/minio_downloads/customers_190552818721.parquet
[2026-07-04T14:32:43.289+0000] {logging_mixin.py:188} INFO - Downloaded customers/date=2026-06-17/customers_190552890918.parquet -> /tmp/minio_downloads/customers_190552890918.parquet
[2026-07-04T14:32:43.316+0000] {logging_mixin.py:188} INFO - Downloaded customers/date=2026-06-17/customers_190552982498.parquet -> /tmp/minio_downloads/customers_190552982498.parquet
[2026-07-04T14:32:43.346+0000] {logging_mixin.py:188} INFO - Downloaded customers/date=2026-06-17/customers_190553083327.parquet -> /tmp/minio_downloads/customers_190553083327.parquet
[2026-07-04T14:32:43.375+0000] {logging_mixin.py:188} INFO - Downloaded customers/date=2026-06-17/customers_190553154570.parquet -> /tmp/minio_downloads/customers_190553154570.parquet
[2026-07-04T14:32:43.403+0000] {logging_mixin.py:188} INFO - Downloaded customers/date=2026-06-17/customers_190553244293.parquet -> /tmp/minio_downloads/customers_190553244293.parquet
[2026-07-04T14:32:43.430+0000] {logging_mixin.py:188} INFO - Downloaded customers/date=2026-06-17/customers_190553323904.parquet -> /tmp/minio_downloads/customers_190553323904.parquet
[2026-07-04T14:32:43.458+0000] {logging_mixin.py:188} INFO - Downloaded customers/date=2026-06-17/customers_190553400034.parquet -> /tmp/minio_downloads/customers_190553400034.parquet
[2026-07-04T14:32:43.486+0000] {logging_mixin.py:188} INFO - Downloaded customers/date=2026-06-17/customers_190553482689.parquet -> /tmp/minio_downloads/customers_190553482689.parquet
[2026-07-04T14:32:43.514+0000] {logging_mixin.py:188} INFO - Downloaded customers/date=2026-06-17/customers_190553616146.parquet -> /tmp/minio_downloads/customers_190553616146.parquet
[2026-07-04T14:32:43.543+0000] {logging_mixin.py:188} INFO - Downloaded customers/date=2026-06-17/customers_190553728893.parquet -> /tmp/minio_downloads/customers_190553728893.parquet
[2026-07-04T14:32:43.570+0000] {logging_mixin.py:188} INFO - Downloaded customers/date=2026-06-17/customers_190553847463.parquet -> /tmp/minio_downloads/customers_190553847463.parquet
[2026-07-04T14:32:43.597+0000] {logging_mixin.py:188} INFO - Downloaded customers/date=2026-06-17/customers_190553943930.parquet -> /tmp/minio_downloads/customers_190553943930.parquet
[2026-07-04T14:32:43.623+0000] {logging_mixin.py:188} INFO - Downloaded customers/date=2026-06-17/customers_190554040796.parquet -> /tmp/minio_downloads/customers_190554040796.parquet
[2026-07-04T14:32:43.650+0000] {logging_mixin.py:188} INFO - Downloaded customers/date=2026-06-17/customers_190554124900.parquet -> /tmp/minio_downloads/customers_190554124900.parquet
[2026-07-04T14:32:43.675+0000] {logging_mixin.py:188} INFO - Downloaded customers/date=2026-06-17/customers_190554206575.parquet -> /tmp/minio_downloads/customers_190554206575.parquet
[2026-07-04T14:32:43.702+0000] {logging_mixin.py:188} INFO - Downloaded customers/date=2026-06-17/customers_190554290204.parquet -> /tmp/minio_downloads/customers_190554290204.parquet
[2026-07-04T14:32:43.728+0000] {logging_mixin.py:188} INFO - Downloaded customers/date=2026-06-17/customers_190554369148.parquet -> /tmp/minio_downloads/customers_190554369148.parquet
[2026-07-04T14:32:43.756+0000] {logging_mixin.py:188} INFO - Downloaded customers/date=2026-06-17/customers_190554445379.parquet -> /tmp/minio_downloads/customers_190554445379.parquet
[2026-07-04T14:32:43.785+0000] {logging_mixin.py:188} INFO - Downloaded customers/date=2026-06-17/customers_190554526571.parquet -> /tmp/minio_downloads/customers_190554526571.parquet
[2026-07-04T14:32:43.817+0000] {logging_mixin.py:188} INFO - Downloaded customers/date=2026-06-17/customers_190554602653.parquet -> /tmp/minio_downloads/customers_190554602653.parquet
[2026-07-04T14:32:43.847+0000] {logging_mixin.py:188} INFO - Downloaded customers/date=2026-06-17/customers_190554683879.parquet -> /tmp/minio_downloads/customers_190554683879.parquet
[2026-07-04T14:32:43.877+0000] {logging_mixin.py:188} INFO - Downloaded customers/date=2026-06-17/customers_190554773602.parquet -> /tmp/minio_downloads/customers_190554773602.parquet
[2026-07-04T14:32:43.905+0000] {logging_mixin.py:188} INFO - Downloaded customers/date=2026-06-17/customers_190554933217.parquet -> /tmp/minio_downloads/customers_190554933217.parquet
[2026-07-04T14:32:43.932+0000] {logging_mixin.py:188} INFO - Downloaded customers/date=2026-06-17/customers_190555005715.parquet -> /tmp/minio_downloads/customers_190555005715.parquet
[2026-07-04T14:32:43.957+0000] {logging_mixin.py:188} INFO - Downloaded customers/date=2026-06-17/customers_190555089851.parquet -> /tmp/minio_downloads/customers_190555089851.parquet
[2026-07-04T14:32:43.983+0000] {logging_mixin.py:188} INFO - Downloaded customers/date=2026-06-17/customers_190555161408.parquet -> /tmp/minio_downloads/customers_190555161408.parquet
[2026-07-04T14:32:44.008+0000] {logging_mixin.py:188} INFO - Downloaded customers/date=2026-06-17/customers_190555256911.parquet -> /tmp/minio_downloads/customers_190555256911.parquet
[2026-07-04T14:32:44.033+0000] {logging_mixin.py:188} INFO - Downloaded customers/date=2026-06-17/customers_190555353917.parquet -> /tmp/minio_downloads/customers_190555353917.parquet
[2026-07-04T14:32:44.059+0000] {logging_mixin.py:188} INFO - Downloaded customers/date=2026-06-17/customers_190555431817.parquet -> /tmp/minio_downloads/customers_190555431817.parquet
[2026-07-04T14:32:44.084+0000] {logging_mixin.py:188} INFO - Downloaded customers/date=2026-06-17/customers_190555499395.parquet -> /tmp/minio_downloads/customers_190555499395.parquet
[2026-07-04T14:32:44.109+0000] {logging_mixin.py:188} INFO - Downloaded customers/date=2026-06-17/customers_190555586984.parquet -> /tmp/minio_downloads/customers_190555586984.parquet
[2026-07-04T14:32:44.134+0000] {logging_mixin.py:188} INFO - Downloaded customers/date=2026-06-17/customers_190555668631.parquet -> /tmp/minio_downloads/customers_190555668631.parquet
[2026-07-04T14:32:44.158+0000] {logging_mixin.py:188} INFO - Downloaded customers/date=2026-06-17/customers_190555751900.parquet -> /tmp/minio_downloads/customers_190555751900.parquet
[2026-07-04T14:32:44.185+0000] {logging_mixin.py:188} INFO - Downloaded customers/date=2026-06-17/customers_190555819915.parquet -> /tmp/minio_downloads/customers_190555819915.parquet
[2026-07-04T14:32:44.211+0000] {logging_mixin.py:188} INFO - Downloaded customers/date=2026-06-17/customers_190555925301.parquet -> /tmp/minio_downloads/customers_190555925301.parquet
[2026-07-04T14:32:44.237+0000] {logging_mixin.py:188} INFO - Downloaded customers/date=2026-06-17/customers_190556047856.parquet -> /tmp/minio_downloads/customers_190556047856.parquet
[2026-07-04T14:32:44.261+0000] {logging_mixin.py:188} INFO - Downloaded customers/date=2026-06-17/customers_190556143987.parquet -> /tmp/minio_downloads/customers_190556143987.parquet
[2026-07-04T14:32:44.283+0000] {logging_mixin.py:188} INFO - Downloaded customers/date=2026-06-17/customers_190556253700.parquet -> /tmp/minio_downloads/customers_190556253700.parquet
[2026-07-04T14:32:44.307+0000] {logging_mixin.py:188} INFO - Downloaded customers/date=2026-06-17/customers_190556338588.parquet -> /tmp/minio_downloads/customers_190556338588.parquet
[2026-07-04T14:32:44.332+0000] {logging_mixin.py:188} INFO - Downloaded customers/date=2026-06-17/customers_190556440622.parquet -> /tmp/minio_downloads/customers_190556440622.parquet
[2026-07-04T14:32:44.357+0000] {logging_mixin.py:188} INFO - Downloaded customers/date=2026-06-17/customers_190556537359.parquet -> /tmp/minio_downloads/customers_190556537359.parquet
[2026-07-04T14:32:44.382+0000] {logging_mixin.py:188} INFO - Downloaded customers/date=2026-06-17/customers_190556621103.parquet -> /tmp/minio_downloads/customers_190556621103.parquet
[2026-07-04T14:32:44.408+0000] {logging_mixin.py:188} INFO - Downloaded customers/date=2026-06-17/customers_190556706405.parquet -> /tmp/minio_downloads/customers_190556706405.parquet
[2026-07-04T14:32:44.434+0000] {logging_mixin.py:188} INFO - Downloaded customers/date=2026-06-17/customers_190556796662.parquet -> /tmp/minio_downloads/customers_190556796662.parquet
[2026-07-04T14:32:44.459+0000] {logging_mixin.py:188} INFO - Downloaded customers/date=2026-06-17/customers_190556890154.parquet -> /tmp/minio_downloads/customers_190556890154.parquet
[2026-07-04T14:32:44.485+0000] {logging_mixin.py:188} INFO - Downloaded customers/date=2026-06-17/customers_190556969691.parquet -> /tmp/minio_downloads/customers_190556969691.parquet
[2026-07-04T14:32:44.511+0000] {logging_mixin.py:188} INFO - Downloaded customers/date=2026-06-17/customers_190557052913.parquet -> /tmp/minio_downloads/customers_190557052913.parquet
[2026-07-04T14:32:44.537+0000] {logging_mixin.py:188} INFO - Downloaded customers/date=2026-06-17/customers_190557134088.parquet -> /tmp/minio_downloads/customers_190557134088.parquet
[2026-07-04T14:32:44.565+0000] {logging_mixin.py:188} INFO - Downloaded customers/date=2026-06-17/customers_190557235739.parquet -> /tmp/minio_downloads/customers_190557235739.parquet
[2026-07-04T14:32:44.593+0000] {logging_mixin.py:188} INFO - Downloaded customers/date=2026-06-17/customers_190557322343.parquet -> /tmp/minio_downloads/customers_190557322343.parquet
[2026-07-04T14:32:44.619+0000] {logging_mixin.py:188} INFO - Downloaded customers/date=2026-06-17/customers_190557415782.parquet -> /tmp/minio_downloads/customers_190557415782.parquet
[2026-07-04T14:32:44.644+0000] {logging_mixin.py:188} INFO - Downloaded customers/date=2026-06-17/customers_190557512593.parquet -> /tmp/minio_downloads/customers_190557512593.parquet
[2026-07-04T14:32:44.667+0000] {logging_mixin.py:188} INFO - Downloaded customers/date=2026-06-17/customers_190557597119.parquet -> /tmp/minio_downloads/customers_190557597119.parquet
[2026-07-04T14:32:44.691+0000] {logging_mixin.py:188} INFO - Downloaded customers/date=2026-06-17/customers_190557690572.parquet -> /tmp/minio_downloads/customers_190557690572.parquet
[2026-07-04T14:32:44.716+0000] {logging_mixin.py:188} INFO - Downloaded customers/date=2026-06-17/customers_190557790451.parquet -> /tmp/minio_downloads/customers_190557790451.parquet
[2026-07-04T14:32:44.741+0000] {logging_mixin.py:188} INFO - Downloaded customers/date=2026-06-17/customers_190557884076.parquet -> /tmp/minio_downloads/customers_190557884076.parquet
[2026-07-04T14:32:44.766+0000] {logging_mixin.py:188} INFO - Downloaded customers/date=2026-06-17/customers_190557952718.parquet -> /tmp/minio_downloads/customers_190557952718.parquet
[2026-07-04T14:32:44.792+0000] {logging_mixin.py:188} INFO - Downloaded customers/date=2026-06-17/customers_190558043136.parquet -> /tmp/minio_downloads/customers_190558043136.parquet
[2026-07-04T14:32:44.818+0000] {logging_mixin.py:188} INFO - Downloaded customers/date=2026-06-17/customers_190558136663.parquet -> /tmp/minio_downloads/customers_190558136663.parquet
[2026-07-04T14:32:44.843+0000] {logging_mixin.py:188} INFO - Downloaded customers/date=2026-06-17/customers_190558241585.parquet -> /tmp/minio_downloads/customers_190558241585.parquet
[2026-07-04T14:32:44.867+0000] {logging_mixin.py:188} INFO - Downloaded customers/date=2026-06-17/customers_190558350426.parquet -> /tmp/minio_downloads/customers_190558350426.parquet
[2026-07-04T14:32:44.890+0000] {logging_mixin.py:188} INFO - Downloaded customers/date=2026-06-17/customers_190558444960.parquet -> /tmp/minio_downloads/customers_190558444960.parquet
[2026-07-04T14:32:44.915+0000] {logging_mixin.py:188} INFO - Downloaded customers/date=2026-06-17/customers_190558539041.parquet -> /tmp/minio_downloads/customers_190558539041.parquet
[2026-07-04T14:32:44.939+0000] {logging_mixin.py:188} INFO - Downloaded customers/date=2026-06-17/customers_190558630829.parquet -> /tmp/minio_downloads/customers_190558630829.parquet
[2026-07-04T14:32:44.963+0000] {logging_mixin.py:188} INFO - Downloaded customers/date=2026-06-17/customers_190558717625.parquet -> /tmp/minio_downloads/customers_190558717625.parquet
[2026-07-04T14:32:44.988+0000] {logging_mixin.py:188} INFO - Downloaded customers/date=2026-06-17/customers_190558792850.parquet -> /tmp/minio_downloads/customers_190558792850.parquet
[2026-07-04T14:32:45.013+0000] {logging_mixin.py:188} INFO - Downloaded customers/date=2026-06-17/customers_190558901725.parquet -> /tmp/minio_downloads/customers_190558901725.parquet
[2026-07-04T14:32:45.038+0000] {logging_mixin.py:188} INFO - Downloaded customers/date=2026-06-17/customers_190559015858.parquet -> /tmp/minio_downloads/customers_190559015858.parquet
[2026-07-04T14:32:45.064+0000] {logging_mixin.py:188} INFO - Downloaded customers/date=2026-06-17/customers_190559103649.parquet -> /tmp/minio_downloads/customers_190559103649.parquet
[2026-07-04T14:32:45.089+0000] {logging_mixin.py:188} INFO - Downloaded customers/date=2026-06-17/customers_190559196766.parquet -> /tmp/minio_downloads/customers_190559196766.parquet
[2026-07-04T14:32:45.115+0000] {logging_mixin.py:188} INFO - Downloaded customers/date=2026-06-17/customers_190559293720.parquet -> /tmp/minio_downloads/customers_190559293720.parquet
[2026-07-04T14:32:45.142+0000] {logging_mixin.py:188} INFO - Downloaded customers/date=2026-06-17/customers_190559374608.parquet -> /tmp/minio_downloads/customers_190559374608.parquet
[2026-07-04T14:32:45.167+0000] {logging_mixin.py:188} INFO - Downloaded customers/date=2026-06-17/customers_190559468836.parquet -> /tmp/minio_downloads/customers_190559468836.parquet
[2026-07-04T14:32:45.193+0000] {logging_mixin.py:188} INFO - Downloaded customers/date=2026-06-17/customers_190559580870.parquet -> /tmp/minio_downloads/customers_190559580870.parquet
[2026-07-04T14:32:45.217+0000] {logging_mixin.py:188} INFO - Downloaded customers/date=2026-06-17/customers_190559682140.parquet -> /tmp/minio_downloads/customers_190559682140.parquet
[2026-07-04T14:32:45.244+0000] {logging_mixin.py:188} INFO - Downloaded customers/date=2026-06-17/customers_190559763988.parquet -> /tmp/minio_downloads/customers_190559763988.parquet
[2026-07-04T14:32:45.267+0000] {logging_mixin.py:188} INFO - Downloaded customers/date=2026-06-17/customers_190559852149.parquet -> /tmp/minio_downloads/customers_190559852149.parquet
[2026-07-04T14:32:45.291+0000] {logging_mixin.py:188} INFO - Downloaded customers/date=2026-06-17/customers_190559937093.parquet -> /tmp/minio_downloads/customers_190559937093.parquet
[2026-07-04T14:32:45.316+0000] {logging_mixin.py:188} INFO - Downloaded customers/date=2026-06-17/customers_190600058927.parquet -> /tmp/minio_downloads/customers_190600058927.parquet
[2026-07-04T14:32:45.339+0000] {logging_mixin.py:188} INFO - Downloaded customers/date=2026-06-17/customers_190600150855.parquet -> /tmp/minio_downloads/customers_190600150855.parquet
[2026-07-04T14:32:45.363+0000] {logging_mixin.py:188} INFO - Downloaded customers/date=2026-06-17/customers_190600259701.parquet -> /tmp/minio_downloads/customers_190600259701.parquet
[2026-07-04T14:32:45.387+0000] {logging_mixin.py:188} INFO - Downloaded customers/date=2026-06-17/customers_190600371122.parquet -> /tmp/minio_downloads/customers_190600371122.parquet
[2026-07-04T14:32:45.412+0000] {logging_mixin.py:188} INFO - Downloaded customers/date=2026-06-17/customers_190600449337.parquet -> /tmp/minio_downloads/customers_190600449337.parquet
[2026-07-04T14:32:45.440+0000] {logging_mixin.py:188} INFO - Downloaded customers/date=2026-06-17/customers_190600552087.parquet -> /tmp/minio_downloads/customers_190600552087.parquet
[2026-07-04T14:32:45.467+0000] {logging_mixin.py:188} INFO - Downloaded customers/date=2026-06-17/customers_190600644467.parquet -> /tmp/minio_downloads/customers_190600644467.parquet
[2026-07-04T14:32:45.496+0000] {logging_mixin.py:188} INFO - Downloaded customers/date=2026-06-17/customers_190600737678.parquet -> /tmp/minio_downloads/customers_190600737678.parquet
[2026-07-04T14:32:45.521+0000] {logging_mixin.py:188} INFO - Downloaded customers/date=2026-06-17/customers_190600838623.parquet -> /tmp/minio_downloads/customers_190600838623.parquet
[2026-07-04T14:32:45.547+0000] {logging_mixin.py:188} INFO - Downloaded customers/date=2026-06-17/customers_190600920539.parquet -> /tmp/minio_downloads/customers_190600920539.parquet
[2026-07-04T14:32:45.573+0000] {logging_mixin.py:188} INFO - Downloaded customers/date=2026-06-17/customers_190601010696.parquet -> /tmp/minio_downloads/customers_190601010696.parquet
[2026-07-04T14:32:45.596+0000] {logging_mixin.py:188} INFO - Downloaded customers/date=2026-06-17/customers_190601088803.parquet -> /tmp/minio_downloads/customers_190601088803.parquet
[2026-07-04T14:32:45.622+0000] {logging_mixin.py:188} INFO - Downloaded customers/date=2026-06-17/customers_190601188047.parquet -> /tmp/minio_downloads/customers_190601188047.parquet
[2026-07-04T14:32:45.646+0000] {logging_mixin.py:188} INFO - Downloaded customers/date=2026-06-17/customers_190601264029.parquet -> /tmp/minio_downloads/customers_190601264029.parquet
[2026-07-04T14:32:45.670+0000] {logging_mixin.py:188} INFO - Downloaded customers/date=2026-06-17/customers_190601380956.parquet -> /tmp/minio_downloads/customers_190601380956.parquet
[2026-07-04T14:32:45.693+0000] {logging_mixin.py:188} INFO - Downloaded customers/date=2026-06-17/customers_190601476373.parquet -> /tmp/minio_downloads/customers_190601476373.parquet
[2026-07-04T14:32:45.718+0000] {logging_mixin.py:188} INFO - Downloaded customers/date=2026-06-17/customers_190601577554.parquet -> /tmp/minio_downloads/customers_190601577554.parquet
[2026-07-04T14:32:45.745+0000] {logging_mixin.py:188} INFO - Downloaded customers/date=2026-06-17/customers_190601685124.parquet -> /tmp/minio_downloads/customers_190601685124.parquet
[2026-07-04T14:32:45.770+0000] {logging_mixin.py:188} INFO - Downloaded customers/date=2026-06-17/customers_190601764878.parquet -> /tmp/minio_downloads/customers_190601764878.parquet
[2026-07-04T14:32:45.798+0000] {logging_mixin.py:188} INFO - Downloaded customers/date=2026-06-17/customers_190601852702.parquet -> /tmp/minio_downloads/customers_190601852702.parquet
[2026-07-04T14:32:45.825+0000] {logging_mixin.py:188} INFO - Downloaded customers/date=2026-06-17/customers_190601940269.parquet -> /tmp/minio_downloads/customers_190601940269.parquet
[2026-07-04T14:32:45.851+0000] {logging_mixin.py:188} INFO - Downloaded customers/date=2026-06-17/customers_190602033750.parquet -> /tmp/minio_downloads/customers_190602033750.parquet
[2026-07-04T14:32:45.878+0000] {logging_mixin.py:188} INFO - Downloaded customers/date=2026-06-17/customers_190602126486.parquet -> /tmp/minio_downloads/customers_190602126486.parquet
[2026-07-04T14:32:45.905+0000] {logging_mixin.py:188} INFO - Downloaded customers/date=2026-06-17/customers_190602227982.parquet -> /tmp/minio_downloads/customers_190602227982.parquet
[2026-07-04T14:32:45.929+0000] {logging_mixin.py:188} INFO - Downloaded customers/date=2026-06-17/customers_190602332080.parquet -> /tmp/minio_downloads/customers_190602332080.parquet
[2026-07-04T14:32:45.954+0000] {logging_mixin.py:188} INFO - Downloaded customers/date=2026-06-17/customers_190602407815.parquet -> /tmp/minio_downloads/customers_190602407815.parquet
[2026-07-04T14:32:45.978+0000] {logging_mixin.py:188} INFO - Downloaded customers/date=2026-06-17/customers_190602507554.parquet -> /tmp/minio_downloads/customers_190602507554.parquet
[2026-07-04T14:32:46.002+0000] {logging_mixin.py:188} INFO - Downloaded customers/date=2026-06-17/customers_190602606187.parquet -> /tmp/minio_downloads/customers_190602606187.parquet
[2026-07-04T14:32:46.027+0000] {logging_mixin.py:188} INFO - Downloaded customers/date=2026-06-17/customers_190602713957.parquet -> /tmp/minio_downloads/customers_190602713957.parquet
[2026-07-04T14:32:46.051+0000] {logging_mixin.py:188} INFO - Downloaded customers/date=2026-06-17/customers_190602803821.parquet -> /tmp/minio_downloads/customers_190602803821.parquet
[2026-07-04T14:32:46.075+0000] {logging_mixin.py:188} INFO - Downloaded customers/date=2026-06-17/customers_190602892941.parquet -> /tmp/minio_downloads/customers_190602892941.parquet
[2026-07-04T14:32:46.098+0000] {logging_mixin.py:188} INFO - Downloaded customers/date=2026-06-17/customers_190602976217.parquet -> /tmp/minio_downloads/customers_190602976217.parquet
[2026-07-04T14:32:46.121+0000] {logging_mixin.py:188} INFO - Downloaded customers/date=2026-06-17/customers_190603061176.parquet -> /tmp/minio_downloads/customers_190603061176.parquet
[2026-07-04T14:32:46.145+0000] {logging_mixin.py:188} INFO - Downloaded customers/date=2026-06-17/customers_190603164697.parquet -> /tmp/minio_downloads/customers_190603164697.parquet
[2026-07-04T14:32:46.169+0000] {logging_mixin.py:188} INFO - Downloaded customers/date=2026-06-17/customers_190603285424.parquet -> /tmp/minio_downloads/customers_190603285424.parquet
[2026-07-04T14:32:46.196+0000] {logging_mixin.py:188} INFO - Downloaded customers/date=2026-06-17/customers_190603398352.parquet -> /tmp/minio_downloads/customers_190603398352.parquet
[2026-07-04T14:32:46.219+0000] {logging_mixin.py:188} INFO - Downloaded customers/date=2026-06-17/customers_190603488359.parquet -> /tmp/minio_downloads/customers_190603488359.parquet
[2026-07-04T14:32:46.245+0000] {logging_mixin.py:188} INFO - Downloaded customers/date=2026-06-17/customers_190603597418.parquet -> /tmp/minio_downloads/customers_190603597418.parquet
[2026-07-04T14:32:46.267+0000] {logging_mixin.py:188} INFO - Downloaded customers/date=2026-06-17/customers_190603692834.parquet -> /tmp/minio_downloads/customers_190603692834.parquet
[2026-07-04T14:32:46.290+0000] {logging_mixin.py:188} INFO - Downloaded customers/date=2026-06-17/customers_190603796704.parquet -> /tmp/minio_downloads/customers_190603796704.parquet
[2026-07-04T14:32:46.314+0000] {logging_mixin.py:188} INFO - Downloaded customers/date=2026-06-17/customers_190603881793.parquet -> /tmp/minio_downloads/customers_190603881793.parquet
[2026-07-04T14:32:46.338+0000] {logging_mixin.py:188} INFO - Downloaded customers/date=2026-06-17/customers_190603963319.parquet -> /tmp/minio_downloads/customers_190603963319.parquet
[2026-07-04T14:32:46.362+0000] {logging_mixin.py:188} INFO - Downloaded customers/date=2026-06-17/customers_190604047318.parquet -> /tmp/minio_downloads/customers_190604047318.parquet
[2026-07-04T14:32:46.386+0000] {logging_mixin.py:188} INFO - Downloaded customers/date=2026-06-17/customers_190604147440.parquet -> /tmp/minio_downloads/customers_190604147440.parquet
[2026-07-04T14:32:46.409+0000] {logging_mixin.py:188} INFO - Downloaded customers/date=2026-06-17/customers_190604238914.parquet -> /tmp/minio_downloads/customers_190604238914.parquet
[2026-07-04T14:32:46.433+0000] {logging_mixin.py:188} INFO - Downloaded customers/date=2026-06-17/customers_190604336354.parquet -> /tmp/minio_downloads/customers_190604336354.parquet
[2026-07-04T14:32:46.454+0000] {logging_mixin.py:188} INFO - Downloaded customers/date=2026-06-17/customers_190604431344.parquet -> /tmp/minio_downloads/customers_190604431344.parquet
[2026-07-04T14:32:46.476+0000] {logging_mixin.py:188} INFO - Downloaded customers/date=2026-06-17/customers_190604532238.parquet -> /tmp/minio_downloads/customers_190604532238.parquet
[2026-07-04T14:32:46.500+0000] {logging_mixin.py:188} INFO - Downloaded customers/date=2026-06-17/customers_190604640638.parquet -> /tmp/minio_downloads/customers_190604640638.parquet
[2026-07-04T14:32:46.522+0000] {logging_mixin.py:188} INFO - Downloaded customers/date=2026-06-17/customers_190604745426.parquet -> /tmp/minio_downloads/customers_190604745426.parquet
[2026-07-04T14:32:46.547+0000] {logging_mixin.py:188} INFO - Downloaded customers/date=2026-06-17/customers_190604853795.parquet -> /tmp/minio_downloads/customers_190604853795.parquet
[2026-07-04T14:32:46.569+0000] {logging_mixin.py:188} INFO - Downloaded customers/date=2026-06-17/customers_190604949876.parquet -> /tmp/minio_downloads/customers_190604949876.parquet
[2026-07-04T14:32:46.592+0000] {logging_mixin.py:188} INFO - Downloaded customers/date=2026-06-17/customers_190605047664.parquet -> /tmp/minio_downloads/customers_190605047664.parquet
[2026-07-04T14:32:46.615+0000] {logging_mixin.py:188} INFO - Downloaded customers/date=2026-06-17/customers_190605151340.parquet -> /tmp/minio_downloads/customers_190605151340.parquet
[2026-07-04T14:32:46.638+0000] {logging_mixin.py:188} INFO - Downloaded customers/date=2026-06-17/customers_190605242379.parquet -> /tmp/minio_downloads/customers_190605242379.parquet
[2026-07-04T14:32:46.663+0000] {logging_mixin.py:188} INFO - Downloaded customers/date=2026-06-17/customers_190605328123.parquet -> /tmp/minio_downloads/customers_190605328123.parquet
[2026-07-04T14:32:46.691+0000] {logging_mixin.py:188} INFO - Downloaded customers/date=2026-06-17/customers_190605429788.parquet -> /tmp/minio_downloads/customers_190605429788.parquet
[2026-07-04T14:32:46.719+0000] {logging_mixin.py:188} INFO - Downloaded customers/date=2026-06-17/customers_190605514488.parquet -> /tmp/minio_downloads/customers_190605514488.parquet
[2026-07-04T14:32:46.749+0000] {logging_mixin.py:188} INFO - Downloaded customers/date=2026-06-17/customers_190605675520.parquet -> /tmp/minio_downloads/customers_190605675520.parquet
[2026-07-04T14:32:46.780+0000] {logging_mixin.py:188} INFO - Downloaded customers/date=2026-06-17/customers_190605766443.parquet -> /tmp/minio_downloads/customers_190605766443.parquet
[2026-07-04T14:32:46.813+0000] {logging_mixin.py:188} INFO - Downloaded customers/date=2026-06-17/customers_190605861566.parquet -> /tmp/minio_downloads/customers_190605861566.parquet
[2026-07-04T14:32:46.838+0000] {logging_mixin.py:188} INFO - Downloaded customers/date=2026-06-17/customers_190605946062.parquet -> /tmp/minio_downloads/customers_190605946062.parquet
[2026-07-04T14:32:46.862+0000] {logging_mixin.py:188} INFO - Downloaded customers/date=2026-06-17/customers_190606011561.parquet -> /tmp/minio_downloads/customers_190606011561.parquet
[2026-07-04T14:32:46.886+0000] {logging_mixin.py:188} INFO - Downloaded customers/date=2026-06-17/customers_190606111886.parquet -> /tmp/minio_downloads/customers_190606111886.parquet
[2026-07-04T14:32:46.912+0000] {logging_mixin.py:188} INFO - Downloaded customers/date=2026-06-17/customers_190606214230.parquet -> /tmp/minio_downloads/customers_190606214230.parquet
[2026-07-04T14:32:46.937+0000] {logging_mixin.py:188} INFO - Downloaded customers/date=2026-06-17/customers_190606301360.parquet -> /tmp/minio_downloads/customers_190606301360.parquet
[2026-07-04T14:32:46.961+0000] {logging_mixin.py:188} INFO - Downloaded customers/date=2026-06-17/customers_190606396157.parquet -> /tmp/minio_downloads/customers_190606396157.parquet
[2026-07-04T14:32:46.986+0000] {logging_mixin.py:188} INFO - Downloaded customers/date=2026-06-17/customers_190606472720.parquet -> /tmp/minio_downloads/customers_190606472720.parquet
[2026-07-04T14:32:47.011+0000] {logging_mixin.py:188} INFO - Downloaded customers/date=2026-06-17/customers_190606558971.parquet -> /tmp/minio_downloads/customers_190606558971.parquet
[2026-07-04T14:32:47.034+0000] {logging_mixin.py:188} INFO - Downloaded customers/date=2026-06-17/customers_190606651803.parquet -> /tmp/minio_downloads/customers_190606651803.parquet
[2026-07-04T14:32:47.059+0000] {logging_mixin.py:188} INFO - Downloaded customers/date=2026-06-17/customers_190606758259.parquet -> /tmp/minio_downloads/customers_190606758259.parquet
[2026-07-04T14:32:47.082+0000] {logging_mixin.py:188} INFO - Downloaded customers/date=2026-06-17/customers_190606905015.parquet -> /tmp/minio_downloads/customers_190606905015.parquet
[2026-07-04T14:32:47.107+0000] {logging_mixin.py:188} INFO - Downloaded customers/date=2026-06-17/customers_190606999522.parquet -> /tmp/minio_downloads/customers_190606999522.parquet
[2026-07-04T14:32:47.131+0000] {logging_mixin.py:188} INFO - Downloaded customers/date=2026-06-17/customers_190607098445.parquet -> /tmp/minio_downloads/customers_190607098445.parquet
[2026-07-04T14:32:47.156+0000] {logging_mixin.py:188} INFO - Downloaded customers/date=2026-06-17/customers_190607219767.parquet -> /tmp/minio_downloads/customers_190607219767.parquet
[2026-07-04T14:32:47.180+0000] {logging_mixin.py:188} INFO - Downloaded customers/date=2026-06-17/customers_190607332437.parquet -> /tmp/minio_downloads/customers_190607332437.parquet
[2026-07-04T14:32:47.214+0000] {logging_mixin.py:188} INFO - Downloaded customers/date=2026-06-17/customers_190607429683.parquet -> /tmp/minio_downloads/customers_190607429683.parquet
[2026-07-04T14:32:47.240+0000] {logging_mixin.py:188} INFO - Downloaded customers/date=2026-06-17/customers_190607544099.parquet -> /tmp/minio_downloads/customers_190607544099.parquet
[2026-07-04T14:32:47.267+0000] {logging_mixin.py:188} INFO - Downloaded customers/date=2026-06-17/customers_190607679582.parquet -> /tmp/minio_downloads/customers_190607679582.parquet
[2026-07-04T14:32:47.292+0000] {logging_mixin.py:188} INFO - Downloaded customers/date=2026-06-17/customers_190607821362.parquet -> /tmp/minio_downloads/customers_190607821362.parquet
[2026-07-04T14:32:47.318+0000] {logging_mixin.py:188} INFO - Downloaded customers/date=2026-06-17/customers_190608018780.parquet -> /tmp/minio_downloads/customers_190608018780.parquet
[2026-07-04T14:32:47.346+0000] {logging_mixin.py:188} INFO - Downloaded customers/date=2026-06-17/customers_190608136287.parquet -> /tmp/minio_downloads/customers_190608136287.parquet
[2026-07-04T14:32:47.371+0000] {logging_mixin.py:188} INFO - Downloaded customers/date=2026-06-17/customers_190608245277.parquet -> /tmp/minio_downloads/customers_190608245277.parquet
[2026-07-04T14:32:47.408+0000] {logging_mixin.py:188} INFO - Downloaded customers/date=2026-06-17/customers_190608355024.parquet -> /tmp/minio_downloads/customers_190608355024.parquet
[2026-07-04T14:32:47.450+0000] {logging_mixin.py:188} INFO - Downloaded customers/date=2026-06-17/customers_190608472379.parquet -> /tmp/minio_downloads/customers_190608472379.parquet
[2026-07-04T14:32:47.477+0000] {logging_mixin.py:188} INFO - Downloaded customers/date=2026-06-17/customers_190608572915.parquet -> /tmp/minio_downloads/customers_190608572915.parquet
[2026-07-04T14:32:47.505+0000] {logging_mixin.py:188} INFO - Downloaded customers/date=2026-06-17/customers_190608659517.parquet -> /tmp/minio_downloads/customers_190608659517.parquet
[2026-07-04T14:32:47.533+0000] {logging_mixin.py:188} INFO - Downloaded customers/date=2026-06-17/customers_190608756216.parquet -> /tmp/minio_downloads/customers_190608756216.parquet
[2026-07-04T14:32:47.561+0000] {logging_mixin.py:188} INFO - Downloaded customers/date=2026-06-17/customers_190608849431.parquet -> /tmp/minio_downloads/customers_190608849431.parquet
[2026-07-04T14:32:47.588+0000] {logging_mixin.py:188} INFO - Downloaded customers/date=2026-06-17/customers_190608959528.parquet -> /tmp/minio_downloads/customers_190608959528.parquet
[2026-07-04T14:32:52.218+0000] {logging_mixin.py:188} INFO - Downloaded employee/date=2026-06-17/employee_190145692574.parquet -> /tmp/minio_downloads/employee_190145692574.parquet
[2026-07-04T14:32:52.245+0000] {logging_mixin.py:188} INFO - Downloaded employee/date=2026-06-17/employee_190145762981.parquet -> /tmp/minio_downloads/employee_190145762981.parquet
[2026-07-04T14:32:52.272+0000] {logging_mixin.py:188} INFO - Downloaded employee/date=2026-06-17/employee_190145868452.parquet -> /tmp/minio_downloads/employee_190145868452.parquet
[2026-07-04T14:32:52.298+0000] {logging_mixin.py:188} INFO - Downloaded employee/date=2026-06-17/employee_190145954881.parquet -> /tmp/minio_downloads/employee_190145954881.parquet
[2026-07-04T14:32:52.323+0000] {logging_mixin.py:188} INFO - Downloaded employee/date=2026-06-17/employee_190146033939.parquet -> /tmp/minio_downloads/employee_190146033939.parquet
[2026-07-04T14:32:52.351+0000] {logging_mixin.py:188} INFO - Downloaded employee/date=2026-06-17/employee_190146130942.parquet -> /tmp/minio_downloads/employee_190146130942.parquet
[2026-07-04T14:32:52.377+0000] {logging_mixin.py:188} INFO - Downloaded employee/date=2026-06-17/employee_190146207834.parquet -> /tmp/minio_downloads/employee_190146207834.parquet
[2026-07-04T14:32:52.403+0000] {logging_mixin.py:188} INFO - Downloaded employee/date=2026-06-17/employee_190146278037.parquet -> /tmp/minio_downloads/employee_190146278037.parquet
[2026-07-04T14:32:52.430+0000] {logging_mixin.py:188} INFO - Downloaded employee/date=2026-06-17/employee_190146337126.parquet -> /tmp/minio_downloads/employee_190146337126.parquet
[2026-07-04T14:32:52.459+0000] {logging_mixin.py:188} INFO - Downloaded employee/date=2026-06-17/employee_190146392857.parquet -> /tmp/minio_downloads/employee_190146392857.parquet
[2026-07-04T14:32:52.485+0000] {logging_mixin.py:188} INFO - Downloaded employee/date=2026-06-17/employee_190146447575.parquet -> /tmp/minio_downloads/employee_190146447575.parquet
[2026-07-04T14:32:52.513+0000] {logging_mixin.py:188} INFO - Downloaded employee/date=2026-06-17/employee_190146501204.parquet -> /tmp/minio_downloads/employee_190146501204.parquet
[2026-07-04T14:32:52.540+0000] {logging_mixin.py:188} INFO - Downloaded employee/date=2026-06-17/employee_190146558390.parquet -> /tmp/minio_downloads/employee_190146558390.parquet
[2026-07-04T14:32:52.566+0000] {logging_mixin.py:188} INFO - Downloaded employee/date=2026-06-17/employee_190146614441.parquet -> /tmp/minio_downloads/employee_190146614441.parquet
[2026-07-04T14:32:52.592+0000] {logging_mixin.py:188} INFO - Downloaded employee/date=2026-06-17/employee_190146681848.parquet -> /tmp/minio_downloads/employee_190146681848.parquet
[2026-07-04T14:32:52.615+0000] {logging_mixin.py:188} INFO - Downloaded employee/date=2026-06-17/employee_190146738669.parquet -> /tmp/minio_downloads/employee_190146738669.parquet
[2026-07-04T14:32:52.638+0000] {logging_mixin.py:188} INFO - Downloaded employee/date=2026-06-17/employee_190146798734.parquet -> /tmp/minio_downloads/employee_190146798734.parquet
[2026-07-04T14:32:52.662+0000] {logging_mixin.py:188} INFO - Downloaded employee/date=2026-06-17/employee_190146875427.parquet -> /tmp/minio_downloads/employee_190146875427.parquet
[2026-07-04T14:32:52.687+0000] {logging_mixin.py:188} INFO - Downloaded employee/date=2026-06-17/employee_190146939955.parquet -> /tmp/minio_downloads/employee_190146939955.parquet
[2026-07-04T14:32:52.712+0000] {logging_mixin.py:188} INFO - Downloaded employee/date=2026-06-17/employee_190147025286.parquet -> /tmp/minio_downloads/employee_190147025286.parquet
[2026-07-04T14:32:52.737+0000] {logging_mixin.py:188} INFO - Downloaded employee/date=2026-06-17/employee_190147111665.parquet -> /tmp/minio_downloads/employee_190147111665.parquet
[2026-07-04T14:32:52.762+0000] {logging_mixin.py:188} INFO - Downloaded employee/date=2026-06-17/employee_190147203777.parquet -> /tmp/minio_downloads/employee_190147203777.parquet
[2026-07-04T14:32:52.787+0000] {logging_mixin.py:188} INFO - Downloaded employee/date=2026-06-17/employee_190147290890.parquet -> /tmp/minio_downloads/employee_190147290890.parquet
[2026-07-04T14:32:52.812+0000] {logging_mixin.py:188} INFO - Downloaded employee/date=2026-06-17/employee_190147370952.parquet -> /tmp/minio_downloads/employee_190147370952.parquet
[2026-07-04T14:32:52.838+0000] {logging_mixin.py:188} INFO - Downloaded employee/date=2026-06-17/employee_190147437638.parquet -> /tmp/minio_downloads/employee_190147437638.parquet
[2026-07-04T14:32:52.864+0000] {logging_mixin.py:188} INFO - Downloaded employee/date=2026-06-17/employee_190147511911.parquet -> /tmp/minio_downloads/employee_190147511911.parquet
[2026-07-04T14:32:52.888+0000] {logging_mixin.py:188} INFO - Downloaded employee/date=2026-06-17/employee_190147591427.parquet -> /tmp/minio_downloads/employee_190147591427.parquet
[2026-07-04T14:32:52.916+0000] {logging_mixin.py:188} INFO - Downloaded employee/date=2026-06-17/employee_190147656130.parquet -> /tmp/minio_downloads/employee_190147656130.parquet
[2026-07-04T14:32:52.944+0000] {logging_mixin.py:188} INFO - Downloaded employee/date=2026-06-17/employee_190147713350.parquet -> /tmp/minio_downloads/employee_190147713350.parquet
[2026-07-04T14:32:52.969+0000] {logging_mixin.py:188} INFO - Downloaded employee/date=2026-06-17/employee_190147766996.parquet -> /tmp/minio_downloads/employee_190147766996.parquet
[2026-07-04T14:32:52.995+0000] {logging_mixin.py:188} INFO - Downloaded employee/date=2026-06-17/employee_190147840850.parquet -> /tmp/minio_downloads/employee_190147840850.parquet
[2026-07-04T14:32:53.023+0000] {logging_mixin.py:188} INFO - Downloaded employee/date=2026-06-17/employee_190147915555.parquet -> /tmp/minio_downloads/employee_190147915555.parquet
[2026-07-04T14:32:53.048+0000] {logging_mixin.py:188} INFO - Downloaded employee/date=2026-06-17/employee_190148105868.parquet -> /tmp/minio_downloads/employee_190148105868.parquet
[2026-07-04T14:32:53.072+0000] {logging_mixin.py:188} INFO - Downloaded employee/date=2026-06-17/employee_190148259066.parquet -> /tmp/minio_downloads/employee_190148259066.parquet
[2026-07-04T14:32:53.095+0000] {logging_mixin.py:188} INFO - Downloaded employee/date=2026-06-17/employee_190148333210.parquet -> /tmp/minio_downloads/employee_190148333210.parquet
[2026-07-04T14:32:53.121+0000] {logging_mixin.py:188} INFO - Downloaded employee/date=2026-06-17/employee_190148396941.parquet -> /tmp/minio_downloads/employee_190148396941.parquet
[2026-07-04T14:32:53.143+0000] {logging_mixin.py:188} INFO - Downloaded employee/date=2026-06-17/employee_190148458740.parquet -> /tmp/minio_downloads/employee_190148458740.parquet
[2026-07-04T14:32:53.168+0000] {logging_mixin.py:188} INFO - Downloaded employee/date=2026-06-17/employee_190148519465.parquet -> /tmp/minio_downloads/employee_190148519465.parquet
[2026-07-04T14:32:53.194+0000] {logging_mixin.py:188} INFO - Downloaded employee/date=2026-06-17/employee_190148585562.parquet -> /tmp/minio_downloads/employee_190148585562.parquet
[2026-07-04T14:32:53.221+0000] {logging_mixin.py:188} INFO - Downloaded employee/date=2026-06-17/employee_190148667358.parquet -> /tmp/minio_downloads/employee_190148667358.parquet
[2026-07-04T14:32:53.247+0000] {logging_mixin.py:188} INFO - Downloaded employee/date=2026-06-17/employee_190148754428.parquet -> /tmp/minio_downloads/employee_190148754428.parquet
[2026-07-04T14:32:53.272+0000] {logging_mixin.py:188} INFO - Downloaded employee/date=2026-06-17/employee_190148876974.parquet -> /tmp/minio_downloads/employee_190148876974.parquet
[2026-07-04T14:32:53.299+0000] {logging_mixin.py:188} INFO - Downloaded employee/date=2026-06-17/employee_190148978072.parquet -> /tmp/minio_downloads/employee_190148978072.parquet
[2026-07-04T14:32:53.324+0000] {logging_mixin.py:188} INFO - Downloaded employee/date=2026-06-17/employee_190149060218.parquet -> /tmp/minio_downloads/employee_190149060218.parquet
[2026-07-04T14:32:53.349+0000] {logging_mixin.py:188} INFO - Downloaded employee/date=2026-06-17/employee_190149121306.parquet -> /tmp/minio_downloads/employee_190149121306.parquet
[2026-07-04T14:32:53.378+0000] {logging_mixin.py:188} INFO - Downloaded employee/date=2026-06-17/employee_190149185569.parquet -> /tmp/minio_downloads/employee_190149185569.parquet
[2026-07-04T14:32:53.404+0000] {logging_mixin.py:188} INFO - Downloaded employee/date=2026-06-17/employee_190149242077.parquet -> /tmp/minio_downloads/employee_190149242077.parquet
[2026-07-04T14:32:53.432+0000] {logging_mixin.py:188} INFO - Downloaded employee/date=2026-06-17/employee_190149320301.parquet -> /tmp/minio_downloads/employee_190149320301.parquet
[2026-07-04T14:32:53.458+0000] {logging_mixin.py:188} INFO - Downloaded employee/date=2026-06-17/employee_190149407418.parquet -> /tmp/minio_downloads/employee_190149407418.parquet
[2026-07-04T14:32:53.484+0000] {logging_mixin.py:188} INFO - Downloaded employee/date=2026-06-17/employee_190149471699.parquet -> /tmp/minio_downloads/employee_190149471699.parquet
[2026-07-04T14:32:53.509+0000] {logging_mixin.py:188} INFO - Downloaded employee/date=2026-06-17/employee_190149546505.parquet -> /tmp/minio_downloads/employee_190149546505.parquet
[2026-07-04T14:32:53.534+0000] {logging_mixin.py:188} INFO - Downloaded employee/date=2026-06-17/employee_190149666505.parquet -> /tmp/minio_downloads/employee_190149666505.parquet
[2026-07-04T14:32:53.559+0000] {logging_mixin.py:188} INFO - Downloaded employee/date=2026-06-17/employee_190149760192.parquet -> /tmp/minio_downloads/employee_190149760192.parquet
[2026-07-04T14:32:53.583+0000] {logging_mixin.py:188} INFO - Downloaded employee/date=2026-06-17/employee_190149842904.parquet -> /tmp/minio_downloads/employee_190149842904.parquet
[2026-07-04T14:32:53.609+0000] {logging_mixin.py:188} INFO - Downloaded employee/date=2026-06-17/employee_190149918085.parquet -> /tmp/minio_downloads/employee_190149918085.parquet
[2026-07-04T14:32:53.633+0000] {logging_mixin.py:188} INFO - Downloaded employee/date=2026-06-17/employee_190150048036.parquet -> /tmp/minio_downloads/employee_190150048036.parquet
[2026-07-04T14:32:53.659+0000] {logging_mixin.py:188} INFO - Downloaded employee/date=2026-06-17/employee_190150192520.parquet -> /tmp/minio_downloads/employee_190150192520.parquet
[2026-07-04T14:32:53.684+0000] {logging_mixin.py:188} INFO - Downloaded employee/date=2026-06-17/employee_190150273176.parquet -> /tmp/minio_downloads/employee_190150273176.parquet
[2026-07-04T14:32:53.709+0000] {logging_mixin.py:188} INFO - Downloaded employee/date=2026-06-17/employee_190150335796.parquet -> /tmp/minio_downloads/employee_190150335796.parquet
[2026-07-04T14:32:53.733+0000] {logging_mixin.py:188} INFO - Downloaded employee/date=2026-06-17/employee_190150397686.parquet -> /tmp/minio_downloads/employee_190150397686.parquet
[2026-07-04T14:32:53.759+0000] {logging_mixin.py:188} INFO - Downloaded employee/date=2026-06-17/employee_190150494772.parquet -> /tmp/minio_downloads/employee_190150494772.parquet
[2026-07-04T14:32:53.783+0000] {logging_mixin.py:188} INFO - Downloaded employee/date=2026-06-17/employee_190150583129.parquet -> /tmp/minio_downloads/employee_190150583129.parquet
[2026-07-04T14:32:53.809+0000] {logging_mixin.py:188} INFO - Downloaded employee/date=2026-06-17/employee_190150638016.parquet -> /tmp/minio_downloads/employee_190150638016.parquet
[2026-07-04T14:32:53.835+0000] {logging_mixin.py:188} INFO - Downloaded employee/date=2026-06-17/employee_190150693773.parquet -> /tmp/minio_downloads/employee_190150693773.parquet
[2026-07-04T14:32:53.859+0000] {logging_mixin.py:188} INFO - Downloaded employee/date=2026-06-17/employee_190150751563.parquet -> /tmp/minio_downloads/employee_190150751563.parquet
[2026-07-04T14:32:53.882+0000] {logging_mixin.py:188} INFO - Downloaded employee/date=2026-06-17/employee_190150806688.parquet -> /tmp/minio_downloads/employee_190150806688.parquet
[2026-07-04T14:32:53.906+0000] {logging_mixin.py:188} INFO - Downloaded employee/date=2026-06-17/employee_190150875873.parquet -> /tmp/minio_downloads/employee_190150875873.parquet
[2026-07-04T14:32:53.930+0000] {logging_mixin.py:188} INFO - Downloaded employee/date=2026-06-17/employee_190150938217.parquet -> /tmp/minio_downloads/employee_190150938217.parquet
[2026-07-04T14:32:53.956+0000] {logging_mixin.py:188} INFO - Downloaded employee/date=2026-06-17/employee_190151004819.parquet -> /tmp/minio_downloads/employee_190151004819.parquet
[2026-07-04T14:32:53.982+0000] {logging_mixin.py:188} INFO - Downloaded employee/date=2026-06-17/employee_190151068399.parquet -> /tmp/minio_downloads/employee_190151068399.parquet
[2026-07-04T14:32:54.007+0000] {logging_mixin.py:188} INFO - Downloaded employee/date=2026-06-17/employee_190151176055.parquet -> /tmp/minio_downloads/employee_190151176055.parquet
[2026-07-04T14:32:54.032+0000] {logging_mixin.py:188} INFO - Downloaded employee/date=2026-06-17/employee_190151259005.parquet -> /tmp/minio_downloads/employee_190151259005.parquet
[2026-07-04T14:32:54.059+0000] {logging_mixin.py:188} INFO - Downloaded employee/date=2026-06-17/employee_190151342384.parquet -> /tmp/minio_downloads/employee_190151342384.parquet
[2026-07-04T14:32:54.085+0000] {logging_mixin.py:188} INFO - Downloaded employee/date=2026-06-17/employee_190151412241.parquet -> /tmp/minio_downloads/employee_190151412241.parquet
[2026-07-04T14:32:54.110+0000] {logging_mixin.py:188} INFO - Downloaded employee/date=2026-06-17/employee_190151489212.parquet -> /tmp/minio_downloads/employee_190151489212.parquet
[2026-07-04T14:32:54.132+0000] {logging_mixin.py:188} INFO - Downloaded employee/date=2026-06-17/employee_190151577444.parquet -> /tmp/minio_downloads/employee_190151577444.parquet
[2026-07-04T14:32:54.156+0000] {logging_mixin.py:188} INFO - Downloaded employee/date=2026-06-17/employee_190151643685.parquet -> /tmp/minio_downloads/employee_190151643685.parquet
[2026-07-04T14:32:54.182+0000] {logging_mixin.py:188} INFO - Downloaded employee/date=2026-06-17/employee_190151704149.parquet -> /tmp/minio_downloads/employee_190151704149.parquet
[2026-07-04T14:32:54.205+0000] {logging_mixin.py:188} INFO - Downloaded employee/date=2026-06-17/employee_190151759396.parquet -> /tmp/minio_downloads/employee_190151759396.parquet
[2026-07-04T14:32:54.230+0000] {logging_mixin.py:188} INFO - Downloaded employee/date=2026-06-17/employee_190151827403.parquet -> /tmp/minio_downloads/employee_190151827403.parquet
[2026-07-04T14:32:54.254+0000] {logging_mixin.py:188} INFO - Downloaded employee/date=2026-06-17/employee_190151895188.parquet -> /tmp/minio_downloads/employee_190151895188.parquet
[2026-07-04T14:32:54.275+0000] {logging_mixin.py:188} INFO - Downloaded employee/date=2026-06-17/employee_190151975128.parquet -> /tmp/minio_downloads/employee_190151975128.parquet
[2026-07-04T14:32:54.299+0000] {logging_mixin.py:188} INFO - Downloaded employee/date=2026-06-17/employee_190152050455.parquet -> /tmp/minio_downloads/employee_190152050455.parquet
[2026-07-04T14:32:54.322+0000] {logging_mixin.py:188} INFO - Downloaded employee/date=2026-06-17/employee_190152131794.parquet -> /tmp/minio_downloads/employee_190152131794.parquet
[2026-07-04T14:32:54.346+0000] {logging_mixin.py:188} INFO - Downloaded employee/date=2026-06-17/employee_190152207623.parquet -> /tmp/minio_downloads/employee_190152207623.parquet
[2026-07-04T14:32:54.370+0000] {logging_mixin.py:188} INFO - Downloaded employee/date=2026-06-17/employee_190152340774.parquet -> /tmp/minio_downloads/employee_190152340774.parquet
[2026-07-04T14:32:54.396+0000] {logging_mixin.py:188} INFO - Downloaded employee/date=2026-06-17/employee_190152433687.parquet -> /tmp/minio_downloads/employee_190152433687.parquet
[2026-07-04T14:32:54.420+0000] {logging_mixin.py:188} INFO - Downloaded employee/date=2026-06-17/employee_190152521177.parquet -> /tmp/minio_downloads/employee_190152521177.parquet
[2026-07-04T14:32:54.444+0000] {logging_mixin.py:188} INFO - Downloaded employee/date=2026-06-17/employee_190152610125.parquet -> /tmp/minio_downloads/employee_190152610125.parquet
[2026-07-04T14:32:54.467+0000] {logging_mixin.py:188} INFO - Downloaded employee/date=2026-06-17/employee_190152676606.parquet -> /tmp/minio_downloads/employee_190152676606.parquet
[2026-07-04T14:32:54.491+0000] {logging_mixin.py:188} INFO - Downloaded employee/date=2026-06-17/employee_190152729579.parquet -> /tmp/minio_downloads/employee_190152729579.parquet
[2026-07-04T14:32:54.514+0000] {logging_mixin.py:188} INFO - Downloaded employee/date=2026-06-17/employee_190152784699.parquet -> /tmp/minio_downloads/employee_190152784699.parquet
[2026-07-04T14:32:54.537+0000] {logging_mixin.py:188} INFO - Downloaded employee/date=2026-06-17/employee_190152836212.parquet -> /tmp/minio_downloads/employee_190152836212.parquet
[2026-07-04T14:32:54.561+0000] {logging_mixin.py:188} INFO - Downloaded employee/date=2026-06-17/employee_190152888926.parquet -> /tmp/minio_downloads/employee_190152888926.parquet
[2026-07-04T14:32:54.584+0000] {logging_mixin.py:188} INFO - Downloaded employee/date=2026-06-17/employee_190152939048.parquet -> /tmp/minio_downloads/employee_190152939048.parquet
[2026-07-04T14:32:54.609+0000] {logging_mixin.py:188} INFO - Downloaded employee/date=2026-06-17/employee_190152994457.parquet -> /tmp/minio_downloads/employee_190152994457.parquet
[2026-07-04T14:32:54.639+0000] {logging_mixin.py:188} INFO - Downloaded employee/date=2026-06-17/employee_190153054467.parquet -> /tmp/minio_downloads/employee_190153054467.parquet
[2026-07-04T14:32:54.672+0000] {logging_mixin.py:188} INFO - Downloaded employee/date=2026-06-17/employee_190153117863.parquet -> /tmp/minio_downloads/employee_190153117863.parquet
[2026-07-04T14:32:54.707+0000] {logging_mixin.py:188} INFO - Downloaded employee/date=2026-06-17/employee_190153170361.parquet -> /tmp/minio_downloads/employee_190153170361.parquet
[2026-07-04T14:32:54.735+0000] {logging_mixin.py:188} INFO - Downloaded employee/date=2026-06-17/employee_190153223695.parquet -> /tmp/minio_downloads/employee_190153223695.parquet
[2026-07-04T14:32:54.763+0000] {logging_mixin.py:188} INFO - Downloaded employee/date=2026-06-17/employee_190153288399.parquet -> /tmp/minio_downloads/employee_190153288399.parquet
[2026-07-04T14:32:54.791+0000] {logging_mixin.py:188} INFO - Downloaded employee/date=2026-06-17/employee_190153364151.parquet -> /tmp/minio_downloads/employee_190153364151.parquet
[2026-07-04T14:32:54.816+0000] {logging_mixin.py:188} INFO - Downloaded employee/date=2026-06-17/employee_190153431670.parquet -> /tmp/minio_downloads/employee_190153431670.parquet
[2026-07-04T14:32:54.842+0000] {logging_mixin.py:188} INFO - Downloaded employee/date=2026-06-17/employee_190153505292.parquet -> /tmp/minio_downloads/employee_190153505292.parquet
[2026-07-04T14:32:54.867+0000] {logging_mixin.py:188} INFO - Downloaded employee/date=2026-06-17/employee_190153573741.parquet -> /tmp/minio_downloads/employee_190153573741.parquet
[2026-07-04T14:32:54.891+0000] {logging_mixin.py:188} INFO - Downloaded employee/date=2026-06-17/employee_190153653847.parquet -> /tmp/minio_downloads/employee_190153653847.parquet
[2026-07-04T14:32:54.916+0000] {logging_mixin.py:188} INFO - Downloaded employee/date=2026-06-17/employee_190153733896.parquet -> /tmp/minio_downloads/employee_190153733896.parquet
[2026-07-04T14:32:54.940+0000] {logging_mixin.py:188} INFO - Downloaded employee/date=2026-06-17/employee_190153800539.parquet -> /tmp/minio_downloads/employee_190153800539.parquet
[2026-07-04T14:32:54.964+0000] {logging_mixin.py:188} INFO - Downloaded employee/date=2026-06-17/employee_190153854710.parquet -> /tmp/minio_downloads/employee_190153854710.parquet
[2026-07-04T14:32:54.988+0000] {logging_mixin.py:188} INFO - Downloaded employee/date=2026-06-17/employee_190153907894.parquet -> /tmp/minio_downloads/employee_190153907894.parquet
[2026-07-04T14:32:55.011+0000] {logging_mixin.py:188} INFO - Downloaded employee/date=2026-06-17/employee_190153963385.parquet -> /tmp/minio_downloads/employee_190153963385.parquet
[2026-07-04T14:32:55.034+0000] {logging_mixin.py:188} INFO - Downloaded employee/date=2026-06-17/employee_190154023502.parquet -> /tmp/minio_downloads/employee_190154023502.parquet
[2026-07-04T14:32:55.058+0000] {logging_mixin.py:188} INFO - Downloaded employee/date=2026-06-17/employee_190154073173.parquet -> /tmp/minio_downloads/employee_190154073173.parquet
[2026-07-04T14:32:55.083+0000] {logging_mixin.py:188} INFO - Downloaded employee/date=2026-06-17/employee_190154133924.parquet -> /tmp/minio_downloads/employee_190154133924.parquet
[2026-07-04T14:32:55.108+0000] {logging_mixin.py:188} INFO - Downloaded employee/date=2026-06-17/employee_190154186609.parquet -> /tmp/minio_downloads/employee_190154186609.parquet
[2026-07-04T14:32:55.131+0000] {logging_mixin.py:188} INFO - Downloaded employee/date=2026-06-17/employee_190154239277.parquet -> /tmp/minio_downloads/employee_190154239277.parquet
[2026-07-04T14:32:55.155+0000] {logging_mixin.py:188} INFO - Downloaded employee/date=2026-06-17/employee_190154294238.parquet -> /tmp/minio_downloads/employee_190154294238.parquet
[2026-07-04T14:32:55.179+0000] {logging_mixin.py:188} INFO - Downloaded employee/date=2026-06-17/employee_190154428971.parquet -> /tmp/minio_downloads/employee_190154428971.parquet
[2026-07-04T14:32:55.203+0000] {logging_mixin.py:188} INFO - Downloaded employee/date=2026-06-17/employee_190154550888.parquet -> /tmp/minio_downloads/employee_190154550888.parquet
[2026-07-04T14:32:55.229+0000] {logging_mixin.py:188} INFO - Downloaded employee/date=2026-06-17/employee_190154636619.parquet -> /tmp/minio_downloads/employee_190154636619.parquet
[2026-07-04T14:32:55.253+0000] {logging_mixin.py:188} INFO - Downloaded employee/date=2026-06-17/employee_190154715504.parquet -> /tmp/minio_downloads/employee_190154715504.parquet
[2026-07-04T14:32:55.276+0000] {logging_mixin.py:188} INFO - Downloaded employee/date=2026-06-17/employee_190154782171.parquet -> /tmp/minio_downloads/employee_190154782171.parquet
[2026-07-04T14:32:55.299+0000] {logging_mixin.py:188} INFO - Downloaded employee/date=2026-06-17/employee_190154845824.parquet -> /tmp/minio_downloads/employee_190154845824.parquet
[2026-07-04T14:32:55.323+0000] {logging_mixin.py:188} INFO - Downloaded employee/date=2026-06-17/employee_190154911010.parquet -> /tmp/minio_downloads/employee_190154911010.parquet
[2026-07-04T14:32:55.349+0000] {logging_mixin.py:188} INFO - Downloaded employee/date=2026-06-17/employee_190154967119.parquet -> /tmp/minio_downloads/employee_190154967119.parquet
[2026-07-04T14:32:55.377+0000] {logging_mixin.py:188} INFO - Downloaded employee/date=2026-06-17/employee_190155021623.parquet -> /tmp/minio_downloads/employee_190155021623.parquet
[2026-07-04T14:32:55.413+0000] {logging_mixin.py:188} INFO - Downloaded employee/date=2026-06-17/employee_190155076089.parquet -> /tmp/minio_downloads/employee_190155076089.parquet
[2026-07-04T14:32:55.445+0000] {logging_mixin.py:188} INFO - Downloaded employee/date=2026-06-17/employee_190155132764.parquet -> /tmp/minio_downloads/employee_190155132764.parquet
[2026-07-04T14:32:55.476+0000] {logging_mixin.py:188} INFO - Downloaded employee/date=2026-06-17/employee_190155197937.parquet -> /tmp/minio_downloads/employee_190155197937.parquet
[2026-07-04T14:32:55.504+0000] {logging_mixin.py:188} INFO - Downloaded employee/date=2026-06-17/employee_190155259242.parquet -> /tmp/minio_downloads/employee_190155259242.parquet
[2026-07-04T14:32:55.529+0000] {logging_mixin.py:188} INFO - Downloaded employee/date=2026-06-17/employee_190155316695.parquet -> /tmp/minio_downloads/employee_190155316695.parquet
[2026-07-04T14:32:55.553+0000] {logging_mixin.py:188} INFO - Downloaded employee/date=2026-06-17/employee_190155379259.parquet -> /tmp/minio_downloads/employee_190155379259.parquet
[2026-07-04T14:32:55.577+0000] {logging_mixin.py:188} INFO - Downloaded employee/date=2026-06-17/employee_190155445525.parquet -> /tmp/minio_downloads/employee_190155445525.parquet
[2026-07-04T14:32:55.602+0000] {logging_mixin.py:188} INFO - Downloaded employee/date=2026-06-17/employee_190155514218.parquet -> /tmp/minio_downloads/employee_190155514218.parquet
[2026-07-04T14:32:55.627+0000] {logging_mixin.py:188} INFO - Downloaded employee/date=2026-06-17/employee_190155579951.parquet -> /tmp/minio_downloads/employee_190155579951.parquet
[2026-07-04T14:32:55.653+0000] {logging_mixin.py:188} INFO - Downloaded employee/date=2026-06-17/employee_190155703475.parquet -> /tmp/minio_downloads/employee_190155703475.parquet
[2026-07-04T14:32:55.677+0000] {logging_mixin.py:188} INFO - Downloaded employee/date=2026-06-17/employee_190155915956.parquet -> /tmp/minio_downloads/employee_190155915956.parquet
[2026-07-04T14:32:55.701+0000] {logging_mixin.py:188} INFO - Downloaded employee/date=2026-06-17/employee_190156042507.parquet -> /tmp/minio_downloads/employee_190156042507.parquet
[2026-07-04T14:32:55.725+0000] {logging_mixin.py:188} INFO - Downloaded employee/date=2026-06-17/employee_190156129115.parquet -> /tmp/minio_downloads/employee_190156129115.parquet
[2026-07-04T14:32:55.749+0000] {logging_mixin.py:188} INFO - Downloaded employee/date=2026-06-17/employee_190156648086.parquet -> /tmp/minio_downloads/employee_190156648086.parquet
[2026-07-04T14:32:55.776+0000] {logging_mixin.py:188} INFO - Downloaded employee/date=2026-06-17/employee_190156718011.parquet -> /tmp/minio_downloads/employee_190156718011.parquet
[2026-07-04T14:32:55.801+0000] {logging_mixin.py:188} INFO - Downloaded employee/date=2026-06-17/employee_190156773655.parquet -> /tmp/minio_downloads/employee_190156773655.parquet
[2026-07-04T14:32:55.826+0000] {logging_mixin.py:188} INFO - Downloaded employee/date=2026-06-17/employee_190156829763.parquet -> /tmp/minio_downloads/employee_190156829763.parquet
[2026-07-04T14:32:55.850+0000] {logging_mixin.py:188} INFO - Downloaded employee/date=2026-06-17/employee_190156907142.parquet -> /tmp/minio_downloads/employee_190156907142.parquet
[2026-07-04T14:32:55.874+0000] {logging_mixin.py:188} INFO - Downloaded employee/date=2026-06-17/employee_190156970853.parquet -> /tmp/minio_downloads/employee_190156970853.parquet
[2026-07-04T14:32:55.898+0000] {logging_mixin.py:188} INFO - Downloaded employee/date=2026-06-17/employee_190157053636.parquet -> /tmp/minio_downloads/employee_190157053636.parquet
[2026-07-04T14:32:55.921+0000] {logging_mixin.py:188} INFO - Downloaded employee/date=2026-06-17/employee_190157136056.parquet -> /tmp/minio_downloads/employee_190157136056.parquet
[2026-07-04T14:32:55.944+0000] {logging_mixin.py:188} INFO - Downloaded employee/date=2026-06-17/employee_190157219068.parquet -> /tmp/minio_downloads/employee_190157219068.parquet
[2026-07-04T14:32:55.967+0000] {logging_mixin.py:188} INFO - Downloaded employee/date=2026-06-17/employee_190157263796.parquet -> /tmp/minio_downloads/employee_190157263796.parquet
[2026-07-04T14:32:55.993+0000] {logging_mixin.py:188} INFO - Downloaded employee/date=2026-06-17/employee_190157332503.parquet -> /tmp/minio_downloads/employee_190157332503.parquet
[2026-07-04T14:32:56.017+0000] {logging_mixin.py:188} INFO - Downloaded employee/date=2026-06-17/employee_190157383194.parquet -> /tmp/minio_downloads/employee_190157383194.parquet
[2026-07-04T14:32:56.040+0000] {logging_mixin.py:188} INFO - Downloaded employee/date=2026-06-17/employee_190157430507.parquet -> /tmp/minio_downloads/employee_190157430507.parquet
[2026-07-04T14:32:56.063+0000] {logging_mixin.py:188} INFO - Downloaded employee/date=2026-06-17/employee_190157499330.parquet -> /tmp/minio_downloads/employee_190157499330.parquet
[2026-07-04T14:32:56.087+0000] {logging_mixin.py:188} INFO - Downloaded employee/date=2026-06-17/employee_190157552455.parquet -> /tmp/minio_downloads/employee_190157552455.parquet
[2026-07-04T14:32:56.109+0000] {logging_mixin.py:188} INFO - Downloaded employee/date=2026-06-17/employee_190157611392.parquet -> /tmp/minio_downloads/employee_190157611392.parquet
[2026-07-04T14:32:56.133+0000] {logging_mixin.py:188} INFO - Downloaded employee/date=2026-06-17/employee_190157659326.parquet -> /tmp/minio_downloads/employee_190157659326.parquet
[2026-07-04T14:32:56.156+0000] {logging_mixin.py:188} INFO - Downloaded employee/date=2026-06-17/employee_190157728444.parquet -> /tmp/minio_downloads/employee_190157728444.parquet
[2026-07-04T14:32:56.180+0000] {logging_mixin.py:188} INFO - Downloaded employee/date=2026-06-17/employee_190157819182.parquet -> /tmp/minio_downloads/employee_190157819182.parquet
[2026-07-04T14:32:56.208+0000] {logging_mixin.py:188} INFO - Downloaded employee/date=2026-06-17/employee_190157899249.parquet -> /tmp/minio_downloads/employee_190157899249.parquet
[2026-07-04T14:32:56.237+0000] {logging_mixin.py:188} INFO - Downloaded employee/date=2026-06-17/employee_190157972007.parquet -> /tmp/minio_downloads/employee_190157972007.parquet
[2026-07-04T14:32:56.263+0000] {logging_mixin.py:188} INFO - Downloaded employee/date=2026-06-17/employee_190158034529.parquet -> /tmp/minio_downloads/employee_190158034529.parquet
[2026-07-04T14:32:56.289+0000] {logging_mixin.py:188} INFO - Downloaded employee/date=2026-06-17/employee_190158132639.parquet -> /tmp/minio_downloads/employee_190158132639.parquet
[2026-07-04T14:32:56.315+0000] {logging_mixin.py:188} INFO - Downloaded employee/date=2026-06-17/employee_190158217409.parquet -> /tmp/minio_downloads/employee_190158217409.parquet
[2026-07-04T14:32:56.347+0000] {logging_mixin.py:188} INFO - Downloaded employee/date=2026-06-17/employee_190158280323.parquet -> /tmp/minio_downloads/employee_190158280323.parquet
[2026-07-04T14:32:56.371+0000] {logging_mixin.py:188} INFO - Downloaded employee/date=2026-06-17/employee_190158347963.parquet -> /tmp/minio_downloads/employee_190158347963.parquet
[2026-07-04T14:32:56.395+0000] {logging_mixin.py:188} INFO - Downloaded employee/date=2026-06-17/employee_190158400082.parquet -> /tmp/minio_downloads/employee_190158400082.parquet
[2026-07-04T14:32:56.422+0000] {logging_mixin.py:188} INFO - Downloaded employee/date=2026-06-17/employee_190158460061.parquet -> /tmp/minio_downloads/employee_190158460061.parquet
[2026-07-04T14:32:56.449+0000] {logging_mixin.py:188} INFO - Downloaded employee/date=2026-06-17/employee_190158513552.parquet -> /tmp/minio_downloads/employee_190158513552.parquet
[2026-07-04T14:32:56.473+0000] {logging_mixin.py:188} INFO - Downloaded employee/date=2026-06-17/employee_190158569088.parquet -> /tmp/minio_downloads/employee_190158569088.parquet
[2026-07-04T14:32:56.498+0000] {logging_mixin.py:188} INFO - Downloaded employee/date=2026-06-17/employee_190158630288.parquet -> /tmp/minio_downloads/employee_190158630288.parquet
[2026-07-04T14:32:56.523+0000] {logging_mixin.py:188} INFO - Downloaded employee/date=2026-06-17/employee_190158683455.parquet -> /tmp/minio_downloads/employee_190158683455.parquet
[2026-07-04T14:32:56.546+0000] {logging_mixin.py:188} INFO - Downloaded employee/date=2026-06-17/employee_190158751637.parquet -> /tmp/minio_downloads/employee_190158751637.parquet
[2026-07-04T14:32:56.572+0000] {logging_mixin.py:188} INFO - Downloaded employee/date=2026-06-17/employee_190158835269.parquet -> /tmp/minio_downloads/employee_190158835269.parquet
[2026-07-04T14:32:56.596+0000] {logging_mixin.py:188} INFO - Downloaded employee/date=2026-06-17/employee_190158911562.parquet -> /tmp/minio_downloads/employee_190158911562.parquet
[2026-07-04T14:32:56.621+0000] {logging_mixin.py:188} INFO - Downloaded employee/date=2026-06-17/employee_190158975075.parquet -> /tmp/minio_downloads/employee_190158975075.parquet
[2026-07-04T14:32:56.644+0000] {logging_mixin.py:188} INFO - Downloaded employee/date=2026-06-17/employee_190159036807.parquet -> /tmp/minio_downloads/employee_190159036807.parquet
[2026-07-04T14:32:56.667+0000] {logging_mixin.py:188} INFO - Downloaded employee/date=2026-06-17/employee_190159100635.parquet -> /tmp/minio_downloads/employee_190159100635.parquet
[2026-07-04T14:32:56.690+0000] {logging_mixin.py:188} INFO - Downloaded employee/date=2026-06-17/employee_190159163711.parquet -> /tmp/minio_downloads/employee_190159163711.parquet
[2026-07-04T14:32:56.714+0000] {logging_mixin.py:188} INFO - Downloaded employee/date=2026-06-17/employee_190159220486.parquet -> /tmp/minio_downloads/employee_190159220486.parquet
[2026-07-04T14:32:56.738+0000] {logging_mixin.py:188} INFO - Downloaded employee/date=2026-06-17/employee_190159272610.parquet -> /tmp/minio_downloads/employee_190159272610.parquet
[2026-07-04T14:32:56.761+0000] {logging_mixin.py:188} INFO - Downloaded employee/date=2026-06-17/employee_190159325801.parquet -> /tmp/minio_downloads/employee_190159325801.parquet
[2026-07-04T14:32:56.786+0000] {logging_mixin.py:188} INFO - Downloaded employee/date=2026-06-17/employee_190159378992.parquet -> /tmp/minio_downloads/employee_190159378992.parquet
[2026-07-04T14:32:56.811+0000] {logging_mixin.py:188} INFO - Downloaded employee/date=2026-06-17/employee_190159431121.parquet -> /tmp/minio_downloads/employee_190159431121.parquet
[2026-07-04T14:32:56.836+0000] {logging_mixin.py:188} INFO - Downloaded employee/date=2026-06-17/employee_190159493936.parquet -> /tmp/minio_downloads/employee_190159493936.parquet
[2026-07-04T14:32:56.859+0000] {logging_mixin.py:188} INFO - Downloaded employee/date=2026-06-17/employee_190159553877.parquet -> /tmp/minio_downloads/employee_190159553877.parquet
[2026-07-04T14:32:56.883+0000] {logging_mixin.py:188} INFO - Downloaded employee/date=2026-06-17/employee_190159621723.parquet -> /tmp/minio_downloads/employee_190159621723.parquet
[2026-07-04T14:32:56.906+0000] {logging_mixin.py:188} INFO - Downloaded employee/date=2026-06-17/employee_190159686217.parquet -> /tmp/minio_downloads/employee_190159686217.parquet
[2026-07-04T14:32:56.928+0000] {logging_mixin.py:188} INFO - Downloaded employee/date=2026-06-17/employee_190159749692.parquet -> /tmp/minio_downloads/employee_190159749692.parquet
[2026-07-04T14:32:56.952+0000] {logging_mixin.py:188} INFO - Downloaded employee/date=2026-06-17/employee_190159805756.parquet -> /tmp/minio_downloads/employee_190159805756.parquet
[2026-07-04T14:32:56.976+0000] {logging_mixin.py:188} INFO - Downloaded employee/date=2026-06-17/employee_190159880524.parquet -> /tmp/minio_downloads/employee_190159880524.parquet
[2026-07-04T14:32:56.999+0000] {logging_mixin.py:188} INFO - Downloaded employee/date=2026-06-17/employee_190159956293.parquet -> /tmp/minio_downloads/employee_190159956293.parquet
[2026-07-04T14:32:57.023+0000] {logging_mixin.py:188} INFO - Downloaded employee/date=2026-06-17/employee_190200029554.parquet -> /tmp/minio_downloads/employee_190200029554.parquet
[2026-07-04T14:32:57.046+0000] {logging_mixin.py:188} INFO - Downloaded employee/date=2026-06-17/employee_190200100098.parquet -> /tmp/minio_downloads/employee_190200100098.parquet
[2026-07-04T14:32:57.069+0000] {logging_mixin.py:188} INFO - Downloaded employee/date=2026-06-17/employee_190200163706.parquet -> /tmp/minio_downloads/employee_190200163706.parquet
[2026-07-04T14:32:57.091+0000] {logging_mixin.py:188} INFO - Downloaded employee/date=2026-06-17/employee_190200223334.parquet -> /tmp/minio_downloads/employee_190200223334.parquet
[2026-07-04T14:32:57.114+0000] {logging_mixin.py:188} INFO - Downloaded employee/date=2026-06-17/employee_190200286259.parquet -> /tmp/minio_downloads/employee_190200286259.parquet
[2026-07-04T14:32:57.139+0000] {logging_mixin.py:188} INFO - Downloaded employee/date=2026-06-17/employee_190200355795.parquet -> /tmp/minio_downloads/employee_190200355795.parquet
[2026-07-04T14:32:57.163+0000] {logging_mixin.py:188} INFO - Downloaded employee/date=2026-06-17/employee_190200446254.parquet -> /tmp/minio_downloads/employee_190200446254.parquet
[2026-07-04T14:32:57.191+0000] {logging_mixin.py:188} INFO - Downloaded employee/date=2026-06-17/employee_190200554902.parquet -> /tmp/minio_downloads/employee_190200554902.parquet
[2026-07-04T14:32:57.218+0000] {logging_mixin.py:188} INFO - Downloaded employee/date=2026-06-17/employee_190200642263.parquet -> /tmp/minio_downloads/employee_190200642263.parquet
[2026-07-04T14:32:57.244+0000] {logging_mixin.py:188} INFO - Downloaded employee/date=2026-06-17/employee_190200699345.parquet -> /tmp/minio_downloads/employee_190200699345.parquet
[2026-07-04T14:32:57.269+0000] {logging_mixin.py:188} INFO - Downloaded employee/date=2026-06-17/employee_190200764477.parquet -> /tmp/minio_downloads/employee_190200764477.parquet
[2026-07-04T14:32:57.293+0000] {logging_mixin.py:188} INFO - Downloaded employee/date=2026-06-17/employee_190200830574.parquet -> /tmp/minio_downloads/employee_190200830574.parquet
[2026-07-04T14:32:57.314+0000] {logging_mixin.py:188} INFO - Downloaded employee/date=2026-06-17/employee_190200895662.parquet -> /tmp/minio_downloads/employee_190200895662.parquet
[2026-07-04T14:32:57.338+0000] {logging_mixin.py:188} INFO - Downloaded employee/date=2026-06-17/employee_190200964703.parquet -> /tmp/minio_downloads/employee_190200964703.parquet
[2026-07-04T14:32:57.362+0000] {logging_mixin.py:188} INFO - Downloaded employee/date=2026-06-17/employee_190201030829.parquet -> /tmp/minio_downloads/employee_190201030829.parquet
[2026-07-04T14:32:57.387+0000] {logging_mixin.py:188} INFO - Downloaded employee/date=2026-06-17/employee_190201089586.parquet -> /tmp/minio_downloads/employee_190201089586.parquet
[2026-07-04T14:32:57.414+0000] {logging_mixin.py:188} INFO - Downloaded employee/date=2026-06-17/employee_190201150448.parquet -> /tmp/minio_downloads/employee_190201150448.parquet
[2026-07-04T14:32:57.440+0000] {logging_mixin.py:188} INFO - Downloaded employee/date=2026-06-17/employee_190201217292.parquet -> /tmp/minio_downloads/employee_190201217292.parquet
[2026-07-04T14:32:57.467+0000] {logging_mixin.py:188} INFO - Downloaded employee/date=2026-06-17/employee_190201294160.parquet -> /tmp/minio_downloads/employee_190201294160.parquet
[2026-07-04T14:32:57.492+0000] {logging_mixin.py:188} INFO - Downloaded employee/date=2026-06-17/employee_190201357739.parquet -> /tmp/minio_downloads/employee_190201357739.parquet
[2026-07-04T14:32:57.518+0000] {logging_mixin.py:188} INFO - Downloaded employee/date=2026-06-17/employee_190201417675.parquet -> /tmp/minio_downloads/employee_190201417675.parquet
[2026-07-04T14:32:57.548+0000] {logging_mixin.py:188} INFO - Downloaded employee/date=2026-06-17/employee_190201484075.parquet -> /tmp/minio_downloads/employee_190201484075.parquet
[2026-07-04T14:32:57.578+0000] {logging_mixin.py:188} INFO - Downloaded employee/date=2026-06-17/employee_190201555708.parquet -> /tmp/minio_downloads/employee_190201555708.parquet
[2026-07-04T14:32:57.607+0000] {logging_mixin.py:188} INFO - Downloaded employee/date=2026-06-17/employee_190201645465.parquet -> /tmp/minio_downloads/employee_190201645465.parquet
[2026-07-04T14:32:57.638+0000] {logging_mixin.py:188} INFO - Downloaded employee/date=2026-06-17/employee_190201713203.parquet -> /tmp/minio_downloads/employee_190201713203.parquet
[2026-07-04T14:32:57.668+0000] {logging_mixin.py:188} INFO - Downloaded employee/date=2026-06-17/employee_190201787222.parquet -> /tmp/minio_downloads/employee_190201787222.parquet
[2026-07-04T14:32:57.694+0000] {logging_mixin.py:188} INFO - Downloaded employee/date=2026-06-17/employee_190201877221.parquet -> /tmp/minio_downloads/employee_190201877221.parquet
[2026-07-04T14:32:57.727+0000] {logging_mixin.py:188} INFO - Downloaded employee/date=2026-06-17/employee_190201967911.parquet -> /tmp/minio_downloads/employee_190201967911.parquet
[2026-07-04T14:32:57.756+0000] {logging_mixin.py:188} INFO - Downloaded employee/date=2026-06-17/employee_190202048215.parquet -> /tmp/minio_downloads/employee_190202048215.parquet
[2026-07-04T14:32:57.791+0000] {logging_mixin.py:188} INFO - Downloaded employee/date=2026-06-17/employee_190202141987.parquet -> /tmp/minio_downloads/employee_190202141987.parquet
[2026-07-04T14:32:57.823+0000] {logging_mixin.py:188} INFO - Downloaded employee/date=2026-06-17/employee_190202213680.parquet -> /tmp/minio_downloads/employee_190202213680.parquet
[2026-07-04T14:32:57.858+0000] {logging_mixin.py:188} INFO - Downloaded employee/date=2026-06-17/employee_190202297905.parquet -> /tmp/minio_downloads/employee_190202297905.parquet
[2026-07-04T14:32:57.884+0000] {logging_mixin.py:188} INFO - Downloaded employee/date=2026-06-17/employee_190202380311.parquet -> /tmp/minio_downloads/employee_190202380311.parquet
[2026-07-04T14:32:57.912+0000] {logging_mixin.py:188} INFO - Downloaded employee/date=2026-06-17/employee_190202444934.parquet -> /tmp/minio_downloads/employee_190202444934.parquet
[2026-07-04T14:32:57.937+0000] {logging_mixin.py:188} INFO - Downloaded employee/date=2026-06-17/employee_190202514345.parquet -> /tmp/minio_downloads/employee_190202514345.parquet
[2026-07-04T14:32:57.962+0000] {logging_mixin.py:188} INFO - Downloaded employee/date=2026-06-17/employee_190202576732.parquet -> /tmp/minio_downloads/employee_190202576732.parquet
[2026-07-04T14:32:57.988+0000] {logging_mixin.py:188} INFO - Downloaded employee/date=2026-06-17/employee_190202654504.parquet -> /tmp/minio_downloads/employee_190202654504.parquet
[2026-07-04T14:32:58.014+0000] {logging_mixin.py:188} INFO - Downloaded employee/date=2026-06-17/employee_190202734094.parquet -> /tmp/minio_downloads/employee_190202734094.parquet
[2026-07-04T14:32:58.039+0000] {logging_mixin.py:188} INFO - Downloaded employee/date=2026-06-17/employee_190202812439.parquet -> /tmp/minio_downloads/employee_190202812439.parquet
[2026-07-04T14:32:58.065+0000] {logging_mixin.py:188} INFO - Downloaded employee/date=2026-06-17/employee_190202886165.parquet -> /tmp/minio_downloads/employee_190202886165.parquet
[2026-07-04T14:32:58.092+0000] {logging_mixin.py:188} INFO - Downloaded employee/date=2026-06-17/employee_190202963861.parquet -> /tmp/minio_downloads/employee_190202963861.parquet
[2026-07-04T14:32:58.118+0000] {logging_mixin.py:188} INFO - Downloaded employee/date=2026-06-17/employee_190203036278.parquet -> /tmp/minio_downloads/employee_190203036278.parquet
[2026-07-04T14:32:58.146+0000] {logging_mixin.py:188} INFO - Downloaded employee/date=2026-06-17/employee_190203114550.parquet -> /tmp/minio_downloads/employee_190203114550.parquet
[2026-07-04T14:32:58.175+0000] {logging_mixin.py:188} INFO - Downloaded employee/date=2026-06-17/employee_190203223519.parquet -> /tmp/minio_downloads/employee_190203223519.parquet
[2026-07-04T14:32:58.204+0000] {logging_mixin.py:188} INFO - Downloaded employee/date=2026-06-17/employee_190203319893.parquet -> /tmp/minio_downloads/employee_190203319893.parquet
[2026-07-04T14:32:58.231+0000] {logging_mixin.py:188} INFO - Downloaded employee/date=2026-06-17/employee_190203405321.parquet -> /tmp/minio_downloads/employee_190203405321.parquet
[2026-07-04T14:32:58.261+0000] {logging_mixin.py:188} INFO - Downloaded employee/date=2026-06-17/employee_190203490272.parquet -> /tmp/minio_downloads/employee_190203490272.parquet
[2026-07-04T14:32:58.288+0000] {logging_mixin.py:188} INFO - Downloaded employee/date=2026-06-17/employee_190203571285.parquet -> /tmp/minio_downloads/employee_190203571285.parquet
[2026-07-04T14:32:58.315+0000] {logging_mixin.py:188} INFO - Downloaded employee/date=2026-06-17/employee_190203652824.parquet -> /tmp/minio_downloads/employee_190203652824.parquet
[2026-07-04T14:32:58.341+0000] {logging_mixin.py:188} INFO - Downloaded employee/date=2026-06-17/employee_190203774989.parquet -> /tmp/minio_downloads/employee_190203774989.parquet
[2026-07-04T14:32:58.365+0000] {logging_mixin.py:188} INFO - Downloaded employee/date=2026-06-17/employee_190203877218.parquet -> /tmp/minio_downloads/employee_190203877218.parquet
[2026-07-04T14:32:58.389+0000] {logging_mixin.py:188} INFO - Downloaded employee/date=2026-06-17/employee_190203956597.parquet -> /tmp/minio_downloads/employee_190203956597.parquet
[2026-07-04T14:32:58.413+0000] {logging_mixin.py:188} INFO - Downloaded employee/date=2026-06-17/employee_190204045509.parquet -> /tmp/minio_downloads/employee_190204045509.parquet
[2026-07-04T14:32:58.436+0000] {logging_mixin.py:188} INFO - Downloaded employee/date=2026-06-17/employee_190204145393.parquet -> /tmp/minio_downloads/employee_190204145393.parquet
[2026-07-04T14:32:58.462+0000] {logging_mixin.py:188} INFO - Downloaded employee/date=2026-06-17/employee_190204339396.parquet -> /tmp/minio_downloads/employee_190204339396.parquet
[2026-07-04T14:32:58.487+0000] {logging_mixin.py:188} INFO - Downloaded employee/date=2026-06-17/employee_190204470281.parquet -> /tmp/minio_downloads/employee_190204470281.parquet
[2026-07-04T14:32:58.512+0000] {logging_mixin.py:188} INFO - Downloaded employee/date=2026-06-17/employee_190204555268.parquet -> /tmp/minio_downloads/employee_190204555268.parquet
[2026-07-04T14:32:58.537+0000] {logging_mixin.py:188} INFO - Downloaded employee/date=2026-06-17/employee_190204647451.parquet -> /tmp/minio_downloads/employee_190204647451.parquet
[2026-07-04T14:32:58.562+0000] {logging_mixin.py:188} INFO - Downloaded employee/date=2026-06-17/employee_190204739447.parquet -> /tmp/minio_downloads/employee_190204739447.parquet
[2026-07-04T14:32:58.587+0000] {logging_mixin.py:188} INFO - Downloaded employee/date=2026-06-17/employee_190204829744.parquet -> /tmp/minio_downloads/employee_190204829744.parquet
[2026-07-04T14:32:58.610+0000] {logging_mixin.py:188} INFO - Downloaded employee/date=2026-06-17/employee_190204914570.parquet -> /tmp/minio_downloads/employee_190204914570.parquet
[2026-07-04T14:32:58.635+0000] {logging_mixin.py:188} INFO - Downloaded employee/date=2026-06-17/employee_190205005508.parquet -> /tmp/minio_downloads/employee_190205005508.parquet
[2026-07-04T14:32:58.660+0000] {logging_mixin.py:188} INFO - Downloaded employee/date=2026-06-17/employee_190205092068.parquet -> /tmp/minio_downloads/employee_190205092068.parquet
[2026-07-04T14:32:58.684+0000] {logging_mixin.py:188} INFO - Downloaded employee/date=2026-06-17/employee_190205182770.parquet -> /tmp/minio_downloads/employee_190205182770.parquet
[2026-07-04T14:32:58.709+0000] {logging_mixin.py:188} INFO - Downloaded employee/date=2026-06-17/employee_190205264201.parquet -> /tmp/minio_downloads/employee_190205264201.parquet
[2026-07-04T14:32:58.737+0000] {logging_mixin.py:188} INFO - Downloaded employee/date=2026-06-17/employee_190205353171.parquet -> /tmp/minio_downloads/employee_190205353171.parquet
[2026-07-04T14:32:58.767+0000] {logging_mixin.py:188} INFO - Downloaded employee/date=2026-06-17/employee_190205446954.parquet -> /tmp/minio_downloads/employee_190205446954.parquet
[2026-07-04T14:32:58.797+0000] {logging_mixin.py:188} INFO - Downloaded employee/date=2026-06-17/employee_190205531132.parquet -> /tmp/minio_downloads/employee_190205531132.parquet
[2026-07-04T14:32:58.822+0000] {logging_mixin.py:188} INFO - Downloaded employee/date=2026-06-17/employee_190205615696.parquet -> /tmp/minio_downloads/employee_190205615696.parquet
[2026-07-04T14:32:58.847+0000] {logging_mixin.py:188} INFO - Downloaded employee/date=2026-06-17/employee_190205718039.parquet -> /tmp/minio_downloads/employee_190205718039.parquet
[2026-07-04T14:32:58.871+0000] {logging_mixin.py:188} INFO - Downloaded employee/date=2026-06-17/employee_190205807414.parquet -> /tmp/minio_downloads/employee_190205807414.parquet
[2026-07-04T14:32:58.895+0000] {logging_mixin.py:188} INFO - Downloaded employee/date=2026-06-17/employee_190205888993.parquet -> /tmp/minio_downloads/employee_190205888993.parquet
[2026-07-04T14:32:58.920+0000] {logging_mixin.py:188} INFO - Downloaded employee/date=2026-06-17/employee_190205984434.parquet -> /tmp/minio_downloads/employee_190205984434.parquet
[2026-07-04T14:32:58.944+0000] {logging_mixin.py:188} INFO - Downloaded employee/date=2026-06-17/employee_190206086367.parquet -> /tmp/minio_downloads/employee_190206086367.parquet
[2026-07-04T14:32:58.968+0000] {logging_mixin.py:188} INFO - Downloaded employee/date=2026-06-17/employee_190206172789.parquet -> /tmp/minio_downloads/employee_190206172789.parquet
[2026-07-04T14:32:58.992+0000] {logging_mixin.py:188} INFO - Downloaded employee/date=2026-06-17/employee_190206259958.parquet -> /tmp/minio_downloads/employee_190206259958.parquet
[2026-07-04T14:32:59.015+0000] {logging_mixin.py:188} INFO - Downloaded employee/date=2026-06-17/employee_190206349570.parquet -> /tmp/minio_downloads/employee_190206349570.parquet
[2026-07-04T14:32:59.040+0000] {logging_mixin.py:188} INFO - Downloaded employee/date=2026-06-17/employee_190206442993.parquet -> /tmp/minio_downloads/employee_190206442993.parquet
[2026-07-04T14:32:59.064+0000] {logging_mixin.py:188} INFO - Downloaded employee/date=2026-06-17/employee_190206581479.parquet -> /tmp/minio_downloads/employee_190206581479.parquet
[2026-07-04T14:32:59.088+0000] {logging_mixin.py:188} INFO - Downloaded employee/date=2026-06-17/employee_190206718007.parquet -> /tmp/minio_downloads/employee_190206718007.parquet
[2026-07-04T14:32:59.112+0000] {logging_mixin.py:188} INFO - Downloaded employee/date=2026-06-17/employee_190206836597.parquet -> /tmp/minio_downloads/employee_190206836597.parquet
[2026-07-04T14:32:59.136+0000] {logging_mixin.py:188} INFO - Downloaded employee/date=2026-06-17/employee_190206931361.parquet -> /tmp/minio_downloads/employee_190206931361.parquet
[2026-07-04T14:32:59.160+0000] {logging_mixin.py:188} INFO - Downloaded employee/date=2026-06-17/employee_190207004304.parquet -> /tmp/minio_downloads/employee_190207004304.parquet
[2026-07-04T14:32:59.185+0000] {logging_mixin.py:188} INFO - Downloaded employee/date=2026-06-17/employee_190207123765.parquet -> /tmp/minio_downloads/employee_190207123765.parquet
[2026-07-04T14:32:59.209+0000] {logging_mixin.py:188} INFO - Downloaded employee/date=2026-06-17/employee_190207249812.parquet -> /tmp/minio_downloads/employee_190207249812.parquet
[2026-07-04T14:32:59.233+0000] {logging_mixin.py:188} INFO - Downloaded employee/date=2026-06-17/employee_190207339858.parquet -> /tmp/minio_downloads/employee_190207339858.parquet
[2026-07-04T14:32:59.259+0000] {logging_mixin.py:188} INFO - Downloaded employee/date=2026-06-17/employee_190207429221.parquet -> /tmp/minio_downloads/employee_190207429221.parquet
[2026-07-04T14:32:59.284+0000] {logging_mixin.py:188} INFO - Downloaded employee/date=2026-06-17/employee_190207522608.parquet -> /tmp/minio_downloads/employee_190207522608.parquet
[2026-07-04T14:32:59.309+0000] {logging_mixin.py:188} INFO - Downloaded employee/date=2026-06-17/employee_190207687415.parquet -> /tmp/minio_downloads/employee_190207687415.parquet
[2026-07-04T14:32:59.334+0000] {logging_mixin.py:188} INFO - Downloaded employee/date=2026-06-17/employee_190207770879.parquet -> /tmp/minio_downloads/employee_190207770879.parquet
[2026-07-04T14:32:59.360+0000] {logging_mixin.py:188} INFO - Downloaded employee/date=2026-06-17/employee_190207879182.parquet -> /tmp/minio_downloads/employee_190207879182.parquet
[2026-07-04T14:32:59.386+0000] {logging_mixin.py:188} INFO - Downloaded employee/date=2026-06-17/employee_190207963983.parquet -> /tmp/minio_downloads/employee_190207963983.parquet
[2026-07-04T14:32:59.410+0000] {logging_mixin.py:188} INFO - Downloaded employee/date=2026-06-17/employee_190208031932.parquet -> /tmp/minio_downloads/employee_190208031932.parquet
[2026-07-04T14:32:59.435+0000] {logging_mixin.py:188} INFO - Downloaded employee/date=2026-06-17/employee_190208122316.parquet -> /tmp/minio_downloads/employee_190208122316.parquet
[2026-07-04T14:32:59.460+0000] {logging_mixin.py:188} INFO - Downloaded employee/date=2026-06-17/employee_190208203028.parquet -> /tmp/minio_downloads/employee_190208203028.parquet
[2026-07-04T14:32:59.486+0000] {logging_mixin.py:188} INFO - Downloaded employee/date=2026-06-17/employee_190208273011.parquet -> /tmp/minio_downloads/employee_190208273011.parquet
[2026-07-04T14:32:59.510+0000] {logging_mixin.py:188} INFO - Downloaded employee/date=2026-06-17/employee_190208337717.parquet -> /tmp/minio_downloads/employee_190208337717.parquet
[2026-07-04T14:32:59.533+0000] {logging_mixin.py:188} INFO - Downloaded employee/date=2026-06-17/employee_190208438964.parquet -> /tmp/minio_downloads/employee_190208438964.parquet
[2026-07-04T14:32:59.557+0000] {logging_mixin.py:188} INFO - Downloaded employee/date=2026-06-17/employee_190208512878.parquet -> /tmp/minio_downloads/employee_190208512878.parquet
[2026-07-04T14:32:59.582+0000] {logging_mixin.py:188} INFO - Downloaded employee/date=2026-06-17/employee_190208614046.parquet -> /tmp/minio_downloads/employee_190208614046.parquet
[2026-07-04T14:32:59.606+0000] {logging_mixin.py:188} INFO - Downloaded employee/date=2026-06-17/employee_190208737256.parquet -> /tmp/minio_downloads/employee_190208737256.parquet
[2026-07-04T14:32:59.631+0000] {logging_mixin.py:188} INFO - Downloaded employee/date=2026-06-17/employee_190208827984.parquet -> /tmp/minio_downloads/employee_190208827984.parquet
[2026-07-04T14:32:59.655+0000] {logging_mixin.py:188} INFO - Downloaded employee/date=2026-06-17/employee_190208941107.parquet -> /tmp/minio_downloads/employee_190208941107.parquet
[2026-07-04T14:32:59.680+0000] {logging_mixin.py:188} INFO - Downloaded employee/date=2026-06-17/employee_190209030304.parquet -> /tmp/minio_downloads/employee_190209030304.parquet
[2026-07-04T14:32:59.705+0000] {logging_mixin.py:188} INFO - Downloaded employee/date=2026-06-17/employee_190209110086.parquet -> /tmp/minio_downloads/employee_190209110086.parquet
[2026-07-04T14:32:59.732+0000] {logging_mixin.py:188} INFO - Downloaded employee/date=2026-06-17/employee_190209181174.parquet -> /tmp/minio_downloads/employee_190209181174.parquet
[2026-07-04T14:32:59.758+0000] {logging_mixin.py:188} INFO - Downloaded employee/date=2026-06-17/employee_190209266508.parquet -> /tmp/minio_downloads/employee_190209266508.parquet
[2026-07-04T14:32:59.785+0000] {logging_mixin.py:188} INFO - Downloaded employee/date=2026-06-17/employee_190209355145.parquet -> /tmp/minio_downloads/employee_190209355145.parquet
[2026-07-04T14:32:59.809+0000] {logging_mixin.py:188} INFO - Downloaded employee/date=2026-06-17/employee_190209445559.parquet -> /tmp/minio_downloads/employee_190209445559.parquet
[2026-07-04T14:32:59.834+0000] {logging_mixin.py:188} INFO - Downloaded employee/date=2026-06-17/employee_190209525562.parquet -> /tmp/minio_downloads/employee_190209525562.parquet
[2026-07-04T14:32:59.859+0000] {logging_mixin.py:188} INFO - Downloaded employee/date=2026-06-17/employee_190209631219.parquet -> /tmp/minio_downloads/employee_190209631219.parquet
[2026-07-04T14:32:59.883+0000] {logging_mixin.py:188} INFO - Downloaded employee/date=2026-06-17/employee_190209723861.parquet -> /tmp/minio_downloads/employee_190209723861.parquet
[2026-07-04T14:32:59.906+0000] {logging_mixin.py:188} INFO - Downloaded employee/date=2026-06-17/employee_190209814318.parquet -> /tmp/minio_downloads/employee_190209814318.parquet
[2026-07-04T14:32:59.929+0000] {logging_mixin.py:188} INFO - Downloaded employee/date=2026-06-17/employee_190209902643.parquet -> /tmp/minio_downloads/employee_190209902643.parquet
[2026-07-04T14:32:59.951+0000] {logging_mixin.py:188} INFO - Downloaded employee/date=2026-06-17/employee_190209972474.parquet -> /tmp/minio_downloads/employee_190209972474.parquet
[2026-07-04T14:32:59.975+0000] {logging_mixin.py:188} INFO - Downloaded employee/date=2026-06-17/employee_190210068452.parquet -> /tmp/minio_downloads/employee_190210068452.parquet
[2026-07-04T14:33:00.000+0000] {logging_mixin.py:188} INFO - Downloaded employee/date=2026-06-17/employee_190210172528.parquet -> /tmp/minio_downloads/employee_190210172528.parquet
[2026-07-04T14:33:00.026+0000] {logging_mixin.py:188} INFO - Downloaded employee/date=2026-06-17/employee_190210254560.parquet -> /tmp/minio_downloads/employee_190210254560.parquet
[2026-07-04T14:33:00.051+0000] {logging_mixin.py:188} INFO - Downloaded employee/date=2026-06-17/employee_190210338178.parquet -> /tmp/minio_downloads/employee_190210338178.parquet
[2026-07-04T14:33:00.078+0000] {logging_mixin.py:188} INFO - Downloaded employee/date=2026-06-17/employee_190210418713.parquet -> /tmp/minio_downloads/employee_190210418713.parquet
[2026-07-04T14:33:00.103+0000] {logging_mixin.py:188} INFO - Downloaded employee/date=2026-06-17/employee_190210539657.parquet -> /tmp/minio_downloads/employee_190210539657.parquet
[2026-07-04T14:33:00.129+0000] {logging_mixin.py:188} INFO - Downloaded employee/date=2026-06-17/employee_190210647156.parquet -> /tmp/minio_downloads/employee_190210647156.parquet
[2026-07-04T14:33:00.155+0000] {logging_mixin.py:188} INFO - Downloaded employee/date=2026-06-17/employee_190210774995.parquet -> /tmp/minio_downloads/employee_190210774995.parquet
[2026-07-04T14:33:00.181+0000] {logging_mixin.py:188} INFO - Downloaded employee/date=2026-06-17/employee_190210895294.parquet -> /tmp/minio_downloads/employee_190210895294.parquet
[2026-07-04T14:33:00.206+0000] {logging_mixin.py:188} INFO - Downloaded employee/date=2026-06-17/employee_190211002061.parquet -> /tmp/minio_downloads/employee_190211002061.parquet
[2026-07-04T14:33:00.230+0000] {logging_mixin.py:188} INFO - Downloaded employee/date=2026-06-17/employee_190211092649.parquet -> /tmp/minio_downloads/employee_190211092649.parquet
[2026-07-04T14:33:00.256+0000] {logging_mixin.py:188} INFO - Downloaded employee/date=2026-06-17/employee_190211194312.parquet -> /tmp/minio_downloads/employee_190211194312.parquet
[2026-07-04T14:33:00.285+0000] {logging_mixin.py:188} INFO - Downloaded employee/date=2026-06-17/employee_190211326550.parquet -> /tmp/minio_downloads/employee_190211326550.parquet
[2026-07-04T14:33:00.311+0000] {logging_mixin.py:188} INFO - Downloaded employee/date=2026-06-17/employee_190211439633.parquet -> /tmp/minio_downloads/employee_190211439633.parquet
[2026-07-04T14:33:00.335+0000] {logging_mixin.py:188} INFO - Downloaded employee/date=2026-06-17/employee_190211544189.parquet -> /tmp/minio_downloads/employee_190211544189.parquet
[2026-07-04T14:33:00.359+0000] {logging_mixin.py:188} INFO - Downloaded employee/date=2026-06-17/employee_190211645552.parquet -> /tmp/minio_downloads/employee_190211645552.parquet
[2026-07-04T14:33:00.382+0000] {logging_mixin.py:188} INFO - Downloaded employee/date=2026-06-17/employee_190211723678.parquet -> /tmp/minio_downloads/employee_190211723678.parquet
[2026-07-04T14:33:00.405+0000] {logging_mixin.py:188} INFO - Downloaded employee/date=2026-06-17/employee_190211823458.parquet -> /tmp/minio_downloads/employee_190211823458.parquet
[2026-07-04T14:33:00.429+0000] {logging_mixin.py:188} INFO - Downloaded employee/date=2026-06-17/employee_190211925688.parquet -> /tmp/minio_downloads/employee_190211925688.parquet
[2026-07-04T14:33:00.452+0000] {logging_mixin.py:188} INFO - Downloaded employee/date=2026-06-17/employee_190212020760.parquet -> /tmp/minio_downloads/employee_190212020760.parquet
[2026-07-04T14:33:00.476+0000] {logging_mixin.py:188} INFO - Downloaded employee/date=2026-06-17/employee_190212125436.parquet -> /tmp/minio_downloads/employee_190212125436.parquet
[2026-07-04T14:33:00.502+0000] {logging_mixin.py:188} INFO - Downloaded employee/date=2026-06-17/employee_190212225797.parquet -> /tmp/minio_downloads/employee_190212225797.parquet
[2026-07-04T14:33:00.529+0000] {logging_mixin.py:188} INFO - Downloaded employee/date=2026-06-17/employee_190212309222.parquet -> /tmp/minio_downloads/employee_190212309222.parquet
[2026-07-04T14:33:00.553+0000] {logging_mixin.py:188} INFO - Downloaded employee/date=2026-06-17/employee_190212402085.parquet -> /tmp/minio_downloads/employee_190212402085.parquet
[2026-07-04T14:33:00.577+0000] {logging_mixin.py:188} INFO - Downloaded employee/date=2026-06-17/employee_190212488574.parquet -> /tmp/minio_downloads/employee_190212488574.parquet
[2026-07-04T14:33:00.600+0000] {logging_mixin.py:188} INFO - Downloaded employee/date=2026-06-17/employee_190212575002.parquet -> /tmp/minio_downloads/employee_190212575002.parquet
[2026-07-04T14:33:00.623+0000] {logging_mixin.py:188} INFO - Downloaded employee/date=2026-06-17/employee_190212717491.parquet -> /tmp/minio_downloads/employee_190212717491.parquet
[2026-07-04T14:33:00.646+0000] {logging_mixin.py:188} INFO - Downloaded employee/date=2026-06-17/employee_190212884957.parquet -> /tmp/minio_downloads/employee_190212884957.parquet
[2026-07-04T14:33:00.671+0000] {logging_mixin.py:188} INFO - Downloaded employee/date=2026-06-17/employee_190213000680.parquet -> /tmp/minio_downloads/employee_190213000680.parquet
[2026-07-04T14:33:00.695+0000] {logging_mixin.py:188} INFO - Downloaded employee/date=2026-06-17/employee_190213105531.parquet -> /tmp/minio_downloads/employee_190213105531.parquet
[2026-07-04T14:33:00.720+0000] {logging_mixin.py:188} INFO - Downloaded employee/date=2026-06-17/employee_190213267676.parquet -> /tmp/minio_downloads/employee_190213267676.parquet
[2026-07-04T14:33:00.744+0000] {logging_mixin.py:188} INFO - Downloaded employee/date=2026-06-17/employee_190213406443.parquet -> /tmp/minio_downloads/employee_190213406443.parquet
[2026-07-04T14:33:00.768+0000] {logging_mixin.py:188} INFO - Downloaded employee/date=2026-06-17/employee_190213526810.parquet -> /tmp/minio_downloads/employee_190213526810.parquet
[2026-07-04T14:33:00.791+0000] {logging_mixin.py:188} INFO - Downloaded employee/date=2026-06-17/employee_190213646342.parquet -> /tmp/minio_downloads/employee_190213646342.parquet
[2026-07-04T14:33:00.816+0000] {logging_mixin.py:188} INFO - Downloaded employee/date=2026-06-17/employee_190213827789.parquet -> /tmp/minio_downloads/employee_190213827789.parquet
[2026-07-04T14:33:00.838+0000] {logging_mixin.py:188} INFO - Downloaded employee/date=2026-06-17/employee_190213973566.parquet -> /tmp/minio_downloads/employee_190213973566.parquet
[2026-07-04T14:33:00.868+0000] {logging_mixin.py:188} INFO - Downloaded employee/date=2026-06-17/employee_190214089993.parquet -> /tmp/minio_downloads/employee_190214089993.parquet
[2026-07-04T14:33:00.898+0000] {logging_mixin.py:188} INFO - Downloaded employee/date=2026-06-17/employee_190214198610.parquet -> /tmp/minio_downloads/employee_190214198610.parquet
[2026-07-04T14:33:00.928+0000] {logging_mixin.py:188} INFO - Downloaded employee/date=2026-06-17/employee_190214301444.parquet -> /tmp/minio_downloads/employee_190214301444.parquet
[2026-07-04T14:33:00.956+0000] {logging_mixin.py:188} INFO - Downloaded employee/date=2026-06-17/employee_190214438690.parquet -> /tmp/minio_downloads/employee_190214438690.parquet
[2026-07-04T14:33:00.984+0000] {logging_mixin.py:188} INFO - Downloaded employee/date=2026-06-17/employee_190214554130.parquet -> /tmp/minio_downloads/employee_190214554130.parquet
[2026-07-04T14:33:01.010+0000] {logging_mixin.py:188} INFO - Downloaded employee/date=2026-06-17/employee_190214663705.parquet -> /tmp/minio_downloads/employee_190214663705.parquet
[2026-07-04T14:33:01.036+0000] {logging_mixin.py:188} INFO - Downloaded employee/date=2026-06-17/employee_190214773113.parquet -> /tmp/minio_downloads/employee_190214773113.parquet
[2026-07-04T14:33:01.059+0000] {logging_mixin.py:188} INFO - Downloaded employee/date=2026-06-17/employee_190214870295.parquet -> /tmp/minio_downloads/employee_190214870295.parquet
[2026-07-04T14:33:01.083+0000] {logging_mixin.py:188} INFO - Downloaded employee/date=2026-06-17/employee_190609068916.parquet -> /tmp/minio_downloads/employee_190609068916.parquet
[2026-07-04T14:33:01.107+0000] {logging_mixin.py:188} INFO - Downloaded employee/date=2026-06-17/employee_190609164336.parquet -> /tmp/minio_downloads/employee_190609164336.parquet
[2026-07-04T14:33:01.134+0000] {logging_mixin.py:188} INFO - Downloaded employee/date=2026-06-17/employee_190609257229.parquet -> /tmp/minio_downloads/employee_190609257229.parquet
[2026-07-04T14:33:01.161+0000] {logging_mixin.py:188} INFO - Downloaded employee/date=2026-06-17/employee_190609368070.parquet -> /tmp/minio_downloads/employee_190609368070.parquet
[2026-07-04T14:33:01.189+0000] {logging_mixin.py:188} INFO - Downloaded employee/date=2026-06-17/employee_190609465890.parquet -> /tmp/minio_downloads/employee_190609465890.parquet
[2026-07-04T14:33:01.217+0000] {logging_mixin.py:188} INFO - Downloaded employee/date=2026-06-17/employee_190609588596.parquet -> /tmp/minio_downloads/employee_190609588596.parquet
[2026-07-04T14:33:01.244+0000] {logging_mixin.py:188} INFO - Downloaded employee/date=2026-06-17/employee_190609757392.parquet -> /tmp/minio_downloads/employee_190609757392.parquet
[2026-07-04T14:33:01.270+0000] {logging_mixin.py:188} INFO - Downloaded employee/date=2026-06-17/employee_190609875181.parquet -> /tmp/minio_downloads/employee_190609875181.parquet
[2026-07-04T14:33:01.299+0000] {logging_mixin.py:188} INFO - Downloaded employee/date=2026-06-17/employee_190609979371.parquet -> /tmp/minio_downloads/employee_190609979371.parquet
[2026-07-04T14:33:01.324+0000] {logging_mixin.py:188} INFO - Downloaded employee/date=2026-06-17/employee_190610075138.parquet -> /tmp/minio_downloads/employee_190610075138.parquet
[2026-07-04T14:33:01.350+0000] {logging_mixin.py:188} INFO - Downloaded employee/date=2026-06-17/employee_190610209329.parquet -> /tmp/minio_downloads/employee_190610209329.parquet
[2026-07-04T14:33:01.375+0000] {logging_mixin.py:188} INFO - Downloaded employee/date=2026-06-17/employee_190610311274.parquet -> /tmp/minio_downloads/employee_190610311274.parquet
[2026-07-04T14:33:01.400+0000] {logging_mixin.py:188} INFO - Downloaded employee/date=2026-06-17/employee_190610404259.parquet -> /tmp/minio_downloads/employee_190610404259.parquet
[2026-07-04T14:33:01.425+0000] {logging_mixin.py:188} INFO - Downloaded employee/date=2026-06-17/employee_190610495018.parquet -> /tmp/minio_downloads/employee_190610495018.parquet
[2026-07-04T14:33:01.449+0000] {logging_mixin.py:188} INFO - Downloaded employee/date=2026-06-17/employee_190610585819.parquet -> /tmp/minio_downloads/employee_190610585819.parquet
[2026-07-04T14:33:01.473+0000] {logging_mixin.py:188} INFO - Downloaded employee/date=2026-06-17/employee_190610679953.parquet -> /tmp/minio_downloads/employee_190610679953.parquet
[2026-07-04T14:33:01.500+0000] {logging_mixin.py:188} INFO - Downloaded employee/date=2026-06-17/employee_190610769828.parquet -> /tmp/minio_downloads/employee_190610769828.parquet
[2026-07-04T14:33:01.524+0000] {logging_mixin.py:188} INFO - Downloaded employee/date=2026-06-17/employee_190610865292.parquet -> /tmp/minio_downloads/employee_190610865292.parquet
[2026-07-04T14:33:01.548+0000] {logging_mixin.py:188} INFO - Downloaded employee/date=2026-06-17/employee_190610935936.parquet -> /tmp/minio_downloads/employee_190610935936.parquet
[2026-07-04T14:33:01.572+0000] {logging_mixin.py:188} INFO - Downloaded employee/date=2026-06-17/employee_190611021823.parquet -> /tmp/minio_downloads/employee_190611021823.parquet
[2026-07-04T14:33:01.599+0000] {logging_mixin.py:188} INFO - Downloaded employee/date=2026-06-17/employee_190611130993.parquet -> /tmp/minio_downloads/employee_190611130993.parquet
[2026-07-04T14:33:01.625+0000] {logging_mixin.py:188} INFO - Downloaded employee/date=2026-06-17/employee_190611243062.parquet -> /tmp/minio_downloads/employee_190611243062.parquet
[2026-07-04T14:33:01.652+0000] {logging_mixin.py:188} INFO - Downloaded employee/date=2026-06-17/employee_190611320295.parquet -> /tmp/minio_downloads/employee_190611320295.parquet
[2026-07-04T14:33:01.678+0000] {logging_mixin.py:188} INFO - Downloaded employee/date=2026-06-17/employee_190611421932.parquet -> /tmp/minio_downloads/employee_190611421932.parquet
[2026-07-04T14:33:01.704+0000] {logging_mixin.py:188} INFO - Downloaded employee/date=2026-06-17/employee_190611509176.parquet -> /tmp/minio_downloads/employee_190611509176.parquet
[2026-07-04T14:33:01.729+0000] {logging_mixin.py:188} INFO - Downloaded employee/date=2026-06-17/employee_190611588666.parquet -> /tmp/minio_downloads/employee_190611588666.parquet
[2026-07-04T14:33:01.754+0000] {logging_mixin.py:188} INFO - Downloaded employee/date=2026-06-17/employee_190611680672.parquet -> /tmp/minio_downloads/employee_190611680672.parquet
[2026-07-04T14:33:01.778+0000] {logging_mixin.py:188} INFO - Downloaded employee/date=2026-06-17/employee_190611776485.parquet -> /tmp/minio_downloads/employee_190611776485.parquet
[2026-07-04T14:33:01.806+0000] {logging_mixin.py:188} INFO - Downloaded employee/date=2026-06-17/employee_190611890133.parquet -> /tmp/minio_downloads/employee_190611890133.parquet
[2026-07-04T14:33:01.834+0000] {logging_mixin.py:188} INFO - Downloaded employee/date=2026-06-17/employee_190612087882.parquet -> /tmp/minio_downloads/employee_190612087882.parquet
[2026-07-04T14:33:01.877+0000] {logging_mixin.py:188} INFO - Downloaded employee/date=2026-06-17/employee_190612202315.parquet -> /tmp/minio_downloads/employee_190612202315.parquet
[2026-07-04T14:33:01.917+0000] {logging_mixin.py:188} INFO - Downloaded employee/date=2026-06-17/employee_190612289535.parquet -> /tmp/minio_downloads/employee_190612289535.parquet
[2026-07-04T14:33:01.956+0000] {logging_mixin.py:188} INFO - Downloaded employee/date=2026-06-17/employee_190612371758.parquet -> /tmp/minio_downloads/employee_190612371758.parquet
[2026-07-04T14:33:01.992+0000] {logging_mixin.py:188} INFO - Downloaded employee/date=2026-06-17/employee_190612489381.parquet -> /tmp/minio_downloads/employee_190612489381.parquet
[2026-07-04T14:33:02.024+0000] {logging_mixin.py:188} INFO - Downloaded employee/date=2026-06-17/employee_190612588988.parquet -> /tmp/minio_downloads/employee_190612588988.parquet
[2026-07-04T14:33:02.059+0000] {logging_mixin.py:188} INFO - Downloaded employee/date=2026-06-17/employee_190612691700.parquet -> /tmp/minio_downloads/employee_190612691700.parquet
[2026-07-04T14:33:02.093+0000] {logging_mixin.py:188} INFO - Downloaded employee/date=2026-06-17/employee_190612779692.parquet -> /tmp/minio_downloads/employee_190612779692.parquet
[2026-07-04T14:33:02.133+0000] {logging_mixin.py:188} INFO - Downloaded employee/date=2026-06-17/employee_190612879344.parquet -> /tmp/minio_downloads/employee_190612879344.parquet
[2026-07-04T14:33:02.176+0000] {logging_mixin.py:188} INFO - Downloaded employee/date=2026-06-17/employee_190612999426.parquet -> /tmp/minio_downloads/employee_190612999426.parquet
[2026-07-04T14:33:02.216+0000] {logging_mixin.py:188} INFO - Downloaded employee/date=2026-06-17/employee_190613104338.parquet -> /tmp/minio_downloads/employee_190613104338.parquet
[2026-07-04T14:33:02.264+0000] {logging_mixin.py:188} INFO - Downloaded employee/date=2026-06-17/employee_190613214153.parquet -> /tmp/minio_downloads/employee_190613214153.parquet
[2026-07-04T14:33:02.304+0000] {logging_mixin.py:188} INFO - Downloaded employee/date=2026-06-17/employee_190613337805.parquet -> /tmp/minio_downloads/employee_190613337805.parquet
[2026-07-04T14:33:02.338+0000] {logging_mixin.py:188} INFO - Downloaded employee/date=2026-06-17/employee_190613485580.parquet -> /tmp/minio_downloads/employee_190613485580.parquet
[2026-07-04T14:33:02.371+0000] {logging_mixin.py:188} INFO - Downloaded employee/date=2026-06-17/employee_190613618456.parquet -> /tmp/minio_downloads/employee_190613618456.parquet
[2026-07-04T14:33:02.404+0000] {logging_mixin.py:188} INFO - Downloaded employee/date=2026-06-17/employee_190613740939.parquet -> /tmp/minio_downloads/employee_190613740939.parquet
[2026-07-04T14:33:02.437+0000] {logging_mixin.py:188} INFO - Downloaded employee/date=2026-06-17/employee_190613887482.parquet -> /tmp/minio_downloads/employee_190613887482.parquet
[2026-07-04T14:33:02.468+0000] {logging_mixin.py:188} INFO - Downloaded employee/date=2026-06-17/employee_190614010671.parquet -> /tmp/minio_downloads/employee_190614010671.parquet
[2026-07-04T14:33:02.496+0000] {logging_mixin.py:188} INFO - Downloaded employee/date=2026-06-17/employee_190614140144.parquet -> /tmp/minio_downloads/employee_190614140144.parquet
[2026-07-04T14:33:02.532+0000] {logging_mixin.py:188} INFO - Downloaded employee/date=2026-06-17/employee_190614256125.parquet -> /tmp/minio_downloads/employee_190614256125.parquet
[2026-07-04T14:33:02.564+0000] {logging_mixin.py:188} INFO - Downloaded employee/date=2026-06-17/employee_190614519659.parquet -> /tmp/minio_downloads/employee_190614519659.parquet
[2026-07-04T14:33:02.595+0000] {logging_mixin.py:188} INFO - Downloaded employee/date=2026-06-17/employee_190614675125.parquet -> /tmp/minio_downloads/employee_190614675125.parquet
[2026-07-04T14:33:02.625+0000] {logging_mixin.py:188} INFO - Downloaded employee/date=2026-06-17/employee_190614826085.parquet -> /tmp/minio_downloads/employee_190614826085.parquet
[2026-07-04T14:33:02.659+0000] {logging_mixin.py:188} INFO - Downloaded employee/date=2026-06-17/employee_190614972401.parquet -> /tmp/minio_downloads/employee_190614972401.parquet
[2026-07-04T14:33:02.690+0000] {logging_mixin.py:188} INFO - Downloaded employee/date=2026-06-17/employee_190615101982.parquet -> /tmp/minio_downloads/employee_190615101982.parquet
[2026-07-04T14:33:02.724+0000] {logging_mixin.py:188} INFO - Downloaded employee/date=2026-06-17/employee_190615254954.parquet -> /tmp/minio_downloads/employee_190615254954.parquet
[2026-07-04T14:33:02.760+0000] {logging_mixin.py:188} INFO - Downloaded employee/date=2026-06-17/employee_190615392514.parquet -> /tmp/minio_downloads/employee_190615392514.parquet
[2026-07-04T14:33:02.807+0000] {logging_mixin.py:188} INFO - Downloaded employee/date=2026-06-17/employee_190615530921.parquet -> /tmp/minio_downloads/employee_190615530921.parquet
[2026-07-04T14:33:02.848+0000] {logging_mixin.py:188} INFO - Downloaded employee/date=2026-06-17/employee_190615677968.parquet -> /tmp/minio_downloads/employee_190615677968.parquet
[2026-07-04T14:33:02.887+0000] {logging_mixin.py:188} INFO - Downloaded employee/date=2026-06-17/employee_190615807847.parquet -> /tmp/minio_downloads/employee_190615807847.parquet
[2026-07-04T14:33:02.924+0000] {logging_mixin.py:188} INFO - Downloaded employee/date=2026-06-17/employee_190616191764.parquet -> /tmp/minio_downloads/employee_190616191764.parquet
[2026-07-04T14:33:02.959+0000] {logging_mixin.py:188} INFO - Downloaded employee/date=2026-06-17/employee_190616326176.parquet -> /tmp/minio_downloads/employee_190616326176.parquet
[2026-07-04T14:33:02.997+0000] {logging_mixin.py:188} INFO - Downloaded employee/date=2026-06-17/employee_190616453612.parquet -> /tmp/minio_downloads/employee_190616453612.parquet
[2026-07-04T14:33:03.033+0000] {logging_mixin.py:188} INFO - Downloaded employee/date=2026-06-17/employee_190616585041.parquet -> /tmp/minio_downloads/employee_190616585041.parquet
[2026-07-04T14:33:03.065+0000] {logging_mixin.py:188} INFO - Downloaded employee/date=2026-06-17/employee_190616711392.parquet -> /tmp/minio_downloads/employee_190616711392.parquet
[2026-07-04T14:33:03.098+0000] {logging_mixin.py:188} INFO - Downloaded employee/date=2026-06-17/employee_190616825763.parquet -> /tmp/minio_downloads/employee_190616825763.parquet
[2026-07-04T14:33:03.128+0000] {logging_mixin.py:188} INFO - Downloaded employee/date=2026-06-17/employee_190616941207.parquet -> /tmp/minio_downloads/employee_190616941207.parquet
[2026-07-04T14:33:03.158+0000] {logging_mixin.py:188} INFO - Downloaded employee/date=2026-06-17/employee_190617058578.parquet -> /tmp/minio_downloads/employee_190617058578.parquet
[2026-07-04T14:33:03.189+0000] {logging_mixin.py:188} INFO - Downloaded employee/date=2026-06-17/employee_190617275634.parquet -> /tmp/minio_downloads/employee_190617275634.parquet
[2026-07-04T14:33:03.219+0000] {logging_mixin.py:188} INFO - Downloaded employee/date=2026-06-17/employee_190617497577.parquet -> /tmp/minio_downloads/employee_190617497577.parquet
[2026-07-04T14:33:03.248+0000] {logging_mixin.py:188} INFO - Downloaded employee/date=2026-06-17/employee_190617623320.parquet -> /tmp/minio_downloads/employee_190617623320.parquet
[2026-07-04T14:33:03.276+0000] {logging_mixin.py:188} INFO - Downloaded employee/date=2026-06-17/employee_190617757205.parquet -> /tmp/minio_downloads/employee_190617757205.parquet
[2026-07-04T14:33:03.306+0000] {logging_mixin.py:188} INFO - Downloaded employee/date=2026-06-17/employee_190617894376.parquet -> /tmp/minio_downloads/employee_190617894376.parquet
[2026-07-04T14:33:03.334+0000] {logging_mixin.py:188} INFO - Downloaded employee/date=2026-06-17/employee_190618018533.parquet -> /tmp/minio_downloads/employee_190618018533.parquet
[2026-07-04T14:33:03.364+0000] {logging_mixin.py:188} INFO - Downloaded employee/date=2026-06-17/employee_190618142807.parquet -> /tmp/minio_downloads/employee_190618142807.parquet
[2026-07-04T14:33:03.394+0000] {logging_mixin.py:188} INFO - Downloaded employee/date=2026-06-17/employee_190618259580.parquet -> /tmp/minio_downloads/employee_190618259580.parquet
[2026-07-04T14:33:03.431+0000] {logging_mixin.py:188} INFO - Downloaded employee/date=2026-06-17/employee_190618368173.parquet -> /tmp/minio_downloads/employee_190618368173.parquet
[2026-07-04T14:33:03.467+0000] {logging_mixin.py:188} INFO - Downloaded employee/date=2026-06-17/employee_190618468366.parquet -> /tmp/minio_downloads/employee_190618468366.parquet
[2026-07-04T14:33:03.504+0000] {logging_mixin.py:188} INFO - Downloaded employee/date=2026-06-17/employee_190618604675.parquet -> /tmp/minio_downloads/employee_190618604675.parquet
[2026-07-04T14:33:03.540+0000] {logging_mixin.py:188} INFO - Downloaded employee/date=2026-06-17/employee_190618724017.parquet -> /tmp/minio_downloads/employee_190618724017.parquet
[2026-07-04T14:33:03.575+0000] {logging_mixin.py:188} INFO - Downloaded employee/date=2026-06-17/employee_190618889887.parquet -> /tmp/minio_downloads/employee_190618889887.parquet
[2026-07-04T14:33:03.609+0000] {logging_mixin.py:188} INFO - Downloaded employee/date=2026-06-17/employee_190619002185.parquet -> /tmp/minio_downloads/employee_190619002185.parquet
[2026-07-04T14:33:03.641+0000] {logging_mixin.py:188} INFO - Downloaded employee/date=2026-06-17/employee_190619102055.parquet -> /tmp/minio_downloads/employee_190619102055.parquet
[2026-07-04T14:33:03.670+0000] {logging_mixin.py:188} INFO - Downloaded employee/date=2026-06-17/employee_190619306194.parquet -> /tmp/minio_downloads/employee_190619306194.parquet
[2026-07-04T14:33:03.697+0000] {logging_mixin.py:188} INFO - Downloaded employee/date=2026-06-17/employee_190619424488.parquet -> /tmp/minio_downloads/employee_190619424488.parquet
[2026-07-04T14:33:03.724+0000] {logging_mixin.py:188} INFO - Downloaded employee/date=2026-06-17/employee_190619535990.parquet -> /tmp/minio_downloads/employee_190619535990.parquet
[2026-07-04T14:33:03.751+0000] {logging_mixin.py:188} INFO - Downloaded employee/date=2026-06-17/employee_190619645653.parquet -> /tmp/minio_downloads/employee_190619645653.parquet
[2026-07-04T14:33:03.777+0000] {logging_mixin.py:188} INFO - Downloaded employee/date=2026-06-17/employee_190619800658.parquet -> /tmp/minio_downloads/employee_190619800658.parquet
[2026-07-04T14:33:03.804+0000] {logging_mixin.py:188} INFO - Downloaded employee/date=2026-06-17/employee_190619962333.parquet -> /tmp/minio_downloads/employee_190619962333.parquet
[2026-07-04T14:33:03.830+0000] {logging_mixin.py:188} INFO - Downloaded employee/date=2026-06-17/employee_190620144226.parquet -> /tmp/minio_downloads/employee_190620144226.parquet
[2026-07-04T14:33:03.858+0000] {logging_mixin.py:188} INFO - Downloaded employee/date=2026-06-17/employee_190620259752.parquet -> /tmp/minio_downloads/employee_190620259752.parquet
[2026-07-04T14:33:03.885+0000] {logging_mixin.py:188} INFO - Downloaded employee/date=2026-06-17/employee_190620382892.parquet -> /tmp/minio_downloads/employee_190620382892.parquet
[2026-07-04T14:33:03.915+0000] {logging_mixin.py:188} INFO - Downloaded employee/date=2026-06-17/employee_190620486697.parquet -> /tmp/minio_downloads/employee_190620486697.parquet
[2026-07-04T14:33:03.951+0000] {logging_mixin.py:188} INFO - Downloaded employee/date=2026-06-17/employee_190620584458.parquet -> /tmp/minio_downloads/employee_190620584458.parquet
[2026-07-04T14:33:03.987+0000] {logging_mixin.py:188} INFO - Downloaded employee/date=2026-06-17/employee_190620728818.parquet -> /tmp/minio_downloads/employee_190620728818.parquet
[2026-07-04T14:33:04.020+0000] {logging_mixin.py:188} INFO - Downloaded employee/date=2026-06-17/employee_190620831743.parquet -> /tmp/minio_downloads/employee_190620831743.parquet
[2026-07-04T14:33:04.055+0000] {logging_mixin.py:188} INFO - Downloaded employee/date=2026-06-17/employee_190620935651.parquet -> /tmp/minio_downloads/employee_190620935651.parquet
[2026-07-04T14:33:04.089+0000] {logging_mixin.py:188} INFO - Downloaded employee/date=2026-06-17/employee_190621012768.parquet -> /tmp/minio_downloads/employee_190621012768.parquet
[2026-07-04T14:33:04.120+0000] {logging_mixin.py:188} INFO - Downloaded employee/date=2026-06-17/employee_190621160018.parquet -> /tmp/minio_downloads/employee_190621160018.parquet
[2026-07-04T14:33:04.149+0000] {logging_mixin.py:188} INFO - Downloaded employee/date=2026-06-17/employee_190621279431.parquet -> /tmp/minio_downloads/employee_190621279431.parquet
[2026-07-04T14:33:04.180+0000] {logging_mixin.py:188} INFO - Downloaded employee/date=2026-06-17/employee_190621423838.parquet -> /tmp/minio_downloads/employee_190621423838.parquet
[2026-07-04T14:33:04.206+0000] {logging_mixin.py:188} INFO - Downloaded employee/date=2026-06-17/employee_190621517533.parquet -> /tmp/minio_downloads/employee_190621517533.parquet
[2026-07-04T14:33:04.235+0000] {logging_mixin.py:188} INFO - Downloaded employee/date=2026-06-17/employee_190621628879.parquet -> /tmp/minio_downloads/employee_190621628879.parquet
[2026-07-04T14:33:04.264+0000] {logging_mixin.py:188} INFO - Downloaded employee/date=2026-06-17/employee_190621756006.parquet -> /tmp/minio_downloads/employee_190621756006.parquet
[2026-07-04T14:33:04.293+0000] {logging_mixin.py:188} INFO - Downloaded employee/date=2026-06-17/employee_190621866561.parquet -> /tmp/minio_downloads/employee_190621866561.parquet
[2026-07-04T14:33:04.322+0000] {logging_mixin.py:188} INFO - Downloaded employee/date=2026-06-17/employee_190621947817.parquet -> /tmp/minio_downloads/employee_190621947817.parquet
[2026-07-04T14:33:04.349+0000] {logging_mixin.py:188} INFO - Downloaded employee/date=2026-06-17/employee_190622031553.parquet -> /tmp/minio_downloads/employee_190622031553.parquet
[2026-07-04T14:33:04.375+0000] {logging_mixin.py:188} INFO - Downloaded employee/date=2026-06-17/employee_190622113177.parquet -> /tmp/minio_downloads/employee_190622113177.parquet
[2026-07-04T14:33:04.402+0000] {logging_mixin.py:188} INFO - Downloaded employee/date=2026-06-17/employee_190622219191.parquet -> /tmp/minio_downloads/employee_190622219191.parquet
[2026-07-04T14:33:04.429+0000] {logging_mixin.py:188} INFO - Downloaded employee/date=2026-06-17/employee_190622332318.parquet -> /tmp/minio_downloads/employee_190622332318.parquet
[2026-07-04T14:33:04.456+0000] {logging_mixin.py:188} INFO - Downloaded employee/date=2026-06-17/employee_190622418874.parquet -> /tmp/minio_downloads/employee_190622418874.parquet
[2026-07-04T14:33:04.485+0000] {logging_mixin.py:188} INFO - Downloaded employee/date=2026-06-17/employee_190622493919.parquet -> /tmp/minio_downloads/employee_190622493919.parquet
[2026-07-04T14:33:04.514+0000] {logging_mixin.py:188} INFO - Downloaded employee/date=2026-06-17/employee_190622577081.parquet -> /tmp/minio_downloads/employee_190622577081.parquet
[2026-07-04T14:33:04.542+0000] {logging_mixin.py:188} INFO - Downloaded employee/date=2026-06-17/employee_190622683463.parquet -> /tmp/minio_downloads/employee_190622683463.parquet
[2026-07-04T14:33:04.570+0000] {logging_mixin.py:188} INFO - Downloaded employee/date=2026-06-17/employee_190622771515.parquet -> /tmp/minio_downloads/employee_190622771515.parquet
[2026-07-04T14:33:04.600+0000] {logging_mixin.py:188} INFO - Downloaded employee/date=2026-06-17/employee_190622868702.parquet -> /tmp/minio_downloads/employee_190622868702.parquet
[2026-07-04T14:33:04.630+0000] {logging_mixin.py:188} INFO - Downloaded employee/date=2026-06-17/employee_190622977348.parquet -> /tmp/minio_downloads/employee_190622977348.parquet
[2026-07-04T14:33:04.655+0000] {logging_mixin.py:188} INFO - Downloaded employee/date=2026-06-17/employee_190623079173.parquet -> /tmp/minio_downloads/employee_190623079173.parquet
[2026-07-04T14:33:04.682+0000] {logging_mixin.py:188} INFO - Downloaded employee/date=2026-06-17/employee_190623182845.parquet -> /tmp/minio_downloads/employee_190623182845.parquet
[2026-07-04T14:33:04.707+0000] {logging_mixin.py:188} INFO - Downloaded employee/date=2026-06-17/employee_190623259637.parquet -> /tmp/minio_downloads/employee_190623259637.parquet
[2026-07-04T14:33:04.734+0000] {logging_mixin.py:188} INFO - Downloaded employee/date=2026-06-17/employee_190623356343.parquet -> /tmp/minio_downloads/employee_190623356343.parquet
[2026-07-04T14:33:04.761+0000] {logging_mixin.py:188} INFO - Downloaded employee/date=2026-06-17/employee_190623425664.parquet -> /tmp/minio_downloads/employee_190623425664.parquet
[2026-07-04T14:33:04.788+0000] {logging_mixin.py:188} INFO - Downloaded employee/date=2026-06-17/employee_190623523240.parquet -> /tmp/minio_downloads/employee_190623523240.parquet
[2026-07-04T14:33:04.813+0000] {logging_mixin.py:188} INFO - Downloaded employee/date=2026-06-17/employee_190623626711.parquet -> /tmp/minio_downloads/employee_190623626711.parquet
[2026-07-04T14:33:04.841+0000] {logging_mixin.py:188} INFO - Downloaded employee/date=2026-06-17/employee_190623708994.parquet -> /tmp/minio_downloads/employee_190623708994.parquet
[2026-07-04T14:33:04.868+0000] {logging_mixin.py:188} INFO - Downloaded employee/date=2026-06-17/employee_190623811139.parquet -> /tmp/minio_downloads/employee_190623811139.parquet
[2026-07-04T14:33:04.897+0000] {logging_mixin.py:188} INFO - Downloaded employee/date=2026-06-17/employee_190623910152.parquet -> /tmp/minio_downloads/employee_190623910152.parquet
[2026-07-04T14:33:04.922+0000] {logging_mixin.py:188} INFO - Downloaded employee/date=2026-06-17/employee_190624014805.parquet -> /tmp/minio_downloads/employee_190624014805.parquet
[2026-07-04T14:33:04.949+0000] {logging_mixin.py:188} INFO - Downloaded employee/date=2026-06-17/employee_190624140657.parquet -> /tmp/minio_downloads/employee_190624140657.parquet
[2026-07-04T14:33:04.979+0000] {logging_mixin.py:188} INFO - Downloaded employee/date=2026-06-17/employee_190624267985.parquet -> /tmp/minio_downloads/employee_190624267985.parquet
[2026-07-04T14:33:05.009+0000] {logging_mixin.py:188} INFO - Downloaded employee/date=2026-06-17/employee_190624401724.parquet -> /tmp/minio_downloads/employee_190624401724.parquet
[2026-07-04T14:33:05.036+0000] {logging_mixin.py:188} INFO - Downloaded employee/date=2026-06-17/employee_190625347398.parquet -> /tmp/minio_downloads/employee_190625347398.parquet
[2026-07-04T14:33:05.063+0000] {logging_mixin.py:188} INFO - Downloaded employee/date=2026-06-17/employee_190625447894.parquet -> /tmp/minio_downloads/employee_190625447894.parquet
[2026-07-04T14:33:05.090+0000] {logging_mixin.py:188} INFO - Downloaded employee/date=2026-06-17/employee_190625532001.parquet -> /tmp/minio_downloads/employee_190625532001.parquet
[2026-07-04T14:33:05.114+0000] {logging_mixin.py:188} INFO - Downloaded employee/date=2026-06-17/employee_190625620124.parquet -> /tmp/minio_downloads/employee_190625620124.parquet
[2026-07-04T14:33:05.140+0000] {logging_mixin.py:188} INFO - Downloaded employee/date=2026-06-17/employee_190625713279.parquet -> /tmp/minio_downloads/employee_190625713279.parquet
[2026-07-04T14:33:05.168+0000] {logging_mixin.py:188} INFO - Downloaded employee/date=2026-06-17/employee_190625809379.parquet -> /tmp/minio_downloads/employee_190625809379.parquet
[2026-07-04T14:33:05.194+0000] {logging_mixin.py:188} INFO - Downloaded employee/date=2026-06-17/employee_190625919263.parquet -> /tmp/minio_downloads/employee_190625919263.parquet
[2026-07-04T14:33:05.221+0000] {logging_mixin.py:188} INFO - Downloaded employee/date=2026-06-17/employee_190626106080.parquet -> /tmp/minio_downloads/employee_190626106080.parquet
[2026-07-04T14:33:05.248+0000] {logging_mixin.py:188} INFO - Downloaded employee/date=2026-06-17/employee_190626254738.parquet -> /tmp/minio_downloads/employee_190626254738.parquet
[2026-07-04T14:33:05.275+0000] {logging_mixin.py:188} INFO - Downloaded employee/date=2026-06-17/employee_190626386121.parquet -> /tmp/minio_downloads/employee_190626386121.parquet
[2026-07-04T14:33:05.302+0000] {logging_mixin.py:188} INFO - Downloaded employee/date=2026-06-17/employee_190626516002.parquet -> /tmp/minio_downloads/employee_190626516002.parquet
[2026-07-04T14:33:05.330+0000] {logging_mixin.py:188} INFO - Downloaded employee/date=2026-06-17/employee_190626675076.parquet -> /tmp/minio_downloads/employee_190626675076.parquet
[2026-07-04T14:33:05.356+0000] {logging_mixin.py:188} INFO - Downloaded employee/date=2026-06-17/employee_190626834403.parquet -> /tmp/minio_downloads/employee_190626834403.parquet
[2026-07-04T14:33:05.383+0000] {logging_mixin.py:188} INFO - Downloaded employee/date=2026-06-17/employee_190626979101.parquet -> /tmp/minio_downloads/employee_190626979101.parquet
[2026-07-04T14:33:05.406+0000] {logging_mixin.py:188} INFO - Downloaded employee/date=2026-06-17/employee_190627134800.parquet -> /tmp/minio_downloads/employee_190627134800.parquet
[2026-07-04T14:33:05.431+0000] {logging_mixin.py:188} INFO - Downloaded employee/date=2026-06-17/employee_190627275662.parquet -> /tmp/minio_downloads/employee_190627275662.parquet
[2026-07-04T14:33:05.456+0000] {logging_mixin.py:188} INFO - Downloaded employee/date=2026-06-17/employee_190627388618.parquet -> /tmp/minio_downloads/employee_190627388618.parquet
[2026-07-04T14:33:05.481+0000] {logging_mixin.py:188} INFO - Downloaded employee/date=2026-06-17/employee_190627513112.parquet -> /tmp/minio_downloads/employee_190627513112.parquet
[2026-07-04T14:33:05.506+0000] {logging_mixin.py:188} INFO - Downloaded employee/date=2026-06-17/employee_190627665207.parquet -> /tmp/minio_downloads/employee_190627665207.parquet
[2026-07-04T14:33:05.532+0000] {logging_mixin.py:188} INFO - Downloaded employee/date=2026-06-17/employee_190627804935.parquet -> /tmp/minio_downloads/employee_190627804935.parquet
[2026-07-04T14:33:05.557+0000] {logging_mixin.py:188} INFO - Downloaded employee/date=2026-06-17/employee_190627932537.parquet -> /tmp/minio_downloads/employee_190627932537.parquet
[2026-07-04T14:33:05.585+0000] {logging_mixin.py:188} INFO - Downloaded employee/date=2026-06-17/employee_190628048686.parquet -> /tmp/minio_downloads/employee_190628048686.parquet
[2026-07-04T14:33:05.612+0000] {logging_mixin.py:188} INFO - Downloaded employee/date=2026-06-17/employee_190628176925.parquet -> /tmp/minio_downloads/employee_190628176925.parquet
[2026-07-04T14:33:05.639+0000] {logging_mixin.py:188} INFO - Downloaded employee/date=2026-06-17/employee_190628273776.parquet -> /tmp/minio_downloads/employee_190628273776.parquet
[2026-07-04T14:33:05.665+0000] {logging_mixin.py:188} INFO - Downloaded employee/date=2026-06-17/employee_190628378971.parquet -> /tmp/minio_downloads/employee_190628378971.parquet
[2026-07-04T14:33:05.689+0000] {logging_mixin.py:188} INFO - Downloaded employee/date=2026-06-17/employee_190628498739.parquet -> /tmp/minio_downloads/employee_190628498739.parquet
[2026-07-04T14:33:05.715+0000] {logging_mixin.py:188} INFO - Downloaded employee/date=2026-06-17/employee_190628627572.parquet -> /tmp/minio_downloads/employee_190628627572.parquet
[2026-07-04T14:33:05.743+0000] {logging_mixin.py:188} INFO - Downloaded employee/date=2026-06-17/employee_190628813810.parquet -> /tmp/minio_downloads/employee_190628813810.parquet
[2026-07-04T14:33:05.771+0000] {logging_mixin.py:188} INFO - Downloaded employee/date=2026-06-17/employee_190628932788.parquet -> /tmp/minio_downloads/employee_190628932788.parquet
[2026-07-04T14:33:05.797+0000] {logging_mixin.py:188} INFO - Downloaded employee/date=2026-06-17/employee_190629084349.parquet -> /tmp/minio_downloads/employee_190629084349.parquet
[2026-07-04T14:33:05.825+0000] {logging_mixin.py:188} INFO - Downloaded employee/date=2026-06-17/employee_190629233563.parquet -> /tmp/minio_downloads/employee_190629233563.parquet
[2026-07-04T14:33:05.849+0000] {logging_mixin.py:188} INFO - Downloaded employee/date=2026-06-17/employee_190629342203.parquet -> /tmp/minio_downloads/employee_190629342203.parquet
[2026-07-04T14:33:05.876+0000] {logging_mixin.py:188} INFO - Downloaded employee/date=2026-06-17/employee_190629477213.parquet -> /tmp/minio_downloads/employee_190629477213.parquet
[2026-07-04T14:33:05.906+0000] {logging_mixin.py:188} INFO - Downloaded employee/date=2026-06-17/employee_190629595009.parquet -> /tmp/minio_downloads/employee_190629595009.parquet
[2026-07-04T14:33:05.936+0000] {logging_mixin.py:188} INFO - Downloaded employee/date=2026-06-17/employee_190629695413.parquet -> /tmp/minio_downloads/employee_190629695413.parquet
[2026-07-04T14:33:05.964+0000] {logging_mixin.py:188} INFO - Downloaded employee/date=2026-06-17/employee_190629790471.parquet -> /tmp/minio_downloads/employee_190629790471.parquet
[2026-07-04T14:33:05.992+0000] {logging_mixin.py:188} INFO - Downloaded employee/date=2026-06-17/employee_190629893642.parquet -> /tmp/minio_downloads/employee_190629893642.parquet
[2026-07-04T14:33:06.017+0000] {logging_mixin.py:188} INFO - Downloaded employee/date=2026-06-17/employee_190630014435.parquet -> /tmp/minio_downloads/employee_190630014435.parquet
[2026-07-04T14:33:06.046+0000] {logging_mixin.py:188} INFO - Downloaded employee/date=2026-06-17/employee_190630166878.parquet -> /tmp/minio_downloads/employee_190630166878.parquet
[2026-07-04T14:33:06.074+0000] {logging_mixin.py:188} INFO - Downloaded employee/date=2026-06-17/employee_190630294790.parquet -> /tmp/minio_downloads/employee_190630294790.parquet
[2026-07-04T14:33:06.101+0000] {logging_mixin.py:188} INFO - Downloaded employee/date=2026-06-17/employee_190630409027.parquet -> /tmp/minio_downloads/employee_190630409027.parquet
[2026-07-04T14:33:06.129+0000] {logging_mixin.py:188} INFO - Downloaded employee/date=2026-06-17/employee_190630539114.parquet -> /tmp/minio_downloads/employee_190630539114.parquet
[2026-07-04T14:33:06.155+0000] {logging_mixin.py:188} INFO - Downloaded employee/date=2026-06-17/employee_190630659079.parquet -> /tmp/minio_downloads/employee_190630659079.parquet
[2026-07-04T14:33:06.181+0000] {logging_mixin.py:188} INFO - Downloaded employee/date=2026-06-17/employee_190630762021.parquet -> /tmp/minio_downloads/employee_190630762021.parquet
[2026-07-04T14:33:06.207+0000] {logging_mixin.py:188} INFO - Downloaded employee/date=2026-06-17/employee_190630881566.parquet -> /tmp/minio_downloads/employee_190630881566.parquet
[2026-07-04T14:33:06.234+0000] {logging_mixin.py:188} INFO - Downloaded employee/date=2026-06-17/employee_190631000334.parquet -> /tmp/minio_downloads/employee_190631000334.parquet
[2026-07-04T14:33:06.260+0000] {logging_mixin.py:188} INFO - Downloaded employee/date=2026-06-17/employee_190631106733.parquet -> /tmp/minio_downloads/employee_190631106733.parquet
[2026-07-04T14:33:06.287+0000] {logging_mixin.py:188} INFO - Downloaded employee/date=2026-06-17/employee_190631225231.parquet -> /tmp/minio_downloads/employee_190631225231.parquet
[2026-07-04T14:33:06.314+0000] {logging_mixin.py:188} INFO - Downloaded employee/date=2026-06-17/employee_190631369327.parquet -> /tmp/minio_downloads/employee_190631369327.parquet
[2026-07-04T14:33:06.342+0000] {logging_mixin.py:188} INFO - Downloaded employee/date=2026-06-17/employee_190631472057.parquet -> /tmp/minio_downloads/employee_190631472057.parquet
[2026-07-04T14:33:06.369+0000] {logging_mixin.py:188} INFO - Downloaded employee/date=2026-06-17/employee_190631647969.parquet -> /tmp/minio_downloads/employee_190631647969.parquet
[2026-07-04T14:33:06.395+0000] {logging_mixin.py:188} INFO - Downloaded employee/date=2026-06-17/employee_190631796993.parquet -> /tmp/minio_downloads/employee_190631796993.parquet
[2026-07-04T14:33:06.423+0000] {logging_mixin.py:188} INFO - Downloaded employee/date=2026-06-17/employee_190631940653.parquet -> /tmp/minio_downloads/employee_190631940653.parquet
[2026-07-04T14:33:06.451+0000] {logging_mixin.py:188} INFO - Downloaded employee/date=2026-06-17/employee_190632036714.parquet -> /tmp/minio_downloads/employee_190632036714.parquet
[2026-07-04T14:33:06.484+0000] {logging_mixin.py:188} INFO - Downloaded employee/date=2026-06-17/employee_190632143671.parquet -> /tmp/minio_downloads/employee_190632143671.parquet
[2026-07-04T14:33:06.515+0000] {logging_mixin.py:188} INFO - Downloaded employee/date=2026-06-17/employee_190632235684.parquet -> /tmp/minio_downloads/employee_190632235684.parquet
[2026-07-04T14:33:06.545+0000] {logging_mixin.py:188} INFO - Downloaded employee/date=2026-06-17/employee_190632342832.parquet -> /tmp/minio_downloads/employee_190632342832.parquet
[2026-07-04T14:33:06.574+0000] {logging_mixin.py:188} INFO - Downloaded employee/date=2026-06-17/employee_190632442766.parquet -> /tmp/minio_downloads/employee_190632442766.parquet
[2026-07-04T14:33:06.603+0000] {logging_mixin.py:188} INFO - Downloaded employee/date=2026-06-17/employee_190632537000.parquet -> /tmp/minio_downloads/employee_190632537000.parquet
[2026-07-04T14:33:06.634+0000] {logging_mixin.py:188} INFO - Downloaded employee/date=2026-06-17/employee_190632624357.parquet -> /tmp/minio_downloads/employee_190632624357.parquet
[2026-07-04T14:33:06.662+0000] {logging_mixin.py:188} INFO - Downloaded employee/date=2026-06-17/employee_190632741802.parquet -> /tmp/minio_downloads/employee_190632741802.parquet
[2026-07-04T14:33:06.690+0000] {logging_mixin.py:188} INFO - Downloaded employee/date=2026-06-17/employee_190632857235.parquet -> /tmp/minio_downloads/employee_190632857235.parquet
[2026-07-04T14:33:06.722+0000] {logging_mixin.py:188} INFO - Downloaded employee/date=2026-06-17/employee_190633011919.parquet -> /tmp/minio_downloads/employee_190633011919.parquet
[2026-07-04T14:33:06.753+0000] {logging_mixin.py:188} INFO - Downloaded employee/date=2026-06-17/employee_190633127116.parquet -> /tmp/minio_downloads/employee_190633127116.parquet
[2026-07-04T14:33:06.785+0000] {logging_mixin.py:188} INFO - Downloaded employee/date=2026-06-17/employee_190633239317.parquet -> /tmp/minio_downloads/employee_190633239317.parquet
[2026-07-04T14:33:06.816+0000] {logging_mixin.py:188} INFO - Downloaded employee/date=2026-06-17/employee_190633373336.parquet -> /tmp/minio_downloads/employee_190633373336.parquet
[2026-07-04T14:33:06.851+0000] {logging_mixin.py:188} INFO - Downloaded employee/date=2026-06-17/employee_190633488211.parquet -> /tmp/minio_downloads/employee_190633488211.parquet
[2026-07-04T14:33:06.880+0000] {logging_mixin.py:188} INFO - Downloaded employee/date=2026-06-17/employee_190633616443.parquet -> /tmp/minio_downloads/employee_190633616443.parquet
[2026-07-04T14:33:06.906+0000] {logging_mixin.py:188} INFO - Downloaded employee/date=2026-06-17/employee_190633783010.parquet -> /tmp/minio_downloads/employee_190633783010.parquet
[2026-07-04T14:33:06.935+0000] {logging_mixin.py:188} INFO - Downloaded employee/date=2026-06-17/employee_190633950029.parquet -> /tmp/minio_downloads/employee_190633950029.parquet
[2026-07-04T14:33:06.962+0000] {logging_mixin.py:188} INFO - Downloaded employee/date=2026-06-17/employee_190634079643.parquet -> /tmp/minio_downloads/employee_190634079643.parquet
[2026-07-04T14:33:06.991+0000] {logging_mixin.py:188} INFO - Downloaded employee/date=2026-06-17/employee_190634227341.parquet -> /tmp/minio_downloads/employee_190634227341.parquet
[2026-07-04T14:33:07.024+0000] {logging_mixin.py:188} INFO - Downloaded employee/date=2026-06-17/employee_190634368650.parquet -> /tmp/minio_downloads/employee_190634368650.parquet
[2026-07-04T14:33:07.054+0000] {logging_mixin.py:188} INFO - Downloaded employee/date=2026-06-17/employee_190634488859.parquet -> /tmp/minio_downloads/employee_190634488859.parquet
[2026-07-04T14:33:07.082+0000] {logging_mixin.py:188} INFO - Downloaded employee/date=2026-06-17/employee_190634611672.parquet -> /tmp/minio_downloads/employee_190634611672.parquet
[2026-07-04T14:33:07.108+0000] {logging_mixin.py:188} INFO - Downloaded employee/date=2026-06-17/employee_190634724645.parquet -> /tmp/minio_downloads/employee_190634724645.parquet
[2026-07-04T14:33:07.140+0000] {logging_mixin.py:188} INFO - Downloaded employee/date=2026-06-17/employee_190634852510.parquet -> /tmp/minio_downloads/employee_190634852510.parquet
[2026-07-04T14:33:07.167+0000] {logging_mixin.py:188} INFO - Downloaded employee/date=2026-06-17/employee_190635006639.parquet -> /tmp/minio_downloads/employee_190635006639.parquet
[2026-07-04T14:33:07.195+0000] {logging_mixin.py:188} INFO - Downloaded employee/date=2026-06-17/employee_190635120846.parquet -> /tmp/minio_downloads/employee_190635120846.parquet
[2026-07-04T14:33:07.220+0000] {logging_mixin.py:188} INFO - Downloaded employee/date=2026-06-17/employee_190635216090.parquet -> /tmp/minio_downloads/employee_190635216090.parquet
[2026-07-04T14:33:07.246+0000] {logging_mixin.py:188} INFO - Downloaded employee/date=2026-06-17/employee_190635331536.parquet -> /tmp/minio_downloads/employee_190635331536.parquet
[2026-07-04T14:33:07.273+0000] {logging_mixin.py:188} INFO - Downloaded employee/date=2026-06-17/employee_190635445073.parquet -> /tmp/minio_downloads/employee_190635445073.parquet
[2026-07-04T14:33:07.300+0000] {logging_mixin.py:188} INFO - Downloaded employee/date=2026-06-17/employee_190635566670.parquet -> /tmp/minio_downloads/employee_190635566670.parquet
[2026-07-04T14:33:07.327+0000] {logging_mixin.py:188} INFO - Downloaded employee/date=2026-06-17/employee_190635687268.parquet -> /tmp/minio_downloads/employee_190635687268.parquet
[2026-07-04T14:33:07.358+0000] {logging_mixin.py:188} INFO - Downloaded employee/date=2026-06-17/employee_190635787567.parquet -> /tmp/minio_downloads/employee_190635787567.parquet
[2026-07-04T14:33:07.384+0000] {logging_mixin.py:188} INFO - Downloaded employee/date=2026-06-17/employee_190635883210.parquet -> /tmp/minio_downloads/employee_190635883210.parquet
[2026-07-04T14:33:07.414+0000] {logging_mixin.py:188} INFO - Downloaded employee/date=2026-06-17/employee_190635974057.parquet -> /tmp/minio_downloads/employee_190635974057.parquet
[2026-07-04T14:33:07.443+0000] {logging_mixin.py:188} INFO - Downloaded employee/date=2026-06-17/employee_190636056502.parquet -> /tmp/minio_downloads/employee_190636056502.parquet
[2026-07-04T14:33:07.472+0000] {logging_mixin.py:188} INFO - Downloaded employee/date=2026-06-17/employee_190636251846.parquet -> /tmp/minio_downloads/employee_190636251846.parquet
[2026-07-04T14:33:07.503+0000] {logging_mixin.py:188} INFO - Downloaded employee/date=2026-06-17/employee_190636349810.parquet -> /tmp/minio_downloads/employee_190636349810.parquet
[2026-07-04T14:33:07.535+0000] {logging_mixin.py:188} INFO - Downloaded employee/date=2026-06-17/employee_190636467710.parquet -> /tmp/minio_downloads/employee_190636467710.parquet
[2026-07-04T14:33:07.567+0000] {logging_mixin.py:188} INFO - Downloaded employee/date=2026-06-17/employee_190636572384.parquet -> /tmp/minio_downloads/employee_190636572384.parquet
[2026-07-04T14:33:07.596+0000] {logging_mixin.py:188} INFO - Downloaded employee/date=2026-06-17/employee_190636686638.parquet -> /tmp/minio_downloads/employee_190636686638.parquet
[2026-07-04T14:33:07.627+0000] {logging_mixin.py:188} INFO - Downloaded employee/date=2026-06-17/employee_190636786453.parquet -> /tmp/minio_downloads/employee_190636786453.parquet
[2026-07-04T14:33:07.658+0000] {logging_mixin.py:188} INFO - Downloaded employee/date=2026-06-17/employee_190636887858.parquet -> /tmp/minio_downloads/employee_190636887858.parquet
[2026-07-04T14:33:07.691+0000] {logging_mixin.py:188} INFO - Downloaded employee/date=2026-06-17/employee_190636981236.parquet -> /tmp/minio_downloads/employee_190636981236.parquet
[2026-07-04T14:33:07.728+0000] {logging_mixin.py:188} INFO - Downloaded employee/date=2026-06-17/employee_190637104437.parquet -> /tmp/minio_downloads/employee_190637104437.parquet
[2026-07-04T14:33:07.761+0000] {logging_mixin.py:188} INFO - Downloaded employee/date=2026-06-17/employee_190637204769.parquet -> /tmp/minio_downloads/employee_190637204769.parquet
[2026-07-04T14:33:07.790+0000] {logging_mixin.py:188} INFO - Downloaded employee/date=2026-06-17/employee_190637297549.parquet -> /tmp/minio_downloads/employee_190637297549.parquet
[2026-07-04T14:33:07.819+0000] {logging_mixin.py:188} INFO - Downloaded employee/date=2026-06-17/employee_190637441787.parquet -> /tmp/minio_downloads/employee_190637441787.parquet
[2026-07-04T14:33:07.844+0000] {logging_mixin.py:188} INFO - Downloaded employee/date=2026-06-17/employee_190637570307.parquet -> /tmp/minio_downloads/employee_190637570307.parquet
[2026-07-04T14:33:07.875+0000] {logging_mixin.py:188} INFO - Downloaded employee/date=2026-06-17/employee_190637676330.parquet -> /tmp/minio_downloads/employee_190637676330.parquet
[2026-07-04T14:33:07.902+0000] {logging_mixin.py:188} INFO - Downloaded employee/date=2026-06-17/employee_190637818348.parquet -> /tmp/minio_downloads/employee_190637818348.parquet
[2026-07-04T14:33:07.933+0000] {logging_mixin.py:188} INFO - Downloaded employee/date=2026-06-17/employee_190637930507.parquet -> /tmp/minio_downloads/employee_190637930507.parquet
[2026-07-04T14:33:07.962+0000] {logging_mixin.py:188} INFO - Downloaded employee/date=2026-06-17/employee_190638017006.parquet -> /tmp/minio_downloads/employee_190638017006.parquet
[2026-07-04T14:33:07.990+0000] {logging_mixin.py:188} INFO - Downloaded employee/date=2026-06-17/employee_190638101762.parquet -> /tmp/minio_downloads/employee_190638101762.parquet
[2026-07-04T14:33:08.020+0000] {logging_mixin.py:188} INFO - Downloaded employee/date=2026-06-17/employee_190638201275.parquet -> /tmp/minio_downloads/employee_190638201275.parquet
[2026-07-04T14:33:08.047+0000] {logging_mixin.py:188} INFO - Downloaded employee/date=2026-06-17/employee_190638299821.parquet -> /tmp/minio_downloads/employee_190638299821.parquet
[2026-07-04T14:33:08.072+0000] {logging_mixin.py:188} INFO - Downloaded employee/date=2026-06-17/employee_190638405675.parquet -> /tmp/minio_downloads/employee_190638405675.parquet
[2026-07-04T14:33:08.097+0000] {logging_mixin.py:188} INFO - Downloaded employee/date=2026-06-17/employee_190638480039.parquet -> /tmp/minio_downloads/employee_190638480039.parquet
[2026-07-04T14:33:08.123+0000] {logging_mixin.py:188} INFO - Downloaded employee/date=2026-06-17/employee_190638563512.parquet -> /tmp/minio_downloads/employee_190638563512.parquet
[2026-07-04T14:33:08.150+0000] {logging_mixin.py:188} INFO - Downloaded employee/date=2026-06-17/employee_190638645414.parquet -> /tmp/minio_downloads/employee_190638645414.parquet
[2026-07-04T14:33:08.177+0000] {logging_mixin.py:188} INFO - Downloaded employee/date=2026-06-17/employee_190638727750.parquet -> /tmp/minio_downloads/employee_190638727750.parquet
[2026-07-04T14:33:08.205+0000] {logging_mixin.py:188} INFO - Downloaded employee/date=2026-06-17/employee_190638818109.parquet -> /tmp/minio_downloads/employee_190638818109.parquet
[2026-07-04T14:33:08.234+0000] {logging_mixin.py:188} INFO - Downloaded employee/date=2026-06-17/employee_190638913793.parquet -> /tmp/minio_downloads/employee_190638913793.parquet
[2026-07-04T14:33:08.263+0000] {logging_mixin.py:188} INFO - Downloaded employee/date=2026-06-17/employee_190638997018.parquet -> /tmp/minio_downloads/employee_190638997018.parquet
[2026-07-04T14:33:08.292+0000] {logging_mixin.py:188} INFO - Downloaded employee/date=2026-06-17/employee_190639066539.parquet -> /tmp/minio_downloads/employee_190639066539.parquet
[2026-07-04T14:33:08.320+0000] {logging_mixin.py:188} INFO - Downloaded employee/date=2026-06-17/employee_190639148045.parquet -> /tmp/minio_downloads/employee_190639148045.parquet
[2026-07-04T14:33:08.351+0000] {logging_mixin.py:188} INFO - Downloaded employee/date=2026-06-17/employee_190639234239.parquet -> /tmp/minio_downloads/employee_190639234239.parquet
[2026-07-04T14:33:08.382+0000] {logging_mixin.py:188} INFO - Downloaded employee/date=2026-06-17/employee_190639296274.parquet -> /tmp/minio_downloads/employee_190639296274.parquet
[2026-07-04T14:33:08.410+0000] {logging_mixin.py:188} INFO - Downloaded employee/date=2026-06-17/employee_190639381715.parquet -> /tmp/minio_downloads/employee_190639381715.parquet
[2026-07-04T14:33:08.439+0000] {logging_mixin.py:188} INFO - Downloaded employee/date=2026-06-17/employee_190639463662.parquet -> /tmp/minio_downloads/employee_190639463662.parquet
[2026-07-04T14:33:08.468+0000] {logging_mixin.py:188} INFO - Downloaded employee/date=2026-06-17/employee_190639536465.parquet -> /tmp/minio_downloads/employee_190639536465.parquet
[2026-07-04T14:33:08.494+0000] {logging_mixin.py:188} INFO - Downloaded employee/date=2026-06-17/employee_190639656089.parquet -> /tmp/minio_downloads/employee_190639656089.parquet
[2026-07-04T14:33:08.518+0000] {logging_mixin.py:188} INFO - Downloaded employee/date=2026-06-17/employee_190639754000.parquet -> /tmp/minio_downloads/employee_190639754000.parquet
[2026-07-04T14:33:08.544+0000] {logging_mixin.py:188} INFO - Downloaded employee/date=2026-06-17/employee_190639836475.parquet -> /tmp/minio_downloads/employee_190639836475.parquet
[2026-07-04T14:33:08.570+0000] {logging_mixin.py:188} INFO - Downloaded employee/date=2026-06-17/employee_190639951420.parquet -> /tmp/minio_downloads/employee_190639951420.parquet
[2026-07-04T14:33:08.598+0000] {logging_mixin.py:188} INFO - Downloaded employee/date=2026-06-17/employee_190640070550.parquet -> /tmp/minio_downloads/employee_190640070550.parquet
[2026-07-04T14:33:08.631+0000] {logging_mixin.py:188} INFO - Downloaded employee/date=2026-06-17/employee_190640212356.parquet -> /tmp/minio_downloads/employee_190640212356.parquet
[2026-07-04T14:33:08.662+0000] {logging_mixin.py:188} INFO - Downloaded employee/date=2026-06-17/employee_190640296793.parquet -> /tmp/minio_downloads/employee_190640296793.parquet
[2026-07-04T14:33:08.695+0000] {logging_mixin.py:188} INFO - Downloaded employee/date=2026-06-17/employee_190640383549.parquet -> /tmp/minio_downloads/employee_190640383549.parquet
[2026-07-04T14:33:08.723+0000] {logging_mixin.py:188} INFO - Downloaded employee/date=2026-06-17/employee_190640464723.parquet -> /tmp/minio_downloads/employee_190640464723.parquet
[2026-07-04T14:33:08.753+0000] {logging_mixin.py:188} INFO - Downloaded employee/date=2026-06-17/employee_190640556817.parquet -> /tmp/minio_downloads/employee_190640556817.parquet
[2026-07-04T14:33:08.784+0000] {logging_mixin.py:188} INFO - Downloaded employee/date=2026-06-17/employee_190640651356.parquet -> /tmp/minio_downloads/employee_190640651356.parquet
[2026-07-04T14:33:08.817+0000] {logging_mixin.py:188} INFO - Downloaded employee/date=2026-06-17/employee_190640834877.parquet -> /tmp/minio_downloads/employee_190640834877.parquet
[2026-07-04T14:33:08.845+0000] {logging_mixin.py:188} INFO - Downloaded employee/date=2026-06-17/employee_190640951566.parquet -> /tmp/minio_downloads/employee_190640951566.parquet
[2026-07-04T14:33:08.873+0000] {logging_mixin.py:188} INFO - Downloaded employee/date=2026-06-17/employee_190641068797.parquet -> /tmp/minio_downloads/employee_190641068797.parquet
[2026-07-04T14:33:08.906+0000] {logging_mixin.py:188} INFO - Downloaded employee/date=2026-06-17/employee_190641172420.parquet -> /tmp/minio_downloads/employee_190641172420.parquet
[2026-07-04T14:33:08.935+0000] {logging_mixin.py:188} INFO - Downloaded employee/date=2026-06-17/employee_190641252092.parquet -> /tmp/minio_downloads/employee_190641252092.parquet
[2026-07-04T14:33:08.966+0000] {logging_mixin.py:188} INFO - Downloaded employee/date=2026-06-17/employee_190641333672.parquet -> /tmp/minio_downloads/employee_190641333672.parquet
[2026-07-04T14:33:08.996+0000] {logging_mixin.py:188} INFO - Downloaded employee/date=2026-06-17/employee_190641460591.parquet -> /tmp/minio_downloads/employee_190641460591.parquet
[2026-07-04T14:33:09.024+0000] {logging_mixin.py:188} INFO - Downloaded employee/date=2026-06-17/employee_190641588691.parquet -> /tmp/minio_downloads/employee_190641588691.parquet
[2026-07-04T14:33:09.053+0000] {logging_mixin.py:188} INFO - Downloaded employee/date=2026-06-17/employee_190641691791.parquet -> /tmp/minio_downloads/employee_190641691791.parquet
[2026-07-04T14:33:09.081+0000] {logging_mixin.py:188} INFO - Downloaded employee/date=2026-06-17/employee_190641771272.parquet -> /tmp/minio_downloads/employee_190641771272.parquet
[2026-07-04T14:33:09.107+0000] {logging_mixin.py:188} INFO - Downloaded employee/date=2026-06-17/employee_190641852338.parquet -> /tmp/minio_downloads/employee_190641852338.parquet
[2026-07-04T14:33:09.134+0000] {logging_mixin.py:188} INFO - Downloaded employee/date=2026-06-17/employee_190641919823.parquet -> /tmp/minio_downloads/employee_190641919823.parquet
[2026-07-04T14:33:09.165+0000] {logging_mixin.py:188} INFO - Downloaded employee/date=2026-06-17/employee_190642000667.parquet -> /tmp/minio_downloads/employee_190642000667.parquet
[2026-07-04T14:33:09.195+0000] {logging_mixin.py:188} INFO - Downloaded employee/date=2026-06-17/employee_190642149894.parquet -> /tmp/minio_downloads/employee_190642149894.parquet
[2026-07-04T14:33:09.222+0000] {logging_mixin.py:188} INFO - Downloaded employee/date=2026-06-17/employee_190642340901.parquet -> /tmp/minio_downloads/employee_190642340901.parquet
[2026-07-04T14:33:09.251+0000] {logging_mixin.py:188} INFO - Downloaded employee/date=2026-06-17/employee_190642487363.parquet -> /tmp/minio_downloads/employee_190642487363.parquet
[2026-07-04T14:33:09.278+0000] {logging_mixin.py:188} INFO - Downloaded employee/date=2026-06-17/employee_190642603258.parquet -> /tmp/minio_downloads/employee_190642603258.parquet
[2026-07-04T14:33:09.304+0000] {logging_mixin.py:188} INFO - Downloaded employee/date=2026-06-17/employee_190642680514.parquet -> /tmp/minio_downloads/employee_190642680514.parquet
[2026-07-04T14:33:09.331+0000] {logging_mixin.py:188} INFO - Downloaded employee/date=2026-06-17/employee_190642766379.parquet -> /tmp/minio_downloads/employee_190642766379.parquet
[2026-07-04T14:33:09.362+0000] {logging_mixin.py:188} INFO - Downloaded employee/date=2026-06-17/employee_190642848645.parquet -> /tmp/minio_downloads/employee_190642848645.parquet
[2026-07-04T14:33:09.392+0000] {logging_mixin.py:188} INFO - Downloaded employee/date=2026-06-17/employee_190642944042.parquet -> /tmp/minio_downloads/employee_190642944042.parquet
[2026-07-04T14:33:09.422+0000] {logging_mixin.py:188} INFO - Downloaded employee/date=2026-06-17/employee_190643017447.parquet -> /tmp/minio_downloads/employee_190643017447.parquet
[2026-07-04T14:33:09.450+0000] {logging_mixin.py:188} INFO - Downloaded employee/date=2026-06-17/employee_190643093721.parquet -> /tmp/minio_downloads/employee_190643093721.parquet
[2026-07-04T14:33:09.479+0000] {logging_mixin.py:188} INFO - Downloaded employee/date=2026-06-17/employee_190643171836.parquet -> /tmp/minio_downloads/employee_190643171836.parquet
[2026-07-04T14:33:09.508+0000] {logging_mixin.py:188} INFO - Downloaded employee/date=2026-06-17/employee_190643256118.parquet -> /tmp/minio_downloads/employee_190643256118.parquet
[2026-07-04T14:33:09.537+0000] {logging_mixin.py:188} INFO - Downloaded employee/date=2026-06-17/employee_190643362568.parquet -> /tmp/minio_downloads/employee_190643362568.parquet
[2026-07-04T14:33:09.568+0000] {logging_mixin.py:188} INFO - Downloaded employee/date=2026-06-17/employee_190643454206.parquet -> /tmp/minio_downloads/employee_190643454206.parquet
[2026-07-04T14:33:09.601+0000] {logging_mixin.py:188} INFO - Downloaded employee/date=2026-06-17/employee_190643573647.parquet -> /tmp/minio_downloads/employee_190643573647.parquet
[2026-07-04T14:33:09.630+0000] {logging_mixin.py:188} INFO - Downloaded employee/date=2026-06-17/employee_190643687988.parquet -> /tmp/minio_downloads/employee_190643687988.parquet
[2026-07-04T14:33:09.660+0000] {logging_mixin.py:188} INFO - Downloaded employee/date=2026-06-17/employee_190643795327.parquet -> /tmp/minio_downloads/employee_190643795327.parquet
[2026-07-04T14:33:09.688+0000] {logging_mixin.py:188} INFO - Downloaded employee/date=2026-06-17/employee_190643895673.parquet -> /tmp/minio_downloads/employee_190643895673.parquet
[2026-07-04T14:33:09.717+0000] {logging_mixin.py:188} INFO - Downloaded employee/date=2026-06-17/employee_190643996023.parquet -> /tmp/minio_downloads/employee_190643996023.parquet
[2026-07-04T14:33:09.747+0000] {logging_mixin.py:188} INFO - Downloaded employee/date=2026-06-17/employee_190644085018.parquet -> /tmp/minio_downloads/employee_190644085018.parquet
[2026-07-04T14:33:09.781+0000] {logging_mixin.py:188} INFO - Downloaded employee/date=2026-06-17/employee_190644194378.parquet -> /tmp/minio_downloads/employee_190644194378.parquet
[2026-07-04T14:33:09.812+0000] {logging_mixin.py:188} INFO - Downloaded employee/date=2026-06-17/employee_190644295038.parquet -> /tmp/minio_downloads/employee_190644295038.parquet
[2026-07-04T14:33:09.845+0000] {logging_mixin.py:188} INFO - Downloaded employee/date=2026-06-17/employee_190644413291.parquet -> /tmp/minio_downloads/employee_190644413291.parquet
[2026-07-04T14:33:09.877+0000] {logging_mixin.py:188} INFO - Downloaded employee/date=2026-06-17/employee_190644499272.parquet -> /tmp/minio_downloads/employee_190644499272.parquet
[2026-07-04T14:33:09.908+0000] {logging_mixin.py:188} INFO - Downloaded employee/date=2026-06-17/employee_190644592245.parquet -> /tmp/minio_downloads/employee_190644592245.parquet
[2026-07-04T14:33:09.936+0000] {logging_mixin.py:188} INFO - Downloaded employee/date=2026-06-17/employee_190644688546.parquet -> /tmp/minio_downloads/employee_190644688546.parquet
[2026-07-04T14:33:09.967+0000] {logging_mixin.py:188} INFO - Downloaded employee/date=2026-06-17/employee_190644802702.parquet -> /tmp/minio_downloads/employee_190644802702.parquet
[2026-07-04T14:33:10.003+0000] {logging_mixin.py:188} INFO - Downloaded employee/date=2026-06-17/employee_190645054731.parquet -> /tmp/minio_downloads/employee_190645054731.parquet
[2026-07-04T14:33:10.037+0000] {logging_mixin.py:188} INFO - Downloaded employee/date=2026-06-17/employee_190645228378.parquet -> /tmp/minio_downloads/employee_190645228378.parquet
[2026-07-04T14:33:10.071+0000] {logging_mixin.py:188} INFO - Downloaded employee/date=2026-06-17/employee_190645335366.parquet -> /tmp/minio_downloads/employee_190645335366.parquet
[2026-07-04T14:33:10.110+0000] {logging_mixin.py:188} INFO - Downloaded employee/date=2026-06-17/employee_190645428820.parquet -> /tmp/minio_downloads/employee_190645428820.parquet
[2026-07-04T14:33:10.152+0000] {logging_mixin.py:188} INFO - Downloaded employee/date=2026-06-17/employee_190645506862.parquet -> /tmp/minio_downloads/employee_190645506862.parquet
[2026-07-04T14:33:10.195+0000] {logging_mixin.py:188} INFO - Downloaded employee/date=2026-06-17/employee_190645591708.parquet -> /tmp/minio_downloads/employee_190645591708.parquet
[2026-07-04T14:33:10.235+0000] {logging_mixin.py:188} INFO - Downloaded employee/date=2026-06-17/employee_190645683956.parquet -> /tmp/minio_downloads/employee_190645683956.parquet
[2026-07-04T14:33:10.267+0000] {logging_mixin.py:188} INFO - Downloaded employee/date=2026-06-17/employee_190645782531.parquet -> /tmp/minio_downloads/employee_190645782531.parquet
[2026-07-04T14:33:10.302+0000] {logging_mixin.py:188} INFO - Downloaded employee/date=2026-06-17/employee_190645884836.parquet -> /tmp/minio_downloads/employee_190645884836.parquet
[2026-07-04T14:33:10.344+0000] {logging_mixin.py:188} INFO - Downloaded employee/date=2026-06-17/employee_190645988222.parquet -> /tmp/minio_downloads/employee_190645988222.parquet
[2026-07-04T14:33:10.386+0000] {logging_mixin.py:188} INFO - Downloaded employee/date=2026-06-17/employee_190646062508.parquet -> /tmp/minio_downloads/employee_190646062508.parquet
[2026-07-04T14:33:10.424+0000] {logging_mixin.py:188} INFO - Downloaded employee/date=2026-06-17/employee_190646164819.parquet -> /tmp/minio_downloads/employee_190646164819.parquet
[2026-07-04T14:33:10.461+0000] {logging_mixin.py:188} INFO - Downloaded employee/date=2026-06-17/employee_190646256124.parquet -> /tmp/minio_downloads/employee_190646256124.parquet
[2026-07-04T14:33:10.492+0000] {logging_mixin.py:188} INFO - Downloaded employee/date=2026-06-17/employee_190646349923.parquet -> /tmp/minio_downloads/employee_190646349923.parquet
[2026-07-04T14:33:10.527+0000] {logging_mixin.py:188} INFO - Downloaded employee/date=2026-06-17/employee_190646450078.parquet -> /tmp/minio_downloads/employee_190646450078.parquet
[2026-07-04T14:33:10.560+0000] {logging_mixin.py:188} INFO - Downloaded employee/date=2026-06-17/employee_190646588862.parquet -> /tmp/minio_downloads/employee_190646588862.parquet
[2026-07-04T14:33:10.595+0000] {logging_mixin.py:188} INFO - Downloaded employee/date=2026-06-17/employee_190646720256.parquet -> /tmp/minio_downloads/employee_190646720256.parquet
[2026-07-04T14:33:10.629+0000] {logging_mixin.py:188} INFO - Downloaded employee/date=2026-06-17/employee_190646845792.parquet -> /tmp/minio_downloads/employee_190646845792.parquet
[2026-07-04T14:33:10.668+0000] {logging_mixin.py:188} INFO - Downloaded employee/date=2026-06-17/employee_190646950886.parquet -> /tmp/minio_downloads/employee_190646950886.parquet
[2026-07-04T14:33:10.701+0000] {logging_mixin.py:188} INFO - Downloaded employee/date=2026-06-17/employee_190647048342.parquet -> /tmp/minio_downloads/employee_190647048342.parquet
[2026-07-04T14:33:10.732+0000] {logging_mixin.py:188} INFO - Downloaded employee/date=2026-06-17/employee_190647148510.parquet -> /tmp/minio_downloads/employee_190647148510.parquet
[2026-07-04T14:33:10.766+0000] {logging_mixin.py:188} INFO - Downloaded employee/date=2026-06-17/employee_190647224394.parquet -> /tmp/minio_downloads/employee_190647224394.parquet
[2026-07-04T14:33:10.800+0000] {logging_mixin.py:188} INFO - Downloaded employee/date=2026-06-17/employee_190647305985.parquet -> /tmp/minio_downloads/employee_190647305985.parquet
[2026-07-04T14:33:10.829+0000] {logging_mixin.py:188} INFO - Downloaded employee/date=2026-06-17/employee_190647394891.parquet -> /tmp/minio_downloads/employee_190647394891.parquet
[2026-07-04T14:33:10.859+0000] {logging_mixin.py:188} INFO - Downloaded employee/date=2026-06-17/employee_190647473701.parquet -> /tmp/minio_downloads/employee_190647473701.parquet
[2026-07-04T14:33:10.888+0000] {logging_mixin.py:188} INFO - Downloaded employee/date=2026-06-17/employee_190647556757.parquet -> /tmp/minio_downloads/employee_190647556757.parquet
[2026-07-04T14:33:10.916+0000] {logging_mixin.py:188} INFO - Downloaded employee/date=2026-06-17/employee_190647648765.parquet -> /tmp/minio_downloads/employee_190647648765.parquet
[2026-07-04T14:33:10.946+0000] {logging_mixin.py:188} INFO - Downloaded employee/date=2026-06-17/employee_190647725692.parquet -> /tmp/minio_downloads/employee_190647725692.parquet
[2026-07-04T14:33:10.975+0000] {logging_mixin.py:188} INFO - Downloaded employee/date=2026-06-17/employee_190647806364.parquet -> /tmp/minio_downloads/employee_190647806364.parquet
[2026-07-04T14:33:11.004+0000] {logging_mixin.py:188} INFO - Downloaded employee/date=2026-06-17/employee_190647908655.parquet -> /tmp/minio_downloads/employee_190647908655.parquet
[2026-07-04T14:33:11.033+0000] {logging_mixin.py:188} INFO - Downloaded employee/date=2026-06-17/employee_190647972220.parquet -> /tmp/minio_downloads/employee_190647972220.parquet
[2026-07-04T14:33:11.066+0000] {logging_mixin.py:188} INFO - Downloaded employee/date=2026-06-17/employee_190648059507.parquet -> /tmp/minio_downloads/employee_190648059507.parquet
[2026-07-04T14:33:11.100+0000] {logging_mixin.py:188} INFO - Downloaded employee/date=2026-06-17/employee_190648149281.parquet -> /tmp/minio_downloads/employee_190648149281.parquet
[2026-07-04T14:33:11.131+0000] {logging_mixin.py:188} INFO - Downloaded employee/date=2026-06-17/employee_190648230581.parquet -> /tmp/minio_downloads/employee_190648230581.parquet
[2026-07-04T14:33:11.160+0000] {logging_mixin.py:188} INFO - Downloaded employee/date=2026-06-17/employee_190648307076.parquet -> /tmp/minio_downloads/employee_190648307076.parquet
[2026-07-04T14:33:11.192+0000] {logging_mixin.py:188} INFO - Downloaded employee/date=2026-06-17/employee_190648382390.parquet -> /tmp/minio_downloads/employee_190648382390.parquet
[2026-07-04T14:33:11.222+0000] {logging_mixin.py:188} INFO - Downloaded employee/date=2026-06-17/employee_190648459885.parquet -> /tmp/minio_downloads/employee_190648459885.parquet
[2026-07-04T14:33:11.249+0000] {logging_mixin.py:188} INFO - Downloaded employee/date=2026-06-17/employee_190648538156.parquet -> /tmp/minio_downloads/employee_190648538156.parquet
[2026-07-04T14:33:11.276+0000] {logging_mixin.py:188} INFO - Downloaded employee/date=2026-06-17/employee_190648626719.parquet -> /tmp/minio_downloads/employee_190648626719.parquet
[2026-07-04T14:33:11.303+0000] {logging_mixin.py:188} INFO - Downloaded employee/date=2026-06-17/employee_190648688972.parquet -> /tmp/minio_downloads/employee_190648688972.parquet
[2026-07-04T14:33:11.330+0000] {logging_mixin.py:188} INFO - Downloaded employee/date=2026-06-17/employee_190648795350.parquet -> /tmp/minio_downloads/employee_190648795350.parquet
[2026-07-04T14:33:11.357+0000] {logging_mixin.py:188} INFO - Downloaded employee/date=2026-06-17/employee_190648965580.parquet -> /tmp/minio_downloads/employee_190648965580.parquet
[2026-07-04T14:33:11.384+0000] {logging_mixin.py:188} INFO - Downloaded employee/date=2026-06-17/employee_190649061186.parquet -> /tmp/minio_downloads/employee_190649061186.parquet
[2026-07-04T14:33:11.410+0000] {logging_mixin.py:188} INFO - Downloaded employee/date=2026-06-17/employee_190649150188.parquet -> /tmp/minio_downloads/employee_190649150188.parquet
[2026-07-04T14:33:11.438+0000] {logging_mixin.py:188} INFO - Downloaded employee/date=2026-06-17/employee_190649243860.parquet -> /tmp/minio_downloads/employee_190649243860.parquet
[2026-07-04T14:33:11.465+0000] {logging_mixin.py:188} INFO - Downloaded employee/date=2026-06-17/employee_190649334626.parquet -> /tmp/minio_downloads/employee_190649334626.parquet
[2026-07-04T14:33:15.838+0000] {logging_mixin.py:188} INFO - Downloaded inventory/date=2026-06-17/inventory_190337467047.parquet -> /tmp/minio_downloads/inventory_190337467047.parquet
[2026-07-04T14:33:15.905+0000] {logging_mixin.py:188} INFO - Downloaded inventory/date=2026-06-17/inventory_190337539172.parquet -> /tmp/minio_downloads/inventory_190337539172.parquet
[2026-07-04T14:33:15.945+0000] {logging_mixin.py:188} INFO - Downloaded inventory/date=2026-06-17/inventory_190337620830.parquet -> /tmp/minio_downloads/inventory_190337620830.parquet
[2026-07-04T14:33:15.981+0000] {logging_mixin.py:188} INFO - Downloaded inventory/date=2026-06-17/inventory_190337683542.parquet -> /tmp/minio_downloads/inventory_190337683542.parquet
[2026-07-04T14:33:16.016+0000] {logging_mixin.py:188} INFO - Downloaded inventory/date=2026-06-17/inventory_190337739630.parquet -> /tmp/minio_downloads/inventory_190337739630.parquet
[2026-07-04T14:33:16.048+0000] {logging_mixin.py:188} INFO - Downloaded inventory/date=2026-06-17/inventory_190337796572.parquet -> /tmp/minio_downloads/inventory_190337796572.parquet
[2026-07-04T14:33:16.086+0000] {logging_mixin.py:188} INFO - Downloaded inventory/date=2026-06-17/inventory_190337864335.parquet -> /tmp/minio_downloads/inventory_190337864335.parquet
[2026-07-04T14:33:16.123+0000] {logging_mixin.py:188} INFO - Downloaded inventory/date=2026-06-17/inventory_190337925836.parquet -> /tmp/minio_downloads/inventory_190337925836.parquet
[2026-07-04T14:33:16.164+0000] {logging_mixin.py:188} INFO - Downloaded inventory/date=2026-06-17/inventory_190337984319.parquet -> /tmp/minio_downloads/inventory_190337984319.parquet
[2026-07-04T14:33:16.200+0000] {logging_mixin.py:188} INFO - Downloaded inventory/date=2026-06-17/inventory_190338047866.parquet -> /tmp/minio_downloads/inventory_190338047866.parquet
[2026-07-04T14:33:16.235+0000] {logging_mixin.py:188} INFO - Downloaded inventory/date=2026-06-17/inventory_190338121095.parquet -> /tmp/minio_downloads/inventory_190338121095.parquet
[2026-07-04T14:33:16.286+0000] {logging_mixin.py:188} INFO - Downloaded inventory/date=2026-06-17/inventory_190338193018.parquet -> /tmp/minio_downloads/inventory_190338193018.parquet
[2026-07-04T14:33:16.318+0000] {logging_mixin.py:188} INFO - Downloaded inventory/date=2026-06-17/inventory_190338254298.parquet -> /tmp/minio_downloads/inventory_190338254298.parquet
[2026-07-04T14:33:16.356+0000] {logging_mixin.py:188} INFO - Downloaded inventory/date=2026-06-17/inventory_190338316646.parquet -> /tmp/minio_downloads/inventory_190338316646.parquet
[2026-07-04T14:33:16.397+0000] {logging_mixin.py:188} INFO - Downloaded inventory/date=2026-06-17/inventory_190338382246.parquet -> /tmp/minio_downloads/inventory_190338382246.parquet
[2026-07-04T14:33:16.434+0000] {logging_mixin.py:188} INFO - Downloaded inventory/date=2026-06-17/inventory_190338434412.parquet -> /tmp/minio_downloads/inventory_190338434412.parquet
[2026-07-04T14:33:16.473+0000] {logging_mixin.py:188} INFO - Downloaded inventory/date=2026-06-17/inventory_190338494076.parquet -> /tmp/minio_downloads/inventory_190338494076.parquet
[2026-07-04T14:33:16.511+0000] {logging_mixin.py:188} INFO - Downloaded inventory/date=2026-06-17/inventory_190338545881.parquet -> /tmp/minio_downloads/inventory_190338545881.parquet
[2026-07-04T14:33:16.546+0000] {logging_mixin.py:188} INFO - Downloaded inventory/date=2026-06-17/inventory_190338610485.parquet -> /tmp/minio_downloads/inventory_190338610485.parquet
[2026-07-04T14:33:16.582+0000] {logging_mixin.py:188} INFO - Downloaded inventory/date=2026-06-17/inventory_190338682363.parquet -> /tmp/minio_downloads/inventory_190338682363.parquet
[2026-07-04T14:33:16.615+0000] {logging_mixin.py:188} INFO - Downloaded inventory/date=2026-06-17/inventory_190338750246.parquet -> /tmp/minio_downloads/inventory_190338750246.parquet
[2026-07-04T14:33:16.646+0000] {logging_mixin.py:188} INFO - Downloaded inventory/date=2026-06-17/inventory_190338826821.parquet -> /tmp/minio_downloads/inventory_190338826821.parquet
[2026-07-04T14:33:16.676+0000] {logging_mixin.py:188} INFO - Downloaded inventory/date=2026-06-17/inventory_190338894481.parquet -> /tmp/minio_downloads/inventory_190338894481.parquet
[2026-07-04T14:33:16.705+0000] {logging_mixin.py:188} INFO - Downloaded inventory/date=2026-06-17/inventory_190338960373.parquet -> /tmp/minio_downloads/inventory_190338960373.parquet
[2026-07-04T14:33:16.734+0000] {logging_mixin.py:188} INFO - Downloaded inventory/date=2026-06-17/inventory_190339021485.parquet -> /tmp/minio_downloads/inventory_190339021485.parquet
[2026-07-04T14:33:16.763+0000] {logging_mixin.py:188} INFO - Downloaded inventory/date=2026-06-17/inventory_190339083301.parquet -> /tmp/minio_downloads/inventory_190339083301.parquet
[2026-07-04T14:33:16.793+0000] {logging_mixin.py:188} INFO - Downloaded inventory/date=2026-06-17/inventory_190339145136.parquet -> /tmp/minio_downloads/inventory_190339145136.parquet
[2026-07-04T14:33:16.820+0000] {logging_mixin.py:188} INFO - Downloaded inventory/date=2026-06-17/inventory_190339206361.parquet -> /tmp/minio_downloads/inventory_190339206361.parquet
[2026-07-04T14:33:16.850+0000] {logging_mixin.py:188} INFO - Downloaded inventory/date=2026-06-17/inventory_190339261513.parquet -> /tmp/minio_downloads/inventory_190339261513.parquet
[2026-07-04T14:33:16.885+0000] {logging_mixin.py:188} INFO - Downloaded inventory/date=2026-06-17/inventory_190339327179.parquet -> /tmp/minio_downloads/inventory_190339327179.parquet
[2026-07-04T14:33:16.915+0000] {logging_mixin.py:188} INFO - Downloaded inventory/date=2026-06-17/inventory_190339386810.parquet -> /tmp/minio_downloads/inventory_190339386810.parquet
[2026-07-04T14:33:16.946+0000] {logging_mixin.py:188} INFO - Downloaded inventory/date=2026-06-17/inventory_190339454255.parquet -> /tmp/minio_downloads/inventory_190339454255.parquet
[2026-07-04T14:33:16.987+0000] {logging_mixin.py:188} INFO - Downloaded inventory/date=2026-06-17/inventory_190339511364.parquet -> /tmp/minio_downloads/inventory_190339511364.parquet
[2026-07-04T14:33:17.027+0000] {logging_mixin.py:188} INFO - Downloaded inventory/date=2026-06-17/inventory_190339577443.parquet -> /tmp/minio_downloads/inventory_190339577443.parquet
[2026-07-04T14:33:17.063+0000] {logging_mixin.py:188} INFO - Downloaded inventory/date=2026-06-17/inventory_190339643939.parquet -> /tmp/minio_downloads/inventory_190339643939.parquet
[2026-07-04T14:33:17.101+0000] {logging_mixin.py:188} INFO - Downloaded inventory/date=2026-06-17/inventory_190339703811.parquet -> /tmp/minio_downloads/inventory_190339703811.parquet
[2026-07-04T14:33:17.146+0000] {logging_mixin.py:188} INFO - Downloaded inventory/date=2026-06-17/inventory_190339754453.parquet -> /tmp/minio_downloads/inventory_190339754453.parquet
[2026-07-04T14:33:17.204+0000] {logging_mixin.py:188} INFO - Downloaded inventory/date=2026-06-17/inventory_190339810180.parquet -> /tmp/minio_downloads/inventory_190339810180.parquet
[2026-07-04T14:33:17.260+0000] {logging_mixin.py:188} INFO - Downloaded inventory/date=2026-06-17/inventory_190339877533.parquet -> /tmp/minio_downloads/inventory_190339877533.parquet
[2026-07-04T14:33:17.310+0000] {logging_mixin.py:188} INFO - Downloaded inventory/date=2026-06-17/inventory_190339941070.parquet -> /tmp/minio_downloads/inventory_190339941070.parquet
[2026-07-04T14:33:17.358+0000] {logging_mixin.py:188} INFO - Downloaded inventory/date=2026-06-17/inventory_190339995854.parquet -> /tmp/minio_downloads/inventory_190339995854.parquet
[2026-07-04T14:33:17.401+0000] {logging_mixin.py:188} INFO - Downloaded inventory/date=2026-06-17/inventory_190340059222.parquet -> /tmp/minio_downloads/inventory_190340059222.parquet
[2026-07-04T14:33:17.439+0000] {logging_mixin.py:188} INFO - Downloaded inventory/date=2026-06-17/inventory_190340130700.parquet -> /tmp/minio_downloads/inventory_190340130700.parquet
[2026-07-04T14:33:17.478+0000] {logging_mixin.py:188} INFO - Downloaded inventory/date=2026-06-17/inventory_190340205627.parquet -> /tmp/minio_downloads/inventory_190340205627.parquet
[2026-07-04T14:33:17.518+0000] {logging_mixin.py:188} INFO - Downloaded inventory/date=2026-06-17/inventory_190340259288.parquet -> /tmp/minio_downloads/inventory_190340259288.parquet
[2026-07-04T14:33:17.552+0000] {logging_mixin.py:188} INFO - Downloaded inventory/date=2026-06-17/inventory_190340313684.parquet -> /tmp/minio_downloads/inventory_190340313684.parquet
[2026-07-04T14:33:17.589+0000] {logging_mixin.py:188} INFO - Downloaded inventory/date=2026-06-17/inventory_190340384206.parquet -> /tmp/minio_downloads/inventory_190340384206.parquet
[2026-07-04T14:33:17.627+0000] {logging_mixin.py:188} INFO - Downloaded inventory/date=2026-06-17/inventory_190340453296.parquet -> /tmp/minio_downloads/inventory_190340453296.parquet
[2026-07-04T14:33:17.666+0000] {logging_mixin.py:188} INFO - Downloaded inventory/date=2026-06-17/inventory_190340536217.parquet -> /tmp/minio_downloads/inventory_190340536217.parquet
[2026-07-04T14:33:17.713+0000] {logging_mixin.py:188} INFO - Downloaded inventory/date=2026-06-17/inventory_190340614376.parquet -> /tmp/minio_downloads/inventory_190340614376.parquet
[2026-07-04T14:33:17.759+0000] {logging_mixin.py:188} INFO - Downloaded inventory/date=2026-06-17/inventory_190340684107.parquet -> /tmp/minio_downloads/inventory_190340684107.parquet
[2026-07-04T14:33:17.804+0000] {logging_mixin.py:188} INFO - Downloaded inventory/date=2026-06-17/inventory_190340751478.parquet -> /tmp/minio_downloads/inventory_190340751478.parquet
[2026-07-04T14:33:17.854+0000] {logging_mixin.py:188} INFO - Downloaded inventory/date=2026-06-17/inventory_190340834474.parquet -> /tmp/minio_downloads/inventory_190340834474.parquet
[2026-07-04T14:33:17.907+0000] {logging_mixin.py:188} INFO - Downloaded inventory/date=2026-06-17/inventory_190340926266.parquet -> /tmp/minio_downloads/inventory_190340926266.parquet
[2026-07-04T14:33:17.954+0000] {logging_mixin.py:188} INFO - Downloaded inventory/date=2026-06-17/inventory_190341010920.parquet -> /tmp/minio_downloads/inventory_190341010920.parquet
[2026-07-04T14:33:17.998+0000] {logging_mixin.py:188} INFO - Downloaded inventory/date=2026-06-17/inventory_190341082410.parquet -> /tmp/minio_downloads/inventory_190341082410.parquet
[2026-07-04T14:33:18.036+0000] {logging_mixin.py:188} INFO - Downloaded inventory/date=2026-06-17/inventory_190341163407.parquet -> /tmp/minio_downloads/inventory_190341163407.parquet
[2026-07-04T14:33:18.073+0000] {logging_mixin.py:188} INFO - Downloaded inventory/date=2026-06-17/inventory_190341242530.parquet -> /tmp/minio_downloads/inventory_190341242530.parquet
[2026-07-04T14:33:18.105+0000] {logging_mixin.py:188} INFO - Downloaded inventory/date=2026-06-17/inventory_190341314280.parquet -> /tmp/minio_downloads/inventory_190341314280.parquet
[2026-07-04T14:33:18.136+0000] {logging_mixin.py:188} INFO - Downloaded inventory/date=2026-06-17/inventory_190341385759.parquet -> /tmp/minio_downloads/inventory_190341385759.parquet
[2026-07-04T14:33:18.167+0000] {logging_mixin.py:188} INFO - Downloaded inventory/date=2026-06-17/inventory_190341444032.parquet -> /tmp/minio_downloads/inventory_190341444032.parquet
[2026-07-04T14:33:18.199+0000] {logging_mixin.py:188} INFO - Downloaded inventory/date=2026-06-17/inventory_190341518729.parquet -> /tmp/minio_downloads/inventory_190341518729.parquet
[2026-07-04T14:33:18.233+0000] {logging_mixin.py:188} INFO - Downloaded inventory/date=2026-06-17/inventory_190341593901.parquet -> /tmp/minio_downloads/inventory_190341593901.parquet
[2026-07-04T14:33:18.262+0000] {logging_mixin.py:188} INFO - Downloaded inventory/date=2026-06-17/inventory_190341658977.parquet -> /tmp/minio_downloads/inventory_190341658977.parquet
[2026-07-04T14:33:18.291+0000] {logging_mixin.py:188} INFO - Downloaded inventory/date=2026-06-17/inventory_190341729414.parquet -> /tmp/minio_downloads/inventory_190341729414.parquet
[2026-07-04T14:33:18.319+0000] {logging_mixin.py:188} INFO - Downloaded inventory/date=2026-06-17/inventory_190341797806.parquet -> /tmp/minio_downloads/inventory_190341797806.parquet
[2026-07-04T14:33:18.348+0000] {logging_mixin.py:188} INFO - Downloaded inventory/date=2026-06-17/inventory_190341859781.parquet -> /tmp/minio_downloads/inventory_190341859781.parquet
[2026-07-04T14:33:18.377+0000] {logging_mixin.py:188} INFO - Downloaded inventory/date=2026-06-17/inventory_190341941097.parquet -> /tmp/minio_downloads/inventory_190341941097.parquet
[2026-07-04T14:33:18.407+0000] {logging_mixin.py:188} INFO - Downloaded inventory/date=2026-06-17/inventory_190342009054.parquet -> /tmp/minio_downloads/inventory_190342009054.parquet
[2026-07-04T14:33:18.436+0000] {logging_mixin.py:188} INFO - Downloaded inventory/date=2026-06-17/inventory_190342085239.parquet -> /tmp/minio_downloads/inventory_190342085239.parquet
[2026-07-04T14:33:18.466+0000] {logging_mixin.py:188} INFO - Downloaded inventory/date=2026-06-17/inventory_190342146153.parquet -> /tmp/minio_downloads/inventory_190342146153.parquet
[2026-07-04T14:33:18.496+0000] {logging_mixin.py:188} INFO - Downloaded inventory/date=2026-06-17/inventory_190342205463.parquet -> /tmp/minio_downloads/inventory_190342205463.parquet
[2026-07-04T14:33:18.527+0000] {logging_mixin.py:188} INFO - Downloaded inventory/date=2026-06-17/inventory_190342269726.parquet -> /tmp/minio_downloads/inventory_190342269726.parquet
[2026-07-04T14:33:18.558+0000] {logging_mixin.py:188} INFO - Downloaded inventory/date=2026-06-17/inventory_190342330496.parquet -> /tmp/minio_downloads/inventory_190342330496.parquet
[2026-07-04T14:33:18.587+0000] {logging_mixin.py:188} INFO - Downloaded inventory/date=2026-06-17/inventory_190342393936.parquet -> /tmp/minio_downloads/inventory_190342393936.parquet
[2026-07-04T14:33:18.615+0000] {logging_mixin.py:188} INFO - Downloaded inventory/date=2026-06-17/inventory_190342463948.parquet -> /tmp/minio_downloads/inventory_190342463948.parquet
[2026-07-04T14:33:18.642+0000] {logging_mixin.py:188} INFO - Downloaded inventory/date=2026-06-17/inventory_190342543370.parquet -> /tmp/minio_downloads/inventory_190342543370.parquet
[2026-07-04T14:33:18.669+0000] {logging_mixin.py:188} INFO - Downloaded inventory/date=2026-06-17/inventory_190342594955.parquet -> /tmp/minio_downloads/inventory_190342594955.parquet
[2026-07-04T14:33:18.695+0000] {logging_mixin.py:188} INFO - Downloaded inventory/date=2026-06-17/inventory_190342661410.parquet -> /tmp/minio_downloads/inventory_190342661410.parquet
[2026-07-04T14:33:18.722+0000] {logging_mixin.py:188} INFO - Downloaded inventory/date=2026-06-17/inventory_190342726660.parquet -> /tmp/minio_downloads/inventory_190342726660.parquet
[2026-07-04T14:33:18.747+0000] {logging_mixin.py:188} INFO - Downloaded inventory/date=2026-06-17/inventory_190342786938.parquet -> /tmp/minio_downloads/inventory_190342786938.parquet
[2026-07-04T14:33:18.774+0000] {logging_mixin.py:188} INFO - Downloaded inventory/date=2026-06-17/inventory_190342852874.parquet -> /tmp/minio_downloads/inventory_190342852874.parquet
[2026-07-04T14:33:18.801+0000] {logging_mixin.py:188} INFO - Downloaded inventory/date=2026-06-17/inventory_190342936889.parquet -> /tmp/minio_downloads/inventory_190342936889.parquet
[2026-07-04T14:33:18.829+0000] {logging_mixin.py:188} INFO - Downloaded inventory/date=2026-06-17/inventory_190342993868.parquet -> /tmp/minio_downloads/inventory_190342993868.parquet
[2026-07-04T14:33:18.857+0000] {logging_mixin.py:188} INFO - Downloaded inventory/date=2026-06-17/inventory_190343072842.parquet -> /tmp/minio_downloads/inventory_190343072842.parquet
[2026-07-04T14:33:18.885+0000] {logging_mixin.py:188} INFO - Downloaded inventory/date=2026-06-17/inventory_190343143943.parquet -> /tmp/minio_downloads/inventory_190343143943.parquet
[2026-07-04T14:33:18.917+0000] {logging_mixin.py:188} INFO - Downloaded inventory/date=2026-06-17/inventory_190343204018.parquet -> /tmp/minio_downloads/inventory_190343204018.parquet
[2026-07-04T14:33:18.954+0000] {logging_mixin.py:188} INFO - Downloaded inventory/date=2026-06-17/inventory_190343261234.parquet -> /tmp/minio_downloads/inventory_190343261234.parquet
[2026-07-04T14:33:18.996+0000] {logging_mixin.py:188} INFO - Downloaded inventory/date=2026-06-17/inventory_190343319220.parquet -> /tmp/minio_downloads/inventory_190343319220.parquet
[2026-07-04T14:33:19.036+0000] {logging_mixin.py:188} INFO - Downloaded inventory/date=2026-06-17/inventory_190343373847.parquet -> /tmp/minio_downloads/inventory_190343373847.parquet
[2026-07-04T14:33:19.087+0000] {logging_mixin.py:188} INFO - Downloaded inventory/date=2026-06-17/inventory_190343441168.parquet -> /tmp/minio_downloads/inventory_190343441168.parquet
[2026-07-04T14:33:19.125+0000] {logging_mixin.py:188} INFO - Downloaded inventory/date=2026-06-17/inventory_190343496276.parquet -> /tmp/minio_downloads/inventory_190343496276.parquet
[2026-07-04T14:33:19.159+0000] {logging_mixin.py:188} INFO - Downloaded inventory/date=2026-06-17/inventory_190343559602.parquet -> /tmp/minio_downloads/inventory_190343559602.parquet
[2026-07-04T14:33:19.190+0000] {logging_mixin.py:188} INFO - Downloaded inventory/date=2026-06-17/inventory_190343612423.parquet -> /tmp/minio_downloads/inventory_190343612423.parquet
[2026-07-04T14:33:19.225+0000] {logging_mixin.py:188} INFO - Downloaded inventory/date=2026-06-17/inventory_190343679960.parquet -> /tmp/minio_downloads/inventory_190343679960.parquet
[2026-07-04T14:33:19.258+0000] {logging_mixin.py:188} INFO - Downloaded inventory/date=2026-06-17/inventory_190343741477.parquet -> /tmp/minio_downloads/inventory_190343741477.parquet
[2026-07-04T14:33:19.294+0000] {logging_mixin.py:188} INFO - Downloaded inventory/date=2026-06-17/inventory_190343862360.parquet -> /tmp/minio_downloads/inventory_190343862360.parquet
[2026-07-04T14:33:19.329+0000] {logging_mixin.py:188} INFO - Downloaded inventory/date=2026-06-17/inventory_190343923035.parquet -> /tmp/minio_downloads/inventory_190343923035.parquet
[2026-07-04T14:33:19.362+0000] {logging_mixin.py:188} INFO - Downloaded inventory/date=2026-06-17/inventory_190343985215.parquet -> /tmp/minio_downloads/inventory_190343985215.parquet
[2026-07-04T14:33:19.407+0000] {logging_mixin.py:188} INFO - Downloaded inventory/date=2026-06-17/inventory_190344040360.parquet -> /tmp/minio_downloads/inventory_190344040360.parquet
[2026-07-04T14:33:19.457+0000] {logging_mixin.py:188} INFO - Downloaded inventory/date=2026-06-17/inventory_190344106124.parquet -> /tmp/minio_downloads/inventory_190344106124.parquet
[2026-07-04T14:33:19.504+0000] {logging_mixin.py:188} INFO - Downloaded inventory/date=2026-06-17/inventory_190344158732.parquet -> /tmp/minio_downloads/inventory_190344158732.parquet
[2026-07-04T14:33:19.557+0000] {logging_mixin.py:188} INFO - Downloaded inventory/date=2026-06-17/inventory_190344223718.parquet -> /tmp/minio_downloads/inventory_190344223718.parquet
[2026-07-04T14:33:19.600+0000] {logging_mixin.py:188} INFO - Downloaded inventory/date=2026-06-17/inventory_190344293806.parquet -> /tmp/minio_downloads/inventory_190344293806.parquet
[2026-07-04T14:33:19.642+0000] {logging_mixin.py:188} INFO - Downloaded inventory/date=2026-06-17/inventory_190344915896.parquet -> /tmp/minio_downloads/inventory_190344915896.parquet
[2026-07-04T14:33:19.679+0000] {logging_mixin.py:188} INFO - Downloaded inventory/date=2026-06-17/inventory_190344972739.parquet -> /tmp/minio_downloads/inventory_190344972739.parquet
[2026-07-04T14:33:19.713+0000] {logging_mixin.py:188} INFO - Downloaded inventory/date=2026-06-17/inventory_190345064712.parquet -> /tmp/minio_downloads/inventory_190345064712.parquet
[2026-07-04T14:33:19.743+0000] {logging_mixin.py:188} INFO - Downloaded inventory/date=2026-06-17/inventory_190345123557.parquet -> /tmp/minio_downloads/inventory_190345123557.parquet
[2026-07-04T14:33:19.775+0000] {logging_mixin.py:188} INFO - Downloaded inventory/date=2026-06-17/inventory_190345193710.parquet -> /tmp/minio_downloads/inventory_190345193710.parquet
[2026-07-04T14:33:19.808+0000] {logging_mixin.py:188} INFO - Downloaded inventory/date=2026-06-17/inventory_190345264626.parquet -> /tmp/minio_downloads/inventory_190345264626.parquet
[2026-07-04T14:33:19.843+0000] {logging_mixin.py:188} INFO - Downloaded inventory/date=2026-06-17/inventory_190345338494.parquet -> /tmp/minio_downloads/inventory_190345338494.parquet
[2026-07-04T14:33:19.876+0000] {logging_mixin.py:188} INFO - Downloaded inventory/date=2026-06-17/inventory_190345411915.parquet -> /tmp/minio_downloads/inventory_190345411915.parquet
[2026-07-04T14:33:19.905+0000] {logging_mixin.py:188} INFO - Downloaded inventory/date=2026-06-17/inventory_190345483075.parquet -> /tmp/minio_downloads/inventory_190345483075.parquet
[2026-07-04T14:33:19.935+0000] {logging_mixin.py:188} INFO - Downloaded inventory/date=2026-06-17/inventory_190345559945.parquet -> /tmp/minio_downloads/inventory_190345559945.parquet
[2026-07-04T14:33:19.965+0000] {logging_mixin.py:188} INFO - Downloaded inventory/date=2026-06-17/inventory_190345630476.parquet -> /tmp/minio_downloads/inventory_190345630476.parquet
[2026-07-04T14:33:19.994+0000] {logging_mixin.py:188} INFO - Downloaded inventory/date=2026-06-17/inventory_190345688959.parquet -> /tmp/minio_downloads/inventory_190345688959.parquet
[2026-07-04T14:33:20.026+0000] {logging_mixin.py:188} INFO - Downloaded inventory/date=2026-06-17/inventory_190345773334.parquet -> /tmp/minio_downloads/inventory_190345773334.parquet
[2026-07-04T14:33:20.061+0000] {logging_mixin.py:188} INFO - Downloaded inventory/date=2026-06-17/inventory_190345838775.parquet -> /tmp/minio_downloads/inventory_190345838775.parquet
[2026-07-04T14:33:20.097+0000] {logging_mixin.py:188} INFO - Downloaded inventory/date=2026-06-17/inventory_190345912468.parquet -> /tmp/minio_downloads/inventory_190345912468.parquet
[2026-07-04T14:33:20.140+0000] {logging_mixin.py:188} INFO - Downloaded inventory/date=2026-06-17/inventory_190345990335.parquet -> /tmp/minio_downloads/inventory_190345990335.parquet
[2026-07-04T14:33:20.183+0000] {logging_mixin.py:188} INFO - Downloaded inventory/date=2026-06-17/inventory_190346078532.parquet -> /tmp/minio_downloads/inventory_190346078532.parquet
[2026-07-04T14:33:20.228+0000] {logging_mixin.py:188} INFO - Downloaded inventory/date=2026-06-17/inventory_190346176294.parquet -> /tmp/minio_downloads/inventory_190346176294.parquet
[2026-07-04T14:33:20.266+0000] {logging_mixin.py:188} INFO - Downloaded inventory/date=2026-06-17/inventory_190346257577.parquet -> /tmp/minio_downloads/inventory_190346257577.parquet
[2026-07-04T14:33:20.295+0000] {logging_mixin.py:188} INFO - Downloaded inventory/date=2026-06-17/inventory_190346338288.parquet -> /tmp/minio_downloads/inventory_190346338288.parquet
[2026-07-04T14:33:20.322+0000] {logging_mixin.py:188} INFO - Downloaded inventory/date=2026-06-17/inventory_190346432751.parquet -> /tmp/minio_downloads/inventory_190346432751.parquet
[2026-07-04T14:33:20.351+0000] {logging_mixin.py:188} INFO - Downloaded inventory/date=2026-06-17/inventory_190346521979.parquet -> /tmp/minio_downloads/inventory_190346521979.parquet
[2026-07-04T14:33:20.379+0000] {logging_mixin.py:188} INFO - Downloaded inventory/date=2026-06-17/inventory_190346622110.parquet -> /tmp/minio_downloads/inventory_190346622110.parquet
[2026-07-04T14:33:20.408+0000] {logging_mixin.py:188} INFO - Downloaded inventory/date=2026-06-17/inventory_190346722521.parquet -> /tmp/minio_downloads/inventory_190346722521.parquet
[2026-07-04T14:33:20.439+0000] {logging_mixin.py:188} INFO - Downloaded inventory/date=2026-06-17/inventory_190346812937.parquet -> /tmp/minio_downloads/inventory_190346812937.parquet
[2026-07-04T14:33:20.466+0000] {logging_mixin.py:188} INFO - Downloaded inventory/date=2026-06-17/inventory_190346903911.parquet -> /tmp/minio_downloads/inventory_190346903911.parquet
[2026-07-04T14:33:20.494+0000] {logging_mixin.py:188} INFO - Downloaded inventory/date=2026-06-17/inventory_190346987670.parquet -> /tmp/minio_downloads/inventory_190346987670.parquet
[2026-07-04T14:33:20.521+0000] {logging_mixin.py:188} INFO - Downloaded inventory/date=2026-06-17/inventory_190347073500.parquet -> /tmp/minio_downloads/inventory_190347073500.parquet
[2026-07-04T14:33:20.549+0000] {logging_mixin.py:188} INFO - Downloaded inventory/date=2026-06-17/inventory_190347173711.parquet -> /tmp/minio_downloads/inventory_190347173711.parquet
[2026-07-04T14:33:20.576+0000] {logging_mixin.py:188} INFO - Downloaded inventory/date=2026-06-17/inventory_190347282740.parquet -> /tmp/minio_downloads/inventory_190347282740.parquet
[2026-07-04T14:33:20.601+0000] {logging_mixin.py:188} INFO - Downloaded inventory/date=2026-06-17/inventory_190347361979.parquet -> /tmp/minio_downloads/inventory_190347361979.parquet
[2026-07-04T14:33:20.629+0000] {logging_mixin.py:188} INFO - Downloaded inventory/date=2026-06-17/inventory_190347453684.parquet -> /tmp/minio_downloads/inventory_190347453684.parquet
[2026-07-04T14:33:20.658+0000] {logging_mixin.py:188} INFO - Downloaded inventory/date=2026-06-17/inventory_190347539069.parquet -> /tmp/minio_downloads/inventory_190347539069.parquet
[2026-07-04T14:33:20.688+0000] {logging_mixin.py:188} INFO - Downloaded inventory/date=2026-06-17/inventory_190347623669.parquet -> /tmp/minio_downloads/inventory_190347623669.parquet
[2026-07-04T14:33:20.718+0000] {logging_mixin.py:188} INFO - Downloaded inventory/date=2026-06-17/inventory_190347708305.parquet -> /tmp/minio_downloads/inventory_190347708305.parquet
[2026-07-04T14:33:20.747+0000] {logging_mixin.py:188} INFO - Downloaded inventory/date=2026-06-17/inventory_190347776332.parquet -> /tmp/minio_downloads/inventory_190347776332.parquet
[2026-07-04T14:33:20.775+0000] {logging_mixin.py:188} INFO - Downloaded inventory/date=2026-06-17/inventory_190347854481.parquet -> /tmp/minio_downloads/inventory_190347854481.parquet
[2026-07-04T14:33:20.810+0000] {logging_mixin.py:188} INFO - Downloaded inventory/date=2026-06-17/inventory_190347940565.parquet -> /tmp/minio_downloads/inventory_190347940565.parquet
[2026-07-04T14:33:20.845+0000] {logging_mixin.py:188} INFO - Downloaded inventory/date=2026-06-17/inventory_190348027685.parquet -> /tmp/minio_downloads/inventory_190348027685.parquet
[2026-07-04T14:33:20.880+0000] {logging_mixin.py:188} INFO - Downloaded inventory/date=2026-06-17/inventory_190348131138.parquet -> /tmp/minio_downloads/inventory_190348131138.parquet
[2026-07-04T14:33:20.916+0000] {logging_mixin.py:188} INFO - Downloaded inventory/date=2026-06-17/inventory_190348225728.parquet -> /tmp/minio_downloads/inventory_190348225728.parquet
[2026-07-04T14:33:20.952+0000] {logging_mixin.py:188} INFO - Downloaded inventory/date=2026-06-17/inventory_190348312987.parquet -> /tmp/minio_downloads/inventory_190348312987.parquet
[2026-07-04T14:33:20.982+0000] {logging_mixin.py:188} INFO - Downloaded inventory/date=2026-06-17/inventory_190348392047.parquet -> /tmp/minio_downloads/inventory_190348392047.parquet
[2026-07-04T14:33:21.012+0000] {logging_mixin.py:188} INFO - Downloaded inventory/date=2026-06-17/inventory_190348471934.parquet -> /tmp/minio_downloads/inventory_190348471934.parquet
[2026-07-04T14:33:21.042+0000] {logging_mixin.py:188} INFO - Downloaded inventory/date=2026-06-17/inventory_190348567975.parquet -> /tmp/minio_downloads/inventory_190348567975.parquet
[2026-07-04T14:33:21.076+0000] {logging_mixin.py:188} INFO - Downloaded inventory/date=2026-06-17/inventory_190348661020.parquet -> /tmp/minio_downloads/inventory_190348661020.parquet
[2026-07-04T14:33:21.106+0000] {logging_mixin.py:188} INFO - Downloaded inventory/date=2026-06-17/inventory_190348746675.parquet -> /tmp/minio_downloads/inventory_190348746675.parquet
[2026-07-04T14:33:21.134+0000] {logging_mixin.py:188} INFO - Downloaded inventory/date=2026-06-17/inventory_190348822548.parquet -> /tmp/minio_downloads/inventory_190348822548.parquet
[2026-07-04T14:33:21.161+0000] {logging_mixin.py:188} INFO - Downloaded inventory/date=2026-06-17/inventory_190348903851.parquet -> /tmp/minio_downloads/inventory_190348903851.parquet
[2026-07-04T14:33:21.188+0000] {logging_mixin.py:188} INFO - Downloaded inventory/date=2026-06-17/inventory_190348987565.parquet -> /tmp/minio_downloads/inventory_190348987565.parquet
[2026-07-04T14:33:21.215+0000] {logging_mixin.py:188} INFO - Downloaded inventory/date=2026-06-17/inventory_190349055522.parquet -> /tmp/minio_downloads/inventory_190349055522.parquet
[2026-07-04T14:33:21.242+0000] {logging_mixin.py:188} INFO - Downloaded inventory/date=2026-06-17/inventory_190349147981.parquet -> /tmp/minio_downloads/inventory_190349147981.parquet
[2026-07-04T14:33:21.269+0000] {logging_mixin.py:188} INFO - Downloaded inventory/date=2026-06-17/inventory_190349237130.parquet -> /tmp/minio_downloads/inventory_190349237130.parquet
[2026-07-04T14:33:21.295+0000] {logging_mixin.py:188} INFO - Downloaded inventory/date=2026-06-17/inventory_190349337698.parquet -> /tmp/minio_downloads/inventory_190349337698.parquet
[2026-07-04T14:33:21.323+0000] {logging_mixin.py:188} INFO - Downloaded inventory/date=2026-06-17/inventory_190349441508.parquet -> /tmp/minio_downloads/inventory_190349441508.parquet
[2026-07-04T14:33:21.354+0000] {logging_mixin.py:188} INFO - Downloaded inventory/date=2026-06-17/inventory_190349545333.parquet -> /tmp/minio_downloads/inventory_190349545333.parquet
[2026-07-04T14:33:21.384+0000] {logging_mixin.py:188} INFO - Downloaded inventory/date=2026-06-17/inventory_190349665347.parquet -> /tmp/minio_downloads/inventory_190349665347.parquet
[2026-07-04T14:33:21.412+0000] {logging_mixin.py:188} INFO - Downloaded inventory/date=2026-06-17/inventory_190349768105.parquet -> /tmp/minio_downloads/inventory_190349768105.parquet
[2026-07-04T14:33:21.444+0000] {logging_mixin.py:188} INFO - Downloaded inventory/date=2026-06-17/inventory_190349867388.parquet -> /tmp/minio_downloads/inventory_190349867388.parquet
[2026-07-04T14:33:21.475+0000] {logging_mixin.py:188} INFO - Downloaded inventory/date=2026-06-17/inventory_190349970227.parquet -> /tmp/minio_downloads/inventory_190349970227.parquet
[2026-07-04T14:33:21.507+0000] {logging_mixin.py:188} INFO - Downloaded inventory/date=2026-06-17/inventory_190350091124.parquet -> /tmp/minio_downloads/inventory_190350091124.parquet
[2026-07-04T14:33:21.537+0000] {logging_mixin.py:188} INFO - Downloaded inventory/date=2026-06-17/inventory_190350190147.parquet -> /tmp/minio_downloads/inventory_190350190147.parquet
[2026-07-04T14:33:21.565+0000] {logging_mixin.py:188} INFO - Downloaded inventory/date=2026-06-17/inventory_190350302590.parquet -> /tmp/minio_downloads/inventory_190350302590.parquet
[2026-07-04T14:33:21.597+0000] {logging_mixin.py:188} INFO - Downloaded inventory/date=2026-06-17/inventory_190350403338.parquet -> /tmp/minio_downloads/inventory_190350403338.parquet
[2026-07-04T14:33:21.628+0000] {logging_mixin.py:188} INFO - Downloaded inventory/date=2026-06-17/inventory_190350522777.parquet -> /tmp/minio_downloads/inventory_190350522777.parquet
[2026-07-04T14:33:21.658+0000] {logging_mixin.py:188} INFO - Downloaded inventory/date=2026-06-17/inventory_190350664011.parquet -> /tmp/minio_downloads/inventory_190350664011.parquet
[2026-07-04T14:33:21.692+0000] {logging_mixin.py:188} INFO - Downloaded inventory/date=2026-06-17/inventory_190350793089.parquet -> /tmp/minio_downloads/inventory_190350793089.parquet
[2026-07-04T14:33:21.720+0000] {logging_mixin.py:188} INFO - Downloaded inventory/date=2026-06-17/inventory_190350901771.parquet -> /tmp/minio_downloads/inventory_190350901771.parquet
[2026-07-04T14:33:21.753+0000] {logging_mixin.py:188} INFO - Downloaded inventory/date=2026-06-17/inventory_190351017118.parquet -> /tmp/minio_downloads/inventory_190351017118.parquet
[2026-07-04T14:33:21.783+0000] {logging_mixin.py:188} INFO - Downloaded inventory/date=2026-06-17/inventory_190351144679.parquet -> /tmp/minio_downloads/inventory_190351144679.parquet
[2026-07-04T14:33:21.824+0000] {logging_mixin.py:188} INFO - Downloaded inventory/date=2026-06-17/inventory_190351258700.parquet -> /tmp/minio_downloads/inventory_190351258700.parquet
[2026-07-04T14:33:21.852+0000] {logging_mixin.py:188} INFO - Downloaded inventory/date=2026-06-17/inventory_190351389306.parquet -> /tmp/minio_downloads/inventory_190351389306.parquet
[2026-07-04T14:33:21.880+0000] {logging_mixin.py:188} INFO - Downloaded inventory/date=2026-06-17/inventory_190351504189.parquet -> /tmp/minio_downloads/inventory_190351504189.parquet
[2026-07-04T14:33:21.909+0000] {logging_mixin.py:188} INFO - Downloaded inventory/date=2026-06-17/inventory_190351628768.parquet -> /tmp/minio_downloads/inventory_190351628768.parquet
[2026-07-04T14:33:21.936+0000] {logging_mixin.py:188} INFO - Downloaded inventory/date=2026-06-17/inventory_190351747997.parquet -> /tmp/minio_downloads/inventory_190351747997.parquet
[2026-07-04T14:33:21.964+0000] {logging_mixin.py:188} INFO - Downloaded inventory/date=2026-06-17/inventory_190351855842.parquet -> /tmp/minio_downloads/inventory_190351855842.parquet
[2026-07-04T14:33:21.992+0000] {logging_mixin.py:188} INFO - Downloaded inventory/date=2026-06-17/inventory_190351987803.parquet -> /tmp/minio_downloads/inventory_190351987803.parquet
[2026-07-04T14:33:22.019+0000] {logging_mixin.py:188} INFO - Downloaded inventory/date=2026-06-17/inventory_190352110850.parquet -> /tmp/minio_downloads/inventory_190352110850.parquet
[2026-07-04T14:33:22.047+0000] {logging_mixin.py:188} INFO - Downloaded inventory/date=2026-06-17/inventory_190352285679.parquet -> /tmp/minio_downloads/inventory_190352285679.parquet
[2026-07-04T14:33:22.074+0000] {logging_mixin.py:188} INFO - Downloaded inventory/date=2026-06-17/inventory_190352418270.parquet -> /tmp/minio_downloads/inventory_190352418270.parquet
[2026-07-04T14:33:22.102+0000] {logging_mixin.py:188} INFO - Downloaded inventory/date=2026-06-17/inventory_190352523345.parquet -> /tmp/minio_downloads/inventory_190352523345.parquet
[2026-07-04T14:33:22.127+0000] {logging_mixin.py:188} INFO - Downloaded inventory/date=2026-06-17/inventory_190352637108.parquet -> /tmp/minio_downloads/inventory_190352637108.parquet
[2026-07-04T14:33:22.153+0000] {logging_mixin.py:188} INFO - Downloaded inventory/date=2026-06-17/inventory_190352734899.parquet -> /tmp/minio_downloads/inventory_190352734899.parquet
[2026-07-04T14:33:22.186+0000] {logging_mixin.py:188} INFO - Downloaded inventory/date=2026-06-17/inventory_190352849036.parquet -> /tmp/minio_downloads/inventory_190352849036.parquet
[2026-07-04T14:33:22.215+0000] {logging_mixin.py:188} INFO - Downloaded inventory/date=2026-06-17/inventory_190352934594.parquet -> /tmp/minio_downloads/inventory_190352934594.parquet
[2026-07-04T14:33:22.252+0000] {logging_mixin.py:188} INFO - Downloaded inventory/date=2026-06-17/inventory_190353043508.parquet -> /tmp/minio_downloads/inventory_190353043508.parquet
[2026-07-04T14:33:22.294+0000] {logging_mixin.py:188} INFO - Downloaded inventory/date=2026-06-17/inventory_190353134043.parquet -> /tmp/minio_downloads/inventory_190353134043.parquet
[2026-07-04T14:33:22.328+0000] {logging_mixin.py:188} INFO - Downloaded inventory/date=2026-06-17/inventory_190353232446.parquet -> /tmp/minio_downloads/inventory_190353232446.parquet
[2026-07-04T14:33:22.359+0000] {logging_mixin.py:188} INFO - Downloaded inventory/date=2026-06-17/inventory_190353314431.parquet -> /tmp/minio_downloads/inventory_190353314431.parquet
[2026-07-04T14:33:22.393+0000] {logging_mixin.py:188} INFO - Downloaded inventory/date=2026-06-17/inventory_190353413572.parquet -> /tmp/minio_downloads/inventory_190353413572.parquet
[2026-07-04T14:33:22.427+0000] {logging_mixin.py:188} INFO - Downloaded inventory/date=2026-06-17/inventory_190353504384.parquet -> /tmp/minio_downloads/inventory_190353504384.parquet
[2026-07-04T14:33:22.462+0000] {logging_mixin.py:188} INFO - Downloaded inventory/date=2026-06-17/inventory_190353598314.parquet -> /tmp/minio_downloads/inventory_190353598314.parquet
[2026-07-04T14:33:22.492+0000] {logging_mixin.py:188} INFO - Downloaded inventory/date=2026-06-17/inventory_190353688126.parquet -> /tmp/minio_downloads/inventory_190353688126.parquet
[2026-07-04T14:33:22.524+0000] {logging_mixin.py:188} INFO - Downloaded inventory/date=2026-06-17/inventory_190353793120.parquet -> /tmp/minio_downloads/inventory_190353793120.parquet
[2026-07-04T14:33:22.554+0000] {logging_mixin.py:188} INFO - Downloaded inventory/date=2026-06-17/inventory_190353902760.parquet -> /tmp/minio_downloads/inventory_190353902760.parquet
[2026-07-04T14:33:22.584+0000] {logging_mixin.py:188} INFO - Downloaded inventory/date=2026-06-17/inventory_190353982531.parquet -> /tmp/minio_downloads/inventory_190353982531.parquet
[2026-07-04T14:33:22.625+0000] {logging_mixin.py:188} INFO - Downloaded inventory/date=2026-06-17/inventory_190354173953.parquet -> /tmp/minio_downloads/inventory_190354173953.parquet
[2026-07-04T14:33:22.663+0000] {logging_mixin.py:188} INFO - Downloaded inventory/date=2026-06-17/inventory_190354293177.parquet -> /tmp/minio_downloads/inventory_190354293177.parquet
[2026-07-04T14:33:22.699+0000] {logging_mixin.py:188} INFO - Downloaded inventory/date=2026-06-17/inventory_190354396418.parquet -> /tmp/minio_downloads/inventory_190354396418.parquet
[2026-07-04T14:33:22.733+0000] {logging_mixin.py:188} INFO - Downloaded inventory/date=2026-06-17/inventory_190354491594.parquet -> /tmp/minio_downloads/inventory_190354491594.parquet
[2026-07-04T14:33:22.769+0000] {logging_mixin.py:188} INFO - Downloaded inventory/date=2026-06-17/inventory_190354596652.parquet -> /tmp/minio_downloads/inventory_190354596652.parquet
[2026-07-04T14:33:22.802+0000] {logging_mixin.py:188} INFO - Downloaded inventory/date=2026-06-17/inventory_190354688453.parquet -> /tmp/minio_downloads/inventory_190354688453.parquet
[2026-07-04T14:33:22.833+0000] {logging_mixin.py:188} INFO - Downloaded inventory/date=2026-06-17/inventory_190354788941.parquet -> /tmp/minio_downloads/inventory_190354788941.parquet
[2026-07-04T14:33:22.862+0000] {logging_mixin.py:188} INFO - Downloaded inventory/date=2026-06-17/inventory_190354896942.parquet -> /tmp/minio_downloads/inventory_190354896942.parquet
[2026-07-04T14:33:22.890+0000] {logging_mixin.py:188} INFO - Downloaded inventory/date=2026-06-17/inventory_190354999220.parquet -> /tmp/minio_downloads/inventory_190354999220.parquet
[2026-07-04T14:33:22.919+0000] {logging_mixin.py:188} INFO - Downloaded inventory/date=2026-06-17/inventory_190355100621.parquet -> /tmp/minio_downloads/inventory_190355100621.parquet
[2026-07-04T14:33:22.948+0000] {logging_mixin.py:188} INFO - Downloaded inventory/date=2026-06-17/inventory_190355198743.parquet -> /tmp/minio_downloads/inventory_190355198743.parquet
[2026-07-04T14:33:22.979+0000] {logging_mixin.py:188} INFO - Downloaded inventory/date=2026-06-17/inventory_190355285055.parquet -> /tmp/minio_downloads/inventory_190355285055.parquet
[2026-07-04T14:33:23.009+0000] {logging_mixin.py:188} INFO - Downloaded inventory/date=2026-06-17/inventory_190355378358.parquet -> /tmp/minio_downloads/inventory_190355378358.parquet
[2026-07-04T14:33:23.048+0000] {logging_mixin.py:188} INFO - Downloaded inventory/date=2026-06-17/inventory_190355464658.parquet -> /tmp/minio_downloads/inventory_190355464658.parquet
[2026-07-04T14:33:23.091+0000] {logging_mixin.py:188} INFO - Downloaded inventory/date=2026-06-17/inventory_190355545762.parquet -> /tmp/minio_downloads/inventory_190355545762.parquet
[2026-07-04T14:33:23.122+0000] {logging_mixin.py:188} INFO - Downloaded inventory/date=2026-06-17/inventory_190355635538.parquet -> /tmp/minio_downloads/inventory_190355635538.parquet
[2026-07-04T14:33:23.158+0000] {logging_mixin.py:188} INFO - Downloaded inventory/date=2026-06-17/inventory_190355730898.parquet -> /tmp/minio_downloads/inventory_190355730898.parquet
[2026-07-04T14:33:23.205+0000] {logging_mixin.py:188} INFO - Downloaded inventory/date=2026-06-17/inventory_190355815094.parquet -> /tmp/minio_downloads/inventory_190355815094.parquet
[2026-07-04T14:33:23.256+0000] {logging_mixin.py:188} INFO - Downloaded inventory/date=2026-06-17/inventory_190355931035.parquet -> /tmp/minio_downloads/inventory_190355931035.parquet
[2026-07-04T14:33:23.314+0000] {logging_mixin.py:188} INFO - Downloaded inventory/date=2026-06-17/inventory_190356037377.parquet -> /tmp/minio_downloads/inventory_190356037377.parquet
[2026-07-04T14:33:23.373+0000] {logging_mixin.py:188} INFO - Downloaded inventory/date=2026-06-17/inventory_190356150258.parquet -> /tmp/minio_downloads/inventory_190356150258.parquet
[2026-07-04T14:33:23.438+0000] {logging_mixin.py:188} INFO - Downloaded inventory/date=2026-06-17/inventory_190356252552.parquet -> /tmp/minio_downloads/inventory_190356252552.parquet
[2026-07-04T14:33:23.509+0000] {logging_mixin.py:188} INFO - Downloaded inventory/date=2026-06-17/inventory_190356342442.parquet -> /tmp/minio_downloads/inventory_190356342442.parquet
[2026-07-04T14:33:23.561+0000] {logging_mixin.py:188} INFO - Downloaded inventory/date=2026-06-17/inventory_190356448118.parquet -> /tmp/minio_downloads/inventory_190356448118.parquet
[2026-07-04T14:33:23.612+0000] {logging_mixin.py:188} INFO - Downloaded inventory/date=2026-06-17/inventory_190356544436.parquet -> /tmp/minio_downloads/inventory_190356544436.parquet
[2026-07-04T14:33:23.671+0000] {logging_mixin.py:188} INFO - Downloaded inventory/date=2026-06-17/inventory_190356642945.parquet -> /tmp/minio_downloads/inventory_190356642945.parquet
[2026-07-04T14:33:23.736+0000] {logging_mixin.py:188} INFO - Downloaded inventory/date=2026-06-17/inventory_190356743986.parquet -> /tmp/minio_downloads/inventory_190356743986.parquet
[2026-07-04T14:33:23.804+0000] {logging_mixin.py:188} INFO - Downloaded inventory/date=2026-06-17/inventory_190356832750.parquet -> /tmp/minio_downloads/inventory_190356832750.parquet
[2026-07-04T14:33:23.862+0000] {logging_mixin.py:188} INFO - Downloaded inventory/date=2026-06-17/inventory_190356933379.parquet -> /tmp/minio_downloads/inventory_190356933379.parquet
[2026-07-04T14:33:23.922+0000] {logging_mixin.py:188} INFO - Downloaded inventory/date=2026-06-17/inventory_190357012548.parquet -> /tmp/minio_downloads/inventory_190357012548.parquet
[2026-07-04T14:33:23.963+0000] {logging_mixin.py:188} INFO - Downloaded inventory/date=2026-06-17/inventory_190357102889.parquet -> /tmp/minio_downloads/inventory_190357102889.parquet
[2026-07-04T14:33:23.998+0000] {logging_mixin.py:188} INFO - Downloaded inventory/date=2026-06-17/inventory_190357182527.parquet -> /tmp/minio_downloads/inventory_190357182527.parquet
[2026-07-04T14:33:24.032+0000] {logging_mixin.py:188} INFO - Downloaded inventory/date=2026-06-17/inventory_190357264087.parquet -> /tmp/minio_downloads/inventory_190357264087.parquet
[2026-07-04T14:33:24.077+0000] {logging_mixin.py:188} INFO - Downloaded inventory/date=2026-06-17/inventory_190357363036.parquet -> /tmp/minio_downloads/inventory_190357363036.parquet
[2026-07-04T14:33:24.113+0000] {logging_mixin.py:188} INFO - Downloaded inventory/date=2026-06-17/inventory_190357463444.parquet -> /tmp/minio_downloads/inventory_190357463444.parquet
[2026-07-04T14:33:24.161+0000] {logging_mixin.py:188} INFO - Downloaded inventory/date=2026-06-17/inventory_190357563772.parquet -> /tmp/minio_downloads/inventory_190357563772.parquet
[2026-07-04T14:33:24.202+0000] {logging_mixin.py:188} INFO - Downloaded inventory/date=2026-06-17/inventory_190357662685.parquet -> /tmp/minio_downloads/inventory_190357662685.parquet
[2026-07-04T14:33:24.244+0000] {logging_mixin.py:188} INFO - Downloaded inventory/date=2026-06-17/inventory_190357746979.parquet -> /tmp/minio_downloads/inventory_190357746979.parquet
[2026-07-04T14:33:24.285+0000] {logging_mixin.py:188} INFO - Downloaded inventory/date=2026-06-17/inventory_190357832369.parquet -> /tmp/minio_downloads/inventory_190357832369.parquet
[2026-07-04T14:33:24.325+0000] {logging_mixin.py:188} INFO - Downloaded inventory/date=2026-06-17/inventory_190357927428.parquet -> /tmp/minio_downloads/inventory_190357927428.parquet
[2026-07-04T14:33:24.365+0000] {logging_mixin.py:188} INFO - Downloaded inventory/date=2026-06-17/inventory_190358017430.parquet -> /tmp/minio_downloads/inventory_190358017430.parquet
[2026-07-04T14:33:24.406+0000] {logging_mixin.py:188} INFO - Downloaded inventory/date=2026-06-17/inventory_190358118219.parquet -> /tmp/minio_downloads/inventory_190358118219.parquet
[2026-07-04T14:33:24.448+0000] {logging_mixin.py:188} INFO - Downloaded inventory/date=2026-06-17/inventory_190358229843.parquet -> /tmp/minio_downloads/inventory_190358229843.parquet
[2026-07-04T14:33:24.503+0000] {logging_mixin.py:188} INFO - Downloaded inventory/date=2026-06-17/inventory_190358327163.parquet -> /tmp/minio_downloads/inventory_190358327163.parquet
[2026-07-04T14:33:24.538+0000] {logging_mixin.py:188} INFO - Downloaded inventory/date=2026-06-17/inventory_190358411563.parquet -> /tmp/minio_downloads/inventory_190358411563.parquet
[2026-07-04T14:33:24.573+0000] {logging_mixin.py:188} INFO - Downloaded inventory/date=2026-06-17/inventory_190358517590.parquet -> /tmp/minio_downloads/inventory_190358517590.parquet
[2026-07-04T14:33:24.609+0000] {logging_mixin.py:188} INFO - Downloaded inventory/date=2026-06-17/inventory_190358613057.parquet -> /tmp/minio_downloads/inventory_190358613057.parquet
[2026-07-04T14:33:24.644+0000] {logging_mixin.py:188} INFO - Downloaded inventory/date=2026-06-17/inventory_190358718123.parquet -> /tmp/minio_downloads/inventory_190358718123.parquet
[2026-07-04T14:33:24.680+0000] {logging_mixin.py:188} INFO - Downloaded inventory/date=2026-06-17/inventory_190358817197.parquet -> /tmp/minio_downloads/inventory_190358817197.parquet
[2026-07-04T14:33:24.717+0000] {logging_mixin.py:188} INFO - Downloaded inventory/date=2026-06-17/inventory_190358912054.parquet -> /tmp/minio_downloads/inventory_190358912054.parquet
[2026-07-04T14:33:24.751+0000] {logging_mixin.py:188} INFO - Downloaded inventory/date=2026-06-17/inventory_190359010413.parquet -> /tmp/minio_downloads/inventory_190359010413.parquet
[2026-07-04T14:33:24.790+0000] {logging_mixin.py:188} INFO - Downloaded inventory/date=2026-06-17/inventory_190359095855.parquet -> /tmp/minio_downloads/inventory_190359095855.parquet
[2026-07-04T14:33:24.831+0000] {logging_mixin.py:188} INFO - Downloaded inventory/date=2026-06-17/inventory_190359189732.parquet -> /tmp/minio_downloads/inventory_190359189732.parquet
[2026-07-04T14:33:24.872+0000] {logging_mixin.py:188} INFO - Downloaded inventory/date=2026-06-17/inventory_190359280350.parquet -> /tmp/minio_downloads/inventory_190359280350.parquet
[2026-07-04T14:33:24.911+0000] {logging_mixin.py:188} INFO - Downloaded inventory/date=2026-06-17/inventory_190359359348.parquet -> /tmp/minio_downloads/inventory_190359359348.parquet
[2026-07-04T14:33:24.946+0000] {logging_mixin.py:188} INFO - Downloaded inventory/date=2026-06-17/inventory_190359475867.parquet -> /tmp/minio_downloads/inventory_190359475867.parquet
[2026-07-04T14:33:24.980+0000] {logging_mixin.py:188} INFO - Downloaded inventory/date=2026-06-17/inventory_190359568033.parquet -> /tmp/minio_downloads/inventory_190359568033.parquet
[2026-07-04T14:33:25.017+0000] {logging_mixin.py:188} INFO - Downloaded inventory/date=2026-06-17/inventory_190359666791.parquet -> /tmp/minio_downloads/inventory_190359666791.parquet
[2026-07-04T14:33:25.054+0000] {logging_mixin.py:188} INFO - Downloaded inventory/date=2026-06-17/inventory_190359763240.parquet -> /tmp/minio_downloads/inventory_190359763240.parquet
[2026-07-04T14:33:25.094+0000] {logging_mixin.py:188} INFO - Downloaded inventory/date=2026-06-17/inventory_190359874322.parquet -> /tmp/minio_downloads/inventory_190359874322.parquet
[2026-07-04T14:33:25.130+0000] {logging_mixin.py:188} INFO - Downloaded inventory/date=2026-06-17/inventory_190359968137.parquet -> /tmp/minio_downloads/inventory_190359968137.parquet
[2026-07-04T14:33:25.160+0000] {logging_mixin.py:188} INFO - Downloaded inventory/date=2026-06-17/inventory_190400070670.parquet -> /tmp/minio_downloads/inventory_190400070670.parquet
[2026-07-04T14:33:25.192+0000] {logging_mixin.py:188} INFO - Downloaded inventory/date=2026-06-17/inventory_190400175545.parquet -> /tmp/minio_downloads/inventory_190400175545.parquet
[2026-07-04T14:33:25.222+0000] {logging_mixin.py:188} INFO - Downloaded inventory/date=2026-06-17/inventory_190400286441.parquet -> /tmp/minio_downloads/inventory_190400286441.parquet
[2026-07-04T14:33:25.251+0000] {logging_mixin.py:188} INFO - Downloaded inventory/date=2026-06-17/inventory_190400411069.parquet -> /tmp/minio_downloads/inventory_190400411069.parquet
[2026-07-04T14:33:25.280+0000] {logging_mixin.py:188} INFO - Downloaded inventory/date=2026-06-17/inventory_190400522150.parquet -> /tmp/minio_downloads/inventory_190400522150.parquet
[2026-07-04T14:33:25.309+0000] {logging_mixin.py:188} INFO - Downloaded inventory/date=2026-06-17/inventory_190400621091.parquet -> /tmp/minio_downloads/inventory_190400621091.parquet
[2026-07-04T14:33:25.338+0000] {logging_mixin.py:188} INFO - Downloaded inventory/date=2026-06-17/inventory_190400735321.parquet -> /tmp/minio_downloads/inventory_190400735321.parquet
[2026-07-04T14:33:25.366+0000] {logging_mixin.py:188} INFO - Downloaded inventory/date=2026-06-17/inventory_190400868388.parquet -> /tmp/minio_downloads/inventory_190400868388.parquet
[2026-07-04T14:33:25.397+0000] {logging_mixin.py:188} INFO - Downloaded inventory/date=2026-06-17/inventory_190400984595.parquet -> /tmp/minio_downloads/inventory_190400984595.parquet
[2026-07-04T14:33:25.428+0000] {logging_mixin.py:188} INFO - Downloaded inventory/date=2026-06-17/inventory_190401075099.parquet -> /tmp/minio_downloads/inventory_190401075099.parquet
[2026-07-04T14:33:25.458+0000] {logging_mixin.py:188} INFO - Downloaded inventory/date=2026-06-17/inventory_190401163737.parquet -> /tmp/minio_downloads/inventory_190401163737.parquet
[2026-07-04T14:33:25.491+0000] {logging_mixin.py:188} INFO - Downloaded inventory/date=2026-06-17/inventory_190401268868.parquet -> /tmp/minio_downloads/inventory_190401268868.parquet
[2026-07-04T14:33:25.527+0000] {logging_mixin.py:188} INFO - Downloaded inventory/date=2026-06-17/inventory_190401401529.parquet -> /tmp/minio_downloads/inventory_190401401529.parquet
[2026-07-04T14:33:25.558+0000] {logging_mixin.py:188} INFO - Downloaded inventory/date=2026-06-17/inventory_190401513899.parquet -> /tmp/minio_downloads/inventory_190401513899.parquet
[2026-07-04T14:33:25.591+0000] {logging_mixin.py:188} INFO - Downloaded inventory/date=2026-06-17/inventory_190401645594.parquet -> /tmp/minio_downloads/inventory_190401645594.parquet
[2026-07-04T14:33:25.623+0000] {logging_mixin.py:188} INFO - Downloaded inventory/date=2026-06-17/inventory_190401922600.parquet -> /tmp/minio_downloads/inventory_190401922600.parquet
[2026-07-04T14:33:25.658+0000] {logging_mixin.py:188} INFO - Downloaded inventory/date=2026-06-17/inventory_190402089790.parquet -> /tmp/minio_downloads/inventory_190402089790.parquet
[2026-07-04T14:33:25.688+0000] {logging_mixin.py:188} INFO - Downloaded inventory/date=2026-06-17/inventory_190402234190.parquet -> /tmp/minio_downloads/inventory_190402234190.parquet
[2026-07-04T14:33:25.718+0000] {logging_mixin.py:188} INFO - Downloaded inventory/date=2026-06-17/inventory_190402377066.parquet -> /tmp/minio_downloads/inventory_190402377066.parquet
[2026-07-04T14:33:25.749+0000] {logging_mixin.py:188} INFO - Downloaded inventory/date=2026-06-17/inventory_190402528043.parquet -> /tmp/minio_downloads/inventory_190402528043.parquet
[2026-07-04T14:33:25.782+0000] {logging_mixin.py:188} INFO - Downloaded inventory/date=2026-06-17/inventory_190402692665.parquet -> /tmp/minio_downloads/inventory_190402692665.parquet
[2026-07-04T14:33:25.814+0000] {logging_mixin.py:188} INFO - Downloaded inventory/date=2026-06-17/inventory_190402864579.parquet -> /tmp/minio_downloads/inventory_190402864579.parquet
[2026-07-04T14:33:25.844+0000] {logging_mixin.py:188} INFO - Downloaded inventory/date=2026-06-17/inventory_190403063216.parquet -> /tmp/minio_downloads/inventory_190403063216.parquet
[2026-07-04T14:33:25.872+0000] {logging_mixin.py:188} INFO - Downloaded inventory/date=2026-06-17/inventory_190403212030.parquet -> /tmp/minio_downloads/inventory_190403212030.parquet
[2026-07-04T14:33:25.900+0000] {logging_mixin.py:188} INFO - Downloaded inventory/date=2026-06-17/inventory_190403342436.parquet -> /tmp/minio_downloads/inventory_190403342436.parquet
[2026-07-04T14:33:25.928+0000] {logging_mixin.py:188} INFO - Downloaded inventory/date=2026-06-17/inventory_190403460158.parquet -> /tmp/minio_downloads/inventory_190403460158.parquet
[2026-07-04T14:33:25.956+0000] {logging_mixin.py:188} INFO - Downloaded inventory/date=2026-06-17/inventory_190403567225.parquet -> /tmp/minio_downloads/inventory_190403567225.parquet
[2026-07-04T14:33:25.981+0000] {logging_mixin.py:188} INFO - Downloaded inventory/date=2026-06-17/inventory_190403666245.parquet -> /tmp/minio_downloads/inventory_190403666245.parquet
[2026-07-04T14:33:26.009+0000] {logging_mixin.py:188} INFO - Downloaded inventory/date=2026-06-17/inventory_190403756935.parquet -> /tmp/minio_downloads/inventory_190403756935.parquet
[2026-07-04T14:33:26.037+0000] {logging_mixin.py:188} INFO - Downloaded inventory/date=2026-06-17/inventory_190403861948.parquet -> /tmp/minio_downloads/inventory_190403861948.parquet
[2026-07-04T14:33:26.066+0000] {logging_mixin.py:188} INFO - Downloaded inventory/date=2026-06-17/inventory_190403952838.parquet -> /tmp/minio_downloads/inventory_190403952838.parquet
[2026-07-04T14:33:26.098+0000] {logging_mixin.py:188} INFO - Downloaded inventory/date=2026-06-17/inventory_190404058101.parquet -> /tmp/minio_downloads/inventory_190404058101.parquet
[2026-07-04T14:33:26.128+0000] {logging_mixin.py:188} INFO - Downloaded inventory/date=2026-06-17/inventory_190404170943.parquet -> /tmp/minio_downloads/inventory_190404170943.parquet
[2026-07-04T14:33:26.161+0000] {logging_mixin.py:188} INFO - Downloaded inventory/date=2026-06-17/inventory_190404281005.parquet -> /tmp/minio_downloads/inventory_190404281005.parquet
[2026-07-04T14:33:26.193+0000] {logging_mixin.py:188} INFO - Downloaded inventory/date=2026-06-17/inventory_190404391845.parquet -> /tmp/minio_downloads/inventory_190404391845.parquet
[2026-07-04T14:33:26.221+0000] {logging_mixin.py:188} INFO - Downloaded inventory/date=2026-06-17/inventory_190404483224.parquet -> /tmp/minio_downloads/inventory_190404483224.parquet
[2026-07-04T14:33:26.251+0000] {logging_mixin.py:188} INFO - Downloaded inventory/date=2026-06-17/inventory_190404577048.parquet -> /tmp/minio_downloads/inventory_190404577048.parquet
[2026-07-04T14:33:26.278+0000] {logging_mixin.py:188} INFO - Downloaded inventory/date=2026-06-17/inventory_190404697808.parquet -> /tmp/minio_downloads/inventory_190404697808.parquet
[2026-07-04T14:33:26.305+0000] {logging_mixin.py:188} INFO - Downloaded inventory/date=2026-06-17/inventory_190404809356.parquet -> /tmp/minio_downloads/inventory_190404809356.parquet
[2026-07-04T14:33:26.332+0000] {logging_mixin.py:188} INFO - Downloaded inventory/date=2026-06-17/inventory_190404905673.parquet -> /tmp/minio_downloads/inventory_190404905673.parquet
[2026-07-04T14:33:26.359+0000] {logging_mixin.py:188} INFO - Downloaded inventory/date=2026-06-17/inventory_190404991366.parquet -> /tmp/minio_downloads/inventory_190404991366.parquet
[2026-07-04T14:33:26.385+0000] {logging_mixin.py:188} INFO - Downloaded inventory/date=2026-06-17/inventory_190405091713.parquet -> /tmp/minio_downloads/inventory_190405091713.parquet
[2026-07-04T14:33:26.411+0000] {logging_mixin.py:188} INFO - Downloaded inventory/date=2026-06-17/inventory_190405195838.parquet -> /tmp/minio_downloads/inventory_190405195838.parquet
[2026-07-04T14:33:26.438+0000] {logging_mixin.py:188} INFO - Downloaded inventory/date=2026-06-17/inventory_190405327642.parquet -> /tmp/minio_downloads/inventory_190405327642.parquet
[2026-07-04T14:33:26.465+0000] {logging_mixin.py:188} INFO - Downloaded inventory/date=2026-06-17/inventory_190405441003.parquet -> /tmp/minio_downloads/inventory_190405441003.parquet
[2026-07-04T14:33:26.490+0000] {logging_mixin.py:188} INFO - Downloaded inventory/date=2026-06-17/inventory_190405768345.parquet -> /tmp/minio_downloads/inventory_190405768345.parquet
[2026-07-04T14:33:26.529+0000] {logging_mixin.py:188} INFO - Downloaded inventory/date=2026-06-17/inventory_190405922758.parquet -> /tmp/minio_downloads/inventory_190405922758.parquet
[2026-07-04T14:33:26.555+0000] {logging_mixin.py:188} INFO - Downloaded inventory/date=2026-06-17/inventory_190406063831.parquet -> /tmp/minio_downloads/inventory_190406063831.parquet
[2026-07-04T14:33:26.582+0000] {logging_mixin.py:188} INFO - Downloaded inventory/date=2026-06-17/inventory_190406207455.parquet -> /tmp/minio_downloads/inventory_190406207455.parquet
[2026-07-04T14:33:26.606+0000] {logging_mixin.py:188} INFO - Downloaded inventory/date=2026-06-17/inventory_190406333464.parquet -> /tmp/minio_downloads/inventory_190406333464.parquet
[2026-07-04T14:33:26.632+0000] {logging_mixin.py:188} INFO - Downloaded inventory/date=2026-06-17/inventory_190406451765.parquet -> /tmp/minio_downloads/inventory_190406451765.parquet
[2026-07-04T14:33:26.657+0000] {logging_mixin.py:188} INFO - Downloaded inventory/date=2026-06-17/inventory_190406578003.parquet -> /tmp/minio_downloads/inventory_190406578003.parquet
[2026-07-04T14:33:26.682+0000] {logging_mixin.py:188} INFO - Downloaded inventory/date=2026-06-17/inventory_190406701870.parquet -> /tmp/minio_downloads/inventory_190406701870.parquet
[2026-07-04T14:33:26.707+0000] {logging_mixin.py:188} INFO - Downloaded inventory/date=2026-06-17/inventory_190406885857.parquet -> /tmp/minio_downloads/inventory_190406885857.parquet
[2026-07-04T14:33:26.731+0000] {logging_mixin.py:188} INFO - Downloaded inventory/date=2026-06-17/inventory_190407051594.parquet -> /tmp/minio_downloads/inventory_190407051594.parquet
[2026-07-04T14:33:26.757+0000] {logging_mixin.py:188} INFO - Downloaded inventory/date=2026-06-17/inventory_190407210704.parquet -> /tmp/minio_downloads/inventory_190407210704.parquet
[2026-07-04T14:33:26.786+0000] {logging_mixin.py:188} INFO - Downloaded inventory/date=2026-06-17/inventory_190407350563.parquet -> /tmp/minio_downloads/inventory_190407350563.parquet
[2026-07-04T14:33:26.819+0000] {logging_mixin.py:188} INFO - Downloaded inventory/date=2026-06-17/inventory_190407450899.parquet -> /tmp/minio_downloads/inventory_190407450899.parquet
[2026-07-04T14:33:26.850+0000] {logging_mixin.py:188} INFO - Downloaded inventory/date=2026-06-17/inventory_190407539272.parquet -> /tmp/minio_downloads/inventory_190407539272.parquet
[2026-07-04T14:33:26.879+0000] {logging_mixin.py:188} INFO - Downloaded inventory/date=2026-06-17/inventory_190407638665.parquet -> /tmp/minio_downloads/inventory_190407638665.parquet
[2026-07-04T14:33:26.908+0000] {logging_mixin.py:188} INFO - Downloaded inventory/date=2026-06-17/inventory_190407748126.parquet -> /tmp/minio_downloads/inventory_190407748126.parquet
[2026-07-04T14:33:26.935+0000] {logging_mixin.py:188} INFO - Downloaded inventory/date=2026-06-17/inventory_190407860341.parquet -> /tmp/minio_downloads/inventory_190407860341.parquet
[2026-07-04T14:33:26.962+0000] {logging_mixin.py:188} INFO - Downloaded inventory/date=2026-06-17/inventory_190407968142.parquet -> /tmp/minio_downloads/inventory_190407968142.parquet
[2026-07-04T14:33:26.988+0000] {logging_mixin.py:188} INFO - Downloaded inventory/date=2026-06-17/inventory_190408061455.parquet -> /tmp/minio_downloads/inventory_190408061455.parquet
[2026-07-04T14:33:27.013+0000] {logging_mixin.py:188} INFO - Downloaded inventory/date=2026-06-17/inventory_190408154686.parquet -> /tmp/minio_downloads/inventory_190408154686.parquet
[2026-07-04T14:33:27.039+0000] {logging_mixin.py:188} INFO - Downloaded inventory/date=2026-06-17/inventory_190408236549.parquet -> /tmp/minio_downloads/inventory_190408236549.parquet
[2026-07-04T14:33:27.064+0000] {logging_mixin.py:188} INFO - Downloaded inventory/date=2026-06-17/inventory_190408324598.parquet -> /tmp/minio_downloads/inventory_190408324598.parquet
[2026-07-04T14:33:27.089+0000] {logging_mixin.py:188} INFO - Downloaded inventory/date=2026-06-17/inventory_190408417180.parquet -> /tmp/minio_downloads/inventory_190408417180.parquet
[2026-07-04T14:33:27.115+0000] {logging_mixin.py:188} INFO - Downloaded inventory/date=2026-06-17/inventory_190408498064.parquet -> /tmp/minio_downloads/inventory_190408498064.parquet
[2026-07-04T14:33:27.140+0000] {logging_mixin.py:188} INFO - Downloaded inventory/date=2026-06-17/inventory_190408578114.parquet -> /tmp/minio_downloads/inventory_190408578114.parquet
[2026-07-04T14:33:27.164+0000] {logging_mixin.py:188} INFO - Downloaded inventory/date=2026-06-17/inventory_190408668220.parquet -> /tmp/minio_downloads/inventory_190408668220.parquet
[2026-07-04T14:33:27.190+0000] {logging_mixin.py:188} INFO - Downloaded inventory/date=2026-06-17/inventory_190408741292.parquet -> /tmp/minio_downloads/inventory_190408741292.parquet
[2026-07-04T14:33:27.214+0000] {logging_mixin.py:188} INFO - Downloaded inventory/date=2026-06-17/inventory_190408821926.parquet -> /tmp/minio_downloads/inventory_190408821926.parquet
[2026-07-04T14:33:27.240+0000] {logging_mixin.py:188} INFO - Downloaded inventory/date=2026-06-17/inventory_190408896694.parquet -> /tmp/minio_downloads/inventory_190408896694.parquet
[2026-07-04T14:33:27.264+0000] {logging_mixin.py:188} INFO - Downloaded inventory/date=2026-06-17/inventory_190408968724.parquet -> /tmp/minio_downloads/inventory_190408968724.parquet
[2026-07-04T14:33:27.290+0000] {logging_mixin.py:188} INFO - Downloaded inventory/date=2026-06-17/inventory_190409049550.parquet -> /tmp/minio_downloads/inventory_190409049550.parquet
[2026-07-04T14:33:27.315+0000] {logging_mixin.py:188} INFO - Downloaded inventory/date=2026-06-17/inventory_190409126158.parquet -> /tmp/minio_downloads/inventory_190409126158.parquet
[2026-07-04T14:33:27.340+0000] {logging_mixin.py:188} INFO - Downloaded inventory/date=2026-06-17/inventory_190409214538.parquet -> /tmp/minio_downloads/inventory_190409214538.parquet
[2026-07-04T14:33:27.363+0000] {logging_mixin.py:188} INFO - Downloaded inventory/date=2026-06-17/inventory_190409306347.parquet -> /tmp/minio_downloads/inventory_190409306347.parquet
[2026-07-04T14:33:27.386+0000] {logging_mixin.py:188} INFO - Downloaded inventory/date=2026-06-17/inventory_190409385374.parquet -> /tmp/minio_downloads/inventory_190409385374.parquet
[2026-07-04T14:33:27.411+0000] {logging_mixin.py:188} INFO - Downloaded inventory/date=2026-06-17/inventory_190409453824.parquet -> /tmp/minio_downloads/inventory_190409453824.parquet
[2026-07-04T14:33:27.435+0000] {logging_mixin.py:188} INFO - Downloaded inventory/date=2026-06-17/inventory_190409553817.parquet -> /tmp/minio_downloads/inventory_190409553817.parquet
[2026-07-04T14:33:27.459+0000] {logging_mixin.py:188} INFO - Downloaded inventory/date=2026-06-17/inventory_190409634034.parquet -> /tmp/minio_downloads/inventory_190409634034.parquet
[2026-07-04T14:33:27.482+0000] {logging_mixin.py:188} INFO - Downloaded inventory/date=2026-06-17/inventory_190409727568.parquet -> /tmp/minio_downloads/inventory_190409727568.parquet
[2026-07-04T14:33:27.506+0000] {logging_mixin.py:188} INFO - Downloaded inventory/date=2026-06-17/inventory_190409802200.parquet -> /tmp/minio_downloads/inventory_190409802200.parquet
[2026-07-04T14:33:27.532+0000] {logging_mixin.py:188} INFO - Downloaded inventory/date=2026-06-17/inventory_190409894272.parquet -> /tmp/minio_downloads/inventory_190409894272.parquet
[2026-07-04T14:33:27.555+0000] {logging_mixin.py:188} INFO - Downloaded inventory/date=2026-06-17/inventory_190409967241.parquet -> /tmp/minio_downloads/inventory_190409967241.parquet
[2026-07-04T14:33:27.578+0000] {logging_mixin.py:188} INFO - Downloaded inventory/date=2026-06-17/inventory_190410034910.parquet -> /tmp/minio_downloads/inventory_190410034910.parquet
[2026-07-04T14:33:27.602+0000] {logging_mixin.py:188} INFO - Downloaded inventory/date=2026-06-17/inventory_190410149403.parquet -> /tmp/minio_downloads/inventory_190410149403.parquet
[2026-07-04T14:33:27.629+0000] {logging_mixin.py:188} INFO - Downloaded inventory/date=2026-06-17/inventory_190410242222.parquet -> /tmp/minio_downloads/inventory_190410242222.parquet
[2026-07-04T14:33:27.654+0000] {logging_mixin.py:188} INFO - Downloaded inventory/date=2026-06-17/inventory_190410328881.parquet -> /tmp/minio_downloads/inventory_190410328881.parquet
[2026-07-04T14:33:27.679+0000] {logging_mixin.py:188} INFO - Downloaded inventory/date=2026-06-17/inventory_190410401938.parquet -> /tmp/minio_downloads/inventory_190410401938.parquet
[2026-07-04T14:33:27.704+0000] {logging_mixin.py:188} INFO - Downloaded inventory/date=2026-06-17/inventory_190410484537.parquet -> /tmp/minio_downloads/inventory_190410484537.parquet
[2026-07-04T14:33:27.731+0000] {logging_mixin.py:188} INFO - Downloaded inventory/date=2026-06-17/inventory_190410564643.parquet -> /tmp/minio_downloads/inventory_190410564643.parquet
[2026-07-04T14:33:27.756+0000] {logging_mixin.py:188} INFO - Downloaded inventory/date=2026-06-17/inventory_190410641048.parquet -> /tmp/minio_downloads/inventory_190410641048.parquet
[2026-07-04T14:33:27.783+0000] {logging_mixin.py:188} INFO - Downloaded inventory/date=2026-06-17/inventory_190410754687.parquet -> /tmp/minio_downloads/inventory_190410754687.parquet
[2026-07-04T14:33:27.807+0000] {logging_mixin.py:188} INFO - Downloaded inventory/date=2026-06-17/inventory_190410927384.parquet -> /tmp/minio_downloads/inventory_190410927384.parquet
[2026-07-04T14:33:27.832+0000] {logging_mixin.py:188} INFO - Downloaded inventory/date=2026-06-17/inventory_190411083821.parquet -> /tmp/minio_downloads/inventory_190411083821.parquet
[2026-07-04T14:33:27.855+0000] {logging_mixin.py:188} INFO - Downloaded inventory/date=2026-06-17/inventory_190411194582.parquet -> /tmp/minio_downloads/inventory_190411194582.parquet
[2026-07-04T14:33:27.879+0000] {logging_mixin.py:188} INFO - Downloaded inventory/date=2026-06-17/inventory_190411299216.parquet -> /tmp/minio_downloads/inventory_190411299216.parquet
[2026-07-04T14:33:27.903+0000] {logging_mixin.py:188} INFO - Downloaded inventory/date=2026-06-17/inventory_190411415627.parquet -> /tmp/minio_downloads/inventory_190411415627.parquet
[2026-07-04T14:33:27.927+0000] {logging_mixin.py:188} INFO - Downloaded inventory/date=2026-06-17/inventory_190411527045.parquet -> /tmp/minio_downloads/inventory_190411527045.parquet
[2026-07-04T14:33:27.951+0000] {logging_mixin.py:188} INFO - Downloaded inventory/date=2026-06-17/inventory_190411646232.parquet -> /tmp/minio_downloads/inventory_190411646232.parquet
[2026-07-04T14:33:27.978+0000] {logging_mixin.py:188} INFO - Downloaded inventory/date=2026-06-17/inventory_190411758774.parquet -> /tmp/minio_downloads/inventory_190411758774.parquet
[2026-07-04T14:33:28.004+0000] {logging_mixin.py:188} INFO - Downloaded inventory/date=2026-06-17/inventory_190724121773.parquet -> /tmp/minio_downloads/inventory_190724121773.parquet
[2026-07-04T14:33:28.031+0000] {logging_mixin.py:188} INFO - Downloaded inventory/date=2026-06-17/inventory_190724211291.parquet -> /tmp/minio_downloads/inventory_190724211291.parquet
[2026-07-04T14:33:28.058+0000] {logging_mixin.py:188} INFO - Downloaded inventory/date=2026-06-17/inventory_190724280595.parquet -> /tmp/minio_downloads/inventory_190724280595.parquet
[2026-07-04T14:33:28.095+0000] {logging_mixin.py:188} INFO - Downloaded inventory/date=2026-06-17/inventory_190724362119.parquet -> /tmp/minio_downloads/inventory_190724362119.parquet
[2026-07-04T14:33:28.121+0000] {logging_mixin.py:188} INFO - Downloaded inventory/date=2026-06-17/inventory_190724434367.parquet -> /tmp/minio_downloads/inventory_190724434367.parquet
[2026-07-04T14:33:28.149+0000] {logging_mixin.py:188} INFO - Downloaded inventory/date=2026-06-17/inventory_190724523271.parquet -> /tmp/minio_downloads/inventory_190724523271.parquet
[2026-07-04T14:33:28.174+0000] {logging_mixin.py:188} INFO - Downloaded inventory/date=2026-06-17/inventory_190724613577.parquet -> /tmp/minio_downloads/inventory_190724613577.parquet
[2026-07-04T14:33:28.203+0000] {logging_mixin.py:188} INFO - Downloaded inventory/date=2026-06-17/inventory_190724684982.parquet -> /tmp/minio_downloads/inventory_190724684982.parquet
[2026-07-04T14:33:28.228+0000] {logging_mixin.py:188} INFO - Downloaded inventory/date=2026-06-17/inventory_190724769728.parquet -> /tmp/minio_downloads/inventory_190724769728.parquet
[2026-07-04T14:33:28.253+0000] {logging_mixin.py:188} INFO - Downloaded inventory/date=2026-06-17/inventory_190724876223.parquet -> /tmp/minio_downloads/inventory_190724876223.parquet
[2026-07-04T14:33:28.280+0000] {logging_mixin.py:188} INFO - Downloaded inventory/date=2026-06-17/inventory_190725006023.parquet -> /tmp/minio_downloads/inventory_190725006023.parquet
[2026-07-04T14:33:28.307+0000] {logging_mixin.py:188} INFO - Downloaded inventory/date=2026-06-17/inventory_190725151453.parquet -> /tmp/minio_downloads/inventory_190725151453.parquet
[2026-07-04T14:33:28.335+0000] {logging_mixin.py:188} INFO - Downloaded inventory/date=2026-06-17/inventory_190725265170.parquet -> /tmp/minio_downloads/inventory_190725265170.parquet
[2026-07-04T14:33:28.362+0000] {logging_mixin.py:188} INFO - Downloaded inventory/date=2026-06-17/inventory_190725384561.parquet -> /tmp/minio_downloads/inventory_190725384561.parquet
[2026-07-04T14:33:28.391+0000] {logging_mixin.py:188} INFO - Downloaded inventory/date=2026-06-17/inventory_190725501265.parquet -> /tmp/minio_downloads/inventory_190725501265.parquet
[2026-07-04T14:33:28.420+0000] {logging_mixin.py:188} INFO - Downloaded inventory/date=2026-06-17/inventory_190725598476.parquet -> /tmp/minio_downloads/inventory_190725598476.parquet
[2026-07-04T14:33:28.448+0000] {logging_mixin.py:188} INFO - Downloaded inventory/date=2026-06-17/inventory_190725691197.parquet -> /tmp/minio_downloads/inventory_190725691197.parquet
[2026-07-04T14:33:28.476+0000] {logging_mixin.py:188} INFO - Downloaded inventory/date=2026-06-17/inventory_190725785018.parquet -> /tmp/minio_downloads/inventory_190725785018.parquet
[2026-07-04T14:33:28.504+0000] {logging_mixin.py:188} INFO - Downloaded inventory/date=2026-06-17/inventory_190725900286.parquet -> /tmp/minio_downloads/inventory_190725900286.parquet
[2026-07-04T14:33:28.531+0000] {logging_mixin.py:188} INFO - Downloaded inventory/date=2026-06-17/inventory_190726015154.parquet -> /tmp/minio_downloads/inventory_190726015154.parquet
[2026-07-04T14:33:28.558+0000] {logging_mixin.py:188} INFO - Downloaded inventory/date=2026-06-17/inventory_190726119453.parquet -> /tmp/minio_downloads/inventory_190726119453.parquet
[2026-07-04T14:33:28.584+0000] {logging_mixin.py:188} INFO - Downloaded inventory/date=2026-06-17/inventory_190726213632.parquet -> /tmp/minio_downloads/inventory_190726213632.parquet
[2026-07-04T14:33:28.610+0000] {logging_mixin.py:188} INFO - Downloaded inventory/date=2026-06-17/inventory_190726325482.parquet -> /tmp/minio_downloads/inventory_190726325482.parquet
[2026-07-04T14:33:28.636+0000] {logging_mixin.py:188} INFO - Downloaded inventory/date=2026-06-17/inventory_190726437915.parquet -> /tmp/minio_downloads/inventory_190726437915.parquet
[2026-07-04T14:33:28.661+0000] {logging_mixin.py:188} INFO - Downloaded inventory/date=2026-06-17/inventory_190726534603.parquet -> /tmp/minio_downloads/inventory_190726534603.parquet
[2026-07-04T14:33:28.687+0000] {logging_mixin.py:188} INFO - Downloaded inventory/date=2026-06-17/inventory_190726637681.parquet -> /tmp/minio_downloads/inventory_190726637681.parquet
[2026-07-04T14:33:28.712+0000] {logging_mixin.py:188} INFO - Downloaded inventory/date=2026-06-17/inventory_190726740347.parquet -> /tmp/minio_downloads/inventory_190726740347.parquet
[2026-07-04T14:33:28.738+0000] {logging_mixin.py:188} INFO - Downloaded inventory/date=2026-06-17/inventory_190726827348.parquet -> /tmp/minio_downloads/inventory_190726827348.parquet
[2026-07-04T14:33:28.763+0000] {logging_mixin.py:188} INFO - Downloaded inventory/date=2026-06-17/inventory_190726925999.parquet -> /tmp/minio_downloads/inventory_190726925999.parquet
[2026-07-04T14:33:28.794+0000] {logging_mixin.py:188} INFO - Downloaded inventory/date=2026-06-17/inventory_190727024460.parquet -> /tmp/minio_downloads/inventory_190727024460.parquet
[2026-07-04T14:33:28.826+0000] {logging_mixin.py:188} INFO - Downloaded inventory/date=2026-06-17/inventory_190727115161.parquet -> /tmp/minio_downloads/inventory_190727115161.parquet
[2026-07-04T14:33:28.858+0000] {logging_mixin.py:188} INFO - Downloaded inventory/date=2026-06-17/inventory_190727229372.parquet -> /tmp/minio_downloads/inventory_190727229372.parquet
[2026-07-04T14:33:28.891+0000] {logging_mixin.py:188} INFO - Downloaded inventory/date=2026-06-17/inventory_190727343222.parquet -> /tmp/minio_downloads/inventory_190727343222.parquet
[2026-07-04T14:33:28.921+0000] {logging_mixin.py:188} INFO - Downloaded inventory/date=2026-06-17/inventory_190727453763.parquet -> /tmp/minio_downloads/inventory_190727453763.parquet
[2026-07-04T14:33:28.948+0000] {logging_mixin.py:188} INFO - Downloaded inventory/date=2026-06-17/inventory_190727550852.parquet -> /tmp/minio_downloads/inventory_190727550852.parquet
[2026-07-04T14:33:28.975+0000] {logging_mixin.py:188} INFO - Downloaded inventory/date=2026-06-17/inventory_190727641802.parquet -> /tmp/minio_downloads/inventory_190727641802.parquet
[2026-07-04T14:33:29.002+0000] {logging_mixin.py:188} INFO - Downloaded inventory/date=2026-06-17/inventory_190727757222.parquet -> /tmp/minio_downloads/inventory_190727757222.parquet
[2026-07-04T14:33:29.027+0000] {logging_mixin.py:188} INFO - Downloaded inventory/date=2026-06-17/inventory_190727842781.parquet -> /tmp/minio_downloads/inventory_190727842781.parquet
[2026-07-04T14:33:29.054+0000] {logging_mixin.py:188} INFO - Downloaded inventory/date=2026-06-17/inventory_190727960068.parquet -> /tmp/minio_downloads/inventory_190727960068.parquet
[2026-07-04T14:33:29.081+0000] {logging_mixin.py:188} INFO - Downloaded inventory/date=2026-06-17/inventory_190728058711.parquet -> /tmp/minio_downloads/inventory_190728058711.parquet
[2026-07-04T14:33:29.109+0000] {logging_mixin.py:188} INFO - Downloaded inventory/date=2026-06-17/inventory_190728245349.parquet -> /tmp/minio_downloads/inventory_190728245349.parquet
[2026-07-04T14:33:29.136+0000] {logging_mixin.py:188} INFO - Downloaded inventory/date=2026-06-17/inventory_190728347720.parquet -> /tmp/minio_downloads/inventory_190728347720.parquet
[2026-07-04T14:33:29.162+0000] {logging_mixin.py:188} INFO - Downloaded inventory/date=2026-06-17/inventory_190728460261.parquet -> /tmp/minio_downloads/inventory_190728460261.parquet
[2026-07-04T14:33:29.189+0000] {logging_mixin.py:188} INFO - Downloaded inventory/date=2026-06-17/inventory_190728563487.parquet -> /tmp/minio_downloads/inventory_190728563487.parquet
[2026-07-04T14:33:29.217+0000] {logging_mixin.py:188} INFO - Downloaded inventory/date=2026-06-17/inventory_190728663680.parquet -> /tmp/minio_downloads/inventory_190728663680.parquet
[2026-07-04T14:33:29.245+0000] {logging_mixin.py:188} INFO - Downloaded inventory/date=2026-06-17/inventory_190728760159.parquet -> /tmp/minio_downloads/inventory_190728760159.parquet
[2026-07-04T14:33:29.271+0000] {logging_mixin.py:188} INFO - Downloaded inventory/date=2026-06-17/inventory_190728840548.parquet -> /tmp/minio_downloads/inventory_190728840548.parquet
[2026-07-04T14:33:29.297+0000] {logging_mixin.py:188} INFO - Downloaded inventory/date=2026-06-17/inventory_190728959773.parquet -> /tmp/minio_downloads/inventory_190728959773.parquet
[2026-07-04T14:33:29.323+0000] {logging_mixin.py:188} INFO - Downloaded inventory/date=2026-06-17/inventory_190729057471.parquet -> /tmp/minio_downloads/inventory_190729057471.parquet
[2026-07-04T14:33:29.349+0000] {logging_mixin.py:188} INFO - Downloaded inventory/date=2026-06-17/inventory_190729160189.parquet -> /tmp/minio_downloads/inventory_190729160189.parquet
[2026-07-04T14:33:29.376+0000] {logging_mixin.py:188} INFO - Downloaded inventory/date=2026-06-17/inventory_190729263647.parquet -> /tmp/minio_downloads/inventory_190729263647.parquet
[2026-07-04T14:33:29.404+0000] {logging_mixin.py:188} INFO - Downloaded inventory/date=2026-06-17/inventory_190729356034.parquet -> /tmp/minio_downloads/inventory_190729356034.parquet
[2026-07-04T14:33:29.435+0000] {logging_mixin.py:188} INFO - Downloaded inventory/date=2026-06-17/inventory_190729459574.parquet -> /tmp/minio_downloads/inventory_190729459574.parquet
[2026-07-04T14:33:29.466+0000] {logging_mixin.py:188} INFO - Downloaded inventory/date=2026-06-17/inventory_190729559650.parquet -> /tmp/minio_downloads/inventory_190729559650.parquet
[2026-07-04T14:33:29.494+0000] {logging_mixin.py:188} INFO - Downloaded inventory/date=2026-06-17/inventory_190729655449.parquet -> /tmp/minio_downloads/inventory_190729655449.parquet
[2026-07-04T14:33:29.522+0000] {logging_mixin.py:188} INFO - Downloaded inventory/date=2026-06-17/inventory_190729759915.parquet -> /tmp/minio_downloads/inventory_190729759915.parquet
[2026-07-04T14:33:29.553+0000] {logging_mixin.py:188} INFO - Downloaded inventory/date=2026-06-17/inventory_190729874178.parquet -> /tmp/minio_downloads/inventory_190729874178.parquet
[2026-07-04T14:33:29.582+0000] {logging_mixin.py:188} INFO - Downloaded inventory/date=2026-06-17/inventory_190729983117.parquet -> /tmp/minio_downloads/inventory_190729983117.parquet
[2026-07-04T14:33:29.614+0000] {logging_mixin.py:188} INFO - Downloaded inventory/date=2026-06-17/inventory_190730074671.parquet -> /tmp/minio_downloads/inventory_190730074671.parquet
[2026-07-04T14:33:29.642+0000] {logging_mixin.py:188} INFO - Downloaded inventory/date=2026-06-17/inventory_190730168753.parquet -> /tmp/minio_downloads/inventory_190730168753.parquet
[2026-07-04T14:33:29.669+0000] {logging_mixin.py:188} INFO - Downloaded inventory/date=2026-06-17/inventory_190730261927.parquet -> /tmp/minio_downloads/inventory_190730261927.parquet
[2026-07-04T14:33:29.697+0000] {logging_mixin.py:188} INFO - Downloaded inventory/date=2026-06-17/inventory_190730373804.parquet -> /tmp/minio_downloads/inventory_190730373804.parquet
[2026-07-04T14:33:29.723+0000] {logging_mixin.py:188} INFO - Downloaded inventory/date=2026-06-17/inventory_190730477763.parquet -> /tmp/minio_downloads/inventory_190730477763.parquet
[2026-07-04T14:33:29.749+0000] {logging_mixin.py:188} INFO - Downloaded inventory/date=2026-06-17/inventory_190730598498.parquet -> /tmp/minio_downloads/inventory_190730598498.parquet
[2026-07-04T14:33:29.774+0000] {logging_mixin.py:188} INFO - Downloaded inventory/date=2026-06-17/inventory_190730691789.parquet -> /tmp/minio_downloads/inventory_190730691789.parquet
[2026-07-04T14:33:29.799+0000] {logging_mixin.py:188} INFO - Downloaded inventory/date=2026-06-17/inventory_190730777279.parquet -> /tmp/minio_downloads/inventory_190730777279.parquet
[2026-07-04T14:33:29.822+0000] {logging_mixin.py:188} INFO - Downloaded inventory/date=2026-06-17/inventory_190730854425.parquet -> /tmp/minio_downloads/inventory_190730854425.parquet
[2026-07-04T14:33:29.847+0000] {logging_mixin.py:188} INFO - Downloaded inventory/date=2026-06-17/inventory_190730966242.parquet -> /tmp/minio_downloads/inventory_190730966242.parquet
[2026-07-04T14:33:29.872+0000] {logging_mixin.py:188} INFO - Downloaded inventory/date=2026-06-17/inventory_190731065527.parquet -> /tmp/minio_downloads/inventory_190731065527.parquet
[2026-07-04T14:33:29.897+0000] {logging_mixin.py:188} INFO - Downloaded inventory/date=2026-06-17/inventory_190731160196.parquet -> /tmp/minio_downloads/inventory_190731160196.parquet
[2026-07-04T14:33:29.924+0000] {logging_mixin.py:188} INFO - Downloaded inventory/date=2026-06-17/inventory_190731253099.parquet -> /tmp/minio_downloads/inventory_190731253099.parquet
[2026-07-04T14:33:29.947+0000] {logging_mixin.py:188} INFO - Downloaded inventory/date=2026-06-17/inventory_190731340560.parquet -> /tmp/minio_downloads/inventory_190731340560.parquet
[2026-07-04T14:33:29.972+0000] {logging_mixin.py:188} INFO - Downloaded inventory/date=2026-06-17/inventory_190731431365.parquet -> /tmp/minio_downloads/inventory_190731431365.parquet
[2026-07-04T14:33:29.997+0000] {logging_mixin.py:188} INFO - Downloaded inventory/date=2026-06-17/inventory_190731529586.parquet -> /tmp/minio_downloads/inventory_190731529586.parquet
[2026-07-04T14:33:30.022+0000] {logging_mixin.py:188} INFO - Downloaded inventory/date=2026-06-17/inventory_190731643222.parquet -> /tmp/minio_downloads/inventory_190731643222.parquet
[2026-07-04T14:33:30.050+0000] {logging_mixin.py:188} INFO - Downloaded inventory/date=2026-06-17/inventory_190731742869.parquet -> /tmp/minio_downloads/inventory_190731742869.parquet
[2026-07-04T14:33:30.081+0000] {logging_mixin.py:188} INFO - Downloaded inventory/date=2026-06-17/inventory_190731847895.parquet -> /tmp/minio_downloads/inventory_190731847895.parquet
[2026-07-04T14:33:30.109+0000] {logging_mixin.py:188} INFO - Downloaded inventory/date=2026-06-17/inventory_190731956151.parquet -> /tmp/minio_downloads/inventory_190731956151.parquet
[2026-07-04T14:33:30.136+0000] {logging_mixin.py:188} INFO - Downloaded inventory/date=2026-06-17/inventory_190732042536.parquet -> /tmp/minio_downloads/inventory_190732042536.parquet
[2026-07-04T14:33:30.162+0000] {logging_mixin.py:188} INFO - Downloaded inventory/date=2026-06-17/inventory_190732152479.parquet -> /tmp/minio_downloads/inventory_190732152479.parquet
[2026-07-04T14:33:30.188+0000] {logging_mixin.py:188} INFO - Downloaded inventory/date=2026-06-17/inventory_190732254851.parquet -> /tmp/minio_downloads/inventory_190732254851.parquet
[2026-07-04T14:33:30.216+0000] {logging_mixin.py:188} INFO - Downloaded inventory/date=2026-06-17/inventory_190732343195.parquet -> /tmp/minio_downloads/inventory_190732343195.parquet
[2026-07-04T14:33:30.245+0000] {logging_mixin.py:188} INFO - Downloaded inventory/date=2026-06-17/inventory_190732425192.parquet -> /tmp/minio_downloads/inventory_190732425192.parquet
[2026-07-04T14:33:30.275+0000] {logging_mixin.py:188} INFO - Downloaded inventory/date=2026-06-17/inventory_190732521073.parquet -> /tmp/minio_downloads/inventory_190732521073.parquet
[2026-07-04T14:33:30.303+0000] {logging_mixin.py:188} INFO - Downloaded inventory/date=2026-06-17/inventory_190732609592.parquet -> /tmp/minio_downloads/inventory_190732609592.parquet
[2026-07-04T14:33:30.328+0000] {logging_mixin.py:188} INFO - Downloaded inventory/date=2026-06-17/inventory_190732731455.parquet -> /tmp/minio_downloads/inventory_190732731455.parquet
[2026-07-04T14:33:30.352+0000] {logging_mixin.py:188} INFO - Downloaded inventory/date=2026-06-17/inventory_190732835308.parquet -> /tmp/minio_downloads/inventory_190732835308.parquet
[2026-07-04T14:33:30.378+0000] {logging_mixin.py:188} INFO - Downloaded inventory/date=2026-06-17/inventory_190732937497.parquet -> /tmp/minio_downloads/inventory_190732937497.parquet
[2026-07-04T14:33:30.403+0000] {logging_mixin.py:188} INFO - Downloaded inventory/date=2026-06-17/inventory_190733037669.parquet -> /tmp/minio_downloads/inventory_190733037669.parquet
[2026-07-04T14:33:30.438+0000] {logging_mixin.py:188} INFO - Downloaded inventory/date=2026-06-17/inventory_190733121053.parquet -> /tmp/minio_downloads/inventory_190733121053.parquet
[2026-07-04T14:33:30.482+0000] {logging_mixin.py:188} INFO - Downloaded inventory/date=2026-06-17/inventory_190733221607.parquet -> /tmp/minio_downloads/inventory_190733221607.parquet
[2026-07-04T14:33:30.522+0000] {logging_mixin.py:188} INFO - Downloaded inventory/date=2026-06-17/inventory_190733303065.parquet -> /tmp/minio_downloads/inventory_190733303065.parquet
[2026-07-04T14:33:30.571+0000] {logging_mixin.py:188} INFO - Downloaded inventory/date=2026-06-17/inventory_190733404263.parquet -> /tmp/minio_downloads/inventory_190733404263.parquet
[2026-07-04T14:33:30.617+0000] {logging_mixin.py:188} INFO - Downloaded inventory/date=2026-06-17/inventory_190733532829.parquet -> /tmp/minio_downloads/inventory_190733532829.parquet
[2026-07-04T14:33:30.652+0000] {logging_mixin.py:188} INFO - Downloaded inventory/date=2026-06-17/inventory_190733657083.parquet -> /tmp/minio_downloads/inventory_190733657083.parquet
[2026-07-04T14:33:30.688+0000] {logging_mixin.py:188} INFO - Downloaded inventory/date=2026-06-17/inventory_190733876086.parquet -> /tmp/minio_downloads/inventory_190733876086.parquet
[2026-07-04T14:33:30.721+0000] {logging_mixin.py:188} INFO - Downloaded inventory/date=2026-06-17/inventory_190734023912.parquet -> /tmp/minio_downloads/inventory_190734023912.parquet
[2026-07-04T14:33:30.754+0000] {logging_mixin.py:188} INFO - Downloaded inventory/date=2026-06-17/inventory_190734177257.parquet -> /tmp/minio_downloads/inventory_190734177257.parquet
[2026-07-04T14:33:30.787+0000] {logging_mixin.py:188} INFO - Downloaded inventory/date=2026-06-17/inventory_190734303032.parquet -> /tmp/minio_downloads/inventory_190734303032.parquet
[2026-07-04T14:33:30.816+0000] {logging_mixin.py:188} INFO - Downloaded inventory/date=2026-06-17/inventory_190734434485.parquet -> /tmp/minio_downloads/inventory_190734434485.parquet
[2026-07-04T14:33:30.846+0000] {logging_mixin.py:188} INFO - Downloaded inventory/date=2026-06-17/inventory_190734629294.parquet -> /tmp/minio_downloads/inventory_190734629294.parquet
[2026-07-04T14:33:30.875+0000] {logging_mixin.py:188} INFO - Downloaded inventory/date=2026-06-17/inventory_190734778147.parquet -> /tmp/minio_downloads/inventory_190734778147.parquet
[2026-07-04T14:33:30.907+0000] {logging_mixin.py:188} INFO - Downloaded inventory/date=2026-06-17/inventory_190734913485.parquet -> /tmp/minio_downloads/inventory_190734913485.parquet
[2026-07-04T14:33:30.938+0000] {logging_mixin.py:188} INFO - Downloaded inventory/date=2026-06-17/inventory_190735039918.parquet -> /tmp/minio_downloads/inventory_190735039918.parquet
[2026-07-04T14:33:30.969+0000] {logging_mixin.py:188} INFO - Downloaded inventory/date=2026-06-17/inventory_190735160406.parquet -> /tmp/minio_downloads/inventory_190735160406.parquet
[2026-07-04T14:33:31.000+0000] {logging_mixin.py:188} INFO - Downloaded inventory/date=2026-06-17/inventory_190735298221.parquet -> /tmp/minio_downloads/inventory_190735298221.parquet
[2026-07-04T14:33:31.030+0000] {logging_mixin.py:188} INFO - Downloaded inventory/date=2026-06-17/inventory_190735438682.parquet -> /tmp/minio_downloads/inventory_190735438682.parquet
[2026-07-04T14:33:31.058+0000] {logging_mixin.py:188} INFO - Downloaded inventory/date=2026-06-17/inventory_190735555458.parquet -> /tmp/minio_downloads/inventory_190735555458.parquet
[2026-07-04T14:33:31.087+0000] {logging_mixin.py:188} INFO - Downloaded inventory/date=2026-06-17/inventory_190735656570.parquet -> /tmp/minio_downloads/inventory_190735656570.parquet
[2026-07-04T14:33:31.114+0000] {logging_mixin.py:188} INFO - Downloaded inventory/date=2026-06-17/inventory_190735770549.parquet -> /tmp/minio_downloads/inventory_190735770549.parquet
[2026-07-04T14:33:31.141+0000] {logging_mixin.py:188} INFO - Downloaded inventory/date=2026-06-17/inventory_190735858251.parquet -> /tmp/minio_downloads/inventory_190735858251.parquet
[2026-07-04T14:33:31.169+0000] {logging_mixin.py:188} INFO - Downloaded inventory/date=2026-06-17/inventory_190735952415.parquet -> /tmp/minio_downloads/inventory_190735952415.parquet
[2026-07-04T14:33:31.202+0000] {logging_mixin.py:188} INFO - Downloaded inventory/date=2026-06-17/inventory_190736070843.parquet -> /tmp/minio_downloads/inventory_190736070843.parquet
[2026-07-04T14:33:31.238+0000] {logging_mixin.py:188} INFO - Downloaded inventory/date=2026-06-17/inventory_190736208385.parquet -> /tmp/minio_downloads/inventory_190736208385.parquet
[2026-07-04T14:33:31.276+0000] {logging_mixin.py:188} INFO - Downloaded inventory/date=2026-06-17/inventory_190736323051.parquet -> /tmp/minio_downloads/inventory_190736323051.parquet
[2026-07-04T14:33:31.322+0000] {logging_mixin.py:188} INFO - Downloaded inventory/date=2026-06-17/inventory_190736433510.parquet -> /tmp/minio_downloads/inventory_190736433510.parquet
[2026-07-04T14:33:31.361+0000] {logging_mixin.py:188} INFO - Downloaded inventory/date=2026-06-17/inventory_190736537813.parquet -> /tmp/minio_downloads/inventory_190736537813.parquet
[2026-07-04T14:33:31.401+0000] {logging_mixin.py:188} INFO - Downloaded inventory/date=2026-06-17/inventory_190736652870.parquet -> /tmp/minio_downloads/inventory_190736652870.parquet
[2026-07-04T14:33:31.434+0000] {logging_mixin.py:188} INFO - Downloaded inventory/date=2026-06-17/inventory_190736766817.parquet -> /tmp/minio_downloads/inventory_190736766817.parquet
[2026-07-04T14:33:31.464+0000] {logging_mixin.py:188} INFO - Downloaded inventory/date=2026-06-17/inventory_190736883748.parquet -> /tmp/minio_downloads/inventory_190736883748.parquet
[2026-07-04T14:33:31.494+0000] {logging_mixin.py:188} INFO - Downloaded inventory/date=2026-06-17/inventory_190736990834.parquet -> /tmp/minio_downloads/inventory_190736990834.parquet
[2026-07-04T14:33:31.522+0000] {logging_mixin.py:188} INFO - Downloaded inventory/date=2026-06-17/inventory_190737076670.parquet -> /tmp/minio_downloads/inventory_190737076670.parquet
[2026-07-04T14:33:31.554+0000] {logging_mixin.py:188} INFO - Downloaded inventory/date=2026-06-17/inventory_190737164897.parquet -> /tmp/minio_downloads/inventory_190737164897.parquet
[2026-07-04T14:33:31.583+0000] {logging_mixin.py:188} INFO - Downloaded inventory/date=2026-06-17/inventory_190737283219.parquet -> /tmp/minio_downloads/inventory_190737283219.parquet
[2026-07-04T14:33:31.619+0000] {logging_mixin.py:188} INFO - Downloaded inventory/date=2026-06-17/inventory_190737385853.parquet -> /tmp/minio_downloads/inventory_190737385853.parquet
[2026-07-04T14:33:31.654+0000] {logging_mixin.py:188} INFO - Downloaded inventory/date=2026-06-17/inventory_190737478259.parquet -> /tmp/minio_downloads/inventory_190737478259.parquet
[2026-07-04T14:33:31.693+0000] {logging_mixin.py:188} INFO - Downloaded inventory/date=2026-06-17/inventory_190737586381.parquet -> /tmp/minio_downloads/inventory_190737586381.parquet
[2026-07-04T14:33:34.137+0000] {logging_mixin.py:188} INFO - Downloaded products/date=2026-06-17/products_190451836889.parquet -> /tmp/minio_downloads/products_190451836889.parquet
[2026-07-04T14:33:34.169+0000] {logging_mixin.py:188} INFO - Downloaded products/date=2026-06-17/products_190451918680.parquet -> /tmp/minio_downloads/products_190451918680.parquet
[2026-07-04T14:33:34.198+0000] {logging_mixin.py:188} INFO - Downloaded products/date=2026-06-17/products_190452022907.parquet -> /tmp/minio_downloads/products_190452022907.parquet
[2026-07-04T14:33:34.224+0000] {logging_mixin.py:188} INFO - Downloaded products/date=2026-06-17/products_190452215942.parquet -> /tmp/minio_downloads/products_190452215942.parquet
[2026-07-04T14:33:34.247+0000] {logging_mixin.py:188} INFO - Downloaded products/date=2026-06-17/products_190452306030.parquet -> /tmp/minio_downloads/products_190452306030.parquet
[2026-07-04T14:33:34.273+0000] {logging_mixin.py:188} INFO - Downloaded products/date=2026-06-17/products_190452390891.parquet -> /tmp/minio_downloads/products_190452390891.parquet
[2026-07-04T14:33:34.298+0000] {logging_mixin.py:188} INFO - Downloaded products/date=2026-06-17/products_190452486536.parquet -> /tmp/minio_downloads/products_190452486536.parquet
[2026-07-04T14:33:34.323+0000] {logging_mixin.py:188} INFO - Downloaded products/date=2026-06-17/products_190452568161.parquet -> /tmp/minio_downloads/products_190452568161.parquet
[2026-07-04T14:33:34.348+0000] {logging_mixin.py:188} INFO - Downloaded products/date=2026-06-17/products_190452669179.parquet -> /tmp/minio_downloads/products_190452669179.parquet
[2026-07-04T14:33:34.373+0000] {logging_mixin.py:188} INFO - Downloaded products/date=2026-06-17/products_190452758999.parquet -> /tmp/minio_downloads/products_190452758999.parquet
[2026-07-04T14:33:34.398+0000] {logging_mixin.py:188} INFO - Downloaded products/date=2026-06-17/products_190452839802.parquet -> /tmp/minio_downloads/products_190452839802.parquet
[2026-07-04T14:33:34.422+0000] {logging_mixin.py:188} INFO - Downloaded products/date=2026-06-17/products_190452919848.parquet -> /tmp/minio_downloads/products_190452919848.parquet
[2026-07-04T14:33:34.446+0000] {logging_mixin.py:188} INFO - Downloaded products/date=2026-06-17/products_190453019270.parquet -> /tmp/minio_downloads/products_190453019270.parquet
[2026-07-04T14:33:34.470+0000] {logging_mixin.py:188} INFO - Downloaded products/date=2026-06-17/products_190453101737.parquet -> /tmp/minio_downloads/products_190453101737.parquet
[2026-07-04T14:33:34.494+0000] {logging_mixin.py:188} INFO - Downloaded products/date=2026-06-17/products_190453183683.parquet -> /tmp/minio_downloads/products_190453183683.parquet
[2026-07-04T14:33:34.517+0000] {logging_mixin.py:188} INFO - Downloaded products/date=2026-06-17/products_190453265320.parquet -> /tmp/minio_downloads/products_190453265320.parquet
[2026-07-04T14:33:34.544+0000] {logging_mixin.py:188} INFO - Downloaded products/date=2026-06-17/products_190453358319.parquet -> /tmp/minio_downloads/products_190453358319.parquet
[2026-07-04T14:33:34.573+0000] {logging_mixin.py:188} INFO - Downloaded products/date=2026-06-17/products_190453463395.parquet -> /tmp/minio_downloads/products_190453463395.parquet
[2026-07-04T14:33:34.601+0000] {logging_mixin.py:188} INFO - Downloaded products/date=2026-06-17/products_190453574934.parquet -> /tmp/minio_downloads/products_190453574934.parquet
[2026-07-04T14:33:34.632+0000] {logging_mixin.py:188} INFO - Downloaded products/date=2026-06-17/products_190453659593.parquet -> /tmp/minio_downloads/products_190453659593.parquet
[2026-07-04T14:33:34.661+0000] {logging_mixin.py:188} INFO - Downloaded products/date=2026-06-17/products_190453747138.parquet -> /tmp/minio_downloads/products_190453747138.parquet
[2026-07-04T14:33:34.693+0000] {logging_mixin.py:188} INFO - Downloaded products/date=2026-06-17/products_190453838187.parquet -> /tmp/minio_downloads/products_190453838187.parquet
[2026-07-04T14:33:34.729+0000] {logging_mixin.py:188} INFO - Downloaded products/date=2026-06-17/products_190453933197.parquet -> /tmp/minio_downloads/products_190453933197.parquet
[2026-07-04T14:33:34.761+0000] {logging_mixin.py:188} INFO - Downloaded products/date=2026-06-17/products_190454038848.parquet -> /tmp/minio_downloads/products_190454038848.parquet
[2026-07-04T14:33:34.791+0000] {logging_mixin.py:188} INFO - Downloaded products/date=2026-06-17/products_190454138076.parquet -> /tmp/minio_downloads/products_190454138076.parquet
[2026-07-04T14:33:34.819+0000] {logging_mixin.py:188} INFO - Downloaded products/date=2026-06-17/products_190454227019.parquet -> /tmp/minio_downloads/products_190454227019.parquet
[2026-07-04T14:33:34.851+0000] {logging_mixin.py:188} INFO - Downloaded products/date=2026-06-17/products_190454299271.parquet -> /tmp/minio_downloads/products_190454299271.parquet
[2026-07-04T14:33:34.885+0000] {logging_mixin.py:188} INFO - Downloaded products/date=2026-06-17/products_190454391976.parquet -> /tmp/minio_downloads/products_190454391976.parquet
[2026-07-04T14:33:34.924+0000] {logging_mixin.py:188} INFO - Downloaded products/date=2026-06-17/products_190454471176.parquet -> /tmp/minio_downloads/products_190454471176.parquet
[2026-07-04T14:33:34.960+0000] {logging_mixin.py:188} INFO - Downloaded products/date=2026-06-17/products_190454554983.parquet -> /tmp/minio_downloads/products_190454554983.parquet
[2026-07-04T14:33:35.006+0000] {logging_mixin.py:188} INFO - Downloaded products/date=2026-06-17/products_190454650507.parquet -> /tmp/minio_downloads/products_190454650507.parquet
[2026-07-04T14:33:35.052+0000] {logging_mixin.py:188} INFO - Downloaded products/date=2026-06-17/products_190454742314.parquet -> /tmp/minio_downloads/products_190454742314.parquet
[2026-07-04T14:33:35.090+0000] {logging_mixin.py:188} INFO - Downloaded products/date=2026-06-17/products_190454817878.parquet -> /tmp/minio_downloads/products_190454817878.parquet
[2026-07-04T14:33:35.135+0000] {logging_mixin.py:188} INFO - Downloaded products/date=2026-06-17/products_190454882045.parquet -> /tmp/minio_downloads/products_190454882045.parquet
[2026-07-04T14:33:35.169+0000] {logging_mixin.py:188} INFO - Downloaded products/date=2026-06-17/products_190454971978.parquet -> /tmp/minio_downloads/products_190454971978.parquet
[2026-07-04T14:33:35.202+0000] {logging_mixin.py:188} INFO - Downloaded products/date=2026-06-17/products_190455047461.parquet -> /tmp/minio_downloads/products_190455047461.parquet
[2026-07-04T14:33:35.236+0000] {logging_mixin.py:188} INFO - Downloaded products/date=2026-06-17/products_190455143902.parquet -> /tmp/minio_downloads/products_190455143902.parquet
[2026-07-04T14:33:35.273+0000] {logging_mixin.py:188} INFO - Downloaded products/date=2026-06-17/products_190455247619.parquet -> /tmp/minio_downloads/products_190455247619.parquet
[2026-07-04T14:33:35.315+0000] {logging_mixin.py:188} INFO - Downloaded products/date=2026-06-17/products_190455350693.parquet -> /tmp/minio_downloads/products_190455350693.parquet
[2026-07-04T14:33:35.354+0000] {logging_mixin.py:188} INFO - Downloaded products/date=2026-06-17/products_190455432741.parquet -> /tmp/minio_downloads/products_190455432741.parquet
[2026-07-04T14:33:35.394+0000] {logging_mixin.py:188} INFO - Downloaded products/date=2026-06-17/products_190455500462.parquet -> /tmp/minio_downloads/products_190455500462.parquet
[2026-07-04T14:33:35.427+0000] {logging_mixin.py:188} INFO - Downloaded products/date=2026-06-17/products_190455586152.parquet -> /tmp/minio_downloads/products_190455586152.parquet
[2026-07-04T14:33:35.459+0000] {logging_mixin.py:188} INFO - Downloaded products/date=2026-06-17/products_190455683918.parquet -> /tmp/minio_downloads/products_190455683918.parquet
[2026-07-04T14:33:35.488+0000] {logging_mixin.py:188} INFO - Downloaded products/date=2026-06-17/products_190455762885.parquet -> /tmp/minio_downloads/products_190455762885.parquet
[2026-07-04T14:33:35.519+0000] {logging_mixin.py:188} INFO - Downloaded products/date=2026-06-17/products_190455851137.parquet -> /tmp/minio_downloads/products_190455851137.parquet
[2026-07-04T14:33:35.545+0000] {logging_mixin.py:188} INFO - Downloaded products/date=2026-06-17/products_190455943150.parquet -> /tmp/minio_downloads/products_190455943150.parquet
[2026-07-04T14:33:35.573+0000] {logging_mixin.py:188} INFO - Downloaded products/date=2026-06-17/products_190456025206.parquet -> /tmp/minio_downloads/products_190456025206.parquet
[2026-07-04T14:33:35.600+0000] {logging_mixin.py:188} INFO - Downloaded products/date=2026-06-17/products_190456115623.parquet -> /tmp/minio_downloads/products_190456115623.parquet
[2026-07-04T14:33:35.628+0000] {logging_mixin.py:188} INFO - Downloaded products/date=2026-06-17/products_190456204295.parquet -> /tmp/minio_downloads/products_190456204295.parquet
[2026-07-04T14:33:35.654+0000] {logging_mixin.py:188} INFO - Downloaded products/date=2026-06-17/products_190456297796.parquet -> /tmp/minio_downloads/products_190456297796.parquet
[2026-07-04T14:33:35.683+0000] {logging_mixin.py:188} INFO - Downloaded products/date=2026-06-17/products_190456389803.parquet -> /tmp/minio_downloads/products_190456389803.parquet
[2026-07-04T14:33:35.714+0000] {logging_mixin.py:188} INFO - Downloaded products/date=2026-06-17/products_190456486139.parquet -> /tmp/minio_downloads/products_190456486139.parquet
[2026-07-04T14:33:35.743+0000] {logging_mixin.py:188} INFO - Downloaded products/date=2026-06-17/products_190456556801.parquet -> /tmp/minio_downloads/products_190456556801.parquet
[2026-07-04T14:33:35.774+0000] {logging_mixin.py:188} INFO - Downloaded products/date=2026-06-17/products_190456639273.parquet -> /tmp/minio_downloads/products_190456639273.parquet
[2026-07-04T14:33:35.805+0000] {logging_mixin.py:188} INFO - Downloaded products/date=2026-06-17/products_190456721714.parquet -> /tmp/minio_downloads/products_190456721714.parquet
[2026-07-04T14:33:35.836+0000] {logging_mixin.py:188} INFO - Downloaded products/date=2026-06-17/products_190456803977.parquet -> /tmp/minio_downloads/products_190456803977.parquet
[2026-07-04T14:33:35.867+0000] {logging_mixin.py:188} INFO - Downloaded products/date=2026-06-17/products_190456902259.parquet -> /tmp/minio_downloads/products_190456902259.parquet
[2026-07-04T14:33:35.897+0000] {logging_mixin.py:188} INFO - Downloaded products/date=2026-06-17/products_190456996715.parquet -> /tmp/minio_downloads/products_190456996715.parquet
[2026-07-04T14:33:35.926+0000] {logging_mixin.py:188} INFO - Downloaded products/date=2026-06-17/products_190457081537.parquet -> /tmp/minio_downloads/products_190457081537.parquet
[2026-07-04T14:33:35.954+0000] {logging_mixin.py:188} INFO - Downloaded products/date=2026-06-17/products_190457169102.parquet -> /tmp/minio_downloads/products_190457169102.parquet
[2026-07-04T14:33:35.980+0000] {logging_mixin.py:188} INFO - Downloaded products/date=2026-06-17/products_190457248901.parquet -> /tmp/minio_downloads/products_190457248901.parquet
[2026-07-04T14:33:36.006+0000] {logging_mixin.py:188} INFO - Downloaded products/date=2026-06-17/products_190457331763.parquet -> /tmp/minio_downloads/products_190457331763.parquet
[2026-07-04T14:33:36.032+0000] {logging_mixin.py:188} INFO - Downloaded products/date=2026-06-17/products_190457420271.parquet -> /tmp/minio_downloads/products_190457420271.parquet
[2026-07-04T14:33:36.060+0000] {logging_mixin.py:188} INFO - Downloaded products/date=2026-06-17/products_190457530472.parquet -> /tmp/minio_downloads/products_190457530472.parquet
[2026-07-04T14:33:36.087+0000] {logging_mixin.py:188} INFO - Downloaded products/date=2026-06-17/products_190457615937.parquet -> /tmp/minio_downloads/products_190457615937.parquet
[2026-07-04T14:33:36.115+0000] {logging_mixin.py:188} INFO - Downloaded products/date=2026-06-17/products_190457688994.parquet -> /tmp/minio_downloads/products_190457688994.parquet
[2026-07-04T14:33:36.148+0000] {logging_mixin.py:188} INFO - Downloaded products/date=2026-06-17/products_190457775424.parquet -> /tmp/minio_downloads/products_190457775424.parquet
[2026-07-04T14:33:36.176+0000] {logging_mixin.py:188} INFO - Downloaded products/date=2026-06-17/products_190457885384.parquet -> /tmp/minio_downloads/products_190457885384.parquet
[2026-07-04T14:33:36.203+0000] {logging_mixin.py:188} INFO - Downloaded products/date=2026-06-17/products_190457985096.parquet -> /tmp/minio_downloads/products_190457985096.parquet
[2026-07-04T14:33:36.229+0000] {logging_mixin.py:188} INFO - Downloaded products/date=2026-06-17/products_190458085202.parquet -> /tmp/minio_downloads/products_190458085202.parquet
[2026-07-04T14:33:36.255+0000] {logging_mixin.py:188} INFO - Downloaded products/date=2026-06-17/products_190458170700.parquet -> /tmp/minio_downloads/products_190458170700.parquet
[2026-07-04T14:33:36.283+0000] {logging_mixin.py:188} INFO - Downloaded products/date=2026-06-17/products_190458264354.parquet -> /tmp/minio_downloads/products_190458264354.parquet
[2026-07-04T14:33:36.309+0000] {logging_mixin.py:188} INFO - Downloaded products/date=2026-06-17/products_190458344263.parquet -> /tmp/minio_downloads/products_190458344263.parquet
[2026-07-04T14:33:36.337+0000] {logging_mixin.py:188} INFO - Downloaded products/date=2026-06-17/products_190458442542.parquet -> /tmp/minio_downloads/products_190458442542.parquet
[2026-07-04T14:33:36.372+0000] {logging_mixin.py:188} INFO - Downloaded products/date=2026-06-17/products_190458534352.parquet -> /tmp/minio_downloads/products_190458534352.parquet
[2026-07-04T14:33:36.405+0000] {logging_mixin.py:188} INFO - Downloaded products/date=2026-06-17/products_190458632494.parquet -> /tmp/minio_downloads/products_190458632494.parquet
[2026-07-04T14:33:36.438+0000] {logging_mixin.py:188} INFO - Downloaded products/date=2026-06-17/products_190458731176.parquet -> /tmp/minio_downloads/products_190458731176.parquet
[2026-07-04T14:33:36.468+0000] {logging_mixin.py:188} INFO - Downloaded products/date=2026-06-17/products_190458820214.parquet -> /tmp/minio_downloads/products_190458820214.parquet
[2026-07-04T14:33:36.501+0000] {logging_mixin.py:188} INFO - Downloaded products/date=2026-06-17/products_190458911889.parquet -> /tmp/minio_downloads/products_190458911889.parquet
[2026-07-04T14:33:36.532+0000] {logging_mixin.py:188} INFO - Downloaded products/date=2026-06-17/products_190459006832.parquet -> /tmp/minio_downloads/products_190459006832.parquet
[2026-07-04T14:33:36.563+0000] {logging_mixin.py:188} INFO - Downloaded products/date=2026-06-17/products_190459101769.parquet -> /tmp/minio_downloads/products_190459101769.parquet
[2026-07-04T14:33:36.592+0000] {logging_mixin.py:188} INFO - Downloaded products/date=2026-06-17/products_190459182689.parquet -> /tmp/minio_downloads/products_190459182689.parquet
[2026-07-04T14:33:36.619+0000] {logging_mixin.py:188} INFO - Downloaded products/date=2026-06-17/products_190459268543.parquet -> /tmp/minio_downloads/products_190459268543.parquet
[2026-07-04T14:33:36.646+0000] {logging_mixin.py:188} INFO - Downloaded products/date=2026-06-17/products_190459364497.parquet -> /tmp/minio_downloads/products_190459364497.parquet
[2026-07-04T14:33:36.672+0000] {logging_mixin.py:188} INFO - Downloaded products/date=2026-06-17/products_190459436038.parquet -> /tmp/minio_downloads/products_190459436038.parquet
[2026-07-04T14:33:36.698+0000] {logging_mixin.py:188} INFO - Downloaded products/date=2026-06-17/products_190459505636.parquet -> /tmp/minio_downloads/products_190459505636.parquet
[2026-07-04T14:33:36.721+0000] {logging_mixin.py:188} INFO - Downloaded products/date=2026-06-17/products_190459580141.parquet -> /tmp/minio_downloads/products_190459580141.parquet
[2026-07-04T14:33:36.745+0000] {logging_mixin.py:188} INFO - Downloaded products/date=2026-06-17/products_190459666920.parquet -> /tmp/minio_downloads/products_190459666920.parquet
[2026-07-04T14:33:36.771+0000] {logging_mixin.py:188} INFO - Downloaded products/date=2026-06-17/products_190459746205.parquet -> /tmp/minio_downloads/products_190459746205.parquet
[2026-07-04T14:33:36.796+0000] {logging_mixin.py:188} INFO - Downloaded products/date=2026-06-17/products_190459813465.parquet -> /tmp/minio_downloads/products_190459813465.parquet
[2026-07-04T14:33:36.821+0000] {logging_mixin.py:188} INFO - Downloaded products/date=2026-06-17/products_190459915892.parquet -> /tmp/minio_downloads/products_190459915892.parquet
[2026-07-04T14:33:36.845+0000] {logging_mixin.py:188} INFO - Downloaded products/date=2026-06-17/products_190500025668.parquet -> /tmp/minio_downloads/products_190500025668.parquet
[2026-07-04T14:33:36.871+0000] {logging_mixin.py:188} INFO - Downloaded products/date=2026-06-17/products_190500113797.parquet -> /tmp/minio_downloads/products_190500113797.parquet
[2026-07-04T14:33:36.898+0000] {logging_mixin.py:188} INFO - Downloaded products/date=2026-06-17/products_190500199595.parquet -> /tmp/minio_downloads/products_190500199595.parquet
[2026-07-04T14:33:36.929+0000] {logging_mixin.py:188} INFO - Downloaded products/date=2026-06-17/products_190500317636.parquet -> /tmp/minio_downloads/products_190500317636.parquet
[2026-07-04T14:33:36.963+0000] {logging_mixin.py:188} INFO - Downloaded products/date=2026-06-17/products_190500422796.parquet -> /tmp/minio_downloads/products_190500422796.parquet
[2026-07-04T14:33:36.995+0000] {logging_mixin.py:188} INFO - Downloaded products/date=2026-06-17/products_190500521194.parquet -> /tmp/minio_downloads/products_190500521194.parquet
[2026-07-04T14:33:37.028+0000] {logging_mixin.py:188} INFO - Downloaded products/date=2026-06-17/products_190500605883.parquet -> /tmp/minio_downloads/products_190500605883.parquet
[2026-07-04T14:33:37.058+0000] {logging_mixin.py:188} INFO - Downloaded products/date=2026-06-17/products_190500678116.parquet -> /tmp/minio_downloads/products_190500678116.parquet
[2026-07-04T14:33:37.091+0000] {logging_mixin.py:188} INFO - Downloaded products/date=2026-06-17/products_190500762014.parquet -> /tmp/minio_downloads/products_190500762014.parquet
[2026-07-04T14:33:37.128+0000] {logging_mixin.py:188} INFO - Downloaded products/date=2026-06-17/products_190500847695.parquet -> /tmp/minio_downloads/products_190500847695.parquet
[2026-07-04T14:33:37.165+0000] {logging_mixin.py:188} INFO - Downloaded products/date=2026-06-17/products_190500938446.parquet -> /tmp/minio_downloads/products_190500938446.parquet
[2026-07-04T14:33:37.199+0000] {logging_mixin.py:188} INFO - Downloaded products/date=2026-06-17/products_190501039199.parquet -> /tmp/minio_downloads/products_190501039199.parquet
[2026-07-04T14:33:37.227+0000] {logging_mixin.py:188} INFO - Downloaded products/date=2026-06-17/products_190501145148.parquet -> /tmp/minio_downloads/products_190501145148.parquet
[2026-07-04T14:33:37.253+0000] {logging_mixin.py:188} INFO - Downloaded products/date=2026-06-17/products_190501253120.parquet -> /tmp/minio_downloads/products_190501253120.parquet
[2026-07-04T14:33:37.279+0000] {logging_mixin.py:188} INFO - Downloaded products/date=2026-06-17/products_190501355413.parquet -> /tmp/minio_downloads/products_190501355413.parquet
[2026-07-04T14:33:37.304+0000] {logging_mixin.py:188} INFO - Downloaded products/date=2026-06-17/products_190501449359.parquet -> /tmp/minio_downloads/products_190501449359.parquet
[2026-07-04T14:33:37.331+0000] {logging_mixin.py:188} INFO - Downloaded products/date=2026-06-17/products_190501533502.parquet -> /tmp/minio_downloads/products_190501533502.parquet
[2026-07-04T14:33:37.360+0000] {logging_mixin.py:188} INFO - Downloaded products/date=2026-06-17/products_190501622419.parquet -> /tmp/minio_downloads/products_190501622419.parquet
[2026-07-04T14:33:37.387+0000] {logging_mixin.py:188} INFO - Downloaded products/date=2026-06-17/products_190501716818.parquet -> /tmp/minio_downloads/products_190501716818.parquet
[2026-07-04T14:33:37.414+0000] {logging_mixin.py:188} INFO - Downloaded products/date=2026-06-17/products_190501805168.parquet -> /tmp/minio_downloads/products_190501805168.parquet
[2026-07-04T14:33:37.442+0000] {logging_mixin.py:188} INFO - Downloaded products/date=2026-06-17/products_190501877516.parquet -> /tmp/minio_downloads/products_190501877516.parquet
[2026-07-04T14:33:37.472+0000] {logging_mixin.py:188} INFO - Downloaded products/date=2026-06-17/products_190501969748.parquet -> /tmp/minio_downloads/products_190501969748.parquet
[2026-07-04T14:33:37.503+0000] {logging_mixin.py:188} INFO - Downloaded products/date=2026-06-17/products_190502054760.parquet -> /tmp/minio_downloads/products_190502054760.parquet
[2026-07-04T14:33:37.533+0000] {logging_mixin.py:188} INFO - Downloaded products/date=2026-06-17/products_190502170454.parquet -> /tmp/minio_downloads/products_190502170454.parquet
[2026-07-04T14:33:37.564+0000] {logging_mixin.py:188} INFO - Downloaded products/date=2026-06-17/products_190502303499.parquet -> /tmp/minio_downloads/products_190502303499.parquet
[2026-07-04T14:33:37.591+0000] {logging_mixin.py:188} INFO - Downloaded products/date=2026-06-17/products_190502405079.parquet -> /tmp/minio_downloads/products_190502405079.parquet
[2026-07-04T14:33:37.617+0000] {logging_mixin.py:188} INFO - Downloaded products/date=2026-06-17/products_190502546241.parquet -> /tmp/minio_downloads/products_190502546241.parquet
[2026-07-04T14:33:37.644+0000] {logging_mixin.py:188} INFO - Downloaded products/date=2026-06-17/products_190502649759.parquet -> /tmp/minio_downloads/products_190502649759.parquet
[2026-07-04T14:33:37.672+0000] {logging_mixin.py:188} INFO - Downloaded products/date=2026-06-17/products_190502745424.parquet -> /tmp/minio_downloads/products_190502745424.parquet
[2026-07-04T14:33:37.703+0000] {logging_mixin.py:188} INFO - Downloaded products/date=2026-06-17/products_190502851296.parquet -> /tmp/minio_downloads/products_190502851296.parquet
[2026-07-04T14:33:37.734+0000] {logging_mixin.py:188} INFO - Downloaded products/date=2026-06-17/products_190502955929.parquet -> /tmp/minio_downloads/products_190502955929.parquet
[2026-07-04T14:33:37.764+0000] {logging_mixin.py:188} INFO - Downloaded products/date=2026-06-17/products_190503045958.parquet -> /tmp/minio_downloads/products_190503045958.parquet
[2026-07-04T14:33:37.796+0000] {logging_mixin.py:188} INFO - Downloaded products/date=2026-06-17/products_190503142286.parquet -> /tmp/minio_downloads/products_190503142286.parquet
[2026-07-04T14:33:37.828+0000] {logging_mixin.py:188} INFO - Downloaded products/date=2026-06-17/products_190503262680.parquet -> /tmp/minio_downloads/products_190503262680.parquet
[2026-07-04T14:33:37.860+0000] {logging_mixin.py:188} INFO - Downloaded products/date=2026-06-17/products_190503437051.parquet -> /tmp/minio_downloads/products_190503437051.parquet
[2026-07-04T14:33:37.888+0000] {logging_mixin.py:188} INFO - Downloaded products/date=2026-06-17/products_190503621225.parquet -> /tmp/minio_downloads/products_190503621225.parquet
[2026-07-04T14:33:37.917+0000] {logging_mixin.py:188} INFO - Downloaded products/date=2026-06-17/products_190504050565.parquet -> /tmp/minio_downloads/products_190504050565.parquet
[2026-07-04T14:33:37.951+0000] {logging_mixin.py:188} INFO - Downloaded products/date=2026-06-17/products_190504291341.parquet -> /tmp/minio_downloads/products_190504291341.parquet
[2026-07-04T14:33:37.981+0000] {logging_mixin.py:188} INFO - Downloaded products/date=2026-06-17/products_190504614889.parquet -> /tmp/minio_downloads/products_190504614889.parquet
[2026-07-04T14:33:38.012+0000] {logging_mixin.py:188} INFO - Downloaded products/date=2026-06-17/products_190504887386.parquet -> /tmp/minio_downloads/products_190504887386.parquet
[2026-07-04T14:33:38.043+0000] {logging_mixin.py:188} INFO - Downloaded products/date=2026-06-17/products_190505192020.parquet -> /tmp/minio_downloads/products_190505192020.parquet
[2026-07-04T14:33:38.076+0000] {logging_mixin.py:188} INFO - Downloaded products/date=2026-06-17/products_190505439553.parquet -> /tmp/minio_downloads/products_190505439553.parquet
[2026-07-04T14:33:38.117+0000] {logging_mixin.py:188} INFO - Downloaded products/date=2026-06-17/products_190505573608.parquet -> /tmp/minio_downloads/products_190505573608.parquet
[2026-07-04T14:33:38.163+0000] {logging_mixin.py:188} INFO - Downloaded products/date=2026-06-17/products_190505716004.parquet -> /tmp/minio_downloads/products_190505716004.parquet
[2026-07-04T14:33:38.211+0000] {logging_mixin.py:188} INFO - Downloaded products/date=2026-06-17/products_190505850966.parquet -> /tmp/minio_downloads/products_190505850966.parquet
[2026-07-04T14:33:38.248+0000] {logging_mixin.py:188} INFO - Downloaded products/date=2026-06-17/products_190505967480.parquet -> /tmp/minio_downloads/products_190505967480.parquet
[2026-07-04T14:33:38.286+0000] {logging_mixin.py:188} INFO - Downloaded products/date=2026-06-17/products_190506101610.parquet -> /tmp/minio_downloads/products_190506101610.parquet
[2026-07-04T14:33:38.321+0000] {logging_mixin.py:188} INFO - Downloaded products/date=2026-06-17/products_190506243447.parquet -> /tmp/minio_downloads/products_190506243447.parquet
[2026-07-04T14:33:38.360+0000] {logging_mixin.py:188} INFO - Downloaded products/date=2026-06-17/products_190506340877.parquet -> /tmp/minio_downloads/products_190506340877.parquet
[2026-07-04T14:33:38.395+0000] {logging_mixin.py:188} INFO - Downloaded products/date=2026-06-17/products_190506453754.parquet -> /tmp/minio_downloads/products_190506453754.parquet
[2026-07-04T14:33:38.431+0000] {logging_mixin.py:188} INFO - Downloaded products/date=2026-06-17/products_190506556574.parquet -> /tmp/minio_downloads/products_190506556574.parquet
[2026-07-04T14:33:38.462+0000] {logging_mixin.py:188} INFO - Downloaded products/date=2026-06-17/products_190506691743.parquet -> /tmp/minio_downloads/products_190506691743.parquet
[2026-07-04T14:33:38.493+0000] {logging_mixin.py:188} INFO - Downloaded products/date=2026-06-17/products_190506801449.parquet -> /tmp/minio_downloads/products_190506801449.parquet
[2026-07-04T14:33:38.523+0000] {logging_mixin.py:188} INFO - Downloaded products/date=2026-06-17/products_190506872556.parquet -> /tmp/minio_downloads/products_190506872556.parquet
[2026-07-04T14:33:38.552+0000] {logging_mixin.py:188} INFO - Downloaded products/date=2026-06-17/products_190506980128.parquet -> /tmp/minio_downloads/products_190506980128.parquet
[2026-07-04T14:33:38.579+0000] {logging_mixin.py:188} INFO - Downloaded products/date=2026-06-17/products_190507078916.parquet -> /tmp/minio_downloads/products_190507078916.parquet
[2026-07-04T14:33:38.607+0000] {logging_mixin.py:188} INFO - Downloaded products/date=2026-06-17/products_190507193188.parquet -> /tmp/minio_downloads/products_190507193188.parquet
[2026-07-04T14:33:38.637+0000] {logging_mixin.py:188} INFO - Downloaded products/date=2026-06-17/products_190507289697.parquet -> /tmp/minio_downloads/products_190507289697.parquet
[2026-07-04T14:33:38.669+0000] {logging_mixin.py:188} INFO - Downloaded products/date=2026-06-17/products_190507387573.parquet -> /tmp/minio_downloads/products_190507387573.parquet
[2026-07-04T14:33:38.703+0000] {logging_mixin.py:188} INFO - Downloaded products/date=2026-06-17/products_190507494529.parquet -> /tmp/minio_downloads/products_190507494529.parquet
[2026-07-04T14:33:38.734+0000] {logging_mixin.py:188} INFO - Downloaded products/date=2026-06-17/products_190507573522.parquet -> /tmp/minio_downloads/products_190507573522.parquet
[2026-07-04T14:33:38.765+0000] {logging_mixin.py:188} INFO - Downloaded products/date=2026-06-17/products_190507671898.parquet -> /tmp/minio_downloads/products_190507671898.parquet
[2026-07-04T14:33:38.798+0000] {logging_mixin.py:188} INFO - Downloaded products/date=2026-06-17/products_190507781409.parquet -> /tmp/minio_downloads/products_190507781409.parquet
[2026-07-04T14:33:38.833+0000] {logging_mixin.py:188} INFO - Downloaded products/date=2026-06-17/products_190507870532.parquet -> /tmp/minio_downloads/products_190507870532.parquet
[2026-07-04T14:33:38.862+0000] {logging_mixin.py:188} INFO - Downloaded products/date=2026-06-17/products_190507977690.parquet -> /tmp/minio_downloads/products_190507977690.parquet
[2026-07-04T14:33:38.890+0000] {logging_mixin.py:188} INFO - Downloaded products/date=2026-06-17/products_190508069384.parquet -> /tmp/minio_downloads/products_190508069384.parquet
[2026-07-04T14:33:38.920+0000] {logging_mixin.py:188} INFO - Downloaded products/date=2026-06-17/products_190508163584.parquet -> /tmp/minio_downloads/products_190508163584.parquet
[2026-07-04T14:33:38.948+0000] {logging_mixin.py:188} INFO - Downloaded products/date=2026-06-17/products_190508237766.parquet -> /tmp/minio_downloads/products_190508237766.parquet
[2026-07-04T14:33:38.977+0000] {logging_mixin.py:188} INFO - Downloaded products/date=2026-06-17/products_190508342202.parquet -> /tmp/minio_downloads/products_190508342202.parquet
[2026-07-04T14:33:39.006+0000] {logging_mixin.py:188} INFO - Downloaded products/date=2026-06-17/products_190508492801.parquet -> /tmp/minio_downloads/products_190508492801.parquet
[2026-07-04T14:33:39.036+0000] {logging_mixin.py:188} INFO - Downloaded products/date=2026-06-17/products_190508673144.parquet -> /tmp/minio_downloads/products_190508673144.parquet
[2026-07-04T14:33:39.067+0000] {logging_mixin.py:188} INFO - Downloaded products/date=2026-06-17/products_190508775644.parquet -> /tmp/minio_downloads/products_190508775644.parquet
[2026-07-04T14:33:39.101+0000] {logging_mixin.py:188} INFO - Downloaded products/date=2026-06-17/products_190508877456.parquet -> /tmp/minio_downloads/products_190508877456.parquet
[2026-07-04T14:33:39.130+0000] {logging_mixin.py:188} INFO - Downloaded products/date=2026-06-17/products_190508994332.parquet -> /tmp/minio_downloads/products_190508994332.parquet
[2026-07-04T14:33:39.163+0000] {logging_mixin.py:188} INFO - Downloaded products/date=2026-06-17/products_190509106065.parquet -> /tmp/minio_downloads/products_190509106065.parquet
[2026-07-04T14:33:39.191+0000] {logging_mixin.py:188} INFO - Downloaded products/date=2026-06-17/products_190509209313.parquet -> /tmp/minio_downloads/products_190509209313.parquet
[2026-07-04T14:33:39.218+0000] {logging_mixin.py:188} INFO - Downloaded products/date=2026-06-17/products_190509309055.parquet -> /tmp/minio_downloads/products_190509309055.parquet
[2026-07-04T14:33:39.244+0000] {logging_mixin.py:188} INFO - Downloaded products/date=2026-06-17/products_190509413119.parquet -> /tmp/minio_downloads/products_190509413119.parquet
[2026-07-04T14:33:39.277+0000] {logging_mixin.py:188} INFO - Downloaded products/date=2026-06-17/products_190509505797.parquet -> /tmp/minio_downloads/products_190509505797.parquet
[2026-07-04T14:33:39.314+0000] {logging_mixin.py:188} INFO - Downloaded products/date=2026-06-17/products_190509612685.parquet -> /tmp/minio_downloads/products_190509612685.parquet
[2026-07-04T14:33:39.390+0000] {logging_mixin.py:188} INFO - Downloaded products/date=2026-06-17/products_190509726741.parquet -> /tmp/minio_downloads/products_190509726741.parquet
[2026-07-04T14:33:39.432+0000] {logging_mixin.py:188} INFO - Downloaded products/date=2026-06-17/products_190509821495.parquet -> /tmp/minio_downloads/products_190509821495.parquet
[2026-07-04T14:33:39.474+0000] {logging_mixin.py:188} INFO - Downloaded products/date=2026-06-17/products_190509925285.parquet -> /tmp/minio_downloads/products_190509925285.parquet
[2026-07-04T14:33:39.506+0000] {logging_mixin.py:188} INFO - Downloaded products/date=2026-06-17/products_190510021890.parquet -> /tmp/minio_downloads/products_190510021890.parquet
[2026-07-04T14:33:39.540+0000] {logging_mixin.py:188} INFO - Downloaded products/date=2026-06-17/products_190510121914.parquet -> /tmp/minio_downloads/products_190510121914.parquet
[2026-07-04T14:33:39.573+0000] {logging_mixin.py:188} INFO - Downloaded products/date=2026-06-17/products_190510227667.parquet -> /tmp/minio_downloads/products_190510227667.parquet
[2026-07-04T14:33:39.607+0000] {logging_mixin.py:188} INFO - Downloaded products/date=2026-06-17/products_190510348300.parquet -> /tmp/minio_downloads/products_190510348300.parquet
[2026-07-04T14:33:39.641+0000] {logging_mixin.py:188} INFO - Downloaded products/date=2026-06-17/products_190510449301.parquet -> /tmp/minio_downloads/products_190510449301.parquet
[2026-07-04T14:33:39.675+0000] {logging_mixin.py:188} INFO - Downloaded products/date=2026-06-17/products_190510538653.parquet -> /tmp/minio_downloads/products_190510538653.parquet
[2026-07-04T14:33:39.708+0000] {logging_mixin.py:188} INFO - Downloaded products/date=2026-06-17/products_190510627206.parquet -> /tmp/minio_downloads/products_190510627206.parquet
[2026-07-04T14:33:39.739+0000] {logging_mixin.py:188} INFO - Downloaded products/date=2026-06-17/products_190510747407.parquet -> /tmp/minio_downloads/products_190510747407.parquet
[2026-07-04T14:33:39.771+0000] {logging_mixin.py:188} INFO - Downloaded products/date=2026-06-17/products_190510908621.parquet -> /tmp/minio_downloads/products_190510908621.parquet
[2026-07-04T14:33:39.806+0000] {logging_mixin.py:188} INFO - Downloaded products/date=2026-06-17/products_190511040601.parquet -> /tmp/minio_downloads/products_190511040601.parquet
[2026-07-04T14:33:39.840+0000] {logging_mixin.py:188} INFO - Downloaded products/date=2026-06-17/products_190511161902.parquet -> /tmp/minio_downloads/products_190511161902.parquet
[2026-07-04T14:33:39.870+0000] {logging_mixin.py:188} INFO - Downloaded products/date=2026-06-17/products_190511256877.parquet -> /tmp/minio_downloads/products_190511256877.parquet
[2026-07-04T14:33:39.900+0000] {logging_mixin.py:188} INFO - Downloaded products/date=2026-06-17/products_190511353807.parquet -> /tmp/minio_downloads/products_190511353807.parquet
[2026-07-04T14:33:39.929+0000] {logging_mixin.py:188} INFO - Downloaded products/date=2026-06-17/products_190511446548.parquet -> /tmp/minio_downloads/products_190511446548.parquet
[2026-07-04T14:33:39.959+0000] {logging_mixin.py:188} INFO - Downloaded products/date=2026-06-17/products_190511550824.parquet -> /tmp/minio_downloads/products_190511550824.parquet
[2026-07-04T14:33:39.987+0000] {logging_mixin.py:188} INFO - Downloaded products/date=2026-06-17/products_190511637025.parquet -> /tmp/minio_downloads/products_190511637025.parquet
[2026-07-04T14:33:40.015+0000] {logging_mixin.py:188} INFO - Downloaded products/date=2026-06-17/products_190511742928.parquet -> /tmp/minio_downloads/products_190511742928.parquet
[2026-07-04T14:33:40.041+0000] {logging_mixin.py:188} INFO - Downloaded products/date=2026-06-17/products_190511838875.parquet -> /tmp/minio_downloads/products_190511838875.parquet
[2026-07-04T14:33:40.068+0000] {logging_mixin.py:188} INFO - Downloaded products/date=2026-06-17/products_190511942705.parquet -> /tmp/minio_downloads/products_190511942705.parquet
[2026-07-04T14:33:40.093+0000] {logging_mixin.py:188} INFO - Downloaded products/date=2026-06-17/products_190512035616.parquet -> /tmp/minio_downloads/products_190512035616.parquet
[2026-07-04T14:33:40.120+0000] {logging_mixin.py:188} INFO - Downloaded products/date=2026-06-17/products_190512125046.parquet -> /tmp/minio_downloads/products_190512125046.parquet
[2026-07-04T14:33:40.149+0000] {logging_mixin.py:188} INFO - Downloaded products/date=2026-06-17/products_190512246186.parquet -> /tmp/minio_downloads/products_190512246186.parquet
[2026-07-04T14:33:40.184+0000] {logging_mixin.py:188} INFO - Downloaded products/date=2026-06-17/products_190512346480.parquet -> /tmp/minio_downloads/products_190512346480.parquet
[2026-07-04T14:33:40.216+0000] {logging_mixin.py:188} INFO - Downloaded products/date=2026-06-17/products_190512441264.parquet -> /tmp/minio_downloads/products_190512441264.parquet
[2026-07-04T14:33:40.251+0000] {logging_mixin.py:188} INFO - Downloaded products/date=2026-06-17/products_190512540267.parquet -> /tmp/minio_downloads/products_190512540267.parquet
[2026-07-04T14:33:40.283+0000] {logging_mixin.py:188} INFO - Downloaded products/date=2026-06-17/products_190512622559.parquet -> /tmp/minio_downloads/products_190512622559.parquet
[2026-07-04T14:33:40.317+0000] {logging_mixin.py:188} INFO - Downloaded products/date=2026-06-17/products_190512716557.parquet -> /tmp/minio_downloads/products_190512716557.parquet
[2026-07-04T14:33:40.351+0000] {logging_mixin.py:188} INFO - Downloaded products/date=2026-06-17/products_190512801660.parquet -> /tmp/minio_downloads/products_190512801660.parquet
[2026-07-04T14:33:40.384+0000] {logging_mixin.py:188} INFO - Downloaded products/date=2026-06-17/products_190512900356.parquet -> /tmp/minio_downloads/products_190512900356.parquet
[2026-07-04T14:33:40.414+0000] {logging_mixin.py:188} INFO - Downloaded products/date=2026-06-17/products_190513013788.parquet -> /tmp/minio_downloads/products_190513013788.parquet
[2026-07-04T14:33:40.447+0000] {logging_mixin.py:188} INFO - Downloaded products/date=2026-06-17/products_190513116275.parquet -> /tmp/minio_downloads/products_190513116275.parquet
[2026-07-04T14:33:40.476+0000] {logging_mixin.py:188} INFO - Downloaded products/date=2026-06-17/products_190513210738.parquet -> /tmp/minio_downloads/products_190513210738.parquet
[2026-07-04T14:33:40.506+0000] {logging_mixin.py:188} INFO - Downloaded products/date=2026-06-17/products_190513321105.parquet -> /tmp/minio_downloads/products_190513321105.parquet
[2026-07-04T14:33:40.535+0000] {logging_mixin.py:188} INFO - Downloaded products/date=2026-06-17/products_190513442567.parquet -> /tmp/minio_downloads/products_190513442567.parquet
[2026-07-04T14:33:40.562+0000] {logging_mixin.py:188} INFO - Downloaded products/date=2026-06-17/products_190513548161.parquet -> /tmp/minio_downloads/products_190513548161.parquet
[2026-07-04T14:33:40.589+0000] {logging_mixin.py:188} INFO - Downloaded products/date=2026-06-17/products_190513640606.parquet -> /tmp/minio_downloads/products_190513640606.parquet
[2026-07-04T14:33:40.614+0000] {logging_mixin.py:188} INFO - Downloaded products/date=2026-06-17/products_190513737204.parquet -> /tmp/minio_downloads/products_190513737204.parquet
[2026-07-04T14:33:40.639+0000] {logging_mixin.py:188} INFO - Downloaded products/date=2026-06-17/products_190513840427.parquet -> /tmp/minio_downloads/products_190513840427.parquet
[2026-07-04T14:33:40.664+0000] {logging_mixin.py:188} INFO - Downloaded products/date=2026-06-17/products_190513956310.parquet -> /tmp/minio_downloads/products_190513956310.parquet
[2026-07-04T14:33:40.689+0000] {logging_mixin.py:188} INFO - Downloaded products/date=2026-06-17/products_190514057768.parquet -> /tmp/minio_downloads/products_190514057768.parquet
[2026-07-04T14:33:40.714+0000] {logging_mixin.py:188} INFO - Downloaded products/date=2026-06-17/products_190514155388.parquet -> /tmp/minio_downloads/products_190514155388.parquet
[2026-07-04T14:33:40.739+0000] {logging_mixin.py:188} INFO - Downloaded products/date=2026-06-17/products_190514235212.parquet -> /tmp/minio_downloads/products_190514235212.parquet
[2026-07-04T14:33:40.764+0000] {logging_mixin.py:188} INFO - Downloaded products/date=2026-06-17/products_190514334334.parquet -> /tmp/minio_downloads/products_190514334334.parquet
[2026-07-04T14:33:40.789+0000] {logging_mixin.py:188} INFO - Downloaded products/date=2026-06-17/products_190514421011.parquet -> /tmp/minio_downloads/products_190514421011.parquet
[2026-07-04T14:33:40.813+0000] {logging_mixin.py:188} INFO - Downloaded products/date=2026-06-17/products_190514515520.parquet -> /tmp/minio_downloads/products_190514515520.parquet
[2026-07-04T14:33:40.842+0000] {logging_mixin.py:188} INFO - Downloaded products/date=2026-06-17/products_190514590384.parquet -> /tmp/minio_downloads/products_190514590384.parquet
[2026-07-04T14:33:40.872+0000] {logging_mixin.py:188} INFO - Downloaded products/date=2026-06-17/products_190514690576.parquet -> /tmp/minio_downloads/products_190514690576.parquet
[2026-07-04T14:33:40.899+0000] {logging_mixin.py:188} INFO - Downloaded products/date=2026-06-17/products_190514785355.parquet -> /tmp/minio_downloads/products_190514785355.parquet
[2026-07-04T14:33:40.929+0000] {logging_mixin.py:188} INFO - Downloaded products/date=2026-06-17/products_190514870752.parquet -> /tmp/minio_downloads/products_190514870752.parquet
[2026-07-04T14:33:40.959+0000] {logging_mixin.py:188} INFO - Downloaded products/date=2026-06-17/products_190514950211.parquet -> /tmp/minio_downloads/products_190514950211.parquet
[2026-07-04T14:33:40.987+0000] {logging_mixin.py:188} INFO - Downloaded products/date=2026-06-17/products_190515046462.parquet -> /tmp/minio_downloads/products_190515046462.parquet
[2026-07-04T14:33:41.017+0000] {logging_mixin.py:188} INFO - Downloaded products/date=2026-06-17/products_190515141982.parquet -> /tmp/minio_downloads/products_190515141982.parquet
[2026-07-04T14:33:41.045+0000] {logging_mixin.py:188} INFO - Downloaded products/date=2026-06-17/products_190515226227.parquet -> /tmp/minio_downloads/products_190515226227.parquet
[2026-07-04T14:33:41.078+0000] {logging_mixin.py:188} INFO - Downloaded products/date=2026-06-17/products_190515304938.parquet -> /tmp/minio_downloads/products_190515304938.parquet
[2026-07-04T14:33:41.112+0000] {logging_mixin.py:188} INFO - Downloaded products/date=2026-06-17/products_190515402338.parquet -> /tmp/minio_downloads/products_190515402338.parquet
[2026-07-04T14:33:41.146+0000] {logging_mixin.py:188} INFO - Downloaded products/date=2026-06-17/products_190515494081.parquet -> /tmp/minio_downloads/products_190515494081.parquet
[2026-07-04T14:33:41.180+0000] {logging_mixin.py:188} INFO - Downloaded products/date=2026-06-17/products_190515575649.parquet -> /tmp/minio_downloads/products_190515575649.parquet
[2026-07-04T14:33:41.213+0000] {logging_mixin.py:188} INFO - Downloaded products/date=2026-06-17/products_190515659247.parquet -> /tmp/minio_downloads/products_190515659247.parquet
[2026-07-04T14:33:41.249+0000] {logging_mixin.py:188} INFO - Downloaded products/date=2026-06-17/products_190515759494.parquet -> /tmp/minio_downloads/products_190515759494.parquet
[2026-07-04T14:33:41.286+0000] {logging_mixin.py:188} INFO - Downloaded products/date=2026-06-17/products_190515849188.parquet -> /tmp/minio_downloads/products_190515849188.parquet
[2026-07-04T14:33:41.314+0000] {logging_mixin.py:188} INFO - Downloaded products/date=2026-06-17/products_190515918082.parquet -> /tmp/minio_downloads/products_190515918082.parquet
[2026-07-04T14:33:41.343+0000] {logging_mixin.py:188} INFO - Downloaded products/date=2026-06-17/products_190516001141.parquet -> /tmp/minio_downloads/products_190516001141.parquet
[2026-07-04T14:33:41.371+0000] {logging_mixin.py:188} INFO - Downloaded products/date=2026-06-17/products_190516068757.parquet -> /tmp/minio_downloads/products_190516068757.parquet
[2026-07-04T14:33:41.399+0000] {logging_mixin.py:188} INFO - Downloaded products/date=2026-06-17/products_190516159940.parquet -> /tmp/minio_downloads/products_190516159940.parquet
[2026-07-04T14:33:41.425+0000] {logging_mixin.py:188} INFO - Downloaded products/date=2026-06-17/products_190516240847.parquet -> /tmp/minio_downloads/products_190516240847.parquet
[2026-07-04T14:33:41.451+0000] {logging_mixin.py:188} INFO - Downloaded products/date=2026-06-17/products_190516338318.parquet -> /tmp/minio_downloads/products_190516338318.parquet
[2026-07-04T14:33:41.478+0000] {logging_mixin.py:188} INFO - Downloaded products/date=2026-06-17/products_190516432070.parquet -> /tmp/minio_downloads/products_190516432070.parquet
[2026-07-04T14:33:41.506+0000] {logging_mixin.py:188} INFO - Downloaded products/date=2026-06-17/products_190516514146.parquet -> /tmp/minio_downloads/products_190516514146.parquet
[2026-07-04T14:33:41.537+0000] {logging_mixin.py:188} INFO - Downloaded products/date=2026-06-17/products_190516584884.parquet -> /tmp/minio_downloads/products_190516584884.parquet
[2026-07-04T14:33:41.568+0000] {logging_mixin.py:188} INFO - Downloaded products/date=2026-06-17/products_190516663229.parquet -> /tmp/minio_downloads/products_190516663229.parquet
[2026-07-04T14:33:41.606+0000] {logging_mixin.py:188} INFO - Downloaded products/date=2026-06-17/products_190516736911.parquet -> /tmp/minio_downloads/products_190516736911.parquet
[2026-07-04T14:33:41.645+0000] {logging_mixin.py:188} INFO - Downloaded products/date=2026-06-17/products_190516809117.parquet -> /tmp/minio_downloads/products_190516809117.parquet
[2026-07-04T14:33:41.677+0000] {logging_mixin.py:188} INFO - Downloaded products/date=2026-06-17/products_190516893225.parquet -> /tmp/minio_downloads/products_190516893225.parquet
[2026-07-04T14:33:41.710+0000] {logging_mixin.py:188} INFO - Downloaded products/date=2026-06-17/products_190516966196.parquet -> /tmp/minio_downloads/products_190516966196.parquet
[2026-07-04T14:33:41.741+0000] {logging_mixin.py:188} INFO - Downloaded products/date=2026-06-17/products_190517049810.parquet -> /tmp/minio_downloads/products_190517049810.parquet
[2026-07-04T14:33:41.772+0000] {logging_mixin.py:188} INFO - Downloaded products/date=2026-06-17/products_190517117280.parquet -> /tmp/minio_downloads/products_190517117280.parquet
[2026-07-04T14:33:41.803+0000] {logging_mixin.py:188} INFO - Downloaded products/date=2026-06-17/products_190517205576.parquet -> /tmp/minio_downloads/products_190517205576.parquet
[2026-07-04T14:33:41.839+0000] {logging_mixin.py:188} INFO - Downloaded products/date=2026-06-17/products_190517284781.parquet -> /tmp/minio_downloads/products_190517284781.parquet
[2026-07-04T14:33:41.874+0000] {logging_mixin.py:188} INFO - Downloaded products/date=2026-06-17/products_190517358607.parquet -> /tmp/minio_downloads/products_190517358607.parquet
[2026-07-04T14:33:41.904+0000] {logging_mixin.py:188} INFO - Downloaded products/date=2026-06-17/products_190517450282.parquet -> /tmp/minio_downloads/products_190517450282.parquet
[2026-07-04T14:33:41.933+0000] {logging_mixin.py:188} INFO - Downloaded products/date=2026-06-17/products_190517532726.parquet -> /tmp/minio_downloads/products_190517532726.parquet
[2026-07-04T14:33:41.962+0000] {logging_mixin.py:188} INFO - Downloaded products/date=2026-06-17/products_190517636065.parquet -> /tmp/minio_downloads/products_190517636065.parquet
[2026-07-04T14:33:41.991+0000] {logging_mixin.py:188} INFO - Downloaded products/date=2026-06-17/products_190517733416.parquet -> /tmp/minio_downloads/products_190517733416.parquet
[2026-07-04T14:33:42.018+0000] {logging_mixin.py:188} INFO - Downloaded products/date=2026-06-17/products_190517842694.parquet -> /tmp/minio_downloads/products_190517842694.parquet
[2026-07-04T14:33:42.044+0000] {logging_mixin.py:188} INFO - Downloaded products/date=2026-06-17/products_190517934715.parquet -> /tmp/minio_downloads/products_190517934715.parquet
[2026-07-04T14:33:42.070+0000] {logging_mixin.py:188} INFO - Downloaded products/date=2026-06-17/products_190518047058.parquet -> /tmp/minio_downloads/products_190518047058.parquet
[2026-07-04T14:33:42.096+0000] {logging_mixin.py:188} INFO - Downloaded products/date=2026-06-17/products_190518132327.parquet -> /tmp/minio_downloads/products_190518132327.parquet
[2026-07-04T14:33:42.122+0000] {logging_mixin.py:188} INFO - Downloaded products/date=2026-06-17/products_190518233300.parquet -> /tmp/minio_downloads/products_190518233300.parquet
[2026-07-04T14:33:42.148+0000] {logging_mixin.py:188} INFO - Downloaded products/date=2026-06-17/products_190518338770.parquet -> /tmp/minio_downloads/products_190518338770.parquet
[2026-07-04T14:33:42.174+0000] {logging_mixin.py:188} INFO - Downloaded products/date=2026-06-17/products_190518424499.parquet -> /tmp/minio_downloads/products_190518424499.parquet
[2026-07-04T14:33:42.202+0000] {logging_mixin.py:188} INFO - Downloaded products/date=2026-06-17/products_190518506977.parquet -> /tmp/minio_downloads/products_190518506977.parquet
[2026-07-04T14:33:42.226+0000] {logging_mixin.py:188} INFO - Downloaded products/date=2026-06-17/products_190518606228.parquet -> /tmp/minio_downloads/products_190518606228.parquet
[2026-07-04T14:33:42.250+0000] {logging_mixin.py:188} INFO - Downloaded products/date=2026-06-17/products_190518706044.parquet -> /tmp/minio_downloads/products_190518706044.parquet
[2026-07-04T14:33:42.276+0000] {logging_mixin.py:188} INFO - Downloaded products/date=2026-06-17/products_190518804661.parquet -> /tmp/minio_downloads/products_190518804661.parquet
[2026-07-04T14:33:42.302+0000] {logging_mixin.py:188} INFO - Downloaded products/date=2026-06-17/products_190518900595.parquet -> /tmp/minio_downloads/products_190518900595.parquet
[2026-07-04T14:33:42.327+0000] {logging_mixin.py:188} INFO - Downloaded products/date=2026-06-17/products_190518988924.parquet -> /tmp/minio_downloads/products_190518988924.parquet
[2026-07-04T14:33:42.353+0000] {logging_mixin.py:188} INFO - Downloaded products/date=2026-06-17/products_190519088455.parquet -> /tmp/minio_downloads/products_190519088455.parquet
[2026-07-04T14:33:42.379+0000] {logging_mixin.py:188} INFO - Downloaded products/date=2026-06-17/products_190519182190.parquet -> /tmp/minio_downloads/products_190519182190.parquet
[2026-07-04T14:33:42.407+0000] {logging_mixin.py:188} INFO - Downloaded products/date=2026-06-17/products_190519281165.parquet -> /tmp/minio_downloads/products_190519281165.parquet
[2026-07-04T14:33:42.434+0000] {logging_mixin.py:188} INFO - Downloaded products/date=2026-06-17/products_190519394383.parquet -> /tmp/minio_downloads/products_190519394383.parquet
[2026-07-04T14:33:42.462+0000] {logging_mixin.py:188} INFO - Downloaded products/date=2026-06-17/products_190519505484.parquet -> /tmp/minio_downloads/products_190519505484.parquet
[2026-07-04T14:33:42.488+0000] {logging_mixin.py:188} INFO - Downloaded products/date=2026-06-17/products_190519614921.parquet -> /tmp/minio_downloads/products_190519614921.parquet
[2026-07-04T14:33:42.517+0000] {logging_mixin.py:188} INFO - Downloaded products/date=2026-06-17/products_190519723196.parquet -> /tmp/minio_downloads/products_190519723196.parquet
[2026-07-04T14:33:42.542+0000] {logging_mixin.py:188} INFO - Downloaded products/date=2026-06-17/products_190519837769.parquet -> /tmp/minio_downloads/products_190519837769.parquet
[2026-07-04T14:33:42.569+0000] {logging_mixin.py:188} INFO - Downloaded products/date=2026-06-17/products_190519952979.parquet -> /tmp/minio_downloads/products_190519952979.parquet
[2026-07-04T14:33:42.596+0000] {logging_mixin.py:188} INFO - Downloaded products/date=2026-06-17/products_190520082937.parquet -> /tmp/minio_downloads/products_190520082937.parquet
[2026-07-04T14:33:42.626+0000] {logging_mixin.py:188} INFO - Downloaded products/date=2026-06-17/products_190520188294.parquet -> /tmp/minio_downloads/products_190520188294.parquet
[2026-07-04T14:33:42.658+0000] {logging_mixin.py:188} INFO - Downloaded products/date=2026-06-17/products_190520289674.parquet -> /tmp/minio_downloads/products_190520289674.parquet
[2026-07-04T14:33:42.693+0000] {logging_mixin.py:188} INFO - Downloaded products/date=2026-06-17/products_190520393504.parquet -> /tmp/minio_downloads/products_190520393504.parquet
[2026-07-04T14:33:42.731+0000] {logging_mixin.py:188} INFO - Downloaded products/date=2026-06-17/products_190520500027.parquet -> /tmp/minio_downloads/products_190520500027.parquet
[2026-07-04T14:33:42.764+0000] {logging_mixin.py:188} INFO - Downloaded products/date=2026-06-17/products_190520633450.parquet -> /tmp/minio_downloads/products_190520633450.parquet
[2026-07-04T14:33:42.800+0000] {logging_mixin.py:188} INFO - Downloaded products/date=2026-06-17/products_190520778651.parquet -> /tmp/minio_downloads/products_190520778651.parquet
[2026-07-04T14:33:42.833+0000] {logging_mixin.py:188} INFO - Downloaded products/date=2026-06-17/products_190520903227.parquet -> /tmp/minio_downloads/products_190520903227.parquet
[2026-07-04T14:33:42.863+0000] {logging_mixin.py:188} INFO - Downloaded products/date=2026-06-17/products_190521046609.parquet -> /tmp/minio_downloads/products_190521046609.parquet
[2026-07-04T14:33:42.895+0000] {logging_mixin.py:188} INFO - Downloaded products/date=2026-06-17/products_190521217705.parquet -> /tmp/minio_downloads/products_190521217705.parquet
[2026-07-04T14:33:42.929+0000] {logging_mixin.py:188} INFO - Downloaded products/date=2026-06-17/products_190521389335.parquet -> /tmp/minio_downloads/products_190521389335.parquet
[2026-07-04T14:33:42.962+0000] {logging_mixin.py:188} INFO - Downloaded products/date=2026-06-17/products_190521542750.parquet -> /tmp/minio_downloads/products_190521542750.parquet
[2026-07-04T14:33:42.998+0000] {logging_mixin.py:188} INFO - Downloaded products/date=2026-06-17/products_190521706212.parquet -> /tmp/minio_downloads/products_190521706212.parquet
[2026-07-04T14:33:43.031+0000] {logging_mixin.py:188} INFO - Downloaded products/date=2026-06-17/products_190521940266.parquet -> /tmp/minio_downloads/products_190521940266.parquet
[2026-07-04T14:33:43.067+0000] {logging_mixin.py:188} INFO - Downloaded products/date=2026-06-17/products_190522151590.parquet -> /tmp/minio_downloads/products_190522151590.parquet
[2026-07-04T14:33:43.099+0000] {logging_mixin.py:188} INFO - Downloaded products/date=2026-06-17/products_190522315513.parquet -> /tmp/minio_downloads/products_190522315513.parquet
[2026-07-04T14:33:43.129+0000] {logging_mixin.py:188} INFO - Downloaded products/date=2026-06-17/products_190522444092.parquet -> /tmp/minio_downloads/products_190522444092.parquet
[2026-07-04T14:33:43.159+0000] {logging_mixin.py:188} INFO - Downloaded products/date=2026-06-17/products_190522673116.parquet -> /tmp/minio_downloads/products_190522673116.parquet
[2026-07-04T14:33:43.187+0000] {logging_mixin.py:188} INFO - Downloaded products/date=2026-06-17/products_190522841650.parquet -> /tmp/minio_downloads/products_190522841650.parquet
[2026-07-04T14:33:43.216+0000] {logging_mixin.py:188} INFO - Downloaded products/date=2026-06-17/products_190522988838.parquet -> /tmp/minio_downloads/products_190522988838.parquet
[2026-07-04T14:33:43.243+0000] {logging_mixin.py:188} INFO - Downloaded products/date=2026-06-17/products_190523105919.parquet -> /tmp/minio_downloads/products_190523105919.parquet
[2026-07-04T14:33:43.273+0000] {logging_mixin.py:188} INFO - Downloaded products/date=2026-06-17/products_190523291180.parquet -> /tmp/minio_downloads/products_190523291180.parquet
[2026-07-04T14:33:43.304+0000] {logging_mixin.py:188} INFO - Downloaded products/date=2026-06-17/products_190523528699.parquet -> /tmp/minio_downloads/products_190523528699.parquet
[2026-07-04T14:33:43.334+0000] {logging_mixin.py:188} INFO - Downloaded products/date=2026-06-17/products_190523795135.parquet -> /tmp/minio_downloads/products_190523795135.parquet
[2026-07-04T14:33:43.366+0000] {logging_mixin.py:188} INFO - Downloaded products/date=2026-06-17/products_190523929735.parquet -> /tmp/minio_downloads/products_190523929735.parquet
[2026-07-04T14:33:43.399+0000] {logging_mixin.py:188} INFO - Downloaded products/date=2026-06-17/products_190524114956.parquet -> /tmp/minio_downloads/products_190524114956.parquet
[2026-07-04T14:33:43.428+0000] {logging_mixin.py:188} INFO - Downloaded products/date=2026-06-17/products_190524299317.parquet -> /tmp/minio_downloads/products_190524299317.parquet
[2026-07-04T14:33:43.458+0000] {logging_mixin.py:188} INFO - Downloaded products/date=2026-06-17/products_190524447589.parquet -> /tmp/minio_downloads/products_190524447589.parquet
[2026-07-04T14:33:43.486+0000] {logging_mixin.py:188} INFO - Downloaded products/date=2026-06-17/products_190524632059.parquet -> /tmp/minio_downloads/products_190524632059.parquet
[2026-07-04T14:33:43.516+0000] {logging_mixin.py:188} INFO - Downloaded products/date=2026-06-17/products_190524814315.parquet -> /tmp/minio_downloads/products_190524814315.parquet
[2026-07-04T14:33:43.543+0000] {logging_mixin.py:188} INFO - Downloaded products/date=2026-06-17/products_190525025845.parquet -> /tmp/minio_downloads/products_190525025845.parquet
[2026-07-04T14:33:43.570+0000] {logging_mixin.py:188} INFO - Downloaded products/date=2026-06-17/products_190525196127.parquet -> /tmp/minio_downloads/products_190525196127.parquet
[2026-07-04T14:33:43.595+0000] {logging_mixin.py:188} INFO - Downloaded products/date=2026-06-17/products_190525361823.parquet -> /tmp/minio_downloads/products_190525361823.parquet
[2026-07-04T14:33:43.622+0000] {logging_mixin.py:188} INFO - Downloaded products/date=2026-06-17/products_190525577234.parquet -> /tmp/minio_downloads/products_190525577234.parquet
[2026-07-04T14:33:43.648+0000] {logging_mixin.py:188} INFO - Downloaded products/date=2026-06-17/products_190525751263.parquet -> /tmp/minio_downloads/products_190525751263.parquet
[2026-07-04T14:33:43.676+0000] {logging_mixin.py:188} INFO - Downloaded products/date=2026-06-17/products_190525990052.parquet -> /tmp/minio_downloads/products_190525990052.parquet
[2026-07-04T14:33:43.709+0000] {logging_mixin.py:188} INFO - Downloaded products/date=2026-06-17/products_190526150505.parquet -> /tmp/minio_downloads/products_190526150505.parquet
[2026-07-04T14:33:43.743+0000] {logging_mixin.py:188} INFO - Downloaded products/date=2026-06-17/products_190526303829.parquet -> /tmp/minio_downloads/products_190526303829.parquet
[2026-07-04T14:33:43.779+0000] {logging_mixin.py:188} INFO - Downloaded products/date=2026-06-17/products_190526503032.parquet -> /tmp/minio_downloads/products_190526503032.parquet
[2026-07-04T14:33:43.814+0000] {logging_mixin.py:188} INFO - Downloaded products/date=2026-06-17/products_190526697484.parquet -> /tmp/minio_downloads/products_190526697484.parquet
[2026-07-04T14:33:43.843+0000] {logging_mixin.py:188} INFO - Downloaded products/date=2026-06-17/products_190526967633.parquet -> /tmp/minio_downloads/products_190526967633.parquet
[2026-07-04T14:33:43.871+0000] {logging_mixin.py:188} INFO - Downloaded products/date=2026-06-17/products_190527276526.parquet -> /tmp/minio_downloads/products_190527276526.parquet
[2026-07-04T14:33:43.898+0000] {logging_mixin.py:188} INFO - Downloaded products/date=2026-06-17/products_190527492797.parquet -> /tmp/minio_downloads/products_190527492797.parquet
[2026-07-04T14:33:43.923+0000] {logging_mixin.py:188} INFO - Downloaded products/date=2026-06-17/products_190527671176.parquet -> /tmp/minio_downloads/products_190527671176.parquet
[2026-07-04T14:33:43.952+0000] {logging_mixin.py:188} INFO - Downloaded products/date=2026-06-17/products_190527873298.parquet -> /tmp/minio_downloads/products_190527873298.parquet
[2026-07-04T14:33:43.978+0000] {logging_mixin.py:188} INFO - Downloaded products/date=2026-06-17/products_190528077439.parquet -> /tmp/minio_downloads/products_190528077439.parquet
[2026-07-04T14:33:44.004+0000] {logging_mixin.py:188} INFO - Downloaded products/date=2026-06-17/products_190528265165.parquet -> /tmp/minio_downloads/products_190528265165.parquet
[2026-07-04T14:33:44.029+0000] {logging_mixin.py:188} INFO - Downloaded products/date=2026-06-17/products_190528396267.parquet -> /tmp/minio_downloads/products_190528396267.parquet
[2026-07-04T14:33:44.054+0000] {logging_mixin.py:188} INFO - Downloaded products/date=2026-06-17/products_190528581713.parquet -> /tmp/minio_downloads/products_190528581713.parquet
[2026-07-04T14:33:44.080+0000] {logging_mixin.py:188} INFO - Downloaded products/date=2026-06-17/products_190528710311.parquet -> /tmp/minio_downloads/products_190528710311.parquet
[2026-07-04T14:33:44.107+0000] {logging_mixin.py:188} INFO - Downloaded products/date=2026-06-17/products_190528833429.parquet -> /tmp/minio_downloads/products_190528833429.parquet
[2026-07-04T14:33:44.135+0000] {logging_mixin.py:188} INFO - Downloaded products/date=2026-06-17/products_190528980653.parquet -> /tmp/minio_downloads/products_190528980653.parquet
[2026-07-04T14:33:44.163+0000] {logging_mixin.py:188} INFO - Downloaded products/date=2026-06-17/products_190529157644.parquet -> /tmp/minio_downloads/products_190529157644.parquet
[2026-07-04T14:33:44.191+0000] {logging_mixin.py:188} INFO - Downloaded products/date=2026-06-17/products_190529330373.parquet -> /tmp/minio_downloads/products_190529330373.parquet
[2026-07-04T14:33:44.222+0000] {logging_mixin.py:188} INFO - Downloaded products/date=2026-06-17/products_190529495667.parquet -> /tmp/minio_downloads/products_190529495667.parquet
[2026-07-04T14:33:44.256+0000] {logging_mixin.py:188} INFO - Downloaded products/date=2026-06-17/products_190529644991.parquet -> /tmp/minio_downloads/products_190529644991.parquet
[2026-07-04T14:33:44.295+0000] {logging_mixin.py:188} INFO - Downloaded products/date=2026-06-17/products_190529796184.parquet -> /tmp/minio_downloads/products_190529796184.parquet
[2026-07-04T14:33:44.336+0000] {logging_mixin.py:188} INFO - Downloaded products/date=2026-06-17/products_190529937711.parquet -> /tmp/minio_downloads/products_190529937711.parquet
[2026-07-04T14:33:44.373+0000] {logging_mixin.py:188} INFO - Downloaded products/date=2026-06-17/products_190530081816.parquet -> /tmp/minio_downloads/products_190530081816.parquet
[2026-07-04T14:33:44.408+0000] {logging_mixin.py:188} INFO - Downloaded products/date=2026-06-17/products_190530247718.parquet -> /tmp/minio_downloads/products_190530247718.parquet
[2026-07-04T14:33:44.441+0000] {logging_mixin.py:188} INFO - Downloaded products/date=2026-06-17/products_190530413919.parquet -> /tmp/minio_downloads/products_190530413919.parquet
[2026-07-04T14:33:44.475+0000] {logging_mixin.py:188} INFO - Downloaded products/date=2026-06-17/products_190530561245.parquet -> /tmp/minio_downloads/products_190530561245.parquet
[2026-07-04T14:33:44.517+0000] {logging_mixin.py:188} INFO - Downloaded products/date=2026-06-17/products_190530714544.parquet -> /tmp/minio_downloads/products_190530714544.parquet
[2026-07-04T14:33:44.551+0000] {logging_mixin.py:188} INFO - Downloaded products/date=2026-06-17/products_190530848261.parquet -> /tmp/minio_downloads/products_190530848261.parquet
[2026-07-04T14:33:44.585+0000] {logging_mixin.py:188} INFO - Downloaded products/date=2026-06-17/products_190531001980.parquet -> /tmp/minio_downloads/products_190531001980.parquet
[2026-07-04T14:33:44.614+0000] {logging_mixin.py:188} INFO - Downloaded products/date=2026-06-17/products_190531140654.parquet -> /tmp/minio_downloads/products_190531140654.parquet
[2026-07-04T14:33:44.642+0000] {logging_mixin.py:188} INFO - Downloaded products/date=2026-06-17/products_190531263217.parquet -> /tmp/minio_downloads/products_190531263217.parquet
[2026-07-04T14:33:44.671+0000] {logging_mixin.py:188} INFO - Downloaded products/date=2026-06-17/products_190531375477.parquet -> /tmp/minio_downloads/products_190531375477.parquet
[2026-07-04T14:33:44.701+0000] {logging_mixin.py:188} INFO - Downloaded products/date=2026-06-17/products_190531508599.parquet -> /tmp/minio_downloads/products_190531508599.parquet
[2026-07-04T14:33:44.731+0000] {logging_mixin.py:188} INFO - Downloaded products/date=2026-06-17/products_190531648223.parquet -> /tmp/minio_downloads/products_190531648223.parquet
[2026-07-04T14:33:44.764+0000] {logging_mixin.py:188} INFO - Downloaded products/date=2026-06-17/products_190531775706.parquet -> /tmp/minio_downloads/products_190531775706.parquet
[2026-07-04T14:33:44.796+0000] {logging_mixin.py:188} INFO - Downloaded products/date=2026-06-17/products_190531886042.parquet -> /tmp/minio_downloads/products_190531886042.parquet
[2026-07-04T14:33:44.825+0000] {logging_mixin.py:188} INFO - Downloaded products/date=2026-06-17/products_190531991248.parquet -> /tmp/minio_downloads/products_190531991248.parquet
[2026-07-04T14:33:44.858+0000] {logging_mixin.py:188} INFO - Downloaded products/date=2026-06-17/products_190532090630.parquet -> /tmp/minio_downloads/products_190532090630.parquet
[2026-07-04T14:33:44.895+0000] {logging_mixin.py:188} INFO - Downloaded products/date=2026-06-17/products_190532185217.parquet -> /tmp/minio_downloads/products_190532185217.parquet
[2026-07-04T14:33:44.929+0000] {logging_mixin.py:188} INFO - Downloaded products/date=2026-06-17/products_190532288748.parquet -> /tmp/minio_downloads/products_190532288748.parquet
[2026-07-04T14:33:44.965+0000] {logging_mixin.py:188} INFO - Downloaded products/date=2026-06-17/products_190532376212.parquet -> /tmp/minio_downloads/products_190532376212.parquet
[2026-07-04T14:33:44.999+0000] {logging_mixin.py:188} INFO - Downloaded products/date=2026-06-17/products_190533226619.parquet -> /tmp/minio_downloads/products_190533226619.parquet
[2026-07-04T14:33:45.035+0000] {logging_mixin.py:188} INFO - Downloaded products/date=2026-06-17/products_190533301640.parquet -> /tmp/minio_downloads/products_190533301640.parquet
[2026-07-04T14:33:45.070+0000] {logging_mixin.py:188} INFO - Downloaded products/date=2026-06-17/products_190533370923.parquet -> /tmp/minio_downloads/products_190533370923.parquet
[2026-07-04T14:33:45.106+0000] {logging_mixin.py:188} INFO - Downloaded products/date=2026-06-17/products_190533448519.parquet -> /tmp/minio_downloads/products_190533448519.parquet
[2026-07-04T14:33:45.140+0000] {logging_mixin.py:188} INFO - Downloaded products/date=2026-06-17/products_190533537480.parquet -> /tmp/minio_downloads/products_190533537480.parquet
[2026-07-04T14:33:45.174+0000] {logging_mixin.py:188} INFO - Downloaded products/date=2026-06-17/products_190533628408.parquet -> /tmp/minio_downloads/products_190533628408.parquet
[2026-07-04T14:33:45.208+0000] {logging_mixin.py:188} INFO - Downloaded products/date=2026-06-17/products_190533705522.parquet -> /tmp/minio_downloads/products_190533705522.parquet
[2026-07-04T14:33:45.246+0000] {logging_mixin.py:188} INFO - Downloaded products/date=2026-06-17/products_190533777917.parquet -> /tmp/minio_downloads/products_190533777917.parquet
[2026-07-04T14:33:45.279+0000] {logging_mixin.py:188} INFO - Downloaded products/date=2026-06-17/products_190533878681.parquet -> /tmp/minio_downloads/products_190533878681.parquet
[2026-07-04T14:33:45.315+0000] {logging_mixin.py:188} INFO - Downloaded products/date=2026-06-17/products_190533970700.parquet -> /tmp/minio_downloads/products_190533970700.parquet
[2026-07-04T14:33:49.328+0000] {logging_mixin.py:188} INFO - Downloaded reviews/date=2026-06-17/reviews_190214972918.parquet -> /tmp/minio_downloads/reviews_190214972918.parquet
[2026-07-04T14:33:49.352+0000] {logging_mixin.py:188} INFO - Downloaded reviews/date=2026-06-17/reviews_190215097605.parquet -> /tmp/minio_downloads/reviews_190215097605.parquet
[2026-07-04T14:33:49.378+0000] {logging_mixin.py:188} INFO - Downloaded reviews/date=2026-06-17/reviews_190215250245.parquet -> /tmp/minio_downloads/reviews_190215250245.parquet
[2026-07-04T14:33:49.400+0000] {logging_mixin.py:188} INFO - Downloaded reviews/date=2026-06-17/reviews_190215566650.parquet -> /tmp/minio_downloads/reviews_190215566650.parquet
[2026-07-04T14:33:49.424+0000] {logging_mixin.py:188} INFO - Downloaded reviews/date=2026-06-17/reviews_190215814538.parquet -> /tmp/minio_downloads/reviews_190215814538.parquet
[2026-07-04T14:33:49.448+0000] {logging_mixin.py:188} INFO - Downloaded reviews/date=2026-06-17/reviews_190216029623.parquet -> /tmp/minio_downloads/reviews_190216029623.parquet
[2026-07-04T14:33:49.471+0000] {logging_mixin.py:188} INFO - Downloaded reviews/date=2026-06-17/reviews_190216425333.parquet -> /tmp/minio_downloads/reviews_190216425333.parquet
[2026-07-04T14:33:49.496+0000] {logging_mixin.py:188} INFO - Downloaded reviews/date=2026-06-17/reviews_190216616589.parquet -> /tmp/minio_downloads/reviews_190216616589.parquet
[2026-07-04T14:33:49.522+0000] {logging_mixin.py:188} INFO - Downloaded reviews/date=2026-06-17/reviews_190216786694.parquet -> /tmp/minio_downloads/reviews_190216786694.parquet
[2026-07-04T14:33:49.548+0000] {logging_mixin.py:188} INFO - Downloaded reviews/date=2026-06-17/reviews_190216987218.parquet -> /tmp/minio_downloads/reviews_190216987218.parquet
[2026-07-04T14:33:49.574+0000] {logging_mixin.py:188} INFO - Downloaded reviews/date=2026-06-17/reviews_190217122746.parquet -> /tmp/minio_downloads/reviews_190217122746.parquet
[2026-07-04T14:33:49.600+0000] {logging_mixin.py:188} INFO - Downloaded reviews/date=2026-06-17/reviews_190217244865.parquet -> /tmp/minio_downloads/reviews_190217244865.parquet
[2026-07-04T14:33:49.623+0000] {logging_mixin.py:188} INFO - Downloaded reviews/date=2026-06-17/reviews_190217372770.parquet -> /tmp/minio_downloads/reviews_190217372770.parquet
[2026-07-04T14:33:49.646+0000] {logging_mixin.py:188} INFO - Downloaded reviews/date=2026-06-17/reviews_190217506147.parquet -> /tmp/minio_downloads/reviews_190217506147.parquet
[2026-07-04T14:33:49.669+0000] {logging_mixin.py:188} INFO - Downloaded reviews/date=2026-06-17/reviews_190217657387.parquet -> /tmp/minio_downloads/reviews_190217657387.parquet
[2026-07-04T14:33:49.694+0000] {logging_mixin.py:188} INFO - Downloaded reviews/date=2026-06-17/reviews_190217875949.parquet -> /tmp/minio_downloads/reviews_190217875949.parquet
[2026-07-04T14:33:49.718+0000] {logging_mixin.py:188} INFO - Downloaded reviews/date=2026-06-17/reviews_190218041233.parquet -> /tmp/minio_downloads/reviews_190218041233.parquet
[2026-07-04T14:33:49.743+0000] {logging_mixin.py:188} INFO - Downloaded reviews/date=2026-06-17/reviews_190218205395.parquet -> /tmp/minio_downloads/reviews_190218205395.parquet
[2026-07-04T14:33:49.770+0000] {logging_mixin.py:188} INFO - Downloaded reviews/date=2026-06-17/reviews_190218340649.parquet -> /tmp/minio_downloads/reviews_190218340649.parquet
[2026-07-04T14:33:49.799+0000] {logging_mixin.py:188} INFO - Downloaded reviews/date=2026-06-17/reviews_190218468013.parquet -> /tmp/minio_downloads/reviews_190218468013.parquet
[2026-07-04T14:33:49.827+0000] {logging_mixin.py:188} INFO - Downloaded reviews/date=2026-06-17/reviews_190218596271.parquet -> /tmp/minio_downloads/reviews_190218596271.parquet
[2026-07-04T14:33:49.855+0000] {logging_mixin.py:188} INFO - Downloaded reviews/date=2026-06-17/reviews_190218700720.parquet -> /tmp/minio_downloads/reviews_190218700720.parquet
[2026-07-04T14:33:49.882+0000] {logging_mixin.py:188} INFO - Downloaded reviews/date=2026-06-17/reviews_190218819429.parquet -> /tmp/minio_downloads/reviews_190218819429.parquet
[2026-07-04T14:33:49.911+0000] {logging_mixin.py:188} INFO - Downloaded reviews/date=2026-06-17/reviews_190218952037.parquet -> /tmp/minio_downloads/reviews_190218952037.parquet
[2026-07-04T14:33:49.936+0000] {logging_mixin.py:188} INFO - Downloaded reviews/date=2026-06-17/reviews_190219098926.parquet -> /tmp/minio_downloads/reviews_190219098926.parquet
[2026-07-04T14:33:49.960+0000] {logging_mixin.py:188} INFO - Downloaded reviews/date=2026-06-17/reviews_190219216765.parquet -> /tmp/minio_downloads/reviews_190219216765.parquet
[2026-07-04T14:33:49.984+0000] {logging_mixin.py:188} INFO - Downloaded reviews/date=2026-06-17/reviews_190219338608.parquet -> /tmp/minio_downloads/reviews_190219338608.parquet
[2026-07-04T14:33:50.007+0000] {logging_mixin.py:188} INFO - Downloaded reviews/date=2026-06-17/reviews_190219501986.parquet -> /tmp/minio_downloads/reviews_190219501986.parquet
[2026-07-04T14:33:50.032+0000] {logging_mixin.py:188} INFO - Downloaded reviews/date=2026-06-17/reviews_190219656033.parquet -> /tmp/minio_downloads/reviews_190219656033.parquet
[2026-07-04T14:33:50.056+0000] {logging_mixin.py:188} INFO - Downloaded reviews/date=2026-06-17/reviews_190219816732.parquet -> /tmp/minio_downloads/reviews_190219816732.parquet
[2026-07-04T14:33:50.079+0000] {logging_mixin.py:188} INFO - Downloaded reviews/date=2026-06-17/reviews_190219937352.parquet -> /tmp/minio_downloads/reviews_190219937352.parquet
[2026-07-04T14:33:50.103+0000] {logging_mixin.py:188} INFO - Downloaded reviews/date=2026-06-17/reviews_190220053034.parquet -> /tmp/minio_downloads/reviews_190220053034.parquet
[2026-07-04T14:33:50.127+0000] {logging_mixin.py:188} INFO - Downloaded reviews/date=2026-06-17/reviews_190220250956.parquet -> /tmp/minio_downloads/reviews_190220250956.parquet
[2026-07-04T14:33:50.152+0000] {logging_mixin.py:188} INFO - Downloaded reviews/date=2026-06-17/reviews_190220522645.parquet -> /tmp/minio_downloads/reviews_190220522645.parquet
[2026-07-04T14:33:50.175+0000] {logging_mixin.py:188} INFO - Downloaded reviews/date=2026-06-17/reviews_190220735968.parquet -> /tmp/minio_downloads/reviews_190220735968.parquet
[2026-07-04T14:33:50.200+0000] {logging_mixin.py:188} INFO - Downloaded reviews/date=2026-06-17/reviews_190220938936.parquet -> /tmp/minio_downloads/reviews_190220938936.parquet
[2026-07-04T14:33:50.226+0000] {logging_mixin.py:188} INFO - Downloaded reviews/date=2026-06-17/reviews_190221145816.parquet -> /tmp/minio_downloads/reviews_190221145816.parquet
[2026-07-04T14:33:50.253+0000] {logging_mixin.py:188} INFO - Downloaded reviews/date=2026-06-17/reviews_190221384431.parquet -> /tmp/minio_downloads/reviews_190221384431.parquet
[2026-07-04T14:33:50.279+0000] {logging_mixin.py:188} INFO - Downloaded reviews/date=2026-06-17/reviews_190221521023.parquet -> /tmp/minio_downloads/reviews_190221521023.parquet
[2026-07-04T14:33:50.306+0000] {logging_mixin.py:188} INFO - Downloaded reviews/date=2026-06-17/reviews_190221664852.parquet -> /tmp/minio_downloads/reviews_190221664852.parquet
[2026-07-04T14:33:50.334+0000] {logging_mixin.py:188} INFO - Downloaded reviews/date=2026-06-17/reviews_190221894163.parquet -> /tmp/minio_downloads/reviews_190221894163.parquet
[2026-07-04T14:33:50.360+0000] {logging_mixin.py:188} INFO - Downloaded reviews/date=2026-06-17/reviews_190222056747.parquet -> /tmp/minio_downloads/reviews_190222056747.parquet
[2026-07-04T14:33:50.387+0000] {logging_mixin.py:188} INFO - Downloaded reviews/date=2026-06-17/reviews_190222469395.parquet -> /tmp/minio_downloads/reviews_190222469395.parquet
[2026-07-04T14:33:50.413+0000] {logging_mixin.py:188} INFO - Downloaded reviews/date=2026-06-17/reviews_190222815487.parquet -> /tmp/minio_downloads/reviews_190222815487.parquet
[2026-07-04T14:33:50.442+0000] {logging_mixin.py:188} INFO - Downloaded reviews/date=2026-06-17/reviews_190223143496.parquet -> /tmp/minio_downloads/reviews_190223143496.parquet
[2026-07-04T14:33:50.468+0000] {logging_mixin.py:188} INFO - Downloaded reviews/date=2026-06-17/reviews_190223375689.parquet -> /tmp/minio_downloads/reviews_190223375689.parquet
[2026-07-04T14:33:50.496+0000] {logging_mixin.py:188} INFO - Downloaded reviews/date=2026-06-17/reviews_190223607708.parquet -> /tmp/minio_downloads/reviews_190223607708.parquet
[2026-07-04T14:33:50.528+0000] {logging_mixin.py:188} INFO - Downloaded reviews/date=2026-06-17/reviews_190223834879.parquet -> /tmp/minio_downloads/reviews_190223834879.parquet
[2026-07-04T14:33:50.647+0000] {logging_mixin.py:188} INFO - Downloaded reviews/date=2026-06-17/reviews_190224122162.parquet -> /tmp/minio_downloads/reviews_190224122162.parquet
[2026-07-04T14:33:50.674+0000] {logging_mixin.py:188} INFO - Downloaded reviews/date=2026-06-17/reviews_190224397530.parquet -> /tmp/minio_downloads/reviews_190224397530.parquet
[2026-07-04T14:33:50.701+0000] {logging_mixin.py:188} INFO - Downloaded reviews/date=2026-06-17/reviews_190224601385.parquet -> /tmp/minio_downloads/reviews_190224601385.parquet
[2026-07-04T14:33:50.728+0000] {logging_mixin.py:188} INFO - Downloaded reviews/date=2026-06-17/reviews_190224814461.parquet -> /tmp/minio_downloads/reviews_190224814461.parquet
[2026-07-04T14:33:50.754+0000] {logging_mixin.py:188} INFO - Downloaded reviews/date=2026-06-17/reviews_190225013340.parquet -> /tmp/minio_downloads/reviews_190225013340.parquet
[2026-07-04T14:33:50.783+0000] {logging_mixin.py:188} INFO - Downloaded reviews/date=2026-06-17/reviews_190225204835.parquet -> /tmp/minio_downloads/reviews_190225204835.parquet
[2026-07-04T14:33:50.810+0000] {logging_mixin.py:188} INFO - Downloaded reviews/date=2026-06-17/reviews_190225349570.parquet -> /tmp/minio_downloads/reviews_190225349570.parquet
[2026-07-04T14:33:50.837+0000] {logging_mixin.py:188} INFO - Downloaded reviews/date=2026-06-17/reviews_190225500104.parquet -> /tmp/minio_downloads/reviews_190225500104.parquet
[2026-07-04T14:33:50.864+0000] {logging_mixin.py:188} INFO - Downloaded reviews/date=2026-06-17/reviews_190225652754.parquet -> /tmp/minio_downloads/reviews_190225652754.parquet
[2026-07-04T14:33:50.891+0000] {logging_mixin.py:188} INFO - Downloaded reviews/date=2026-06-17/reviews_190225783561.parquet -> /tmp/minio_downloads/reviews_190225783561.parquet
[2026-07-04T14:33:50.917+0000] {logging_mixin.py:188} INFO - Downloaded reviews/date=2026-06-17/reviews_190225926939.parquet -> /tmp/minio_downloads/reviews_190225926939.parquet
[2026-07-04T14:33:50.944+0000] {logging_mixin.py:188} INFO - Downloaded reviews/date=2026-06-17/reviews_190226082741.parquet -> /tmp/minio_downloads/reviews_190226082741.parquet
[2026-07-04T14:33:50.970+0000] {logging_mixin.py:188} INFO - Downloaded reviews/date=2026-06-17/reviews_190226233161.parquet -> /tmp/minio_downloads/reviews_190226233161.parquet
[2026-07-04T14:33:50.998+0000] {logging_mixin.py:188} INFO - Downloaded reviews/date=2026-06-17/reviews_190226371894.parquet -> /tmp/minio_downloads/reviews_190226371894.parquet
[2026-07-04T14:33:51.031+0000] {logging_mixin.py:188} INFO - Downloaded reviews/date=2026-06-17/reviews_190226505901.parquet -> /tmp/minio_downloads/reviews_190226505901.parquet
[2026-07-04T14:33:51.062+0000] {logging_mixin.py:188} INFO - Downloaded reviews/date=2026-06-17/reviews_190226654223.parquet -> /tmp/minio_downloads/reviews_190226654223.parquet
[2026-07-04T14:33:51.095+0000] {logging_mixin.py:188} INFO - Downloaded reviews/date=2026-06-17/reviews_190226773778.parquet -> /tmp/minio_downloads/reviews_190226773778.parquet
[2026-07-04T14:33:51.128+0000] {logging_mixin.py:188} INFO - Downloaded reviews/date=2026-06-17/reviews_190226898736.parquet -> /tmp/minio_downloads/reviews_190226898736.parquet
[2026-07-04T14:33:51.163+0000] {logging_mixin.py:188} INFO - Downloaded reviews/date=2026-06-17/reviews_190227044817.parquet -> /tmp/minio_downloads/reviews_190227044817.parquet
[2026-07-04T14:33:51.201+0000] {logging_mixin.py:188} INFO - Downloaded reviews/date=2026-06-17/reviews_190227186872.parquet -> /tmp/minio_downloads/reviews_190227186872.parquet
[2026-07-04T14:33:51.231+0000] {logging_mixin.py:188} INFO - Downloaded reviews/date=2026-06-17/reviews_190227362023.parquet -> /tmp/minio_downloads/reviews_190227362023.parquet
[2026-07-04T14:33:51.260+0000] {logging_mixin.py:188} INFO - Downloaded reviews/date=2026-06-17/reviews_190227503940.parquet -> /tmp/minio_downloads/reviews_190227503940.parquet
[2026-07-04T14:33:51.289+0000] {logging_mixin.py:188} INFO - Downloaded reviews/date=2026-06-17/reviews_190227639712.parquet -> /tmp/minio_downloads/reviews_190227639712.parquet
[2026-07-04T14:33:51.320+0000] {logging_mixin.py:188} INFO - Downloaded reviews/date=2026-06-17/reviews_190227796933.parquet -> /tmp/minio_downloads/reviews_190227796933.parquet
[2026-07-04T14:33:51.349+0000] {logging_mixin.py:188} INFO - Downloaded reviews/date=2026-06-17/reviews_190227949946.parquet -> /tmp/minio_downloads/reviews_190227949946.parquet
[2026-07-04T14:33:51.376+0000] {logging_mixin.py:188} INFO - Downloaded reviews/date=2026-06-17/reviews_190228174631.parquet -> /tmp/minio_downloads/reviews_190228174631.parquet
[2026-07-04T14:33:51.405+0000] {logging_mixin.py:188} INFO - Downloaded reviews/date=2026-06-17/reviews_190228335276.parquet -> /tmp/minio_downloads/reviews_190228335276.parquet
[2026-07-04T14:33:51.432+0000] {logging_mixin.py:188} INFO - Downloaded reviews/date=2026-06-17/reviews_190228462449.parquet -> /tmp/minio_downloads/reviews_190228462449.parquet
[2026-07-04T14:33:51.460+0000] {logging_mixin.py:188} INFO - Downloaded reviews/date=2026-06-17/reviews_190228628626.parquet -> /tmp/minio_downloads/reviews_190228628626.parquet
[2026-07-04T14:33:51.486+0000] {logging_mixin.py:188} INFO - Downloaded reviews/date=2026-06-17/reviews_190228782565.parquet -> /tmp/minio_downloads/reviews_190228782565.parquet
[2026-07-04T14:33:51.512+0000] {logging_mixin.py:188} INFO - Downloaded reviews/date=2026-06-17/reviews_190228943703.parquet -> /tmp/minio_downloads/reviews_190228943703.parquet
[2026-07-04T14:33:51.537+0000] {logging_mixin.py:188} INFO - Downloaded reviews/date=2026-06-17/reviews_190229111437.parquet -> /tmp/minio_downloads/reviews_190229111437.parquet
[2026-07-04T14:33:51.563+0000] {logging_mixin.py:188} INFO - Downloaded reviews/date=2026-06-17/reviews_190229322375.parquet -> /tmp/minio_downloads/reviews_190229322375.parquet
[2026-07-04T14:33:51.588+0000] {logging_mixin.py:188} INFO - Downloaded reviews/date=2026-06-17/reviews_190229482068.parquet -> /tmp/minio_downloads/reviews_190229482068.parquet
[2026-07-04T14:33:51.614+0000] {logging_mixin.py:188} INFO - Downloaded reviews/date=2026-06-17/reviews_190229698365.parquet -> /tmp/minio_downloads/reviews_190229698365.parquet
[2026-07-04T14:33:51.642+0000] {logging_mixin.py:188} INFO - Downloaded reviews/date=2026-06-17/reviews_190229857306.parquet -> /tmp/minio_downloads/reviews_190229857306.parquet
[2026-07-04T14:33:51.668+0000] {logging_mixin.py:188} INFO - Downloaded reviews/date=2026-06-17/reviews_190230024557.parquet -> /tmp/minio_downloads/reviews_190230024557.parquet
[2026-07-04T14:33:51.693+0000] {logging_mixin.py:188} INFO - Downloaded reviews/date=2026-06-17/reviews_190230260173.parquet -> /tmp/minio_downloads/reviews_190230260173.parquet
[2026-07-04T14:33:51.716+0000] {logging_mixin.py:188} INFO - Downloaded reviews/date=2026-06-17/reviews_190230470149.parquet -> /tmp/minio_downloads/reviews_190230470149.parquet
[2026-07-04T14:33:51.741+0000] {logging_mixin.py:188} INFO - Downloaded reviews/date=2026-06-17/reviews_190230864209.parquet -> /tmp/minio_downloads/reviews_190230864209.parquet
[2026-07-04T14:33:51.765+0000] {logging_mixin.py:188} INFO - Downloaded reviews/date=2026-06-17/reviews_190231138971.parquet -> /tmp/minio_downloads/reviews_190231138971.parquet
[2026-07-04T14:33:51.791+0000] {logging_mixin.py:188} INFO - Downloaded reviews/date=2026-06-17/reviews_190231351128.parquet -> /tmp/minio_downloads/reviews_190231351128.parquet
[2026-07-04T14:33:51.817+0000] {logging_mixin.py:188} INFO - Downloaded reviews/date=2026-06-17/reviews_190231521973.parquet -> /tmp/minio_downloads/reviews_190231521973.parquet
[2026-07-04T14:33:51.840+0000] {logging_mixin.py:188} INFO - Downloaded reviews/date=2026-06-17/reviews_190231668487.parquet -> /tmp/minio_downloads/reviews_190231668487.parquet
[2026-07-04T14:33:51.864+0000] {logging_mixin.py:188} INFO - Downloaded reviews/date=2026-06-17/reviews_190231863814.parquet -> /tmp/minio_downloads/reviews_190231863814.parquet
[2026-07-04T14:33:51.889+0000] {logging_mixin.py:188} INFO - Downloaded reviews/date=2026-06-17/reviews_190232035477.parquet -> /tmp/minio_downloads/reviews_190232035477.parquet
[2026-07-04T14:33:51.913+0000] {logging_mixin.py:188} INFO - Downloaded reviews/date=2026-06-17/reviews_190232205371.parquet -> /tmp/minio_downloads/reviews_190232205371.parquet
[2026-07-04T14:33:51.937+0000] {logging_mixin.py:188} INFO - Downloaded reviews/date=2026-06-17/reviews_190232364598.parquet -> /tmp/minio_downloads/reviews_190232364598.parquet
[2026-07-04T14:33:51.963+0000] {logging_mixin.py:188} INFO - Downloaded reviews/date=2026-06-17/reviews_190232522180.parquet -> /tmp/minio_downloads/reviews_190232522180.parquet
[2026-07-04T14:33:51.986+0000] {logging_mixin.py:188} INFO - Downloaded reviews/date=2026-06-17/reviews_190232670102.parquet -> /tmp/minio_downloads/reviews_190232670102.parquet
[2026-07-04T14:33:52.012+0000] {logging_mixin.py:188} INFO - Downloaded reviews/date=2026-06-17/reviews_190232794960.parquet -> /tmp/minio_downloads/reviews_190232794960.parquet
[2026-07-04T14:33:52.037+0000] {logging_mixin.py:188} INFO - Downloaded reviews/date=2026-06-17/reviews_190232955254.parquet -> /tmp/minio_downloads/reviews_190232955254.parquet
[2026-07-04T14:33:52.061+0000] {logging_mixin.py:188} INFO - Downloaded reviews/date=2026-06-17/reviews_190233110309.parquet -> /tmp/minio_downloads/reviews_190233110309.parquet
[2026-07-04T14:33:52.086+0000] {logging_mixin.py:188} INFO - Downloaded reviews/date=2026-06-17/reviews_190233250620.parquet -> /tmp/minio_downloads/reviews_190233250620.parquet
[2026-07-04T14:33:52.111+0000] {logging_mixin.py:188} INFO - Downloaded reviews/date=2026-06-17/reviews_190233412155.parquet -> /tmp/minio_downloads/reviews_190233412155.parquet
[2026-07-04T14:33:52.137+0000] {logging_mixin.py:188} INFO - Downloaded reviews/date=2026-06-17/reviews_190233569385.parquet -> /tmp/minio_downloads/reviews_190233569385.parquet
[2026-07-04T14:33:52.164+0000] {logging_mixin.py:188} INFO - Downloaded reviews/date=2026-06-17/reviews_190233718517.parquet -> /tmp/minio_downloads/reviews_190233718517.parquet
[2026-07-04T14:33:52.189+0000] {logging_mixin.py:188} INFO - Downloaded reviews/date=2026-06-17/reviews_190233879453.parquet -> /tmp/minio_downloads/reviews_190233879453.parquet
[2026-07-04T14:33:52.213+0000] {logging_mixin.py:188} INFO - Downloaded reviews/date=2026-06-17/reviews_190234053790.parquet -> /tmp/minio_downloads/reviews_190234053790.parquet
[2026-07-04T14:33:52.238+0000] {logging_mixin.py:188} INFO - Downloaded reviews/date=2026-06-17/reviews_190234202018.parquet -> /tmp/minio_downloads/reviews_190234202018.parquet
[2026-07-04T14:33:52.263+0000] {logging_mixin.py:188} INFO - Downloaded reviews/date=2026-06-17/reviews_190234328540.parquet -> /tmp/minio_downloads/reviews_190234328540.parquet
[2026-07-04T14:33:52.286+0000] {logging_mixin.py:188} INFO - Downloaded reviews/date=2026-06-17/reviews_190234470259.parquet -> /tmp/minio_downloads/reviews_190234470259.parquet
[2026-07-04T14:33:52.311+0000] {logging_mixin.py:188} INFO - Downloaded reviews/date=2026-06-17/reviews_190234611324.parquet -> /tmp/minio_downloads/reviews_190234611324.parquet
[2026-07-04T14:33:52.336+0000] {logging_mixin.py:188} INFO - Downloaded reviews/date=2026-06-17/reviews_190234751564.parquet -> /tmp/minio_downloads/reviews_190234751564.parquet
[2026-07-04T14:33:52.362+0000] {logging_mixin.py:188} INFO - Downloaded reviews/date=2026-06-17/reviews_190234880388.parquet -> /tmp/minio_downloads/reviews_190234880388.parquet
[2026-07-04T14:33:52.387+0000] {logging_mixin.py:188} INFO - Downloaded reviews/date=2026-06-17/reviews_190234993260.parquet -> /tmp/minio_downloads/reviews_190234993260.parquet
[2026-07-04T14:33:52.414+0000] {logging_mixin.py:188} INFO - Downloaded reviews/date=2026-06-17/reviews_190235148343.parquet -> /tmp/minio_downloads/reviews_190235148343.parquet
[2026-07-04T14:33:52.444+0000] {logging_mixin.py:188} INFO - Downloaded reviews/date=2026-06-17/reviews_190235269484.parquet -> /tmp/minio_downloads/reviews_190235269484.parquet
[2026-07-04T14:33:52.475+0000] {logging_mixin.py:188} INFO - Downloaded reviews/date=2026-06-17/reviews_190235388957.parquet -> /tmp/minio_downloads/reviews_190235388957.parquet
[2026-07-04T14:33:52.503+0000] {logging_mixin.py:188} INFO - Downloaded reviews/date=2026-06-17/reviews_190235503354.parquet -> /tmp/minio_downloads/reviews_190235503354.parquet
[2026-07-04T14:33:52.532+0000] {logging_mixin.py:188} INFO - Downloaded reviews/date=2026-06-17/reviews_190235614386.parquet -> /tmp/minio_downloads/reviews_190235614386.parquet
[2026-07-04T14:33:52.557+0000] {logging_mixin.py:188} INFO - Downloaded reviews/date=2026-06-17/reviews_190235733491.parquet -> /tmp/minio_downloads/reviews_190235733491.parquet
[2026-07-04T14:33:52.583+0000] {logging_mixin.py:188} INFO - Downloaded reviews/date=2026-06-17/reviews_190235846807.parquet -> /tmp/minio_downloads/reviews_190235846807.parquet
[2026-07-04T14:33:52.608+0000] {logging_mixin.py:188} INFO - Downloaded reviews/date=2026-06-17/reviews_190235987290.parquet -> /tmp/minio_downloads/reviews_190235987290.parquet
[2026-07-04T14:33:52.632+0000] {logging_mixin.py:188} INFO - Downloaded reviews/date=2026-06-17/reviews_190236130474.parquet -> /tmp/minio_downloads/reviews_190236130474.parquet
[2026-07-04T14:33:52.658+0000] {logging_mixin.py:188} INFO - Downloaded reviews/date=2026-06-17/reviews_190236271630.parquet -> /tmp/minio_downloads/reviews_190236271630.parquet
[2026-07-04T14:33:52.683+0000] {logging_mixin.py:188} INFO - Downloaded reviews/date=2026-06-17/reviews_190236405350.parquet -> /tmp/minio_downloads/reviews_190236405350.parquet
[2026-07-04T14:33:52.709+0000] {logging_mixin.py:188} INFO - Downloaded reviews/date=2026-06-17/reviews_190236569757.parquet -> /tmp/minio_downloads/reviews_190236569757.parquet
[2026-07-04T14:33:52.733+0000] {logging_mixin.py:188} INFO - Downloaded reviews/date=2026-06-17/reviews_190236798544.parquet -> /tmp/minio_downloads/reviews_190236798544.parquet
[2026-07-04T14:33:52.758+0000] {logging_mixin.py:188} INFO - Downloaded reviews/date=2026-06-17/reviews_190236925518.parquet -> /tmp/minio_downloads/reviews_190236925518.parquet
[2026-07-04T14:33:52.784+0000] {logging_mixin.py:188} INFO - Downloaded reviews/date=2026-06-17/reviews_190237056538.parquet -> /tmp/minio_downloads/reviews_190237056538.parquet
[2026-07-04T14:33:52.808+0000] {logging_mixin.py:188} INFO - Downloaded reviews/date=2026-06-17/reviews_190237166982.parquet -> /tmp/minio_downloads/reviews_190237166982.parquet
[2026-07-04T14:33:52.834+0000] {logging_mixin.py:188} INFO - Downloaded reviews/date=2026-06-17/reviews_190237309301.parquet -> /tmp/minio_downloads/reviews_190237309301.parquet
[2026-07-04T14:33:52.859+0000] {logging_mixin.py:188} INFO - Downloaded reviews/date=2026-06-17/reviews_190237430616.parquet -> /tmp/minio_downloads/reviews_190237430616.parquet
[2026-07-04T14:33:52.883+0000] {logging_mixin.py:188} INFO - Downloaded reviews/date=2026-06-17/reviews_190237544319.parquet -> /tmp/minio_downloads/reviews_190237544319.parquet
[2026-07-04T14:33:52.911+0000] {logging_mixin.py:188} INFO - Downloaded reviews/date=2026-06-17/reviews_190237659018.parquet -> /tmp/minio_downloads/reviews_190237659018.parquet
[2026-07-04T14:33:52.941+0000] {logging_mixin.py:188} INFO - Downloaded reviews/date=2026-06-17/reviews_190237766102.parquet -> /tmp/minio_downloads/reviews_190237766102.parquet
[2026-07-04T14:33:52.972+0000] {logging_mixin.py:188} INFO - Downloaded reviews/date=2026-06-17/reviews_190237866454.parquet -> /tmp/minio_downloads/reviews_190237866454.parquet
[2026-07-04T14:33:53.000+0000] {logging_mixin.py:188} INFO - Downloaded reviews/date=2026-06-17/reviews_190237982366.parquet -> /tmp/minio_downloads/reviews_190237982366.parquet
[2026-07-04T14:33:53.029+0000] {logging_mixin.py:188} INFO - Downloaded reviews/date=2026-06-17/reviews_190238116591.parquet -> /tmp/minio_downloads/reviews_190238116591.parquet
[2026-07-04T14:33:53.057+0000] {logging_mixin.py:188} INFO - Downloaded reviews/date=2026-06-17/reviews_190238245987.parquet -> /tmp/minio_downloads/reviews_190238245987.parquet
[2026-07-04T14:33:53.084+0000] {logging_mixin.py:188} INFO - Downloaded reviews/date=2026-06-17/reviews_190238356185.parquet -> /tmp/minio_downloads/reviews_190238356185.parquet
[2026-07-04T14:33:53.111+0000] {logging_mixin.py:188} INFO - Downloaded reviews/date=2026-06-17/reviews_190238475919.parquet -> /tmp/minio_downloads/reviews_190238475919.parquet
[2026-07-04T14:33:53.136+0000] {logging_mixin.py:188} INFO - Downloaded reviews/date=2026-06-17/reviews_190238628626.parquet -> /tmp/minio_downloads/reviews_190238628626.parquet
[2026-07-04T14:33:53.162+0000] {logging_mixin.py:188} INFO - Downloaded reviews/date=2026-06-17/reviews_190238786535.parquet -> /tmp/minio_downloads/reviews_190238786535.parquet
[2026-07-04T14:33:53.188+0000] {logging_mixin.py:188} INFO - Downloaded reviews/date=2026-06-17/reviews_190238906471.parquet -> /tmp/minio_downloads/reviews_190238906471.parquet
[2026-07-04T14:33:53.218+0000] {logging_mixin.py:188} INFO - Downloaded reviews/date=2026-06-17/reviews_190239002641.parquet -> /tmp/minio_downloads/reviews_190239002641.parquet
[2026-07-04T14:33:53.246+0000] {logging_mixin.py:188} INFO - Downloaded reviews/date=2026-06-17/reviews_190239114878.parquet -> /tmp/minio_downloads/reviews_190239114878.parquet
[2026-07-04T14:33:53.275+0000] {logging_mixin.py:188} INFO - Downloaded reviews/date=2026-06-17/reviews_190239252864.parquet -> /tmp/minio_downloads/reviews_190239252864.parquet
[2026-07-04T14:33:53.304+0000] {logging_mixin.py:188} INFO - Downloaded reviews/date=2026-06-17/reviews_190239366646.parquet -> /tmp/minio_downloads/reviews_190239366646.parquet
[2026-07-04T14:33:53.332+0000] {logging_mixin.py:188} INFO - Downloaded reviews/date=2026-06-17/reviews_190239476359.parquet -> /tmp/minio_downloads/reviews_190239476359.parquet
[2026-07-04T14:33:53.360+0000] {logging_mixin.py:188} INFO - Downloaded reviews/date=2026-06-17/reviews_190239568178.parquet -> /tmp/minio_downloads/reviews_190239568178.parquet
[2026-07-04T14:33:53.386+0000] {logging_mixin.py:188} INFO - Downloaded reviews/date=2026-06-17/reviews_190239690336.parquet -> /tmp/minio_downloads/reviews_190239690336.parquet
[2026-07-04T14:33:53.413+0000] {logging_mixin.py:188} INFO - Downloaded reviews/date=2026-06-17/reviews_190239807749.parquet -> /tmp/minio_downloads/reviews_190239807749.parquet
[2026-07-04T14:33:53.438+0000] {logging_mixin.py:188} INFO - Downloaded reviews/date=2026-06-17/reviews_190239914753.parquet -> /tmp/minio_downloads/reviews_190239914753.parquet
[2026-07-04T14:33:53.464+0000] {logging_mixin.py:188} INFO - Downloaded reviews/date=2026-06-17/reviews_190240016236.parquet -> /tmp/minio_downloads/reviews_190240016236.parquet
[2026-07-04T14:33:53.489+0000] {logging_mixin.py:188} INFO - Downloaded reviews/date=2026-06-17/reviews_190240121768.parquet -> /tmp/minio_downloads/reviews_190240121768.parquet
[2026-07-04T14:33:53.516+0000] {logging_mixin.py:188} INFO - Downloaded reviews/date=2026-06-17/reviews_190240286848.parquet -> /tmp/minio_downloads/reviews_190240286848.parquet
[2026-07-04T14:33:53.543+0000] {logging_mixin.py:188} INFO - Downloaded reviews/date=2026-06-17/reviews_190240413795.parquet -> /tmp/minio_downloads/reviews_190240413795.parquet
[2026-07-04T14:33:53.570+0000] {logging_mixin.py:188} INFO - Downloaded reviews/date=2026-06-17/reviews_190240532393.parquet -> /tmp/minio_downloads/reviews_190240532393.parquet
[2026-07-04T14:33:53.596+0000] {logging_mixin.py:188} INFO - Downloaded reviews/date=2026-06-17/reviews_190240677856.parquet -> /tmp/minio_downloads/reviews_190240677856.parquet
[2026-07-04T14:33:53.623+0000] {logging_mixin.py:188} INFO - Downloaded reviews/date=2026-06-17/reviews_190240831367.parquet -> /tmp/minio_downloads/reviews_190240831367.parquet
[2026-07-04T14:33:53.649+0000] {logging_mixin.py:188} INFO - Downloaded reviews/date=2026-06-17/reviews_190240958496.parquet -> /tmp/minio_downloads/reviews_190240958496.parquet
[2026-07-04T14:33:53.680+0000] {logging_mixin.py:188} INFO - Downloaded reviews/date=2026-06-17/reviews_190241088835.parquet -> /tmp/minio_downloads/reviews_190241088835.parquet
[2026-07-04T14:33:53.710+0000] {logging_mixin.py:188} INFO - Downloaded reviews/date=2026-06-17/reviews_190241227526.parquet -> /tmp/minio_downloads/reviews_190241227526.parquet
[2026-07-04T14:33:53.740+0000] {logging_mixin.py:188} INFO - Downloaded reviews/date=2026-06-17/reviews_190241366423.parquet -> /tmp/minio_downloads/reviews_190241366423.parquet
[2026-07-04T14:33:53.767+0000] {logging_mixin.py:188} INFO - Downloaded reviews/date=2026-06-17/reviews_190241469818.parquet -> /tmp/minio_downloads/reviews_190241469818.parquet
[2026-07-04T14:33:53.794+0000] {logging_mixin.py:188} INFO - Downloaded reviews/date=2026-06-17/reviews_190241587172.parquet -> /tmp/minio_downloads/reviews_190241587172.parquet
[2026-07-04T14:33:53.819+0000] {logging_mixin.py:188} INFO - Downloaded reviews/date=2026-06-17/reviews_190241693311.parquet -> /tmp/minio_downloads/reviews_190241693311.parquet
[2026-07-04T14:33:53.846+0000] {logging_mixin.py:188} INFO - Downloaded reviews/date=2026-06-17/reviews_190241812312.parquet -> /tmp/minio_downloads/reviews_190241812312.parquet
[2026-07-04T14:33:53.873+0000] {logging_mixin.py:188} INFO - Downloaded reviews/date=2026-06-17/reviews_190241977247.parquet -> /tmp/minio_downloads/reviews_190241977247.parquet
[2026-07-04T14:33:53.899+0000] {logging_mixin.py:188} INFO - Downloaded reviews/date=2026-06-17/reviews_190242097161.parquet -> /tmp/minio_downloads/reviews_190242097161.parquet
[2026-07-04T14:33:53.926+0000] {logging_mixin.py:188} INFO - Downloaded reviews/date=2026-06-17/reviews_190242208540.parquet -> /tmp/minio_downloads/reviews_190242208540.parquet
[2026-07-04T14:33:53.951+0000] {logging_mixin.py:188} INFO - Downloaded reviews/date=2026-06-17/reviews_190242343106.parquet -> /tmp/minio_downloads/reviews_190242343106.parquet
[2026-07-04T14:33:53.977+0000] {logging_mixin.py:188} INFO - Downloaded reviews/date=2026-06-17/reviews_190242471252.parquet -> /tmp/minio_downloads/reviews_190242471252.parquet
[2026-07-04T14:33:54.004+0000] {logging_mixin.py:188} INFO - Downloaded reviews/date=2026-06-17/reviews_190242600215.parquet -> /tmp/minio_downloads/reviews_190242600215.parquet
[2026-07-04T14:33:54.031+0000] {logging_mixin.py:188} INFO - Downloaded reviews/date=2026-06-17/reviews_190242721364.parquet -> /tmp/minio_downloads/reviews_190242721364.parquet
[2026-07-04T14:33:54.059+0000] {logging_mixin.py:188} INFO - Downloaded reviews/date=2026-06-17/reviews_190242857178.parquet -> /tmp/minio_downloads/reviews_190242857178.parquet
[2026-07-04T14:33:54.086+0000] {logging_mixin.py:188} INFO - Downloaded reviews/date=2026-06-17/reviews_190243002167.parquet -> /tmp/minio_downloads/reviews_190243002167.parquet
[2026-07-04T14:33:54.111+0000] {logging_mixin.py:188} INFO - Downloaded reviews/date=2026-06-17/reviews_190243171794.parquet -> /tmp/minio_downloads/reviews_190243171794.parquet
[2026-07-04T14:33:54.135+0000] {logging_mixin.py:188} INFO - Downloaded reviews/date=2026-06-17/reviews_190243308460.parquet -> /tmp/minio_downloads/reviews_190243308460.parquet
[2026-07-04T14:33:54.161+0000] {logging_mixin.py:188} INFO - Downloaded reviews/date=2026-06-17/reviews_190243431944.parquet -> /tmp/minio_downloads/reviews_190243431944.parquet
[2026-07-04T14:33:54.187+0000] {logging_mixin.py:188} INFO - Downloaded reviews/date=2026-06-17/reviews_190243578641.parquet -> /tmp/minio_downloads/reviews_190243578641.parquet
[2026-07-04T14:33:54.210+0000] {logging_mixin.py:188} INFO - Downloaded reviews/date=2026-06-17/reviews_190243675414.parquet -> /tmp/minio_downloads/reviews_190243675414.parquet
[2026-07-04T14:33:54.235+0000] {logging_mixin.py:188} INFO - Downloaded reviews/date=2026-06-17/reviews_190243772839.parquet -> /tmp/minio_downloads/reviews_190243772839.parquet
[2026-07-04T14:33:54.259+0000] {logging_mixin.py:188} INFO - Downloaded reviews/date=2026-06-17/reviews_190243875775.parquet -> /tmp/minio_downloads/reviews_190243875775.parquet
[2026-07-04T14:33:54.283+0000] {logging_mixin.py:188} INFO - Downloaded reviews/date=2026-06-17/reviews_190243972042.parquet -> /tmp/minio_downloads/reviews_190243972042.parquet
[2026-07-04T14:33:54.308+0000] {logging_mixin.py:188} INFO - Downloaded reviews/date=2026-06-17/reviews_190244055958.parquet -> /tmp/minio_downloads/reviews_190244055958.parquet
[2026-07-04T14:33:54.332+0000] {logging_mixin.py:188} INFO - Downloaded reviews/date=2026-06-17/reviews_190244142145.parquet -> /tmp/minio_downloads/reviews_190244142145.parquet
[2026-07-04T14:33:54.356+0000] {logging_mixin.py:188} INFO - Downloaded reviews/date=2026-06-17/reviews_190244223233.parquet -> /tmp/minio_downloads/reviews_190244223233.parquet
[2026-07-04T14:33:54.383+0000] {logging_mixin.py:188} INFO - Downloaded reviews/date=2026-06-17/reviews_190244329441.parquet -> /tmp/minio_downloads/reviews_190244329441.parquet
[2026-07-04T14:33:54.407+0000] {logging_mixin.py:188} INFO - Downloaded reviews/date=2026-06-17/reviews_190244423170.parquet -> /tmp/minio_downloads/reviews_190244423170.parquet
[2026-07-04T14:33:54.433+0000] {logging_mixin.py:188} INFO - Downloaded reviews/date=2026-06-17/reviews_190244529337.parquet -> /tmp/minio_downloads/reviews_190244529337.parquet
[2026-07-04T14:33:54.459+0000] {logging_mixin.py:188} INFO - Downloaded reviews/date=2026-06-17/reviews_190244648784.parquet -> /tmp/minio_downloads/reviews_190244648784.parquet
[2026-07-04T14:33:54.485+0000] {logging_mixin.py:188} INFO - Downloaded reviews/date=2026-06-17/reviews_190244729526.parquet -> /tmp/minio_downloads/reviews_190244729526.parquet
[2026-07-04T14:33:54.511+0000] {logging_mixin.py:188} INFO - Downloaded reviews/date=2026-06-17/reviews_190244811592.parquet -> /tmp/minio_downloads/reviews_190244811592.parquet
[2026-07-04T14:33:54.538+0000] {logging_mixin.py:188} INFO - Downloaded reviews/date=2026-06-17/reviews_190244905960.parquet -> /tmp/minio_downloads/reviews_190244905960.parquet
[2026-07-04T14:33:54.567+0000] {logging_mixin.py:188} INFO - Downloaded reviews/date=2026-06-17/reviews_190244991976.parquet -> /tmp/minio_downloads/reviews_190244991976.parquet
[2026-07-04T14:33:54.592+0000] {logging_mixin.py:188} INFO - Downloaded reviews/date=2026-06-17/reviews_190245078753.parquet -> /tmp/minio_downloads/reviews_190245078753.parquet
[2026-07-04T14:33:54.621+0000] {logging_mixin.py:188} INFO - Downloaded reviews/date=2026-06-17/reviews_190245161338.parquet -> /tmp/minio_downloads/reviews_190245161338.parquet
[2026-07-04T14:33:54.652+0000] {logging_mixin.py:188} INFO - Downloaded reviews/date=2026-06-17/reviews_190245238144.parquet -> /tmp/minio_downloads/reviews_190245238144.parquet
[2026-07-04T14:33:54.685+0000] {logging_mixin.py:188} INFO - Downloaded reviews/date=2026-06-17/reviews_190245325734.parquet -> /tmp/minio_downloads/reviews_190245325734.parquet
[2026-07-04T14:33:54.714+0000] {logging_mixin.py:188} INFO - Downloaded reviews/date=2026-06-17/reviews_190245417958.parquet -> /tmp/minio_downloads/reviews_190245417958.parquet
[2026-07-04T14:33:54.740+0000] {logging_mixin.py:188} INFO - Downloaded reviews/date=2026-06-17/reviews_190245504410.parquet -> /tmp/minio_downloads/reviews_190245504410.parquet
[2026-07-04T14:33:54.767+0000] {logging_mixin.py:188} INFO - Downloaded reviews/date=2026-06-17/reviews_190245608751.parquet -> /tmp/minio_downloads/reviews_190245608751.parquet
[2026-07-04T14:33:54.793+0000] {logging_mixin.py:188} INFO - Downloaded reviews/date=2026-06-17/reviews_190245710998.parquet -> /tmp/minio_downloads/reviews_190245710998.parquet
[2026-07-04T14:33:54.818+0000] {logging_mixin.py:188} INFO - Downloaded reviews/date=2026-06-17/reviews_190245803911.parquet -> /tmp/minio_downloads/reviews_190245803911.parquet
[2026-07-04T14:33:54.845+0000] {logging_mixin.py:188} INFO - Downloaded reviews/date=2026-06-17/reviews_190245887674.parquet -> /tmp/minio_downloads/reviews_190245887674.parquet
[2026-07-04T14:33:54.872+0000] {logging_mixin.py:188} INFO - Downloaded reviews/date=2026-06-17/reviews_190245975609.parquet -> /tmp/minio_downloads/reviews_190245975609.parquet
[2026-07-04T14:33:54.897+0000] {logging_mixin.py:188} INFO - Downloaded reviews/date=2026-06-17/reviews_190246070721.parquet -> /tmp/minio_downloads/reviews_190246070721.parquet
[2026-07-04T14:33:54.925+0000] {logging_mixin.py:188} INFO - Downloaded reviews/date=2026-06-17/reviews_190246159359.parquet -> /tmp/minio_downloads/reviews_190246159359.parquet
[2026-07-04T14:33:54.953+0000] {logging_mixin.py:188} INFO - Downloaded reviews/date=2026-06-17/reviews_190246253168.parquet -> /tmp/minio_downloads/reviews_190246253168.parquet
[2026-07-04T14:33:54.981+0000] {logging_mixin.py:188} INFO - Downloaded reviews/date=2026-06-17/reviews_190246338128.parquet -> /tmp/minio_downloads/reviews_190246338128.parquet
[2026-07-04T14:33:55.008+0000] {logging_mixin.py:188} INFO - Downloaded reviews/date=2026-06-17/reviews_190246421987.parquet -> /tmp/minio_downloads/reviews_190246421987.parquet
[2026-07-04T14:33:55.035+0000] {logging_mixin.py:188} INFO - Downloaded reviews/date=2026-06-17/reviews_190246514368.parquet -> /tmp/minio_downloads/reviews_190246514368.parquet
[2026-07-04T14:33:55.061+0000] {logging_mixin.py:188} INFO - Downloaded reviews/date=2026-06-17/reviews_190246594502.parquet -> /tmp/minio_downloads/reviews_190246594502.parquet
[2026-07-04T14:33:55.088+0000] {logging_mixin.py:188} INFO - Downloaded reviews/date=2026-06-17/reviews_190246689355.parquet -> /tmp/minio_downloads/reviews_190246689355.parquet
[2026-07-04T14:33:55.120+0000] {logging_mixin.py:188} INFO - Downloaded reviews/date=2026-06-17/reviews_190246756677.parquet -> /tmp/minio_downloads/reviews_190246756677.parquet
[2026-07-04T14:33:55.147+0000] {logging_mixin.py:188} INFO - Downloaded reviews/date=2026-06-17/reviews_190246855150.parquet -> /tmp/minio_downloads/reviews_190246855150.parquet
[2026-07-04T14:33:55.176+0000] {logging_mixin.py:188} INFO - Downloaded reviews/date=2026-06-17/reviews_190246941857.parquet -> /tmp/minio_downloads/reviews_190246941857.parquet
[2026-07-04T14:33:55.203+0000] {logging_mixin.py:188} INFO - Downloaded reviews/date=2026-06-17/reviews_190247035954.parquet -> /tmp/minio_downloads/reviews_190247035954.parquet
[2026-07-04T14:33:55.232+0000] {logging_mixin.py:188} INFO - Downloaded reviews/date=2026-06-17/reviews_190247122968.parquet -> /tmp/minio_downloads/reviews_190247122968.parquet
[2026-07-04T14:33:55.266+0000] {logging_mixin.py:188} INFO - Downloaded reviews/date=2026-06-17/reviews_190247221265.parquet -> /tmp/minio_downloads/reviews_190247221265.parquet
[2026-07-04T14:33:55.299+0000] {logging_mixin.py:188} INFO - Downloaded reviews/date=2026-06-17/reviews_190247305255.parquet -> /tmp/minio_downloads/reviews_190247305255.parquet
[2026-07-04T14:33:55.336+0000] {logging_mixin.py:188} INFO - Downloaded reviews/date=2026-06-17/reviews_190247386552.parquet -> /tmp/minio_downloads/reviews_190247386552.parquet
[2026-07-04T14:33:55.367+0000] {logging_mixin.py:188} INFO - Downloaded reviews/date=2026-06-17/reviews_190247482946.parquet -> /tmp/minio_downloads/reviews_190247482946.parquet
[2026-07-04T14:33:55.399+0000] {logging_mixin.py:188} INFO - Downloaded reviews/date=2026-06-17/reviews_190247576581.parquet -> /tmp/minio_downloads/reviews_190247576581.parquet
[2026-07-04T14:33:55.431+0000] {logging_mixin.py:188} INFO - Downloaded reviews/date=2026-06-17/reviews_190247652744.parquet -> /tmp/minio_downloads/reviews_190247652744.parquet
[2026-07-04T14:33:55.460+0000] {logging_mixin.py:188} INFO - Downloaded reviews/date=2026-06-17/reviews_190247739288.parquet -> /tmp/minio_downloads/reviews_190247739288.parquet
[2026-07-04T14:33:55.489+0000] {logging_mixin.py:188} INFO - Downloaded reviews/date=2026-06-17/reviews_190247825515.parquet -> /tmp/minio_downloads/reviews_190247825515.parquet
[2026-07-04T14:33:55.516+0000] {logging_mixin.py:188} INFO - Downloaded reviews/date=2026-06-17/reviews_190247908307.parquet -> /tmp/minio_downloads/reviews_190247908307.parquet
[2026-07-04T14:33:55.550+0000] {logging_mixin.py:188} INFO - Downloaded reviews/date=2026-06-17/reviews_190247989174.parquet -> /tmp/minio_downloads/reviews_190247989174.parquet
[2026-07-04T14:33:55.581+0000] {logging_mixin.py:188} INFO - Downloaded reviews/date=2026-06-17/reviews_190248077026.parquet -> /tmp/minio_downloads/reviews_190248077026.parquet
[2026-07-04T14:33:55.610+0000] {logging_mixin.py:188} INFO - Downloaded reviews/date=2026-06-17/reviews_190248189206.parquet -> /tmp/minio_downloads/reviews_190248189206.parquet
[2026-07-04T14:33:55.639+0000] {logging_mixin.py:188} INFO - Downloaded reviews/date=2026-06-17/reviews_190248277102.parquet -> /tmp/minio_downloads/reviews_190248277102.parquet
[2026-07-04T14:33:55.671+0000] {logging_mixin.py:188} INFO - Downloaded reviews/date=2026-06-17/reviews_190248360510.parquet -> /tmp/minio_downloads/reviews_190248360510.parquet
[2026-07-04T14:33:55.710+0000] {logging_mixin.py:188} INFO - Downloaded reviews/date=2026-06-17/reviews_190248445973.parquet -> /tmp/minio_downloads/reviews_190248445973.parquet
[2026-07-04T14:33:55.744+0000] {logging_mixin.py:188} INFO - Downloaded reviews/date=2026-06-17/reviews_190248610432.parquet -> /tmp/minio_downloads/reviews_190248610432.parquet
[2026-07-04T14:33:55.777+0000] {logging_mixin.py:188} INFO - Downloaded reviews/date=2026-06-17/reviews_190248728880.parquet -> /tmp/minio_downloads/reviews_190248728880.parquet
[2026-07-04T14:33:55.810+0000] {logging_mixin.py:188} INFO - Downloaded reviews/date=2026-06-17/reviews_190248829652.parquet -> /tmp/minio_downloads/reviews_190248829652.parquet
[2026-07-04T14:33:55.842+0000] {logging_mixin.py:188} INFO - Downloaded reviews/date=2026-06-17/reviews_190248921691.parquet -> /tmp/minio_downloads/reviews_190248921691.parquet
[2026-07-04T14:33:55.876+0000] {logging_mixin.py:188} INFO - Downloaded reviews/date=2026-06-17/reviews_190249038616.parquet -> /tmp/minio_downloads/reviews_190249038616.parquet
[2026-07-04T14:33:55.909+0000] {logging_mixin.py:188} INFO - Downloaded reviews/date=2026-06-17/reviews_190249137278.parquet -> /tmp/minio_downloads/reviews_190249137278.parquet
[2026-07-04T14:33:55.943+0000] {logging_mixin.py:188} INFO - Downloaded reviews/date=2026-06-17/reviews_190249236453.parquet -> /tmp/minio_downloads/reviews_190249236453.parquet
[2026-07-04T14:33:55.978+0000] {logging_mixin.py:188} INFO - Downloaded reviews/date=2026-06-17/reviews_190249335757.parquet -> /tmp/minio_downloads/reviews_190249335757.parquet
[2026-07-04T14:33:56.008+0000] {logging_mixin.py:188} INFO - Downloaded reviews/date=2026-06-17/reviews_190249419221.parquet -> /tmp/minio_downloads/reviews_190249419221.parquet
[2026-07-04T14:33:56.039+0000] {logging_mixin.py:188} INFO - Downloaded reviews/date=2026-06-17/reviews_190249519178.parquet -> /tmp/minio_downloads/reviews_190249519178.parquet
[2026-07-04T14:33:56.070+0000] {logging_mixin.py:188} INFO - Downloaded reviews/date=2026-06-17/reviews_190249613349.parquet -> /tmp/minio_downloads/reviews_190249613349.parquet
[2026-07-04T14:33:56.099+0000] {logging_mixin.py:188} INFO - Downloaded reviews/date=2026-06-17/reviews_190249726978.parquet -> /tmp/minio_downloads/reviews_190249726978.parquet
[2026-07-04T14:33:56.131+0000] {logging_mixin.py:188} INFO - Downloaded reviews/date=2026-06-17/reviews_190249821544.parquet -> /tmp/minio_downloads/reviews_190249821544.parquet
[2026-07-04T14:33:56.162+0000] {logging_mixin.py:188} INFO - Downloaded reviews/date=2026-06-17/reviews_190249921644.parquet -> /tmp/minio_downloads/reviews_190249921644.parquet
[2026-07-04T14:33:56.192+0000] {logging_mixin.py:188} INFO - Downloaded reviews/date=2026-06-17/reviews_190250025193.parquet -> /tmp/minio_downloads/reviews_190250025193.parquet
[2026-07-04T14:33:56.222+0000] {logging_mixin.py:188} INFO - Downloaded reviews/date=2026-06-17/reviews_190250102629.parquet -> /tmp/minio_downloads/reviews_190250102629.parquet
[2026-07-04T14:33:56.252+0000] {logging_mixin.py:188} INFO - Downloaded reviews/date=2026-06-17/reviews_190250201781.parquet -> /tmp/minio_downloads/reviews_190250201781.parquet
[2026-07-04T14:33:56.285+0000] {logging_mixin.py:188} INFO - Downloaded reviews/date=2026-06-17/reviews_190250293951.parquet -> /tmp/minio_downloads/reviews_190250293951.parquet
[2026-07-04T14:33:56.317+0000] {logging_mixin.py:188} INFO - Downloaded reviews/date=2026-06-17/reviews_190250378965.parquet -> /tmp/minio_downloads/reviews_190250378965.parquet
[2026-07-04T14:33:56.346+0000] {logging_mixin.py:188} INFO - Downloaded reviews/date=2026-06-17/reviews_190250475090.parquet -> /tmp/minio_downloads/reviews_190250475090.parquet
[2026-07-04T14:33:56.375+0000] {logging_mixin.py:188} INFO - Downloaded reviews/date=2026-06-17/reviews_190250584333.parquet -> /tmp/minio_downloads/reviews_190250584333.parquet
[2026-07-04T14:33:56.406+0000] {logging_mixin.py:188} INFO - Downloaded reviews/date=2026-06-17/reviews_190250699353.parquet -> /tmp/minio_downloads/reviews_190250699353.parquet
[2026-07-04T14:33:56.436+0000] {logging_mixin.py:188} INFO - Downloaded reviews/date=2026-06-17/reviews_190250825497.parquet -> /tmp/minio_downloads/reviews_190250825497.parquet
[2026-07-04T14:33:56.475+0000] {logging_mixin.py:188} INFO - Downloaded reviews/date=2026-06-17/reviews_190250957899.parquet -> /tmp/minio_downloads/reviews_190250957899.parquet
[2026-07-04T14:33:56.510+0000] {logging_mixin.py:188} INFO - Downloaded reviews/date=2026-06-17/reviews_190251076497.parquet -> /tmp/minio_downloads/reviews_190251076497.parquet
[2026-07-04T14:33:56.548+0000] {logging_mixin.py:188} INFO - Downloaded reviews/date=2026-06-17/reviews_190251168422.parquet -> /tmp/minio_downloads/reviews_190251168422.parquet
[2026-07-04T14:33:56.583+0000] {logging_mixin.py:188} INFO - Downloaded reviews/date=2026-06-17/reviews_190251283099.parquet -> /tmp/minio_downloads/reviews_190251283099.parquet
[2026-07-04T14:33:56.623+0000] {logging_mixin.py:188} INFO - Downloaded reviews/date=2026-06-17/reviews_190251385156.parquet -> /tmp/minio_downloads/reviews_190251385156.parquet
[2026-07-04T14:33:56.661+0000] {logging_mixin.py:188} INFO - Downloaded reviews/date=2026-06-17/reviews_190251466721.parquet -> /tmp/minio_downloads/reviews_190251466721.parquet
[2026-07-04T14:33:56.698+0000] {logging_mixin.py:188} INFO - Downloaded reviews/date=2026-06-17/reviews_190251574629.parquet -> /tmp/minio_downloads/reviews_190251574629.parquet
[2026-07-04T14:33:56.747+0000] {logging_mixin.py:188} INFO - Downloaded reviews/date=2026-06-17/reviews_190251649951.parquet -> /tmp/minio_downloads/reviews_190251649951.parquet
[2026-07-04T14:33:56.798+0000] {logging_mixin.py:188} INFO - Downloaded reviews/date=2026-06-17/reviews_190251789113.parquet -> /tmp/minio_downloads/reviews_190251789113.parquet
[2026-07-04T14:33:56.856+0000] {logging_mixin.py:188} INFO - Downloaded reviews/date=2026-06-17/reviews_190251944261.parquet -> /tmp/minio_downloads/reviews_190251944261.parquet
[2026-07-04T14:33:56.899+0000] {logging_mixin.py:188} INFO - Downloaded reviews/date=2026-06-17/reviews_190252034431.parquet -> /tmp/minio_downloads/reviews_190252034431.parquet
[2026-07-04T14:33:56.945+0000] {logging_mixin.py:188} INFO - Downloaded reviews/date=2026-06-17/reviews_190252141883.parquet -> /tmp/minio_downloads/reviews_190252141883.parquet
[2026-07-04T14:33:56.988+0000] {logging_mixin.py:188} INFO - Downloaded reviews/date=2026-06-17/reviews_190252231977.parquet -> /tmp/minio_downloads/reviews_190252231977.parquet
[2026-07-04T14:33:57.025+0000] {logging_mixin.py:188} INFO - Downloaded reviews/date=2026-06-17/reviews_190252333864.parquet -> /tmp/minio_downloads/reviews_190252333864.parquet
[2026-07-04T14:33:57.058+0000] {logging_mixin.py:188} INFO - Downloaded reviews/date=2026-06-17/reviews_190252433244.parquet -> /tmp/minio_downloads/reviews_190252433244.parquet
[2026-07-04T14:33:57.089+0000] {logging_mixin.py:188} INFO - Downloaded reviews/date=2026-06-17/reviews_190252518858.parquet -> /tmp/minio_downloads/reviews_190252518858.parquet
[2026-07-04T14:33:57.120+0000] {logging_mixin.py:188} INFO - Downloaded reviews/date=2026-06-17/reviews_190252604785.parquet -> /tmp/minio_downloads/reviews_190252604785.parquet
[2026-07-04T14:33:57.149+0000] {logging_mixin.py:188} INFO - Downloaded reviews/date=2026-06-17/reviews_190252699752.parquet -> /tmp/minio_downloads/reviews_190252699752.parquet
[2026-07-04T14:33:57.182+0000] {logging_mixin.py:188} INFO - Downloaded reviews/date=2026-06-17/reviews_190252806438.parquet -> /tmp/minio_downloads/reviews_190252806438.parquet
[2026-07-04T14:33:57.213+0000] {logging_mixin.py:188} INFO - Downloaded reviews/date=2026-06-17/reviews_190252883196.parquet -> /tmp/minio_downloads/reviews_190252883196.parquet
[2026-07-04T14:33:57.246+0000] {logging_mixin.py:188} INFO - Downloaded reviews/date=2026-06-17/reviews_190252981824.parquet -> /tmp/minio_downloads/reviews_190252981824.parquet
[2026-07-04T14:33:57.277+0000] {logging_mixin.py:188} INFO - Downloaded reviews/date=2026-06-17/reviews_190253065072.parquet -> /tmp/minio_downloads/reviews_190253065072.parquet
[2026-07-04T14:33:57.306+0000] {logging_mixin.py:188} INFO - Downloaded reviews/date=2026-06-17/reviews_190253158814.parquet -> /tmp/minio_downloads/reviews_190253158814.parquet
[2026-07-04T14:33:57.333+0000] {logging_mixin.py:188} INFO - Downloaded reviews/date=2026-06-17/reviews_190253254710.parquet -> /tmp/minio_downloads/reviews_190253254710.parquet
[2026-07-04T14:33:57.363+0000] {logging_mixin.py:188} INFO - Downloaded reviews/date=2026-06-17/reviews_190253357372.parquet -> /tmp/minio_downloads/reviews_190253357372.parquet
[2026-07-04T14:33:57.391+0000] {logging_mixin.py:188} INFO - Downloaded reviews/date=2026-06-17/reviews_190253459233.parquet -> /tmp/minio_downloads/reviews_190253459233.parquet
[2026-07-04T14:33:57.423+0000] {logging_mixin.py:188} INFO - Downloaded reviews/date=2026-06-17/reviews_190253548354.parquet -> /tmp/minio_downloads/reviews_190253548354.parquet
[2026-07-04T14:33:57.457+0000] {logging_mixin.py:188} INFO - Downloaded reviews/date=2026-06-17/reviews_190253648593.parquet -> /tmp/minio_downloads/reviews_190253648593.parquet
[2026-07-04T14:33:57.490+0000] {logging_mixin.py:188} INFO - Downloaded reviews/date=2026-06-17/reviews_190253749791.parquet -> /tmp/minio_downloads/reviews_190253749791.parquet
[2026-07-04T14:33:57.526+0000] {logging_mixin.py:188} INFO - Downloaded reviews/date=2026-06-17/reviews_190253856173.parquet -> /tmp/minio_downloads/reviews_190253856173.parquet
[2026-07-04T14:33:57.564+0000] {logging_mixin.py:188} INFO - Downloaded reviews/date=2026-06-17/reviews_190254000728.parquet -> /tmp/minio_downloads/reviews_190254000728.parquet
[2026-07-04T14:33:57.597+0000] {logging_mixin.py:188} INFO - Downloaded reviews/date=2026-06-17/reviews_190255034786.parquet -> /tmp/minio_downloads/reviews_190255034786.parquet
[2026-07-04T14:33:57.628+0000] {logging_mixin.py:188} INFO - Downloaded reviews/date=2026-06-17/reviews_190255179939.parquet -> /tmp/minio_downloads/reviews_190255179939.parquet
[2026-07-04T14:33:57.658+0000] {logging_mixin.py:188} INFO - Downloaded reviews/date=2026-06-17/reviews_190255309717.parquet -> /tmp/minio_downloads/reviews_190255309717.parquet
[2026-07-04T14:33:57.690+0000] {logging_mixin.py:188} INFO - Downloaded reviews/date=2026-06-17/reviews_190255422011.parquet -> /tmp/minio_downloads/reviews_190255422011.parquet
[2026-07-04T14:33:57.723+0000] {logging_mixin.py:188} INFO - Downloaded reviews/date=2026-06-17/reviews_190255541013.parquet -> /tmp/minio_downloads/reviews_190255541013.parquet
[2026-07-04T14:33:57.760+0000] {logging_mixin.py:188} INFO - Downloaded reviews/date=2026-06-17/reviews_190255676909.parquet -> /tmp/minio_downloads/reviews_190255676909.parquet
[2026-07-04T14:33:57.795+0000] {logging_mixin.py:188} INFO - Downloaded reviews/date=2026-06-17/reviews_190255822934.parquet -> /tmp/minio_downloads/reviews_190255822934.parquet
[2026-07-04T14:33:57.831+0000] {logging_mixin.py:188} INFO - Downloaded reviews/date=2026-06-17/reviews_190255972454.parquet -> /tmp/minio_downloads/reviews_190255972454.parquet
[2026-07-04T14:33:57.862+0000] {logging_mixin.py:188} INFO - Downloaded reviews/date=2026-06-17/reviews_190256103252.parquet -> /tmp/minio_downloads/reviews_190256103252.parquet
[2026-07-04T14:33:57.895+0000] {logging_mixin.py:188} INFO - Downloaded reviews/date=2026-06-17/reviews_190256311243.parquet -> /tmp/minio_downloads/reviews_190256311243.parquet
[2026-07-04T14:33:57.927+0000] {logging_mixin.py:188} INFO - Downloaded reviews/date=2026-06-17/reviews_190256463480.parquet -> /tmp/minio_downloads/reviews_190256463480.parquet
[2026-07-04T14:33:57.957+0000] {logging_mixin.py:188} INFO - Downloaded reviews/date=2026-06-17/reviews_190256596330.parquet -> /tmp/minio_downloads/reviews_190256596330.parquet
[2026-07-04T14:33:57.987+0000] {logging_mixin.py:188} INFO - Downloaded reviews/date=2026-06-17/reviews_190256739544.parquet -> /tmp/minio_downloads/reviews_190256739544.parquet
[2026-07-04T14:33:58.018+0000] {logging_mixin.py:188} INFO - Downloaded reviews/date=2026-06-17/reviews_190256876646.parquet -> /tmp/minio_downloads/reviews_190256876646.parquet
[2026-07-04T14:33:58.052+0000] {logging_mixin.py:188} INFO - Downloaded reviews/date=2026-06-17/reviews_190257007762.parquet -> /tmp/minio_downloads/reviews_190257007762.parquet
[2026-07-04T14:33:58.088+0000] {logging_mixin.py:188} INFO - Downloaded reviews/date=2026-06-17/reviews_190257159816.parquet -> /tmp/minio_downloads/reviews_190257159816.parquet
[2026-07-04T14:33:58.131+0000] {logging_mixin.py:188} INFO - Downloaded reviews/date=2026-06-17/reviews_190257299098.parquet -> /tmp/minio_downloads/reviews_190257299098.parquet
[2026-07-04T14:33:58.172+0000] {logging_mixin.py:188} INFO - Downloaded reviews/date=2026-06-17/reviews_190257424387.parquet -> /tmp/minio_downloads/reviews_190257424387.parquet
[2026-07-04T14:33:58.206+0000] {logging_mixin.py:188} INFO - Downloaded reviews/date=2026-06-17/reviews_190257570011.parquet -> /tmp/minio_downloads/reviews_190257570011.parquet
[2026-07-04T14:33:58.246+0000] {logging_mixin.py:188} INFO - Downloaded reviews/date=2026-06-17/reviews_190257982921.parquet -> /tmp/minio_downloads/reviews_190257982921.parquet
[2026-07-04T14:33:58.281+0000] {logging_mixin.py:188} INFO - Downloaded reviews/date=2026-06-17/reviews_190258166540.parquet -> /tmp/minio_downloads/reviews_190258166540.parquet
[2026-07-04T14:33:58.318+0000] {logging_mixin.py:188} INFO - Downloaded reviews/date=2026-06-17/reviews_190258335331.parquet -> /tmp/minio_downloads/reviews_190258335331.parquet
[2026-07-04T14:33:58.354+0000] {logging_mixin.py:188} INFO - Downloaded reviews/date=2026-06-17/reviews_190258548545.parquet -> /tmp/minio_downloads/reviews_190258548545.parquet
[2026-07-04T14:33:58.388+0000] {logging_mixin.py:188} INFO - Downloaded reviews/date=2026-06-17/reviews_190258725046.parquet -> /tmp/minio_downloads/reviews_190258725046.parquet
[2026-07-04T14:33:58.424+0000] {logging_mixin.py:188} INFO - Downloaded reviews/date=2026-06-17/reviews_190258882253.parquet -> /tmp/minio_downloads/reviews_190258882253.parquet
[2026-07-04T14:33:58.458+0000] {logging_mixin.py:188} INFO - Downloaded reviews/date=2026-06-17/reviews_190259105526.parquet -> /tmp/minio_downloads/reviews_190259105526.parquet
[2026-07-04T14:33:58.493+0000] {logging_mixin.py:188} INFO - Downloaded reviews/date=2026-06-17/reviews_190259305658.parquet -> /tmp/minio_downloads/reviews_190259305658.parquet
[2026-07-04T14:33:58.525+0000] {logging_mixin.py:188} INFO - Downloaded reviews/date=2026-06-17/reviews_190259512460.parquet -> /tmp/minio_downloads/reviews_190259512460.parquet
[2026-07-04T14:33:58.563+0000] {logging_mixin.py:188} INFO - Downloaded reviews/date=2026-06-17/reviews_190259682785.parquet -> /tmp/minio_downloads/reviews_190259682785.parquet
[2026-07-04T14:33:58.614+0000] {logging_mixin.py:188} INFO - Downloaded reviews/date=2026-06-17/reviews_190259820756.parquet -> /tmp/minio_downloads/reviews_190259820756.parquet
[2026-07-04T14:33:58.644+0000] {logging_mixin.py:188} INFO - Downloaded reviews/date=2026-06-17/reviews_190259973248.parquet -> /tmp/minio_downloads/reviews_190259973248.parquet
[2026-07-04T14:33:58.675+0000] {logging_mixin.py:188} INFO - Downloaded reviews/date=2026-06-17/reviews_190300175984.parquet -> /tmp/minio_downloads/reviews_190300175984.parquet
[2026-07-04T14:33:58.704+0000] {logging_mixin.py:188} INFO - Downloaded reviews/date=2026-06-17/reviews_190300351869.parquet -> /tmp/minio_downloads/reviews_190300351869.parquet
[2026-07-04T14:33:58.740+0000] {logging_mixin.py:188} INFO - Downloaded reviews/date=2026-06-17/reviews_190300498113.parquet -> /tmp/minio_downloads/reviews_190300498113.parquet
[2026-07-04T14:33:58.769+0000] {logging_mixin.py:188} INFO - Downloaded reviews/date=2026-06-17/reviews_190300701824.parquet -> /tmp/minio_downloads/reviews_190300701824.parquet
[2026-07-04T14:33:58.800+0000] {logging_mixin.py:188} INFO - Downloaded reviews/date=2026-06-17/reviews_190300996326.parquet -> /tmp/minio_downloads/reviews_190300996326.parquet
[2026-07-04T14:33:58.832+0000] {logging_mixin.py:188} INFO - Downloaded reviews/date=2026-06-17/reviews_190301194846.parquet -> /tmp/minio_downloads/reviews_190301194846.parquet
[2026-07-04T14:33:58.870+0000] {logging_mixin.py:188} INFO - Downloaded reviews/date=2026-06-17/reviews_190301328624.parquet -> /tmp/minio_downloads/reviews_190301328624.parquet
[2026-07-04T14:33:58.907+0000] {logging_mixin.py:188} INFO - Downloaded reviews/date=2026-06-17/reviews_190301495487.parquet -> /tmp/minio_downloads/reviews_190301495487.parquet
[2026-07-04T14:33:58.945+0000] {logging_mixin.py:188} INFO - Downloaded reviews/date=2026-06-17/reviews_190301640228.parquet -> /tmp/minio_downloads/reviews_190301640228.parquet
[2026-07-04T14:33:58.993+0000] {logging_mixin.py:188} INFO - Downloaded reviews/date=2026-06-17/reviews_190301777657.parquet -> /tmp/minio_downloads/reviews_190301777657.parquet
[2026-07-04T14:33:59.043+0000] {logging_mixin.py:188} INFO - Downloaded reviews/date=2026-06-17/reviews_190301916013.parquet -> /tmp/minio_downloads/reviews_190301916013.parquet
[2026-07-04T14:33:59.087+0000] {logging_mixin.py:188} INFO - Downloaded reviews/date=2026-06-17/reviews_190302102014.parquet -> /tmp/minio_downloads/reviews_190302102014.parquet
[2026-07-04T14:33:59.121+0000] {logging_mixin.py:188} INFO - Downloaded reviews/date=2026-06-17/reviews_190302295049.parquet -> /tmp/minio_downloads/reviews_190302295049.parquet
[2026-07-04T14:33:59.155+0000] {logging_mixin.py:188} INFO - Downloaded reviews/date=2026-06-17/reviews_190302502154.parquet -> /tmp/minio_downloads/reviews_190302502154.parquet
[2026-07-04T14:33:59.185+0000] {logging_mixin.py:188} INFO - Downloaded reviews/date=2026-06-17/reviews_190302681349.parquet -> /tmp/minio_downloads/reviews_190302681349.parquet
[2026-07-04T14:33:59.216+0000] {logging_mixin.py:188} INFO - Downloaded reviews/date=2026-06-17/reviews_190302821466.parquet -> /tmp/minio_downloads/reviews_190302821466.parquet
[2026-07-04T14:33:59.246+0000] {logging_mixin.py:188} INFO - Downloaded reviews/date=2026-06-17/reviews_190302957360.parquet -> /tmp/minio_downloads/reviews_190302957360.parquet
[2026-07-04T14:33:59.276+0000] {logging_mixin.py:188} INFO - Downloaded reviews/date=2026-06-17/reviews_190303051597.parquet -> /tmp/minio_downloads/reviews_190303051597.parquet
[2026-07-04T14:33:59.306+0000] {logging_mixin.py:188} INFO - Downloaded reviews/date=2026-06-17/reviews_190303265828.parquet -> /tmp/minio_downloads/reviews_190303265828.parquet
[2026-07-04T14:33:59.340+0000] {logging_mixin.py:188} INFO - Downloaded reviews/date=2026-06-17/reviews_190303547104.parquet -> /tmp/minio_downloads/reviews_190303547104.parquet
[2026-07-04T14:33:59.373+0000] {logging_mixin.py:188} INFO - Downloaded reviews/date=2026-06-17/reviews_190303689879.parquet -> /tmp/minio_downloads/reviews_190303689879.parquet
[2026-07-04T14:33:59.407+0000] {logging_mixin.py:188} INFO - Downloaded reviews/date=2026-06-17/reviews_190303817595.parquet -> /tmp/minio_downloads/reviews_190303817595.parquet
[2026-07-04T14:33:59.441+0000] {logging_mixin.py:188} INFO - Downloaded reviews/date=2026-06-17/reviews_190303934323.parquet -> /tmp/minio_downloads/reviews_190303934323.parquet
[2026-07-04T14:33:59.477+0000] {logging_mixin.py:188} INFO - Downloaded reviews/date=2026-06-17/reviews_190304042560.parquet -> /tmp/minio_downloads/reviews_190304042560.parquet
[2026-07-04T14:33:59.512+0000] {logging_mixin.py:188} INFO - Downloaded reviews/date=2026-06-17/reviews_190304283644.parquet -> /tmp/minio_downloads/reviews_190304283644.parquet
[2026-07-04T14:33:59.548+0000] {logging_mixin.py:188} INFO - Downloaded reviews/date=2026-06-17/reviews_190304427158.parquet -> /tmp/minio_downloads/reviews_190304427158.parquet
[2026-07-04T14:33:59.581+0000] {logging_mixin.py:188} INFO - Downloaded reviews/date=2026-06-17/reviews_190304579209.parquet -> /tmp/minio_downloads/reviews_190304579209.parquet
[2026-07-04T14:33:59.609+0000] {logging_mixin.py:188} INFO - Downloaded reviews/date=2026-06-17/reviews_190304737777.parquet -> /tmp/minio_downloads/reviews_190304737777.parquet
[2026-07-04T14:33:59.643+0000] {logging_mixin.py:188} INFO - Downloaded reviews/date=2026-06-17/reviews_190304891261.parquet -> /tmp/minio_downloads/reviews_190304891261.parquet
[2026-07-04T14:33:59.674+0000] {logging_mixin.py:188} INFO - Downloaded reviews/date=2026-06-17/reviews_190305027621.parquet -> /tmp/minio_downloads/reviews_190305027621.parquet
[2026-07-04T14:33:59.709+0000] {logging_mixin.py:188} INFO - Downloaded reviews/date=2026-06-17/reviews_190649407817.parquet -> /tmp/minio_downloads/reviews_190649407817.parquet
[2026-07-04T14:33:59.744+0000] {logging_mixin.py:188} INFO - Downloaded reviews/date=2026-06-17/reviews_190649491127.parquet -> /tmp/minio_downloads/reviews_190649491127.parquet
[2026-07-04T14:33:59.792+0000] {logging_mixin.py:188} INFO - Downloaded reviews/date=2026-06-17/reviews_190649582601.parquet -> /tmp/minio_downloads/reviews_190649582601.parquet
[2026-07-04T14:33:59.826+0000] {logging_mixin.py:188} INFO - Downloaded reviews/date=2026-06-17/reviews_190649654465.parquet -> /tmp/minio_downloads/reviews_190649654465.parquet
[2026-07-04T14:33:59.861+0000] {logging_mixin.py:188} INFO - Downloaded reviews/date=2026-06-17/reviews_190649764899.parquet -> /tmp/minio_downloads/reviews_190649764899.parquet
[2026-07-04T14:33:59.897+0000] {logging_mixin.py:188} INFO - Downloaded reviews/date=2026-06-17/reviews_190649845493.parquet -> /tmp/minio_downloads/reviews_190649845493.parquet
[2026-07-04T14:33:59.932+0000] {logging_mixin.py:188} INFO - Downloaded reviews/date=2026-06-17/reviews_190649921712.parquet -> /tmp/minio_downloads/reviews_190649921712.parquet
[2026-07-04T14:33:59.970+0000] {logging_mixin.py:188} INFO - Downloaded reviews/date=2026-06-17/reviews_190649999361.parquet -> /tmp/minio_downloads/reviews_190649999361.parquet
[2026-07-04T14:34:00.003+0000] {logging_mixin.py:188} INFO - Downloaded reviews/date=2026-06-17/reviews_190650105234.parquet -> /tmp/minio_downloads/reviews_190650105234.parquet
[2026-07-04T14:34:00.037+0000] {logging_mixin.py:188} INFO - Downloaded reviews/date=2026-06-17/reviews_190650224290.parquet -> /tmp/minio_downloads/reviews_190650224290.parquet
[2026-07-04T14:34:00.071+0000] {logging_mixin.py:188} INFO - Downloaded reviews/date=2026-06-17/reviews_190650342265.parquet -> /tmp/minio_downloads/reviews_190650342265.parquet
[2026-07-04T14:34:00.103+0000] {logging_mixin.py:188} INFO - Downloaded reviews/date=2026-06-17/reviews_190650447487.parquet -> /tmp/minio_downloads/reviews_190650447487.parquet
[2026-07-04T14:34:00.137+0000] {logging_mixin.py:188} INFO - Downloaded reviews/date=2026-06-17/reviews_190650610075.parquet -> /tmp/minio_downloads/reviews_190650610075.parquet
[2026-07-04T14:34:00.169+0000] {logging_mixin.py:188} INFO - Downloaded reviews/date=2026-06-17/reviews_190650735444.parquet -> /tmp/minio_downloads/reviews_190650735444.parquet
[2026-07-04T14:34:00.199+0000] {logging_mixin.py:188} INFO - Downloaded reviews/date=2026-06-17/reviews_190650844447.parquet -> /tmp/minio_downloads/reviews_190650844447.parquet
[2026-07-04T14:34:00.228+0000] {logging_mixin.py:188} INFO - Downloaded reviews/date=2026-06-17/reviews_190650944353.parquet -> /tmp/minio_downloads/reviews_190650944353.parquet
[2026-07-04T14:34:00.256+0000] {logging_mixin.py:188} INFO - Downloaded reviews/date=2026-06-17/reviews_190651061813.parquet -> /tmp/minio_downloads/reviews_190651061813.parquet
[2026-07-04T14:34:00.285+0000] {logging_mixin.py:188} INFO - Downloaded reviews/date=2026-06-17/reviews_190651172050.parquet -> /tmp/minio_downloads/reviews_190651172050.parquet
[2026-07-04T14:34:00.313+0000] {logging_mixin.py:188} INFO - Downloaded reviews/date=2026-06-17/reviews_190651326898.parquet -> /tmp/minio_downloads/reviews_190651326898.parquet
[2026-07-04T14:34:00.343+0000] {logging_mixin.py:188} INFO - Downloaded reviews/date=2026-06-17/reviews_190651452020.parquet -> /tmp/minio_downloads/reviews_190651452020.parquet
[2026-07-04T14:34:00.372+0000] {logging_mixin.py:188} INFO - Downloaded reviews/date=2026-06-17/reviews_190651615580.parquet -> /tmp/minio_downloads/reviews_190651615580.parquet
[2026-07-04T14:34:00.398+0000] {logging_mixin.py:188} INFO - Downloaded reviews/date=2026-06-17/reviews_190651739809.parquet -> /tmp/minio_downloads/reviews_190651739809.parquet
[2026-07-04T14:34:00.427+0000] {logging_mixin.py:188} INFO - Downloaded reviews/date=2026-06-17/reviews_190651932173.parquet -> /tmp/minio_downloads/reviews_190651932173.parquet
[2026-07-04T14:34:00.452+0000] {logging_mixin.py:188} INFO - Downloaded reviews/date=2026-06-17/reviews_190652095675.parquet -> /tmp/minio_downloads/reviews_190652095675.parquet
[2026-07-04T14:34:00.478+0000] {logging_mixin.py:188} INFO - Downloaded reviews/date=2026-06-17/reviews_190652248604.parquet -> /tmp/minio_downloads/reviews_190652248604.parquet
[2026-07-04T14:34:00.505+0000] {logging_mixin.py:188} INFO - Downloaded reviews/date=2026-06-17/reviews_190652376018.parquet -> /tmp/minio_downloads/reviews_190652376018.parquet
[2026-07-04T14:34:00.531+0000] {logging_mixin.py:188} INFO - Downloaded reviews/date=2026-06-17/reviews_190652541425.parquet -> /tmp/minio_downloads/reviews_190652541425.parquet
[2026-07-04T14:34:00.558+0000] {logging_mixin.py:188} INFO - Downloaded reviews/date=2026-06-17/reviews_190652739671.parquet -> /tmp/minio_downloads/reviews_190652739671.parquet
[2026-07-04T14:34:00.588+0000] {logging_mixin.py:188} INFO - Downloaded reviews/date=2026-06-17/reviews_190652899743.parquet -> /tmp/minio_downloads/reviews_190652899743.parquet
[2026-07-04T14:34:00.615+0000] {logging_mixin.py:188} INFO - Downloaded reviews/date=2026-06-17/reviews_190653041255.parquet -> /tmp/minio_downloads/reviews_190653041255.parquet
[2026-07-04T14:34:00.643+0000] {logging_mixin.py:188} INFO - Downloaded reviews/date=2026-06-17/reviews_190653219518.parquet -> /tmp/minio_downloads/reviews_190653219518.parquet
[2026-07-04T14:34:00.670+0000] {logging_mixin.py:188} INFO - Downloaded reviews/date=2026-06-17/reviews_190653400372.parquet -> /tmp/minio_downloads/reviews_190653400372.parquet
[2026-07-04T14:34:00.698+0000] {logging_mixin.py:188} INFO - Downloaded reviews/date=2026-06-17/reviews_190653548843.parquet -> /tmp/minio_downloads/reviews_190653548843.parquet
[2026-07-04T14:34:00.727+0000] {logging_mixin.py:188} INFO - Downloaded reviews/date=2026-06-17/reviews_190653720370.parquet -> /tmp/minio_downloads/reviews_190653720370.parquet
[2026-07-04T14:34:00.756+0000] {logging_mixin.py:188} INFO - Downloaded reviews/date=2026-06-17/reviews_190653871849.parquet -> /tmp/minio_downloads/reviews_190653871849.parquet
[2026-07-04T14:34:00.785+0000] {logging_mixin.py:188} INFO - Downloaded reviews/date=2026-06-17/reviews_190654030137.parquet -> /tmp/minio_downloads/reviews_190654030137.parquet
[2026-07-04T14:34:00.818+0000] {logging_mixin.py:188} INFO - Downloaded reviews/date=2026-06-17/reviews_190654250071.parquet -> /tmp/minio_downloads/reviews_190654250071.parquet
[2026-07-04T14:34:00.849+0000] {logging_mixin.py:188} INFO - Downloaded reviews/date=2026-06-17/reviews_190654465997.parquet -> /tmp/minio_downloads/reviews_190654465997.parquet
[2026-07-04T14:34:00.877+0000] {logging_mixin.py:188} INFO - Downloaded reviews/date=2026-06-17/reviews_190654617136.parquet -> /tmp/minio_downloads/reviews_190654617136.parquet
[2026-07-04T14:34:00.905+0000] {logging_mixin.py:188} INFO - Downloaded reviews/date=2026-06-17/reviews_190654799345.parquet -> /tmp/minio_downloads/reviews_190654799345.parquet
[2026-07-04T14:34:00.932+0000] {logging_mixin.py:188} INFO - Downloaded reviews/date=2026-06-17/reviews_190654991524.parquet -> /tmp/minio_downloads/reviews_190654991524.parquet
[2026-07-04T14:34:00.962+0000] {logging_mixin.py:188} INFO - Downloaded reviews/date=2026-06-17/reviews_190655181244.parquet -> /tmp/minio_downloads/reviews_190655181244.parquet
[2026-07-04T14:34:00.990+0000] {logging_mixin.py:188} INFO - Downloaded reviews/date=2026-06-17/reviews_190655484705.parquet -> /tmp/minio_downloads/reviews_190655484705.parquet
[2026-07-04T14:34:01.021+0000] {logging_mixin.py:188} INFO - Downloaded reviews/date=2026-06-17/reviews_190655878896.parquet -> /tmp/minio_downloads/reviews_190655878896.parquet
[2026-07-04T14:34:01.061+0000] {logging_mixin.py:188} INFO - Downloaded reviews/date=2026-06-17/reviews_190656128197.parquet -> /tmp/minio_downloads/reviews_190656128197.parquet
[2026-07-04T14:34:01.093+0000] {logging_mixin.py:188} INFO - Downloaded reviews/date=2026-06-17/reviews_190656344699.parquet -> /tmp/minio_downloads/reviews_190656344699.parquet
[2026-07-04T14:34:01.126+0000] {logging_mixin.py:188} INFO - Downloaded reviews/date=2026-06-17/reviews_190656543482.parquet -> /tmp/minio_downloads/reviews_190656543482.parquet
[2026-07-04T14:34:01.159+0000] {logging_mixin.py:188} INFO - Downloaded reviews/date=2026-06-17/reviews_190656772621.parquet -> /tmp/minio_downloads/reviews_190656772621.parquet
[2026-07-04T14:34:01.194+0000] {logging_mixin.py:188} INFO - Downloaded reviews/date=2026-06-17/reviews_190657026853.parquet -> /tmp/minio_downloads/reviews_190657026853.parquet
[2026-07-04T14:34:01.231+0000] {logging_mixin.py:188} INFO - Downloaded reviews/date=2026-06-17/reviews_190657210315.parquet -> /tmp/minio_downloads/reviews_190657210315.parquet
[2026-07-04T14:34:01.275+0000] {logging_mixin.py:188} INFO - Downloaded reviews/date=2026-06-17/reviews_190657467007.parquet -> /tmp/minio_downloads/reviews_190657467007.parquet
[2026-07-04T14:34:01.314+0000] {logging_mixin.py:188} INFO - Downloaded reviews/date=2026-06-17/reviews_190657659699.parquet -> /tmp/minio_downloads/reviews_190657659699.parquet
[2026-07-04T14:34:01.357+0000] {logging_mixin.py:188} INFO - Downloaded reviews/date=2026-06-17/reviews_190657926892.parquet -> /tmp/minio_downloads/reviews_190657926892.parquet
[2026-07-04T14:34:01.393+0000] {logging_mixin.py:188} INFO - Downloaded reviews/date=2026-06-17/reviews_190658186229.parquet -> /tmp/minio_downloads/reviews_190658186229.parquet
[2026-07-04T14:34:01.428+0000] {logging_mixin.py:188} INFO - Downloaded reviews/date=2026-06-17/reviews_190658379491.parquet -> /tmp/minio_downloads/reviews_190658379491.parquet
[2026-07-04T14:34:01.462+0000] {logging_mixin.py:188} INFO - Downloaded reviews/date=2026-06-17/reviews_190658605403.parquet -> /tmp/minio_downloads/reviews_190658605403.parquet
[2026-07-04T14:34:01.497+0000] {logging_mixin.py:188} INFO - Downloaded reviews/date=2026-06-17/reviews_190658841296.parquet -> /tmp/minio_downloads/reviews_190658841296.parquet
[2026-07-04T14:34:01.533+0000] {logging_mixin.py:188} INFO - Downloaded reviews/date=2026-06-17/reviews_190659036757.parquet -> /tmp/minio_downloads/reviews_190659036757.parquet
[2026-07-04T14:34:01.565+0000] {logging_mixin.py:188} INFO - Downloaded reviews/date=2026-06-17/reviews_190659231028.parquet -> /tmp/minio_downloads/reviews_190659231028.parquet
[2026-07-04T14:34:01.600+0000] {logging_mixin.py:188} INFO - Downloaded reviews/date=2026-06-17/reviews_190659387072.parquet -> /tmp/minio_downloads/reviews_190659387072.parquet
[2026-07-04T14:34:01.632+0000] {logging_mixin.py:188} INFO - Downloaded reviews/date=2026-06-17/reviews_190659520692.parquet -> /tmp/minio_downloads/reviews_190659520692.parquet
[2026-07-04T14:34:01.665+0000] {logging_mixin.py:188} INFO - Downloaded reviews/date=2026-06-17/reviews_190659724364.parquet -> /tmp/minio_downloads/reviews_190659724364.parquet
[2026-07-04T14:34:01.699+0000] {logging_mixin.py:188} INFO - Downloaded reviews/date=2026-06-17/reviews_190659890640.parquet -> /tmp/minio_downloads/reviews_190659890640.parquet
[2026-07-04T14:34:01.734+0000] {logging_mixin.py:188} INFO - Downloaded reviews/date=2026-06-17/reviews_190700024217.parquet -> /tmp/minio_downloads/reviews_190700024217.parquet
[2026-07-04T14:34:01.769+0000] {logging_mixin.py:188} INFO - Downloaded reviews/date=2026-06-17/reviews_190700190620.parquet -> /tmp/minio_downloads/reviews_190700190620.parquet
[2026-07-04T14:34:01.814+0000] {logging_mixin.py:188} INFO - Downloaded reviews/date=2026-06-17/reviews_190700339268.parquet -> /tmp/minio_downloads/reviews_190700339268.parquet
[2026-07-04T14:34:01.856+0000] {logging_mixin.py:188} INFO - Downloaded reviews/date=2026-06-17/reviews_190700536346.parquet -> /tmp/minio_downloads/reviews_190700536346.parquet
[2026-07-04T14:34:01.899+0000] {logging_mixin.py:188} INFO - Downloaded reviews/date=2026-06-17/reviews_190700715827.parquet -> /tmp/minio_downloads/reviews_190700715827.parquet
[2026-07-04T14:34:01.942+0000] {logging_mixin.py:188} INFO - Downloaded reviews/date=2026-06-17/reviews_190700855476.parquet -> /tmp/minio_downloads/reviews_190700855476.parquet
[2026-07-04T14:34:01.989+0000] {logging_mixin.py:188} INFO - Downloaded reviews/date=2026-06-17/reviews_190700996063.parquet -> /tmp/minio_downloads/reviews_190700996063.parquet
[2026-07-04T14:34:02.035+0000] {logging_mixin.py:188} INFO - Downloaded reviews/date=2026-06-17/reviews_190701191189.parquet -> /tmp/minio_downloads/reviews_190701191189.parquet
[2026-07-04T14:34:02.081+0000] {logging_mixin.py:188} INFO - Downloaded reviews/date=2026-06-17/reviews_190701358155.parquet -> /tmp/minio_downloads/reviews_190701358155.parquet
[2026-07-04T14:34:02.133+0000] {logging_mixin.py:188} INFO - Downloaded reviews/date=2026-06-17/reviews_190701530615.parquet -> /tmp/minio_downloads/reviews_190701530615.parquet
[2026-07-04T14:34:02.175+0000] {logging_mixin.py:188} INFO - Downloaded reviews/date=2026-06-17/reviews_190701692229.parquet -> /tmp/minio_downloads/reviews_190701692229.parquet
[2026-07-04T14:34:02.235+0000] {logging_mixin.py:188} INFO - Downloaded reviews/date=2026-06-17/reviews_190701841780.parquet -> /tmp/minio_downloads/reviews_190701841780.parquet
[2026-07-04T14:34:02.283+0000] {logging_mixin.py:188} INFO - Downloaded reviews/date=2026-06-17/reviews_190702017654.parquet -> /tmp/minio_downloads/reviews_190702017654.parquet
[2026-07-04T14:34:02.330+0000] {logging_mixin.py:188} INFO - Downloaded reviews/date=2026-06-17/reviews_190702273127.parquet -> /tmp/minio_downloads/reviews_190702273127.parquet
[2026-07-04T14:34:02.394+0000] {logging_mixin.py:188} INFO - Downloaded reviews/date=2026-06-17/reviews_190702664806.parquet -> /tmp/minio_downloads/reviews_190702664806.parquet
[2026-07-04T14:34:02.455+0000] {logging_mixin.py:188} INFO - Downloaded reviews/date=2026-06-17/reviews_190702991691.parquet -> /tmp/minio_downloads/reviews_190702991691.parquet
[2026-07-04T14:34:02.512+0000] {logging_mixin.py:188} INFO - Downloaded reviews/date=2026-06-17/reviews_190703194768.parquet -> /tmp/minio_downloads/reviews_190703194768.parquet
[2026-07-04T14:34:02.555+0000] {logging_mixin.py:188} INFO - Downloaded reviews/date=2026-06-17/reviews_190703438997.parquet -> /tmp/minio_downloads/reviews_190703438997.parquet
[2026-07-04T14:34:02.593+0000] {logging_mixin.py:188} INFO - Downloaded reviews/date=2026-06-17/reviews_190703662748.parquet -> /tmp/minio_downloads/reviews_190703662748.parquet
[2026-07-04T14:34:02.630+0000] {logging_mixin.py:188} INFO - Downloaded reviews/date=2026-06-17/reviews_190703898061.parquet -> /tmp/minio_downloads/reviews_190703898061.parquet
[2026-07-04T14:34:02.668+0000] {logging_mixin.py:188} INFO - Downloaded reviews/date=2026-06-17/reviews_190704087222.parquet -> /tmp/minio_downloads/reviews_190704087222.parquet
[2026-07-04T14:34:02.711+0000] {logging_mixin.py:188} INFO - Downloaded reviews/date=2026-06-17/reviews_190704320540.parquet -> /tmp/minio_downloads/reviews_190704320540.parquet
[2026-07-04T14:34:02.766+0000] {logging_mixin.py:188} INFO - Downloaded reviews/date=2026-06-17/reviews_190704522604.parquet -> /tmp/minio_downloads/reviews_190704522604.parquet
[2026-07-04T14:34:02.828+0000] {logging_mixin.py:188} INFO - Downloaded reviews/date=2026-06-17/reviews_190704746410.parquet -> /tmp/minio_downloads/reviews_190704746410.parquet
[2026-07-04T14:34:02.880+0000] {logging_mixin.py:188} INFO - Downloaded reviews/date=2026-06-17/reviews_190704904776.parquet -> /tmp/minio_downloads/reviews_190704904776.parquet
[2026-07-04T14:34:02.920+0000] {logging_mixin.py:188} INFO - Downloaded reviews/date=2026-06-17/reviews_190705127449.parquet -> /tmp/minio_downloads/reviews_190705127449.parquet
[2026-07-04T14:34:02.977+0000] {logging_mixin.py:188} INFO - Downloaded reviews/date=2026-06-17/reviews_190705276673.parquet -> /tmp/minio_downloads/reviews_190705276673.parquet
[2026-07-04T14:34:03.035+0000] {logging_mixin.py:188} INFO - Downloaded reviews/date=2026-06-17/reviews_190705495176.parquet -> /tmp/minio_downloads/reviews_190705495176.parquet
[2026-07-04T14:34:03.093+0000] {logging_mixin.py:188} INFO - Downloaded reviews/date=2026-06-17/reviews_190705652031.parquet -> /tmp/minio_downloads/reviews_190705652031.parquet
[2026-07-04T14:34:03.138+0000] {logging_mixin.py:188} INFO - Downloaded reviews/date=2026-06-17/reviews_190705865499.parquet -> /tmp/minio_downloads/reviews_190705865499.parquet
[2026-07-04T14:34:03.171+0000] {logging_mixin.py:188} INFO - Downloaded reviews/date=2026-06-17/reviews_190706070139.parquet -> /tmp/minio_downloads/reviews_190706070139.parquet
[2026-07-04T14:34:03.204+0000] {logging_mixin.py:188} INFO - Downloaded reviews/date=2026-06-17/reviews_190706269478.parquet -> /tmp/minio_downloads/reviews_190706269478.parquet
[2026-07-04T14:34:03.236+0000] {logging_mixin.py:188} INFO - Downloaded reviews/date=2026-06-17/reviews_190706445364.parquet -> /tmp/minio_downloads/reviews_190706445364.parquet
[2026-07-04T14:34:03.269+0000] {logging_mixin.py:188} INFO - Downloaded reviews/date=2026-06-17/reviews_190706607100.parquet -> /tmp/minio_downloads/reviews_190706607100.parquet
[2026-07-04T14:34:03.299+0000] {logging_mixin.py:188} INFO - Downloaded reviews/date=2026-06-17/reviews_190706752972.parquet -> /tmp/minio_downloads/reviews_190706752972.parquet
[2026-07-04T14:34:03.330+0000] {logging_mixin.py:188} INFO - Downloaded reviews/date=2026-06-17/reviews_190706891763.parquet -> /tmp/minio_downloads/reviews_190706891763.parquet
[2026-07-04T14:34:03.364+0000] {logging_mixin.py:188} INFO - Downloaded reviews/date=2026-06-17/reviews_190707039096.parquet -> /tmp/minio_downloads/reviews_190707039096.parquet
[2026-07-04T14:34:03.396+0000] {logging_mixin.py:188} INFO - Downloaded reviews/date=2026-06-17/reviews_190707259195.parquet -> /tmp/minio_downloads/reviews_190707259195.parquet
[2026-07-04T14:34:03.431+0000] {logging_mixin.py:188} INFO - Downloaded reviews/date=2026-06-17/reviews_190707431749.parquet -> /tmp/minio_downloads/reviews_190707431749.parquet
[2026-07-04T14:34:03.465+0000] {logging_mixin.py:188} INFO - Downloaded reviews/date=2026-06-17/reviews_190707624193.parquet -> /tmp/minio_downloads/reviews_190707624193.parquet
[2026-07-04T14:34:03.500+0000] {logging_mixin.py:188} INFO - Downloaded reviews/date=2026-06-17/reviews_190707820355.parquet -> /tmp/minio_downloads/reviews_190707820355.parquet
[2026-07-04T14:34:03.531+0000] {logging_mixin.py:188} INFO - Downloaded reviews/date=2026-06-17/reviews_190707981094.parquet -> /tmp/minio_downloads/reviews_190707981094.parquet
[2026-07-04T14:34:03.563+0000] {logging_mixin.py:188} INFO - Downloaded reviews/date=2026-06-17/reviews_190708135780.parquet -> /tmp/minio_downloads/reviews_190708135780.parquet
[2026-07-04T14:34:03.594+0000] {logging_mixin.py:188} INFO - Downloaded reviews/date=2026-06-17/reviews_190708321718.parquet -> /tmp/minio_downloads/reviews_190708321718.parquet
[2026-07-04T14:34:03.622+0000] {logging_mixin.py:188} INFO - Downloaded reviews/date=2026-06-17/reviews_190708529325.parquet -> /tmp/minio_downloads/reviews_190708529325.parquet
[2026-07-04T14:34:03.652+0000] {logging_mixin.py:188} INFO - Downloaded reviews/date=2026-06-17/reviews_190708693798.parquet -> /tmp/minio_downloads/reviews_190708693798.parquet
[2026-07-04T14:34:03.681+0000] {logging_mixin.py:188} INFO - Downloaded reviews/date=2026-06-17/reviews_190708817506.parquet -> /tmp/minio_downloads/reviews_190708817506.parquet
[2026-07-04T14:34:03.708+0000] {logging_mixin.py:188} INFO - Downloaded reviews/date=2026-06-17/reviews_190708964933.parquet -> /tmp/minio_downloads/reviews_190708964933.parquet
[2026-07-04T14:34:03.738+0000] {logging_mixin.py:188} INFO - Downloaded reviews/date=2026-06-17/reviews_190709193563.parquet -> /tmp/minio_downloads/reviews_190709193563.parquet
[2026-07-04T14:34:03.768+0000] {logging_mixin.py:188} INFO - Downloaded reviews/date=2026-06-17/reviews_190709335581.parquet -> /tmp/minio_downloads/reviews_190709335581.parquet
[2026-07-04T14:34:03.800+0000] {logging_mixin.py:188} INFO - Downloaded reviews/date=2026-06-17/reviews_190709453567.parquet -> /tmp/minio_downloads/reviews_190709453567.parquet
[2026-07-04T14:34:03.833+0000] {logging_mixin.py:188} INFO - Downloaded reviews/date=2026-06-17/reviews_190709571176.parquet -> /tmp/minio_downloads/reviews_190709571176.parquet
[2026-07-04T14:34:03.862+0000] {logging_mixin.py:188} INFO - Downloaded reviews/date=2026-06-17/reviews_190709709868.parquet -> /tmp/minio_downloads/reviews_190709709868.parquet
[2026-07-04T14:34:03.890+0000] {logging_mixin.py:188} INFO - Downloaded reviews/date=2026-06-17/reviews_190709817463.parquet -> /tmp/minio_downloads/reviews_190709817463.parquet
[2026-07-04T14:34:03.919+0000] {logging_mixin.py:188} INFO - Downloaded reviews/date=2026-06-17/reviews_190709956679.parquet -> /tmp/minio_downloads/reviews_190709956679.parquet
[2026-07-04T14:34:03.947+0000] {logging_mixin.py:188} INFO - Downloaded reviews/date=2026-06-17/reviews_190710110569.parquet -> /tmp/minio_downloads/reviews_190710110569.parquet
[2026-07-04T14:34:03.976+0000] {logging_mixin.py:188} INFO - Downloaded reviews/date=2026-06-17/reviews_190710222791.parquet -> /tmp/minio_downloads/reviews_190710222791.parquet
[2026-07-04T14:34:04.006+0000] {logging_mixin.py:188} INFO - Downloaded reviews/date=2026-06-17/reviews_190710328548.parquet -> /tmp/minio_downloads/reviews_190710328548.parquet
[2026-07-04T14:34:04.034+0000] {logging_mixin.py:188} INFO - Downloaded reviews/date=2026-06-17/reviews_190710443984.parquet -> /tmp/minio_downloads/reviews_190710443984.parquet
[2026-07-04T14:34:04.061+0000] {logging_mixin.py:188} INFO - Downloaded reviews/date=2026-06-17/reviews_190710547903.parquet -> /tmp/minio_downloads/reviews_190710547903.parquet
[2026-07-04T14:34:04.089+0000] {logging_mixin.py:188} INFO - Downloaded reviews/date=2026-06-17/reviews_190710654875.parquet -> /tmp/minio_downloads/reviews_190710654875.parquet
[2026-07-04T14:34:04.120+0000] {logging_mixin.py:188} INFO - Downloaded reviews/date=2026-06-17/reviews_190710743978.parquet -> /tmp/minio_downloads/reviews_190710743978.parquet
[2026-07-04T14:34:04.150+0000] {logging_mixin.py:188} INFO - Downloaded reviews/date=2026-06-17/reviews_190710830310.parquet -> /tmp/minio_downloads/reviews_190710830310.parquet
[2026-07-04T14:34:04.177+0000] {logging_mixin.py:188} INFO - Downloaded reviews/date=2026-06-17/reviews_190710937201.parquet -> /tmp/minio_downloads/reviews_190710937201.parquet
[2026-07-04T14:34:04.204+0000] {logging_mixin.py:188} INFO - Downloaded reviews/date=2026-06-17/reviews_190711062733.parquet -> /tmp/minio_downloads/reviews_190711062733.parquet
[2026-07-04T14:34:04.231+0000] {logging_mixin.py:188} INFO - Downloaded reviews/date=2026-06-17/reviews_190711193224.parquet -> /tmp/minio_downloads/reviews_190711193224.parquet
[2026-07-04T14:34:04.263+0000] {logging_mixin.py:188} INFO - Downloaded reviews/date=2026-06-17/reviews_190711305012.parquet -> /tmp/minio_downloads/reviews_190711305012.parquet
[2026-07-04T14:34:04.297+0000] {logging_mixin.py:188} INFO - Downloaded reviews/date=2026-06-17/reviews_190711406386.parquet -> /tmp/minio_downloads/reviews_190711406386.parquet
[2026-07-04T14:34:04.329+0000] {logging_mixin.py:188} INFO - Downloaded reviews/date=2026-06-17/reviews_190711508293.parquet -> /tmp/minio_downloads/reviews_190711508293.parquet
[2026-07-04T14:34:04.362+0000] {logging_mixin.py:188} INFO - Downloaded reviews/date=2026-06-17/reviews_190711600102.parquet -> /tmp/minio_downloads/reviews_190711600102.parquet
[2026-07-04T14:34:04.393+0000] {logging_mixin.py:188} INFO - Downloaded reviews/date=2026-06-17/reviews_190711683265.parquet -> /tmp/minio_downloads/reviews_190711683265.parquet
[2026-07-04T14:34:04.421+0000] {logging_mixin.py:188} INFO - Downloaded reviews/date=2026-06-17/reviews_190711774431.parquet -> /tmp/minio_downloads/reviews_190711774431.parquet
[2026-07-04T14:34:04.449+0000] {logging_mixin.py:188} INFO - Downloaded reviews/date=2026-06-17/reviews_190711864014.parquet -> /tmp/minio_downloads/reviews_190711864014.parquet
[2026-07-04T14:34:04.476+0000] {logging_mixin.py:188} INFO - Downloaded reviews/date=2026-06-17/reviews_190711941343.parquet -> /tmp/minio_downloads/reviews_190711941343.parquet
[2026-07-04T14:34:04.504+0000] {logging_mixin.py:188} INFO - Downloaded reviews/date=2026-06-17/reviews_190712016357.parquet -> /tmp/minio_downloads/reviews_190712016357.parquet
[2026-07-04T14:34:04.532+0000] {logging_mixin.py:188} INFO - Downloaded reviews/date=2026-06-17/reviews_190712107388.parquet -> /tmp/minio_downloads/reviews_190712107388.parquet
[2026-07-04T14:34:04.559+0000] {logging_mixin.py:188} INFO - Downloaded reviews/date=2026-06-17/reviews_190712212264.parquet -> /tmp/minio_downloads/reviews_190712212264.parquet
[2026-07-04T14:34:04.583+0000] {logging_mixin.py:188} INFO - Downloaded reviews/date=2026-06-17/reviews_190712307059.parquet -> /tmp/minio_downloads/reviews_190712307059.parquet
[2026-07-04T14:34:04.609+0000] {logging_mixin.py:188} INFO - Downloaded reviews/date=2026-06-17/reviews_190712445086.parquet -> /tmp/minio_downloads/reviews_190712445086.parquet
[2026-07-04T14:34:04.635+0000] {logging_mixin.py:188} INFO - Downloaded reviews/date=2026-06-17/reviews_190712609876.parquet -> /tmp/minio_downloads/reviews_190712609876.parquet
[2026-07-04T14:34:04.662+0000] {logging_mixin.py:188} INFO - Downloaded reviews/date=2026-06-17/reviews_190712714911.parquet -> /tmp/minio_downloads/reviews_190712714911.parquet
[2026-07-04T14:34:04.691+0000] {logging_mixin.py:188} INFO - Downloaded reviews/date=2026-06-17/reviews_190712812986.parquet -> /tmp/minio_downloads/reviews_190712812986.parquet
[2026-07-04T14:34:04.720+0000] {logging_mixin.py:188} INFO - Downloaded reviews/date=2026-06-17/reviews_190712890734.parquet -> /tmp/minio_downloads/reviews_190712890734.parquet
[2026-07-04T14:34:04.751+0000] {logging_mixin.py:188} INFO - Downloaded reviews/date=2026-06-17/reviews_190712975283.parquet -> /tmp/minio_downloads/reviews_190712975283.parquet
[2026-07-04T14:34:04.786+0000] {logging_mixin.py:188} INFO - Downloaded reviews/date=2026-06-17/reviews_190713064637.parquet -> /tmp/minio_downloads/reviews_190713064637.parquet
[2026-07-04T14:34:04.829+0000] {logging_mixin.py:188} INFO - Downloaded reviews/date=2026-06-17/reviews_190713170845.parquet -> /tmp/minio_downloads/reviews_190713170845.parquet
[2026-07-04T14:34:04.859+0000] {logging_mixin.py:188} INFO - Downloaded reviews/date=2026-06-17/reviews_190713242233.parquet -> /tmp/minio_downloads/reviews_190713242233.parquet
[2026-07-04T14:34:04.889+0000] {logging_mixin.py:188} INFO - Downloaded reviews/date=2026-06-17/reviews_190713309010.parquet -> /tmp/minio_downloads/reviews_190713309010.parquet
[2026-07-04T14:34:04.920+0000] {logging_mixin.py:188} INFO - Downloaded reviews/date=2026-06-17/reviews_190713388586.parquet -> /tmp/minio_downloads/reviews_190713388586.parquet
[2026-07-04T14:34:04.953+0000] {logging_mixin.py:188} INFO - Downloaded reviews/date=2026-06-17/reviews_190713477756.parquet -> /tmp/minio_downloads/reviews_190713477756.parquet
[2026-07-04T14:34:04.982+0000] {logging_mixin.py:188} INFO - Downloaded reviews/date=2026-06-17/reviews_190713574845.parquet -> /tmp/minio_downloads/reviews_190713574845.parquet
[2026-07-04T14:34:05.010+0000] {logging_mixin.py:188} INFO - Downloaded reviews/date=2026-06-17/reviews_190713656691.parquet -> /tmp/minio_downloads/reviews_190713656691.parquet
[2026-07-04T14:34:05.037+0000] {logging_mixin.py:188} INFO - Downloaded reviews/date=2026-06-17/reviews_190713726248.parquet -> /tmp/minio_downloads/reviews_190713726248.parquet
[2026-07-04T14:34:05.069+0000] {logging_mixin.py:188} INFO - Downloaded reviews/date=2026-06-17/reviews_190713785225.parquet -> /tmp/minio_downloads/reviews_190713785225.parquet
[2026-07-04T14:34:05.097+0000] {logging_mixin.py:188} INFO - Downloaded reviews/date=2026-06-17/reviews_190713859212.parquet -> /tmp/minio_downloads/reviews_190713859212.parquet
[2026-07-04T14:34:05.124+0000] {logging_mixin.py:188} INFO - Downloaded reviews/date=2026-06-17/reviews_190713936903.parquet -> /tmp/minio_downloads/reviews_190713936903.parquet
[2026-07-04T14:34:05.150+0000] {logging_mixin.py:188} INFO - Downloaded reviews/date=2026-06-17/reviews_190714017518.parquet -> /tmp/minio_downloads/reviews_190714017518.parquet
[2026-07-04T14:34:05.175+0000] {logging_mixin.py:188} INFO - Downloaded reviews/date=2026-06-17/reviews_190714108703.parquet -> /tmp/minio_downloads/reviews_190714108703.parquet
[2026-07-04T14:34:05.203+0000] {logging_mixin.py:188} INFO - Downloaded reviews/date=2026-06-17/reviews_190714187625.parquet -> /tmp/minio_downloads/reviews_190714187625.parquet
[2026-07-04T14:34:05.230+0000] {logging_mixin.py:188} INFO - Downloaded reviews/date=2026-06-17/reviews_190714253122.parquet -> /tmp/minio_downloads/reviews_190714253122.parquet
[2026-07-04T14:34:05.266+0000] {logging_mixin.py:188} INFO - Downloaded reviews/date=2026-06-17/reviews_190714318828.parquet -> /tmp/minio_downloads/reviews_190714318828.parquet
[2026-07-04T14:34:05.294+0000] {logging_mixin.py:188} INFO - Downloaded reviews/date=2026-06-17/reviews_190714391924.parquet -> /tmp/minio_downloads/reviews_190714391924.parquet
[2026-07-04T14:34:09.144+0000] {logging_mixin.py:188} INFO - Downloaded sales/date=2026-06-17/sales_190305143335.parquet -> /tmp/minio_downloads/sales_190305143335.parquet
[2026-07-04T14:34:09.228+0000] {logging_mixin.py:188} INFO - Downloaded sales/date=2026-06-17/sales_190305260843.parquet -> /tmp/minio_downloads/sales_190305260843.parquet
[2026-07-04T14:34:09.298+0000] {logging_mixin.py:188} INFO - Downloaded sales/date=2026-06-17/sales_190305374240.parquet -> /tmp/minio_downloads/sales_190305374240.parquet
[2026-07-04T14:34:09.366+0000] {logging_mixin.py:188} INFO - Downloaded sales/date=2026-06-17/sales_190305481350.parquet -> /tmp/minio_downloads/sales_190305481350.parquet
[2026-07-04T14:34:09.453+0000] {logging_mixin.py:188} INFO - Downloaded sales/date=2026-06-17/sales_190305627114.parquet -> /tmp/minio_downloads/sales_190305627114.parquet
[2026-07-04T14:34:09.518+0000] {logging_mixin.py:188} INFO - Downloaded sales/date=2026-06-17/sales_190305758810.parquet -> /tmp/minio_downloads/sales_190305758810.parquet
[2026-07-04T14:34:09.578+0000] {logging_mixin.py:188} INFO - Downloaded sales/date=2026-06-17/sales_190305889437.parquet -> /tmp/minio_downloads/sales_190305889437.parquet
[2026-07-04T14:34:09.640+0000] {logging_mixin.py:188} INFO - Downloaded sales/date=2026-06-17/sales_190306016762.parquet -> /tmp/minio_downloads/sales_190306016762.parquet
[2026-07-04T14:34:09.737+0000] {logging_mixin.py:188} INFO - Downloaded sales/date=2026-06-17/sales_190306154439.parquet -> /tmp/minio_downloads/sales_190306154439.parquet
[2026-07-04T14:34:09.816+0000] {logging_mixin.py:188} INFO - Downloaded sales/date=2026-06-17/sales_190306294524.parquet -> /tmp/minio_downloads/sales_190306294524.parquet
[2026-07-04T14:34:10.024+0000] {logging_mixin.py:188} INFO - Downloaded sales/date=2026-06-17/sales_190306414633.parquet -> /tmp/minio_downloads/sales_190306414633.parquet
[2026-07-04T14:34:10.097+0000] {logging_mixin.py:188} INFO - Downloaded sales/date=2026-06-17/sales_190306530922.parquet -> /tmp/minio_downloads/sales_190306530922.parquet
[2026-07-04T14:34:10.212+0000] {logging_mixin.py:188} INFO - Downloaded sales/date=2026-06-17/sales_190306628560.parquet -> /tmp/minio_downloads/sales_190306628560.parquet
[2026-07-04T14:34:10.312+0000] {logging_mixin.py:188} INFO - Downloaded sales/date=2026-06-17/sales_190306739308.parquet -> /tmp/minio_downloads/sales_190306739308.parquet
[2026-07-04T14:34:10.477+0000] {logging_mixin.py:188} INFO - Downloaded sales/date=2026-06-17/sales_190306844170.parquet -> /tmp/minio_downloads/sales_190306844170.parquet
[2026-07-04T14:34:10.656+0000] {logging_mixin.py:188} INFO - Downloaded sales/date=2026-06-17/sales_190306939604.parquet -> /tmp/minio_downloads/sales_190306939604.parquet
[2026-07-04T14:34:10.813+0000] {logging_mixin.py:188} INFO - Downloaded sales/date=2026-06-17/sales_190307058868.parquet -> /tmp/minio_downloads/sales_190307058868.parquet
[2026-07-04T14:34:10.991+0000] {logging_mixin.py:188} INFO - Downloaded sales/date=2026-06-17/sales_190307162531.parquet -> /tmp/minio_downloads/sales_190307162531.parquet
[2026-07-04T14:34:11.117+0000] {logging_mixin.py:188} INFO - Downloaded sales/date=2026-06-17/sales_190307260653.parquet -> /tmp/minio_downloads/sales_190307260653.parquet
[2026-07-04T14:34:11.235+0000] {logging_mixin.py:188} INFO - Downloaded sales/date=2026-06-17/sales_190307351211.parquet -> /tmp/minio_downloads/sales_190307351211.parquet
[2026-07-04T14:34:11.299+0000] {logging_mixin.py:188} INFO - Downloaded sales/date=2026-06-17/sales_190307459546.parquet -> /tmp/minio_downloads/sales_190307459546.parquet
[2026-07-04T14:34:11.353+0000] {logging_mixin.py:188} INFO - Downloaded sales/date=2026-06-17/sales_190307556958.parquet -> /tmp/minio_downloads/sales_190307556958.parquet
[2026-07-04T14:34:11.406+0000] {logging_mixin.py:188} INFO - Downloaded sales/date=2026-06-17/sales_190307659499.parquet -> /tmp/minio_downloads/sales_190307659499.parquet
[2026-07-04T14:34:11.463+0000] {logging_mixin.py:188} INFO - Downloaded sales/date=2026-06-17/sales_190307754359.parquet -> /tmp/minio_downloads/sales_190307754359.parquet
[2026-07-04T14:34:11.542+0000] {logging_mixin.py:188} INFO - Downloaded sales/date=2026-06-17/sales_190307840483.parquet -> /tmp/minio_downloads/sales_190307840483.parquet
[2026-07-04T14:34:11.627+0000] {logging_mixin.py:188} INFO - Downloaded sales/date=2026-06-17/sales_190308058347.parquet -> /tmp/minio_downloads/sales_190308058347.parquet
[2026-07-04T14:34:11.687+0000] {logging_mixin.py:188} INFO - Downloaded sales/date=2026-06-17/sales_190308140507.parquet -> /tmp/minio_downloads/sales_190308140507.parquet
[2026-07-04T14:34:11.753+0000] {logging_mixin.py:188} INFO - Downloaded sales/date=2026-06-17/sales_190308229547.parquet -> /tmp/minio_downloads/sales_190308229547.parquet
[2026-07-04T14:34:11.825+0000] {logging_mixin.py:188} INFO - Downloaded sales/date=2026-06-17/sales_190308329539.parquet -> /tmp/minio_downloads/sales_190308329539.parquet
[2026-07-04T14:34:11.901+0000] {logging_mixin.py:188} INFO - Downloaded sales/date=2026-06-17/sales_190308424218.parquet -> /tmp/minio_downloads/sales_190308424218.parquet
[2026-07-04T14:34:11.955+0000] {logging_mixin.py:188} INFO - Downloaded sales/date=2026-06-17/sales_190308521380.parquet -> /tmp/minio_downloads/sales_190308521380.parquet
[2026-07-04T14:34:12.008+0000] {logging_mixin.py:188} INFO - Downloaded sales/date=2026-06-17/sales_190308603761.parquet -> /tmp/minio_downloads/sales_190308603761.parquet
[2026-07-04T14:34:12.074+0000] {logging_mixin.py:188} INFO - Downloaded sales/date=2026-06-17/sales_190308687847.parquet -> /tmp/minio_downloads/sales_190308687847.parquet
[2026-07-04T14:34:12.147+0000] {logging_mixin.py:188} INFO - Downloaded sales/date=2026-06-17/sales_190308757233.parquet -> /tmp/minio_downloads/sales_190308757233.parquet
[2026-07-04T14:34:12.209+0000] {logging_mixin.py:188} INFO - Downloaded sales/date=2026-06-17/sales_190308846641.parquet -> /tmp/minio_downloads/sales_190308846641.parquet
[2026-07-04T14:34:12.254+0000] {logging_mixin.py:188} INFO - Downloaded sales/date=2026-06-17/sales_190308929418.parquet -> /tmp/minio_downloads/sales_190308929418.parquet
[2026-07-04T14:34:12.296+0000] {logging_mixin.py:188} INFO - Downloaded sales/date=2026-06-17/sales_190309039064.parquet -> /tmp/minio_downloads/sales_190309039064.parquet
[2026-07-04T14:34:12.341+0000] {logging_mixin.py:188} INFO - Downloaded sales/date=2026-06-17/sales_190309126406.parquet -> /tmp/minio_downloads/sales_190309126406.parquet
[2026-07-04T14:34:12.387+0000] {logging_mixin.py:188} INFO - Downloaded sales/date=2026-06-17/sales_190309207145.parquet -> /tmp/minio_downloads/sales_190309207145.parquet
[2026-07-04T14:34:12.445+0000] {logging_mixin.py:188} INFO - Downloaded sales/date=2026-06-17/sales_190309294937.parquet -> /tmp/minio_downloads/sales_190309294937.parquet
[2026-07-04T14:34:12.505+0000] {logging_mixin.py:188} INFO - Downloaded sales/date=2026-06-17/sales_190309378219.parquet -> /tmp/minio_downloads/sales_190309378219.parquet
[2026-07-04T14:34:12.564+0000] {logging_mixin.py:188} INFO - Downloaded sales/date=2026-06-17/sales_190309467187.parquet -> /tmp/minio_downloads/sales_190309467187.parquet
[2026-07-04T14:34:12.621+0000] {logging_mixin.py:188} INFO - Downloaded sales/date=2026-06-17/sales_190309597188.parquet -> /tmp/minio_downloads/sales_190309597188.parquet
[2026-07-04T14:34:12.673+0000] {logging_mixin.py:188} INFO - Downloaded sales/date=2026-06-17/sales_190309717688.parquet -> /tmp/minio_downloads/sales_190309717688.parquet
[2026-07-04T14:34:12.729+0000] {logging_mixin.py:188} INFO - Downloaded sales/date=2026-06-17/sales_190309812274.parquet -> /tmp/minio_downloads/sales_190309812274.parquet
[2026-07-04T14:34:12.777+0000] {logging_mixin.py:188} INFO - Downloaded sales/date=2026-06-17/sales_190309912736.parquet -> /tmp/minio_downloads/sales_190309912736.parquet
[2026-07-04T14:34:12.822+0000] {logging_mixin.py:188} INFO - Downloaded sales/date=2026-06-17/sales_190310016321.parquet -> /tmp/minio_downloads/sales_190310016321.parquet
[2026-07-04T14:34:12.868+0000] {logging_mixin.py:188} INFO - Downloaded sales/date=2026-06-17/sales_190310146767.parquet -> /tmp/minio_downloads/sales_190310146767.parquet
[2026-07-04T14:34:12.910+0000] {logging_mixin.py:188} INFO - Downloaded sales/date=2026-06-17/sales_190310247142.parquet -> /tmp/minio_downloads/sales_190310247142.parquet
[2026-07-04T14:34:12.948+0000] {logging_mixin.py:188} INFO - Downloaded sales/date=2026-06-17/sales_190310347055.parquet -> /tmp/minio_downloads/sales_190310347055.parquet
[2026-07-04T14:34:12.990+0000] {logging_mixin.py:188} INFO - Downloaded sales/date=2026-06-17/sales_190310420069.parquet -> /tmp/minio_downloads/sales_190310420069.parquet
[2026-07-04T14:34:13.029+0000] {logging_mixin.py:188} INFO - Downloaded sales/date=2026-06-17/sales_190310509414.parquet -> /tmp/minio_downloads/sales_190310509414.parquet
[2026-07-04T14:34:13.070+0000] {logging_mixin.py:188} INFO - Downloaded sales/date=2026-06-17/sales_190310595964.parquet -> /tmp/minio_downloads/sales_190310595964.parquet
[2026-07-04T14:34:13.111+0000] {logging_mixin.py:188} INFO - Downloaded sales/date=2026-06-17/sales_190310672153.parquet -> /tmp/minio_downloads/sales_190310672153.parquet
[2026-07-04T14:34:13.153+0000] {logging_mixin.py:188} INFO - Downloaded sales/date=2026-06-17/sales_190310775859.parquet -> /tmp/minio_downloads/sales_190310775859.parquet
[2026-07-04T14:34:13.200+0000] {logging_mixin.py:188} INFO - Downloaded sales/date=2026-06-17/sales_190310869434.parquet -> /tmp/minio_downloads/sales_190310869434.parquet
[2026-07-04T14:34:13.261+0000] {logging_mixin.py:188} INFO - Downloaded sales/date=2026-06-17/sales_190310944263.parquet -> /tmp/minio_downloads/sales_190310944263.parquet
[2026-07-04T14:34:13.312+0000] {logging_mixin.py:188} INFO - Downloaded sales/date=2026-06-17/sales_190311022875.parquet -> /tmp/minio_downloads/sales_190311022875.parquet
[2026-07-04T14:34:13.363+0000] {logging_mixin.py:188} INFO - Downloaded sales/date=2026-06-17/sales_190311108483.parquet -> /tmp/minio_downloads/sales_190311108483.parquet
[2026-07-04T14:34:13.418+0000] {logging_mixin.py:188} INFO - Downloaded sales/date=2026-06-17/sales_190311186752.parquet -> /tmp/minio_downloads/sales_190311186752.parquet
[2026-07-04T14:34:13.471+0000] {logging_mixin.py:188} INFO - Downloaded sales/date=2026-06-17/sales_190311270125.parquet -> /tmp/minio_downloads/sales_190311270125.parquet
[2026-07-04T14:34:13.521+0000] {logging_mixin.py:188} INFO - Downloaded sales/date=2026-06-17/sales_190311372164.parquet -> /tmp/minio_downloads/sales_190311372164.parquet
[2026-07-04T14:34:13.574+0000] {logging_mixin.py:188} INFO - Downloaded sales/date=2026-06-17/sales_190311455636.parquet -> /tmp/minio_downloads/sales_190311455636.parquet
[2026-07-04T14:34:13.630+0000] {logging_mixin.py:188} INFO - Downloaded sales/date=2026-06-17/sales_190311534682.parquet -> /tmp/minio_downloads/sales_190311534682.parquet
[2026-07-04T14:34:13.698+0000] {logging_mixin.py:188} INFO - Downloaded sales/date=2026-06-17/sales_190311616394.parquet -> /tmp/minio_downloads/sales_190311616394.parquet
[2026-07-04T14:34:13.790+0000] {logging_mixin.py:188} INFO - Downloaded sales/date=2026-06-17/sales_190311692913.parquet -> /tmp/minio_downloads/sales_190311692913.parquet
[2026-07-04T14:34:13.880+0000] {logging_mixin.py:188} INFO - Downloaded sales/date=2026-06-17/sales_190311777684.parquet -> /tmp/minio_downloads/sales_190311777684.parquet
[2026-07-04T14:34:13.945+0000] {logging_mixin.py:188} INFO - Downloaded sales/date=2026-06-17/sales_190311865015.parquet -> /tmp/minio_downloads/sales_190311865015.parquet
[2026-07-04T14:34:14.007+0000] {logging_mixin.py:188} INFO - Downloaded sales/date=2026-06-17/sales_190311938755.parquet -> /tmp/minio_downloads/sales_190311938755.parquet
[2026-07-04T14:34:14.063+0000] {logging_mixin.py:188} INFO - Downloaded sales/date=2026-06-17/sales_190312018528.parquet -> /tmp/minio_downloads/sales_190312018528.parquet
[2026-07-04T14:34:14.119+0000] {logging_mixin.py:188} INFO - Downloaded sales/date=2026-06-17/sales_190312086958.parquet -> /tmp/minio_downloads/sales_190312086958.parquet
[2026-07-04T14:34:14.170+0000] {logging_mixin.py:188} INFO - Downloaded sales/date=2026-06-17/sales_190312176944.parquet -> /tmp/minio_downloads/sales_190312176944.parquet
[2026-07-04T14:34:14.225+0000] {logging_mixin.py:188} INFO - Downloaded sales/date=2026-06-17/sales_190312249240.parquet -> /tmp/minio_downloads/sales_190312249240.parquet
[2026-07-04T14:34:14.281+0000] {logging_mixin.py:188} INFO - Downloaded sales/date=2026-06-17/sales_190312339112.parquet -> /tmp/minio_downloads/sales_190312339112.parquet
[2026-07-04T14:34:14.332+0000] {logging_mixin.py:188} INFO - Downloaded sales/date=2026-06-17/sales_190312435109.parquet -> /tmp/minio_downloads/sales_190312435109.parquet
[2026-07-04T14:34:14.378+0000] {logging_mixin.py:188} INFO - Downloaded sales/date=2026-06-17/sales_190312506045.parquet -> /tmp/minio_downloads/sales_190312506045.parquet
[2026-07-04T14:34:14.420+0000] {logging_mixin.py:188} INFO - Downloaded sales/date=2026-06-17/sales_190312591034.parquet -> /tmp/minio_downloads/sales_190312591034.parquet
[2026-07-04T14:34:14.462+0000] {logging_mixin.py:188} INFO - Downloaded sales/date=2026-06-17/sales_190312673186.parquet -> /tmp/minio_downloads/sales_190312673186.parquet
[2026-07-04T14:34:14.508+0000] {logging_mixin.py:188} INFO - Downloaded sales/date=2026-06-17/sales_190312738939.parquet -> /tmp/minio_downloads/sales_190312738939.parquet
[2026-07-04T14:34:14.549+0000] {logging_mixin.py:188} INFO - Downloaded sales/date=2026-06-17/sales_190312823880.parquet -> /tmp/minio_downloads/sales_190312823880.parquet
[2026-07-04T14:34:14.601+0000] {logging_mixin.py:188} INFO - Downloaded sales/date=2026-06-17/sales_190312892449.parquet -> /tmp/minio_downloads/sales_190312892449.parquet
[2026-07-04T14:34:14.658+0000] {logging_mixin.py:188} INFO - Downloaded sales/date=2026-06-17/sales_190312967541.parquet -> /tmp/minio_downloads/sales_190312967541.parquet
[2026-07-04T14:34:14.710+0000] {logging_mixin.py:188} INFO - Downloaded sales/date=2026-06-17/sales_190313052785.parquet -> /tmp/minio_downloads/sales_190313052785.parquet
[2026-07-04T14:34:14.751+0000] {logging_mixin.py:188} INFO - Downloaded sales/date=2026-06-17/sales_190313138299.parquet -> /tmp/minio_downloads/sales_190313138299.parquet
[2026-07-04T14:34:14.793+0000] {logging_mixin.py:188} INFO - Downloaded sales/date=2026-06-17/sales_190313202978.parquet -> /tmp/minio_downloads/sales_190313202978.parquet
[2026-07-04T14:34:14.837+0000] {logging_mixin.py:188} INFO - Downloaded sales/date=2026-06-17/sales_190313283415.parquet -> /tmp/minio_downloads/sales_190313283415.parquet
[2026-07-04T14:34:14.883+0000] {logging_mixin.py:188} INFO - Downloaded sales/date=2026-06-17/sales_190313351571.parquet -> /tmp/minio_downloads/sales_190313351571.parquet
[2026-07-04T14:34:14.923+0000] {logging_mixin.py:188} INFO - Downloaded sales/date=2026-06-17/sales_190313428786.parquet -> /tmp/minio_downloads/sales_190313428786.parquet
[2026-07-04T14:34:14.960+0000] {logging_mixin.py:188} INFO - Downloaded sales/date=2026-06-17/sales_190313522483.parquet -> /tmp/minio_downloads/sales_190313522483.parquet
[2026-07-04T14:34:14.996+0000] {logging_mixin.py:188} INFO - Downloaded sales/date=2026-06-17/sales_190313600728.parquet -> /tmp/minio_downloads/sales_190313600728.parquet
[2026-07-04T14:34:15.031+0000] {logging_mixin.py:188} INFO - Downloaded sales/date=2026-06-17/sales_190313676024.parquet -> /tmp/minio_downloads/sales_190313676024.parquet
[2026-07-04T14:34:15.070+0000] {logging_mixin.py:188} INFO - Downloaded sales/date=2026-06-17/sales_190313744441.parquet -> /tmp/minio_downloads/sales_190313744441.parquet
[2026-07-04T14:34:15.111+0000] {logging_mixin.py:188} INFO - Downloaded sales/date=2026-06-17/sales_190313810782.parquet -> /tmp/minio_downloads/sales_190313810782.parquet
[2026-07-04T14:34:15.156+0000] {logging_mixin.py:188} INFO - Downloaded sales/date=2026-06-17/sales_190313881236.parquet -> /tmp/minio_downloads/sales_190313881236.parquet
[2026-07-04T14:34:15.200+0000] {logging_mixin.py:188} INFO - Downloaded sales/date=2026-06-17/sales_190313946368.parquet -> /tmp/minio_downloads/sales_190313946368.parquet
[2026-07-04T14:34:15.236+0000] {logging_mixin.py:188} INFO - Downloaded sales/date=2026-06-17/sales_190314021408.parquet -> /tmp/minio_downloads/sales_190314021408.parquet
[2026-07-04T14:34:15.271+0000] {logging_mixin.py:188} INFO - Downloaded sales/date=2026-06-17/sales_190314125907.parquet -> /tmp/minio_downloads/sales_190314125907.parquet
[2026-07-04T14:34:15.308+0000] {logging_mixin.py:188} INFO - Downloaded sales/date=2026-06-17/sales_190314207932.parquet -> /tmp/minio_downloads/sales_190314207932.parquet
[2026-07-04T14:34:15.349+0000] {logging_mixin.py:188} INFO - Downloaded sales/date=2026-06-17/sales_190314301229.parquet -> /tmp/minio_downloads/sales_190314301229.parquet
[2026-07-04T14:34:15.389+0000] {logging_mixin.py:188} INFO - Downloaded sales/date=2026-06-17/sales_190314389779.parquet -> /tmp/minio_downloads/sales_190314389779.parquet
[2026-07-04T14:34:15.436+0000] {logging_mixin.py:188} INFO - Downloaded sales/date=2026-06-17/sales_190314462159.parquet -> /tmp/minio_downloads/sales_190314462159.parquet
[2026-07-04T14:34:15.490+0000] {logging_mixin.py:188} INFO - Downloaded sales/date=2026-06-17/sales_190314532825.parquet -> /tmp/minio_downloads/sales_190314532825.parquet
[2026-07-04T14:34:15.541+0000] {logging_mixin.py:188} INFO - Downloaded sales/date=2026-06-17/sales_190314615313.parquet -> /tmp/minio_downloads/sales_190314615313.parquet
[2026-07-04T14:34:15.594+0000] {logging_mixin.py:188} INFO - Downloaded sales/date=2026-06-17/sales_190314702621.parquet -> /tmp/minio_downloads/sales_190314702621.parquet
[2026-07-04T14:34:15.645+0000] {logging_mixin.py:188} INFO - Downloaded sales/date=2026-06-17/sales_190314770467.parquet -> /tmp/minio_downloads/sales_190314770467.parquet
[2026-07-04T14:34:15.704+0000] {logging_mixin.py:188} INFO - Downloaded sales/date=2026-06-17/sales_190314853350.parquet -> /tmp/minio_downloads/sales_190314853350.parquet
[2026-07-04T14:34:15.740+0000] {logging_mixin.py:188} INFO - Downloaded sales/date=2026-06-17/sales_190314916603.parquet -> /tmp/minio_downloads/sales_190314916603.parquet
[2026-07-04T14:34:15.775+0000] {logging_mixin.py:188} INFO - Downloaded sales/date=2026-06-17/sales_190314994268.parquet -> /tmp/minio_downloads/sales_190314994268.parquet
[2026-07-04T14:34:15.813+0000] {logging_mixin.py:188} INFO - Downloaded sales/date=2026-06-17/sales_190315062289.parquet -> /tmp/minio_downloads/sales_190315062289.parquet
[2026-07-04T14:34:15.849+0000] {logging_mixin.py:188} INFO - Downloaded sales/date=2026-06-17/sales_190315134202.parquet -> /tmp/minio_downloads/sales_190315134202.parquet
[2026-07-04T14:34:15.888+0000] {logging_mixin.py:188} INFO - Downloaded sales/date=2026-06-17/sales_190315222399.parquet -> /tmp/minio_downloads/sales_190315222399.parquet
[2026-07-04T14:34:15.926+0000] {logging_mixin.py:188} INFO - Downloaded sales/date=2026-06-17/sales_190315305532.parquet -> /tmp/minio_downloads/sales_190315305532.parquet
[2026-07-04T14:34:15.968+0000] {logging_mixin.py:188} INFO - Downloaded sales/date=2026-06-17/sales_190315384878.parquet -> /tmp/minio_downloads/sales_190315384878.parquet
[2026-07-04T14:34:16.011+0000] {logging_mixin.py:188} INFO - Downloaded sales/date=2026-06-17/sales_190315448855.parquet -> /tmp/minio_downloads/sales_190315448855.parquet
[2026-07-04T14:34:16.054+0000] {logging_mixin.py:188} INFO - Downloaded sales/date=2026-06-17/sales_190315525054.parquet -> /tmp/minio_downloads/sales_190315525054.parquet
[2026-07-04T14:34:16.093+0000] {logging_mixin.py:188} INFO - Downloaded sales/date=2026-06-17/sales_190315598402.parquet -> /tmp/minio_downloads/sales_190315598402.parquet
[2026-07-04T14:34:16.131+0000] {logging_mixin.py:188} INFO - Downloaded sales/date=2026-06-17/sales_190315671119.parquet -> /tmp/minio_downloads/sales_190315671119.parquet
[2026-07-04T14:34:16.172+0000] {logging_mixin.py:188} INFO - Downloaded sales/date=2026-06-17/sales_190315756658.parquet -> /tmp/minio_downloads/sales_190315756658.parquet
[2026-07-04T14:34:16.206+0000] {logging_mixin.py:188} INFO - Downloaded sales/date=2026-06-17/sales_190315834267.parquet -> /tmp/minio_downloads/sales_190315834267.parquet
[2026-07-04T14:34:16.241+0000] {logging_mixin.py:188} INFO - Downloaded sales/date=2026-06-17/sales_190315900439.parquet -> /tmp/minio_downloads/sales_190315900439.parquet
[2026-07-04T14:34:16.278+0000] {logging_mixin.py:188} INFO - Downloaded sales/date=2026-06-17/sales_190315967927.parquet -> /tmp/minio_downloads/sales_190315967927.parquet
[2026-07-04T14:34:16.317+0000] {logging_mixin.py:188} INFO - Downloaded sales/date=2026-06-17/sales_190316044225.parquet -> /tmp/minio_downloads/sales_190316044225.parquet
[2026-07-04T14:34:16.355+0000] {logging_mixin.py:188} INFO - Downloaded sales/date=2026-06-17/sales_190316120790.parquet -> /tmp/minio_downloads/sales_190316120790.parquet
[2026-07-04T14:34:16.388+0000] {logging_mixin.py:188} INFO - Downloaded sales/date=2026-06-17/sales_190316199622.parquet -> /tmp/minio_downloads/sales_190316199622.parquet
[2026-07-04T14:34:16.421+0000] {logging_mixin.py:188} INFO - Downloaded sales/date=2026-06-17/sales_190316285403.parquet -> /tmp/minio_downloads/sales_190316285403.parquet
[2026-07-04T14:34:16.453+0000] {logging_mixin.py:188} INFO - Downloaded sales/date=2026-06-17/sales_190316386069.parquet -> /tmp/minio_downloads/sales_190316386069.parquet
[2026-07-04T14:34:16.486+0000] {logging_mixin.py:188} INFO - Downloaded sales/date=2026-06-17/sales_190316496846.parquet -> /tmp/minio_downloads/sales_190316496846.parquet
[2026-07-04T14:34:16.517+0000] {logging_mixin.py:188} INFO - Downloaded sales/date=2026-06-17/sales_190316588467.parquet -> /tmp/minio_downloads/sales_190316588467.parquet
[2026-07-04T14:34:16.550+0000] {logging_mixin.py:188} INFO - Downloaded sales/date=2026-06-17/sales_190316671841.parquet -> /tmp/minio_downloads/sales_190316671841.parquet
[2026-07-04T14:34:16.584+0000] {logging_mixin.py:188} INFO - Downloaded sales/date=2026-06-17/sales_190316837501.parquet -> /tmp/minio_downloads/sales_190316837501.parquet
[2026-07-04T14:34:16.619+0000] {logging_mixin.py:188} INFO - Downloaded sales/date=2026-06-17/sales_190316932961.parquet -> /tmp/minio_downloads/sales_190316932961.parquet
[2026-07-04T14:34:16.656+0000] {logging_mixin.py:188} INFO - Downloaded sales/date=2026-06-17/sales_190317032513.parquet -> /tmp/minio_downloads/sales_190317032513.parquet
[2026-07-04T14:34:16.694+0000] {logging_mixin.py:188} INFO - Downloaded sales/date=2026-06-17/sales_190317115404.parquet -> /tmp/minio_downloads/sales_190317115404.parquet
[2026-07-04T14:34:16.730+0000] {logging_mixin.py:188} INFO - Downloaded sales/date=2026-06-17/sales_190317202729.parquet -> /tmp/minio_downloads/sales_190317202729.parquet
[2026-07-04T14:34:16.768+0000] {logging_mixin.py:188} INFO - Downloaded sales/date=2026-06-17/sales_190317290138.parquet -> /tmp/minio_downloads/sales_190317290138.parquet
[2026-07-04T14:34:16.806+0000] {logging_mixin.py:188} INFO - Downloaded sales/date=2026-06-17/sales_190317369739.parquet -> /tmp/minio_downloads/sales_190317369739.parquet
[2026-07-04T14:34:16.839+0000] {logging_mixin.py:188} INFO - Downloaded sales/date=2026-06-17/sales_190317444489.parquet -> /tmp/minio_downloads/sales_190317444489.parquet
[2026-07-04T14:34:16.876+0000] {logging_mixin.py:188} INFO - Downloaded sales/date=2026-06-17/sales_190317536261.parquet -> /tmp/minio_downloads/sales_190317536261.parquet
[2026-07-04T14:34:16.918+0000] {logging_mixin.py:188} INFO - Downloaded sales/date=2026-06-17/sales_190317620769.parquet -> /tmp/minio_downloads/sales_190317620769.parquet
[2026-07-04T14:34:16.952+0000] {logging_mixin.py:188} INFO - Downloaded sales/date=2026-06-17/sales_190317720996.parquet -> /tmp/minio_downloads/sales_190317720996.parquet
[2026-07-04T14:34:16.985+0000] {logging_mixin.py:188} INFO - Downloaded sales/date=2026-06-17/sales_190317818387.parquet -> /tmp/minio_downloads/sales_190317818387.parquet
[2026-07-04T14:34:17.019+0000] {logging_mixin.py:188} INFO - Downloaded sales/date=2026-06-17/sales_190317958796.parquet -> /tmp/minio_downloads/sales_190317958796.parquet
[2026-07-04T14:34:17.055+0000] {logging_mixin.py:188} INFO - Downloaded sales/date=2026-06-17/sales_190318083212.parquet -> /tmp/minio_downloads/sales_190318083212.parquet
[2026-07-04T14:34:17.092+0000] {logging_mixin.py:188} INFO - Downloaded sales/date=2026-06-17/sales_190318203159.parquet -> /tmp/minio_downloads/sales_190318203159.parquet
[2026-07-04T14:34:17.126+0000] {logging_mixin.py:188} INFO - Downloaded sales/date=2026-06-17/sales_190318303212.parquet -> /tmp/minio_downloads/sales_190318303212.parquet
[2026-07-04T14:34:17.161+0000] {logging_mixin.py:188} INFO - Downloaded sales/date=2026-06-17/sales_190318422501.parquet -> /tmp/minio_downloads/sales_190318422501.parquet
[2026-07-04T14:34:17.197+0000] {logging_mixin.py:188} INFO - Downloaded sales/date=2026-06-17/sales_190318497821.parquet -> /tmp/minio_downloads/sales_190318497821.parquet
[2026-07-04T14:34:17.228+0000] {logging_mixin.py:188} INFO - Downloaded sales/date=2026-06-17/sales_190318577198.parquet -> /tmp/minio_downloads/sales_190318577198.parquet
[2026-07-04T14:34:17.259+0000] {logging_mixin.py:188} INFO - Downloaded sales/date=2026-06-17/sales_190318663562.parquet -> /tmp/minio_downloads/sales_190318663562.parquet
[2026-07-04T14:34:17.292+0000] {logging_mixin.py:188} INFO - Downloaded sales/date=2026-06-17/sales_190318766055.parquet -> /tmp/minio_downloads/sales_190318766055.parquet
[2026-07-04T14:34:17.322+0000] {logging_mixin.py:188} INFO - Downloaded sales/date=2026-06-17/sales_190318893780.parquet -> /tmp/minio_downloads/sales_190318893780.parquet
[2026-07-04T14:34:17.353+0000] {logging_mixin.py:188} INFO - Downloaded sales/date=2026-06-17/sales_190319029376.parquet -> /tmp/minio_downloads/sales_190319029376.parquet
[2026-07-04T14:34:17.385+0000] {logging_mixin.py:188} INFO - Downloaded sales/date=2026-06-17/sales_190319164069.parquet -> /tmp/minio_downloads/sales_190319164069.parquet
[2026-07-04T14:34:17.413+0000] {logging_mixin.py:188} INFO - Downloaded sales/date=2026-06-17/sales_190319293065.parquet -> /tmp/minio_downloads/sales_190319293065.parquet
[2026-07-04T14:34:17.444+0000] {logging_mixin.py:188} INFO - Downloaded sales/date=2026-06-17/sales_190319405413.parquet -> /tmp/minio_downloads/sales_190319405413.parquet
[2026-07-04T14:34:17.475+0000] {logging_mixin.py:188} INFO - Downloaded sales/date=2026-06-17/sales_190319534830.parquet -> /tmp/minio_downloads/sales_190319534830.parquet
[2026-07-04T14:34:17.505+0000] {logging_mixin.py:188} INFO - Downloaded sales/date=2026-06-17/sales_190319656362.parquet -> /tmp/minio_downloads/sales_190319656362.parquet
[2026-07-04T14:34:17.537+0000] {logging_mixin.py:188} INFO - Downloaded sales/date=2026-06-17/sales_190319791294.parquet -> /tmp/minio_downloads/sales_190319791294.parquet
[2026-07-04T14:34:17.571+0000] {logging_mixin.py:188} INFO - Downloaded sales/date=2026-06-17/sales_190319958966.parquet -> /tmp/minio_downloads/sales_190319958966.parquet
[2026-07-04T14:34:17.608+0000] {logging_mixin.py:188} INFO - Downloaded sales/date=2026-06-17/sales_190320081588.parquet -> /tmp/minio_downloads/sales_190320081588.parquet
[2026-07-04T14:34:17.643+0000] {logging_mixin.py:188} INFO - Downloaded sales/date=2026-06-17/sales_190320195202.parquet -> /tmp/minio_downloads/sales_190320195202.parquet
[2026-07-04T14:34:17.680+0000] {logging_mixin.py:188} INFO - Downloaded sales/date=2026-06-17/sales_190320292249.parquet -> /tmp/minio_downloads/sales_190320292249.parquet
[2026-07-04T14:34:17.715+0000] {logging_mixin.py:188} INFO - Downloaded sales/date=2026-06-17/sales_190320441032.parquet -> /tmp/minio_downloads/sales_190320441032.parquet
[2026-07-04T14:34:17.745+0000] {logging_mixin.py:188} INFO - Downloaded sales/date=2026-06-17/sales_190320614651.parquet -> /tmp/minio_downloads/sales_190320614651.parquet
[2026-07-04T14:34:17.776+0000] {logging_mixin.py:188} INFO - Downloaded sales/date=2026-06-17/sales_190320821852.parquet -> /tmp/minio_downloads/sales_190320821852.parquet
[2026-07-04T14:34:17.816+0000] {logging_mixin.py:188} INFO - Downloaded sales/date=2026-06-17/sales_190321005598.parquet -> /tmp/minio_downloads/sales_190321005598.parquet
[2026-07-04T14:34:17.852+0000] {logging_mixin.py:188} INFO - Downloaded sales/date=2026-06-17/sales_190321144036.parquet -> /tmp/minio_downloads/sales_190321144036.parquet
[2026-07-04T14:34:17.889+0000] {logging_mixin.py:188} INFO - Downloaded sales/date=2026-06-17/sales_190321245973.parquet -> /tmp/minio_downloads/sales_190321245973.parquet
[2026-07-04T14:34:17.925+0000] {logging_mixin.py:188} INFO - Downloaded sales/date=2026-06-17/sales_190321335294.parquet -> /tmp/minio_downloads/sales_190321335294.parquet
[2026-07-04T14:34:17.959+0000] {logging_mixin.py:188} INFO - Downloaded sales/date=2026-06-17/sales_190321447422.parquet -> /tmp/minio_downloads/sales_190321447422.parquet
[2026-07-04T14:34:17.990+0000] {logging_mixin.py:188} INFO - Downloaded sales/date=2026-06-17/sales_190321569076.parquet -> /tmp/minio_downloads/sales_190321569076.parquet
[2026-07-04T14:34:18.020+0000] {logging_mixin.py:188} INFO - Downloaded sales/date=2026-06-17/sales_190321692742.parquet -> /tmp/minio_downloads/sales_190321692742.parquet
[2026-07-04T14:34:18.051+0000] {logging_mixin.py:188} INFO - Downloaded sales/date=2026-06-17/sales_190321812714.parquet -> /tmp/minio_downloads/sales_190321812714.parquet
[2026-07-04T14:34:18.081+0000] {logging_mixin.py:188} INFO - Downloaded sales/date=2026-06-17/sales_190321955957.parquet -> /tmp/minio_downloads/sales_190321955957.parquet
[2026-07-04T14:34:18.111+0000] {logging_mixin.py:188} INFO - Downloaded sales/date=2026-06-17/sales_190322124356.parquet -> /tmp/minio_downloads/sales_190322124356.parquet
[2026-07-04T14:34:18.148+0000] {logging_mixin.py:188} INFO - Downloaded sales/date=2026-06-17/sales_190322276951.parquet -> /tmp/minio_downloads/sales_190322276951.parquet
[2026-07-04T14:34:18.194+0000] {logging_mixin.py:188} INFO - Downloaded sales/date=2026-06-17/sales_190322405573.parquet -> /tmp/minio_downloads/sales_190322405573.parquet
[2026-07-04T14:34:18.241+0000] {logging_mixin.py:188} INFO - Downloaded sales/date=2026-06-17/sales_190322522197.parquet -> /tmp/minio_downloads/sales_190322522197.parquet
[2026-07-04T14:34:18.357+0000] {logging_mixin.py:188} INFO - Downloaded sales/date=2026-06-17/sales_190322631010.parquet -> /tmp/minio_downloads/sales_190322631010.parquet
[2026-07-04T14:34:18.421+0000] {logging_mixin.py:188} INFO - Downloaded sales/date=2026-06-17/sales_190322734044.parquet -> /tmp/minio_downloads/sales_190322734044.parquet
[2026-07-04T14:34:18.487+0000] {logging_mixin.py:188} INFO - Downloaded sales/date=2026-06-17/sales_190322854080.parquet -> /tmp/minio_downloads/sales_190322854080.parquet
[2026-07-04T14:34:18.559+0000] {logging_mixin.py:188} INFO - Downloaded sales/date=2026-06-17/sales_190322962032.parquet -> /tmp/minio_downloads/sales_190322962032.parquet
[2026-07-04T14:34:18.609+0000] {logging_mixin.py:188} INFO - Downloaded sales/date=2026-06-17/sales_190323070834.parquet -> /tmp/minio_downloads/sales_190323070834.parquet
[2026-07-04T14:34:18.646+0000] {logging_mixin.py:188} INFO - Downloaded sales/date=2026-06-17/sales_190323177890.parquet -> /tmp/minio_downloads/sales_190323177890.parquet
[2026-07-04T14:34:18.681+0000] {logging_mixin.py:188} INFO - Downloaded sales/date=2026-06-17/sales_190323271601.parquet -> /tmp/minio_downloads/sales_190323271601.parquet
[2026-07-04T14:34:18.716+0000] {logging_mixin.py:188} INFO - Downloaded sales/date=2026-06-17/sales_190323357431.parquet -> /tmp/minio_downloads/sales_190323357431.parquet
[2026-07-04T14:34:18.757+0000] {logging_mixin.py:188} INFO - Downloaded sales/date=2026-06-17/sales_190323451725.parquet -> /tmp/minio_downloads/sales_190323451725.parquet
[2026-07-04T14:34:18.806+0000] {logging_mixin.py:188} INFO - Downloaded sales/date=2026-06-17/sales_190323525693.parquet -> /tmp/minio_downloads/sales_190323525693.parquet
[2026-07-04T14:34:18.861+0000] {logging_mixin.py:188} INFO - Downloaded sales/date=2026-06-17/sales_190323612373.parquet -> /tmp/minio_downloads/sales_190323612373.parquet
[2026-07-04T14:34:18.911+0000] {logging_mixin.py:188} INFO - Downloaded sales/date=2026-06-17/sales_190323682158.parquet -> /tmp/minio_downloads/sales_190323682158.parquet
[2026-07-04T14:34:18.961+0000] {logging_mixin.py:188} INFO - Downloaded sales/date=2026-06-17/sales_190323761136.parquet -> /tmp/minio_downloads/sales_190323761136.parquet
[2026-07-04T14:34:19.007+0000] {logging_mixin.py:188} INFO - Downloaded sales/date=2026-06-17/sales_190323865264.parquet -> /tmp/minio_downloads/sales_190323865264.parquet
[2026-07-04T14:34:19.046+0000] {logging_mixin.py:188} INFO - Downloaded sales/date=2026-06-17/sales_190323957703.parquet -> /tmp/minio_downloads/sales_190323957703.parquet
[2026-07-04T14:34:19.089+0000] {logging_mixin.py:188} INFO - Downloaded sales/date=2026-06-17/sales_190324052118.parquet -> /tmp/minio_downloads/sales_190324052118.parquet
[2026-07-04T14:34:19.130+0000] {logging_mixin.py:188} INFO - Downloaded sales/date=2026-06-17/sales_190324140876.parquet -> /tmp/minio_downloads/sales_190324140876.parquet
[2026-07-04T14:34:19.174+0000] {logging_mixin.py:188} INFO - Downloaded sales/date=2026-06-17/sales_190324215639.parquet -> /tmp/minio_downloads/sales_190324215639.parquet
[2026-07-04T14:34:19.221+0000] {logging_mixin.py:188} INFO - Downloaded sales/date=2026-06-17/sales_190324290292.parquet -> /tmp/minio_downloads/sales_190324290292.parquet
[2026-07-04T14:34:19.285+0000] {logging_mixin.py:188} INFO - Downloaded sales/date=2026-06-17/sales_190324379484.parquet -> /tmp/minio_downloads/sales_190324379484.parquet
[2026-07-04T14:34:19.351+0000] {logging_mixin.py:188} INFO - Downloaded sales/date=2026-06-17/sales_190324452640.parquet -> /tmp/minio_downloads/sales_190324452640.parquet
[2026-07-04T14:34:19.408+0000] {logging_mixin.py:188} INFO - Downloaded sales/date=2026-06-17/sales_190324540249.parquet -> /tmp/minio_downloads/sales_190324540249.parquet
[2026-07-04T14:34:19.453+0000] {logging_mixin.py:188} INFO - Downloaded sales/date=2026-06-17/sales_190324630578.parquet -> /tmp/minio_downloads/sales_190324630578.parquet
[2026-07-04T14:34:19.511+0000] {logging_mixin.py:188} INFO - Downloaded sales/date=2026-06-17/sales_190324697107.parquet -> /tmp/minio_downloads/sales_190324697107.parquet
[2026-07-04T14:34:19.576+0000] {logging_mixin.py:188} INFO - Downloaded sales/date=2026-06-17/sales_190324778024.parquet -> /tmp/minio_downloads/sales_190324778024.parquet
[2026-07-04T14:34:19.636+0000] {logging_mixin.py:188} INFO - Downloaded sales/date=2026-06-17/sales_190324849396.parquet -> /tmp/minio_downloads/sales_190324849396.parquet
[2026-07-04T14:34:19.684+0000] {logging_mixin.py:188} INFO - Downloaded sales/date=2026-06-17/sales_190324922715.parquet -> /tmp/minio_downloads/sales_190324922715.parquet
[2026-07-04T14:34:19.735+0000] {logging_mixin.py:188} INFO - Downloaded sales/date=2026-06-17/sales_190325007218.parquet -> /tmp/minio_downloads/sales_190325007218.parquet
[2026-07-04T14:34:19.782+0000] {logging_mixin.py:188} INFO - Downloaded sales/date=2026-06-17/sales_190325091372.parquet -> /tmp/minio_downloads/sales_190325091372.parquet
[2026-07-04T14:34:19.828+0000] {logging_mixin.py:188} INFO - Downloaded sales/date=2026-06-17/sales_190325172113.parquet -> /tmp/minio_downloads/sales_190325172113.parquet
[2026-07-04T14:34:19.872+0000] {logging_mixin.py:188} INFO - Downloaded sales/date=2026-06-17/sales_190325251329.parquet -> /tmp/minio_downloads/sales_190325251329.parquet
[2026-07-04T14:34:19.912+0000] {logging_mixin.py:188} INFO - Downloaded sales/date=2026-06-17/sales_190325337221.parquet -> /tmp/minio_downloads/sales_190325337221.parquet
[2026-07-04T14:34:19.954+0000] {logging_mixin.py:188} INFO - Downloaded sales/date=2026-06-17/sales_190325407729.parquet -> /tmp/minio_downloads/sales_190325407729.parquet
[2026-07-04T14:34:20.000+0000] {logging_mixin.py:188} INFO - Downloaded sales/date=2026-06-17/sales_190325480275.parquet -> /tmp/minio_downloads/sales_190325480275.parquet
[2026-07-04T14:34:20.043+0000] {logging_mixin.py:188} INFO - Downloaded sales/date=2026-06-17/sales_190325593968.parquet -> /tmp/minio_downloads/sales_190325593968.parquet
[2026-07-04T14:34:20.092+0000] {logging_mixin.py:188} INFO - Downloaded sales/date=2026-06-17/sales_190325680967.parquet -> /tmp/minio_downloads/sales_190325680967.parquet
[2026-07-04T14:34:20.148+0000] {logging_mixin.py:188} INFO - Downloaded sales/date=2026-06-17/sales_190325760327.parquet -> /tmp/minio_downloads/sales_190325760327.parquet
[2026-07-04T14:34:20.202+0000] {logging_mixin.py:188} INFO - Downloaded sales/date=2026-06-17/sales_190325830149.parquet -> /tmp/minio_downloads/sales_190325830149.parquet
[2026-07-04T14:34:20.264+0000] {logging_mixin.py:188} INFO - Downloaded sales/date=2026-06-17/sales_190325911411.parquet -> /tmp/minio_downloads/sales_190325911411.parquet
[2026-07-04T14:34:20.339+0000] {logging_mixin.py:188} INFO - Downloaded sales/date=2026-06-17/sales_190325991430.parquet -> /tmp/minio_downloads/sales_190325991430.parquet
[2026-07-04T14:34:20.425+0000] {logging_mixin.py:188} INFO - Downloaded sales/date=2026-06-17/sales_190326145224.parquet -> /tmp/minio_downloads/sales_190326145224.parquet
[2026-07-04T14:34:20.487+0000] {logging_mixin.py:188} INFO - Downloaded sales/date=2026-06-17/sales_190326264771.parquet -> /tmp/minio_downloads/sales_190326264771.parquet
[2026-07-04T14:34:20.550+0000] {logging_mixin.py:188} INFO - Downloaded sales/date=2026-06-17/sales_190326415588.parquet -> /tmp/minio_downloads/sales_190326415588.parquet
[2026-07-04T14:34:20.621+0000] {logging_mixin.py:188} INFO - Downloaded sales/date=2026-06-17/sales_190326569419.parquet -> /tmp/minio_downloads/sales_190326569419.parquet
[2026-07-04T14:34:20.707+0000] {logging_mixin.py:188} INFO - Downloaded sales/date=2026-06-17/sales_190326716064.parquet -> /tmp/minio_downloads/sales_190326716064.parquet
[2026-07-04T14:34:20.776+0000] {logging_mixin.py:188} INFO - Downloaded sales/date=2026-06-17/sales_190326865197.parquet -> /tmp/minio_downloads/sales_190326865197.parquet
[2026-07-04T14:34:20.913+0000] {logging_mixin.py:188} INFO - Downloaded sales/date=2026-06-17/sales_190326985132.parquet -> /tmp/minio_downloads/sales_190326985132.parquet
[2026-07-04T14:34:20.976+0000] {logging_mixin.py:188} INFO - Downloaded sales/date=2026-06-17/sales_190327070034.parquet -> /tmp/minio_downloads/sales_190327070034.parquet
[2026-07-04T14:34:21.036+0000] {logging_mixin.py:188} INFO - Downloaded sales/date=2026-06-17/sales_190327157825.parquet -> /tmp/minio_downloads/sales_190327157825.parquet
[2026-07-04T14:34:21.101+0000] {logging_mixin.py:188} INFO - Downloaded sales/date=2026-06-17/sales_190327259393.parquet -> /tmp/minio_downloads/sales_190327259393.parquet
[2026-07-04T14:34:21.160+0000] {logging_mixin.py:188} INFO - Downloaded sales/date=2026-06-17/sales_190327369018.parquet -> /tmp/minio_downloads/sales_190327369018.parquet
[2026-07-04T14:34:21.230+0000] {logging_mixin.py:188} INFO - Downloaded sales/date=2026-06-17/sales_190327472667.parquet -> /tmp/minio_downloads/sales_190327472667.parquet
[2026-07-04T14:34:21.308+0000] {logging_mixin.py:188} INFO - Downloaded sales/date=2026-06-17/sales_190327569332.parquet -> /tmp/minio_downloads/sales_190327569332.parquet
[2026-07-04T14:34:21.387+0000] {logging_mixin.py:188} INFO - Downloaded sales/date=2026-06-17/sales_190327658817.parquet -> /tmp/minio_downloads/sales_190327658817.parquet
[2026-07-04T14:34:21.470+0000] {logging_mixin.py:188} INFO - Downloaded sales/date=2026-06-17/sales_190327761703.parquet -> /tmp/minio_downloads/sales_190327761703.parquet
[2026-07-04T14:34:21.531+0000] {logging_mixin.py:188} INFO - Downloaded sales/date=2026-06-17/sales_190327867167.parquet -> /tmp/minio_downloads/sales_190327867167.parquet
[2026-07-04T14:34:21.583+0000] {logging_mixin.py:188} INFO - Downloaded sales/date=2026-06-17/sales_190327943895.parquet -> /tmp/minio_downloads/sales_190327943895.parquet
[2026-07-04T14:34:21.636+0000] {logging_mixin.py:188} INFO - Downloaded sales/date=2026-06-17/sales_190328024849.parquet -> /tmp/minio_downloads/sales_190328024849.parquet
[2026-07-04T14:34:21.682+0000] {logging_mixin.py:188} INFO - Downloaded sales/date=2026-06-17/sales_190328130177.parquet -> /tmp/minio_downloads/sales_190328130177.parquet
[2026-07-04T14:34:21.727+0000] {logging_mixin.py:188} INFO - Downloaded sales/date=2026-06-17/sales_190328263538.parquet -> /tmp/minio_downloads/sales_190328263538.parquet
[2026-07-04T14:34:21.772+0000] {logging_mixin.py:188} INFO - Downloaded sales/date=2026-06-17/sales_190328349303.parquet -> /tmp/minio_downloads/sales_190328349303.parquet
[2026-07-04T14:34:21.828+0000] {logging_mixin.py:188} INFO - Downloaded sales/date=2026-06-17/sales_190328460524.parquet -> /tmp/minio_downloads/sales_190328460524.parquet
[2026-07-04T14:34:21.880+0000] {logging_mixin.py:188} INFO - Downloaded sales/date=2026-06-17/sales_190328677970.parquet -> /tmp/minio_downloads/sales_190328677970.parquet
[2026-07-04T14:34:21.954+0000] {logging_mixin.py:188} INFO - Downloaded sales/date=2026-06-17/sales_190329070051.parquet -> /tmp/minio_downloads/sales_190329070051.parquet
[2026-07-04T14:34:22.075+0000] {logging_mixin.py:188} INFO - Downloaded sales/date=2026-06-17/sales_190329279301.parquet -> /tmp/minio_downloads/sales_190329279301.parquet
[2026-07-04T14:34:22.154+0000] {logging_mixin.py:188} INFO - Downloaded sales/date=2026-06-17/sales_190329460841.parquet -> /tmp/minio_downloads/sales_190329460841.parquet
[2026-07-04T14:34:22.219+0000] {logging_mixin.py:188} INFO - Downloaded sales/date=2026-06-17/sales_190329587761.parquet -> /tmp/minio_downloads/sales_190329587761.parquet
[2026-07-04T14:34:22.272+0000] {logging_mixin.py:188} INFO - Downloaded sales/date=2026-06-17/sales_190330061924.parquet -> /tmp/minio_downloads/sales_190330061924.parquet
[2026-07-04T14:34:22.315+0000] {logging_mixin.py:188} INFO - Downloaded sales/date=2026-06-17/sales_190330206590.parquet -> /tmp/minio_downloads/sales_190330206590.parquet
[2026-07-04T14:34:22.362+0000] {logging_mixin.py:188} INFO - Downloaded sales/date=2026-06-17/sales_190330329166.parquet -> /tmp/minio_downloads/sales_190330329166.parquet
[2026-07-04T14:34:22.405+0000] {logging_mixin.py:188} INFO - Downloaded sales/date=2026-06-17/sales_190330440269.parquet -> /tmp/minio_downloads/sales_190330440269.parquet
[2026-07-04T14:34:22.464+0000] {logging_mixin.py:188} INFO - Downloaded sales/date=2026-06-17/sales_190330522333.parquet -> /tmp/minio_downloads/sales_190330522333.parquet
[2026-07-04T14:34:22.534+0000] {logging_mixin.py:188} INFO - Downloaded sales/date=2026-06-17/sales_190330636917.parquet -> /tmp/minio_downloads/sales_190330636917.parquet
[2026-07-04T14:34:22.592+0000] {logging_mixin.py:188} INFO - Downloaded sales/date=2026-06-17/sales_190330733877.parquet -> /tmp/minio_downloads/sales_190330733877.parquet
[2026-07-04T14:34:22.640+0000] {logging_mixin.py:188} INFO - Downloaded sales/date=2026-06-17/sales_190330833934.parquet -> /tmp/minio_downloads/sales_190330833934.parquet
[2026-07-04T14:34:22.691+0000] {logging_mixin.py:188} INFO - Downloaded sales/date=2026-06-17/sales_190330939357.parquet -> /tmp/minio_downloads/sales_190330939357.parquet
[2026-07-04T14:34:22.736+0000] {logging_mixin.py:188} INFO - Downloaded sales/date=2026-06-17/sales_190331055363.parquet -> /tmp/minio_downloads/sales_190331055363.parquet
[2026-07-04T14:34:22.785+0000] {logging_mixin.py:188} INFO - Downloaded sales/date=2026-06-17/sales_190331160924.parquet -> /tmp/minio_downloads/sales_190331160924.parquet
[2026-07-04T14:34:22.848+0000] {logging_mixin.py:188} INFO - Downloaded sales/date=2026-06-17/sales_190331256452.parquet -> /tmp/minio_downloads/sales_190331256452.parquet
[2026-07-04T14:34:22.901+0000] {logging_mixin.py:188} INFO - Downloaded sales/date=2026-06-17/sales_190331371507.parquet -> /tmp/minio_downloads/sales_190331371507.parquet
[2026-07-04T14:34:22.944+0000] {logging_mixin.py:188} INFO - Downloaded sales/date=2026-06-17/sales_190331463546.parquet -> /tmp/minio_downloads/sales_190331463546.parquet
[2026-07-04T14:34:22.989+0000] {logging_mixin.py:188} INFO - Downloaded sales/date=2026-06-17/sales_190331559912.parquet -> /tmp/minio_downloads/sales_190331559912.parquet
[2026-07-04T14:34:23.042+0000] {logging_mixin.py:188} INFO - Downloaded sales/date=2026-06-17/sales_190331660116.parquet -> /tmp/minio_downloads/sales_190331660116.parquet
[2026-07-04T14:34:23.093+0000] {logging_mixin.py:188} INFO - Downloaded sales/date=2026-06-17/sales_190331745786.parquet -> /tmp/minio_downloads/sales_190331745786.parquet
[2026-07-04T14:34:23.145+0000] {logging_mixin.py:188} INFO - Downloaded sales/date=2026-06-17/sales_190331834075.parquet -> /tmp/minio_downloads/sales_190331834075.parquet
[2026-07-04T14:34:23.189+0000] {logging_mixin.py:188} INFO - Downloaded sales/date=2026-06-17/sales_190331919180.parquet -> /tmp/minio_downloads/sales_190331919180.parquet
[2026-07-04T14:34:23.230+0000] {logging_mixin.py:188} INFO - Downloaded sales/date=2026-06-17/sales_190332050913.parquet -> /tmp/minio_downloads/sales_190332050913.parquet
[2026-07-04T14:34:23.268+0000] {logging_mixin.py:188} INFO - Downloaded sales/date=2026-06-17/sales_190332254691.parquet -> /tmp/minio_downloads/sales_190332254691.parquet
[2026-07-04T14:34:23.306+0000] {logging_mixin.py:188} INFO - Downloaded sales/date=2026-06-17/sales_190332362399.parquet -> /tmp/minio_downloads/sales_190332362399.parquet
[2026-07-04T14:34:23.362+0000] {logging_mixin.py:188} INFO - Downloaded sales/date=2026-06-17/sales_190332457606.parquet -> /tmp/minio_downloads/sales_190332457606.parquet
[2026-07-04T14:34:23.404+0000] {logging_mixin.py:188} INFO - Downloaded sales/date=2026-06-17/sales_190332545736.parquet -> /tmp/minio_downloads/sales_190332545736.parquet
[2026-07-04T14:34:23.450+0000] {logging_mixin.py:188} INFO - Downloaded sales/date=2026-06-17/sales_190332624652.parquet -> /tmp/minio_downloads/sales_190332624652.parquet
[2026-07-04T14:34:23.490+0000] {logging_mixin.py:188} INFO - Downloaded sales/date=2026-06-17/sales_190332701228.parquet -> /tmp/minio_downloads/sales_190332701228.parquet
[2026-07-04T14:34:23.525+0000] {logging_mixin.py:188} INFO - Downloaded sales/date=2026-06-17/sales_190332797019.parquet -> /tmp/minio_downloads/sales_190332797019.parquet
[2026-07-04T14:34:23.560+0000] {logging_mixin.py:188} INFO - Downloaded sales/date=2026-06-17/sales_190332880970.parquet -> /tmp/minio_downloads/sales_190332880970.parquet
[2026-07-04T14:34:23.595+0000] {logging_mixin.py:188} INFO - Downloaded sales/date=2026-06-17/sales_190332952741.parquet -> /tmp/minio_downloads/sales_190332952741.parquet
[2026-07-04T14:34:23.629+0000] {logging_mixin.py:188} INFO - Downloaded sales/date=2026-06-17/sales_190333020537.parquet -> /tmp/minio_downloads/sales_190333020537.parquet
[2026-07-04T14:34:23.665+0000] {logging_mixin.py:188} INFO - Downloaded sales/date=2026-06-17/sales_190333083320.parquet -> /tmp/minio_downloads/sales_190333083320.parquet
[2026-07-04T14:34:23.707+0000] {logging_mixin.py:188} INFO - Downloaded sales/date=2026-06-17/sales_190333144047.parquet -> /tmp/minio_downloads/sales_190333144047.parquet
[2026-07-04T14:34:23.753+0000] {logging_mixin.py:188} INFO - Downloaded sales/date=2026-06-17/sales_190333199765.parquet -> /tmp/minio_downloads/sales_190333199765.parquet
[2026-07-04T14:34:23.799+0000] {logging_mixin.py:188} INFO - Downloaded sales/date=2026-06-17/sales_190333270436.parquet -> /tmp/minio_downloads/sales_190333270436.parquet
[2026-07-04T14:34:23.846+0000] {logging_mixin.py:188} INFO - Downloaded sales/date=2026-06-17/sales_190333333810.parquet -> /tmp/minio_downloads/sales_190333333810.parquet
[2026-07-04T14:34:23.884+0000] {logging_mixin.py:188} INFO - Downloaded sales/date=2026-06-17/sales_190333400404.parquet -> /tmp/minio_downloads/sales_190333400404.parquet
[2026-07-04T14:34:23.922+0000] {logging_mixin.py:188} INFO - Downloaded sales/date=2026-06-17/sales_190333477650.parquet -> /tmp/minio_downloads/sales_190333477650.parquet
[2026-07-04T14:34:23.954+0000] {logging_mixin.py:188} INFO - Downloaded sales/date=2026-06-17/sales_190333552247.parquet -> /tmp/minio_downloads/sales_190333552247.parquet
[2026-07-04T14:34:23.988+0000] {logging_mixin.py:188} INFO - Downloaded sales/date=2026-06-17/sales_190333622918.parquet -> /tmp/minio_downloads/sales_190333622918.parquet
[2026-07-04T14:34:24.021+0000] {logging_mixin.py:188} INFO - Downloaded sales/date=2026-06-17/sales_190333682824.parquet -> /tmp/minio_downloads/sales_190333682824.parquet
[2026-07-04T14:34:24.054+0000] {logging_mixin.py:188} INFO - Downloaded sales/date=2026-06-17/sales_190333754981.parquet -> /tmp/minio_downloads/sales_190333754981.parquet
[2026-07-04T14:34:24.090+0000] {logging_mixin.py:188} INFO - Downloaded sales/date=2026-06-17/sales_190333826193.parquet -> /tmp/minio_downloads/sales_190333826193.parquet
[2026-07-04T14:34:24.126+0000] {logging_mixin.py:188} INFO - Downloaded sales/date=2026-06-17/sales_190333905515.parquet -> /tmp/minio_downloads/sales_190333905515.parquet
[2026-07-04T14:34:24.161+0000] {logging_mixin.py:188} INFO - Downloaded sales/date=2026-06-17/sales_190333965943.parquet -> /tmp/minio_downloads/sales_190333965943.parquet
[2026-07-04T14:34:24.199+0000] {logging_mixin.py:188} INFO - Downloaded sales/date=2026-06-17/sales_190334049437.parquet -> /tmp/minio_downloads/sales_190334049437.parquet
[2026-07-04T14:34:24.234+0000] {logging_mixin.py:188} INFO - Downloaded sales/date=2026-06-17/sales_190334100354.parquet -> /tmp/minio_downloads/sales_190334100354.parquet
[2026-07-04T14:34:24.268+0000] {logging_mixin.py:188} INFO - Downloaded sales/date=2026-06-17/sales_190334165632.parquet -> /tmp/minio_downloads/sales_190334165632.parquet
[2026-07-04T14:34:24.303+0000] {logging_mixin.py:188} INFO - Downloaded sales/date=2026-06-17/sales_190334229413.parquet -> /tmp/minio_downloads/sales_190334229413.parquet
[2026-07-04T14:34:24.338+0000] {logging_mixin.py:188} INFO - Downloaded sales/date=2026-06-17/sales_190334285481.parquet -> /tmp/minio_downloads/sales_190334285481.parquet
[2026-07-04T14:34:24.372+0000] {logging_mixin.py:188} INFO - Downloaded sales/date=2026-06-17/sales_190334358927.parquet -> /tmp/minio_downloads/sales_190334358927.parquet
[2026-07-04T14:34:24.403+0000] {logging_mixin.py:188} INFO - Downloaded sales/date=2026-06-17/sales_190334440249.parquet -> /tmp/minio_downloads/sales_190334440249.parquet
[2026-07-04T14:34:24.433+0000] {logging_mixin.py:188} INFO - Downloaded sales/date=2026-06-17/sales_190334522418.parquet -> /tmp/minio_downloads/sales_190334522418.parquet
[2026-07-04T14:34:24.469+0000] {logging_mixin.py:188} INFO - Downloaded sales/date=2026-06-17/sales_190334585994.parquet -> /tmp/minio_downloads/sales_190334585994.parquet
[2026-07-04T14:34:24.500+0000] {logging_mixin.py:188} INFO - Downloaded sales/date=2026-06-17/sales_190334664617.parquet -> /tmp/minio_downloads/sales_190334664617.parquet
[2026-07-04T14:34:24.532+0000] {logging_mixin.py:188} INFO - Downloaded sales/date=2026-06-17/sales_190334728168.parquet -> /tmp/minio_downloads/sales_190334728168.parquet
[2026-07-04T14:34:24.560+0000] {logging_mixin.py:188} INFO - Downloaded sales/date=2026-06-17/sales_190334791724.parquet -> /tmp/minio_downloads/sales_190334791724.parquet
[2026-07-04T14:34:24.592+0000] {logging_mixin.py:188} INFO - Downloaded sales/date=2026-06-17/sales_190334864076.parquet -> /tmp/minio_downloads/sales_190334864076.parquet
[2026-07-04T14:34:24.625+0000] {logging_mixin.py:188} INFO - Downloaded sales/date=2026-06-17/sales_190334928952.parquet -> /tmp/minio_downloads/sales_190334928952.parquet
[2026-07-04T14:34:24.659+0000] {logging_mixin.py:188} INFO - Downloaded sales/date=2026-06-17/sales_190335007650.parquet -> /tmp/minio_downloads/sales_190335007650.parquet
[2026-07-04T14:34:24.694+0000] {logging_mixin.py:188} INFO - Downloaded sales/date=2026-06-17/sales_190335080378.parquet -> /tmp/minio_downloads/sales_190335080378.parquet
[2026-07-04T14:34:24.727+0000] {logging_mixin.py:188} INFO - Downloaded sales/date=2026-06-17/sales_190335146172.parquet -> /tmp/minio_downloads/sales_190335146172.parquet
[2026-07-04T14:34:24.758+0000] {logging_mixin.py:188} INFO - Downloaded sales/date=2026-06-17/sales_190335204534.parquet -> /tmp/minio_downloads/sales_190335204534.parquet
[2026-07-04T14:34:24.791+0000] {logging_mixin.py:188} INFO - Downloaded sales/date=2026-06-17/sales_190335269136.parquet -> /tmp/minio_downloads/sales_190335269136.parquet
[2026-07-04T14:34:24.823+0000] {logging_mixin.py:188} INFO - Downloaded sales/date=2026-06-17/sales_190335331935.parquet -> /tmp/minio_downloads/sales_190335331935.parquet
[2026-07-04T14:34:24.859+0000] {logging_mixin.py:188} INFO - Downloaded sales/date=2026-06-17/sales_190335389736.parquet -> /tmp/minio_downloads/sales_190335389736.parquet
[2026-07-04T14:34:24.899+0000] {logging_mixin.py:188} INFO - Downloaded sales/date=2026-06-17/sales_190335461164.parquet -> /tmp/minio_downloads/sales_190335461164.parquet
[2026-07-04T14:34:24.946+0000] {logging_mixin.py:188} INFO - Downloaded sales/date=2026-06-17/sales_190335556921.parquet -> /tmp/minio_downloads/sales_190335556921.parquet
[2026-07-04T14:34:24.986+0000] {logging_mixin.py:188} INFO - Downloaded sales/date=2026-06-17/sales_190335644480.parquet -> /tmp/minio_downloads/sales_190335644480.parquet
[2026-07-04T14:34:25.028+0000] {logging_mixin.py:188} INFO - Downloaded sales/date=2026-06-17/sales_190335725664.parquet -> /tmp/minio_downloads/sales_190335725664.parquet
[2026-07-04T14:34:25.066+0000] {logging_mixin.py:188} INFO - Downloaded sales/date=2026-06-17/sales_190335882276.parquet -> /tmp/minio_downloads/sales_190335882276.parquet
[2026-07-04T14:34:25.107+0000] {logging_mixin.py:188} INFO - Downloaded sales/date=2026-06-17/sales_190335972459.parquet -> /tmp/minio_downloads/sales_190335972459.parquet
[2026-07-04T14:34:25.141+0000] {logging_mixin.py:188} INFO - Downloaded sales/date=2026-06-17/sales_190336058985.parquet -> /tmp/minio_downloads/sales_190336058985.parquet
[2026-07-04T14:34:25.175+0000] {logging_mixin.py:188} INFO - Downloaded sales/date=2026-06-17/sales_190336131146.parquet -> /tmp/minio_downloads/sales_190336131146.parquet
[2026-07-04T14:34:25.212+0000] {logging_mixin.py:188} INFO - Downloaded sales/date=2026-06-17/sales_190336222444.parquet -> /tmp/minio_downloads/sales_190336222444.parquet
[2026-07-04T14:34:25.254+0000] {logging_mixin.py:188} INFO - Downloaded sales/date=2026-06-17/sales_190336284489.parquet -> /tmp/minio_downloads/sales_190336284489.parquet
[2026-07-04T14:34:25.305+0000] {logging_mixin.py:188} INFO - Downloaded sales/date=2026-06-17/sales_190336359999.parquet -> /tmp/minio_downloads/sales_190336359999.parquet
[2026-07-04T14:34:25.345+0000] {logging_mixin.py:188} INFO - Downloaded sales/date=2026-06-17/sales_190336424251.parquet -> /tmp/minio_downloads/sales_190336424251.parquet
[2026-07-04T14:34:25.383+0000] {logging_mixin.py:188} INFO - Downloaded sales/date=2026-06-17/sales_190336501004.parquet -> /tmp/minio_downloads/sales_190336501004.parquet
[2026-07-04T14:34:25.416+0000] {logging_mixin.py:188} INFO - Downloaded sales/date=2026-06-17/sales_190336589607.parquet -> /tmp/minio_downloads/sales_190336589607.parquet
[2026-07-04T14:34:25.449+0000] {logging_mixin.py:188} INFO - Downloaded sales/date=2026-06-17/sales_190336648928.parquet -> /tmp/minio_downloads/sales_190336648928.parquet
[2026-07-04T14:34:25.485+0000] {logging_mixin.py:188} INFO - Downloaded sales/date=2026-06-17/sales_190336741961.parquet -> /tmp/minio_downloads/sales_190336741961.parquet
[2026-07-04T14:34:25.519+0000] {logging_mixin.py:188} INFO - Downloaded sales/date=2026-06-17/sales_190336824951.parquet -> /tmp/minio_downloads/sales_190336824951.parquet
[2026-07-04T14:34:25.549+0000] {logging_mixin.py:188} INFO - Downloaded sales/date=2026-06-17/sales_190336898067.parquet -> /tmp/minio_downloads/sales_190336898067.parquet
[2026-07-04T14:34:25.579+0000] {logging_mixin.py:188} INFO - Downloaded sales/date=2026-06-17/sales_190336985586.parquet -> /tmp/minio_downloads/sales_190336985586.parquet
[2026-07-04T14:34:25.610+0000] {logging_mixin.py:188} INFO - Downloaded sales/date=2026-06-17/sales_190337063886.parquet -> /tmp/minio_downloads/sales_190337063886.parquet
[2026-07-04T14:34:25.641+0000] {logging_mixin.py:188} INFO - Downloaded sales/date=2026-06-17/sales_190337132595.parquet -> /tmp/minio_downloads/sales_190337132595.parquet
[2026-07-04T14:34:25.671+0000] {logging_mixin.py:188} INFO - Downloaded sales/date=2026-06-17/sales_190337211292.parquet -> /tmp/minio_downloads/sales_190337211292.parquet
[2026-07-04T14:34:25.703+0000] {logging_mixin.py:188} INFO - Downloaded sales/date=2026-06-17/sales_190337273683.parquet -> /tmp/minio_downloads/sales_190337273683.parquet
[2026-07-04T14:34:25.734+0000] {logging_mixin.py:188} INFO - Downloaded sales/date=2026-06-17/sales_190337330367.parquet -> /tmp/minio_downloads/sales_190337330367.parquet
[2026-07-04T14:34:25.773+0000] {logging_mixin.py:188} INFO - Downloaded sales/date=2026-06-17/sales_190337395994.parquet -> /tmp/minio_downloads/sales_190337395994.parquet
[2026-07-04T14:34:28.637+0000] {logging_mixin.py:188} INFO - Downloaded stores/date=2026-06-17/stores_190411883804.parquet -> /tmp/minio_downloads/stores_190411883804.parquet
[2026-07-04T14:34:28.667+0000] {logging_mixin.py:188} INFO - Downloaded stores/date=2026-06-17/stores_190412024254.parquet -> /tmp/minio_downloads/stores_190412024254.parquet
[2026-07-04T14:34:28.696+0000] {logging_mixin.py:188} INFO - Downloaded stores/date=2026-06-17/stores_190412183617.parquet -> /tmp/minio_downloads/stores_190412183617.parquet
[2026-07-04T14:34:28.725+0000] {logging_mixin.py:188} INFO - Downloaded stores/date=2026-06-17/stores_190412301059.parquet -> /tmp/minio_downloads/stores_190412301059.parquet
[2026-07-04T14:34:28.752+0000] {logging_mixin.py:188} INFO - Downloaded stores/date=2026-06-17/stores_190412398033.parquet -> /tmp/minio_downloads/stores_190412398033.parquet
[2026-07-04T14:34:28.784+0000] {logging_mixin.py:188} INFO - Downloaded stores/date=2026-06-17/stores_190412507361.parquet -> /tmp/minio_downloads/stores_190412507361.parquet
[2026-07-04T14:34:28.814+0000] {logging_mixin.py:188} INFO - Downloaded stores/date=2026-06-17/stores_190412602845.parquet -> /tmp/minio_downloads/stores_190412602845.parquet
[2026-07-04T14:34:28.843+0000] {logging_mixin.py:188} INFO - Downloaded stores/date=2026-06-17/stores_190412709525.parquet -> /tmp/minio_downloads/stores_190412709525.parquet
[2026-07-04T14:34:28.872+0000] {logging_mixin.py:188} INFO - Downloaded stores/date=2026-06-17/stores_190412833460.parquet -> /tmp/minio_downloads/stores_190412833460.parquet
[2026-07-04T14:34:28.900+0000] {logging_mixin.py:188} INFO - Downloaded stores/date=2026-06-17/stores_190412966689.parquet -> /tmp/minio_downloads/stores_190412966689.parquet
[2026-07-04T14:34:28.933+0000] {logging_mixin.py:188} INFO - Downloaded stores/date=2026-06-17/stores_190413093069.parquet -> /tmp/minio_downloads/stores_190413093069.parquet
[2026-07-04T14:34:28.963+0000] {logging_mixin.py:188} INFO - Downloaded stores/date=2026-06-17/stores_190413265980.parquet -> /tmp/minio_downloads/stores_190413265980.parquet
[2026-07-04T14:34:28.996+0000] {logging_mixin.py:188} INFO - Downloaded stores/date=2026-06-17/stores_190413400147.parquet -> /tmp/minio_downloads/stores_190413400147.parquet
[2026-07-04T14:34:29.029+0000] {logging_mixin.py:188} INFO - Downloaded stores/date=2026-06-17/stores_190413523362.parquet -> /tmp/minio_downloads/stores_190413523362.parquet
[2026-07-04T14:34:29.061+0000] {logging_mixin.py:188} INFO - Downloaded stores/date=2026-06-17/stores_190413723414.parquet -> /tmp/minio_downloads/stores_190413723414.parquet
[2026-07-04T14:34:29.093+0000] {logging_mixin.py:188} INFO - Downloaded stores/date=2026-06-17/stores_190413857462.parquet -> /tmp/minio_downloads/stores_190413857462.parquet
[2026-07-04T14:34:29.122+0000] {logging_mixin.py:188} INFO - Downloaded stores/date=2026-06-17/stores_190414029174.parquet -> /tmp/minio_downloads/stores_190414029174.parquet
[2026-07-04T14:34:29.151+0000] {logging_mixin.py:188} INFO - Downloaded stores/date=2026-06-17/stores_190414212585.parquet -> /tmp/minio_downloads/stores_190414212585.parquet
[2026-07-04T14:34:29.180+0000] {logging_mixin.py:188} INFO - Downloaded stores/date=2026-06-17/stores_190414376894.parquet -> /tmp/minio_downloads/stores_190414376894.parquet
[2026-07-04T14:34:29.210+0000] {logging_mixin.py:188} INFO - Downloaded stores/date=2026-06-17/stores_190414520500.parquet -> /tmp/minio_downloads/stores_190414520500.parquet
[2026-07-04T14:34:29.241+0000] {logging_mixin.py:188} INFO - Downloaded stores/date=2026-06-17/stores_190414638979.parquet -> /tmp/minio_downloads/stores_190414638979.parquet
[2026-07-04T14:34:29.273+0000] {logging_mixin.py:188} INFO - Downloaded stores/date=2026-06-17/stores_190414761945.parquet -> /tmp/minio_downloads/stores_190414761945.parquet
[2026-07-04T14:34:29.301+0000] {logging_mixin.py:188} INFO - Downloaded stores/date=2026-06-17/stores_190414881103.parquet -> /tmp/minio_downloads/stores_190414881103.parquet
[2026-07-04T14:34:29.330+0000] {logging_mixin.py:188} INFO - Downloaded stores/date=2026-06-17/stores_190415008723.parquet -> /tmp/minio_downloads/stores_190415008723.parquet
[2026-07-04T14:34:29.358+0000] {logging_mixin.py:188} INFO - Downloaded stores/date=2026-06-17/stores_190415117032.parquet -> /tmp/minio_downloads/stores_190415117032.parquet
[2026-07-04T14:34:29.388+0000] {logging_mixin.py:188} INFO - Downloaded stores/date=2026-06-17/stores_190415204962.parquet -> /tmp/minio_downloads/stores_190415204962.parquet
[2026-07-04T14:34:29.416+0000] {logging_mixin.py:188} INFO - Downloaded stores/date=2026-06-17/stores_190415291652.parquet -> /tmp/minio_downloads/stores_190415291652.parquet
[2026-07-04T14:34:29.445+0000] {logging_mixin.py:188} INFO - Downloaded stores/date=2026-06-17/stores_190415378746.parquet -> /tmp/minio_downloads/stores_190415378746.parquet
[2026-07-04T14:34:29.473+0000] {logging_mixin.py:188} INFO - Downloaded stores/date=2026-06-17/stores_190415470639.parquet -> /tmp/minio_downloads/stores_190415470639.parquet
[2026-07-04T14:34:29.500+0000] {logging_mixin.py:188} INFO - Downloaded stores/date=2026-06-17/stores_190415564713.parquet -> /tmp/minio_downloads/stores_190415564713.parquet
[2026-07-04T14:34:29.532+0000] {logging_mixin.py:188} INFO - Downloaded stores/date=2026-06-17/stores_190415643408.parquet -> /tmp/minio_downloads/stores_190415643408.parquet
[2026-07-04T14:34:29.564+0000] {logging_mixin.py:188} INFO - Downloaded stores/date=2026-06-17/stores_190415732283.parquet -> /tmp/minio_downloads/stores_190415732283.parquet
[2026-07-04T14:34:29.598+0000] {logging_mixin.py:188} INFO - Downloaded stores/date=2026-06-17/stores_190415817371.parquet -> /tmp/minio_downloads/stores_190415817371.parquet
[2026-07-04T14:34:29.652+0000] {logging_mixin.py:188} INFO - Downloaded stores/date=2026-06-17/stores_190415951055.parquet -> /tmp/minio_downloads/stores_190415951055.parquet
[2026-07-04T14:34:29.695+0000] {logging_mixin.py:188} INFO - Downloaded stores/date=2026-06-17/stores_190416088900.parquet -> /tmp/minio_downloads/stores_190416088900.parquet
[2026-07-04T14:34:29.733+0000] {logging_mixin.py:188} INFO - Downloaded stores/date=2026-06-17/stores_190416187841.parquet -> /tmp/minio_downloads/stores_190416187841.parquet
[2026-07-04T14:34:29.776+0000] {logging_mixin.py:188} INFO - Downloaded stores/date=2026-06-17/stores_190416310004.parquet -> /tmp/minio_downloads/stores_190416310004.parquet
[2026-07-04T14:34:29.812+0000] {logging_mixin.py:188} INFO - Downloaded stores/date=2026-06-17/stores_190416413312.parquet -> /tmp/minio_downloads/stores_190416413312.parquet
[2026-07-04T14:34:29.848+0000] {logging_mixin.py:188} INFO - Downloaded stores/date=2026-06-17/stores_190416513386.parquet -> /tmp/minio_downloads/stores_190416513386.parquet
[2026-07-04T14:34:29.878+0000] {logging_mixin.py:188} INFO - Downloaded stores/date=2026-06-17/stores_190416605084.parquet -> /tmp/minio_downloads/stores_190416605084.parquet
[2026-07-04T14:34:29.908+0000] {logging_mixin.py:188} INFO - Downloaded stores/date=2026-06-17/stores_190416697110.parquet -> /tmp/minio_downloads/stores_190416697110.parquet
[2026-07-04T14:34:29.938+0000] {logging_mixin.py:188} INFO - Downloaded stores/date=2026-06-17/stores_190416790423.parquet -> /tmp/minio_downloads/stores_190416790423.parquet
[2026-07-04T14:34:29.967+0000] {logging_mixin.py:188} INFO - Downloaded stores/date=2026-06-17/stores_190416889539.parquet -> /tmp/minio_downloads/stores_190416889539.parquet
[2026-07-04T14:34:29.998+0000] {logging_mixin.py:188} INFO - Downloaded stores/date=2026-06-17/stores_190416992126.parquet -> /tmp/minio_downloads/stores_190416992126.parquet
[2026-07-04T14:34:30.031+0000] {logging_mixin.py:188} INFO - Downloaded stores/date=2026-06-17/stores_190417088795.parquet -> /tmp/minio_downloads/stores_190417088795.parquet
[2026-07-04T14:34:30.061+0000] {logging_mixin.py:188} INFO - Downloaded stores/date=2026-06-17/stores_190417176596.parquet -> /tmp/minio_downloads/stores_190417176596.parquet
[2026-07-04T14:34:30.102+0000] {logging_mixin.py:188} INFO - Downloaded stores/date=2026-06-17/stores_190417285728.parquet -> /tmp/minio_downloads/stores_190417285728.parquet
[2026-07-04T14:34:30.141+0000] {logging_mixin.py:188} INFO - Downloaded stores/date=2026-06-17/stores_190417487863.parquet -> /tmp/minio_downloads/stores_190417487863.parquet
[2026-07-04T14:34:30.182+0000] {logging_mixin.py:188} INFO - Downloaded stores/date=2026-06-17/stores_190417595625.parquet -> /tmp/minio_downloads/stores_190417595625.parquet
[2026-07-04T14:34:30.220+0000] {logging_mixin.py:188} INFO - Downloaded stores/date=2026-06-17/stores_190417705264.parquet -> /tmp/minio_downloads/stores_190417705264.parquet
[2026-07-04T14:34:30.254+0000] {logging_mixin.py:188} INFO - Downloaded stores/date=2026-06-17/stores_190417790333.parquet -> /tmp/minio_downloads/stores_190417790333.parquet
[2026-07-04T14:34:30.285+0000] {logging_mixin.py:188} INFO - Downloaded stores/date=2026-06-17/stores_190417886292.parquet -> /tmp/minio_downloads/stores_190417886292.parquet
[2026-07-04T14:34:30.319+0000] {logging_mixin.py:188} INFO - Downloaded stores/date=2026-06-17/stores_190417976182.parquet -> /tmp/minio_downloads/stores_190417976182.parquet
[2026-07-04T14:34:30.355+0000] {logging_mixin.py:188} INFO - Downloaded stores/date=2026-06-17/stores_190418058644.parquet -> /tmp/minio_downloads/stores_190418058644.parquet
[2026-07-04T14:34:30.390+0000] {logging_mixin.py:188} INFO - Downloaded stores/date=2026-06-17/stores_190418149859.parquet -> /tmp/minio_downloads/stores_190418149859.parquet
[2026-07-04T14:34:30.422+0000] {logging_mixin.py:188} INFO - Downloaded stores/date=2026-06-17/stores_190418243801.parquet -> /tmp/minio_downloads/stores_190418243801.parquet
[2026-07-04T14:34:30.452+0000] {logging_mixin.py:188} INFO - Downloaded stores/date=2026-06-17/stores_190418328943.parquet -> /tmp/minio_downloads/stores_190418328943.parquet
[2026-07-04T14:34:30.483+0000] {logging_mixin.py:188} INFO - Downloaded stores/date=2026-06-17/stores_190418404486.parquet -> /tmp/minio_downloads/stores_190418404486.parquet
[2026-07-04T14:34:30.514+0000] {logging_mixin.py:188} INFO - Downloaded stores/date=2026-06-17/stores_190418478950.parquet -> /tmp/minio_downloads/stores_190418478950.parquet
[2026-07-04T14:34:30.545+0000] {logging_mixin.py:188} INFO - Downloaded stores/date=2026-06-17/stores_190418566028.parquet -> /tmp/minio_downloads/stores_190418566028.parquet
[2026-07-04T14:34:30.576+0000] {logging_mixin.py:188} INFO - Downloaded stores/date=2026-06-17/stores_190418656295.parquet -> /tmp/minio_downloads/stores_190418656295.parquet
[2026-07-04T14:34:30.606+0000] {logging_mixin.py:188} INFO - Downloaded stores/date=2026-06-17/stores_190418751371.parquet -> /tmp/minio_downloads/stores_190418751371.parquet
[2026-07-04T14:34:30.636+0000] {logging_mixin.py:188} INFO - Downloaded stores/date=2026-06-17/stores_190418835708.parquet -> /tmp/minio_downloads/stores_190418835708.parquet
[2026-07-04T14:34:30.670+0000] {logging_mixin.py:188} INFO - Downloaded stores/date=2026-06-17/stores_190418926499.parquet -> /tmp/minio_downloads/stores_190418926499.parquet
[2026-07-04T14:34:30.701+0000] {logging_mixin.py:188} INFO - Downloaded stores/date=2026-06-17/stores_190419084981.parquet -> /tmp/minio_downloads/stores_190419084981.parquet
[2026-07-04T14:34:30.733+0000] {logging_mixin.py:188} INFO - Downloaded stores/date=2026-06-17/stores_190419189519.parquet -> /tmp/minio_downloads/stores_190419189519.parquet
[2026-07-04T14:34:30.764+0000] {logging_mixin.py:188} INFO - Downloaded stores/date=2026-06-17/stores_190419290519.parquet -> /tmp/minio_downloads/stores_190419290519.parquet
[2026-07-04T14:34:30.795+0000] {logging_mixin.py:188} INFO - Downloaded stores/date=2026-06-17/stores_190419393751.parquet -> /tmp/minio_downloads/stores_190419393751.parquet
[2026-07-04T14:34:30.827+0000] {logging_mixin.py:188} INFO - Downloaded stores/date=2026-06-17/stores_190419475651.parquet -> /tmp/minio_downloads/stores_190419475651.parquet
[2026-07-04T14:34:30.857+0000] {logging_mixin.py:188} INFO - Downloaded stores/date=2026-06-17/stores_190419566328.parquet -> /tmp/minio_downloads/stores_190419566328.parquet
[2026-07-04T14:34:30.887+0000] {logging_mixin.py:188} INFO - Downloaded stores/date=2026-06-17/stores_190419661897.parquet -> /tmp/minio_downloads/stores_190419661897.parquet
[2026-07-04T14:34:30.917+0000] {logging_mixin.py:188} INFO - Downloaded stores/date=2026-06-17/stores_190419754343.parquet -> /tmp/minio_downloads/stores_190419754343.parquet
[2026-07-04T14:34:30.947+0000] {logging_mixin.py:188} INFO - Downloaded stores/date=2026-06-17/stores_190419844183.parquet -> /tmp/minio_downloads/stores_190419844183.parquet
[2026-07-04T14:34:30.978+0000] {logging_mixin.py:188} INFO - Downloaded stores/date=2026-06-17/stores_190419934996.parquet -> /tmp/minio_downloads/stores_190419934996.parquet
[2026-07-04T14:34:31.010+0000] {logging_mixin.py:188} INFO - Downloaded stores/date=2026-06-17/stores_190420030109.parquet -> /tmp/minio_downloads/stores_190420030109.parquet
[2026-07-04T14:34:31.045+0000] {logging_mixin.py:188} INFO - Downloaded stores/date=2026-06-17/stores_190420118440.parquet -> /tmp/minio_downloads/stores_190420118440.parquet
[2026-07-04T14:34:31.079+0000] {logging_mixin.py:188} INFO - Downloaded stores/date=2026-06-17/stores_190420208786.parquet -> /tmp/minio_downloads/stores_190420208786.parquet
[2026-07-04T14:34:31.120+0000] {logging_mixin.py:188} INFO - Downloaded stores/date=2026-06-17/stores_190420324798.parquet -> /tmp/minio_downloads/stores_190420324798.parquet
[2026-07-04T14:34:31.186+0000] {logging_mixin.py:188} INFO - Downloaded stores/date=2026-06-17/stores_190420426394.parquet -> /tmp/minio_downloads/stores_190420426394.parquet
[2026-07-04T14:34:31.246+0000] {logging_mixin.py:188} INFO - Downloaded stores/date=2026-06-17/stores_190420519998.parquet -> /tmp/minio_downloads/stores_190420519998.parquet
[2026-07-04T14:34:31.288+0000] {logging_mixin.py:188} INFO - Downloaded stores/date=2026-06-17/stores_190420616700.parquet -> /tmp/minio_downloads/stores_190420616700.parquet
[2026-07-04T14:34:31.334+0000] {logging_mixin.py:188} INFO - Downloaded stores/date=2026-06-17/stores_190420715729.parquet -> /tmp/minio_downloads/stores_190420715729.parquet
[2026-07-04T14:34:31.385+0000] {logging_mixin.py:188} INFO - Downloaded stores/date=2026-06-17/stores_190420801955.parquet -> /tmp/minio_downloads/stores_190420801955.parquet
[2026-07-04T14:34:31.438+0000] {logging_mixin.py:188} INFO - Downloaded stores/date=2026-06-17/stores_190420901461.parquet -> /tmp/minio_downloads/stores_190420901461.parquet
[2026-07-04T14:34:31.480+0000] {logging_mixin.py:188} INFO - Downloaded stores/date=2026-06-17/stores_190420993055.parquet -> /tmp/minio_downloads/stores_190420993055.parquet
[2026-07-04T14:34:31.519+0000] {logging_mixin.py:188} INFO - Downloaded stores/date=2026-06-17/stores_190421096758.parquet -> /tmp/minio_downloads/stores_190421096758.parquet
[2026-07-04T14:34:31.554+0000] {logging_mixin.py:188} INFO - Downloaded stores/date=2026-06-17/stores_190421216569.parquet -> /tmp/minio_downloads/stores_190421216569.parquet
[2026-07-04T14:34:31.587+0000] {logging_mixin.py:188} INFO - Downloaded stores/date=2026-06-17/stores_190421321719.parquet -> /tmp/minio_downloads/stores_190421321719.parquet
[2026-07-04T14:34:31.620+0000] {logging_mixin.py:188} INFO - Downloaded stores/date=2026-06-17/stores_190421425613.parquet -> /tmp/minio_downloads/stores_190421425613.parquet
[2026-07-04T14:34:31.654+0000] {logging_mixin.py:188} INFO - Downloaded stores/date=2026-06-17/stores_190421520816.parquet -> /tmp/minio_downloads/stores_190421520816.parquet
[2026-07-04T14:34:31.694+0000] {logging_mixin.py:188} INFO - Downloaded stores/date=2026-06-17/stores_190421615091.parquet -> /tmp/minio_downloads/stores_190421615091.parquet
[2026-07-04T14:34:31.734+0000] {logging_mixin.py:188} INFO - Downloaded stores/date=2026-06-17/stores_190421703908.parquet -> /tmp/minio_downloads/stores_190421703908.parquet
[2026-07-04T14:34:31.777+0000] {logging_mixin.py:188} INFO - Downloaded stores/date=2026-06-17/stores_190421787499.parquet -> /tmp/minio_downloads/stores_190421787499.parquet
[2026-07-04T14:34:31.828+0000] {logging_mixin.py:188} INFO - Downloaded stores/date=2026-06-17/stores_190421896614.parquet -> /tmp/minio_downloads/stores_190421896614.parquet
[2026-07-04T14:34:31.893+0000] {logging_mixin.py:188} INFO - Downloaded stores/date=2026-06-17/stores_190422002135.parquet -> /tmp/minio_downloads/stores_190422002135.parquet
[2026-07-04T14:34:31.958+0000] {logging_mixin.py:188} INFO - Downloaded stores/date=2026-06-17/stores_190422113181.parquet -> /tmp/minio_downloads/stores_190422113181.parquet
[2026-07-04T14:34:32.002+0000] {logging_mixin.py:188} INFO - Downloaded stores/date=2026-06-17/stores_190422246784.parquet -> /tmp/minio_downloads/stores_190422246784.parquet
[2026-07-04T14:34:32.051+0000] {logging_mixin.py:188} INFO - Downloaded stores/date=2026-06-17/stores_190422365437.parquet -> /tmp/minio_downloads/stores_190422365437.parquet
[2026-07-04T14:34:32.413+0000] {logging_mixin.py:188} INFO - Downloaded stores/date=2026-06-17/stores_190422499589.parquet -> /tmp/minio_downloads/stores_190422499589.parquet
[2026-07-04T14:34:32.452+0000] {logging_mixin.py:188} INFO - Downloaded stores/date=2026-06-17/stores_190422626984.parquet -> /tmp/minio_downloads/stores_190422626984.parquet
[2026-07-04T14:34:32.495+0000] {logging_mixin.py:188} INFO - Downloaded stores/date=2026-06-17/stores_190422737980.parquet -> /tmp/minio_downloads/stores_190422737980.parquet
[2026-07-04T14:34:32.535+0000] {logging_mixin.py:188} INFO - Downloaded stores/date=2026-06-17/stores_190422860715.parquet -> /tmp/minio_downloads/stores_190422860715.parquet
[2026-07-04T14:34:32.573+0000] {logging_mixin.py:188} INFO - Downloaded stores/date=2026-06-17/stores_190423030721.parquet -> /tmp/minio_downloads/stores_190423030721.parquet
[2026-07-04T14:34:32.610+0000] {logging_mixin.py:188} INFO - Downloaded stores/date=2026-06-17/stores_190423146184.parquet -> /tmp/minio_downloads/stores_190423146184.parquet
[2026-07-04T14:34:32.648+0000] {logging_mixin.py:188} INFO - Downloaded stores/date=2026-06-17/stores_190423277855.parquet -> /tmp/minio_downloads/stores_190423277855.parquet
[2026-07-04T14:34:32.689+0000] {logging_mixin.py:188} INFO - Downloaded stores/date=2026-06-17/stores_190423424921.parquet -> /tmp/minio_downloads/stores_190423424921.parquet
[2026-07-04T14:34:32.729+0000] {logging_mixin.py:188} INFO - Downloaded stores/date=2026-06-17/stores_190423596290.parquet -> /tmp/minio_downloads/stores_190423596290.parquet
[2026-07-04T14:34:32.771+0000] {logging_mixin.py:188} INFO - Downloaded stores/date=2026-06-17/stores_190423726853.parquet -> /tmp/minio_downloads/stores_190423726853.parquet
[2026-07-04T14:34:32.809+0000] {logging_mixin.py:188} INFO - Downloaded stores/date=2026-06-17/stores_190423851895.parquet -> /tmp/minio_downloads/stores_190423851895.parquet
[2026-07-04T14:34:32.843+0000] {logging_mixin.py:188} INFO - Downloaded stores/date=2026-06-17/stores_190423987197.parquet -> /tmp/minio_downloads/stores_190423987197.parquet
[2026-07-04T14:34:32.878+0000] {logging_mixin.py:188} INFO - Downloaded stores/date=2026-06-17/stores_190424123350.parquet -> /tmp/minio_downloads/stores_190424123350.parquet
[2026-07-04T14:34:32.913+0000] {logging_mixin.py:188} INFO - Downloaded stores/date=2026-06-17/stores_190424383365.parquet -> /tmp/minio_downloads/stores_190424383365.parquet
[2026-07-04T14:34:32.947+0000] {logging_mixin.py:188} INFO - Downloaded stores/date=2026-06-17/stores_190424501157.parquet -> /tmp/minio_downloads/stores_190424501157.parquet
[2026-07-04T14:34:32.984+0000] {logging_mixin.py:188} INFO - Downloaded stores/date=2026-06-17/stores_190424630949.parquet -> /tmp/minio_downloads/stores_190424630949.parquet
[2026-07-04T14:34:33.019+0000] {logging_mixin.py:188} INFO - Downloaded stores/date=2026-06-17/stores_190424781800.parquet -> /tmp/minio_downloads/stores_190424781800.parquet
[2026-07-04T14:34:33.052+0000] {logging_mixin.py:188} INFO - Downloaded stores/date=2026-06-17/stores_190424965248.parquet -> /tmp/minio_downloads/stores_190424965248.parquet
[2026-07-04T14:34:33.086+0000] {logging_mixin.py:188} INFO - Downloaded stores/date=2026-06-17/stores_190425133364.parquet -> /tmp/minio_downloads/stores_190425133364.parquet
[2026-07-04T14:34:33.118+0000] {logging_mixin.py:188} INFO - Downloaded stores/date=2026-06-17/stores_190425276386.parquet -> /tmp/minio_downloads/stores_190425276386.parquet
[2026-07-04T14:34:33.150+0000] {logging_mixin.py:188} INFO - Downloaded stores/date=2026-06-17/stores_190425403411.parquet -> /tmp/minio_downloads/stores_190425403411.parquet
[2026-07-04T14:34:33.185+0000] {logging_mixin.py:188} INFO - Downloaded stores/date=2026-06-17/stores_190425507049.parquet -> /tmp/minio_downloads/stores_190425507049.parquet
[2026-07-04T14:34:33.223+0000] {logging_mixin.py:188} INFO - Downloaded stores/date=2026-06-17/stores_190425626809.parquet -> /tmp/minio_downloads/stores_190425626809.parquet
[2026-07-04T14:34:33.259+0000] {logging_mixin.py:188} INFO - Downloaded stores/date=2026-06-17/stores_190425750348.parquet -> /tmp/minio_downloads/stores_190425750348.parquet
[2026-07-04T14:34:33.295+0000] {logging_mixin.py:188} INFO - Downloaded stores/date=2026-06-17/stores_190425850523.parquet -> /tmp/minio_downloads/stores_190425850523.parquet
[2026-07-04T14:34:33.331+0000] {logging_mixin.py:188} INFO - Downloaded stores/date=2026-06-17/stores_190425972859.parquet -> /tmp/minio_downloads/stores_190425972859.parquet
[2026-07-04T14:34:33.362+0000] {logging_mixin.py:188} INFO - Downloaded stores/date=2026-06-17/stores_190426068505.parquet -> /tmp/minio_downloads/stores_190426068505.parquet
[2026-07-04T14:34:33.394+0000] {logging_mixin.py:188} INFO - Downloaded stores/date=2026-06-17/stores_190426161880.parquet -> /tmp/minio_downloads/stores_190426161880.parquet
[2026-07-04T14:34:33.424+0000] {logging_mixin.py:188} INFO - Downloaded stores/date=2026-06-17/stores_190426266947.parquet -> /tmp/minio_downloads/stores_190426266947.parquet
[2026-07-04T14:34:33.453+0000] {logging_mixin.py:188} INFO - Downloaded stores/date=2026-06-17/stores_190426401603.parquet -> /tmp/minio_downloads/stores_190426401603.parquet
[2026-07-04T14:34:33.485+0000] {logging_mixin.py:188} INFO - Downloaded stores/date=2026-06-17/stores_190426514721.parquet -> /tmp/minio_downloads/stores_190426514721.parquet
[2026-07-04T14:34:33.516+0000] {logging_mixin.py:188} INFO - Downloaded stores/date=2026-06-17/stores_190426610447.parquet -> /tmp/minio_downloads/stores_190426610447.parquet
[2026-07-04T14:34:33.548+0000] {logging_mixin.py:188} INFO - Downloaded stores/date=2026-06-17/stores_190426695082.parquet -> /tmp/minio_downloads/stores_190426695082.parquet
[2026-07-04T14:34:33.580+0000] {logging_mixin.py:188} INFO - Downloaded stores/date=2026-06-17/stores_190426770777.parquet -> /tmp/minio_downloads/stores_190426770777.parquet
[2026-07-04T14:34:33.614+0000] {logging_mixin.py:188} INFO - Downloaded stores/date=2026-06-17/stores_190426834748.parquet -> /tmp/minio_downloads/stores_190426834748.parquet
[2026-07-04T14:34:33.648+0000] {logging_mixin.py:188} INFO - Downloaded stores/date=2026-06-17/stores_190426934191.parquet -> /tmp/minio_downloads/stores_190426934191.parquet
[2026-07-04T14:34:33.682+0000] {logging_mixin.py:188} INFO - Downloaded stores/date=2026-06-17/stores_190427045464.parquet -> /tmp/minio_downloads/stores_190427045464.parquet
[2026-07-04T14:34:33.718+0000] {logging_mixin.py:188} INFO - Downloaded stores/date=2026-06-17/stores_190427142106.parquet -> /tmp/minio_downloads/stores_190427142106.parquet
[2026-07-04T14:34:33.755+0000] {logging_mixin.py:188} INFO - Downloaded stores/date=2026-06-17/stores_190427228962.parquet -> /tmp/minio_downloads/stores_190427228962.parquet
[2026-07-04T14:34:33.787+0000] {logging_mixin.py:188} INFO - Downloaded stores/date=2026-06-17/stores_190427308320.parquet -> /tmp/minio_downloads/stores_190427308320.parquet
[2026-07-04T14:34:33.819+0000] {logging_mixin.py:188} INFO - Downloaded stores/date=2026-06-17/stores_190427384429.parquet -> /tmp/minio_downloads/stores_190427384429.parquet
[2026-07-04T14:34:33.851+0000] {logging_mixin.py:188} INFO - Downloaded stores/date=2026-06-17/stores_190427465904.parquet -> /tmp/minio_downloads/stores_190427465904.parquet
[2026-07-04T14:34:33.883+0000] {logging_mixin.py:188} INFO - Downloaded stores/date=2026-06-17/stores_190427597769.parquet -> /tmp/minio_downloads/stores_190427597769.parquet
[2026-07-04T14:34:33.914+0000] {logging_mixin.py:188} INFO - Downloaded stores/date=2026-06-17/stores_190427682887.parquet -> /tmp/minio_downloads/stores_190427682887.parquet
[2026-07-04T14:34:33.945+0000] {logging_mixin.py:188} INFO - Downloaded stores/date=2026-06-17/stores_190427775373.parquet -> /tmp/minio_downloads/stores_190427775373.parquet
[2026-07-04T14:34:33.975+0000] {logging_mixin.py:188} INFO - Downloaded stores/date=2026-06-17/stores_190427856474.parquet -> /tmp/minio_downloads/stores_190427856474.parquet
[2026-07-04T14:34:34.006+0000] {logging_mixin.py:188} INFO - Downloaded stores/date=2026-06-17/stores_190427932022.parquet -> /tmp/minio_downloads/stores_190427932022.parquet
[2026-07-04T14:34:34.041+0000] {logging_mixin.py:188} INFO - Downloaded stores/date=2026-06-17/stores_190428013139.parquet -> /tmp/minio_downloads/stores_190428013139.parquet
[2026-07-04T14:34:34.076+0000] {logging_mixin.py:188} INFO - Downloaded stores/date=2026-06-17/stores_190428094501.parquet -> /tmp/minio_downloads/stores_190428094501.parquet
[2026-07-04T14:34:34.114+0000] {logging_mixin.py:188} INFO - Downloaded stores/date=2026-06-17/stores_190428179812.parquet -> /tmp/minio_downloads/stores_190428179812.parquet
[2026-07-04T14:34:34.175+0000] {logging_mixin.py:188} INFO - Downloaded stores/date=2026-06-17/stores_190428260723.parquet -> /tmp/minio_downloads/stores_190428260723.parquet
[2026-07-04T14:34:34.233+0000] {logging_mixin.py:188} INFO - Downloaded stores/date=2026-06-17/stores_190428349932.parquet -> /tmp/minio_downloads/stores_190428349932.parquet
[2026-07-04T14:34:34.283+0000] {logging_mixin.py:188} INFO - Downloaded stores/date=2026-06-17/stores_190428433914.parquet -> /tmp/minio_downloads/stores_190428433914.parquet
[2026-07-04T14:34:34.332+0000] {logging_mixin.py:188} INFO - Downloaded stores/date=2026-06-17/stores_190428518406.parquet -> /tmp/minio_downloads/stores_190428518406.parquet
[2026-07-04T14:34:34.384+0000] {logging_mixin.py:188} INFO - Downloaded stores/date=2026-06-17/stores_190428596599.parquet -> /tmp/minio_downloads/stores_190428596599.parquet
[2026-07-04T14:34:34.422+0000] {logging_mixin.py:188} INFO - Downloaded stores/date=2026-06-17/stores_190428702484.parquet -> /tmp/minio_downloads/stores_190428702484.parquet
[2026-07-04T14:34:34.454+0000] {logging_mixin.py:188} INFO - Downloaded stores/date=2026-06-17/stores_190428828353.parquet -> /tmp/minio_downloads/stores_190428828353.parquet
[2026-07-04T14:34:34.486+0000] {logging_mixin.py:188} INFO - Downloaded stores/date=2026-06-17/stores_190428953122.parquet -> /tmp/minio_downloads/stores_190428953122.parquet
[2026-07-04T14:34:34.521+0000] {logging_mixin.py:188} INFO - Downloaded stores/date=2026-06-17/stores_190429058830.parquet -> /tmp/minio_downloads/stores_190429058830.parquet
[2026-07-04T14:34:34.557+0000] {logging_mixin.py:188} INFO - Downloaded stores/date=2026-06-17/stores_190429164237.parquet -> /tmp/minio_downloads/stores_190429164237.parquet
[2026-07-04T14:34:34.593+0000] {logging_mixin.py:188} INFO - Downloaded stores/date=2026-06-17/stores_190429297972.parquet -> /tmp/minio_downloads/stores_190429297972.parquet
[2026-07-04T14:34:34.626+0000] {logging_mixin.py:188} INFO - Downloaded stores/date=2026-06-17/stores_190429421706.parquet -> /tmp/minio_downloads/stores_190429421706.parquet
[2026-07-04T14:34:34.660+0000] {logging_mixin.py:188} INFO - Downloaded stores/date=2026-06-17/stores_190429518108.parquet -> /tmp/minio_downloads/stores_190429518108.parquet
[2026-07-04T14:34:34.694+0000] {logging_mixin.py:188} INFO - Downloaded stores/date=2026-06-17/stores_190429619288.parquet -> /tmp/minio_downloads/stores_190429619288.parquet
[2026-07-04T14:34:34.731+0000] {logging_mixin.py:188} INFO - Downloaded stores/date=2026-06-17/stores_190429753046.parquet -> /tmp/minio_downloads/stores_190429753046.parquet
[2026-07-04T14:34:34.761+0000] {logging_mixin.py:188} INFO - Downloaded stores/date=2026-06-17/stores_190429857367.parquet -> /tmp/minio_downloads/stores_190429857367.parquet
[2026-07-04T14:34:34.793+0000] {logging_mixin.py:188} INFO - Downloaded stores/date=2026-06-17/stores_190429940162.parquet -> /tmp/minio_downloads/stores_190429940162.parquet
[2026-07-04T14:34:34.823+0000] {logging_mixin.py:188} INFO - Downloaded stores/date=2026-06-17/stores_190430037728.parquet -> /tmp/minio_downloads/stores_190430037728.parquet
[2026-07-04T14:34:34.855+0000] {logging_mixin.py:188} INFO - Downloaded stores/date=2026-06-17/stores_190430123927.parquet -> /tmp/minio_downloads/stores_190430123927.parquet
[2026-07-04T14:34:34.887+0000] {logging_mixin.py:188} INFO - Downloaded stores/date=2026-06-17/stores_190430207906.parquet -> /tmp/minio_downloads/stores_190430207906.parquet
[2026-07-04T14:34:34.918+0000] {logging_mixin.py:188} INFO - Downloaded stores/date=2026-06-17/stores_190430292220.parquet -> /tmp/minio_downloads/stores_190430292220.parquet
[2026-07-04T14:34:34.948+0000] {logging_mixin.py:188} INFO - Downloaded stores/date=2026-06-17/stores_190430373568.parquet -> /tmp/minio_downloads/stores_190430373568.parquet
[2026-07-04T14:34:34.978+0000] {logging_mixin.py:188} INFO - Downloaded stores/date=2026-06-17/stores_190430459201.parquet -> /tmp/minio_downloads/stores_190430459201.parquet
[2026-07-04T14:34:35.009+0000] {logging_mixin.py:188} INFO - Downloaded stores/date=2026-06-17/stores_190430559004.parquet -> /tmp/minio_downloads/stores_190430559004.parquet
[2026-07-04T14:34:35.040+0000] {logging_mixin.py:188} INFO - Downloaded stores/date=2026-06-17/stores_190430651460.parquet -> /tmp/minio_downloads/stores_190430651460.parquet
[2026-07-04T14:34:35.069+0000] {logging_mixin.py:188} INFO - Downloaded stores/date=2026-06-17/stores_190430735753.parquet -> /tmp/minio_downloads/stores_190430735753.parquet
[2026-07-04T14:34:35.100+0000] {logging_mixin.py:188} INFO - Downloaded stores/date=2026-06-17/stores_190430821602.parquet -> /tmp/minio_downloads/stores_190430821602.parquet
[2026-07-04T14:34:35.135+0000] {logging_mixin.py:188} INFO - Downloaded stores/date=2026-06-17/stores_190430898614.parquet -> /tmp/minio_downloads/stores_190430898614.parquet
[2026-07-04T14:34:35.169+0000] {logging_mixin.py:188} INFO - Downloaded stores/date=2026-06-17/stores_190431000259.parquet -> /tmp/minio_downloads/stores_190431000259.parquet
[2026-07-04T14:34:35.204+0000] {logging_mixin.py:188} INFO - Downloaded stores/date=2026-06-17/stores_190431097658.parquet -> /tmp/minio_downloads/stores_190431097658.parquet
[2026-07-04T14:34:35.239+0000] {logging_mixin.py:188} INFO - Downloaded stores/date=2026-06-17/stores_190431195956.parquet -> /tmp/minio_downloads/stores_190431195956.parquet
[2026-07-04T14:34:35.273+0000] {logging_mixin.py:188} INFO - Downloaded stores/date=2026-06-17/stores_190431289542.parquet -> /tmp/minio_downloads/stores_190431289542.parquet
[2026-07-04T14:34:35.304+0000] {logging_mixin.py:188} INFO - Downloaded stores/date=2026-06-17/stores_190431388134.parquet -> /tmp/minio_downloads/stores_190431388134.parquet
[2026-07-04T14:34:35.335+0000] {logging_mixin.py:188} INFO - Downloaded stores/date=2026-06-17/stores_190431530744.parquet -> /tmp/minio_downloads/stores_190431530744.parquet
[2026-07-04T14:34:35.364+0000] {logging_mixin.py:188} INFO - Downloaded stores/date=2026-06-17/stores_190431680829.parquet -> /tmp/minio_downloads/stores_190431680829.parquet
[2026-07-04T14:34:35.393+0000] {logging_mixin.py:188} INFO - Downloaded stores/date=2026-06-17/stores_190431872513.parquet -> /tmp/minio_downloads/stores_190431872513.parquet
[2026-07-04T14:34:35.422+0000] {logging_mixin.py:188} INFO - Downloaded stores/date=2026-06-17/stores_190432037449.parquet -> /tmp/minio_downloads/stores_190432037449.parquet
[2026-07-04T14:34:35.451+0000] {logging_mixin.py:188} INFO - Downloaded stores/date=2026-06-17/stores_190432191652.parquet -> /tmp/minio_downloads/stores_190432191652.parquet
[2026-07-04T14:34:35.480+0000] {logging_mixin.py:188} INFO - Downloaded stores/date=2026-06-17/stores_190432325548.parquet -> /tmp/minio_downloads/stores_190432325548.parquet
[2026-07-04T14:34:35.509+0000] {logging_mixin.py:188} INFO - Downloaded stores/date=2026-06-17/stores_190432442091.parquet -> /tmp/minio_downloads/stores_190432442091.parquet
[2026-07-04T14:34:35.539+0000] {logging_mixin.py:188} INFO - Downloaded stores/date=2026-06-17/stores_190432547463.parquet -> /tmp/minio_downloads/stores_190432547463.parquet
[2026-07-04T14:34:35.567+0000] {logging_mixin.py:188} INFO - Downloaded stores/date=2026-06-17/stores_190432659567.parquet -> /tmp/minio_downloads/stores_190432659567.parquet
[2026-07-04T14:34:35.595+0000] {logging_mixin.py:188} INFO - Downloaded stores/date=2026-06-17/stores_190432774600.parquet -> /tmp/minio_downloads/stores_190432774600.parquet
[2026-07-04T14:34:35.622+0000] {logging_mixin.py:188} INFO - Downloaded stores/date=2026-06-17/stores_190432882053.parquet -> /tmp/minio_downloads/stores_190432882053.parquet
[2026-07-04T14:34:35.648+0000] {logging_mixin.py:188} INFO - Downloaded stores/date=2026-06-17/stores_190433087095.parquet -> /tmp/minio_downloads/stores_190433087095.parquet
[2026-07-04T14:34:35.676+0000] {logging_mixin.py:188} INFO - Downloaded stores/date=2026-06-17/stores_190433191323.parquet -> /tmp/minio_downloads/stores_190433191323.parquet
[2026-07-04T14:34:35.704+0000] {logging_mixin.py:188} INFO - Downloaded stores/date=2026-06-17/stores_190433292390.parquet -> /tmp/minio_downloads/stores_190433292390.parquet
[2026-07-04T14:34:35.733+0000] {logging_mixin.py:188} INFO - Downloaded stores/date=2026-06-17/stores_190433385601.parquet -> /tmp/minio_downloads/stores_190433385601.parquet
[2026-07-04T14:34:35.762+0000] {logging_mixin.py:188} INFO - Downloaded stores/date=2026-06-17/stores_190433478981.parquet -> /tmp/minio_downloads/stores_190433478981.parquet
[2026-07-04T14:34:35.795+0000] {logging_mixin.py:188} INFO - Downloaded stores/date=2026-06-17/stores_190433580254.parquet -> /tmp/minio_downloads/stores_190433580254.parquet
[2026-07-04T14:34:35.828+0000] {logging_mixin.py:188} INFO - Downloaded stores/date=2026-06-17/stores_190433710802.parquet -> /tmp/minio_downloads/stores_190433710802.parquet
[2026-07-04T14:34:35.862+0000] {logging_mixin.py:188} INFO - Downloaded stores/date=2026-06-17/stores_190433834096.parquet -> /tmp/minio_downloads/stores_190433834096.parquet
[2026-07-04T14:34:35.893+0000] {logging_mixin.py:188} INFO - Downloaded stores/date=2026-06-17/stores_190433948519.parquet -> /tmp/minio_downloads/stores_190433948519.parquet
[2026-07-04T14:34:35.926+0000] {logging_mixin.py:188} INFO - Downloaded stores/date=2026-06-17/stores_190434054928.parquet -> /tmp/minio_downloads/stores_190434054928.parquet
[2026-07-04T14:34:35.958+0000] {logging_mixin.py:188} INFO - Downloaded stores/date=2026-06-17/stores_190434153273.parquet -> /tmp/minio_downloads/stores_190434153273.parquet
[2026-07-04T14:34:35.988+0000] {logging_mixin.py:188} INFO - Downloaded stores/date=2026-06-17/stores_190434264956.parquet -> /tmp/minio_downloads/stores_190434264956.parquet
[2026-07-04T14:34:36.018+0000] {logging_mixin.py:188} INFO - Downloaded stores/date=2026-06-17/stores_190434371246.parquet -> /tmp/minio_downloads/stores_190434371246.parquet
[2026-07-04T14:34:36.047+0000] {logging_mixin.py:188} INFO - Downloaded stores/date=2026-06-17/stores_190434467927.parquet -> /tmp/minio_downloads/stores_190434467927.parquet
[2026-07-04T14:34:36.076+0000] {logging_mixin.py:188} INFO - Downloaded stores/date=2026-06-17/stores_190434556188.parquet -> /tmp/minio_downloads/stores_190434556188.parquet
[2026-07-04T14:34:36.104+0000] {logging_mixin.py:188} INFO - Downloaded stores/date=2026-06-17/stores_190434658671.parquet -> /tmp/minio_downloads/stores_190434658671.parquet
[2026-07-04T14:34:36.132+0000] {logging_mixin.py:188} INFO - Downloaded stores/date=2026-06-17/stores_190434738818.parquet -> /tmp/minio_downloads/stores_190434738818.parquet
[2026-07-04T14:34:36.161+0000] {logging_mixin.py:188} INFO - Downloaded stores/date=2026-06-17/stores_190434838349.parquet -> /tmp/minio_downloads/stores_190434838349.parquet
[2026-07-04T14:34:36.189+0000] {logging_mixin.py:188} INFO - Downloaded stores/date=2026-06-17/stores_190434938318.parquet -> /tmp/minio_downloads/stores_190434938318.parquet
[2026-07-04T14:34:36.217+0000] {logging_mixin.py:188} INFO - Downloaded stores/date=2026-06-17/stores_190435036457.parquet -> /tmp/minio_downloads/stores_190435036457.parquet
[2026-07-04T14:34:36.245+0000] {logging_mixin.py:188} INFO - Downloaded stores/date=2026-06-17/stores_190435122518.parquet -> /tmp/minio_downloads/stores_190435122518.parquet
[2026-07-04T14:34:36.280+0000] {logging_mixin.py:188} INFO - Downloaded stores/date=2026-06-17/stores_190435220938.parquet -> /tmp/minio_downloads/stores_190435220938.parquet
[2026-07-04T14:34:36.309+0000] {logging_mixin.py:188} INFO - Downloaded stores/date=2026-06-17/stores_190435305720.parquet -> /tmp/minio_downloads/stores_190435305720.parquet
[2026-07-04T14:34:36.337+0000] {logging_mixin.py:188} INFO - Downloaded stores/date=2026-06-17/stores_190435389014.parquet -> /tmp/minio_downloads/stores_190435389014.parquet
[2026-07-04T14:34:36.365+0000] {logging_mixin.py:188} INFO - Downloaded stores/date=2026-06-17/stores_190435489571.parquet -> /tmp/minio_downloads/stores_190435489571.parquet
[2026-07-04T14:34:36.396+0000] {logging_mixin.py:188} INFO - Downloaded stores/date=2026-06-17/stores_190435581637.parquet -> /tmp/minio_downloads/stores_190435581637.parquet
[2026-07-04T14:34:36.431+0000] {logging_mixin.py:188} INFO - Downloaded stores/date=2026-06-17/stores_190435674081.parquet -> /tmp/minio_downloads/stores_190435674081.parquet
[2026-07-04T14:34:36.465+0000] {logging_mixin.py:188} INFO - Downloaded stores/date=2026-06-17/stores_190435794521.parquet -> /tmp/minio_downloads/stores_190435794521.parquet
[2026-07-04T14:34:36.498+0000] {logging_mixin.py:188} INFO - Downloaded stores/date=2026-06-17/stores_190436034282.parquet -> /tmp/minio_downloads/stores_190436034282.parquet
[2026-07-04T14:34:36.536+0000] {logging_mixin.py:188} INFO - Downloaded stores/date=2026-06-17/stores_190436234577.parquet -> /tmp/minio_downloads/stores_190436234577.parquet
[2026-07-04T14:34:36.576+0000] {logging_mixin.py:188} INFO - Downloaded stores/date=2026-06-17/stores_190436394813.parquet -> /tmp/minio_downloads/stores_190436394813.parquet
[2026-07-04T14:34:36.620+0000] {logging_mixin.py:188} INFO - Downloaded stores/date=2026-06-17/stores_190436493887.parquet -> /tmp/minio_downloads/stores_190436493887.parquet
[2026-07-04T14:34:36.661+0000] {logging_mixin.py:188} INFO - Downloaded stores/date=2026-06-17/stores_190436586634.parquet -> /tmp/minio_downloads/stores_190436586634.parquet
[2026-07-04T14:34:36.704+0000] {logging_mixin.py:188} INFO - Downloaded stores/date=2026-06-17/stores_190436684525.parquet -> /tmp/minio_downloads/stores_190436684525.parquet
[2026-07-04T14:34:36.736+0000] {logging_mixin.py:188} INFO - Downloaded stores/date=2026-06-17/stores_190436797397.parquet -> /tmp/minio_downloads/stores_190436797397.parquet
[2026-07-04T14:34:36.768+0000] {logging_mixin.py:188} INFO - Downloaded stores/date=2026-06-17/stores_190436906458.parquet -> /tmp/minio_downloads/stores_190436906458.parquet
[2026-07-04T14:34:36.801+0000] {logging_mixin.py:188} INFO - Downloaded stores/date=2026-06-17/stores_190437018381.parquet -> /tmp/minio_downloads/stores_190437018381.parquet
[2026-07-04T14:34:36.833+0000] {logging_mixin.py:188} INFO - Downloaded stores/date=2026-06-17/stores_190437116272.parquet -> /tmp/minio_downloads/stores_190437116272.parquet
[2026-07-04T14:34:36.867+0000] {logging_mixin.py:188} INFO - Downloaded stores/date=2026-06-17/stores_190437215336.parquet -> /tmp/minio_downloads/stores_190437215336.parquet
[2026-07-04T14:34:36.897+0000] {logging_mixin.py:188} INFO - Downloaded stores/date=2026-06-17/stores_190437301629.parquet -> /tmp/minio_downloads/stores_190437301629.parquet
[2026-07-04T14:34:36.929+0000] {logging_mixin.py:188} INFO - Downloaded stores/date=2026-06-17/stores_190437388706.parquet -> /tmp/minio_downloads/stores_190437388706.parquet
[2026-07-04T14:34:36.960+0000] {logging_mixin.py:188} INFO - Downloaded stores/date=2026-06-17/stores_190437492305.parquet -> /tmp/minio_downloads/stores_190437492305.parquet
[2026-07-04T14:34:36.990+0000] {logging_mixin.py:188} INFO - Downloaded stores/date=2026-06-17/stores_190437586289.parquet -> /tmp/minio_downloads/stores_190437586289.parquet
[2026-07-04T14:34:37.020+0000] {logging_mixin.py:188} INFO - Downloaded stores/date=2026-06-17/stores_190437679639.parquet -> /tmp/minio_downloads/stores_190437679639.parquet
[2026-07-04T14:34:37.049+0000] {logging_mixin.py:188} INFO - Downloaded stores/date=2026-06-17/stores_190437782280.parquet -> /tmp/minio_downloads/stores_190437782280.parquet
[2026-07-04T14:34:37.079+0000] {logging_mixin.py:188} INFO - Downloaded stores/date=2026-06-17/stores_190437882054.parquet -> /tmp/minio_downloads/stores_190437882054.parquet
[2026-07-04T14:34:37.110+0000] {logging_mixin.py:188} INFO - Downloaded stores/date=2026-06-17/stores_190437969664.parquet -> /tmp/minio_downloads/stores_190437969664.parquet
[2026-07-04T14:34:37.140+0000] {logging_mixin.py:188} INFO - Downloaded stores/date=2026-06-17/stores_190438743176.parquet -> /tmp/minio_downloads/stores_190438743176.parquet
[2026-07-04T14:34:37.170+0000] {logging_mixin.py:188} INFO - Downloaded stores/date=2026-06-17/stores_190438844208.parquet -> /tmp/minio_downloads/stores_190438844208.parquet
[2026-07-04T14:34:37.201+0000] {logging_mixin.py:188} INFO - Downloaded stores/date=2026-06-17/stores_190438931331.parquet -> /tmp/minio_downloads/stores_190438931331.parquet
[2026-07-04T14:34:37.230+0000] {logging_mixin.py:188} INFO - Downloaded stores/date=2026-06-17/stores_190439005493.parquet -> /tmp/minio_downloads/stores_190439005493.parquet
[2026-07-04T14:34:37.260+0000] {logging_mixin.py:188} INFO - Downloaded stores/date=2026-06-17/stores_190439093463.parquet -> /tmp/minio_downloads/stores_190439093463.parquet
[2026-07-04T14:34:37.291+0000] {logging_mixin.py:188} INFO - Downloaded stores/date=2026-06-17/stores_190439172688.parquet -> /tmp/minio_downloads/stores_190439172688.parquet
[2026-07-04T14:34:37.322+0000] {logging_mixin.py:188} INFO - Downloaded stores/date=2026-06-17/stores_190439254433.parquet -> /tmp/minio_downloads/stores_190439254433.parquet
[2026-07-04T14:34:37.354+0000] {logging_mixin.py:188} INFO - Downloaded stores/date=2026-06-17/stores_190439327945.parquet -> /tmp/minio_downloads/stores_190439327945.parquet
[2026-07-04T14:34:37.384+0000] {logging_mixin.py:188} INFO - Downloaded stores/date=2026-06-17/stores_190439442136.parquet -> /tmp/minio_downloads/stores_190439442136.parquet
[2026-07-04T14:34:37.417+0000] {logging_mixin.py:188} INFO - Downloaded stores/date=2026-06-17/stores_190439570614.parquet -> /tmp/minio_downloads/stores_190439570614.parquet
[2026-07-04T14:34:37.450+0000] {logging_mixin.py:188} INFO - Downloaded stores/date=2026-06-17/stores_190439692246.parquet -> /tmp/minio_downloads/stores_190439692246.parquet
[2026-07-04T14:34:37.483+0000] {logging_mixin.py:188} INFO - Downloaded stores/date=2026-06-17/stores_190439797707.parquet -> /tmp/minio_downloads/stores_190439797707.parquet
[2026-07-04T14:34:37.513+0000] {logging_mixin.py:188} INFO - Downloaded stores/date=2026-06-17/stores_190439922706.parquet -> /tmp/minio_downloads/stores_190439922706.parquet
[2026-07-04T14:34:37.544+0000] {logging_mixin.py:188} INFO - Downloaded stores/date=2026-06-17/stores_190440039624.parquet -> /tmp/minio_downloads/stores_190440039624.parquet
[2026-07-04T14:34:37.577+0000] {logging_mixin.py:188} INFO - Downloaded stores/date=2026-06-17/stores_190440145901.parquet -> /tmp/minio_downloads/stores_190440145901.parquet
[2026-07-04T14:34:37.610+0000] {logging_mixin.py:188} INFO - Downloaded stores/date=2026-06-17/stores_190440248413.parquet -> /tmp/minio_downloads/stores_190440248413.parquet
[2026-07-04T14:34:37.642+0000] {logging_mixin.py:188} INFO - Downloaded stores/date=2026-06-17/stores_190440371479.parquet -> /tmp/minio_downloads/stores_190440371479.parquet
[2026-07-04T14:34:37.675+0000] {logging_mixin.py:188} INFO - Downloaded stores/date=2026-06-17/stores_190440479025.parquet -> /tmp/minio_downloads/stores_190440479025.parquet
[2026-07-04T14:34:37.704+0000] {logging_mixin.py:188} INFO - Downloaded stores/date=2026-06-17/stores_190440583002.parquet -> /tmp/minio_downloads/stores_190440583002.parquet
[2026-07-04T14:34:37.733+0000] {logging_mixin.py:188} INFO - Downloaded stores/date=2026-06-17/stores_190440675403.parquet -> /tmp/minio_downloads/stores_190440675403.parquet
[2026-07-04T14:34:37.764+0000] {logging_mixin.py:188} INFO - Downloaded stores/date=2026-06-17/stores_190440760611.parquet -> /tmp/minio_downloads/stores_190440760611.parquet
[2026-07-04T14:34:37.795+0000] {logging_mixin.py:188} INFO - Downloaded stores/date=2026-06-17/stores_190440872292.parquet -> /tmp/minio_downloads/stores_190440872292.parquet
[2026-07-04T14:34:37.825+0000] {logging_mixin.py:188} INFO - Downloaded stores/date=2026-06-17/stores_190440984519.parquet -> /tmp/minio_downloads/stores_190440984519.parquet
[2026-07-04T14:34:37.857+0000] {logging_mixin.py:188} INFO - Downloaded stores/date=2026-06-17/stores_190441100035.parquet -> /tmp/minio_downloads/stores_190441100035.parquet
[2026-07-04T14:34:37.891+0000] {logging_mixin.py:188} INFO - Downloaded stores/date=2026-06-17/stores_190441177309.parquet -> /tmp/minio_downloads/stores_190441177309.parquet
[2026-07-04T14:34:37.925+0000] {logging_mixin.py:188} INFO - Downloaded stores/date=2026-06-17/stores_190441279547.parquet -> /tmp/minio_downloads/stores_190441279547.parquet
[2026-07-04T14:34:37.957+0000] {logging_mixin.py:188} INFO - Downloaded stores/date=2026-06-17/stores_190441381971.parquet -> /tmp/minio_downloads/stores_190441381971.parquet
[2026-07-04T14:34:37.987+0000] {logging_mixin.py:188} INFO - Downloaded stores/date=2026-06-17/stores_190441478264.parquet -> /tmp/minio_downloads/stores_190441478264.parquet
[2026-07-04T14:34:38.020+0000] {logging_mixin.py:188} INFO - Downloaded stores/date=2026-06-17/stores_190441575532.parquet -> /tmp/minio_downloads/stores_190441575532.parquet
[2026-07-04T14:34:38.051+0000] {logging_mixin.py:188} INFO - Downloaded stores/date=2026-06-17/stores_190441663696.parquet -> /tmp/minio_downloads/stores_190441663696.parquet
[2026-07-04T14:34:38.080+0000] {logging_mixin.py:188} INFO - Downloaded stores/date=2026-06-17/stores_190441746714.parquet -> /tmp/minio_downloads/stores_190441746714.parquet
[2026-07-04T14:34:38.108+0000] {logging_mixin.py:188} INFO - Downloaded stores/date=2026-06-17/stores_190441845879.parquet -> /tmp/minio_downloads/stores_190441845879.parquet
[2026-07-04T14:34:38.136+0000] {logging_mixin.py:188} INFO - Downloaded stores/date=2026-06-17/stores_190441951190.parquet -> /tmp/minio_downloads/stores_190441951190.parquet
[2026-07-04T14:34:38.164+0000] {logging_mixin.py:188} INFO - Downloaded stores/date=2026-06-17/stores_190442039222.parquet -> /tmp/minio_downloads/stores_190442039222.parquet
[2026-07-04T14:34:38.192+0000] {logging_mixin.py:188} INFO - Downloaded stores/date=2026-06-17/stores_190442139104.parquet -> /tmp/minio_downloads/stores_190442139104.parquet
[2026-07-04T14:34:38.221+0000] {logging_mixin.py:188} INFO - Downloaded stores/date=2026-06-17/stores_190442236270.parquet -> /tmp/minio_downloads/stores_190442236270.parquet
[2026-07-04T14:34:38.250+0000] {logging_mixin.py:188} INFO - Downloaded stores/date=2026-06-17/stores_190442331274.parquet -> /tmp/minio_downloads/stores_190442331274.parquet
[2026-07-04T14:34:38.277+0000] {logging_mixin.py:188} INFO - Downloaded stores/date=2026-06-17/stores_190442413315.parquet -> /tmp/minio_downloads/stores_190442413315.parquet
[2026-07-04T14:34:38.308+0000] {logging_mixin.py:188} INFO - Downloaded stores/date=2026-06-17/stores_190442497214.parquet -> /tmp/minio_downloads/stores_190442497214.parquet
[2026-07-04T14:34:38.339+0000] {logging_mixin.py:188} INFO - Downloaded stores/date=2026-06-17/stores_190442632814.parquet -> /tmp/minio_downloads/stores_190442632814.parquet
[2026-07-04T14:34:38.371+0000] {logging_mixin.py:188} INFO - Downloaded stores/date=2026-06-17/stores_190442782620.parquet -> /tmp/minio_downloads/stores_190442782620.parquet
[2026-07-04T14:34:38.404+0000] {logging_mixin.py:188} INFO - Downloaded stores/date=2026-06-17/stores_190442899708.parquet -> /tmp/minio_downloads/stores_190442899708.parquet
[2026-07-04T14:34:38.434+0000] {logging_mixin.py:188} INFO - Downloaded stores/date=2026-06-17/stores_190442993950.parquet -> /tmp/minio_downloads/stores_190442993950.parquet
[2026-07-04T14:34:38.464+0000] {logging_mixin.py:188} INFO - Downloaded stores/date=2026-06-17/stores_190443108294.parquet -> /tmp/minio_downloads/stores_190443108294.parquet
[2026-07-04T14:34:38.493+0000] {logging_mixin.py:188} INFO - Downloaded stores/date=2026-06-17/stores_190443208744.parquet -> /tmp/minio_downloads/stores_190443208744.parquet
[2026-07-04T14:34:38.522+0000] {logging_mixin.py:188} INFO - Downloaded stores/date=2026-06-17/stores_190443372437.parquet -> /tmp/minio_downloads/stores_190443372437.parquet
[2026-07-04T14:34:38.554+0000] {logging_mixin.py:188} INFO - Downloaded stores/date=2026-06-17/stores_190443478429.parquet -> /tmp/minio_downloads/stores_190443478429.parquet
[2026-07-04T14:34:38.585+0000] {logging_mixin.py:188} INFO - Downloaded stores/date=2026-06-17/stores_190443591432.parquet -> /tmp/minio_downloads/stores_190443591432.parquet
[2026-07-04T14:34:38.618+0000] {logging_mixin.py:188} INFO - Downloaded stores/date=2026-06-17/stores_190443678099.parquet -> /tmp/minio_downloads/stores_190443678099.parquet
[2026-07-04T14:34:38.652+0000] {logging_mixin.py:188} INFO - Downloaded stores/date=2026-06-17/stores_190443765511.parquet -> /tmp/minio_downloads/stores_190443765511.parquet
[2026-07-04T14:34:38.684+0000] {logging_mixin.py:188} INFO - Downloaded stores/date=2026-06-17/stores_190443847050.parquet -> /tmp/minio_downloads/stores_190443847050.parquet
[2026-07-04T14:34:38.715+0000] {logging_mixin.py:188} INFO - Downloaded stores/date=2026-06-17/stores_190443964293.parquet -> /tmp/minio_downloads/stores_190443964293.parquet
[2026-07-04T14:34:38.743+0000] {logging_mixin.py:188} INFO - Downloaded stores/date=2026-06-17/stores_190444050956.parquet -> /tmp/minio_downloads/stores_190444050956.parquet
[2026-07-04T14:34:38.773+0000] {logging_mixin.py:188} INFO - Downloaded stores/date=2026-06-17/stores_190444157162.parquet -> /tmp/minio_downloads/stores_190444157162.parquet
[2026-07-04T14:34:38.805+0000] {logging_mixin.py:188} INFO - Downloaded stores/date=2026-06-17/stores_190444242269.parquet -> /tmp/minio_downloads/stores_190444242269.parquet
[2026-07-04T14:34:38.835+0000] {logging_mixin.py:188} INFO - Downloaded stores/date=2026-06-17/stores_190444308176.parquet -> /tmp/minio_downloads/stores_190444308176.parquet
[2026-07-04T14:34:38.867+0000] {logging_mixin.py:188} INFO - Downloaded stores/date=2026-06-17/stores_190444392379.parquet -> /tmp/minio_downloads/stores_190444392379.parquet
[2026-07-04T14:34:38.905+0000] {logging_mixin.py:188} INFO - Downloaded stores/date=2026-06-17/stores_190444474083.parquet -> /tmp/minio_downloads/stores_190444474083.parquet
[2026-07-04T14:34:38.935+0000] {logging_mixin.py:188} INFO - Downloaded stores/date=2026-06-17/stores_190444564885.parquet -> /tmp/minio_downloads/stores_190444564885.parquet
[2026-07-04T14:34:38.967+0000] {logging_mixin.py:188} INFO - Downloaded stores/date=2026-06-17/stores_190444646488.parquet -> /tmp/minio_downloads/stores_190444646488.parquet
[2026-07-04T14:34:38.996+0000] {logging_mixin.py:188} INFO - Downloaded stores/date=2026-06-17/stores_190444749571.parquet -> /tmp/minio_downloads/stores_190444749571.parquet
[2026-07-04T14:34:39.024+0000] {logging_mixin.py:188} INFO - Downloaded stores/date=2026-06-17/stores_190444852556.parquet -> /tmp/minio_downloads/stores_190444852556.parquet
[2026-07-04T14:34:39.054+0000] {logging_mixin.py:188} INFO - Downloaded stores/date=2026-06-17/stores_190444942784.parquet -> /tmp/minio_downloads/stores_190444942784.parquet
[2026-07-04T14:34:39.083+0000] {logging_mixin.py:188} INFO - Downloaded stores/date=2026-06-17/stores_190445017419.parquet -> /tmp/minio_downloads/stores_190445017419.parquet
[2026-07-04T14:34:39.112+0000] {logging_mixin.py:188} INFO - Downloaded stores/date=2026-06-17/stores_190445100348.parquet -> /tmp/minio_downloads/stores_190445100348.parquet
[2026-07-04T14:34:39.139+0000] {logging_mixin.py:188} INFO - Downloaded stores/date=2026-06-17/stores_190445200772.parquet -> /tmp/minio_downloads/stores_190445200772.parquet
[2026-07-04T14:34:39.167+0000] {logging_mixin.py:188} INFO - Downloaded stores/date=2026-06-17/stores_190445281456.parquet -> /tmp/minio_downloads/stores_190445281456.parquet
[2026-07-04T14:34:39.194+0000] {logging_mixin.py:188} INFO - Downloaded stores/date=2026-06-17/stores_190445375819.parquet -> /tmp/minio_downloads/stores_190445375819.parquet
[2026-07-04T14:34:39.225+0000] {logging_mixin.py:188} INFO - Downloaded stores/date=2026-06-17/stores_190445448940.parquet -> /tmp/minio_downloads/stores_190445448940.parquet
[2026-07-04T14:34:39.255+0000] {logging_mixin.py:188} INFO - Downloaded stores/date=2026-06-17/stores_190445524263.parquet -> /tmp/minio_downloads/stores_190445524263.parquet
[2026-07-04T14:34:39.285+0000] {logging_mixin.py:188} INFO - Downloaded stores/date=2026-06-17/stores_190445599089.parquet -> /tmp/minio_downloads/stores_190445599089.parquet
[2026-07-04T14:34:39.316+0000] {logging_mixin.py:188} INFO - Downloaded stores/date=2026-06-17/stores_190445673036.parquet -> /tmp/minio_downloads/stores_190445673036.parquet
[2026-07-04T14:34:39.352+0000] {logging_mixin.py:188} INFO - Downloaded stores/date=2026-06-17/stores_190445760900.parquet -> /tmp/minio_downloads/stores_190445760900.parquet
[2026-07-04T14:34:39.381+0000] {logging_mixin.py:188} INFO - Downloaded stores/date=2026-06-17/stores_190445847492.parquet -> /tmp/minio_downloads/stores_190445847492.parquet
[2026-07-04T14:34:39.410+0000] {logging_mixin.py:188} INFO - Downloaded stores/date=2026-06-17/stores_190445932710.parquet -> /tmp/minio_downloads/stores_190445932710.parquet
[2026-07-04T14:34:39.442+0000] {logging_mixin.py:188} INFO - Downloaded stores/date=2026-06-17/stores_190446032934.parquet -> /tmp/minio_downloads/stores_190446032934.parquet
[2026-07-04T14:34:39.471+0000] {logging_mixin.py:188} INFO - Downloaded stores/date=2026-06-17/stores_190446110694.parquet -> /tmp/minio_downloads/stores_190446110694.parquet
[2026-07-04T14:34:39.500+0000] {logging_mixin.py:188} INFO - Downloaded stores/date=2026-06-17/stores_190446191518.parquet -> /tmp/minio_downloads/stores_190446191518.parquet
[2026-07-04T14:34:39.530+0000] {logging_mixin.py:188} INFO - Downloaded stores/date=2026-06-17/stores_190446283195.parquet -> /tmp/minio_downloads/stores_190446283195.parquet
[2026-07-04T14:34:39.558+0000] {logging_mixin.py:188} INFO - Downloaded stores/date=2026-06-17/stores_190446362684.parquet -> /tmp/minio_downloads/stores_190446362684.parquet
[2026-07-04T14:34:39.586+0000] {logging_mixin.py:188} INFO - Downloaded stores/date=2026-06-17/stores_190446451054.parquet -> /tmp/minio_downloads/stores_190446451054.parquet
[2026-07-04T14:34:39.611+0000] {logging_mixin.py:188} INFO - Downloaded stores/date=2026-06-17/stores_190446541931.parquet -> /tmp/minio_downloads/stores_190446541931.parquet
[2026-07-04T14:34:39.638+0000] {logging_mixin.py:188} INFO - Downloaded stores/date=2026-06-17/stores_190446622071.parquet -> /tmp/minio_downloads/stores_190446622071.parquet
[2026-07-04T14:34:39.665+0000] {logging_mixin.py:188} INFO - Downloaded stores/date=2026-06-17/stores_190446689553.parquet -> /tmp/minio_downloads/stores_190446689553.parquet
[2026-07-04T14:34:39.691+0000] {logging_mixin.py:188} INFO - Downloaded stores/date=2026-06-17/stores_190446756842.parquet -> /tmp/minio_downloads/stores_190446756842.parquet
[2026-07-04T14:34:39.718+0000] {logging_mixin.py:188} INFO - Downloaded stores/date=2026-06-17/stores_190446830754.parquet -> /tmp/minio_downloads/stores_190446830754.parquet
[2026-07-04T14:34:39.744+0000] {logging_mixin.py:188} INFO - Downloaded stores/date=2026-06-17/stores_190446927328.parquet -> /tmp/minio_downloads/stores_190446927328.parquet
[2026-07-04T14:34:39.774+0000] {logging_mixin.py:188} INFO - Downloaded stores/date=2026-06-17/stores_190447021834.parquet -> /tmp/minio_downloads/stores_190447021834.parquet
[2026-07-04T14:34:39.802+0000] {logging_mixin.py:188} INFO - Downloaded stores/date=2026-06-17/stores_190447127099.parquet -> /tmp/minio_downloads/stores_190447127099.parquet
[2026-07-04T14:34:39.829+0000] {logging_mixin.py:188} INFO - Downloaded stores/date=2026-06-17/stores_190447212209.parquet -> /tmp/minio_downloads/stores_190447212209.parquet
[2026-07-04T14:34:39.865+0000] {logging_mixin.py:188} INFO - Downloaded stores/date=2026-06-17/stores_190447310415.parquet -> /tmp/minio_downloads/stores_190447310415.parquet
[2026-07-04T14:34:39.892+0000] {logging_mixin.py:188} INFO - Downloaded stores/date=2026-06-17/stores_190447410683.parquet -> /tmp/minio_downloads/stores_190447410683.parquet
[2026-07-04T14:34:39.920+0000] {logging_mixin.py:188} INFO - Downloaded stores/date=2026-06-17/stores_190447501166.parquet -> /tmp/minio_downloads/stores_190447501166.parquet
[2026-07-04T14:34:39.948+0000] {logging_mixin.py:188} INFO - Downloaded stores/date=2026-06-17/stores_190447596224.parquet -> /tmp/minio_downloads/stores_190447596224.parquet
[2026-07-04T14:34:39.979+0000] {logging_mixin.py:188} INFO - Downloaded stores/date=2026-06-17/stores_190447677658.parquet -> /tmp/minio_downloads/stores_190447677658.parquet
[2026-07-04T14:34:40.010+0000] {logging_mixin.py:188} INFO - Downloaded stores/date=2026-06-17/stores_190447773168.parquet -> /tmp/minio_downloads/stores_190447773168.parquet
[2026-07-04T14:34:40.037+0000] {logging_mixin.py:188} INFO - Downloaded stores/date=2026-06-17/stores_190447867671.parquet -> /tmp/minio_downloads/stores_190447867671.parquet
[2026-07-04T14:34:40.064+0000] {logging_mixin.py:188} INFO - Downloaded stores/date=2026-06-17/stores_190447955454.parquet -> /tmp/minio_downloads/stores_190447955454.parquet
[2026-07-04T14:34:40.096+0000] {logging_mixin.py:188} INFO - Downloaded stores/date=2026-06-17/stores_190448037880.parquet -> /tmp/minio_downloads/stores_190448037880.parquet
[2026-07-04T14:34:40.126+0000] {logging_mixin.py:188} INFO - Downloaded stores/date=2026-06-17/stores_190448128758.parquet -> /tmp/minio_downloads/stores_190448128758.parquet
[2026-07-04T14:34:40.156+0000] {logging_mixin.py:188} INFO - Downloaded stores/date=2026-06-17/stores_190448219080.parquet -> /tmp/minio_downloads/stores_190448219080.parquet
[2026-07-04T14:34:40.185+0000] {logging_mixin.py:188} INFO - Downloaded stores/date=2026-06-17/stores_190448292458.parquet -> /tmp/minio_downloads/stores_190448292458.parquet
[2026-07-04T14:34:40.213+0000] {logging_mixin.py:188} INFO - Downloaded stores/date=2026-06-17/stores_190448375217.parquet -> /tmp/minio_downloads/stores_190448375217.parquet
[2026-07-04T14:34:40.241+0000] {logging_mixin.py:188} INFO - Downloaded stores/date=2026-06-17/stores_190448455658.parquet -> /tmp/minio_downloads/stores_190448455658.parquet
[2026-07-04T14:34:40.267+0000] {logging_mixin.py:188} INFO - Downloaded stores/date=2026-06-17/stores_190448525051.parquet -> /tmp/minio_downloads/stores_190448525051.parquet
[2026-07-04T14:34:40.293+0000] {logging_mixin.py:188} INFO - Downloaded stores/date=2026-06-17/stores_190448598645.parquet -> /tmp/minio_downloads/stores_190448598645.parquet
[2026-07-04T14:34:40.319+0000] {logging_mixin.py:188} INFO - Downloaded stores/date=2026-06-17/stores_190448677439.parquet -> /tmp/minio_downloads/stores_190448677439.parquet
[2026-07-04T14:34:40.346+0000] {logging_mixin.py:188} INFO - Downloaded stores/date=2026-06-17/stores_190448755533.parquet -> /tmp/minio_downloads/stores_190448755533.parquet
[2026-07-04T14:34:40.374+0000] {logging_mixin.py:188} INFO - Downloaded stores/date=2026-06-17/stores_190448848686.parquet -> /tmp/minio_downloads/stores_190448848686.parquet
[2026-07-04T14:34:40.402+0000] {logging_mixin.py:188} INFO - Downloaded stores/date=2026-06-17/stores_190448945880.parquet -> /tmp/minio_downloads/stores_190448945880.parquet
[2026-07-04T14:34:40.429+0000] {logging_mixin.py:188} INFO - Downloaded stores/date=2026-06-17/stores_190449027496.parquet -> /tmp/minio_downloads/stores_190449027496.parquet
[2026-07-04T14:34:40.455+0000] {logging_mixin.py:188} INFO - Downloaded stores/date=2026-06-17/stores_190449112660.parquet -> /tmp/minio_downloads/stores_190449112660.parquet
[2026-07-04T14:34:40.482+0000] {logging_mixin.py:188} INFO - Downloaded stores/date=2026-06-17/stores_190449199597.parquet -> /tmp/minio_downloads/stores_190449199597.parquet
[2026-07-04T14:34:40.511+0000] {logging_mixin.py:188} INFO - Downloaded stores/date=2026-06-17/stores_190449285844.parquet -> /tmp/minio_downloads/stores_190449285844.parquet
[2026-07-04T14:34:40.541+0000] {logging_mixin.py:188} INFO - Downloaded stores/date=2026-06-17/stores_190449371162.parquet -> /tmp/minio_downloads/stores_190449371162.parquet
[2026-07-04T14:34:40.569+0000] {logging_mixin.py:188} INFO - Downloaded stores/date=2026-06-17/stores_190449442683.parquet -> /tmp/minio_downloads/stores_190449442683.parquet
[2026-07-04T14:34:40.596+0000] {logging_mixin.py:188} INFO - Downloaded stores/date=2026-06-17/stores_190449518958.parquet -> /tmp/minio_downloads/stores_190449518958.parquet
[2026-07-04T14:34:40.624+0000] {logging_mixin.py:188} INFO - Downloaded stores/date=2026-06-17/stores_190449588145.parquet -> /tmp/minio_downloads/stores_190449588145.parquet
[2026-07-04T14:34:40.651+0000] {logging_mixin.py:188} INFO - Downloaded stores/date=2026-06-17/stores_190449664666.parquet -> /tmp/minio_downloads/stores_190449664666.parquet
[2026-07-04T14:34:40.677+0000] {logging_mixin.py:188} INFO - Downloaded stores/date=2026-06-17/stores_190449739660.parquet -> /tmp/minio_downloads/stores_190449739660.parquet
[2026-07-04T14:34:40.702+0000] {logging_mixin.py:188} INFO - Downloaded stores/date=2026-06-17/stores_190449821857.parquet -> /tmp/minio_downloads/stores_190449821857.parquet
[2026-07-04T14:34:40.728+0000] {logging_mixin.py:188} INFO - Downloaded stores/date=2026-06-17/stores_190449903536.parquet -> /tmp/minio_downloads/stores_190449903536.parquet
[2026-07-04T14:34:40.756+0000] {logging_mixin.py:188} INFO - Downloaded stores/date=2026-06-17/stores_190449980174.parquet -> /tmp/minio_downloads/stores_190449980174.parquet
[2026-07-04T14:34:40.790+0000] {logging_mixin.py:188} INFO - Downloaded stores/date=2026-06-17/stores_190450058404.parquet -> /tmp/minio_downloads/stores_190450058404.parquet
[2026-07-04T14:34:40.827+0000] {logging_mixin.py:188} INFO - Downloaded stores/date=2026-06-17/stores_190450128104.parquet -> /tmp/minio_downloads/stores_190450128104.parquet
[2026-07-04T14:34:40.863+0000] {logging_mixin.py:188} INFO - Downloaded stores/date=2026-06-17/stores_190450197953.parquet -> /tmp/minio_downloads/stores_190450197953.parquet
[2026-07-04T14:34:40.901+0000] {logging_mixin.py:188} INFO - Downloaded stores/date=2026-06-17/stores_190450271815.parquet -> /tmp/minio_downloads/stores_190450271815.parquet
[2026-07-04T14:34:40.932+0000] {logging_mixin.py:188} INFO - Downloaded stores/date=2026-06-17/stores_190450343051.parquet -> /tmp/minio_downloads/stores_190450343051.parquet
[2026-07-04T14:34:40.964+0000] {logging_mixin.py:188} INFO - Downloaded stores/date=2026-06-17/stores_190450438931.parquet -> /tmp/minio_downloads/stores_190450438931.parquet
[2026-07-04T14:34:40.992+0000] {logging_mixin.py:188} INFO - Downloaded stores/date=2026-06-17/stores_190450511523.parquet -> /tmp/minio_downloads/stores_190450511523.parquet
[2026-07-04T14:34:41.020+0000] {logging_mixin.py:188} INFO - Downloaded stores/date=2026-06-17/stores_190450591396.parquet -> /tmp/minio_downloads/stores_190450591396.parquet
[2026-07-04T14:34:41.049+0000] {logging_mixin.py:188} INFO - Downloaded stores/date=2026-06-17/stores_190450659907.parquet -> /tmp/minio_downloads/stores_190450659907.parquet
[2026-07-04T14:34:41.077+0000] {logging_mixin.py:188} INFO - Downloaded stores/date=2026-06-17/stores_190450726360.parquet -> /tmp/minio_downloads/stores_190450726360.parquet
[2026-07-04T14:34:41.107+0000] {logging_mixin.py:188} INFO - Downloaded stores/date=2026-06-17/stores_190450802660.parquet -> /tmp/minio_downloads/stores_190450802660.parquet
[2026-07-04T14:34:41.137+0000] {logging_mixin.py:188} INFO - Downloaded stores/date=2026-06-17/stores_190450876888.parquet -> /tmp/minio_downloads/stores_190450876888.parquet
[2026-07-04T14:34:41.165+0000] {logging_mixin.py:188} INFO - Downloaded stores/date=2026-06-17/stores_190450965166.parquet -> /tmp/minio_downloads/stores_190450965166.parquet
[2026-07-04T14:34:41.194+0000] {logging_mixin.py:188} INFO - Downloaded stores/date=2026-06-17/stores_190451061105.parquet -> /tmp/minio_downloads/stores_190451061105.parquet
[2026-07-04T14:34:41.223+0000] {logging_mixin.py:188} INFO - Downloaded stores/date=2026-06-17/stores_190451170776.parquet -> /tmp/minio_downloads/stores_190451170776.parquet
[2026-07-04T14:34:41.251+0000] {logging_mixin.py:188} INFO - Downloaded stores/date=2026-06-17/stores_190451265588.parquet -> /tmp/minio_downloads/stores_190451265588.parquet
[2026-07-04T14:34:41.280+0000] {logging_mixin.py:188} INFO - Downloaded stores/date=2026-06-17/stores_190451369269.parquet -> /tmp/minio_downloads/stores_190451369269.parquet
[2026-07-04T14:34:41.307+0000] {logging_mixin.py:188} INFO - Downloaded stores/date=2026-06-17/stores_190451466068.parquet -> /tmp/minio_downloads/stores_190451466068.parquet
[2026-07-04T14:34:41.334+0000] {logging_mixin.py:188} INFO - Downloaded stores/date=2026-06-17/stores_190451557849.parquet -> /tmp/minio_downloads/stores_190451557849.parquet
[2026-07-04T14:34:41.361+0000] {logging_mixin.py:188} INFO - Downloaded stores/date=2026-06-17/stores_190451637866.parquet -> /tmp/minio_downloads/stores_190451637866.parquet
[2026-07-04T14:34:41.391+0000] {logging_mixin.py:188} INFO - Downloaded stores/date=2026-06-17/stores_190451742927.parquet -> /tmp/minio_downloads/stores_190451742927.parquet
[2026-07-04T14:34:41.393+0000] {python.py:237} INFO - Done. Returned value was: {'customers': ['/tmp/minio_downloads/customers_190118474101.parquet', '/tmp/minio_downloads/customers_190118558805.parquet', '/tmp/minio_downloads/customers_190118637451.parquet', '/tmp/minio_downloads/customers_190118704077.parquet', '/tmp/minio_downloads/customers_190118757294.parquet', '/tmp/minio_downloads/customers_190118804450.parquet', '/tmp/minio_downloads/customers_190118859377.parquet', '/tmp/minio_downloads/customers_190118909807.parquet', '/tmp/minio_downloads/customers_190118962070.parquet', '/tmp/minio_downloads/customers_190119013345.parquet', '/tmp/minio_downloads/customers_190119066490.parquet', '/tmp/minio_downloads/customers_190119139754.parquet', '/tmp/minio_downloads/customers_190119263543.parquet', '/tmp/minio_downloads/customers_190119390209.parquet', '/tmp/minio_downloads/customers_190119463358.parquet', '/tmp/minio_downloads/customers_190119548561.parquet', '/tmp/minio_downloads/customers_190119628300.parquet', '/tmp/minio_downloads/customers_190119731265.parquet', '/tmp/minio_downloads/customers_190119816203.parquet', '/tmp/minio_downloads/customers_190119905698.parquet', '/tmp/minio_downloads/customers_190120040271.parquet', '/tmp/minio_downloads/customers_190120132786.parquet', '/tmp/minio_downloads/customers_190120201937.parquet', '/tmp/minio_downloads/customers_190120279098.parquet', '/tmp/minio_downloads/customers_190120349697.parquet', '/tmp/minio_downloads/customers_190120432051.parquet', '/tmp/minio_downloads/customers_190120568706.parquet', '/tmp/minio_downloads/customers_190120649298.parquet', '/tmp/minio_downloads/customers_190120717788.parquet', '/tmp/minio_downloads/customers_190120785337.parquet', '/tmp/minio_downloads/customers_190120832918.parquet', '/tmp/minio_downloads/customers_190120902521.parquet', '/tmp/minio_downloads/customers_190120964409.parquet', '/tmp/minio_downloads/customers_190121020503.parquet', '/tmp/minio_downloads/customers_190121089337.parquet', '/tmp/minio_downloads/customers_190121147140.parquet', '/tmp/minio_downloads/customers_190121236766.parquet', '/tmp/minio_downloads/customers_190121314374.parquet', '/tmp/minio_downloads/customers_190121389208.parquet', '/tmp/minio_downloads/customers_190121470589.parquet', '/tmp/minio_downloads/customers_190121557173.parquet', '/tmp/minio_downloads/customers_190121635672.parquet', '/tmp/minio_downloads/customers_190121708765.parquet', '/tmp/minio_downloads/customers_190121774496.parquet', '/tmp/minio_downloads/customers_190121828872.parquet', '/tmp/minio_downloads/customers_190121884665.parquet', '/tmp/minio_downloads/customers_190121936133.parquet', '/tmp/minio_downloads/customers_190121986968.parquet', '/tmp/minio_downloads/customers_190122038502.parquet', '/tmp/minio_downloads/customers_190122087552.parquet', '/tmp/minio_downloads/customers_190122199861.parquet', '/tmp/minio_downloads/customers_190122288107.parquet', '/tmp/minio_downloads/customers_190122362702.parquet', '/tmp/minio_downloads/customers_190122426397.parquet', '/tmp/minio_downloads/customers_190122496594.parquet', '/tmp/minio_downloads/customers_190122575921.parquet', '/tmp/minio_downloads/customers_190122666732.parquet', '/tmp/minio_downloads/customers_190122744017.parquet', '/tmp/minio_downloads/customers_190122803790.parquet', '/tmp/minio_downloads/customers_190122866720.parquet', '/tmp/minio_downloads/customers_190122917755.parquet', '/tmp/minio_downloads/customers_190122965839.parquet', '/tmp/minio_downloads/customers_190123017563.parquet', '/tmp/minio_downloads/customers_190123087773.parquet', '/tmp/minio_downloads/customers_190123155911.parquet', '/tmp/minio_downloads/customers_190123225422.parquet', '/tmp/minio_downloads/customers_190123295060.parquet', '/tmp/minio_downloads/customers_190123375883.parquet', '/tmp/minio_downloads/customers_190123461445.parquet', '/tmp/minio_downloads/customers_190123549403.parquet', '/tmp/minio_downloads/customers_190123629735.parquet', '/tmp/minio_downloads/customers_190123712537.parquet', '/tmp/minio_downloads/customers_190123785855.parquet', '/tmp/minio_downloads/customers_190123852768.parquet', '/tmp/minio_downloads/customers_190123936501.parquet', '/tmp/minio_downloads/customers_190124033849.parquet', '/tmp/minio_downloads/customers_190124166322.parquet', '/tmp/minio_downloads/customers_190124239295.parquet', '/tmp/minio_downloads/customers_190124308641.parquet', '/tmp/minio_downloads/customers_190124367126.parquet', '/tmp/minio_downloads/customers_190124438120.parquet', '/tmp/minio_downloads/customers_190124506813.parquet', '/tmp/minio_downloads/customers_190124577918.parquet', '/tmp/minio_downloads/customers_190124645052.parquet', '/tmp/minio_downloads/customers_190124698144.parquet', '/tmp/minio_downloads/customers_190124750698.parquet', '/tmp/minio_downloads/customers_190124860523.parquet', '/tmp/minio_downloads/customers_190124942262.parquet', '/tmp/minio_downloads/customers_190125013131.parquet', '/tmp/minio_downloads/customers_190125105286.parquet', '/tmp/minio_downloads/customers_190125202440.parquet', '/tmp/minio_downloads/customers_190125298099.parquet', '/tmp/minio_downloads/customers_190125375584.parquet', '/tmp/minio_downloads/customers_190125437993.parquet', '/tmp/minio_downloads/customers_190125502586.parquet', '/tmp/minio_downloads/customers_190125580897.parquet', '/tmp/minio_downloads/customers_190125642474.parquet', '/tmp/minio_downloads/customers_190125701048.parquet', '/tmp/minio_downloads/customers_190125761080.parquet', '/tmp/minio_downloads/customers_190125833530.parquet', '/tmp/minio_downloads/customers_190125898658.parquet', '/tmp/minio_downloads/customers_190125975991.parquet', '/tmp/minio_downloads/customers_190126066822.parquet', '/tmp/minio_downloads/customers_190126198505.parquet', '/tmp/minio_downloads/customers_190126301475.parquet', '/tmp/minio_downloads/customers_190126398593.parquet', '/tmp/minio_downloads/customers_190126533501.parquet', '/tmp/minio_downloads/customers_190126611796.parquet', '/tmp/minio_downloads/customers_190126673708.parquet', '/tmp/minio_downloads/customers_190126725267.parquet', '/tmp/minio_downloads/customers_190126787313.parquet', '/tmp/minio_downloads/customers_190126855392.parquet', '/tmp/minio_downloads/customers_190126906171.parquet', '/tmp/minio_downloads/customers_190126961049.parquet', '/tmp/minio_downloads/customers_190127014299.parquet', '/tmp/minio_downloads/customers_190127077863.parquet', '/tmp/minio_downloads/customers_190127230270.parquet', '/tmp/minio_downloads/customers_190127379217.parquet', '/tmp/minio_downloads/customers_190127480731.parquet', '/tmp/minio_downloads/customers_190127588343.parquet', '/tmp/minio_downloads/customers_190127655023.parquet', '/tmp/minio_downloads/customers_190127718661.parquet', '/tmp/minio_downloads/customers_190127807503.parquet', '/tmp/minio_downloads/customers_190127875342.parquet', '/tmp/minio_downloads/customers_190127934037.parquet', '/tmp/minio_downloads/customers_190127986063.parquet', '/tmp/minio_downloads/customers_190128037403.parquet', '/tmp/minio_downloads/customers_190128094155.parquet', '/tmp/minio_downloads/customers_190128153350.parquet', '/tmp/minio_downloads/customers_190128208574.parquet', '/tmp/minio_downloads/customers_190128269321.parquet', '/tmp/minio_downloads/customers_190128431709.parquet', '/tmp/minio_downloads/customers_190128531915.parquet', '/tmp/minio_downloads/customers_190128627723.parquet', '/tmp/minio_downloads/customers_190128728340.parquet', '/tmp/minio_downloads/customers_190128798458.parquet', '/tmp/minio_downloads/customers_190128859676.parquet', '/tmp/minio_downloads/customers_190128933072.parquet', '/tmp/minio_downloads/customers_190129009410.parquet', '/tmp/minio_downloads/customers_190129066318.parquet', '/tmp/minio_downloads/customers_190129134200.parquet', '/tmp/minio_downloads/customers_190129228717.parquet', '/tmp/minio_downloads/customers_190129346180.parquet', '/tmp/minio_downloads/customers_190129451553.parquet', '/tmp/minio_downloads/customers_190129526392.parquet', '/tmp/minio_downloads/customers_190129605212.parquet', '/tmp/minio_downloads/customers_190129695196.parquet', '/tmp/minio_downloads/customers_190129776918.parquet', '/tmp/minio_downloads/customers_190129832175.parquet', '/tmp/minio_downloads/customers_190129890474.parquet', '/tmp/minio_downloads/customers_190129953507.parquet', '/tmp/minio_downloads/customers_190130013760.parquet', '/tmp/minio_downloads/customers_190130073802.parquet', '/tmp/minio_downloads/customers_190130138955.parquet', '/tmp/minio_downloads/customers_190130228190.parquet', '/tmp/minio_downloads/customers_190130320235.parquet', '/tmp/minio_downloads/customers_190130463414.parquet', '/tmp/minio_downloads/customers_190130642884.parquet', '/tmp/minio_downloads/customers_190130717184.parquet', '/tmp/minio_downloads/customers_190130808820.parquet', '/tmp/minio_downloads/customers_190130916199.parquet', '/tmp/minio_downloads/customers_190131003963.parquet', '/tmp/minio_downloads/customers_190131072490.parquet', '/tmp/minio_downloads/customers_190131132290.parquet', '/tmp/minio_downloads/customers_190131197231.parquet', '/tmp/minio_downloads/customers_190131284048.parquet', '/tmp/minio_downloads/customers_190131351632.parquet', '/tmp/minio_downloads/customers_190131412820.parquet', '/tmp/minio_downloads/customers_190131477522.parquet', '/tmp/minio_downloads/customers_190131556821.parquet', '/tmp/minio_downloads/customers_190131630829.parquet', '/tmp/minio_downloads/customers_190131759153.parquet', '/tmp/minio_downloads/customers_190131874052.parquet', '/tmp/minio_downloads/customers_190131957224.parquet', '/tmp/minio_downloads/customers_190132020731.parquet', '/tmp/minio_downloads/customers_190132095530.parquet', '/tmp/minio_downloads/customers_190132190842.parquet', '/tmp/minio_downloads/customers_190132257908.parquet', '/tmp/minio_downloads/customers_190132336735.parquet', '/tmp/minio_downloads/customers_190132397476.parquet', '/tmp/minio_downloads/customers_190132457332.parquet', '/tmp/minio_downloads/customers_190132511945.parquet', '/tmp/minio_downloads/customers_190132569070.parquet', '/tmp/minio_downloads/customers_190132629049.parquet', '/tmp/minio_downloads/customers_190132688276.parquet', '/tmp/minio_downloads/customers_190132778792.parquet', '/tmp/minio_downloads/customers_190132897929.parquet', '/tmp/minio_downloads/customers_190132989487.parquet', '/tmp/minio_downloads/customers_190133056824.parquet', '/tmp/minio_downloads/customers_190133121817.parquet', '/tmp/minio_downloads/customers_190133207008.parquet', '/tmp/minio_downloads/customers_190133294815.parquet', '/tmp/minio_downloads/customers_190133373555.parquet', '/tmp/minio_downloads/customers_190133435257.parquet', '/tmp/minio_downloads/customers_190133483896.parquet', '/tmp/minio_downloads/customers_190133536221.parquet', '/tmp/minio_downloads/customers_190133607984.parquet', '/tmp/minio_downloads/customers_190133687814.parquet', '/tmp/minio_downloads/customers_190133755829.parquet', '/tmp/minio_downloads/customers_190133820634.parquet', '/tmp/minio_downloads/customers_190133887302.parquet', '/tmp/minio_downloads/customers_190133997058.parquet', '/tmp/minio_downloads/customers_190134107120.parquet', '/tmp/minio_downloads/customers_190134177669.parquet', '/tmp/minio_downloads/customers_190134250035.parquet', '/tmp/minio_downloads/customers_190134360713.parquet', '/tmp/minio_downloads/customers_190134433874.parquet', '/tmp/minio_downloads/customers_190134494634.parquet', '/tmp/minio_downloads/customers_190134552884.parquet', '/tmp/minio_downloads/customers_190134677072.parquet', '/tmp/minio_downloads/customers_190134754871.parquet', '/tmp/minio_downloads/customers_190134813898.parquet', '/tmp/minio_downloads/customers_190134868592.parquet', '/tmp/minio_downloads/customers_190134926130.parquet', '/tmp/minio_downloads/customers_190134999617.parquet', '/tmp/minio_downloads/customers_190135107340.parquet', '/tmp/minio_downloads/customers_190135172475.parquet', '/tmp/minio_downloads/customers_190135244286.parquet', '/tmp/minio_downloads/customers_190135325711.parquet', '/tmp/minio_downloads/customers_190135429417.parquet', '/tmp/minio_downloads/customers_190135510140.parquet', '/tmp/minio_downloads/customers_190135568172.parquet', '/tmp/minio_downloads/customers_190135623504.parquet', '/tmp/minio_downloads/customers_190135674345.parquet', '/tmp/minio_downloads/customers_190135739430.parquet', '/tmp/minio_downloads/customers_190135807360.parquet', '/tmp/minio_downloads/customers_190135888235.parquet', '/tmp/minio_downloads/customers_190135947589.parquet', '/tmp/minio_downloads/customers_190135998103.parquet', '/tmp/minio_downloads/customers_190136061849.parquet', '/tmp/minio_downloads/customers_190136167996.parquet', '/tmp/minio_downloads/customers_190136257354.parquet', '/tmp/minio_downloads/customers_190136337224.parquet', '/tmp/minio_downloads/customers_190136431571.parquet', '/tmp/minio_downloads/customers_190136503854.parquet', '/tmp/minio_downloads/customers_190136560538.parquet', '/tmp/minio_downloads/customers_190136621534.parquet', '/tmp/minio_downloads/customers_190136680399.parquet', '/tmp/minio_downloads/customers_190136741933.parquet', '/tmp/minio_downloads/customers_190136820157.parquet', '/tmp/minio_downloads/customers_190136887851.parquet', '/tmp/minio_downloads/customers_190136946066.parquet', '/tmp/minio_downloads/customers_190137004434.parquet', '/tmp/minio_downloads/customers_190137101677.parquet', '/tmp/minio_downloads/customers_190137255608.parquet', '/tmp/minio_downloads/customers_190137346229.parquet', '/tmp/minio_downloads/customers_190137423200.parquet', '/tmp/minio_downloads/customers_190137525213.parquet', '/tmp/minio_downloads/customers_190137610662.parquet', '/tmp/minio_downloads/customers_190137678559.parquet', '/tmp/minio_downloads/customers_190137736461.parquet', '/tmp/minio_downloads/customers_190137787947.parquet', '/tmp/minio_downloads/customers_190137839219.parquet', '/tmp/minio_downloads/customers_190137888382.parquet', '/tmp/minio_downloads/customers_190137935832.parquet', '/tmp/minio_downloads/customers_190137986486.parquet', '/tmp/minio_downloads/customers_190138038505.parquet', '/tmp/minio_downloads/customers_190138107616.parquet', '/tmp/minio_downloads/customers_190138169555.parquet', '/tmp/minio_downloads/customers_190138226465.parquet', '/tmp/minio_downloads/customers_190138304921.parquet', '/tmp/minio_downloads/customers_190138364174.parquet', '/tmp/minio_downloads/customers_190138432863.parquet', '/tmp/minio_downloads/customers_190138495682.parquet', '/tmp/minio_downloads/customers_190138578969.parquet', '/tmp/minio_downloads/customers_190138651839.parquet', '/tmp/minio_downloads/customers_190138721874.parquet', '/tmp/minio_downloads/customers_190138789535.parquet', '/tmp/minio_downloads/customers_190138845434.parquet', '/tmp/minio_downloads/customers_190138905662.parquet', '/tmp/minio_downloads/customers_190138968687.parquet', '/tmp/minio_downloads/customers_190139031810.parquet', '/tmp/minio_downloads/customers_190139087380.parquet', '/tmp/minio_downloads/customers_190139142629.parquet', '/tmp/minio_downloads/customers_190139224460.parquet', '/tmp/minio_downloads/customers_190139336847.parquet', '/tmp/minio_downloads/customers_190139446805.parquet', '/tmp/minio_downloads/customers_190139537292.parquet', '/tmp/minio_downloads/customers_190139614237.parquet', '/tmp/minio_downloads/customers_190139685084.parquet', '/tmp/minio_downloads/customers_190139752979.parquet', '/tmp/minio_downloads/customers_190139809536.parquet', '/tmp/minio_downloads/customers_190139865207.parquet', '/tmp/minio_downloads/customers_190139920838.parquet', '/tmp/minio_downloads/customers_190140018171.parquet', '/tmp/minio_downloads/customers_190140106906.parquet', '/tmp/minio_downloads/customers_190140180645.parquet', '/tmp/minio_downloads/customers_190140245926.parquet', '/tmp/minio_downloads/customers_190140303625.parquet', '/tmp/minio_downloads/customers_190140373289.parquet', '/tmp/minio_downloads/customers_190140482555.parquet', '/tmp/minio_downloads/customers_190140574962.parquet', '/tmp/minio_downloads/customers_190140645381.parquet', '/tmp/minio_downloads/customers_190140714886.parquet', '/tmp/minio_downloads/customers_190140792916.parquet', '/tmp/minio_downloads/customers_190140855292.parquet', '/tmp/minio_downloads/customers_190140915544.parquet', '/tmp/minio_downloads/customers_190140970565.parquet', '/tmp/minio_downloads/customers_190141025800.parquet', '/tmp/minio_downloads/customers_190141085798.parquet', '/tmp/minio_downloads/customers_190141143360.parquet', '/tmp/minio_downloads/customers_190141207606.parquet', '/tmp/minio_downloads/customers_190141272924.parquet', '/tmp/minio_downloads/customers_190141331653.parquet', '/tmp/minio_downloads/customers_190141384064.parquet', '/tmp/minio_downloads/customers_190141452758.parquet', '/tmp/minio_downloads/customers_190141523955.parquet', '/tmp/minio_downloads/customers_190141601091.parquet', '/tmp/minio_downloads/customers_190141666860.parquet', '/tmp/minio_downloads/customers_190141734317.parquet', '/tmp/minio_downloads/customers_190141797223.parquet', '/tmp/minio_downloads/customers_190141855437.parquet', '/tmp/minio_downloads/customers_190141909809.parquet', '/tmp/minio_downloads/customers_190141963132.parquet', '/tmp/minio_downloads/customers_190142031820.parquet', '/tmp/minio_downloads/customers_190142133562.parquet', '/tmp/minio_downloads/customers_190142200156.parquet', '/tmp/minio_downloads/customers_190142276412.parquet', '/tmp/minio_downloads/customers_190142357783.parquet', '/tmp/minio_downloads/customers_190142437611.parquet', '/tmp/minio_downloads/customers_190142517058.parquet', '/tmp/minio_downloads/customers_190142591045.parquet', '/tmp/minio_downloads/customers_190142671609.parquet', '/tmp/minio_downloads/customers_190142733046.parquet', '/tmp/minio_downloads/customers_190142868857.parquet', '/tmp/minio_downloads/customers_190143012723.parquet', '/tmp/minio_downloads/customers_190143114526.parquet', '/tmp/minio_downloads/customers_190143210657.parquet', '/tmp/minio_downloads/customers_190143266079.parquet', '/tmp/minio_downloads/customers_190143342983.parquet', '/tmp/minio_downloads/customers_190143422918.parquet', '/tmp/minio_downloads/customers_190143486297.parquet', '/tmp/minio_downloads/customers_190143554839.parquet', '/tmp/minio_downloads/customers_190143631809.parquet', '/tmp/minio_downloads/customers_190143720153.parquet', '/tmp/minio_downloads/customers_190143814757.parquet', '/tmp/minio_downloads/customers_190143914687.parquet', '/tmp/minio_downloads/customers_190144016870.parquet', '/tmp/minio_downloads/customers_190144097760.parquet', '/tmp/minio_downloads/customers_190144165362.parquet', '/tmp/minio_downloads/customers_190144219895.parquet', '/tmp/minio_downloads/customers_190144276140.parquet', '/tmp/minio_downloads/customers_190144335636.parquet', '/tmp/minio_downloads/customers_190144391424.parquet', '/tmp/minio_downloads/customers_190144468677.parquet', '/tmp/minio_downloads/customers_190144557018.parquet', '/tmp/minio_downloads/customers_190144678194.parquet', '/tmp/minio_downloads/customers_190144790046.parquet', '/tmp/minio_downloads/customers_190144876994.parquet', '/tmp/minio_downloads/customers_190144948552.parquet', '/tmp/minio_downloads/customers_190145016670.parquet', '/tmp/minio_downloads/customers_190145082851.parquet', '/tmp/minio_downloads/customers_190145145106.parquet', '/tmp/minio_downloads/customers_190145209849.parquet', '/tmp/minio_downloads/customers_190145274355.parquet', '/tmp/minio_downloads/customers_190145335174.parquet', '/tmp/minio_downloads/customers_190145391987.parquet', '/tmp/minio_downloads/customers_190145449141.parquet', '/tmp/minio_downloads/customers_190145517234.parquet', '/tmp/minio_downloads/customers_190145574072.parquet', '/tmp/minio_downloads/customers_190145633431.parquet', '/tmp/minio_downloads/customers_190534056791.parquet', '/tmp/minio_downloads/customers_190534138913.parquet', '/tmp/minio_downloads/customers_190534229894.parquet', '/tmp/minio_downloads/customers_190534306790.parquet', '/tmp/minio_downloads/customers_190534388373.parquet', '/tmp/minio_downloads/customers_190534488935.parquet', '/tmp/minio_downloads/customers_190534569834.parquet', '/tmp/minio_downloads/customers_190534670967.parquet', '/tmp/minio_downloads/customers_190534749320.parquet', '/tmp/minio_downloads/customers_190534820934.parquet', '/tmp/minio_downloads/customers_190534904719.parquet', '/tmp/minio_downloads/customers_190534971629.parquet', '/tmp/minio_downloads/customers_190535042505.parquet', '/tmp/minio_downloads/customers_190535119196.parquet', '/tmp/minio_downloads/customers_190535229129.parquet', '/tmp/minio_downloads/customers_190535309317.parquet', '/tmp/minio_downloads/customers_190535384613.parquet', '/tmp/minio_downloads/customers_190535464854.parquet', '/tmp/minio_downloads/customers_190535532848.parquet', '/tmp/minio_downloads/customers_190535602948.parquet', '/tmp/minio_downloads/customers_190535690478.parquet', '/tmp/minio_downloads/customers_190535780849.parquet', '/tmp/minio_downloads/customers_190535851658.parquet', '/tmp/minio_downloads/customers_190535925295.parquet', '/tmp/minio_downloads/customers_190535997859.parquet', '/tmp/minio_downloads/customers_190536086075.parquet', '/tmp/minio_downloads/customers_190536180505.parquet', '/tmp/minio_downloads/customers_190536278448.parquet', '/tmp/minio_downloads/customers_190536373125.parquet', '/tmp/minio_downloads/customers_190536467464.parquet', '/tmp/minio_downloads/customers_190536549057.parquet', '/tmp/minio_downloads/customers_190536620054.parquet', '/tmp/minio_downloads/customers_190536699784.parquet', '/tmp/minio_downloads/customers_190536806645.parquet', '/tmp/minio_downloads/customers_190536898613.parquet', '/tmp/minio_downloads/customers_190536988001.parquet', '/tmp/minio_downloads/customers_190537077442.parquet', '/tmp/minio_downloads/customers_190537171845.parquet', '/tmp/minio_downloads/customers_190537264699.parquet', '/tmp/minio_downloads/customers_190537351041.parquet', '/tmp/minio_downloads/customers_190537453087.parquet', '/tmp/minio_downloads/customers_190537539317.parquet', '/tmp/minio_downloads/customers_190537628958.parquet', '/tmp/minio_downloads/customers_190537698926.parquet', '/tmp/minio_downloads/customers_190537782859.parquet', '/tmp/minio_downloads/customers_190537864698.parquet', '/tmp/minio_downloads/customers_190537966412.parquet', '/tmp/minio_downloads/customers_190538051554.parquet', '/tmp/minio_downloads/customers_190538139232.parquet', '/tmp/minio_downloads/customers_190538238838.parquet', '/tmp/minio_downloads/customers_190538319208.parquet', '/tmp/minio_downloads/customers_190538401542.parquet', '/tmp/minio_downloads/customers_190538520453.parquet', '/tmp/minio_downloads/customers_190538622560.parquet', '/tmp/minio_downloads/customers_190538754722.parquet', '/tmp/minio_downloads/customers_190538851756.parquet', '/tmp/minio_downloads/customers_190538932465.parquet', '/tmp/minio_downloads/customers_190539034113.parquet', '/tmp/minio_downloads/customers_190539123794.parquet', '/tmp/minio_downloads/customers_190539218906.parquet', '/tmp/minio_downloads/customers_190539305398.parquet', '/tmp/minio_downloads/customers_190539398328.parquet', '/tmp/minio_downloads/customers_190539485603.parquet', '/tmp/minio_downloads/customers_190539545725.parquet', '/tmp/minio_downloads/customers_190539631258.parquet', '/tmp/minio_downloads/customers_190539702957.parquet', '/tmp/minio_downloads/customers_190539810453.parquet', '/tmp/minio_downloads/customers_190539891072.parquet', '/tmp/minio_downloads/customers_190539966747.parquet', '/tmp/minio_downloads/customers_190540032826.parquet', '/tmp/minio_downloads/customers_190540094324.parquet', '/tmp/minio_downloads/customers_190540145473.parquet', '/tmp/minio_downloads/customers_190540218333.parquet', '/tmp/minio_downloads/customers_190540297881.parquet', '/tmp/minio_downloads/customers_190540431964.parquet', '/tmp/minio_downloads/customers_190540532109.parquet', '/tmp/minio_downloads/customers_190540632663.parquet', '/tmp/minio_downloads/customers_190540698435.parquet', '/tmp/minio_downloads/customers_190540788621.parquet', '/tmp/minio_downloads/customers_190540897663.parquet', '/tmp/minio_downloads/customers_190540987831.parquet', '/tmp/minio_downloads/customers_190541083808.parquet', '/tmp/minio_downloads/customers_190541180385.parquet', '/tmp/minio_downloads/customers_190541250391.parquet', '/tmp/minio_downloads/customers_190541326247.parquet', '/tmp/minio_downloads/customers_190541417928.parquet', '/tmp/minio_downloads/customers_190541508020.parquet', '/tmp/minio_downloads/customers_190541605258.parquet', '/tmp/minio_downloads/customers_190541704160.parquet', '/tmp/minio_downloads/customers_190541809177.parquet', '/tmp/minio_downloads/customers_190541890253.parquet', '/tmp/minio_downloads/customers_190541975527.parquet', '/tmp/minio_downloads/customers_190542069653.parquet', '/tmp/minio_downloads/customers_190542158324.parquet', '/tmp/minio_downloads/customers_190542256906.parquet', '/tmp/minio_downloads/customers_190542327925.parquet', '/tmp/minio_downloads/customers_190542420735.parquet', '/tmp/minio_downloads/customers_190542520754.parquet', '/tmp/minio_downloads/customers_190542616822.parquet', '/tmp/minio_downloads/customers_190542700221.parquet', '/tmp/minio_downloads/customers_190542791697.parquet', '/tmp/minio_downloads/customers_190542885597.parquet', '/tmp/minio_downloads/customers_190542986434.parquet', '/tmp/minio_downloads/customers_190543076927.parquet', '/tmp/minio_downloads/customers_190543158006.parquet', '/tmp/minio_downloads/customers_190543253590.parquet', '/tmp/minio_downloads/customers_190543347569.parquet', '/tmp/minio_downloads/customers_190543450649.parquet', '/tmp/minio_downloads/customers_190543527911.parquet', '/tmp/minio_downloads/customers_190543616646.parquet', '/tmp/minio_downloads/customers_190543675363.parquet', '/tmp/minio_downloads/customers_190543752703.parquet', '/tmp/minio_downloads/customers_190543830423.parquet', '/tmp/minio_downloads/customers_190543903971.parquet', '/tmp/minio_downloads/customers_190544000846.parquet', '/tmp/minio_downloads/customers_190544281094.parquet', '/tmp/minio_downloads/customers_190544373713.parquet', '/tmp/minio_downloads/customers_190544483521.parquet', '/tmp/minio_downloads/customers_190544579549.parquet', '/tmp/minio_downloads/customers_190544676498.parquet', '/tmp/minio_downloads/customers_190544796803.parquet', '/tmp/minio_downloads/customers_190544882394.parquet', '/tmp/minio_downloads/customers_190544979467.parquet', '/tmp/minio_downloads/customers_190545064056.parquet', '/tmp/minio_downloads/customers_190545142528.parquet', '/tmp/minio_downloads/customers_190545231464.parquet', '/tmp/minio_downloads/customers_190545320319.parquet', '/tmp/minio_downloads/customers_190545414688.parquet', '/tmp/minio_downloads/customers_190545504552.parquet', '/tmp/minio_downloads/customers_190545592817.parquet', '/tmp/minio_downloads/customers_190545677112.parquet', '/tmp/minio_downloads/customers_190545762209.parquet', '/tmp/minio_downloads/customers_190545857188.parquet', '/tmp/minio_downloads/customers_190545941631.parquet', '/tmp/minio_downloads/customers_190546066925.parquet', '/tmp/minio_downloads/customers_190546200445.parquet', '/tmp/minio_downloads/customers_190546401040.parquet', '/tmp/minio_downloads/customers_190546534721.parquet', '/tmp/minio_downloads/customers_190546650046.parquet', '/tmp/minio_downloads/customers_190546730740.parquet', '/tmp/minio_downloads/customers_190546821615.parquet', '/tmp/minio_downloads/customers_190546967196.parquet', '/tmp/minio_downloads/customers_190547069169.parquet', '/tmp/minio_downloads/customers_190547180349.parquet', '/tmp/minio_downloads/customers_190547298924.parquet', '/tmp/minio_downloads/customers_190547397974.parquet', '/tmp/minio_downloads/customers_190547490619.parquet', '/tmp/minio_downloads/customers_190547572865.parquet', '/tmp/minio_downloads/customers_190547704148.parquet', '/tmp/minio_downloads/customers_190547807274.parquet', '/tmp/minio_downloads/customers_190547917145.parquet', '/tmp/minio_downloads/customers_190548029999.parquet', '/tmp/minio_downloads/customers_190548266308.parquet', '/tmp/minio_downloads/customers_190548394163.parquet', '/tmp/minio_downloads/customers_190548536088.parquet', '/tmp/minio_downloads/customers_190548676002.parquet', '/tmp/minio_downloads/customers_190548771118.parquet', '/tmp/minio_downloads/customers_190548892969.parquet', '/tmp/minio_downloads/customers_190549033306.parquet', '/tmp/minio_downloads/customers_190549230903.parquet', '/tmp/minio_downloads/customers_190549462742.parquet', '/tmp/minio_downloads/customers_190549619471.parquet', '/tmp/minio_downloads/customers_190549770486.parquet', '/tmp/minio_downloads/customers_190549876529.parquet', '/tmp/minio_downloads/customers_190549971353.parquet', '/tmp/minio_downloads/customers_190550068702.parquet', '/tmp/minio_downloads/customers_190550194333.parquet', '/tmp/minio_downloads/customers_190550294357.parquet', '/tmp/minio_downloads/customers_190550397429.parquet', '/tmp/minio_downloads/customers_190550501208.parquet', '/tmp/minio_downloads/customers_190550607851.parquet', '/tmp/minio_downloads/customers_190550700394.parquet', '/tmp/minio_downloads/customers_190550794280.parquet', '/tmp/minio_downloads/customers_190550891503.parquet', '/tmp/minio_downloads/customers_190550994311.parquet', '/tmp/minio_downloads/customers_190551088520.parquet', '/tmp/minio_downloads/customers_190551191279.parquet', '/tmp/minio_downloads/customers_190551320015.parquet', '/tmp/minio_downloads/customers_190551566283.parquet', '/tmp/minio_downloads/customers_190551703347.parquet', '/tmp/minio_downloads/customers_190551812591.parquet', '/tmp/minio_downloads/customers_190551904318.parquet', '/tmp/minio_downloads/customers_190552004461.parquet', '/tmp/minio_downloads/customers_190552097320.parquet', '/tmp/minio_downloads/customers_190552188541.parquet', '/tmp/minio_downloads/customers_190552271018.parquet', '/tmp/minio_downloads/customers_190552375917.parquet', '/tmp/minio_downloads/customers_190552470373.parquet', '/tmp/minio_downloads/customers_190552566985.parquet', '/tmp/minio_downloads/customers_190552655317.parquet', '/tmp/minio_downloads/customers_190552740056.parquet', '/tmp/minio_downloads/customers_190552818721.parquet', '/tmp/minio_downloads/customers_190552890918.parquet', '/tmp/minio_downloads/customers_190552982498.parquet', '/tmp/minio_downloads/customers_190553083327.parquet', '/tmp/minio_downloads/customers_190553154570.parquet', '/tmp/minio_downloads/customers_190553244293.parquet', '/tmp/minio_downloads/customers_190553323904.parquet', '/tmp/minio_downloads/customers_190553400034.parquet', '/tmp/minio_downloads/customers_190553482689.parquet', '/tmp/minio_downloads/customers_190553616146.parquet', '/tmp/minio_downloads/customers_190553728893.parquet', '/tmp/minio_downloads/customers_190553847463.parquet', '/tmp/minio_downloads/customers_190553943930.parquet', '/tmp/minio_downloads/customers_190554040796.parquet', '/tmp/minio_downloads/customers_190554124900.parquet', '/tmp/minio_downloads/customers_190554206575.parquet', '/tmp/minio_downloads/customers_190554290204.parquet', '/tmp/minio_downloads/customers_190554369148.parquet', '/tmp/minio_downloads/customers_190554445379.parquet', '/tmp/minio_downloads/customers_190554526571.parquet', '/tmp/minio_downloads/customers_190554602653.parquet', '/tmp/minio_downloads/customers_190554683879.parquet', '/tmp/minio_downloads/customers_190554773602.parquet', '/tmp/minio_downloads/customers_190554933217.parquet', '/tmp/minio_downloads/customers_190555005715.parquet', '/tmp/minio_downloads/customers_190555089851.parquet', '/tmp/minio_downloads/customers_190555161408.parquet', '/tmp/minio_downloads/customers_190555256911.parquet', '/tmp/minio_downloads/customers_190555353917.parquet', '/tmp/minio_downloads/customers_190555431817.parquet', '/tmp/minio_downloads/customers_190555499395.parquet', '/tmp/minio_downloads/customers_190555586984.parquet', '/tmp/minio_downloads/customers_190555668631.parquet', '/tmp/minio_downloads/customers_190555751900.parquet', '/tmp/minio_downloads/customers_190555819915.parquet', '/tmp/minio_downloads/customers_190555925301.parquet', '/tmp/minio_downloads/customers_190556047856.parquet', '/tmp/minio_downloads/customers_190556143987.parquet', '/tmp/minio_downloads/customers_190556253700.parquet', '/tmp/minio_downloads/customers_190556338588.parquet', '/tmp/minio_downloads/customers_190556440622.parquet', '/tmp/minio_downloads/customers_190556537359.parquet', '/tmp/minio_downloads/customers_190556621103.parquet', '/tmp/minio_downloads/customers_190556706405.parquet', '/tmp/minio_downloads/customers_190556796662.parquet', '/tmp/minio_downloads/customers_190556890154.parquet', '/tmp/minio_downloads/customers_190556969691.parquet', '/tmp/minio_downloads/customers_190557052913.parquet', '/tmp/minio_downloads/customers_190557134088.parquet', '/tmp/minio_downloads/customers_190557235739.parquet', '/tmp/minio_downloads/customers_190557322343.parquet', '/tmp/minio_downloads/customers_190557415782.parquet', '/tmp/minio_downloads/customers_190557512593.parquet', '/tmp/minio_downloads/customers_190557597119.parquet', '/tmp/minio_downloads/customers_190557690572.parquet', '/tmp/minio_downloads/customers_190557790451.parquet', '/tmp/minio_downloads/customers_190557884076.parquet', '/tmp/minio_downloads/customers_190557952718.parquet', '/tmp/minio_downloads/customers_190558043136.parquet', '/tmp/minio_downloads/customers_190558136663.parquet', '/tmp/minio_downloads/customers_190558241585.parquet', '/tmp/minio_downloads/customers_190558350426.parquet', '/tmp/minio_downloads/customers_190558444960.parquet', '/tmp/minio_downloads/customers_190558539041.parquet', '/tmp/minio_downloads/customers_190558630829.parquet', '/tmp/minio_downloads/customers_190558717625.parquet', '/tmp/minio_downloads/customers_190558792850.parquet', '/tmp/minio_downloads/customers_190558901725.parquet', '/tmp/minio_downloads/customers_190559015858.parquet', '/tmp/minio_downloads/customers_190559103649.parquet', '/tmp/minio_downloads/customers_190559196766.parquet', '/tmp/minio_downloads/customers_190559293720.parquet', '/tmp/minio_downloads/customers_190559374608.parquet', '/tmp/minio_downloads/customers_190559468836.parquet', '/tmp/minio_downloads/customers_190559580870.parquet', '/tmp/minio_downloads/customers_190559682140.parquet', '/tmp/minio_downloads/customers_190559763988.parquet', '/tmp/minio_downloads/customers_190559852149.parquet', '/tmp/minio_downloads/customers_190559937093.parquet', '/tmp/minio_downloads/customers_190600058927.parquet', '/tmp/minio_downloads/customers_190600150855.parquet', '/tmp/minio_downloads/customers_190600259701.parquet', '/tmp/minio_downloads/customers_190600371122.parquet', '/tmp/minio_downloads/customers_190600449337.parquet', '/tmp/minio_downloads/customers_190600552087.parquet', '/tmp/minio_downloads/customers_190600644467.parquet', '/tmp/minio_downloads/customers_190600737678.parquet', '/tmp/minio_downloads/customers_190600838623.parquet', '/tmp/minio_downloads/customers_190600920539.parquet', '/tmp/minio_downloads/customers_190601010696.parquet', '/tmp/minio_downloads/customers_190601088803.parquet', '/tmp/minio_downloads/customers_190601188047.parquet', '/tmp/minio_downloads/customers_190601264029.parquet', '/tmp/minio_downloads/customers_190601380956.parquet', '/tmp/minio_downloads/customers_190601476373.parquet', '/tmp/minio_downloads/customers_190601577554.parquet', '/tmp/minio_downloads/customers_190601685124.parquet', '/tmp/minio_downloads/customers_190601764878.parquet', '/tmp/minio_downloads/customers_190601852702.parquet', '/tmp/minio_downloads/customers_190601940269.parquet', '/tmp/minio_downloads/customers_190602033750.parquet', '/tmp/minio_downloads/customers_190602126486.parquet', '/tmp/minio_downloads/customers_190602227982.parquet', '/tmp/minio_downloads/customers_190602332080.parquet', '/tmp/minio_downloads/customers_190602407815.parquet', '/tmp/minio_downloads/customers_190602507554.parquet', '/tmp/minio_downloads/customers_190602606187.parquet', '/tmp/minio_downloads/customers_190602713957.parquet', '/tmp/minio_downloads/customers_190602803821.parquet', '/tmp/minio_downloads/customers_190602892941.parquet', '/tmp/minio_downloads/customers_190602976217.parquet', '/tmp/minio_downloads/customers_190603061176.parquet', '/tmp/minio_downloads/customers_190603164697.parquet', '/tmp/minio_downloads/customers_190603285424.parquet', '/tmp/minio_downloads/customers_190603398352.parquet', '/tmp/minio_downloads/customers_190603488359.parquet', '/tmp/minio_downloads/customers_190603597418.parquet', '/tmp/minio_downloads/customers_190603692834.parquet', '/tmp/minio_downloads/customers_190603796704.parquet', '/tmp/minio_downloads/customers_190603881793.parquet', '/tmp/minio_downloads/customers_190603963319.parquet', '/tmp/minio_downloads/customers_190604047318.parquet', '/tmp/minio_downloads/customers_190604147440.parquet', '/tmp/minio_downloads/customers_190604238914.parquet', '/tmp/minio_downloads/customers_190604336354.parquet', '/tmp/minio_downloads/customers_190604431344.parquet', '/tmp/minio_downloads/customers_190604532238.parquet', '/tmp/minio_downloads/customers_190604640638.parquet', '/tmp/minio_downloads/customers_190604745426.parquet', '/tmp/minio_downloads/customers_190604853795.parquet', '/tmp/minio_downloads/customers_190604949876.parquet', '/tmp/minio_downloads/customers_190605047664.parquet', '/tmp/minio_downloads/customers_190605151340.parquet', '/tmp/minio_downloads/customers_190605242379.parquet', '/tmp/minio_downloads/customers_190605328123.parquet', '/tmp/minio_downloads/customers_190605429788.parquet', '/tmp/minio_downloads/customers_190605514488.parquet', '/tmp/minio_downloads/customers_190605675520.parquet', '/tmp/minio_downloads/customers_190605766443.parquet', '/tmp/minio_downloads/customers_190605861566.parquet', '/tmp/minio_downloads/customers_190605946062.parquet', '/tmp/minio_downloads/customers_190606011561.parquet', '/tmp/minio_downloads/customers_190606111886.parquet', '/tmp/minio_downloads/customers_190606214230.parquet', '/tmp/minio_downloads/customers_190606301360.parquet', '/tmp/minio_downloads/customers_190606396157.parquet', '/tmp/minio_downloads/customers_190606472720.parquet', '/tmp/minio_downloads/customers_190606558971.parquet', '/tmp/minio_downloads/customers_190606651803.parquet', '/tmp/minio_downloads/customers_190606758259.parquet', '/tmp/minio_downloads/customers_190606905015.parquet', '/tmp/minio_downloads/customers_190606999522.parquet', '/tmp/minio_downloads/customers_190607098445.parquet', '/tmp/minio_downloads/customers_190607219767.parquet', '/tmp/minio_downloads/customers_190607332437.parquet', '/tmp/minio_downloads/customers_190607429683.parquet', '/tmp/minio_downloads/customers_190607544099.parquet', '/tmp/minio_downloads/customers_190607679582.parquet', '/tmp/minio_downloads/customers_190607821362.parquet', '/tmp/minio_downloads/customers_190608018780.parquet', '/tmp/minio_downloads/customers_190608136287.parquet', '/tmp/minio_downloads/customers_190608245277.parquet', '/tmp/minio_downloads/customers_190608355024.parquet', '/tmp/minio_downloads/customers_190608472379.parquet', '/tmp/minio_downloads/customers_190608572915.parquet', '/tmp/minio_downloads/customers_190608659517.parquet', '/tmp/minio_downloads/customers_190608756216.parquet', '/tmp/minio_downloads/customers_190608849431.parquet', '/tmp/minio_downloads/customers_190608959528.parquet'], 'employee': ['/tmp/minio_downloads/employee_190145692574.parquet', '/tmp/minio_downloads/employee_190145762981.parquet', '/tmp/minio_downloads/employee_190145868452.parquet', '/tmp/minio_downloads/employee_190145954881.parquet', '/tmp/minio_downloads/employee_190146033939.parquet', '/tmp/minio_downloads/employee_190146130942.parquet', '/tmp/minio_downloads/employee_190146207834.parquet', '/tmp/minio_downloads/employee_190146278037.parquet', '/tmp/minio_downloads/employee_190146337126.parquet', '/tmp/minio_downloads/employee_190146392857.parquet', '/tmp/minio_downloads/employee_190146447575.parquet', '/tmp/minio_downloads/employee_190146501204.parquet', '/tmp/minio_downloads/employee_190146558390.parquet', '/tmp/minio_downloads/employee_190146614441.parquet', '/tmp/minio_downloads/employee_190146681848.parquet', '/tmp/minio_downloads/employee_190146738669.parquet', '/tmp/minio_downloads/employee_190146798734.parquet', '/tmp/minio_downloads/employee_190146875427.parquet', '/tmp/minio_downloads/employee_190146939955.parquet', '/tmp/minio_downloads/employee_190147025286.parquet', '/tmp/minio_downloads/employee_190147111665.parquet', '/tmp/minio_downloads/employee_190147203777.parquet', '/tmp/minio_downloads/employee_190147290890.parquet', '/tmp/minio_downloads/employee_190147370952.parquet', '/tmp/minio_downloads/employee_190147437638.parquet', '/tmp/minio_downloads/employee_190147511911.parquet', '/tmp/minio_downloads/employee_190147591427.parquet', '/tmp/minio_downloads/employee_190147656130.parquet', '/tmp/minio_downloads/employee_190147713350.parquet', '/tmp/minio_downloads/employee_190147766996.parquet', '/tmp/minio_downloads/employee_190147840850.parquet', '/tmp/minio_downloads/employee_190147915555.parquet', '/tmp/minio_downloads/employee_190148105868.parquet', '/tmp/minio_downloads/employee_190148259066.parquet', '/tmp/minio_downloads/employee_190148333210.parquet', '/tmp/minio_downloads/employee_190148396941.parquet', '/tmp/minio_downloads/employee_190148458740.parquet', '/tmp/minio_downloads/employee_190148519465.parquet', '/tmp/minio_downloads/employee_190148585562.parquet', '/tmp/minio_downloads/employee_190148667358.parquet', '/tmp/minio_downloads/employee_190148754428.parquet', '/tmp/minio_downloads/employee_190148876974.parquet', '/tmp/minio_downloads/employee_190148978072.parquet', '/tmp/minio_downloads/employee_190149060218.parquet', '/tmp/minio_downloads/employee_190149121306.parquet', '/tmp/minio_downloads/employee_190149185569.parquet', '/tmp/minio_downloads/employee_190149242077.parquet', '/tmp/minio_downloads/employee_190149320301.parquet', '/tmp/minio_downloads/employee_190149407418.parquet', '/tmp/minio_downloads/employee_190149471699.parquet', '/tmp/minio_downloads/employee_190149546505.parquet', '/tmp/minio_downloads/employee_190149666505.parquet', '/tmp/minio_downloads/employee_190149760192.parquet', '/tmp/minio_downloads/employee_190149842904.parquet', '/tmp/minio_downloads/employee_190149918085.parquet', '/tmp/minio_downloads/employee_190150048036.parquet', '/tmp/minio_downloads/employee_190150192520.parquet', '/tmp/minio_downloads/employee_190150273176.parquet', '/tmp/minio_downloads/employee_190150335796.parquet', '/tmp/minio_downloads/employee_190150397686.parquet', '/tmp/minio_downloads/employee_190150494772.parquet', '/tmp/minio_downloads/employee_190150583129.parquet', '/tmp/minio_downloads/employee_190150638016.parquet', '/tmp/minio_downloads/employee_190150693773.parquet', '/tmp/minio_downloads/employee_190150751563.parquet', '/tmp/minio_downloads/employee_190150806688.parquet', '/tmp/minio_downloads/employee_190150875873.parquet', '/tmp/minio_downloads/employee_190150938217.parquet', '/tmp/minio_downloads/employee_190151004819.parquet', '/tmp/minio_downloads/employee_190151068399.parquet', '/tmp/minio_downloads/employee_190151176055.parquet', '/tmp/minio_downloads/employee_190151259005.parquet', '/tmp/minio_downloads/employee_190151342384.parquet', '/tmp/minio_downloads/employee_190151412241.parquet', '/tmp/minio_downloads/employee_190151489212.parquet', '/tmp/minio_downloads/employee_190151577444.parquet', '/tmp/minio_downloads/employee_190151643685.parquet', '/tmp/minio_downloads/employee_190151704149.parquet', '/tmp/minio_downloads/employee_190151759396.parquet', '/tmp/minio_downloads/employee_190151827403.parquet', '/tmp/minio_downloads/employee_190151895188.parquet', '/tmp/minio_downloads/employee_190151975128.parquet', '/tmp/minio_downloads/employee_190152050455.parquet', '/tmp/minio_downloads/employee_190152131794.parquet', '/tmp/minio_downloads/employee_190152207623.parquet', '/tmp/minio_downloads/employee_190152340774.parquet', '/tmp/minio_downloads/employee_190152433687.parquet', '/tmp/minio_downloads/employee_190152521177.parquet', '/tmp/minio_downloads/employee_190152610125.parquet', '/tmp/minio_downloads/employee_190152676606.parquet', '/tmp/minio_downloads/employee_190152729579.parquet', '/tmp/minio_downloads/employee_190152784699.parquet', '/tmp/minio_downloads/employee_190152836212.parquet', '/tmp/minio_downloads/employee_190152888926.parquet', '/tmp/minio_downloads/employee_190152939048.parquet', '/tmp/minio_downloads/employee_190152994457.parquet', '/tmp/minio_downloads/employee_190153054467.parquet', '/tmp/minio_downloads/employee_190153117863.parquet', '/tmp/minio_downloads/employee_190153170361.parquet', '/tmp/minio_downloads/employee_190153223695.parquet', '/tmp/minio_downloads/employee_190153288399.parquet', '/tmp/minio_downloads/employee_190153364151.parquet', '/tmp/minio_downloads/employee_190153431670.parquet', '/tmp/minio_downloads/employee_190153505292.parquet', '/tmp/minio_downloads/employee_190153573741.parquet', '/tmp/minio_downloads/employee_190153653847.parquet', '/tmp/minio_downloads/employee_190153733896.parquet', '/tmp/minio_downloads/employee_190153800539.parquet', '/tmp/minio_downloads/employee_190153854710.parquet', '/tmp/minio_downloads/employee_190153907894.parquet', '/tmp/minio_downloads/employee_190153963385.parquet', '/tmp/minio_downloads/employee_190154023502.parquet', '/tmp/minio_downloads/employee_190154073173.parquet', '/tmp/minio_downloads/employee_190154133924.parquet', '/tmp/minio_downloads/employee_190154186609.parquet', '/tmp/minio_downloads/employee_190154239277.parquet', '/tmp/minio_downloads/employee_190154294238.parquet', '/tmp/minio_downloads/employee_190154428971.parquet', '/tmp/minio_downloads/employee_190154550888.parquet', '/tmp/minio_downloads/employee_190154636619.parquet', '/tmp/minio_downloads/employee_190154715504.parquet', '/tmp/minio_downloads/employee_190154782171.parquet', '/tmp/minio_downloads/employee_190154845824.parquet', '/tmp/minio_downloads/employee_190154911010.parquet', '/tmp/minio_downloads/employee_190154967119.parquet', '/tmp/minio_downloads/employee_190155021623.parquet', '/tmp/minio_downloads/employee_190155076089.parquet', '/tmp/minio_downloads/employee_190155132764.parquet', '/tmp/minio_downloads/employee_190155197937.parquet', '/tmp/minio_downloads/employee_190155259242.parquet', '/tmp/minio_downloads/employee_190155316695.parquet', '/tmp/minio_downloads/employee_190155379259.parquet', '/tmp/minio_downloads/employee_190155445525.parquet', '/tmp/minio_downloads/employee_190155514218.parquet', '/tmp/minio_downloads/employee_190155579951.parquet', '/tmp/minio_downloads/employee_190155703475.parquet', '/tmp/minio_downloads/employee_190155915956.parquet', '/tmp/minio_downloads/employee_190156042507.parquet', '/tmp/minio_downloads/employee_190156129115.parquet', '/tmp/minio_downloads/employee_190156648086.parquet', '/tmp/minio_downloads/employee_190156718011.parquet', '/tmp/minio_downloads/employee_190156773655.parquet', '/tmp/minio_downloads/employee_190156829763.parquet', '/tmp/minio_downloads/employee_190156907142.parquet', '/tmp/minio_downloads/employee_190156970853.parquet', '/tmp/minio_downloads/employee_190157053636.parquet', '/tmp/minio_downloads/employee_190157136056.parquet', '/tmp/minio_downloads/employee_190157219068.parquet', '/tmp/minio_downloads/employee_190157263796.parquet', '/tmp/minio_downloads/employee_190157332503.parquet', '/tmp/minio_downloads/employee_190157383194.parquet', '/tmp/minio_downloads/employee_190157430507.parquet', '/tmp/minio_downloads/employee_190157499330.parquet', '/tmp/minio_downloads/employee_190157552455.parquet', '/tmp/minio_downloads/employee_190157611392.parquet', '/tmp/minio_downloads/employee_190157659326.parquet', '/tmp/minio_downloads/employee_190157728444.parquet', '/tmp/minio_downloads/employee_190157819182.parquet', '/tmp/minio_downloads/employee_190157899249.parquet', '/tmp/minio_downloads/employee_190157972007.parquet', '/tmp/minio_downloads/employee_190158034529.parquet', '/tmp/minio_downloads/employee_190158132639.parquet', '/tmp/minio_downloads/employee_190158217409.parquet', '/tmp/minio_downloads/employee_190158280323.parquet', '/tmp/minio_downloads/employee_190158347963.parquet', '/tmp/minio_downloads/employee_190158400082.parquet', '/tmp/minio_downloads/employee_190158460061.parquet', '/tmp/minio_downloads/employee_190158513552.parquet', '/tmp/minio_downloads/employee_190158569088.parquet', '/tmp/minio_downloads/employee_190158630288.parquet', '/tmp/minio_downloads/employee_190158683455.parquet', '/tmp/minio_downloads/employee_190158751637.parquet', '/tmp/minio_downloads/employee_190158835269.parquet', '/tmp/minio_downloads/employee_190158911562.parquet', '/tmp/minio_downloads/employee_190158975075.parquet', '/tmp/minio_downloads/employee_190159036807.parquet', '/tmp/minio_downloads/employee_190159100635.parquet', '/tmp/minio_downloads/employee_190159163711.parquet', '/tmp/minio_downloads/employee_190159220486.parquet', '/tmp/minio_downloads/employee_190159272610.parquet', '/tmp/minio_downloads/employee_190159325801.parquet', '/tmp/minio_downloads/employee_190159378992.parquet', '/tmp/minio_downloads/employee_190159431121.parquet', '/tmp/minio_downloads/employee_190159493936.parquet', '/tmp/minio_downloads/employee_190159553877.parquet', '/tmp/minio_downloads/employee_190159621723.parquet', '/tmp/minio_downloads/employee_190159686217.parquet', '/tmp/minio_downloads/employee_190159749692.parquet', '/tmp/minio_downloads/employee_190159805756.parquet', '/tmp/minio_downloads/employee_190159880524.parquet', '/tmp/minio_downloads/employee_190159956293.parquet', '/tmp/minio_downloads/employee_190200029554.parquet', '/tmp/minio_downloads/employee_190200100098.parquet', '/tmp/minio_downloads/employee_190200163706.parquet', '/tmp/minio_downloads/employee_190200223334.parquet', '/tmp/minio_downloads/employee_190200286259.parquet', '/tmp/minio_downloads/employee_190200355795.parquet', '/tmp/minio_downloads/employee_190200446254.parquet', '/tmp/minio_downloads/employee_190200554902.parquet', '/tmp/minio_downloads/employee_190200642263.parquet', '/tmp/minio_downloads/employee_190200699345.parquet', '/tmp/minio_downloads/employee_190200764477.parquet', '/tmp/minio_downloads/employee_190200830574.parquet', '/tmp/minio_downloads/employee_190200895662.parquet', '/tmp/minio_downloads/employee_190200964703.parquet', '/tmp/minio_downloads/employee_190201030829.parquet', '/tmp/minio_downloads/employee_190201089586.parquet', '/tmp/minio_downloads/employee_190201150448.parquet', '/tmp/minio_downloads/employee_190201217292.parquet', '/tmp/minio_downloads/employee_190201294160.parquet', '/tmp/minio_downloads/employee_190201357739.parquet', '/tmp/minio_downloads/employee_190201417675.parquet', '/tmp/minio_downloads/employee_190201484075.parquet', '/tmp/minio_downloads/employee_190201555708.parquet', '/tmp/minio_downloads/employee_190201645465.parquet', '/tmp/minio_downloads/employee_190201713203.parquet', '/tmp/minio_downloads/employee_190201787222.parquet', '/tmp/minio_downloads/employee_190201877221.parquet', '/tmp/minio_downloads/employee_190201967911.parquet', '/tmp/minio_downloads/employee_190202048215.parquet', '/tmp/minio_downloads/employee_190202141987.parquet', '/tmp/minio_downloads/employee_190202213680.parquet', '/tmp/minio_downloads/employee_190202297905.parquet', '/tmp/minio_downloads/employee_190202380311.parquet', '/tmp/minio_downloads/employee_190202444934.parquet', '/tmp/minio_downloads/employee_190202514345.parquet', '/tmp/minio_downloads/employee_190202576732.parquet', '/tmp/minio_downloads/employee_190202654504.parquet', '/tmp/minio_downloads/employee_190202734094.parquet', '/tmp/minio_downloads/employee_190202812439.parquet', '/tmp/minio_downloads/employee_190202886165.parquet', '/tmp/minio_downloads/employee_190202963861.parquet', '/tmp/minio_downloads/employee_190203036278.parquet', '/tmp/minio_downloads/employee_190203114550.parquet', '/tmp/minio_downloads/employee_190203223519.parquet', '/tmp/minio_downloads/employee_190203319893.parquet', '/tmp/minio_downloads/employee_190203405321.parquet', '/tmp/minio_downloads/employee_190203490272.parquet', '/tmp/minio_downloads/employee_190203571285.parquet', '/tmp/minio_downloads/employee_190203652824.parquet', '/tmp/minio_downloads/employee_190203774989.parquet', '/tmp/minio_downloads/employee_190203877218.parquet', '/tmp/minio_downloads/employee_190203956597.parquet', '/tmp/minio_downloads/employee_190204045509.parquet', '/tmp/minio_downloads/employee_190204145393.parquet', '/tmp/minio_downloads/employee_190204339396.parquet', '/tmp/minio_downloads/employee_190204470281.parquet', '/tmp/minio_downloads/employee_190204555268.parquet', '/tmp/minio_downloads/employee_190204647451.parquet', '/tmp/minio_downloads/employee_190204739447.parquet', '/tmp/minio_downloads/employee_190204829744.parquet', '/tmp/minio_downloads/employee_190204914570.parquet', '/tmp/minio_downloads/employee_190205005508.parquet', '/tmp/minio_downloads/employee_190205092068.parquet', '/tmp/minio_downloads/employee_190205182770.parquet', '/tmp/minio_downloads/employee_190205264201.parquet', '/tmp/minio_downloads/employee_190205353171.parquet', '/tmp/minio_downloads/employee_190205446954.parquet', '/tmp/minio_downloads/employee_190205531132.parquet', '/tmp/minio_downloads/employee_190205615696.parquet', '/tmp/minio_downloads/employee_190205718039.parquet', '/tmp/minio_downloads/employee_190205807414.parquet', '/tmp/minio_downloads/employee_190205888993.parquet', '/tmp/minio_downloads/employee_190205984434.parquet', '/tmp/minio_downloads/employee_190206086367.parquet', '/tmp/minio_downloads/employee_190206172789.parquet', '/tmp/minio_downloads/employee_190206259958.parquet', '/tmp/minio_downloads/employee_190206349570.parquet', '/tmp/minio_downloads/employee_190206442993.parquet', '/tmp/minio_downloads/employee_190206581479.parquet', '/tmp/minio_downloads/employee_190206718007.parquet', '/tmp/minio_downloads/employee_190206836597.parquet', '/tmp/minio_downloads/employee_190206931361.parquet', '/tmp/minio_downloads/employee_190207004304.parquet', '/tmp/minio_downloads/employee_190207123765.parquet', '/tmp/minio_downloads/employee_190207249812.parquet', '/tmp/minio_downloads/employee_190207339858.parquet', '/tmp/minio_downloads/employee_190207429221.parquet', '/tmp/minio_downloads/employee_190207522608.parquet', '/tmp/minio_downloads/employee_190207687415.parquet', '/tmp/minio_downloads/employee_190207770879.parquet', '/tmp/minio_downloads/employee_190207879182.parquet', '/tmp/minio_downloads/employee_190207963983.parquet', '/tmp/minio_downloads/employee_190208031932.parquet', '/tmp/minio_downloads/employee_190208122316.parquet', '/tmp/minio_downloads/employee_190208203028.parquet', '/tmp/minio_downloads/employee_190208273011.parquet', '/tmp/minio_downloads/employee_190208337717.parquet', '/tmp/minio_downloads/employee_190208438964.parquet', '/tmp/minio_downloads/employee_190208512878.parquet', '/tmp/minio_downloads/employee_190208614046.parquet', '/tmp/minio_downloads/employee_190208737256.parquet', '/tmp/minio_downloads/employee_190208827984.parquet', '/tmp/minio_downloads/employee_190208941107.parquet', '/tmp/minio_downloads/employee_190209030304.parquet', '/tmp/minio_downloads/employee_190209110086.parquet', '/tmp/minio_downloads/employee_190209181174.parquet', '/tmp/minio_downloads/employee_190209266508.parquet', '/tmp/minio_downloads/employee_190209355145.parquet', '/tmp/minio_downloads/employee_190209445559.parquet', '/tmp/minio_downloads/employee_190209525562.parquet', '/tmp/minio_downloads/employee_190209631219.parquet', '/tmp/minio_downloads/employee_190209723861.parquet', '/tmp/minio_downloads/employee_190209814318.parquet', '/tmp/minio_downloads/employee_190209902643.parquet', '/tmp/minio_downloads/employee_190209972474.parquet', '/tmp/minio_downloads/employee_190210068452.parquet', '/tmp/minio_downloads/employee_190210172528.parquet', '/tmp/minio_downloads/employee_190210254560.parquet', '/tmp/minio_downloads/employee_190210338178.parquet', '/tmp/minio_downloads/employee_190210418713.parquet', '/tmp/minio_downloads/employee_190210539657.parquet', '/tmp/minio_downloads/employee_190210647156.parquet', '/tmp/minio_downloads/employee_190210774995.parquet', '/tmp/minio_downloads/employee_190210895294.parquet', '/tmp/minio_downloads/employee_190211002061.parquet', '/tmp/minio_downloads/employee_190211092649.parquet', '/tmp/minio_downloads/employee_190211194312.parquet', '/tmp/minio_downloads/employee_190211326550.parquet', '/tmp/minio_downloads/employee_190211439633.parquet', '/tmp/minio_downloads/employee_190211544189.parquet', '/tmp/minio_downloads/employee_190211645552.parquet', '/tmp/minio_downloads/employee_190211723678.parquet', '/tmp/minio_downloads/employee_190211823458.parquet', '/tmp/minio_downloads/employee_190211925688.parquet', '/tmp/minio_downloads/employee_190212020760.parquet', '/tmp/minio_downloads/employee_190212125436.parquet', '/tmp/minio_downloads/employee_190212225797.parquet', '/tmp/minio_downloads/employee_190212309222.parquet', '/tmp/minio_downloads/employee_190212402085.parquet', '/tmp/minio_downloads/employee_190212488574.parquet', '/tmp/minio_downloads/employee_190212575002.parquet', '/tmp/minio_downloads/employee_190212717491.parquet', '/tmp/minio_downloads/employee_190212884957.parquet', '/tmp/minio_downloads/employee_190213000680.parquet', '/tmp/minio_downloads/employee_190213105531.parquet', '/tmp/minio_downloads/employee_190213267676.parquet', '/tmp/minio_downloads/employee_190213406443.parquet', '/tmp/minio_downloads/employee_190213526810.parquet', '/tmp/minio_downloads/employee_190213646342.parquet', '/tmp/minio_downloads/employee_190213827789.parquet', '/tmp/minio_downloads/employee_190213973566.parquet', '/tmp/minio_downloads/employee_190214089993.parquet', '/tmp/minio_downloads/employee_190214198610.parquet', '/tmp/minio_downloads/employee_190214301444.parquet', '/tmp/minio_downloads/employee_190214438690.parquet', '/tmp/minio_downloads/employee_190214554130.parquet', '/tmp/minio_downloads/employee_190214663705.parquet', '/tmp/minio_downloads/employee_190214773113.parquet', '/tmp/minio_downloads/employee_190214870295.parquet', '/tmp/minio_downloads/employee_190609068916.parquet', '/tmp/minio_downloads/employee_190609164336.parquet', '/tmp/minio_downloads/employee_190609257229.parquet', '/tmp/minio_downloads/employee_190609368070.parquet', '/tmp/minio_downloads/employee_190609465890.parquet', '/tmp/minio_downloads/employee_190609588596.parquet', '/tmp/minio_downloads/employee_190609757392.parquet', '/tmp/minio_downloads/employee_190609875181.parquet', '/tmp/minio_downloads/employee_190609979371.parquet', '/tmp/minio_downloads/employee_190610075138.parquet', '/tmp/minio_downloads/employee_190610209329.parquet', '/tmp/minio_downloads/employee_190610311274.parquet', '/tmp/minio_downloads/employee_190610404259.parquet', '/tmp/minio_downloads/employee_190610495018.parquet', '/tmp/minio_downloads/employee_190610585819.parquet', '/tmp/minio_downloads/employee_190610679953.parquet', '/tmp/minio_downloads/employee_190610769828.parquet', '/tmp/minio_downloads/employee_190610865292.parquet', '/tmp/minio_downloads/employee_190610935936.parquet', '/tmp/minio_downloads/employee_190611021823.parquet', '/tmp/minio_downloads/employee_190611130993.parquet', '/tmp/minio_downloads/employee_190611243062.parquet', '/tmp/minio_downloads/employee_190611320295.parquet', '/tmp/minio_downloads/employee_190611421932.parquet', '/tmp/minio_downloads/employee_190611509176.parquet', '/tmp/minio_downloads/employee_190611588666.parquet', '/tmp/minio_downloads/employee_190611680672.parquet', '/tmp/minio_downloads/employee_190611776485.parquet', '/tmp/minio_downloads/employee_190611890133.parquet', '/tmp/minio_downloads/employee_190612087882.parquet', '/tmp/minio_downloads/employee_190612202315.parquet', '/tmp/minio_downloads/employee_190612289535.parquet', '/tmp/minio_downloads/employee_190612371758.parquet', '/tmp/minio_downloads/employee_190612489381.parquet', '/tmp/minio_downloads/employee_190612588988.parquet', '/tmp/minio_downloads/employee_190612691700.parquet', '/tmp/minio_downloads/employee_190612779692.parquet', '/tmp/minio_downloads/employee_190612879344.parquet', '/tmp/minio_downloads/employee_190612999426.parquet', '/tmp/minio_downloads/employee_190613104338.parquet', '/tmp/minio_downloads/employee_190613214153.parquet', '/tmp/minio_downloads/employee_190613337805.parquet', '/tmp/minio_downloads/employee_190613485580.parquet', '/tmp/minio_downloads/employee_190613618456.parquet', '/tmp/minio_downloads/employee_190613740939.parquet', '/tmp/minio_downloads/employee_190613887482.parquet', '/tmp/minio_downloads/employee_190614010671.parquet', '/tmp/minio_downloads/employee_190614140144.parquet', '/tmp/minio_downloads/employee_190614256125.parquet', '/tmp/minio_downloads/employee_190614519659.parquet', '/tmp/minio_downloads/employee_190614675125.parquet', '/tmp/minio_downloads/employee_190614826085.parquet', '/tmp/minio_downloads/employee_190614972401.parquet', '/tmp/minio_downloads/employee_190615101982.parquet', '/tmp/minio_downloads/employee_190615254954.parquet', '/tmp/minio_downloads/employee_190615392514.parquet', '/tmp/minio_downloads/employee_190615530921.parquet', '/tmp/minio_downloads/employee_190615677968.parquet', '/tmp/minio_downloads/employee_190615807847.parquet', '/tmp/minio_downloads/employee_190616191764.parquet', '/tmp/minio_downloads/employee_190616326176.parquet', '/tmp/minio_downloads/employee_190616453612.parquet', '/tmp/minio_downloads/employee_190616585041.parquet', '/tmp/minio_downloads/employee_190616711392.parquet', '/tmp/minio_downloads/employee_190616825763.parquet', '/tmp/minio_downloads/employee_190616941207.parquet', '/tmp/minio_downloads/employee_190617058578.parquet', '/tmp/minio_downloads/employee_190617275634.parquet', '/tmp/minio_downloads/employee_190617497577.parquet', '/tmp/minio_downloads/employee_190617623320.parquet', '/tmp/minio_downloads/employee_190617757205.parquet', '/tmp/minio_downloads/employee_190617894376.parquet', '/tmp/minio_downloads/employee_190618018533.parquet', '/tmp/minio_downloads/employee_190618142807.parquet', '/tmp/minio_downloads/employee_190618259580.parquet', '/tmp/minio_downloads/employee_190618368173.parquet', '/tmp/minio_downloads/employee_190618468366.parquet', '/tmp/minio_downloads/employee_190618604675.parquet', '/tmp/minio_downloads/employee_190618724017.parquet', '/tmp/minio_downloads/employee_190618889887.parquet', '/tmp/minio_downloads/employee_190619002185.parquet', '/tmp/minio_downloads/employee_190619102055.parquet', '/tmp/minio_downloads/employee_190619306194.parquet', '/tmp/minio_downloads/employee_190619424488.parquet', '/tmp/minio_downloads/employee_190619535990.parquet', '/tmp/minio_downloads/employee_190619645653.parquet', '/tmp/minio_downloads/employee_190619800658.parquet', '/tmp/minio_downloads/employee_190619962333.parquet', '/tmp/minio_downloads/employee_190620144226.parquet', '/tmp/minio_downloads/employee_190620259752.parquet', '/tmp/minio_downloads/employee_190620382892.parquet', '/tmp/minio_downloads/employee_190620486697.parquet', '/tmp/minio_downloads/employee_190620584458.parquet', '/tmp/minio_downloads/employee_190620728818.parquet', '/tmp/minio_downloads/employee_190620831743.parquet', '/tmp/minio_downloads/employee_190620935651.parquet', '/tmp/minio_downloads/employee_190621012768.parquet', '/tmp/minio_downloads/employee_190621160018.parquet', '/tmp/minio_downloads/employee_190621279431.parquet', '/tmp/minio_downloads/employee_190621423838.parquet', '/tmp/minio_downloads/employee_190621517533.parquet', '/tmp/minio_downloads/employee_190621628879.parquet', '/tmp/minio_downloads/employee_190621756006.parquet', '/tmp/minio_downloads/employee_190621866561.parquet', '/tmp/minio_downloads/employee_190621947817.parquet', '/tmp/minio_downloads/employee_190622031553.parquet', '/tmp/minio_downloads/employee_190622113177.parquet', '/tmp/minio_downloads/employee_190622219191.parquet', '/tmp/minio_downloads/employee_190622332318.parquet', '/tmp/minio_downloads/employee_190622418874.parquet', '/tmp/minio_downloads/employee_190622493919.parquet', '/tmp/minio_downloads/employee_190622577081.parquet', '/tmp/minio_downloads/employee_190622683463.parquet', '/tmp/minio_downloads/employee_190622771515.parquet', '/tmp/minio_downloads/employee_190622868702.parquet', '/tmp/minio_downloads/employee_190622977348.parquet', '/tmp/minio_downloads/employee_190623079173.parquet', '/tmp/minio_downloads/employee_190623182845.parquet', '/tmp/minio_downloads/employee_190623259637.parquet', '/tmp/minio_downloads/employee_190623356343.parquet', '/tmp/minio_downloads/employee_190623425664.parquet', '/tmp/minio_downloads/employee_190623523240.parquet', '/tmp/minio_downloads/employee_190623626711.parquet', '/tmp/minio_downloads/employee_190623708994.parquet', '/tmp/minio_downloads/employee_190623811139.parquet', '/tmp/minio_downloads/employee_190623910152.parquet', '/tmp/minio_downloads/employee_190624014805.parquet', '/tmp/minio_downloads/employee_190624140657.parquet', '/tmp/minio_downloads/employee_190624267985.parquet', '/tmp/minio_downloads/employee_190624401724.parquet', '/tmp/minio_downloads/employee_190625347398.parquet', '/tmp/minio_downloads/employee_190625447894.parquet', '/tmp/minio_downloads/employee_190625532001.parquet', '/tmp/minio_downloads/employee_190625620124.parquet', '/tmp/minio_downloads/employee_190625713279.parquet', '/tmp/minio_downloads/employee_190625809379.parquet', '/tmp/minio_downloads/employee_190625919263.parquet', '/tmp/minio_downloads/employee_190626106080.parquet', '/tmp/minio_downloads/employee_190626254738.parquet', '/tmp/minio_downloads/employee_190626386121.parquet', '/tmp/minio_downloads/employee_190626516002.parquet', '/tmp/minio_downloads/employee_190626675076.parquet', '/tmp/minio_downloads/employee_190626834403.parquet', '/tmp/minio_downloads/employee_190626979101.parquet', '/tmp/minio_downloads/employee_190627134800.parquet', '/tmp/minio_downloads/employee_190627275662.parquet', '/tmp/minio_downloads/employee_190627388618.parquet', '/tmp/minio_downloads/employee_190627513112.parquet', '/tmp/minio_downloads/employee_190627665207.parquet', '/tmp/minio_downloads/employee_190627804935.parquet', '/tmp/minio_downloads/employee_190627932537.parquet', '/tmp/minio_downloads/employee_190628048686.parquet', '/tmp/minio_downloads/employee_190628176925.parquet', '/tmp/minio_downloads/employee_190628273776.parquet', '/tmp/minio_downloads/employee_190628378971.parquet', '/tmp/minio_downloads/employee_190628498739.parquet', '/tmp/minio_downloads/employee_190628627572.parquet', '/tmp/minio_downloads/employee_190628813810.parquet', '/tmp/minio_downloads/employee_190628932788.parquet', '/tmp/minio_downloads/employee_190629084349.parquet', '/tmp/minio_downloads/employee_190629233563.parquet', '/tmp/minio_downloads/employee_190629342203.parquet', '/tmp/minio_downloads/employee_190629477213.parquet', '/tmp/minio_downloads/employee_190629595009.parquet', '/tmp/minio_downloads/employee_190629695413.parquet', '/tmp/minio_downloads/employee_190629790471.parquet', '/tmp/minio_downloads/employee_190629893642.parquet', '/tmp/minio_downloads/employee_190630014435.parquet', '/tmp/minio_downloads/employee_190630166878.parquet', '/tmp/minio_downloads/employee_190630294790.parquet', '/tmp/minio_downloads/employee_190630409027.parquet', '/tmp/minio_downloads/employee_190630539114.parquet', '/tmp/minio_downloads/employee_190630659079.parquet', '/tmp/minio_downloads/employee_190630762021.parquet', '/tmp/minio_downloads/employee_190630881566.parquet', '/tmp/minio_downloads/employee_190631000334.parquet', '/tmp/minio_downloads/employee_190631106733.parquet', '/tmp/minio_downloads/employee_190631225231.parquet', '/tmp/minio_downloads/employee_190631369327.parquet', '/tmp/minio_downloads/employee_190631472057.parquet', '/tmp/minio_downloads/employee_190631647969.parquet', '/tmp/minio_downloads/employee_190631796993.parquet', '/tmp/minio_downloads/employee_190631940653.parquet', '/tmp/minio_downloads/employee_190632036714.parquet', '/tmp/minio_downloads/employee_190632143671.parquet', '/tmp/minio_downloads/employee_190632235684.parquet', '/tmp/minio_downloads/employee_190632342832.parquet', '/tmp/minio_downloads/employee_190632442766.parquet', '/tmp/minio_downloads/employee_190632537000.parquet', '/tmp/minio_downloads/employee_190632624357.parquet', '/tmp/minio_downloads/employee_190632741802.parquet', '/tmp/minio_downloads/employee_190632857235.parquet', '/tmp/minio_downloads/employee_190633011919.parquet', '/tmp/minio_downloads/employee_190633127116.parquet', '/tmp/minio_downloads/employee_190633239317.parquet', '/tmp/minio_downloads/employee_190633373336.parquet', '/tmp/minio_downloads/employee_190633488211.parquet', '/tmp/minio_downloads/employee_190633616443.parquet', '/tmp/minio_downloads/employee_190633783010.parquet', '/tmp/minio_downloads/employee_190633950029.parquet', '/tmp/minio_downloads/employee_190634079643.parquet', '/tmp/minio_downloads/employee_190634227341.parquet', '/tmp/minio_downloads/employee_190634368650.parquet', '/tmp/minio_downloads/employee_190634488859.parquet', '/tmp/minio_downloads/employee_190634611672.parquet', '/tmp/minio_downloads/employee_190634724645.parquet', '/tmp/minio_downloads/employee_190634852510.parquet', '/tmp/minio_downloads/employee_190635006639.parquet', '/tmp/minio_downloads/employee_190635120846.parquet', '/tmp/minio_downloads/employee_190635216090.parquet', '/tmp/minio_downloads/employee_190635331536.parquet', '/tmp/minio_downloads/employee_190635445073.parquet', '/tmp/minio_downloads/employee_190635566670.parquet', '/tmp/minio_downloads/employee_190635687268.parquet', '/tmp/minio_downloads/employee_190635787567.parquet', '/tmp/minio_downloads/employee_190635883210.parquet', '/tmp/minio_downloads/employee_190635974057.parquet', '/tmp/minio_downloads/employee_190636056502.parquet', '/tmp/minio_downloads/employee_190636251846.parquet', '/tmp/minio_downloads/employee_190636349810.parquet', '/tmp/minio_downloads/employee_190636467710.parquet', '/tmp/minio_downloads/employee_190636572384.parquet', '/tmp/minio_downloads/employee_190636686638.parquet', '/tmp/minio_downloads/employee_190636786453.parquet', '/tmp/minio_downloads/employee_190636887858.parquet', '/tmp/minio_downloads/employee_190636981236.parquet', '/tmp/minio_downloads/employee_190637104437.parquet', '/tmp/minio_downloads/employee_190637204769.parquet', '/tmp/minio_downloads/employee_190637297549.parquet', '/tmp/minio_downloads/employee_190637441787.parquet', '/tmp/minio_downloads/employee_190637570307.parquet', '/tmp/minio_downloads/employee_190637676330.parquet', '/tmp/minio_downloads/employee_190637818348.parquet', '/tmp/minio_downloads/employee_190637930507.parquet', '/tmp/minio_downloads/employee_190638017006.parquet', '/tmp/minio_downloads/employee_190638101762.parquet', '/tmp/minio_downloads/employee_190638201275.parquet', '/tmp/minio_downloads/employee_190638299821.parquet', '/tmp/minio_downloads/employee_190638405675.parquet', '/tmp/minio_downloads/employee_190638480039.parquet', '/tmp/minio_downloads/employee_190638563512.parquet', '/tmp/minio_downloads/employee_190638645414.parquet', '/tmp/minio_downloads/employee_190638727750.parquet', '/tmp/minio_downloads/employee_190638818109.parquet', '/tmp/minio_downloads/employee_190638913793.parquet', '/tmp/minio_downloads/employee_190638997018.parquet', '/tmp/minio_downloads/employee_190639066539.parquet', '/tmp/minio_downloads/employee_190639148045.parquet', '/tmp/minio_downloads/employee_190639234239.parquet', '/tmp/minio_downloads/employee_190639296274.parquet', '/tmp/minio_downloads/employee_190639381715.parquet', '/tmp/minio_downloads/employee_190639463662.parquet', '/tmp/minio_downloads/employee_190639536465.parquet', '/tmp/minio_downloads/employee_190639656089.parquet', '/tmp/minio_downloads/employee_190639754000.parquet', '/tmp/minio_downloads/employee_190639836475.parquet', '/tmp/minio_downloads/employee_190639951420.parquet', '/tmp/minio_downloads/employee_190640070550.parquet', '/tmp/minio_downloads/employee_190640212356.parquet', '/tmp/minio_downloads/employee_190640296793.parquet', '/tmp/minio_downloads/employee_190640383549.parquet', '/tmp/minio_downloads/employee_190640464723.parquet', '/tmp/minio_downloads/employee_190640556817.parquet', '/tmp/minio_downloads/employee_190640651356.parquet', '/tmp/minio_downloads/employee_190640834877.parquet', '/tmp/minio_downloads/employee_190640951566.parquet', '/tmp/minio_downloads/employee_190641068797.parquet', '/tmp/minio_downloads/employee_190641172420.parquet', '/tmp/minio_downloads/employee_190641252092.parquet', '/tmp/minio_downloads/employee_190641333672.parquet', '/tmp/minio_downloads/employee_190641460591.parquet', '/tmp/minio_downloads/employee_190641588691.parquet', '/tmp/minio_downloads/employee_190641691791.parquet', '/tmp/minio_downloads/employee_190641771272.parquet', '/tmp/minio_downloads/employee_190641852338.parquet', '/tmp/minio_downloads/employee_190641919823.parquet', '/tmp/minio_downloads/employee_190642000667.parquet', '/tmp/minio_downloads/employee_190642149894.parquet', '/tmp/minio_downloads/employee_190642340901.parquet', '/tmp/minio_downloads/employee_190642487363.parquet', '/tmp/minio_downloads/employee_190642603258.parquet', '/tmp/minio_downloads/employee_190642680514.parquet', '/tmp/minio_downloads/employee_190642766379.parquet', '/tmp/minio_downloads/employee_190642848645.parquet', '/tmp/minio_downloads/employee_190642944042.parquet', '/tmp/minio_downloads/employee_190643017447.parquet', '/tmp/minio_downloads/employee_190643093721.parquet', '/tmp/minio_downloads/employee_190643171836.parquet', '/tmp/minio_downloads/employee_190643256118.parquet', '/tmp/minio_downloads/employee_190643362568.parquet', '/tmp/minio_downloads/employee_190643454206.parquet', '/tmp/minio_downloads/employee_190643573647.parquet', '/tmp/minio_downloads/employee_190643687988.parquet', '/tmp/minio_downloads/employee_190643795327.parquet', '/tmp/minio_downloads/employee_190643895673.parquet', '/tmp/minio_downloads/employee_190643996023.parquet', '/tmp/minio_downloads/employee_190644085018.parquet', '/tmp/minio_downloads/employee_190644194378.parquet', '/tmp/minio_downloads/employee_190644295038.parquet', '/tmp/minio_downloads/employee_190644413291.parquet', '/tmp/minio_downloads/employee_190644499272.parquet', '/tmp/minio_downloads/employee_190644592245.parquet', '/tmp/minio_downloads/employee_190644688546.parquet', '/tmp/minio_downloads/employee_190644802702.parquet', '/tmp/minio_downloads/employee_190645054731.parquet', '/tmp/minio_downloads/employee_190645228378.parquet', '/tmp/minio_downloads/employee_190645335366.parquet', '/tmp/minio_downloads/employee_190645428820.parquet', '/tmp/minio_downloads/employee_190645506862.parquet', '/tmp/minio_downloads/employee_190645591708.parquet', '/tmp/minio_downloads/employee_190645683956.parquet', '/tmp/minio_downloads/employee_190645782531.parquet', '/tmp/minio_downloads/employee_190645884836.parquet', '/tmp/minio_downloads/employee_190645988222.parquet', '/tmp/minio_downloads/employee_190646062508.parquet', '/tmp/minio_downloads/employee_190646164819.parquet', '/tmp/minio_downloads/employee_190646256124.parquet', '/tmp/minio_downloads/employee_190646349923.parquet', '/tmp/minio_downloads/employee_190646450078.parquet', '/tmp/minio_downloads/employee_190646588862.parquet', '/tmp/minio_downloads/employee_190646720256.parquet', '/tmp/minio_downloads/employee_190646845792.parquet', '/tmp/minio_downloads/employee_190646950886.parquet', '/tmp/minio_downloads/employee_190647048342.parquet', '/tmp/minio_downloads/employee_190647148510.parquet', '/tmp/minio_downloads/employee_190647224394.parquet', '/tmp/minio_downloads/employee_190647305985.parquet', '/tmp/minio_downloads/employee_190647394891.parquet', '/tmp/minio_downloads/employee_190647473701.parquet', '/tmp/minio_downloads/employee_190647556757.parquet', '/tmp/minio_downloads/employee_190647648765.parquet', '/tmp/minio_downloads/employee_190647725692.parquet', '/tmp/minio_downloads/employee_190647806364.parquet', '/tmp/minio_downloads/employee_190647908655.parquet', '/tmp/minio_downloads/employee_190647972220.parquet', '/tmp/minio_downloads/employee_190648059507.parquet', '/tmp/minio_downloads/employee_190648149281.parquet', '/tmp/minio_downloads/employee_190648230581.parquet', '/tmp/minio_downloads/employee_190648307076.parquet', '/tmp/minio_downloads/employee_190648382390.parquet', '/tmp/minio_downloads/employee_190648459885.parquet', '/tmp/minio_downloads/employee_190648538156.parquet', '/tmp/minio_downloads/employee_190648626719.parquet', '/tmp/minio_downloads/employee_190648688972.parquet', '/tmp/minio_downloads/employee_190648795350.parquet', '/tmp/minio_downloads/employee_190648965580.parquet', '/tmp/minio_downloads/employee_190649061186.parquet', '/tmp/minio_downloads/employee_190649150188.parquet', '/tmp/minio_downloads/employee_190649243860.parquet', '/tmp/minio_downloads/employee_190649334626.parquet'], 'inventory': ['/tmp/minio_downloads/inventory_190337467047.parquet', '/tmp/minio_downloads/inventory_190337539172.parquet', '/tmp/minio_downloads/inventory_190337620830.parquet', '/tmp/minio_downloads/inventory_190337683542.parquet', '/tmp/minio_downloads/inventory_190337739630.parquet', '/tmp/minio_downloads/inventory_190337796572.parquet', '/tmp/minio_downloads/inventory_190337864335.parquet', '/tmp/minio_downloads/inventory_190337925836.parquet', '/tmp/minio_downloads/inventory_190337984319.parquet', '/tmp/minio_downloads/inventory_190338047866.parquet', '/tmp/minio_downloads/inventory_190338121095.parquet', '/tmp/minio_downloads/inventory_190338193018.parquet', '/tmp/minio_downloads/inventory_190338254298.parquet', '/tmp/minio_downloads/inventory_190338316646.parquet', '/tmp/minio_downloads/inventory_190338382246.parquet', '/tmp/minio_downloads/inventory_190338434412.parquet', '/tmp/minio_downloads/inventory_190338494076.parquet', '/tmp/minio_downloads/inventory_190338545881.parquet', '/tmp/minio_downloads/inventory_190338610485.parquet', '/tmp/minio_downloads/inventory_190338682363.parquet', '/tmp/minio_downloads/inventory_190338750246.parquet', '/tmp/minio_downloads/inventory_190338826821.parquet', '/tmp/minio_downloads/inventory_190338894481.parquet', '/tmp/minio_downloads/inventory_190338960373.parquet', '/tmp/minio_downloads/inventory_190339021485.parquet', '/tmp/minio_downloads/inventory_190339083301.parquet', '/tmp/minio_downloads/inventory_190339145136.parquet', '/tmp/minio_downloads/inventory_190339206361.parquet', '/tmp/minio_downloads/inventory_190339261513.parquet', '/tmp/minio_downloads/inventory_190339327179.parquet', '/tmp/minio_downloads/inventory_190339386810.parquet', '/tmp/minio_downloads/inventory_190339454255.parquet', '/tmp/minio_downloads/inventory_190339511364.parquet', '/tmp/minio_downloads/inventory_190339577443.parquet', '/tmp/minio_downloads/inventory_190339643939.parquet', '/tmp/minio_downloads/inventory_190339703811.parquet', '/tmp/minio_downloads/inventory_190339754453.parquet', '/tmp/minio_downloads/inventory_190339810180.parquet', '/tmp/minio_downloads/inventory_190339877533.parquet', '/tmp/minio_downloads/inventory_190339941070.parquet', '/tmp/minio_downloads/inventory_190339995854.parquet', '/tmp/minio_downloads/inventory_190340059222.parquet', '/tmp/minio_downloads/inventory_190340130700.parquet', '/tmp/minio_downloads/inventory_190340205627.parquet', '/tmp/minio_downloads/inventory_190340259288.parquet', '/tmp/minio_downloads/inventory_190340313684.parquet', '/tmp/minio_downloads/inventory_190340384206.parquet', '/tmp/minio_downloads/inventory_190340453296.parquet', '/tmp/minio_downloads/inventory_190340536217.parquet', '/tmp/minio_downloads/inventory_190340614376.parquet', '/tmp/minio_downloads/inventory_190340684107.parquet', '/tmp/minio_downloads/inventory_190340751478.parquet', '/tmp/minio_downloads/inventory_190340834474.parquet', '/tmp/minio_downloads/inventory_190340926266.parquet', '/tmp/minio_downloads/inventory_190341010920.parquet', '/tmp/minio_downloads/inventory_190341082410.parquet', '/tmp/minio_downloads/inventory_190341163407.parquet', '/tmp/minio_downloads/inventory_190341242530.parquet', '/tmp/minio_downloads/inventory_190341314280.parquet', '/tmp/minio_downloads/inventory_190341385759.parquet', '/tmp/minio_downloads/inventory_190341444032.parquet', '/tmp/minio_downloads/inventory_190341518729.parquet', '/tmp/minio_downloads/inventory_190341593901.parquet', '/tmp/minio_downloads/inventory_190341658977.parquet', '/tmp/minio_downloads/inventory_190341729414.parquet', '/tmp/minio_downloads/inventory_190341797806.parquet', '/tmp/minio_downloads/inventory_190341859781.parquet', '/tmp/minio_downloads/inventory_190341941097.parquet', '/tmp/minio_downloads/inventory_190342009054.parquet', '/tmp/minio_downloads/inventory_190342085239.parquet', '/tmp/minio_downloads/inventory_190342146153.parquet', '/tmp/minio_downloads/inventory_190342205463.parquet', '/tmp/minio_downloads/inventory_190342269726.parquet', '/tmp/minio_downloads/inventory_190342330496.parquet', '/tmp/minio_downloads/inventory_190342393936.parquet', '/tmp/minio_downloads/inventory_190342463948.parquet', '/tmp/minio_downloads/inventory_190342543370.parquet', '/tmp/minio_downloads/inventory_190342594955.parquet', '/tmp/minio_downloads/inventory_190342661410.parquet', '/tmp/minio_downloads/inventory_190342726660.parquet', '/tmp/minio_downloads/inventory_190342786938.parquet', '/tmp/minio_downloads/inventory_190342852874.parquet', '/tmp/minio_downloads/inventory_190342936889.parquet', '/tmp/minio_downloads/inventory_190342993868.parquet', '/tmp/minio_downloads/inventory_190343072842.parquet', '/tmp/minio_downloads/inventory_190343143943.parquet', '/tmp/minio_downloads/inventory_190343204018.parquet', '/tmp/minio_downloads/inventory_190343261234.parquet', '/tmp/minio_downloads/inventory_190343319220.parquet', '/tmp/minio_downloads/inventory_190343373847.parquet', '/tmp/minio_downloads/inventory_190343441168.parquet', '/tmp/minio_downloads/inventory_190343496276.parquet', '/tmp/minio_downloads/inventory_190343559602.parquet', '/tmp/minio_downloads/inventory_190343612423.parquet', '/tmp/minio_downloads/inventory_190343679960.parquet', '/tmp/minio_downloads/inventory_190343741477.parquet', '/tmp/minio_downloads/inventory_190343862360.parquet', '/tmp/minio_downloads/inventory_190343923035.parquet', '/tmp/minio_downloads/inventory_190343985215.parquet', '/tmp/minio_downloads/inventory_190344040360.parquet', '/tmp/minio_downloads/inventory_190344106124.parquet', '/tmp/minio_downloads/inventory_190344158732.parquet', '/tmp/minio_downloads/inventory_190344223718.parquet', '/tmp/minio_downloads/inventory_190344293806.parquet', '/tmp/minio_downloads/inventory_190344915896.parquet', '/tmp/minio_downloads/inventory_190344972739.parquet', '/tmp/minio_downloads/inventory_190345064712.parquet', '/tmp/minio_downloads/inventory_190345123557.parquet', '/tmp/minio_downloads/inventory_190345193710.parquet', '/tmp/minio_downloads/inventory_190345264626.parquet', '/tmp/minio_downloads/inventory_190345338494.parquet', '/tmp/minio_downloads/inventory_190345411915.parquet', '/tmp/minio_downloads/inventory_190345483075.parquet', '/tmp/minio_downloads/inventory_190345559945.parquet', '/tmp/minio_downloads/inventory_190345630476.parquet', '/tmp/minio_downloads/inventory_190345688959.parquet', '/tmp/minio_downloads/inventory_190345773334.parquet', '/tmp/minio_downloads/inventory_190345838775.parquet', '/tmp/minio_downloads/inventory_190345912468.parquet', '/tmp/minio_downloads/inventory_190345990335.parquet', '/tmp/minio_downloads/inventory_190346078532.parquet', '/tmp/minio_downloads/inventory_190346176294.parquet', '/tmp/minio_downloads/inventory_190346257577.parquet', '/tmp/minio_downloads/inventory_190346338288.parquet', '/tmp/minio_downloads/inventory_190346432751.parquet', '/tmp/minio_downloads/inventory_190346521979.parquet', '/tmp/minio_downloads/inventory_190346622110.parquet', '/tmp/minio_downloads/inventory_190346722521.parquet', '/tmp/minio_downloads/inventory_190346812937.parquet', '/tmp/minio_downloads/inventory_190346903911.parquet', '/tmp/minio_downloads/inventory_190346987670.parquet', '/tmp/minio_downloads/inventory_190347073500.parquet', '/tmp/minio_downloads/inventory_190347173711.parquet', '/tmp/minio_downloads/inventory_190347282740.parquet', '/tmp/minio_downloads/inventory_190347361979.parquet', '/tmp/minio_downloads/inventory_190347453684.parquet', '/tmp/minio_downloads/inventory_190347539069.parquet', '/tmp/minio_downloads/inventory_190347623669.parquet', '/tmp/minio_downloads/inventory_190347708305.parquet', '/tmp/minio_downloads/inventory_190347776332.parquet', '/tmp/minio_downloads/inventory_190347854481.parquet', '/tmp/minio_downloads/inventory_190347940565.parquet', '/tmp/minio_downloads/inventory_190348027685.parquet', '/tmp/minio_downloads/inventory_190348131138.parquet', '/tmp/minio_downloads/inventory_190348225728.parquet', '/tmp/minio_downloads/inventory_190348312987.parquet', '/tmp/minio_downloads/inventory_190348392047.parquet', '/tmp/minio_downloads/inventory_190348471934.parquet', '/tmp/minio_downloads/inventory_190348567975.parquet', '/tmp/minio_downloads/inventory_190348661020.parquet', '/tmp/minio_downloads/inventory_190348746675.parquet', '/tmp/minio_downloads/inventory_190348822548.parquet', '/tmp/minio_downloads/inventory_190348903851.parquet', '/tmp/minio_downloads/inventory_190348987565.parquet', '/tmp/minio_downloads/inventory_190349055522.parquet', '/tmp/minio_downloads/inventory_190349147981.parquet', '/tmp/minio_downloads/inventory_190349237130.parquet', '/tmp/minio_downloads/inventory_190349337698.parquet', '/tmp/minio_downloads/inventory_190349441508.parquet', '/tmp/minio_downloads/inventory_190349545333.parquet', '/tmp/minio_downloads/inventory_190349665347.parquet', '/tmp/minio_downloads/inventory_190349768105.parquet', '/tmp/minio_downloads/inventory_190349867388.parquet', '/tmp/minio_downloads/inventory_190349970227.parquet', '/tmp/minio_downloads/inventory_190350091124.parquet', '/tmp/minio_downloads/inventory_190350190147.parquet', '/tmp/minio_downloads/inventory_190350302590.parquet', '/tmp/minio_downloads/inventory_190350403338.parquet', '/tmp/minio_downloads/inventory_190350522777.parquet', '/tmp/minio_downloads/inventory_190350664011.parquet', '/tmp/minio_downloads/inventory_190350793089.parquet', '/tmp/minio_downloads/inventory_190350901771.parquet', '/tmp/minio_downloads/inventory_190351017118.parquet', '/tmp/minio_downloads/inventory_190351144679.parquet', '/tmp/minio_downloads/inventory_190351258700.parquet', '/tmp/minio_downloads/inventory_190351389306.parquet', '/tmp/minio_downloads/inventory_190351504189.parquet', '/tmp/minio_downloads/inventory_190351628768.parquet', '/tmp/minio_downloads/inventory_190351747997.parquet', '/tmp/minio_downloads/inventory_190351855842.parquet', '/tmp/minio_downloads/inventory_190351987803.parquet', '/tmp/minio_downloads/inventory_190352110850.parquet', '/tmp/minio_downloads/inventory_190352285679.parquet', '/tmp/minio_downloads/inventory_190352418270.parquet', '/tmp/minio_downloads/inventory_190352523345.parquet', '/tmp/minio_downloads/inventory_190352637108.parquet', '/tmp/minio_downloads/inventory_190352734899.parquet', '/tmp/minio_downloads/inventory_190352849036.parquet', '/tmp/minio_downloads/inventory_190352934594.parquet', '/tmp/minio_downloads/inventory_190353043508.parquet', '/tmp/minio_downloads/inventory_190353134043.parquet', '/tmp/minio_downloads/inventory_190353232446.parquet', '/tmp/minio_downloads/inventory_190353314431.parquet', '/tmp/minio_downloads/inventory_190353413572.parquet', '/tmp/minio_downloads/inventory_190353504384.parquet', '/tmp/minio_downloads/inventory_190353598314.parquet', '/tmp/minio_downloads/inventory_190353688126.parquet', '/tmp/minio_downloads/inventory_190353793120.parquet', '/tmp/minio_downloads/inventory_190353902760.parquet', '/tmp/minio_downloads/inventory_190353982531.parquet', '/tmp/minio_downloads/inventory_190354173953.parquet', '/tmp/minio_downloads/inventory_190354293177.parquet', '/tmp/minio_downloads/inventory_190354396418.parquet', '/tmp/minio_downloads/inventory_190354491594.parquet', '/tmp/minio_downloads/inventory_190354596652.parquet', '/tmp/minio_downloads/inventory_190354688453.parquet', '/tmp/minio_downloads/inventory_190354788941.parquet', '/tmp/minio_downloads/inventory_190354896942.parquet', '/tmp/minio_downloads/inventory_190354999220.parquet', '/tmp/minio_downloads/inventory_190355100621.parquet', '/tmp/minio_downloads/inventory_190355198743.parquet', '/tmp/minio_downloads/inventory_190355285055.parquet', '/tmp/minio_downloads/inventory_190355378358.parquet', '/tmp/minio_downloads/inventory_190355464658.parquet', '/tmp/minio_downloads/inventory_190355545762.parquet', '/tmp/minio_downloads/inventory_190355635538.parquet', '/tmp/minio_downloads/inventory_190355730898.parquet', '/tmp/minio_downloads/inventory_190355815094.parquet', '/tmp/minio_downloads/inventory_190355931035.parquet', '/tmp/minio_downloads/inventory_190356037377.parquet', '/tmp/minio_downloads/inventory_190356150258.parquet', '/tmp/minio_downloads/inventory_190356252552.parquet', '/tmp/minio_downloads/inventory_190356342442.parquet', '/tmp/minio_downloads/inventory_190356448118.parquet', '/tmp/minio_downloads/inventory_190356544436.parquet', '/tmp/minio_downloads/inventory_190356642945.parquet', '/tmp/minio_downloads/inventory_190356743986.parquet', '/tmp/minio_downloads/inventory_190356832750.parquet', '/tmp/minio_downloads/inventory_190356933379.parquet', '/tmp/minio_downloads/inventory_190357012548.parquet', '/tmp/minio_downloads/inventory_190357102889.parquet', '/tmp/minio_downloads/inventory_190357182527.parquet', '/tmp/minio_downloads/inventory_190357264087.parquet', '/tmp/minio_downloads/inventory_190357363036.parquet', '/tmp/minio_downloads/inventory_190357463444.parquet', '/tmp/minio_downloads/inventory_190357563772.parquet', '/tmp/minio_downloads/inventory_190357662685.parquet', '/tmp/minio_downloads/inventory_190357746979.parquet', '/tmp/minio_downloads/inventory_190357832369.parquet', '/tmp/minio_downloads/inventory_190357927428.parquet', '/tmp/minio_downloads/inventory_190358017430.parquet', '/tmp/minio_downloads/inventory_190358118219.parquet', '/tmp/minio_downloads/inventory_190358229843.parquet', '/tmp/minio_downloads/inventory_190358327163.parquet', '/tmp/minio_downloads/inventory_190358411563.parquet', '/tmp/minio_downloads/inventory_190358517590.parquet', '/tmp/minio_downloads/inventory_190358613057.parquet', '/tmp/minio_downloads/inventory_190358718123.parquet', '/tmp/minio_downloads/inventory_190358817197.parquet', '/tmp/minio_downloads/inventory_190358912054.parquet', '/tmp/minio_downloads/inventory_190359010413.parquet', '/tmp/minio_downloads/inventory_190359095855.parquet', '/tmp/minio_downloads/inventory_190359189732.parquet', '/tmp/minio_downloads/inventory_190359280350.parquet', '/tmp/minio_downloads/inventory_190359359348.parquet', '/tmp/minio_downloads/inventory_190359475867.parquet', '/tmp/minio_downloads/inventory_190359568033.parquet', '/tmp/minio_downloads/inventory_190359666791.parquet', '/tmp/minio_downloads/inventory_190359763240.parquet', '/tmp/minio_downloads/inventory_190359874322.parquet', '/tmp/minio_downloads/inventory_190359968137.parquet', '/tmp/minio_downloads/inventory_190400070670.parquet', '/tmp/minio_downloads/inventory_190400175545.parquet', '/tmp/minio_downloads/inventory_190400286441.parquet', '/tmp/minio_downloads/inventory_190400411069.parquet', '/tmp/minio_downloads/inventory_190400522150.parquet', '/tmp/minio_downloads/inventory_190400621091.parquet', '/tmp/minio_downloads/inventory_190400735321.parquet', '/tmp/minio_downloads/inventory_190400868388.parquet', '/tmp/minio_downloads/inventory_190400984595.parquet', '/tmp/minio_downloads/inventory_190401075099.parquet', '/tmp/minio_downloads/inventory_190401163737.parquet', '/tmp/minio_downloads/inventory_190401268868.parquet', '/tmp/minio_downloads/inventory_190401401529.parquet', '/tmp/minio_downloads/inventory_190401513899.parquet', '/tmp/minio_downloads/inventory_190401645594.parquet', '/tmp/minio_downloads/inventory_190401922600.parquet', '/tmp/minio_downloads/inventory_190402089790.parquet', '/tmp/minio_downloads/inventory_190402234190.parquet', '/tmp/minio_downloads/inventory_190402377066.parquet', '/tmp/minio_downloads/inventory_190402528043.parquet', '/tmp/minio_downloads/inventory_190402692665.parquet', '/tmp/minio_downloads/inventory_190402864579.parquet', '/tmp/minio_downloads/inventory_190403063216.parquet', '/tmp/minio_downloads/inventory_190403212030.parquet', '/tmp/minio_downloads/inventory_190403342436.parquet', '/tmp/minio_downloads/inventory_190403460158.parquet', '/tmp/minio_downloads/inventory_190403567225.parquet', '/tmp/minio_downloads/inventory_190403666245.parquet', '/tmp/minio_downloads/inventory_190403756935.parquet', '/tmp/minio_downloads/inventory_190403861948.parquet', '/tmp/minio_downloads/inventory_190403952838.parquet', '/tmp/minio_downloads/inventory_190404058101.parquet', '/tmp/minio_downloads/inventory_190404170943.parquet', '/tmp/minio_downloads/inventory_190404281005.parquet', '/tmp/minio_downloads/inventory_190404391845.parquet', '/tmp/minio_downloads/inventory_190404483224.parquet', '/tmp/minio_downloads/inventory_190404577048.parquet', '/tmp/minio_downloads/inventory_190404697808.parquet', '/tmp/minio_downloads/inventory_190404809356.parquet', '/tmp/minio_downloads/inventory_190404905673.parquet', '/tmp/minio_downloads/inventory_190404991366.parquet', '/tmp/minio_downloads/inventory_190405091713.parquet', '/tmp/minio_downloads/inventory_190405195838.parquet', '/tmp/minio_downloads/inventory_190405327642.parquet', '/tmp/minio_downloads/inventory_190405441003.parquet', '/tmp/minio_downloads/inventory_190405768345.parquet', '/tmp/minio_downloads/inventory_190405922758.parquet', '/tmp/minio_downloads/inventory_190406063831.parquet', '/tmp/minio_downloads/inventory_190406207455.parquet', '/tmp/minio_downloads/inventory_190406333464.parquet', '/tmp/minio_downloads/inventory_190406451765.parquet', '/tmp/minio_downloads/inventory_190406578003.parquet', '/tmp/minio_downloads/inventory_190406701870.parquet', '/tmp/minio_downloads/inventory_190406885857.parquet', '/tmp/minio_downloads/inventory_190407051594.parquet', '/tmp/minio_downloads/inventory_190407210704.parquet', '/tmp/minio_downloads/inventory_190407350563.parquet', '/tmp/minio_downloads/inventory_190407450899.parquet', '/tmp/minio_downloads/inventory_190407539272.parquet', '/tmp/minio_downloads/inventory_190407638665.parquet', '/tmp/minio_downloads/inventory_190407748126.parquet', '/tmp/minio_downloads/inventory_190407860341.parquet', '/tmp/minio_downloads/inventory_190407968142.parquet', '/tmp/minio_downloads/inventory_190408061455.parquet', '/tmp/minio_downloads/inventory_190408154686.parquet', '/tmp/minio_downloads/inventory_190408236549.parquet', '/tmp/minio_downloads/inventory_190408324598.parquet', '/tmp/minio_downloads/inventory_190408417180.parquet', '/tmp/minio_downloads/inventory_190408498064.parquet', '/tmp/minio_downloads/inventory_190408578114.parquet', '/tmp/minio_downloads/inventory_190408668220.parquet', '/tmp/minio_downloads/inventory_190408741292.parquet', '/tmp/minio_downloads/inventory_190408821926.parquet', '/tmp/minio_downloads/inventory_190408896694.parquet', '/tmp/minio_downloads/inventory_190408968724.parquet', '/tmp/minio_downloads/inventory_190409049550.parquet', '/tmp/minio_downloads/inventory_190409126158.parquet', '/tmp/minio_downloads/inventory_190409214538.parquet', '/tmp/minio_downloads/inventory_190409306347.parquet', '/tmp/minio_downloads/inventory_190409385374.parquet', '/tmp/minio_downloads/inventory_190409453824.parquet', '/tmp/minio_downloads/inventory_190409553817.parquet', '/tmp/minio_downloads/inventory_190409634034.parquet', '/tmp/minio_downloads/inventory_190409727568.parquet', '/tmp/minio_downloads/inventory_190409802200.parquet', '/tmp/minio_downloads/inventory_190409894272.parquet', '/tmp/minio_downloads/inventory_190409967241.parquet', '/tmp/minio_downloads/inventory_190410034910.parquet', '/tmp/minio_downloads/inventory_190410149403.parquet', '/tmp/minio_downloads/inventory_190410242222.parquet', '/tmp/minio_downloads/inventory_190410328881.parquet', '/tmp/minio_downloads/inventory_190410401938.parquet', '/tmp/minio_downloads/inventory_190410484537.parquet', '/tmp/minio_downloads/inventory_190410564643.parquet', '/tmp/minio_downloads/inventory_190410641048.parquet', '/tmp/minio_downloads/inventory_190410754687.parquet', '/tmp/minio_downloads/inventory_190410927384.parquet', '/tmp/minio_downloads/inventory_190411083821.parquet', '/tmp/minio_downloads/inventory_190411194582.parquet', '/tmp/minio_downloads/inventory_190411299216.parquet', '/tmp/minio_downloads/inventory_190411415627.parquet', '/tmp/minio_downloads/inventory_190411527045.parquet', '/tmp/minio_downloads/inventory_190411646232.parquet', '/tmp/minio_downloads/inventory_190411758774.parquet', '/tmp/minio_downloads/inventory_190724121773.parquet', '/tmp/minio_downloads/inventory_190724211291.parquet', '/tmp/minio_downloads/inventory_190724280595.parquet', '/tmp/minio_downloads/inventory_190724362119.parquet', '/tmp/minio_downloads/inventory_190724434367.parquet', '/tmp/minio_downloads/inventory_190724523271.parquet', '/tmp/minio_downloads/inventory_190724613577.parquet', '/tmp/minio_downloads/inventory_190724684982.parquet', '/tmp/minio_downloads/inventory_190724769728.parquet', '/tmp/minio_downloads/inventory_190724876223.parquet', '/tmp/minio_downloads/inventory_190725006023.parquet', '/tmp/minio_downloads/inventory_190725151453.parquet', '/tmp/minio_downloads/inventory_190725265170.parquet', '/tmp/minio_downloads/inventory_190725384561.parquet', '/tmp/minio_downloads/inventory_190725501265.parquet', '/tmp/minio_downloads/inventory_190725598476.parquet', '/tmp/minio_downloads/inventory_190725691197.parquet', '/tmp/minio_downloads/inventory_190725785018.parquet', '/tmp/minio_downloads/inventory_190725900286.parquet', '/tmp/minio_downloads/inventory_190726015154.parquet', '/tmp/minio_downloads/inventory_190726119453.parquet', '/tmp/minio_downloads/inventory_190726213632.parquet', '/tmp/minio_downloads/inventory_190726325482.parquet', '/tmp/minio_downloads/inventory_190726437915.parquet', '/tmp/minio_downloads/inventory_190726534603.parquet', '/tmp/minio_downloads/inventory_190726637681.parquet', '/tmp/minio_downloads/inventory_190726740347.parquet', '/tmp/minio_downloads/inventory_190726827348.parquet', '/tmp/minio_downloads/inventory_190726925999.parquet', '/tmp/minio_downloads/inventory_190727024460.parquet', '/tmp/minio_downloads/inventory_190727115161.parquet', '/tmp/minio_downloads/inventory_190727229372.parquet', '/tmp/minio_downloads/inventory_190727343222.parquet', '/tmp/minio_downloads/inventory_190727453763.parquet', '/tmp/minio_downloads/inventory_190727550852.parquet', '/tmp/minio_downloads/inventory_190727641802.parquet', '/tmp/minio_downloads/inventory_190727757222.parquet', '/tmp/minio_downloads/inventory_190727842781.parquet', '/tmp/minio_downloads/inventory_190727960068.parquet', '/tmp/minio_downloads/inventory_190728058711.parquet', '/tmp/minio_downloads/inventory_190728245349.parquet', '/tmp/minio_downloads/inventory_190728347720.parquet', '/tmp/minio_downloads/inventory_190728460261.parquet', '/tmp/minio_downloads/inventory_190728563487.parquet', '/tmp/minio_downloads/inventory_190728663680.parquet', '/tmp/minio_downloads/inventory_190728760159.parquet', '/tmp/minio_downloads/inventory_190728840548.parquet', '/tmp/minio_downloads/inventory_190728959773.parquet', '/tmp/minio_downloads/inventory_190729057471.parquet', '/tmp/minio_downloads/inventory_190729160189.parquet', '/tmp/minio_downloads/inventory_190729263647.parquet', '/tmp/minio_downloads/inventory_190729356034.parquet', '/tmp/minio_downloads/inventory_190729459574.parquet', '/tmp/minio_downloads/inventory_190729559650.parquet', '/tmp/minio_downloads/inventory_190729655449.parquet', '/tmp/minio_downloads/inventory_190729759915.parquet', '/tmp/minio_downloads/inventory_190729874178.parquet', '/tmp/minio_downloads/inventory_190729983117.parquet', '/tmp/minio_downloads/inventory_190730074671.parquet', '/tmp/minio_downloads/inventory_190730168753.parquet', '/tmp/minio_downloads/inventory_190730261927.parquet', '/tmp/minio_downloads/inventory_190730373804.parquet', '/tmp/minio_downloads/inventory_190730477763.parquet', '/tmp/minio_downloads/inventory_190730598498.parquet', '/tmp/minio_downloads/inventory_190730691789.parquet', '/tmp/minio_downloads/inventory_190730777279.parquet', '/tmp/minio_downloads/inventory_190730854425.parquet', '/tmp/minio_downloads/inventory_190730966242.parquet', '/tmp/minio_downloads/inventory_190731065527.parquet', '/tmp/minio_downloads/inventory_190731160196.parquet', '/tmp/minio_downloads/inventory_190731253099.parquet', '/tmp/minio_downloads/inventory_190731340560.parquet', '/tmp/minio_downloads/inventory_190731431365.parquet', '/tmp/minio_downloads/inventory_190731529586.parquet', '/tmp/minio_downloads/inventory_190731643222.parquet', '/tmp/minio_downloads/inventory_190731742869.parquet', '/tmp/minio_downloads/inventory_190731847895.parquet', '/tmp/minio_downloads/inventory_190731956151.parquet', '/tmp/minio_downloads/inventory_190732042536.parquet', '/tmp/minio_downloads/inventory_190732152479.parquet', '/tmp/minio_downloads/inventory_190732254851.parquet', '/tmp/minio_downloads/inventory_190732343195.parquet', '/tmp/minio_downloads/inventory_190732425192.parquet', '/tmp/minio_downloads/inventory_190732521073.parquet', '/tmp/minio_downloads/inventory_190732609592.parquet', '/tmp/minio_downloads/inventory_190732731455.parquet', '/tmp/minio_downloads/inventory_190732835308.parquet', '/tmp/minio_downloads/inventory_190732937497.parquet', '/tmp/minio_downloads/inventory_190733037669.parquet', '/tmp/minio_downloads/inventory_190733121053.parquet', '/tmp/minio_downloads/inventory_190733221607.parquet', '/tmp/minio_downloads/inventory_190733303065.parquet', '/tmp/minio_downloads/inventory_190733404263.parquet', '/tmp/minio_downloads/inventory_190733532829.parquet', '/tmp/minio_downloads/inventory_190733657083.parquet', '/tmp/minio_downloads/inventory_190733876086.parquet', '/tmp/minio_downloads/inventory_190734023912.parquet', '/tmp/minio_downloads/inventory_190734177257.parquet', '/tmp/minio_downloads/inventory_190734303032.parquet', '/tmp/minio_downloads/inventory_190734434485.parquet', '/tmp/minio_downloads/inventory_190734629294.parquet', '/tmp/minio_downloads/inventory_190734778147.parquet', '/tmp/minio_downloads/inventory_190734913485.parquet', '/tmp/minio_downloads/inventory_190735039918.parquet', '/tmp/minio_downloads/inventory_190735160406.parquet', '/tmp/minio_downloads/inventory_190735298221.parquet', '/tmp/minio_downloads/inventory_190735438682.parquet', '/tmp/minio_downloads/inventory_190735555458.parquet', '/tmp/minio_downloads/inventory_190735656570.parquet', '/tmp/minio_downloads/inventory_190735770549.parquet', '/tmp/minio_downloads/inventory_190735858251.parquet', '/tmp/minio_downloads/inventory_190735952415.parquet', '/tmp/minio_downloads/inventory_190736070843.parquet', '/tmp/minio_downloads/inventory_190736208385.parquet', '/tmp/minio_downloads/inventory_190736323051.parquet', '/tmp/minio_downloads/inventory_190736433510.parquet', '/tmp/minio_downloads/inventory_190736537813.parquet', '/tmp/minio_downloads/inventory_190736652870.parquet', '/tmp/minio_downloads/inventory_190736766817.parquet', '/tmp/minio_downloads/inventory_190736883748.parquet', '/tmp/minio_downloads/inventory_190736990834.parquet', '/tmp/minio_downloads/inventory_190737076670.parquet', '/tmp/minio_downloads/inventory_190737164897.parquet', '/tmp/minio_downloads/inventory_190737283219.parquet', '/tmp/minio_downloads/inventory_190737385853.parquet', '/tmp/minio_downloads/inventory_190737478259.parquet', '/tmp/minio_downloads/inventory_190737586381.parquet'], 'products': ['/tmp/minio_downloads/products_190451836889.parquet', '/tmp/minio_downloads/products_190451918680.parquet', '/tmp/minio_downloads/products_190452022907.parquet', '/tmp/minio_downloads/products_190452215942.parquet', '/tmp/minio_downloads/products_190452306030.parquet', '/tmp/minio_downloads/products_190452390891.parquet', '/tmp/minio_downloads/products_190452486536.parquet', '/tmp/minio_downloads/products_190452568161.parquet', '/tmp/minio_downloads/products_190452669179.parquet', '/tmp/minio_downloads/products_190452758999.parquet', '/tmp/minio_downloads/products_190452839802.parquet', '/tmp/minio_downloads/products_190452919848.parquet', '/tmp/minio_downloads/products_190453019270.parquet', '/tmp/minio_downloads/products_190453101737.parquet', '/tmp/minio_downloads/products_190453183683.parquet', '/tmp/minio_downloads/products_190453265320.parquet', '/tmp/minio_downloads/products_190453358319.parquet', '/tmp/minio_downloads/products_190453463395.parquet', '/tmp/minio_downloads/products_190453574934.parquet', '/tmp/minio_downloads/products_190453659593.parquet', '/tmp/minio_downloads/products_190453747138.parquet', '/tmp/minio_downloads/products_190453838187.parquet', '/tmp/minio_downloads/products_190453933197.parquet', '/tmp/minio_downloads/products_190454038848.parquet', '/tmp/minio_downloads/products_190454138076.parquet', '/tmp/minio_downloads/products_190454227019.parquet', '/tmp/minio_downloads/products_190454299271.parquet', '/tmp/minio_downloads/products_190454391976.parquet', '/tmp/minio_downloads/products_190454471176.parquet', '/tmp/minio_downloads/products_190454554983.parquet', '/tmp/minio_downloads/products_190454650507.parquet', '/tmp/minio_downloads/products_190454742314.parquet', '/tmp/minio_downloads/products_190454817878.parquet', '/tmp/minio_downloads/products_190454882045.parquet', '/tmp/minio_downloads/products_190454971978.parquet', '/tmp/minio_downloads/products_190455047461.parquet', '/tmp/minio_downloads/products_190455143902.parquet', '/tmp/minio_downloads/products_190455247619.parquet', '/tmp/minio_downloads/products_190455350693.parquet', '/tmp/minio_downloads/products_190455432741.parquet', '/tmp/minio_downloads/products_190455500462.parquet', '/tmp/minio_downloads/products_190455586152.parquet', '/tmp/minio_downloads/products_190455683918.parquet', '/tmp/minio_downloads/products_190455762885.parquet', '/tmp/minio_downloads/products_190455851137.parquet', '/tmp/minio_downloads/products_190455943150.parquet', '/tmp/minio_downloads/products_190456025206.parquet', '/tmp/minio_downloads/products_190456115623.parquet', '/tmp/minio_downloads/products_190456204295.parquet', '/tmp/minio_downloads/products_190456297796.parquet', '/tmp/minio_downloads/products_190456389803.parquet', '/tmp/minio_downloads/products_190456486139.parquet', '/tmp/minio_downloads/products_190456556801.parquet', '/tmp/minio_downloads/products_190456639273.parquet', '/tmp/minio_downloads/products_190456721714.parquet', '/tmp/minio_downloads/products_190456803977.parquet', '/tmp/minio_downloads/products_190456902259.parquet', '/tmp/minio_downloads/products_190456996715.parquet', '/tmp/minio_downloads/products_190457081537.parquet', '/tmp/minio_downloads/products_190457169102.parquet', '/tmp/minio_downloads/products_190457248901.parquet', '/tmp/minio_downloads/products_190457331763.parquet', '/tmp/minio_downloads/products_190457420271.parquet', '/tmp/minio_downloads/products_190457530472.parquet', '/tmp/minio_downloads/products_190457615937.parquet', '/tmp/minio_downloads/products_190457688994.parquet', '/tmp/minio_downloads/products_190457775424.parquet', '/tmp/minio_downloads/products_190457885384.parquet', '/tmp/minio_downloads/products_190457985096.parquet', '/tmp/minio_downloads/products_190458085202.parquet', '/tmp/minio_downloads/products_190458170700.parquet', '/tmp/minio_downloads/products_190458264354.parquet', '/tmp/minio_downloads/products_190458344263.parquet', '/tmp/minio_downloads/products_190458442542.parquet', '/tmp/minio_downloads/products_190458534352.parquet', '/tmp/minio_downloads/products_190458632494.parquet', '/tmp/minio_downloads/products_190458731176.parquet', '/tmp/minio_downloads/products_190458820214.parquet', '/tmp/minio_downloads/products_190458911889.parquet', '/tmp/minio_downloads/products_190459006832.parquet', '/tmp/minio_downloads/products_190459101769.parquet', '/tmp/minio_downloads/products_190459182689.parquet', '/tmp/minio_downloads/products_190459268543.parquet', '/tmp/minio_downloads/products_190459364497.parquet', '/tmp/minio_downloads/products_190459436038.parquet', '/tmp/minio_downloads/products_190459505636.parquet', '/tmp/minio_downloads/products_190459580141.parquet', '/tmp/minio_downloads/products_190459666920.parquet', '/tmp/minio_downloads/products_190459746205.parquet', '/tmp/minio_downloads/products_190459813465.parquet', '/tmp/minio_downloads/products_190459915892.parquet', '/tmp/minio_downloads/products_190500025668.parquet', '/tmp/minio_downloads/products_190500113797.parquet', '/tmp/minio_downloads/products_190500199595.parquet', '/tmp/minio_downloads/products_190500317636.parquet', '/tmp/minio_downloads/products_190500422796.parquet', '/tmp/minio_downloads/products_190500521194.parquet', '/tmp/minio_downloads/products_190500605883.parquet', '/tmp/minio_downloads/products_190500678116.parquet', '/tmp/minio_downloads/products_190500762014.parquet', '/tmp/minio_downloads/products_190500847695.parquet', '/tmp/minio_downloads/products_190500938446.parquet', '/tmp/minio_downloads/products_190501039199.parquet', '/tmp/minio_downloads/products_190501145148.parquet', '/tmp/minio_downloads/products_190501253120.parquet', '/tmp/minio_downloads/products_190501355413.parquet', '/tmp/minio_downloads/products_190501449359.parquet', '/tmp/minio_downloads/products_190501533502.parquet', '/tmp/minio_downloads/products_190501622419.parquet', '/tmp/minio_downloads/products_190501716818.parquet', '/tmp/minio_downloads/products_190501805168.parquet', '/tmp/minio_downloads/products_190501877516.parquet', '/tmp/minio_downloads/products_190501969748.parquet', '/tmp/minio_downloads/products_190502054760.parquet', '/tmp/minio_downloads/products_190502170454.parquet', '/tmp/minio_downloads/products_190502303499.parquet', '/tmp/minio_downloads/products_190502405079.parquet', '/tmp/minio_downloads/products_190502546241.parquet', '/tmp/minio_downloads/products_190502649759.parquet', '/tmp/minio_downloads/products_190502745424.parquet', '/tmp/minio_downloads/products_190502851296.parquet', '/tmp/minio_downloads/products_190502955929.parquet', '/tmp/minio_downloads/products_190503045958.parquet', '/tmp/minio_downloads/products_190503142286.parquet', '/tmp/minio_downloads/products_190503262680.parquet', '/tmp/minio_downloads/products_190503437051.parquet', '/tmp/minio_downloads/products_190503621225.parquet', '/tmp/minio_downloads/products_190504050565.parquet', '/tmp/minio_downloads/products_190504291341.parquet', '/tmp/minio_downloads/products_190504614889.parquet', '/tmp/minio_downloads/products_190504887386.parquet', '/tmp/minio_downloads/products_190505192020.parquet', '/tmp/minio_downloads/products_190505439553.parquet', '/tmp/minio_downloads/products_190505573608.parquet', '/tmp/minio_downloads/products_190505716004.parquet', '/tmp/minio_downloads/products_190505850966.parquet', '/tmp/minio_downloads/products_190505967480.parquet', '/tmp/minio_downloads/products_190506101610.parquet', '/tmp/minio_downloads/products_190506243447.parquet', '/tmp/minio_downloads/products_190506340877.parquet', '/tmp/minio_downloads/products_190506453754.parquet', '/tmp/minio_downloads/products_190506556574.parquet', '/tmp/minio_downloads/products_190506691743.parquet', '/tmp/minio_downloads/products_190506801449.parquet', '/tmp/minio_downloads/products_190506872556.parquet', '/tmp/minio_downloads/products_190506980128.parquet', '/tmp/minio_downloads/products_190507078916.parquet', '/tmp/minio_downloads/products_190507193188.parquet', '/tmp/minio_downloads/products_190507289697.parquet', '/tmp/minio_downloads/products_190507387573.parquet', '/tmp/minio_downloads/products_190507494529.parquet', '/tmp/minio_downloads/products_190507573522.parquet', '/tmp/minio_downloads/products_190507671898.parquet', '/tmp/minio_downloads/products_190507781409.parquet', '/tmp/minio_downloads/products_190507870532.parquet', '/tmp/minio_downloads/products_190507977690.parquet', '/tmp/minio_downloads/products_190508069384.parquet', '/tmp/minio_downloads/products_190508163584.parquet', '/tmp/minio_downloads/products_190508237766.parquet', '/tmp/minio_downloads/products_190508342202.parquet', '/tmp/minio_downloads/products_190508492801.parquet', '/tmp/minio_downloads/products_190508673144.parquet', '/tmp/minio_downloads/products_190508775644.parquet', '/tmp/minio_downloads/products_190508877456.parquet', '/tmp/minio_downloads/products_190508994332.parquet', '/tmp/minio_downloads/products_190509106065.parquet', '/tmp/minio_downloads/products_190509209313.parquet', '/tmp/minio_downloads/products_190509309055.parquet', '/tmp/minio_downloads/products_190509413119.parquet', '/tmp/minio_downloads/products_190509505797.parquet', '/tmp/minio_downloads/products_190509612685.parquet', '/tmp/minio_downloads/products_190509726741.parquet', '/tmp/minio_downloads/products_190509821495.parquet', '/tmp/minio_downloads/products_190509925285.parquet', '/tmp/minio_downloads/products_190510021890.parquet', '/tmp/minio_downloads/products_190510121914.parquet', '/tmp/minio_downloads/products_190510227667.parquet', '/tmp/minio_downloads/products_190510348300.parquet', '/tmp/minio_downloads/products_190510449301.parquet', '/tmp/minio_downloads/products_190510538653.parquet', '/tmp/minio_downloads/products_190510627206.parquet', '/tmp/minio_downloads/products_190510747407.parquet', '/tmp/minio_downloads/products_190510908621.parquet', '/tmp/minio_downloads/products_190511040601.parquet', '/tmp/minio_downloads/products_190511161902.parquet', '/tmp/minio_downloads/products_190511256877.parquet', '/tmp/minio_downloads/products_190511353807.parquet', '/tmp/minio_downloads/products_190511446548.parquet', '/tmp/minio_downloads/products_190511550824.parquet', '/tmp/minio_downloads/products_190511637025.parquet', '/tmp/minio_downloads/products_190511742928.parquet', '/tmp/minio_downloads/products_190511838875.parquet', '/tmp/minio_downloads/products_190511942705.parquet', '/tmp/minio_downloads/products_190512035616.parquet', '/tmp/minio_downloads/products_190512125046.parquet', '/tmp/minio_downloads/products_190512246186.parquet', '/tmp/minio_downloads/products_190512346480.parquet', '/tmp/minio_downloads/products_190512441264.parquet', '/tmp/minio_downloads/products_190512540267.parquet', '/tmp/minio_downloads/products_190512622559.parquet', '/tmp/minio_downloads/products_190512716557.parquet', '/tmp/minio_downloads/products_190512801660.parquet', '/tmp/minio_downloads/products_190512900356.parquet', '/tmp/minio_downloads/products_190513013788.parquet', '/tmp/minio_downloads/products_190513116275.parquet', '/tmp/minio_downloads/products_190513210738.parquet', '/tmp/minio_downloads/products_190513321105.parquet', '/tmp/minio_downloads/products_190513442567.parquet', '/tmp/minio_downloads/products_190513548161.parquet', '/tmp/minio_downloads/products_190513640606.parquet', '/tmp/minio_downloads/products_190513737204.parquet', '/tmp/minio_downloads/products_190513840427.parquet', '/tmp/minio_downloads/products_190513956310.parquet', '/tmp/minio_downloads/products_190514057768.parquet', '/tmp/minio_downloads/products_190514155388.parquet', '/tmp/minio_downloads/products_190514235212.parquet', '/tmp/minio_downloads/products_190514334334.parquet', '/tmp/minio_downloads/products_190514421011.parquet', '/tmp/minio_downloads/products_190514515520.parquet', '/tmp/minio_downloads/products_190514590384.parquet', '/tmp/minio_downloads/products_190514690576.parquet', '/tmp/minio_downloads/products_190514785355.parquet', '/tmp/minio_downloads/products_190514870752.parquet', '/tmp/minio_downloads/products_190514950211.parquet', '/tmp/minio_downloads/products_190515046462.parquet', '/tmp/minio_downloads/products_190515141982.parquet', '/tmp/minio_downloads/products_190515226227.parquet', '/tmp/minio_downloads/products_190515304938.parquet', '/tmp/minio_downloads/products_190515402338.parquet', '/tmp/minio_downloads/products_190515494081.parquet', '/tmp/minio_downloads/products_190515575649.parquet', '/tmp/minio_downloads/products_190515659247.parquet', '/tmp/minio_downloads/products_190515759494.parquet', '/tmp/minio_downloads/products_190515849188.parquet', '/tmp/minio_downloads/products_190515918082.parquet', '/tmp/minio_downloads/products_190516001141.parquet', '/tmp/minio_downloads/products_190516068757.parquet', '/tmp/minio_downloads/products_190516159940.parquet', '/tmp/minio_downloads/products_190516240847.parquet', '/tmp/minio_downloads/products_190516338318.parquet', '/tmp/minio_downloads/products_190516432070.parquet', '/tmp/minio_downloads/products_190516514146.parquet', '/tmp/minio_downloads/products_190516584884.parquet', '/tmp/minio_downloads/products_190516663229.parquet', '/tmp/minio_downloads/products_190516736911.parquet', '/tmp/minio_downloads/products_190516809117.parquet', '/tmp/minio_downloads/products_190516893225.parquet', '/tmp/minio_downloads/products_190516966196.parquet', '/tmp/minio_downloads/products_190517049810.parquet', '/tmp/minio_downloads/products_190517117280.parquet', '/tmp/minio_downloads/products_190517205576.parquet', '/tmp/minio_downloads/products_190517284781.parquet', '/tmp/minio_downloads/products_190517358607.parquet', '/tmp/minio_downloads/products_190517450282.parquet', '/tmp/minio_downloads/products_190517532726.parquet', '/tmp/minio_downloads/products_190517636065.parquet', '/tmp/minio_downloads/products_190517733416.parquet', '/tmp/minio_downloads/products_190517842694.parquet', '/tmp/minio_downloads/products_190517934715.parquet', '/tmp/minio_downloads/products_190518047058.parquet', '/tmp/minio_downloads/products_190518132327.parquet', '/tmp/minio_downloads/products_190518233300.parquet', '/tmp/minio_downloads/products_190518338770.parquet', '/tmp/minio_downloads/products_190518424499.parquet', '/tmp/minio_downloads/products_190518506977.parquet', '/tmp/minio_downloads/products_190518606228.parquet', '/tmp/minio_downloads/products_190518706044.parquet', '/tmp/minio_downloads/products_190518804661.parquet', '/tmp/minio_downloads/products_190518900595.parquet', '/tmp/minio_downloads/products_190518988924.parquet', '/tmp/minio_downloads/products_190519088455.parquet', '/tmp/minio_downloads/products_190519182190.parquet', '/tmp/minio_downloads/products_190519281165.parquet', '/tmp/minio_downloads/products_190519394383.parquet', '/tmp/minio_downloads/products_190519505484.parquet', '/tmp/minio_downloads/products_190519614921.parquet', '/tmp/minio_downloads/products_190519723196.parquet', '/tmp/minio_downloads/products_190519837769.parquet', '/tmp/minio_downloads/products_190519952979.parquet', '/tmp/minio_downloads/products_190520082937.parquet', '/tmp/minio_downloads/products_190520188294.parquet', '/tmp/minio_downloads/products_190520289674.parquet', '/tmp/minio_downloads/products_190520393504.parquet', '/tmp/minio_downloads/products_190520500027.parquet', '/tmp/minio_downloads/products_190520633450.parquet', '/tmp/minio_downloads/products_190520778651.parquet', '/tmp/minio_downloads/products_190520903227.parquet', '/tmp/minio_downloads/products_190521046609.parquet', '/tmp/minio_downloads/products_190521217705.parquet', '/tmp/minio_downloads/products_190521389335.parquet', '/tmp/minio_downloads/products_190521542750.parquet', '/tmp/minio_downloads/products_190521706212.parquet', '/tmp/minio_downloads/products_190521940266.parquet', '/tmp/minio_downloads/products_190522151590.parquet', '/tmp/minio_downloads/products_190522315513.parquet', '/tmp/minio_downloads/products_190522444092.parquet', '/tmp/minio_downloads/products_190522673116.parquet', '/tmp/minio_downloads/products_190522841650.parquet', '/tmp/minio_downloads/products_190522988838.parquet', '/tmp/minio_downloads/products_190523105919.parquet', '/tmp/minio_downloads/products_190523291180.parquet', '/tmp/minio_downloads/products_190523528699.parquet', '/tmp/minio_downloads/products_190523795135.parquet', '/tmp/minio_downloads/products_190523929735.parquet', '/tmp/minio_downloads/products_190524114956.parquet', '/tmp/minio_downloads/products_190524299317.parquet', '/tmp/minio_downloads/products_190524447589.parquet', '/tmp/minio_downloads/products_190524632059.parquet', '/tmp/minio_downloads/products_190524814315.parquet', '/tmp/minio_downloads/products_190525025845.parquet', '/tmp/minio_downloads/products_190525196127.parquet', '/tmp/minio_downloads/products_190525361823.parquet', '/tmp/minio_downloads/products_190525577234.parquet', '/tmp/minio_downloads/products_190525751263.parquet', '/tmp/minio_downloads/products_190525990052.parquet', '/tmp/minio_downloads/products_190526150505.parquet', '/tmp/minio_downloads/products_190526303829.parquet', '/tmp/minio_downloads/products_190526503032.parquet', '/tmp/minio_downloads/products_190526697484.parquet', '/tmp/minio_downloads/products_190526967633.parquet', '/tmp/minio_downloads/products_190527276526.parquet', '/tmp/minio_downloads/products_190527492797.parquet', '/tmp/minio_downloads/products_190527671176.parquet', '/tmp/minio_downloads/products_190527873298.parquet', '/tmp/minio_downloads/products_190528077439.parquet', '/tmp/minio_downloads/products_190528265165.parquet', '/tmp/minio_downloads/products_190528396267.parquet', '/tmp/minio_downloads/products_190528581713.parquet', '/tmp/minio_downloads/products_190528710311.parquet', '/tmp/minio_downloads/products_190528833429.parquet', '/tmp/minio_downloads/products_190528980653.parquet', '/tmp/minio_downloads/products_190529157644.parquet', '/tmp/minio_downloads/products_190529330373.parquet', '/tmp/minio_downloads/products_190529495667.parquet', '/tmp/minio_downloads/products_190529644991.parquet', '/tmp/minio_downloads/products_190529796184.parquet', '/tmp/minio_downloads/products_190529937711.parquet', '/tmp/minio_downloads/products_190530081816.parquet', '/tmp/minio_downloads/products_190530247718.parquet', '/tmp/minio_downloads/products_190530413919.parquet', '/tmp/minio_downloads/products_190530561245.parquet', '/tmp/minio_downloads/products_190530714544.parquet', '/tmp/minio_downloads/products_190530848261.parquet', '/tmp/minio_downloads/products_190531001980.parquet', '/tmp/minio_downloads/products_190531140654.parquet', '/tmp/minio_downloads/products_190531263217.parquet', '/tmp/minio_downloads/products_190531375477.parquet', '/tmp/minio_downloads/products_190531508599.parquet', '/tmp/minio_downloads/products_190531648223.parquet', '/tmp/minio_downloads/products_190531775706.parquet', '/tmp/minio_downloads/products_190531886042.parquet', '/tmp/minio_downloads/products_190531991248.parquet', '/tmp/minio_downloads/products_190532090630.parquet', '/tmp/minio_downloads/products_190532185217.parquet', '/tmp/minio_downloads/products_190532288748.parquet', '/tmp/minio_downloads/products_190532376212.parquet', '/tmp/minio_downloads/products_190533226619.parquet', '/tmp/minio_downloads/products_190533301640.parquet', '/tmp/minio_downloads/products_190533370923.parquet', '/tmp/minio_downloads/products_190533448519.parquet', '/tmp/minio_downloads/products_190533537480.parquet', '/tmp/minio_downloads/products_190533628408.parquet', '/tmp/minio_downloads/products_190533705522.parquet', '/tmp/minio_downloads/products_190533777917.parquet', '/tmp/minio_downloads/products_190533878681.parquet', '/tmp/minio_downloads/products_190533970700.parquet'], 'reviews': ['/tmp/minio_downloads/reviews_190214972918.parquet', '/tmp/minio_downloads/reviews_190215097605.parquet', '/tmp/minio_downloads/reviews_190215250245.parquet', '/tmp/minio_downloads/reviews_190215566650.parquet', '/tmp/minio_downloads/reviews_190215814538.parquet', '/tmp/minio_downloads/reviews_190216029623.parquet', '/tmp/minio_downloads/reviews_190216425333.parquet', '/tmp/minio_downloads/reviews_190216616589.parquet', '/tmp/minio_downloads/reviews_190216786694.parquet', '/tmp/minio_downloads/reviews_190216987218.parquet', '/tmp/minio_downloads/reviews_190217122746.parquet', '/tmp/minio_downloads/reviews_190217244865.parquet', '/tmp/minio_downloads/reviews_190217372770.parquet', '/tmp/minio_downloads/reviews_190217506147.parquet', '/tmp/minio_downloads/reviews_190217657387.parquet', '/tmp/minio_downloads/reviews_190217875949.parquet', '/tmp/minio_downloads/reviews_190218041233.parquet', '/tmp/minio_downloads/reviews_190218205395.parquet', '/tmp/minio_downloads/reviews_190218340649.parquet', '/tmp/minio_downloads/reviews_190218468013.parquet', '/tmp/minio_downloads/reviews_190218596271.parquet', '/tmp/minio_downloads/reviews_190218700720.parquet', '/tmp/minio_downloads/reviews_190218819429.parquet', '/tmp/minio_downloads/reviews_190218952037.parquet', '/tmp/minio_downloads/reviews_190219098926.parquet', '/tmp/minio_downloads/reviews_190219216765.parquet', '/tmp/minio_downloads/reviews_190219338608.parquet', '/tmp/minio_downloads/reviews_190219501986.parquet', '/tmp/minio_downloads/reviews_190219656033.parquet', '/tmp/minio_downloads/reviews_190219816732.parquet', '/tmp/minio_downloads/reviews_190219937352.parquet', '/tmp/minio_downloads/reviews_190220053034.parquet', '/tmp/minio_downloads/reviews_190220250956.parquet', '/tmp/minio_downloads/reviews_190220522645.parquet', '/tmp/minio_downloads/reviews_190220735968.parquet', '/tmp/minio_downloads/reviews_190220938936.parquet', '/tmp/minio_downloads/reviews_190221145816.parquet', '/tmp/minio_downloads/reviews_190221384431.parquet', '/tmp/minio_downloads/reviews_190221521023.parquet', '/tmp/minio_downloads/reviews_190221664852.parquet', '/tmp/minio_downloads/reviews_190221894163.parquet', '/tmp/minio_downloads/reviews_190222056747.parquet', '/tmp/minio_downloads/reviews_190222469395.parquet', '/tmp/minio_downloads/reviews_190222815487.parquet', '/tmp/minio_downloads/reviews_190223143496.parquet', '/tmp/minio_downloads/reviews_190223375689.parquet', '/tmp/minio_downloads/reviews_190223607708.parquet', '/tmp/minio_downloads/reviews_190223834879.parquet', '/tmp/minio_downloads/reviews_190224122162.parquet', '/tmp/minio_downloads/reviews_190224397530.parquet', '/tmp/minio_downloads/reviews_190224601385.parquet', '/tmp/minio_downloads/reviews_190224814461.parquet', '/tmp/minio_downloads/reviews_190225013340.parquet', '/tmp/minio_downloads/reviews_190225204835.parquet', '/tmp/minio_downloads/reviews_190225349570.parquet', '/tmp/minio_downloads/reviews_190225500104.parquet', '/tmp/minio_downloads/reviews_190225652754.parquet', '/tmp/minio_downloads/reviews_190225783561.parquet', '/tmp/minio_downloads/reviews_190225926939.parquet', '/tmp/minio_downloads/reviews_190226082741.parquet', '/tmp/minio_downloads/reviews_190226233161.parquet', '/tmp/minio_downloads/reviews_190226371894.parquet', '/tmp/minio_downloads/reviews_190226505901.parquet', '/tmp/minio_downloads/reviews_190226654223.parquet', '/tmp/minio_downloads/reviews_190226773778.parquet', '/tmp/minio_downloads/reviews_190226898736.parquet', '/tmp/minio_downloads/reviews_190227044817.parquet', '/tmp/minio_downloads/reviews_190227186872.parquet', '/tmp/minio_downloads/reviews_190227362023.parquet', '/tmp/minio_downloads/reviews_190227503940.parquet', '/tmp/minio_downloads/reviews_190227639712.parquet', '/tmp/minio_downloads/reviews_190227796933.parquet', '/tmp/minio_downloads/reviews_190227949946.parquet', '/tmp/minio_downloads/reviews_190228174631.parquet', '/tmp/minio_downloads/reviews_190228335276.parquet', '/tmp/minio_downloads/reviews_190228462449.parquet', '/tmp/minio_downloads/reviews_190228628626.parquet', '/tmp/minio_downloads/reviews_190228782565.parquet', '/tmp/minio_downloads/reviews_190228943703.parquet', '/tmp/minio_downloads/reviews_190229111437.parquet', '/tmp/minio_downloads/reviews_190229322375.parquet', '/tmp/minio_downloads/reviews_190229482068.parquet', '/tmp/minio_downloads/reviews_190229698365.parquet', '/tmp/minio_downloads/reviews_190229857306.parquet', '/tmp/minio_downloads/reviews_190230024557.parquet', '/tmp/minio_downloads/reviews_190230260173.parquet', '/tmp/minio_downloads/reviews_190230470149.parquet', '/tmp/minio_downloads/reviews_190230864209.parquet', '/tmp/minio_downloads/reviews_190231138971.parquet', '/tmp/minio_downloads/reviews_190231351128.parquet', '/tmp/minio_downloads/reviews_190231521973.parquet', '/tmp/minio_downloads/reviews_190231668487.parquet', '/tmp/minio_downloads/reviews_190231863814.parquet', '/tmp/minio_downloads/reviews_190232035477.parquet', '/tmp/minio_downloads/reviews_190232205371.parquet', '/tmp/minio_downloads/reviews_190232364598.parquet', '/tmp/minio_downloads/reviews_190232522180.parquet', '/tmp/minio_downloads/reviews_190232670102.parquet', '/tmp/minio_downloads/reviews_190232794960.parquet', '/tmp/minio_downloads/reviews_190232955254.parquet', '/tmp/minio_downloads/reviews_190233110309.parquet', '/tmp/minio_downloads/reviews_190233250620.parquet', '/tmp/minio_downloads/reviews_190233412155.parquet', '/tmp/minio_downloads/reviews_190233569385.parquet', '/tmp/minio_downloads/reviews_190233718517.parquet', '/tmp/minio_downloads/reviews_190233879453.parquet', '/tmp/minio_downloads/reviews_190234053790.parquet', '/tmp/minio_downloads/reviews_190234202018.parquet', '/tmp/minio_downloads/reviews_190234328540.parquet', '/tmp/minio_downloads/reviews_190234470259.parquet', '/tmp/minio_downloads/reviews_190234611324.parquet', '/tmp/minio_downloads/reviews_190234751564.parquet', '/tmp/minio_downloads/reviews_190234880388.parquet', '/tmp/minio_downloads/reviews_190234993260.parquet', '/tmp/minio_downloads/reviews_190235148343.parquet', '/tmp/minio_downloads/reviews_190235269484.parquet', '/tmp/minio_downloads/reviews_190235388957.parquet', '/tmp/minio_downloads/reviews_190235503354.parquet', '/tmp/minio_downloads/reviews_190235614386.parquet', '/tmp/minio_downloads/reviews_190235733491.parquet', '/tmp/minio_downloads/reviews_190235846807.parquet', '/tmp/minio_downloads/reviews_190235987290.parquet', '/tmp/minio_downloads/reviews_190236130474.parquet', '/tmp/minio_downloads/reviews_190236271630.parquet', '/tmp/minio_downloads/reviews_190236405350.parquet', '/tmp/minio_downloads/reviews_190236569757.parquet', '/tmp/minio_downloads/reviews_190236798544.parquet', '/tmp/minio_downloads/reviews_190236925518.parquet', '/tmp/minio_downloads/reviews_190237056538.parquet', '/tmp/minio_downloads/reviews_190237166982.parquet', '/tmp/minio_downloads/reviews_190237309301.parquet', '/tmp/minio_downloads/reviews_190237430616.parquet', '/tmp/minio_downloads/reviews_190237544319.parquet', '/tmp/minio_downloads/reviews_190237659018.parquet', '/tmp/minio_downloads/reviews_190237766102.parquet', '/tmp/minio_downloads/reviews_190237866454.parquet', '/tmp/minio_downloads/reviews_190237982366.parquet', '/tmp/minio_downloads/reviews_190238116591.parquet', '/tmp/minio_downloads/reviews_190238245987.parquet', '/tmp/minio_downloads/reviews_190238356185.parquet', '/tmp/minio_downloads/reviews_190238475919.parquet', '/tmp/minio_downloads/reviews_190238628626.parquet', '/tmp/minio_downloads/reviews_190238786535.parquet', '/tmp/minio_downloads/reviews_190238906471.parquet', '/tmp/minio_downloads/reviews_190239002641.parquet', '/tmp/minio_downloads/reviews_190239114878.parquet', '/tmp/minio_downloads/reviews_190239252864.parquet', '/tmp/minio_downloads/reviews_190239366646.parquet', '/tmp/minio_downloads/reviews_190239476359.parquet', '/tmp/minio_downloads/reviews_190239568178.parquet', '/tmp/minio_downloads/reviews_190239690336.parquet', '/tmp/minio_downloads/reviews_190239807749.parquet', '/tmp/minio_downloads/reviews_190239914753.parquet', '/tmp/minio_downloads/reviews_190240016236.parquet', '/tmp/minio_downloads/reviews_190240121768.parquet', '/tmp/minio_downloads/reviews_190240286848.parquet', '/tmp/minio_downloads/reviews_190240413795.parquet', '/tmp/minio_downloads/reviews_190240532393.parquet', '/tmp/minio_downloads/reviews_190240677856.parquet', '/tmp/minio_downloads/reviews_190240831367.parquet', '/tmp/minio_downloads/reviews_190240958496.parquet', '/tmp/minio_downloads/reviews_190241088835.parquet', '/tmp/minio_downloads/reviews_190241227526.parquet', '/tmp/minio_downloads/reviews_190241366423.parquet', '/tmp/minio_downloads/reviews_190241469818.parquet', '/tmp/minio_downloads/reviews_190241587172.parquet', '/tmp/minio_downloads/reviews_190241693311.parquet', '/tmp/minio_downloads/reviews_190241812312.parquet', '/tmp/minio_downloads/reviews_190241977247.parquet', '/tmp/minio_downloads/reviews_190242097161.parquet', '/tmp/minio_downloads/reviews_190242208540.parquet', '/tmp/minio_downloads/reviews_190242343106.parquet', '/tmp/minio_downloads/reviews_190242471252.parquet', '/tmp/minio_downloads/reviews_190242600215.parquet', '/tmp/minio_downloads/reviews_190242721364.parquet', '/tmp/minio_downloads/reviews_190242857178.parquet', '/tmp/minio_downloads/reviews_190243002167.parquet', '/tmp/minio_downloads/reviews_190243171794.parquet', '/tmp/minio_downloads/reviews_190243308460.parquet', '/tmp/minio_downloads/reviews_190243431944.parquet', '/tmp/minio_downloads/reviews_190243578641.parquet', '/tmp/minio_downloads/reviews_190243675414.parquet', '/tmp/minio_downloads/reviews_190243772839.parquet', '/tmp/minio_downloads/reviews_190243875775.parquet', '/tmp/minio_downloads/reviews_190243972042.parquet', '/tmp/minio_downloads/reviews_190244055958.parquet', '/tmp/minio_downloads/reviews_190244142145.parquet', '/tmp/minio_downloads/reviews_190244223233.parquet', '/tmp/minio_downloads/reviews_190244329441.parquet', '/tmp/minio_downloads/reviews_190244423170.parquet', '/tmp/minio_downloads/reviews_190244529337.parquet', '/tmp/minio_downloads/reviews_190244648784.parquet', '/tmp/minio_downloads/reviews_190244729526.parquet', '/tmp/minio_downloads/reviews_190244811592.parquet', '/tmp/minio_downloads/reviews_190244905960.parquet', '/tmp/minio_downloads/reviews_190244991976.parquet', '/tmp/minio_downloads/reviews_190245078753.parquet', '/tmp/minio_downloads/reviews_190245161338.parquet', '/tmp/minio_downloads/reviews_190245238144.parquet', '/tmp/minio_downloads/reviews_190245325734.parquet', '/tmp/minio_downloads/reviews_190245417958.parquet', '/tmp/minio_downloads/reviews_190245504410.parquet', '/tmp/minio_downloads/reviews_190245608751.parquet', '/tmp/minio_downloads/reviews_190245710998.parquet', '/tmp/minio_downloads/reviews_190245803911.parquet', '/tmp/minio_downloads/reviews_190245887674.parquet', '/tmp/minio_downloads/reviews_190245975609.parquet', '/tmp/minio_downloads/reviews_190246070721.parquet', '/tmp/minio_downloads/reviews_190246159359.parquet', '/tmp/minio_downloads/reviews_190246253168.parquet', '/tmp/minio_downloads/reviews_190246338128.parquet', '/tmp/minio_downloads/reviews_190246421987.parquet', '/tmp/minio_downloads/reviews_190246514368.parquet', '/tmp/minio_downloads/reviews_190246594502.parquet', '/tmp/minio_downloads/reviews_190246689355.parquet', '/tmp/minio_downloads/reviews_190246756677.parquet', '/tmp/minio_downloads/reviews_190246855150.parquet', '/tmp/minio_downloads/reviews_190246941857.parquet', '/tmp/minio_downloads/reviews_190247035954.parquet', '/tmp/minio_downloads/reviews_190247122968.parquet', '/tmp/minio_downloads/reviews_190247221265.parquet', '/tmp/minio_downloads/reviews_190247305255.parquet', '/tmp/minio_downloads/reviews_190247386552.parquet', '/tmp/minio_downloads/reviews_190247482946.parquet', '/tmp/minio_downloads/reviews_190247576581.parquet', '/tmp/minio_downloads/reviews_190247652744.parquet', '/tmp/minio_downloads/reviews_190247739288.parquet', '/tmp/minio_downloads/reviews_190247825515.parquet', '/tmp/minio_downloads/reviews_190247908307.parquet', '/tmp/minio_downloads/reviews_190247989174.parquet', '/tmp/minio_downloads/reviews_190248077026.parquet', '/tmp/minio_downloads/reviews_190248189206.parquet', '/tmp/minio_downloads/reviews_190248277102.parquet', '/tmp/minio_downloads/reviews_190248360510.parquet', '/tmp/minio_downloads/reviews_190248445973.parquet', '/tmp/minio_downloads/reviews_190248610432.parquet', '/tmp/minio_downloads/reviews_190248728880.parquet', '/tmp/minio_downloads/reviews_190248829652.parquet', '/tmp/minio_downloads/reviews_190248921691.parquet', '/tmp/minio_downloads/reviews_190249038616.parquet', '/tmp/minio_downloads/reviews_190249137278.parquet', '/tmp/minio_downloads/reviews_190249236453.parquet', '/tmp/minio_downloads/reviews_190249335757.parquet', '/tmp/minio_downloads/reviews_190249419221.parquet', '/tmp/minio_downloads/reviews_190249519178.parquet', '/tmp/minio_downloads/reviews_190249613349.parquet', '/tmp/minio_downloads/reviews_190249726978.parquet', '/tmp/minio_downloads/reviews_190249821544.parquet', '/tmp/minio_downloads/reviews_190249921644.parquet', '/tmp/minio_downloads/reviews_190250025193.parquet', '/tmp/minio_downloads/reviews_190250102629.parquet', '/tmp/minio_downloads/reviews_190250201781.parquet', '/tmp/minio_downloads/reviews_190250293951.parquet', '/tmp/minio_downloads/reviews_190250378965.parquet', '/tmp/minio_downloads/reviews_190250475090.parquet', '/tmp/minio_downloads/reviews_190250584333.parquet', '/tmp/minio_downloads/reviews_190250699353.parquet', '/tmp/minio_downloads/reviews_190250825497.parquet', '/tmp/minio_downloads/reviews_190250957899.parquet', '/tmp/minio_downloads/reviews_190251076497.parquet', '/tmp/minio_downloads/reviews_190251168422.parquet', '/tmp/minio_downloads/reviews_190251283099.parquet', '/tmp/minio_downloads/reviews_190251385156.parquet', '/tmp/minio_downloads/reviews_190251466721.parquet', '/tmp/minio_downloads/reviews_190251574629.parquet', '/tmp/minio_downloads/reviews_190251649951.parquet', '/tmp/minio_downloads/reviews_190251789113.parquet', '/tmp/minio_downloads/reviews_190251944261.parquet', '/tmp/minio_downloads/reviews_190252034431.parquet', '/tmp/minio_downloads/reviews_190252141883.parquet', '/tmp/minio_downloads/reviews_190252231977.parquet', '/tmp/minio_downloads/reviews_190252333864.parquet', '/tmp/minio_downloads/reviews_190252433244.parquet', '/tmp/minio_downloads/reviews_190252518858.parquet', '/tmp/minio_downloads/reviews_190252604785.parquet', '/tmp/minio_downloads/reviews_190252699752.parquet', '/tmp/minio_downloads/reviews_190252806438.parquet', '/tmp/minio_downloads/reviews_190252883196.parquet', '/tmp/minio_downloads/reviews_190252981824.parquet', '/tmp/minio_downloads/reviews_190253065072.parquet', '/tmp/minio_downloads/reviews_190253158814.parquet', '/tmp/minio_downloads/reviews_190253254710.parquet', '/tmp/minio_downloads/reviews_190253357372.parquet', '/tmp/minio_downloads/reviews_190253459233.parquet', '/tmp/minio_downloads/reviews_190253548354.parquet', '/tmp/minio_downloads/reviews_190253648593.parquet', '/tmp/minio_downloads/reviews_190253749791.parquet', '/tmp/minio_downloads/reviews_190253856173.parquet', '/tmp/minio_downloads/reviews_190254000728.parquet', '/tmp/minio_downloads/reviews_190255034786.parquet', '/tmp/minio_downloads/reviews_190255179939.parquet', '/tmp/minio_downloads/reviews_190255309717.parquet', '/tmp/minio_downloads/reviews_190255422011.parquet', '/tmp/minio_downloads/reviews_190255541013.parquet', '/tmp/minio_downloads/reviews_190255676909.parquet', '/tmp/minio_downloads/reviews_190255822934.parquet', '/tmp/minio_downloads/reviews_190255972454.parquet', '/tmp/minio_downloads/reviews_190256103252.parquet', '/tmp/minio_downloads/reviews_190256311243.parquet', '/tmp/minio_downloads/reviews_190256463480.parquet', '/tmp/minio_downloads/reviews_190256596330.parquet', '/tmp/minio_downloads/reviews_190256739544.parquet', '/tmp/minio_downloads/reviews_190256876646.parquet', '/tmp/minio_downloads/reviews_190257007762.parquet', '/tmp/minio_downloads/reviews_190257159816.parquet', '/tmp/minio_downloads/reviews_190257299098.parquet', '/tmp/minio_downloads/reviews_190257424387.parquet', '/tmp/minio_downloads/reviews_190257570011.parquet', '/tmp/minio_downloads/reviews_190257982921.parquet', '/tmp/minio_downloads/reviews_190258166540.parquet', '/tmp/minio_downloads/reviews_190258335331.parquet', '/tmp/minio_downloads/reviews_190258548545.parquet', '/tmp/minio_downloads/reviews_190258725046.parquet', '/tmp/minio_downloads/reviews_190258882253.parquet', '/tmp/minio_downloads/reviews_190259105526.parquet', '/tmp/minio_downloads/reviews_190259305658.parquet', '/tmp/minio_downloads/reviews_190259512460.parquet', '/tmp/minio_downloads/reviews_190259682785.parquet', '/tmp/minio_downloads/reviews_190259820756.parquet', '/tmp/minio_downloads/reviews_190259973248.parquet', '/tmp/minio_downloads/reviews_190300175984.parquet', '/tmp/minio_downloads/reviews_190300351869.parquet', '/tmp/minio_downloads/reviews_190300498113.parquet', '/tmp/minio_downloads/reviews_190300701824.parquet', '/tmp/minio_downloads/reviews_190300996326.parquet', '/tmp/minio_downloads/reviews_190301194846.parquet', '/tmp/minio_downloads/reviews_190301328624.parquet', '/tmp/minio_downloads/reviews_190301495487.parquet', '/tmp/minio_downloads/reviews_190301640228.parquet', '/tmp/minio_downloads/reviews_190301777657.parquet', '/tmp/minio_downloads/reviews_190301916013.parquet', '/tmp/minio_downloads/reviews_190302102014.parquet', '/tmp/minio_downloads/reviews_190302295049.parquet', '/tmp/minio_downloads/reviews_190302502154.parquet', '/tmp/minio_downloads/reviews_190302681349.parquet', '/tmp/minio_downloads/reviews_190302821466.parquet', '/tmp/minio_downloads/reviews_190302957360.parquet', '/tmp/minio_downloads/reviews_190303051597.parquet', '/tmp/minio_downloads/reviews_190303265828.parquet', '/tmp/minio_downloads/reviews_190303547104.parquet', '/tmp/minio_downloads/reviews_190303689879.parquet', '/tmp/minio_downloads/reviews_190303817595.parquet', '/tmp/minio_downloads/reviews_190303934323.parquet', '/tmp/minio_downloads/reviews_190304042560.parquet', '/tmp/minio_downloads/reviews_190304283644.parquet', '/tmp/minio_downloads/reviews_190304427158.parquet', '/tmp/minio_downloads/reviews_190304579209.parquet', '/tmp/minio_downloads/reviews_190304737777.parquet', '/tmp/minio_downloads/reviews_190304891261.parquet', '/tmp/minio_downloads/reviews_190305027621.parquet', '/tmp/minio_downloads/reviews_190649407817.parquet', '/tmp/minio_downloads/reviews_190649491127.parquet', '/tmp/minio_downloads/reviews_190649582601.parquet', '/tmp/minio_downloads/reviews_190649654465.parquet', '/tmp/minio_downloads/reviews_190649764899.parquet', '/tmp/minio_downloads/reviews_190649845493.parquet', '/tmp/minio_downloads/reviews_190649921712.parquet', '/tmp/minio_downloads/reviews_190649999361.parquet', '/tmp/minio_downloads/reviews_190650105234.parquet', '/tmp/minio_downloads/reviews_190650224290.parquet', '/tmp/minio_downloads/reviews_190650342265.parquet', '/tmp/minio_downloads/reviews_190650447487.parquet', '/tmp/minio_downloads/reviews_190650610075.parquet', '/tmp/minio_downloads/reviews_190650735444.parquet', '/tmp/minio_downloads/reviews_190650844447.parquet', '/tmp/minio_downloads/reviews_190650944353.parquet', '/tmp/minio_downloads/reviews_190651061813.parquet', '/tmp/minio_downloads/reviews_190651172050.parquet', '/tmp/minio_downloads/reviews_190651326898.parquet', '/tmp/minio_downloads/reviews_190651452020.parquet', '/tmp/minio_downloads/reviews_190651615580.parquet', '/tmp/minio_downloads/reviews_190651739809.parquet', '/tmp/minio_downloads/reviews_190651932173.parquet', '/tmp/minio_downloads/reviews_190652095675.parquet', '/tmp/minio_downloads/reviews_190652248604.parquet', '/tmp/minio_downloads/reviews_190652376018.parquet', '/tmp/minio_downloads/reviews_190652541425.parquet', '/tmp/minio_downloads/reviews_190652739671.parquet', '/tmp/minio_downloads/reviews_190652899743.parquet', '/tmp/minio_downloads/reviews_190653041255.parquet', '/tmp/minio_downloads/reviews_190653219518.parquet', '/tmp/minio_downloads/reviews_190653400372.parquet', '/tmp/minio_downloads/reviews_190653548843.parquet', '/tmp/minio_downloads/reviews_190653720370.parquet', '/tmp/minio_downloads/reviews_190653871849.parquet', '/tmp/minio_downloads/reviews_190654030137.parquet', '/tmp/minio_downloads/reviews_190654250071.parquet', '/tmp/minio_downloads/reviews_190654465997.parquet', '/tmp/minio_downloads/reviews_190654617136.parquet', '/tmp/minio_downloads/reviews_190654799345.parquet', '/tmp/minio_downloads/reviews_190654991524.parquet', '/tmp/minio_downloads/reviews_190655181244.parquet', '/tmp/minio_downloads/reviews_190655484705.parquet', '/tmp/minio_downloads/reviews_190655878896.parquet', '/tmp/minio_downloads/reviews_190656128197.parquet', '/tmp/minio_downloads/reviews_190656344699.parquet', '/tmp/minio_downloads/reviews_190656543482.parquet', '/tmp/minio_downloads/reviews_190656772621.parquet', '/tmp/minio_downloads/reviews_190657026853.parquet', '/tmp/minio_downloads/reviews_190657210315.parquet', '/tmp/minio_downloads/reviews_190657467007.parquet', '/tmp/minio_downloads/reviews_190657659699.parquet', '/tmp/minio_downloads/reviews_190657926892.parquet', '/tmp/minio_downloads/reviews_190658186229.parquet', '/tmp/minio_downloads/reviews_190658379491.parquet', '/tmp/minio_downloads/reviews_190658605403.parquet', '/tmp/minio_downloads/reviews_190658841296.parquet', '/tmp/minio_downloads/reviews_190659036757.parquet', '/tmp/minio_downloads/reviews_190659231028.parquet', '/tmp/minio_downloads/reviews_190659387072.parquet', '/tmp/minio_downloads/reviews_190659520692.parquet', '/tmp/minio_downloads/reviews_190659724364.parquet', '/tmp/minio_downloads/reviews_190659890640.parquet', '/tmp/minio_downloads/reviews_190700024217.parquet', '/tmp/minio_downloads/reviews_190700190620.parquet', '/tmp/minio_downloads/reviews_190700339268.parquet', '/tmp/minio_downloads/reviews_190700536346.parquet', '/tmp/minio_downloads/reviews_190700715827.parquet', '/tmp/minio_downloads/reviews_190700855476.parquet', '/tmp/minio_downloads/reviews_190700996063.parquet', '/tmp/minio_downloads/reviews_190701191189.parquet', '/tmp/minio_downloads/reviews_190701358155.parquet', '/tmp/minio_downloads/reviews_190701530615.parquet', '/tmp/minio_downloads/reviews_190701692229.parquet', '/tmp/minio_downloads/reviews_190701841780.parquet', '/tmp/minio_downloads/reviews_190702017654.parquet', '/tmp/minio_downloads/reviews_190702273127.parquet', '/tmp/minio_downloads/reviews_190702664806.parquet', '/tmp/minio_downloads/reviews_190702991691.parquet', '/tmp/minio_downloads/reviews_190703194768.parquet', '/tmp/minio_downloads/reviews_190703438997.parquet', '/tmp/minio_downloads/reviews_190703662748.parquet', '/tmp/minio_downloads/reviews_190703898061.parquet', '/tmp/minio_downloads/reviews_190704087222.parquet', '/tmp/minio_downloads/reviews_190704320540.parquet', '/tmp/minio_downloads/reviews_190704522604.parquet', '/tmp/minio_downloads/reviews_190704746410.parquet', '/tmp/minio_downloads/reviews_190704904776.parquet', '/tmp/minio_downloads/reviews_190705127449.parquet', '/tmp/minio_downloads/reviews_190705276673.parquet', '/tmp/minio_downloads/reviews_190705495176.parquet', '/tmp/minio_downloads/reviews_190705652031.parquet', '/tmp/minio_downloads/reviews_190705865499.parquet', '/tmp/minio_downloads/reviews_190706070139.parquet', '/tmp/minio_downloads/reviews_190706269478.parquet', '/tmp/minio_downloads/reviews_190706445364.parquet', '/tmp/minio_downloads/reviews_190706607100.parquet', '/tmp/minio_downloads/reviews_190706752972.parquet', '/tmp/minio_downloads/reviews_190706891763.parquet', '/tmp/minio_downloads/reviews_190707039096.parquet', '/tmp/minio_downloads/reviews_190707259195.parquet', '/tmp/minio_downloads/reviews_190707431749.parquet', '/tmp/minio_downloads/reviews_190707624193.parquet', '/tmp/minio_downloads/reviews_190707820355.parquet', '/tmp/minio_downloads/reviews_190707981094.parquet', '/tmp/minio_downloads/reviews_190708135780.parquet', '/tmp/minio_downloads/reviews_190708321718.parquet', '/tmp/minio_downloads/reviews_190708529325.parquet', '/tmp/minio_downloads/reviews_190708693798.parquet', '/tmp/minio_downloads/reviews_190708817506.parquet', '/tmp/minio_downloads/reviews_190708964933.parquet', '/tmp/minio_downloads/reviews_190709193563.parquet', '/tmp/minio_downloads/reviews_190709335581.parquet', '/tmp/minio_downloads/reviews_190709453567.parquet', '/tmp/minio_downloads/reviews_190709571176.parquet', '/tmp/minio_downloads/reviews_190709709868.parquet', '/tmp/minio_downloads/reviews_190709817463.parquet', '/tmp/minio_downloads/reviews_190709956679.parquet', '/tmp/minio_downloads/reviews_190710110569.parquet', '/tmp/minio_downloads/reviews_190710222791.parquet', '/tmp/minio_downloads/reviews_190710328548.parquet', '/tmp/minio_downloads/reviews_190710443984.parquet', '/tmp/minio_downloads/reviews_190710547903.parquet', '/tmp/minio_downloads/reviews_190710654875.parquet', '/tmp/minio_downloads/reviews_190710743978.parquet', '/tmp/minio_downloads/reviews_190710830310.parquet', '/tmp/minio_downloads/reviews_190710937201.parquet', '/tmp/minio_downloads/reviews_190711062733.parquet', '/tmp/minio_downloads/reviews_190711193224.parquet', '/tmp/minio_downloads/reviews_190711305012.parquet', '/tmp/minio_downloads/reviews_190711406386.parquet', '/tmp/minio_downloads/reviews_190711508293.parquet', '/tmp/minio_downloads/reviews_190711600102.parquet', '/tmp/minio_downloads/reviews_190711683265.parquet', '/tmp/minio_downloads/reviews_190711774431.parquet', '/tmp/minio_downloads/reviews_190711864014.parquet', '/tmp/minio_downloads/reviews_190711941343.parquet', '/tmp/minio_downloads/reviews_190712016357.parquet', '/tmp/minio_downloads/reviews_190712107388.parquet', '/tmp/minio_downloads/reviews_190712212264.parquet', '/tmp/minio_downloads/reviews_190712307059.parquet', '/tmp/minio_downloads/reviews_190712445086.parquet', '/tmp/minio_downloads/reviews_190712609876.parquet', '/tmp/minio_downloads/reviews_190712714911.parquet', '/tmp/minio_downloads/reviews_190712812986.parquet', '/tmp/minio_downloads/reviews_190712890734.parquet', '/tmp/minio_downloads/reviews_190712975283.parquet', '/tmp/minio_downloads/reviews_190713064637.parquet', '/tmp/minio_downloads/reviews_190713170845.parquet', '/tmp/minio_downloads/reviews_190713242233.parquet', '/tmp/minio_downloads/reviews_190713309010.parquet', '/tmp/minio_downloads/reviews_190713388586.parquet', '/tmp/minio_downloads/reviews_190713477756.parquet', '/tmp/minio_downloads/reviews_190713574845.parquet', '/tmp/minio_downloads/reviews_190713656691.parquet', '/tmp/minio_downloads/reviews_190713726248.parquet', '/tmp/minio_downloads/reviews_190713785225.parquet', '/tmp/minio_downloads/reviews_190713859212.parquet', '/tmp/minio_downloads/reviews_190713936903.parquet', '/tmp/minio_downloads/reviews_190714017518.parquet', '/tmp/minio_downloads/reviews_190714108703.parquet', '/tmp/minio_downloads/reviews_190714187625.parquet', '/tmp/minio_downloads/reviews_190714253122.parquet', '/tmp/minio_downloads/reviews_190714318828.parquet', '/tmp/minio_downloads/reviews_190714391924.parquet'], 'sales': ['/tmp/minio_downloads/sales_190305143335.parquet', '/tmp/minio_downloads/sales_190305260843.parquet', '/tmp/minio_downloads/sales_190305374240.parquet', '/tmp/minio_downloads/sales_190305481350.parquet', '/tmp/minio_downloads/sales_190305627114.parquet', '/tmp/minio_downloads/sales_190305758810.parquet', '/tmp/minio_downloads/sales_190305889437.parquet', '/tmp/minio_downloads/sales_190306016762.parquet', '/tmp/minio_downloads/sales_190306154439.parquet', '/tmp/minio_downloads/sales_190306294524.parquet', '/tmp/minio_downloads/sales_190306414633.parquet', '/tmp/minio_downloads/sales_190306530922.parquet', '/tmp/minio_downloads/sales_190306628560.parquet', '/tmp/minio_downloads/sales_190306739308.parquet', '/tmp/minio_downloads/sales_190306844170.parquet', '/tmp/minio_downloads/sales_190306939604.parquet', '/tmp/minio_downloads/sales_190307058868.parquet', '/tmp/minio_downloads/sales_190307162531.parquet', '/tmp/minio_downloads/sales_190307260653.parquet', '/tmp/minio_downloads/sales_190307351211.parquet', '/tmp/minio_downloads/sales_190307459546.parquet', '/tmp/minio_downloads/sales_190307556958.parquet', '/tmp/minio_downloads/sales_190307659499.parquet', '/tmp/minio_downloads/sales_190307754359.parquet', '/tmp/minio_downloads/sales_190307840483.parquet', '/tmp/minio_downloads/sales_190308058347.parquet', '/tmp/minio_downloads/sales_190308140507.parquet', '/tmp/minio_downloads/sales_190308229547.parquet', '/tmp/minio_downloads/sales_190308329539.parquet', '/tmp/minio_downloads/sales_190308424218.parquet', '/tmp/minio_downloads/sales_190308521380.parquet', '/tmp/minio_downloads/sales_190308603761.parquet', '/tmp/minio_downloads/sales_190308687847.parquet', '/tmp/minio_downloads/sales_190308757233.parquet', '/tmp/minio_downloads/sales_190308846641.parquet', '/tmp/minio_downloads/sales_190308929418.parquet', '/tmp/minio_downloads/sales_190309039064.parquet', '/tmp/minio_downloads/sales_190309126406.parquet', '/tmp/minio_downloads/sales_190309207145.parquet', '/tmp/minio_downloads/sales_190309294937.parquet', '/tmp/minio_downloads/sales_190309378219.parquet', '/tmp/minio_downloads/sales_190309467187.parquet', '/tmp/minio_downloads/sales_190309597188.parquet', '/tmp/minio_downloads/sales_190309717688.parquet', '/tmp/minio_downloads/sales_190309812274.parquet', '/tmp/minio_downloads/sales_190309912736.parquet', '/tmp/minio_downloads/sales_190310016321.parquet', '/tmp/minio_downloads/sales_190310146767.parquet', '/tmp/minio_downloads/sales_190310247142.parquet', '/tmp/minio_downloads/sales_190310347055.parquet', '/tmp/minio_downloads/sales_190310420069.parquet', '/tmp/minio_downloads/sales_190310509414.parquet', '/tmp/minio_downloads/sales_190310595964.parquet', '/tmp/minio_downloads/sales_190310672153.parquet', '/tmp/minio_downloads/sales_190310775859.parquet', '/tmp/minio_downloads/sales_190310869434.parquet', '/tmp/minio_downloads/sales_190310944263.parquet', '/tmp/minio_downloads/sales_190311022875.parquet', '/tmp/minio_downloads/sales_190311108483.parquet', '/tmp/minio_downloads/sales_190311186752.parquet', '/tmp/minio_downloads/sales_190311270125.parquet', '/tmp/minio_downloads/sales_190311372164.parquet', '/tmp/minio_downloads/sales_190311455636.parquet', '/tmp/minio_downloads/sales_190311534682.parquet', '/tmp/minio_downloads/sales_190311616394.parquet', '/tmp/minio_downloads/sales_190311692913.parquet', '/tmp/minio_downloads/sales_190311777684.parquet', '/tmp/minio_downloads/sales_190311865015.parquet', '/tmp/minio_downloads/sales_190311938755.parquet', '/tmp/minio_downloads/sales_190312018528.parquet', '/tmp/minio_downloads/sales_190312086958.parquet', '/tmp/minio_downloads/sales_190312176944.parquet', '/tmp/minio_downloads/sales_190312249240.parquet', '/tmp/minio_downloads/sales_190312339112.parquet', '/tmp/minio_downloads/sales_190312435109.parquet', '/tmp/minio_downloads/sales_190312506045.parquet', '/tmp/minio_downloads/sales_190312591034.parquet', '/tmp/minio_downloads/sales_190312673186.parquet', '/tmp/minio_downloads/sales_190312738939.parquet', '/tmp/minio_downloads/sales_190312823880.parquet', '/tmp/minio_downloads/sales_190312892449.parquet', '/tmp/minio_downloads/sales_190312967541.parquet', '/tmp/minio_downloads/sales_190313052785.parquet', '/tmp/minio_downloads/sales_190313138299.parquet', '/tmp/minio_downloads/sales_190313202978.parquet', '/tmp/minio_downloads/sales_190313283415.parquet', '/tmp/minio_downloads/sales_190313351571.parquet', '/tmp/minio_downloads/sales_190313428786.parquet', '/tmp/minio_downloads/sales_190313522483.parquet', '/tmp/minio_downloads/sales_190313600728.parquet', '/tmp/minio_downloads/sales_190313676024.parquet', '/tmp/minio_downloads/sales_190313744441.parquet', '/tmp/minio_downloads/sales_190313810782.parquet', '/tmp/minio_downloads/sales_190313881236.parquet', '/tmp/minio_downloads/sales_190313946368.parquet', '/tmp/minio_downloads/sales_190314021408.parquet', '/tmp/minio_downloads/sales_190314125907.parquet', '/tmp/minio_downloads/sales_190314207932.parquet', '/tmp/minio_downloads/sales_190314301229.parquet', '/tmp/minio_downloads/sales_190314389779.parquet', '/tmp/minio_downloads/sales_190314462159.parquet', '/tmp/minio_downloads/sales_190314532825.parquet', '/tmp/minio_downloads/sales_190314615313.parquet', '/tmp/minio_downloads/sales_190314702621.parquet', '/tmp/minio_downloads/sales_190314770467.parquet', '/tmp/minio_downloads/sales_190314853350.parquet', '/tmp/minio_downloads/sales_190314916603.parquet', '/tmp/minio_downloads/sales_190314994268.parquet', '/tmp/minio_downloads/sales_190315062289.parquet', '/tmp/minio_downloads/sales_190315134202.parquet', '/tmp/minio_downloads/sales_190315222399.parquet', '/tmp/minio_downloads/sales_190315305532.parquet', '/tmp/minio_downloads/sales_190315384878.parquet', '/tmp/minio_downloads/sales_190315448855.parquet', '/tmp/minio_downloads/sales_190315525054.parquet', '/tmp/minio_downloads/sales_190315598402.parquet', '/tmp/minio_downloads/sales_190315671119.parquet', '/tmp/minio_downloads/sales_190315756658.parquet', '/tmp/minio_downloads/sales_190315834267.parquet', '/tmp/minio_downloads/sales_190315900439.parquet', '/tmp/minio_downloads/sales_190315967927.parquet', '/tmp/minio_downloads/sales_190316044225.parquet', '/tmp/minio_downloads/sales_190316120790.parquet', '/tmp/minio_downloads/sales_190316199622.parquet', '/tmp/minio_downloads/sales_190316285403.parquet', '/tmp/minio_downloads/sales_190316386069.parquet', '/tmp/minio_downloads/sales_190316496846.parquet', '/tmp/minio_downloads/sales_190316588467.parquet', '/tmp/minio_downloads/sales_190316671841.parquet', '/tmp/minio_downloads/sales_190316837501.parquet', '/tmp/minio_downloads/sales_190316932961.parquet', '/tmp/minio_downloads/sales_190317032513.parquet', '/tmp/minio_downloads/sales_190317115404.parquet', '/tmp/minio_downloads/sales_190317202729.parquet', '/tmp/minio_downloads/sales_190317290138.parquet', '/tmp/minio_downloads/sales_190317369739.parquet', '/tmp/minio_downloads/sales_190317444489.parquet', '/tmp/minio_downloads/sales_190317536261.parquet', '/tmp/minio_downloads/sales_190317620769.parquet', '/tmp/minio_downloads/sales_190317720996.parquet', '/tmp/minio_downloads/sales_190317818387.parquet', '/tmp/minio_downloads/sales_190317958796.parquet', '/tmp/minio_downloads/sales_190318083212.parquet', '/tmp/minio_downloads/sales_190318203159.parquet', '/tmp/minio_downloads/sales_190318303212.parquet', '/tmp/minio_downloads/sales_190318422501.parquet', '/tmp/minio_downloads/sales_190318497821.parquet', '/tmp/minio_downloads/sales_190318577198.parquet', '/tmp/minio_downloads/sales_190318663562.parquet', '/tmp/minio_downloads/sales_190318766055.parquet', '/tmp/minio_downloads/sales_190318893780.parquet', '/tmp/minio_downloads/sales_190319029376.parquet', '/tmp/minio_downloads/sales_190319164069.parquet', '/tmp/minio_downloads/sales_190319293065.parquet', '/tmp/minio_downloads/sales_190319405413.parquet', '/tmp/minio_downloads/sales_190319534830.parquet', '/tmp/minio_downloads/sales_190319656362.parquet', '/tmp/minio_downloads/sales_190319791294.parquet', '/tmp/minio_downloads/sales_190319958966.parquet', '/tmp/minio_downloads/sales_190320081588.parquet', '/tmp/minio_downloads/sales_190320195202.parquet', '/tmp/minio_downloads/sales_190320292249.parquet', '/tmp/minio_downloads/sales_190320441032.parquet', '/tmp/minio_downloads/sales_190320614651.parquet', '/tmp/minio_downloads/sales_190320821852.parquet', '/tmp/minio_downloads/sales_190321005598.parquet', '/tmp/minio_downloads/sales_190321144036.parquet', '/tmp/minio_downloads/sales_190321245973.parquet', '/tmp/minio_downloads/sales_190321335294.parquet', '/tmp/minio_downloads/sales_190321447422.parquet', '/tmp/minio_downloads/sales_190321569076.parquet', '/tmp/minio_downloads/sales_190321692742.parquet', '/tmp/minio_downloads/sales_190321812714.parquet', '/tmp/minio_downloads/sales_190321955957.parquet', '/tmp/minio_downloads/sales_190322124356.parquet', '/tmp/minio_downloads/sales_190322276951.parquet', '/tmp/minio_downloads/sales_190322405573.parquet', '/tmp/minio_downloads/sales_190322522197.parquet', '/tmp/minio_downloads/sales_190322631010.parquet', '/tmp/minio_downloads/sales_190322734044.parquet', '/tmp/minio_downloads/sales_190322854080.parquet', '/tmp/minio_downloads/sales_190322962032.parquet', '/tmp/minio_downloads/sales_190323070834.parquet', '/tmp/minio_downloads/sales_190323177890.parquet', '/tmp/minio_downloads/sales_190323271601.parquet', '/tmp/minio_downloads/sales_190323357431.parquet', '/tmp/minio_downloads/sales_190323451725.parquet', '/tmp/minio_downloads/sales_190323525693.parquet', '/tmp/minio_downloads/sales_190323612373.parquet', '/tmp/minio_downloads/sales_190323682158.parquet', '/tmp/minio_downloads/sales_190323761136.parquet', '/tmp/minio_downloads/sales_190323865264.parquet', '/tmp/minio_downloads/sales_190323957703.parquet', '/tmp/minio_downloads/sales_190324052118.parquet', '/tmp/minio_downloads/sales_190324140876.parquet', '/tmp/minio_downloads/sales_190324215639.parquet', '/tmp/minio_downloads/sales_190324290292.parquet', '/tmp/minio_downloads/sales_190324379484.parquet', '/tmp/minio_downloads/sales_190324452640.parquet', '/tmp/minio_downloads/sales_190324540249.parquet', '/tmp/minio_downloads/sales_190324630578.parquet', '/tmp/minio_downloads/sales_190324697107.parquet', '/tmp/minio_downloads/sales_190324778024.parquet', '/tmp/minio_downloads/sales_190324849396.parquet', '/tmp/minio_downloads/sales_190324922715.parquet', '/tmp/minio_downloads/sales_190325007218.parquet', '/tmp/minio_downloads/sales_190325091372.parquet', '/tmp/minio_downloads/sales_190325172113.parquet', '/tmp/minio_downloads/sales_190325251329.parquet', '/tmp/minio_downloads/sales_190325337221.parquet', '/tmp/minio_downloads/sales_190325407729.parquet', '/tmp/minio_downloads/sales_190325480275.parquet', '/tmp/minio_downloads/sales_190325593968.parquet', '/tmp/minio_downloads/sales_190325680967.parquet', '/tmp/minio_downloads/sales_190325760327.parquet', '/tmp/minio_downloads/sales_190325830149.parquet', '/tmp/minio_downloads/sales_190325911411.parquet', '/tmp/minio_downloads/sales_190325991430.parquet', '/tmp/minio_downloads/sales_190326145224.parquet', '/tmp/minio_downloads/sales_190326264771.parquet', '/tmp/minio_downloads/sales_190326415588.parquet', '/tmp/minio_downloads/sales_190326569419.parquet', '/tmp/minio_downloads/sales_190326716064.parquet', '/tmp/minio_downloads/sales_190326865197.parquet', '/tmp/minio_downloads/sales_190326985132.parquet', '/tmp/minio_downloads/sales_190327070034.parquet', '/tmp/minio_downloads/sales_190327157825.parquet', '/tmp/minio_downloads/sales_190327259393.parquet', '/tmp/minio_downloads/sales_190327369018.parquet', '/tmp/minio_downloads/sales_190327472667.parquet', '/tmp/minio_downloads/sales_190327569332.parquet', '/tmp/minio_downloads/sales_190327658817.parquet', '/tmp/minio_downloads/sales_190327761703.parquet', '/tmp/minio_downloads/sales_190327867167.parquet', '/tmp/minio_downloads/sales_190327943895.parquet', '/tmp/minio_downloads/sales_190328024849.parquet', '/tmp/minio_downloads/sales_190328130177.parquet', '/tmp/minio_downloads/sales_190328263538.parquet', '/tmp/minio_downloads/sales_190328349303.parquet', '/tmp/minio_downloads/sales_190328460524.parquet', '/tmp/minio_downloads/sales_190328677970.parquet', '/tmp/minio_downloads/sales_190329070051.parquet', '/tmp/minio_downloads/sales_190329279301.parquet', '/tmp/minio_downloads/sales_190329460841.parquet', '/tmp/minio_downloads/sales_190329587761.parquet', '/tmp/minio_downloads/sales_190330061924.parquet', '/tmp/minio_downloads/sales_190330206590.parquet', '/tmp/minio_downloads/sales_190330329166.parquet', '/tmp/minio_downloads/sales_190330440269.parquet', '/tmp/minio_downloads/sales_190330522333.parquet', '/tmp/minio_downloads/sales_190330636917.parquet', '/tmp/minio_downloads/sales_190330733877.parquet', '/tmp/minio_downloads/sales_190330833934.parquet', '/tmp/minio_downloads/sales_190330939357.parquet', '/tmp/minio_downloads/sales_190331055363.parquet', '/tmp/minio_downloads/sales_190331160924.parquet', '/tmp/minio_downloads/sales_190331256452.parquet', '/tmp/minio_downloads/sales_190331371507.parquet', '/tmp/minio_downloads/sales_190331463546.parquet', '/tmp/minio_downloads/sales_190331559912.parquet', '/tmp/minio_downloads/sales_190331660116.parquet', '/tmp/minio_downloads/sales_190331745786.parquet', '/tmp/minio_downloads/sales_190331834075.parquet', '/tmp/minio_downloads/sales_190331919180.parquet', '/tmp/minio_downloads/sales_190332050913.parquet', '/tmp/minio_downloads/sales_190332254691.parquet', '/tmp/minio_downloads/sales_190332362399.parquet', '/tmp/minio_downloads/sales_190332457606.parquet', '/tmp/minio_downloads/sales_190332545736.parquet', '/tmp/minio_downloads/sales_190332624652.parquet', '/tmp/minio_downloads/sales_190332701228.parquet', '/tmp/minio_downloads/sales_190332797019.parquet', '/tmp/minio_downloads/sales_190332880970.parquet', '/tmp/minio_downloads/sales_190332952741.parquet', '/tmp/minio_downloads/sales_190333020537.parquet', '/tmp/minio_downloads/sales_190333083320.parquet', '/tmp/minio_downloads/sales_190333144047.parquet', '/tmp/minio_downloads/sales_190333199765.parquet', '/tmp/minio_downloads/sales_190333270436.parquet', '/tmp/minio_downloads/sales_190333333810.parquet', '/tmp/minio_downloads/sales_190333400404.parquet', '/tmp/minio_downloads/sales_190333477650.parquet', '/tmp/minio_downloads/sales_190333552247.parquet', '/tmp/minio_downloads/sales_190333622918.parquet', '/tmp/minio_downloads/sales_190333682824.parquet', '/tmp/minio_downloads/sales_190333754981.parquet', '/tmp/minio_downloads/sales_190333826193.parquet', '/tmp/minio_downloads/sales_190333905515.parquet', '/tmp/minio_downloads/sales_190333965943.parquet', '/tmp/minio_downloads/sales_190334049437.parquet', '/tmp/minio_downloads/sales_190334100354.parquet', '/tmp/minio_downloads/sales_190334165632.parquet', '/tmp/minio_downloads/sales_190334229413.parquet', '/tmp/minio_downloads/sales_190334285481.parquet', '/tmp/minio_downloads/sales_190334358927.parquet', '/tmp/minio_downloads/sales_190334440249.parquet', '/tmp/minio_downloads/sales_190334522418.parquet', '/tmp/minio_downloads/sales_190334585994.parquet', '/tmp/minio_downloads/sales_190334664617.parquet', '/tmp/minio_downloads/sales_190334728168.parquet', '/tmp/minio_downloads/sales_190334791724.parquet', '/tmp/minio_downloads/sales_190334864076.parquet', '/tmp/minio_downloads/sales_190334928952.parquet', '/tmp/minio_downloads/sales_190335007650.parquet', '/tmp/minio_downloads/sales_190335080378.parquet', '/tmp/minio_downloads/sales_190335146172.parquet', '/tmp/minio_downloads/sales_190335204534.parquet', '/tmp/minio_downloads/sales_190335269136.parquet', '/tmp/minio_downloads/sales_190335331935.parquet', '/tmp/minio_downloads/sales_190335389736.parquet', '/tmp/minio_downloads/sales_190335461164.parquet', '/tmp/minio_downloads/sales_190335556921.parquet', '/tmp/minio_downloads/sales_190335644480.parquet', '/tmp/minio_downloads/sales_190335725664.parquet', '/tmp/minio_downloads/sales_190335882276.parquet', '/tmp/minio_downloads/sales_190335972459.parquet', '/tmp/minio_downloads/sales_190336058985.parquet', '/tmp/minio_downloads/sales_190336131146.parquet', '/tmp/minio_downloads/sales_190336222444.parquet', '/tmp/minio_downloads/sales_190336284489.parquet', '/tmp/minio_downloads/sales_190336359999.parquet', '/tmp/minio_downloads/sales_190336424251.parquet', '/tmp/minio_downloads/sales_190336501004.parquet', '/tmp/minio_downloads/sales_190336589607.parquet', '/tmp/minio_downloads/sales_190336648928.parquet', '/tmp/minio_downloads/sales_190336741961.parquet', '/tmp/minio_downloads/sales_190336824951.parquet', '/tmp/minio_downloads/sales_190336898067.parquet', '/tmp/minio_downloads/sales_190336985586.parquet', '/tmp/minio_downloads/sales_190337063886.parquet', '/tmp/minio_downloads/sales_190337132595.parquet', '/tmp/minio_downloads/sales_190337211292.parquet', '/tmp/minio_downloads/sales_190337273683.parquet', '/tmp/minio_downloads/sales_190337330367.parquet', '/tmp/minio_downloads/sales_190337395994.parquet'], 'stores': ['/tmp/minio_downloads/stores_190411883804.parquet', '/tmp/minio_downloads/stores_190412024254.parquet', '/tmp/minio_downloads/stores_190412183617.parquet', '/tmp/minio_downloads/stores_190412301059.parquet', '/tmp/minio_downloads/stores_190412398033.parquet', '/tmp/minio_downloads/stores_190412507361.parquet', '/tmp/minio_downloads/stores_190412602845.parquet', '/tmp/minio_downloads/stores_190412709525.parquet', '/tmp/minio_downloads/stores_190412833460.parquet', '/tmp/minio_downloads/stores_190412966689.parquet', '/tmp/minio_downloads/stores_190413093069.parquet', '/tmp/minio_downloads/stores_190413265980.parquet', '/tmp/minio_downloads/stores_190413400147.parquet', '/tmp/minio_downloads/stores_190413523362.parquet', '/tmp/minio_downloads/stores_190413723414.parquet', '/tmp/minio_downloads/stores_190413857462.parquet', '/tmp/minio_downloads/stores_190414029174.parquet', '/tmp/minio_downloads/stores_190414212585.parquet', '/tmp/minio_downloads/stores_190414376894.parquet', '/tmp/minio_downloads/stores_190414520500.parquet', '/tmp/minio_downloads/stores_190414638979.parquet', '/tmp/minio_downloads/stores_190414761945.parquet', '/tmp/minio_downloads/stores_190414881103.parquet', '/tmp/minio_downloads/stores_190415008723.parquet', '/tmp/minio_downloads/stores_190415117032.parquet', '/tmp/minio_downloads/stores_190415204962.parquet', '/tmp/minio_downloads/stores_190415291652.parquet', '/tmp/minio_downloads/stores_190415378746.parquet', '/tmp/minio_downloads/stores_190415470639.parquet', '/tmp/minio_downloads/stores_190415564713.parquet', '/tmp/minio_downloads/stores_190415643408.parquet', '/tmp/minio_downloads/stores_190415732283.parquet', '/tmp/minio_downloads/stores_190415817371.parquet', '/tmp/minio_downloads/stores_190415951055.parquet', '/tmp/minio_downloads/stores_190416088900.parquet', '/tmp/minio_downloads/stores_190416187841.parquet', '/tmp/minio_downloads/stores_190416310004.parquet', '/tmp/minio_downloads/stores_190416413312.parquet', '/tmp/minio_downloads/stores_190416513386.parquet', '/tmp/minio_downloads/stores_190416605084.parquet', '/tmp/minio_downloads/stores_190416697110.parquet', '/tmp/minio_downloads/stores_190416790423.parquet', '/tmp/minio_downloads/stores_190416889539.parquet', '/tmp/minio_downloads/stores_190416992126.parquet', '/tmp/minio_downloads/stores_190417088795.parquet', '/tmp/minio_downloads/stores_190417176596.parquet', '/tmp/minio_downloads/stores_190417285728.parquet', '/tmp/minio_downloads/stores_190417487863.parquet', '/tmp/minio_downloads/stores_190417595625.parquet', '/tmp/minio_downloads/stores_190417705264.parquet', '/tmp/minio_downloads/stores_190417790333.parquet', '/tmp/minio_downloads/stores_190417886292.parquet', '/tmp/minio_downloads/stores_190417976182.parquet', '/tmp/minio_downloads/stores_190418058644.parquet', '/tmp/minio_downloads/stores_190418149859.parquet', '/tmp/minio_downloads/stores_190418243801.parquet', '/tmp/minio_downloads/stores_190418328943.parquet', '/tmp/minio_downloads/stores_190418404486.parquet', '/tmp/minio_downloads/stores_190418478950.parquet', '/tmp/minio_downloads/stores_190418566028.parquet', '/tmp/minio_downloads/stores_190418656295.parquet', '/tmp/minio_downloads/stores_190418751371.parquet', '/tmp/minio_downloads/stores_190418835708.parquet', '/tmp/minio_downloads/stores_190418926499.parquet', '/tmp/minio_downloads/stores_190419084981.parquet', '/tmp/minio_downloads/stores_190419189519.parquet', '/tmp/minio_downloads/stores_190419290519.parquet', '/tmp/minio_downloads/stores_190419393751.parquet', '/tmp/minio_downloads/stores_190419475651.parquet', '/tmp/minio_downloads/stores_190419566328.parquet', '/tmp/minio_downloads/stores_190419661897.parquet', '/tmp/minio_downloads/stores_190419754343.parquet', '/tmp/minio_downloads/stores_190419844183.parquet', '/tmp/minio_downloads/stores_190419934996.parquet', '/tmp/minio_downloads/stores_190420030109.parquet', '/tmp/minio_downloads/stores_190420118440.parquet', '/tmp/minio_downloads/stores_190420208786.parquet', '/tmp/minio_downloads/stores_190420324798.parquet', '/tmp/minio_downloads/stores_190420426394.parquet', '/tmp/minio_downloads/stores_190420519998.parquet', '/tmp/minio_downloads/stores_190420616700.parquet', '/tmp/minio_downloads/stores_190420715729.parquet', '/tmp/minio_downloads/stores_190420801955.parquet', '/tmp/minio_downloads/stores_190420901461.parquet', '/tmp/minio_downloads/stores_190420993055.parquet', '/tmp/minio_downloads/stores_190421096758.parquet', '/tmp/minio_downloads/stores_190421216569.parquet', '/tmp/minio_downloads/stores_190421321719.parquet', '/tmp/minio_downloads/stores_190421425613.parquet', '/tmp/minio_downloads/stores_190421520816.parquet', '/tmp/minio_downloads/stores_190421615091.parquet', '/tmp/minio_downloads/stores_190421703908.parquet', '/tmp/minio_downloads/stores_190421787499.parquet', '/tmp/minio_downloads/stores_190421896614.parquet', '/tmp/minio_downloads/stores_190422002135.parquet', '/tmp/minio_downloads/stores_190422113181.parquet', '/tmp/minio_downloads/stores_190422246784.parquet', '/tmp/minio_downloads/stores_190422365437.parquet', '/tmp/minio_downloads/stores_190422499589.parquet', '/tmp/minio_downloads/stores_190422626984.parquet', '/tmp/minio_downloads/stores_190422737980.parquet', '/tmp/minio_downloads/stores_190422860715.parquet', '/tmp/minio_downloads/stores_190423030721.parquet', '/tmp/minio_downloads/stores_190423146184.parquet', '/tmp/minio_downloads/stores_190423277855.parquet', '/tmp/minio_downloads/stores_190423424921.parquet', '/tmp/minio_downloads/stores_190423596290.parquet', '/tmp/minio_downloads/stores_190423726853.parquet', '/tmp/minio_downloads/stores_190423851895.parquet', '/tmp/minio_downloads/stores_190423987197.parquet', '/tmp/minio_downloads/stores_190424123350.parquet', '/tmp/minio_downloads/stores_190424383365.parquet', '/tmp/minio_downloads/stores_190424501157.parquet', '/tmp/minio_downloads/stores_190424630949.parquet', '/tmp/minio_downloads/stores_190424781800.parquet', '/tmp/minio_downloads/stores_190424965248.parquet', '/tmp/minio_downloads/stores_190425133364.parquet', '/tmp/minio_downloads/stores_190425276386.parquet', '/tmp/minio_downloads/stores_190425403411.parquet', '/tmp/minio_downloads/stores_190425507049.parquet', '/tmp/minio_downloads/stores_190425626809.parquet', '/tmp/minio_downloads/stores_190425750348.parquet', '/tmp/minio_downloads/stores_190425850523.parquet', '/tmp/minio_downloads/stores_190425972859.parquet', '/tmp/minio_downloads/stores_190426068505.parquet', '/tmp/minio_downloads/stores_190426161880.parquet', '/tmp/minio_downloads/stores_190426266947.parquet', '/tmp/minio_downloads/stores_190426401603.parquet', '/tmp/minio_downloads/stores_190426514721.parquet', '/tmp/minio_downloads/stores_190426610447.parquet', '/tmp/minio_downloads/stores_190426695082.parquet', '/tmp/minio_downloads/stores_190426770777.parquet', '/tmp/minio_downloads/stores_190426834748.parquet', '/tmp/minio_downloads/stores_190426934191.parquet', '/tmp/minio_downloads/stores_190427045464.parquet', '/tmp/minio_downloads/stores_190427142106.parquet', '/tmp/minio_downloads/stores_190427228962.parquet', '/tmp/minio_downloads/stores_190427308320.parquet', '/tmp/minio_downloads/stores_190427384429.parquet', '/tmp/minio_downloads/stores_190427465904.parquet', '/tmp/minio_downloads/stores_190427597769.parquet', '/tmp/minio_downloads/stores_190427682887.parquet', '/tmp/minio_downloads/stores_190427775373.parquet', '/tmp/minio_downloads/stores_190427856474.parquet', '/tmp/minio_downloads/stores_190427932022.parquet', '/tmp/minio_downloads/stores_190428013139.parquet', '/tmp/minio_downloads/stores_190428094501.parquet', '/tmp/minio_downloads/stores_190428179812.parquet', '/tmp/minio_downloads/stores_190428260723.parquet', '/tmp/minio_downloads/stores_190428349932.parquet', '/tmp/minio_downloads/stores_190428433914.parquet', '/tmp/minio_downloads/stores_190428518406.parquet', '/tmp/minio_downloads/stores_190428596599.parquet', '/tmp/minio_downloads/stores_190428702484.parquet', '/tmp/minio_downloads/stores_190428828353.parquet', '/tmp/minio_downloads/stores_190428953122.parquet', '/tmp/minio_downloads/stores_190429058830.parquet', '/tmp/minio_downloads/stores_190429164237.parquet', '/tmp/minio_downloads/stores_190429297972.parquet', '/tmp/minio_downloads/stores_190429421706.parquet', '/tmp/minio_downloads/stores_190429518108.parquet', '/tmp/minio_downloads/stores_190429619288.parquet', '/tmp/minio_downloads/stores_190429753046.parquet', '/tmp/minio_downloads/stores_190429857367.parquet', '/tmp/minio_downloads/stores_190429940162.parquet', '/tmp/minio_downloads/stores_190430037728.parquet', '/tmp/minio_downloads/stores_190430123927.parquet', '/tmp/minio_downloads/stores_190430207906.parquet', '/tmp/minio_downloads/stores_190430292220.parquet', '/tmp/minio_downloads/stores_190430373568.parquet', '/tmp/minio_downloads/stores_190430459201.parquet', '/tmp/minio_downloads/stores_190430559004.parquet', '/tmp/minio_downloads/stores_190430651460.parquet', '/tmp/minio_downloads/stores_190430735753.parquet', '/tmp/minio_downloads/stores_190430821602.parquet', '/tmp/minio_downloads/stores_190430898614.parquet', '/tmp/minio_downloads/stores_190431000259.parquet', '/tmp/minio_downloads/stores_190431097658.parquet', '/tmp/minio_downloads/stores_190431195956.parquet', '/tmp/minio_downloads/stores_190431289542.parquet', '/tmp/minio_downloads/stores_190431388134.parquet', '/tmp/minio_downloads/stores_190431530744.parquet', '/tmp/minio_downloads/stores_190431680829.parquet', '/tmp/minio_downloads/stores_190431872513.parquet', '/tmp/minio_downloads/stores_190432037449.parquet', '/tmp/minio_downloads/stores_190432191652.parquet', '/tmp/minio_downloads/stores_190432325548.parquet', '/tmp/minio_downloads/stores_190432442091.parquet', '/tmp/minio_downloads/stores_190432547463.parquet', '/tmp/minio_downloads/stores_190432659567.parquet', '/tmp/minio_downloads/stores_190432774600.parquet', '/tmp/minio_downloads/stores_190432882053.parquet', '/tmp/minio_downloads/stores_190433087095.parquet', '/tmp/minio_downloads/stores_190433191323.parquet', '/tmp/minio_downloads/stores_190433292390.parquet', '/tmp/minio_downloads/stores_190433385601.parquet', '/tmp/minio_downloads/stores_190433478981.parquet', '/tmp/minio_downloads/stores_190433580254.parquet', '/tmp/minio_downloads/stores_190433710802.parquet', '/tmp/minio_downloads/stores_190433834096.parquet', '/tmp/minio_downloads/stores_190433948519.parquet', '/tmp/minio_downloads/stores_190434054928.parquet', '/tmp/minio_downloads/stores_190434153273.parquet', '/tmp/minio_downloads/stores_190434264956.parquet', '/tmp/minio_downloads/stores_190434371246.parquet', '/tmp/minio_downloads/stores_190434467927.parquet', '/tmp/minio_downloads/stores_190434556188.parquet', '/tmp/minio_downloads/stores_190434658671.parquet', '/tmp/minio_downloads/stores_190434738818.parquet', '/tmp/minio_downloads/stores_190434838349.parquet', '/tmp/minio_downloads/stores_190434938318.parquet', '/tmp/minio_downloads/stores_190435036457.parquet', '/tmp/minio_downloads/stores_190435122518.parquet', '/tmp/minio_downloads/stores_190435220938.parquet', '/tmp/minio_downloads/stores_190435305720.parquet', '/tmp/minio_downloads/stores_190435389014.parquet', '/tmp/minio_downloads/stores_190435489571.parquet', '/tmp/minio_downloads/stores_190435581637.parquet', '/tmp/minio_downloads/stores_190435674081.parquet', '/tmp/minio_downloads/stores_190435794521.parquet', '/tmp/minio_downloads/stores_190436034282.parquet', '/tmp/minio_downloads/stores_190436234577.parquet', '/tmp/minio_downloads/stores_190436394813.parquet', '/tmp/minio_downloads/stores_190436493887.parquet', '/tmp/minio_downloads/stores_190436586634.parquet', '/tmp/minio_downloads/stores_190436684525.parquet', '/tmp/minio_downloads/stores_190436797397.parquet', '/tmp/minio_downloads/stores_190436906458.parquet', '/tmp/minio_downloads/stores_190437018381.parquet', '/tmp/minio_downloads/stores_190437116272.parquet', '/tmp/minio_downloads/stores_190437215336.parquet', '/tmp/minio_downloads/stores_190437301629.parquet', '/tmp/minio_downloads/stores_190437388706.parquet', '/tmp/minio_downloads/stores_190437492305.parquet', '/tmp/minio_downloads/stores_190437586289.parquet', '/tmp/minio_downloads/stores_190437679639.parquet', '/tmp/minio_downloads/stores_190437782280.parquet', '/tmp/minio_downloads/stores_190437882054.parquet', '/tmp/minio_downloads/stores_190437969664.parquet', '/tmp/minio_downloads/stores_190438743176.parquet', '/tmp/minio_downloads/stores_190438844208.parquet', '/tmp/minio_downloads/stores_190438931331.parquet', '/tmp/minio_downloads/stores_190439005493.parquet', '/tmp/minio_downloads/stores_190439093463.parquet', '/tmp/minio_downloads/stores_190439172688.parquet', '/tmp/minio_downloads/stores_190439254433.parquet', '/tmp/minio_downloads/stores_190439327945.parquet', '/tmp/minio_downloads/stores_190439442136.parquet', '/tmp/minio_downloads/stores_190439570614.parquet', '/tmp/minio_downloads/stores_190439692246.parquet', '/tmp/minio_downloads/stores_190439797707.parquet', '/tmp/minio_downloads/stores_190439922706.parquet', '/tmp/minio_downloads/stores_190440039624.parquet', '/tmp/minio_downloads/stores_190440145901.parquet', '/tmp/minio_downloads/stores_190440248413.parquet', '/tmp/minio_downloads/stores_190440371479.parquet', '/tmp/minio_downloads/stores_190440479025.parquet', '/tmp/minio_downloads/stores_190440583002.parquet', '/tmp/minio_downloads/stores_190440675403.parquet', '/tmp/minio_downloads/stores_190440760611.parquet', '/tmp/minio_downloads/stores_190440872292.parquet', '/tmp/minio_downloads/stores_190440984519.parquet', '/tmp/minio_downloads/stores_190441100035.parquet', '/tmp/minio_downloads/stores_190441177309.parquet', '/tmp/minio_downloads/stores_190441279547.parquet', '/tmp/minio_downloads/stores_190441381971.parquet', '/tmp/minio_downloads/stores_190441478264.parquet', '/tmp/minio_downloads/stores_190441575532.parquet', '/tmp/minio_downloads/stores_190441663696.parquet', '/tmp/minio_downloads/stores_190441746714.parquet', '/tmp/minio_downloads/stores_190441845879.parquet', '/tmp/minio_downloads/stores_190441951190.parquet', '/tmp/minio_downloads/stores_190442039222.parquet', '/tmp/minio_downloads/stores_190442139104.parquet', '/tmp/minio_downloads/stores_190442236270.parquet', '/tmp/minio_downloads/stores_190442331274.parquet', '/tmp/minio_downloads/stores_190442413315.parquet', '/tmp/minio_downloads/stores_190442497214.parquet', '/tmp/minio_downloads/stores_190442632814.parquet', '/tmp/minio_downloads/stores_190442782620.parquet', '/tmp/minio_downloads/stores_190442899708.parquet', '/tmp/minio_downloads/stores_190442993950.parquet', '/tmp/minio_downloads/stores_190443108294.parquet', '/tmp/minio_downloads/stores_190443208744.parquet', '/tmp/minio_downloads/stores_190443372437.parquet', '/tmp/minio_downloads/stores_190443478429.parquet', '/tmp/minio_downloads/stores_190443591432.parquet', '/tmp/minio_downloads/stores_190443678099.parquet', '/tmp/minio_downloads/stores_190443765511.parquet', '/tmp/minio_downloads/stores_190443847050.parquet', '/tmp/minio_downloads/stores_190443964293.parquet', '/tmp/minio_downloads/stores_190444050956.parquet', '/tmp/minio_downloads/stores_190444157162.parquet', '/tmp/minio_downloads/stores_190444242269.parquet', '/tmp/minio_downloads/stores_190444308176.parquet', '/tmp/minio_downloads/stores_190444392379.parquet', '/tmp/minio_downloads/stores_190444474083.parquet', '/tmp/minio_downloads/stores_190444564885.parquet', '/tmp/minio_downloads/stores_190444646488.parquet', '/tmp/minio_downloads/stores_190444749571.parquet', '/tmp/minio_downloads/stores_190444852556.parquet', '/tmp/minio_downloads/stores_190444942784.parquet', '/tmp/minio_downloads/stores_190445017419.parquet', '/tmp/minio_downloads/stores_190445100348.parquet', '/tmp/minio_downloads/stores_190445200772.parquet', '/tmp/minio_downloads/stores_190445281456.parquet', '/tmp/minio_downloads/stores_190445375819.parquet', '/tmp/minio_downloads/stores_190445448940.parquet', '/tmp/minio_downloads/stores_190445524263.parquet', '/tmp/minio_downloads/stores_190445599089.parquet', '/tmp/minio_downloads/stores_190445673036.parquet', '/tmp/minio_downloads/stores_190445760900.parquet', '/tmp/minio_downloads/stores_190445847492.parquet', '/tmp/minio_downloads/stores_190445932710.parquet', '/tmp/minio_downloads/stores_190446032934.parquet', '/tmp/minio_downloads/stores_190446110694.parquet', '/tmp/minio_downloads/stores_190446191518.parquet', '/tmp/minio_downloads/stores_190446283195.parquet', '/tmp/minio_downloads/stores_190446362684.parquet', '/tmp/minio_downloads/stores_190446451054.parquet', '/tmp/minio_downloads/stores_190446541931.parquet', '/tmp/minio_downloads/stores_190446622071.parquet', '/tmp/minio_downloads/stores_190446689553.parquet', '/tmp/minio_downloads/stores_190446756842.parquet', '/tmp/minio_downloads/stores_190446830754.parquet', '/tmp/minio_downloads/stores_190446927328.parquet', '/tmp/minio_downloads/stores_190447021834.parquet', '/tmp/minio_downloads/stores_190447127099.parquet', '/tmp/minio_downloads/stores_190447212209.parquet', '/tmp/minio_downloads/stores_190447310415.parquet', '/tmp/minio_downloads/stores_190447410683.parquet', '/tmp/minio_downloads/stores_190447501166.parquet', '/tmp/minio_downloads/stores_190447596224.parquet', '/tmp/minio_downloads/stores_190447677658.parquet', '/tmp/minio_downloads/stores_190447773168.parquet', '/tmp/minio_downloads/stores_190447867671.parquet', '/tmp/minio_downloads/stores_190447955454.parquet', '/tmp/minio_downloads/stores_190448037880.parquet', '/tmp/minio_downloads/stores_190448128758.parquet', '/tmp/minio_downloads/stores_190448219080.parquet', '/tmp/minio_downloads/stores_190448292458.parquet', '/tmp/minio_downloads/stores_190448375217.parquet', '/tmp/minio_downloads/stores_190448455658.parquet', '/tmp/minio_downloads/stores_190448525051.parquet', '/tmp/minio_downloads/stores_190448598645.parquet', '/tmp/minio_downloads/stores_190448677439.parquet', '/tmp/minio_downloads/stores_190448755533.parquet', '/tmp/minio_downloads/stores_190448848686.parquet', '/tmp/minio_downloads/stores_190448945880.parquet', '/tmp/minio_downloads/stores_190449027496.parquet', '/tmp/minio_downloads/stores_190449112660.parquet', '/tmp/minio_downloads/stores_190449199597.parquet', '/tmp/minio_downloads/stores_190449285844.parquet', '/tmp/minio_downloads/stores_190449371162.parquet', '/tmp/minio_downloads/stores_190449442683.parquet', '/tmp/minio_downloads/stores_190449518958.parquet', '/tmp/minio_downloads/stores_190449588145.parquet', '/tmp/minio_downloads/stores_190449664666.parquet', '/tmp/minio_downloads/stores_190449739660.parquet', '/tmp/minio_downloads/stores_190449821857.parquet', '/tmp/minio_downloads/stores_190449903536.parquet', '/tmp/minio_downloads/stores_190449980174.parquet', '/tmp/minio_downloads/stores_190450058404.parquet', '/tmp/minio_downloads/stores_190450128104.parquet', '/tmp/minio_downloads/stores_190450197953.parquet', '/tmp/minio_downloads/stores_190450271815.parquet', '/tmp/minio_downloads/stores_190450343051.parquet', '/tmp/minio_downloads/stores_190450438931.parquet', '/tmp/minio_downloads/stores_190450511523.parquet', '/tmp/minio_downloads/stores_190450591396.parquet', '/tmp/minio_downloads/stores_190450659907.parquet', '/tmp/minio_downloads/stores_190450726360.parquet', '/tmp/minio_downloads/stores_190450802660.parquet', '/tmp/minio_downloads/stores_190450876888.parquet', '/tmp/minio_downloads/stores_190450965166.parquet', '/tmp/minio_downloads/stores_190451061105.parquet', '/tmp/minio_downloads/stores_190451170776.parquet', '/tmp/minio_downloads/stores_190451265588.parquet', '/tmp/minio_downloads/stores_190451369269.parquet', '/tmp/minio_downloads/stores_190451466068.parquet', '/tmp/minio_downloads/stores_190451557849.parquet', '/tmp/minio_downloads/stores_190451637866.parquet', '/tmp/minio_downloads/stores_190451742927.parquet']}
[2026-07-04T14:34:41.425+0000] {taskinstance.py:441} INFO - ::group::Post task execution logs
[2026-07-04T14:34:41.489+0000] {taskinstance.py:1206} INFO - Marking task as SUCCESS. dag_id=minio_to_snowflake_ecommerce, task_id=download_minio, run_id=scheduled__2026-07-04T14:31:00+00:00, execution_date=20260704T143100, start_date=20260704T143223, end_date=20260704T143441
[2026-07-04T14:34:41.576+0000] {local_task_job_runner.py:243} INFO - Task exited with return code 0
[2026-07-04T14:34:41.625+0000] {taskinstance.py:3503} INFO - 1 downstream tasks scheduled from follow-on schedule check
[2026-07-04T14:34:41.629+0000] {local_task_job_runner.py:222} INFO - ::endgroup::
