[2026-07-04T14:11:18.946+0000] {local_task_job_runner.py:120} INFO - ::group::Pre task execution logs
[2026-07-04T14:11:19.019+0000] {taskinstance.py:2076} INFO - Dependencies all met for dep_context=non-requeueable deps ti=<TaskInstance: minio_to_snowflake_ecommerce.download_minio scheduled__2026-07-04T14:09:00+00:00 [queued]>
[2026-07-04T14:11:19.035+0000] {taskinstance.py:2076} INFO - Dependencies all met for dep_context=requeueable deps ti=<TaskInstance: minio_to_snowflake_ecommerce.download_minio scheduled__2026-07-04T14:09:00+00:00 [queued]>
[2026-07-04T14:11:19.037+0000] {taskinstance.py:2306} INFO - Starting attempt 1 of 2
[2026-07-04T14:11:19.068+0000] {taskinstance.py:2330} INFO - Executing <Task(PythonOperator): download_minio> on 2026-07-04 14:09:00+00:00
[2026-07-04T14:11:19.082+0000] {standard_task_runner.py:90} INFO - Running: ['***', 'tasks', 'run', 'minio_to_snowflake_ecommerce', 'download_minio', 'scheduled__2026-07-04T14:09:00+00:00', '--job-id', '20', '--raw', '--subdir', 'DAGS_FOLDER/minio_to_snowflake_dag.py', '--cfg-path', '/tmp/tmpq7t8193l']
[2026-07-04T14:11:19.089+0000] {standard_task_runner.py:91} INFO - Job 20: Subtask download_minio
[2026-07-04T14:11:19.105+0000] {logging_mixin.py:188} WARNING - /home/***/.local/lib/python3.12/site-packages/***/task/task_runner/standard_task_runner.py:62 DeprecationWarning: This process (pid=10509) is multi-threaded, use of fork() may lead to deadlocks in the child.
[2026-07-04T14:11:19.107+0000] {standard_task_runner.py:64} INFO - Started process 10516 to run task
[2026-07-04T14:11:19.277+0000] {task_command.py:426} INFO - Running <TaskInstance: minio_to_snowflake_ecommerce.download_minio scheduled__2026-07-04T14:09:00+00:00 [running]> on host 791512f83421
[2026-07-04T14:11:19.489+0000] {taskinstance.py:2648} INFO - Exporting env vars: AIRFLOW_CTX_DAG_OWNER='***' AIRFLOW_CTX_DAG_ID='minio_to_snowflake_ecommerce' AIRFLOW_CTX_TASK_ID='download_minio' AIRFLOW_CTX_EXECUTION_DATE='2026-07-04T14:09:00+00:00' AIRFLOW_CTX_TRY_NUMBER='1' AIRFLOW_CTX_DAG_RUN_ID='scheduled__2026-07-04T14:09:00+00:00'
[2026-07-04T14:11:19.493+0000] {taskinstance.py:430} INFO - ::endgroup::
[2026-07-04T14:11:25.120+0000] {logging_mixin.py:188} INFO - Downloaded customers/date=2026-06-17/customers_190118474101.parquet -> /tmp/minio_downloads/customers_190118474101.parquet
[2026-07-04T14:11:25.140+0000] {logging_mixin.py:188} INFO - Downloaded customers/date=2026-06-17/customers_190118558805.parquet -> /tmp/minio_downloads/customers_190118558805.parquet
[2026-07-04T14:11:25.159+0000] {logging_mixin.py:188} INFO - Downloaded customers/date=2026-06-17/customers_190118637451.parquet -> /tmp/minio_downloads/customers_190118637451.parquet
[2026-07-04T14:11:25.180+0000] {logging_mixin.py:188} INFO - Downloaded customers/date=2026-06-17/customers_190118704077.parquet -> /tmp/minio_downloads/customers_190118704077.parquet
[2026-07-04T14:11:25.200+0000] {logging_mixin.py:188} INFO - Downloaded customers/date=2026-06-17/customers_190118757294.parquet -> /tmp/minio_downloads/customers_190118757294.parquet
[2026-07-04T14:11:25.220+0000] {logging_mixin.py:188} INFO - Downloaded customers/date=2026-06-17/customers_190118804450.parquet -> /tmp/minio_downloads/customers_190118804450.parquet
[2026-07-04T14:11:25.239+0000] {logging_mixin.py:188} INFO - Downloaded customers/date=2026-06-17/customers_190118859377.parquet -> /tmp/minio_downloads/customers_190118859377.parquet
[2026-07-04T14:11:25.259+0000] {logging_mixin.py:188} INFO - Downloaded customers/date=2026-06-17/customers_190118909807.parquet -> /tmp/minio_downloads/customers_190118909807.parquet
[2026-07-04T14:11:25.278+0000] {logging_mixin.py:188} INFO - Downloaded customers/date=2026-06-17/customers_190118962070.parquet -> /tmp/minio_downloads/customers_190118962070.parquet
[2026-07-04T14:11:25.298+0000] {logging_mixin.py:188} INFO - Downloaded customers/date=2026-06-17/customers_190119013345.parquet -> /tmp/minio_downloads/customers_190119013345.parquet
[2026-07-04T14:11:25.318+0000] {logging_mixin.py:188} INFO - Downloaded customers/date=2026-06-17/customers_190119066490.parquet -> /tmp/minio_downloads/customers_190119066490.parquet
[2026-07-04T14:11:25.338+0000] {logging_mixin.py:188} INFO - Downloaded customers/date=2026-06-17/customers_190119139754.parquet -> /tmp/minio_downloads/customers_190119139754.parquet
[2026-07-04T14:11:25.358+0000] {logging_mixin.py:188} INFO - Downloaded customers/date=2026-06-17/customers_190119263543.parquet -> /tmp/minio_downloads/customers_190119263543.parquet
[2026-07-04T14:11:25.378+0000] {logging_mixin.py:188} INFO - Downloaded customers/date=2026-06-17/customers_190119390209.parquet -> /tmp/minio_downloads/customers_190119390209.parquet
[2026-07-04T14:11:25.400+0000] {logging_mixin.py:188} INFO - Downloaded customers/date=2026-06-17/customers_190119463358.parquet -> /tmp/minio_downloads/customers_190119463358.parquet
[2026-07-04T14:11:25.424+0000] {logging_mixin.py:188} INFO - Downloaded customers/date=2026-06-17/customers_190119548561.parquet -> /tmp/minio_downloads/customers_190119548561.parquet
[2026-07-04T14:11:25.444+0000] {logging_mixin.py:188} INFO - Downloaded customers/date=2026-06-17/customers_190119628300.parquet -> /tmp/minio_downloads/customers_190119628300.parquet
[2026-07-04T14:11:25.463+0000] {logging_mixin.py:188} INFO - Downloaded customers/date=2026-06-17/customers_190119731265.parquet -> /tmp/minio_downloads/customers_190119731265.parquet
[2026-07-04T14:11:25.484+0000] {logging_mixin.py:188} INFO - Downloaded customers/date=2026-06-17/customers_190119816203.parquet -> /tmp/minio_downloads/customers_190119816203.parquet
[2026-07-04T14:11:25.504+0000] {logging_mixin.py:188} INFO - Downloaded customers/date=2026-06-17/customers_190119905698.parquet -> /tmp/minio_downloads/customers_190119905698.parquet
[2026-07-04T14:11:25.523+0000] {logging_mixin.py:188} INFO - Downloaded customers/date=2026-06-17/customers_190120040271.parquet -> /tmp/minio_downloads/customers_190120040271.parquet
[2026-07-04T14:11:25.543+0000] {logging_mixin.py:188} INFO - Downloaded customers/date=2026-06-17/customers_190120132786.parquet -> /tmp/minio_downloads/customers_190120132786.parquet
[2026-07-04T14:11:25.562+0000] {logging_mixin.py:188} INFO - Downloaded customers/date=2026-06-17/customers_190120201937.parquet -> /tmp/minio_downloads/customers_190120201937.parquet
[2026-07-04T14:11:25.582+0000] {logging_mixin.py:188} INFO - Downloaded customers/date=2026-06-17/customers_190120279098.parquet -> /tmp/minio_downloads/customers_190120279098.parquet
[2026-07-04T14:11:25.603+0000] {logging_mixin.py:188} INFO - Downloaded customers/date=2026-06-17/customers_190120349697.parquet -> /tmp/minio_downloads/customers_190120349697.parquet
[2026-07-04T14:11:25.624+0000] {logging_mixin.py:188} INFO - Downloaded customers/date=2026-06-17/customers_190120432051.parquet -> /tmp/minio_downloads/customers_190120432051.parquet
[2026-07-04T14:11:25.645+0000] {logging_mixin.py:188} INFO - Downloaded customers/date=2026-06-17/customers_190120568706.parquet -> /tmp/minio_downloads/customers_190120568706.parquet
[2026-07-04T14:11:25.666+0000] {logging_mixin.py:188} INFO - Downloaded customers/date=2026-06-17/customers_190120649298.parquet -> /tmp/minio_downloads/customers_190120649298.parquet
[2026-07-04T14:11:25.686+0000] {logging_mixin.py:188} INFO - Downloaded customers/date=2026-06-17/customers_190120717788.parquet -> /tmp/minio_downloads/customers_190120717788.parquet
[2026-07-04T14:11:25.707+0000] {logging_mixin.py:188} INFO - Downloaded customers/date=2026-06-17/customers_190120785337.parquet -> /tmp/minio_downloads/customers_190120785337.parquet
[2026-07-04T14:11:25.727+0000] {logging_mixin.py:188} INFO - Downloaded customers/date=2026-06-17/customers_190120832918.parquet -> /tmp/minio_downloads/customers_190120832918.parquet
[2026-07-04T14:11:25.748+0000] {logging_mixin.py:188} INFO - Downloaded customers/date=2026-06-17/customers_190120902521.parquet -> /tmp/minio_downloads/customers_190120902521.parquet
[2026-07-04T14:11:25.769+0000] {logging_mixin.py:188} INFO - Downloaded customers/date=2026-06-17/customers_190120964409.parquet -> /tmp/minio_downloads/customers_190120964409.parquet
[2026-07-04T14:11:25.790+0000] {logging_mixin.py:188} INFO - Downloaded customers/date=2026-06-17/customers_190121020503.parquet -> /tmp/minio_downloads/customers_190121020503.parquet
[2026-07-04T14:11:25.809+0000] {logging_mixin.py:188} INFO - Downloaded customers/date=2026-06-17/customers_190121089337.parquet -> /tmp/minio_downloads/customers_190121089337.parquet
[2026-07-04T14:11:25.830+0000] {logging_mixin.py:188} INFO - Downloaded customers/date=2026-06-17/customers_190121147140.parquet -> /tmp/minio_downloads/customers_190121147140.parquet
[2026-07-04T14:11:25.852+0000] {logging_mixin.py:188} INFO - Downloaded customers/date=2026-06-17/customers_190121236766.parquet -> /tmp/minio_downloads/customers_190121236766.parquet
[2026-07-04T14:11:25.873+0000] {logging_mixin.py:188} INFO - Downloaded customers/date=2026-06-17/customers_190121314374.parquet -> /tmp/minio_downloads/customers_190121314374.parquet
[2026-07-04T14:11:25.895+0000] {logging_mixin.py:188} INFO - Downloaded customers/date=2026-06-17/customers_190121389208.parquet -> /tmp/minio_downloads/customers_190121389208.parquet
[2026-07-04T14:11:25.916+0000] {logging_mixin.py:188} INFO - Downloaded customers/date=2026-06-17/customers_190121470589.parquet -> /tmp/minio_downloads/customers_190121470589.parquet
[2026-07-04T14:11:25.937+0000] {logging_mixin.py:188} INFO - Downloaded customers/date=2026-06-17/customers_190121557173.parquet -> /tmp/minio_downloads/customers_190121557173.parquet
[2026-07-04T14:11:25.958+0000] {logging_mixin.py:188} INFO - Downloaded customers/date=2026-06-17/customers_190121635672.parquet -> /tmp/minio_downloads/customers_190121635672.parquet
[2026-07-04T14:11:25.980+0000] {logging_mixin.py:188} INFO - Downloaded customers/date=2026-06-17/customers_190121708765.parquet -> /tmp/minio_downloads/customers_190121708765.parquet
[2026-07-04T14:11:26.002+0000] {logging_mixin.py:188} INFO - Downloaded customers/date=2026-06-17/customers_190121774496.parquet -> /tmp/minio_downloads/customers_190121774496.parquet
[2026-07-04T14:11:26.025+0000] {logging_mixin.py:188} INFO - Downloaded customers/date=2026-06-17/customers_190121828872.parquet -> /tmp/minio_downloads/customers_190121828872.parquet
[2026-07-04T14:11:26.047+0000] {logging_mixin.py:188} INFO - Downloaded customers/date=2026-06-17/customers_190121884665.parquet -> /tmp/minio_downloads/customers_190121884665.parquet
[2026-07-04T14:11:26.072+0000] {logging_mixin.py:188} INFO - Downloaded customers/date=2026-06-17/customers_190121936133.parquet -> /tmp/minio_downloads/customers_190121936133.parquet
[2026-07-04T14:11:26.095+0000] {logging_mixin.py:188} INFO - Downloaded customers/date=2026-06-17/customers_190121986968.parquet -> /tmp/minio_downloads/customers_190121986968.parquet
[2026-07-04T14:11:26.124+0000] {logging_mixin.py:188} INFO - Downloaded customers/date=2026-06-17/customers_190122038502.parquet -> /tmp/minio_downloads/customers_190122038502.parquet
[2026-07-04T14:11:26.150+0000] {logging_mixin.py:188} INFO - Downloaded customers/date=2026-06-17/customers_190122087552.parquet -> /tmp/minio_downloads/customers_190122087552.parquet
[2026-07-04T14:11:26.179+0000] {logging_mixin.py:188} INFO - Downloaded customers/date=2026-06-17/customers_190122199861.parquet -> /tmp/minio_downloads/customers_190122199861.parquet
[2026-07-04T14:11:26.207+0000] {logging_mixin.py:188} INFO - Downloaded customers/date=2026-06-17/customers_190122288107.parquet -> /tmp/minio_downloads/customers_190122288107.parquet
[2026-07-04T14:11:26.234+0000] {logging_mixin.py:188} INFO - Downloaded customers/date=2026-06-17/customers_190122362702.parquet -> /tmp/minio_downloads/customers_190122362702.parquet
[2026-07-04T14:11:26.265+0000] {logging_mixin.py:188} INFO - Downloaded customers/date=2026-06-17/customers_190122426397.parquet -> /tmp/minio_downloads/customers_190122426397.parquet
[2026-07-04T14:11:26.297+0000] {logging_mixin.py:188} INFO - Downloaded customers/date=2026-06-17/customers_190122496594.parquet -> /tmp/minio_downloads/customers_190122496594.parquet
[2026-07-04T14:11:26.327+0000] {logging_mixin.py:188} INFO - Downloaded customers/date=2026-06-17/customers_190122575921.parquet -> /tmp/minio_downloads/customers_190122575921.parquet
[2026-07-04T14:11:26.361+0000] {logging_mixin.py:188} INFO - Downloaded customers/date=2026-06-17/customers_190122666732.parquet -> /tmp/minio_downloads/customers_190122666732.parquet
[2026-07-04T14:11:26.394+0000] {logging_mixin.py:188} INFO - Downloaded customers/date=2026-06-17/customers_190122744017.parquet -> /tmp/minio_downloads/customers_190122744017.parquet
[2026-07-04T14:11:26.428+0000] {logging_mixin.py:188} INFO - Downloaded customers/date=2026-06-17/customers_190122803790.parquet -> /tmp/minio_downloads/customers_190122803790.parquet
[2026-07-04T14:11:26.461+0000] {logging_mixin.py:188} INFO - Downloaded customers/date=2026-06-17/customers_190122866720.parquet -> /tmp/minio_downloads/customers_190122866720.parquet
[2026-07-04T14:11:26.489+0000] {logging_mixin.py:188} INFO - Downloaded customers/date=2026-06-17/customers_190122917755.parquet -> /tmp/minio_downloads/customers_190122917755.parquet
[2026-07-04T14:11:26.518+0000] {logging_mixin.py:188} INFO - Downloaded customers/date=2026-06-17/customers_190122965839.parquet -> /tmp/minio_downloads/customers_190122965839.parquet
[2026-07-04T14:11:26.542+0000] {logging_mixin.py:188} INFO - Downloaded customers/date=2026-06-17/customers_190123017563.parquet -> /tmp/minio_downloads/customers_190123017563.parquet
[2026-07-04T14:11:26.567+0000] {logging_mixin.py:188} INFO - Downloaded customers/date=2026-06-17/customers_190123087773.parquet -> /tmp/minio_downloads/customers_190123087773.parquet
[2026-07-04T14:11:26.592+0000] {logging_mixin.py:188} INFO - Downloaded customers/date=2026-06-17/customers_190123155911.parquet -> /tmp/minio_downloads/customers_190123155911.parquet
[2026-07-04T14:11:26.617+0000] {logging_mixin.py:188} INFO - Downloaded customers/date=2026-06-17/customers_190123225422.parquet -> /tmp/minio_downloads/customers_190123225422.parquet
[2026-07-04T14:11:26.643+0000] {logging_mixin.py:188} INFO - Downloaded customers/date=2026-06-17/customers_190123295060.parquet -> /tmp/minio_downloads/customers_190123295060.parquet
[2026-07-04T14:11:26.667+0000] {logging_mixin.py:188} INFO - Downloaded customers/date=2026-06-17/customers_190123375883.parquet -> /tmp/minio_downloads/customers_190123375883.parquet
[2026-07-04T14:11:26.692+0000] {logging_mixin.py:188} INFO - Downloaded customers/date=2026-06-17/customers_190123461445.parquet -> /tmp/minio_downloads/customers_190123461445.parquet
[2026-07-04T14:11:26.715+0000] {logging_mixin.py:188} INFO - Downloaded customers/date=2026-06-17/customers_190123549403.parquet -> /tmp/minio_downloads/customers_190123549403.parquet
[2026-07-04T14:11:26.740+0000] {logging_mixin.py:188} INFO - Downloaded customers/date=2026-06-17/customers_190123629735.parquet -> /tmp/minio_downloads/customers_190123629735.parquet
[2026-07-04T14:11:26.769+0000] {logging_mixin.py:188} INFO - Downloaded customers/date=2026-06-17/customers_190123712537.parquet -> /tmp/minio_downloads/customers_190123712537.parquet
[2026-07-04T14:11:26.795+0000] {logging_mixin.py:188} INFO - Downloaded customers/date=2026-06-17/customers_190123785855.parquet -> /tmp/minio_downloads/customers_190123785855.parquet
[2026-07-04T14:11:26.822+0000] {logging_mixin.py:188} INFO - Downloaded customers/date=2026-06-17/customers_190123852768.parquet -> /tmp/minio_downloads/customers_190123852768.parquet
[2026-07-04T14:11:26.849+0000] {logging_mixin.py:188} INFO - Downloaded customers/date=2026-06-17/customers_190123936501.parquet -> /tmp/minio_downloads/customers_190123936501.parquet
[2026-07-04T14:11:26.874+0000] {logging_mixin.py:188} INFO - Downloaded customers/date=2026-06-17/customers_190124033849.parquet -> /tmp/minio_downloads/customers_190124033849.parquet
[2026-07-04T14:11:26.906+0000] {logging_mixin.py:188} INFO - Downloaded customers/date=2026-06-17/customers_190124166322.parquet -> /tmp/minio_downloads/customers_190124166322.parquet
[2026-07-04T14:11:26.935+0000] {logging_mixin.py:188} INFO - Downloaded customers/date=2026-06-17/customers_190124239295.parquet -> /tmp/minio_downloads/customers_190124239295.parquet
[2026-07-04T14:11:26.961+0000] {logging_mixin.py:188} INFO - Downloaded customers/date=2026-06-17/customers_190124308641.parquet -> /tmp/minio_downloads/customers_190124308641.parquet
[2026-07-04T14:11:26.987+0000] {logging_mixin.py:188} INFO - Downloaded customers/date=2026-06-17/customers_190124367126.parquet -> /tmp/minio_downloads/customers_190124367126.parquet
[2026-07-04T14:11:27.012+0000] {logging_mixin.py:188} INFO - Downloaded customers/date=2026-06-17/customers_190124438120.parquet -> /tmp/minio_downloads/customers_190124438120.parquet
[2026-07-04T14:11:27.040+0000] {logging_mixin.py:188} INFO - Downloaded customers/date=2026-06-17/customers_190124506813.parquet -> /tmp/minio_downloads/customers_190124506813.parquet
[2026-07-04T14:11:27.065+0000] {logging_mixin.py:188} INFO - Downloaded customers/date=2026-06-17/customers_190124577918.parquet -> /tmp/minio_downloads/customers_190124577918.parquet
[2026-07-04T14:11:27.090+0000] {logging_mixin.py:188} INFO - Downloaded customers/date=2026-06-17/customers_190124645052.parquet -> /tmp/minio_downloads/customers_190124645052.parquet
[2026-07-04T14:11:27.116+0000] {logging_mixin.py:188} INFO - Downloaded customers/date=2026-06-17/customers_190124698144.parquet -> /tmp/minio_downloads/customers_190124698144.parquet
[2026-07-04T14:11:27.141+0000] {logging_mixin.py:188} INFO - Downloaded customers/date=2026-06-17/customers_190124750698.parquet -> /tmp/minio_downloads/customers_190124750698.parquet
[2026-07-04T14:11:27.166+0000] {logging_mixin.py:188} INFO - Downloaded customers/date=2026-06-17/customers_190124860523.parquet -> /tmp/minio_downloads/customers_190124860523.parquet
[2026-07-04T14:11:27.190+0000] {logging_mixin.py:188} INFO - Downloaded customers/date=2026-06-17/customers_190124942262.parquet -> /tmp/minio_downloads/customers_190124942262.parquet
[2026-07-04T14:11:27.215+0000] {logging_mixin.py:188} INFO - Downloaded customers/date=2026-06-17/customers_190125013131.parquet -> /tmp/minio_downloads/customers_190125013131.parquet
[2026-07-04T14:11:27.239+0000] {logging_mixin.py:188} INFO - Downloaded customers/date=2026-06-17/customers_190125105286.parquet -> /tmp/minio_downloads/customers_190125105286.parquet
[2026-07-04T14:11:27.265+0000] {logging_mixin.py:188} INFO - Downloaded customers/date=2026-06-17/customers_190125202440.parquet -> /tmp/minio_downloads/customers_190125202440.parquet
[2026-07-04T14:11:27.291+0000] {logging_mixin.py:188} INFO - Downloaded customers/date=2026-06-17/customers_190125298099.parquet -> /tmp/minio_downloads/customers_190125298099.parquet
[2026-07-04T14:11:27.315+0000] {logging_mixin.py:188} INFO - Downloaded customers/date=2026-06-17/customers_190125375584.parquet -> /tmp/minio_downloads/customers_190125375584.parquet
[2026-07-04T14:11:27.340+0000] {logging_mixin.py:188} INFO - Downloaded customers/date=2026-06-17/customers_190125437993.parquet -> /tmp/minio_downloads/customers_190125437993.parquet
[2026-07-04T14:11:27.366+0000] {logging_mixin.py:188} INFO - Downloaded customers/date=2026-06-17/customers_190125502586.parquet -> /tmp/minio_downloads/customers_190125502586.parquet
[2026-07-04T14:11:27.392+0000] {logging_mixin.py:188} INFO - Downloaded customers/date=2026-06-17/customers_190125580897.parquet -> /tmp/minio_downloads/customers_190125580897.parquet
[2026-07-04T14:11:27.419+0000] {logging_mixin.py:188} INFO - Downloaded customers/date=2026-06-17/customers_190125642474.parquet -> /tmp/minio_downloads/customers_190125642474.parquet
[2026-07-04T14:11:27.445+0000] {logging_mixin.py:188} INFO - Downloaded customers/date=2026-06-17/customers_190125701048.parquet -> /tmp/minio_downloads/customers_190125701048.parquet
[2026-07-04T14:11:27.470+0000] {logging_mixin.py:188} INFO - Downloaded customers/date=2026-06-17/customers_190125761080.parquet -> /tmp/minio_downloads/customers_190125761080.parquet
[2026-07-04T14:11:27.495+0000] {logging_mixin.py:188} INFO - Downloaded customers/date=2026-06-17/customers_190125833530.parquet -> /tmp/minio_downloads/customers_190125833530.parquet
[2026-07-04T14:11:27.521+0000] {logging_mixin.py:188} INFO - Downloaded customers/date=2026-06-17/customers_190125898658.parquet -> /tmp/minio_downloads/customers_190125898658.parquet
[2026-07-04T14:11:27.547+0000] {logging_mixin.py:188} INFO - Downloaded customers/date=2026-06-17/customers_190125975991.parquet -> /tmp/minio_downloads/customers_190125975991.parquet
[2026-07-04T14:11:27.572+0000] {logging_mixin.py:188} INFO - Downloaded customers/date=2026-06-17/customers_190126066822.parquet -> /tmp/minio_downloads/customers_190126066822.parquet
[2026-07-04T14:11:27.598+0000] {logging_mixin.py:188} INFO - Downloaded customers/date=2026-06-17/customers_190126198505.parquet -> /tmp/minio_downloads/customers_190126198505.parquet
[2026-07-04T14:11:27.621+0000] {logging_mixin.py:188} INFO - Downloaded customers/date=2026-06-17/customers_190126301475.parquet -> /tmp/minio_downloads/customers_190126301475.parquet
[2026-07-04T14:11:27.647+0000] {logging_mixin.py:188} INFO - Downloaded customers/date=2026-06-17/customers_190126398593.parquet -> /tmp/minio_downloads/customers_190126398593.parquet
[2026-07-04T14:11:27.672+0000] {logging_mixin.py:188} INFO - Downloaded customers/date=2026-06-17/customers_190126533501.parquet -> /tmp/minio_downloads/customers_190126533501.parquet
[2026-07-04T14:11:27.697+0000] {logging_mixin.py:188} INFO - Downloaded customers/date=2026-06-17/customers_190126611796.parquet -> /tmp/minio_downloads/customers_190126611796.parquet
[2026-07-04T14:11:27.722+0000] {logging_mixin.py:188} INFO - Downloaded customers/date=2026-06-17/customers_190126673708.parquet -> /tmp/minio_downloads/customers_190126673708.parquet
[2026-07-04T14:11:27.746+0000] {logging_mixin.py:188} INFO - Downloaded customers/date=2026-06-17/customers_190126725267.parquet -> /tmp/minio_downloads/customers_190126725267.parquet
[2026-07-04T14:11:27.769+0000] {logging_mixin.py:188} INFO - Downloaded customers/date=2026-06-17/customers_190126787313.parquet -> /tmp/minio_downloads/customers_190126787313.parquet
[2026-07-04T14:11:27.795+0000] {logging_mixin.py:188} INFO - Downloaded customers/date=2026-06-17/customers_190126855392.parquet -> /tmp/minio_downloads/customers_190126855392.parquet
[2026-07-04T14:11:27.819+0000] {logging_mixin.py:188} INFO - Downloaded customers/date=2026-06-17/customers_190126906171.parquet -> /tmp/minio_downloads/customers_190126906171.parquet
[2026-07-04T14:11:27.844+0000] {logging_mixin.py:188} INFO - Downloaded customers/date=2026-06-17/customers_190126961049.parquet -> /tmp/minio_downloads/customers_190126961049.parquet
[2026-07-04T14:11:27.869+0000] {logging_mixin.py:188} INFO - Downloaded customers/date=2026-06-17/customers_190127014299.parquet -> /tmp/minio_downloads/customers_190127014299.parquet
[2026-07-04T14:11:27.894+0000] {logging_mixin.py:188} INFO - Downloaded customers/date=2026-06-17/customers_190127077863.parquet -> /tmp/minio_downloads/customers_190127077863.parquet
[2026-07-04T14:11:27.927+0000] {logging_mixin.py:188} INFO - Downloaded customers/date=2026-06-17/customers_190127230270.parquet -> /tmp/minio_downloads/customers_190127230270.parquet
[2026-07-04T14:11:27.960+0000] {logging_mixin.py:188} INFO - Downloaded customers/date=2026-06-17/customers_190127379217.parquet -> /tmp/minio_downloads/customers_190127379217.parquet
[2026-07-04T14:11:27.992+0000] {logging_mixin.py:188} INFO - Downloaded customers/date=2026-06-17/customers_190127480731.parquet -> /tmp/minio_downloads/customers_190127480731.parquet
[2026-07-04T14:11:28.021+0000] {logging_mixin.py:188} INFO - Downloaded customers/date=2026-06-17/customers_190127588343.parquet -> /tmp/minio_downloads/customers_190127588343.parquet
[2026-07-04T14:11:28.049+0000] {logging_mixin.py:188} INFO - Downloaded customers/date=2026-06-17/customers_190127655023.parquet -> /tmp/minio_downloads/customers_190127655023.parquet
[2026-07-04T14:11:28.079+0000] {logging_mixin.py:188} INFO - Downloaded customers/date=2026-06-17/customers_190127718661.parquet -> /tmp/minio_downloads/customers_190127718661.parquet
[2026-07-04T14:11:28.108+0000] {logging_mixin.py:188} INFO - Downloaded customers/date=2026-06-17/customers_190127807503.parquet -> /tmp/minio_downloads/customers_190127807503.parquet
[2026-07-04T14:11:28.137+0000] {logging_mixin.py:188} INFO - Downloaded customers/date=2026-06-17/customers_190127875342.parquet -> /tmp/minio_downloads/customers_190127875342.parquet
[2026-07-04T14:11:28.163+0000] {logging_mixin.py:188} INFO - Downloaded customers/date=2026-06-17/customers_190127934037.parquet -> /tmp/minio_downloads/customers_190127934037.parquet
[2026-07-04T14:11:28.190+0000] {logging_mixin.py:188} INFO - Downloaded customers/date=2026-06-17/customers_190127986063.parquet -> /tmp/minio_downloads/customers_190127986063.parquet
[2026-07-04T14:11:28.216+0000] {logging_mixin.py:188} INFO - Downloaded customers/date=2026-06-17/customers_190128037403.parquet -> /tmp/minio_downloads/customers_190128037403.parquet
[2026-07-04T14:11:28.241+0000] {logging_mixin.py:188} INFO - Downloaded customers/date=2026-06-17/customers_190128094155.parquet -> /tmp/minio_downloads/customers_190128094155.parquet
[2026-07-04T14:11:28.267+0000] {logging_mixin.py:188} INFO - Downloaded customers/date=2026-06-17/customers_190128153350.parquet -> /tmp/minio_downloads/customers_190128153350.parquet
[2026-07-04T14:11:28.293+0000] {logging_mixin.py:188} INFO - Downloaded customers/date=2026-06-17/customers_190128208574.parquet -> /tmp/minio_downloads/customers_190128208574.parquet
[2026-07-04T14:11:28.319+0000] {logging_mixin.py:188} INFO - Downloaded customers/date=2026-06-17/customers_190128269321.parquet -> /tmp/minio_downloads/customers_190128269321.parquet
[2026-07-04T14:11:28.345+0000] {logging_mixin.py:188} INFO - Downloaded customers/date=2026-06-17/customers_190128431709.parquet -> /tmp/minio_downloads/customers_190128431709.parquet
[2026-07-04T14:11:28.370+0000] {logging_mixin.py:188} INFO - Downloaded customers/date=2026-06-17/customers_190128531915.parquet -> /tmp/minio_downloads/customers_190128531915.parquet
[2026-07-04T14:11:28.396+0000] {logging_mixin.py:188} INFO - Downloaded customers/date=2026-06-17/customers_190128627723.parquet -> /tmp/minio_downloads/customers_190128627723.parquet
[2026-07-04T14:11:28.422+0000] {logging_mixin.py:188} INFO - Downloaded customers/date=2026-06-17/customers_190128728340.parquet -> /tmp/minio_downloads/customers_190128728340.parquet
[2026-07-04T14:11:28.450+0000] {logging_mixin.py:188} INFO - Downloaded customers/date=2026-06-17/customers_190128798458.parquet -> /tmp/minio_downloads/customers_190128798458.parquet
[2026-07-04T14:11:28.475+0000] {logging_mixin.py:188} INFO - Downloaded customers/date=2026-06-17/customers_190128859676.parquet -> /tmp/minio_downloads/customers_190128859676.parquet
[2026-07-04T14:11:28.502+0000] {logging_mixin.py:188} INFO - Downloaded customers/date=2026-06-17/customers_190128933072.parquet -> /tmp/minio_downloads/customers_190128933072.parquet
[2026-07-04T14:11:28.527+0000] {logging_mixin.py:188} INFO - Downloaded customers/date=2026-06-17/customers_190129009410.parquet -> /tmp/minio_downloads/customers_190129009410.parquet
[2026-07-04T14:11:28.553+0000] {logging_mixin.py:188} INFO - Downloaded customers/date=2026-06-17/customers_190129066318.parquet -> /tmp/minio_downloads/customers_190129066318.parquet
[2026-07-04T14:11:28.581+0000] {logging_mixin.py:188} INFO - Downloaded customers/date=2026-06-17/customers_190129134200.parquet -> /tmp/minio_downloads/customers_190129134200.parquet
[2026-07-04T14:11:28.610+0000] {logging_mixin.py:188} INFO - Downloaded customers/date=2026-06-17/customers_190129228717.parquet -> /tmp/minio_downloads/customers_190129228717.parquet
[2026-07-04T14:11:28.639+0000] {logging_mixin.py:188} INFO - Downloaded customers/date=2026-06-17/customers_190129346180.parquet -> /tmp/minio_downloads/customers_190129346180.parquet
[2026-07-04T14:11:28.667+0000] {logging_mixin.py:188} INFO - Downloaded customers/date=2026-06-17/customers_190129451553.parquet -> /tmp/minio_downloads/customers_190129451553.parquet
[2026-07-04T14:11:28.695+0000] {logging_mixin.py:188} INFO - Downloaded customers/date=2026-06-17/customers_190129526392.parquet -> /tmp/minio_downloads/customers_190129526392.parquet
[2026-07-04T14:11:28.721+0000] {logging_mixin.py:188} INFO - Downloaded customers/date=2026-06-17/customers_190129605212.parquet -> /tmp/minio_downloads/customers_190129605212.parquet
[2026-07-04T14:11:28.748+0000] {logging_mixin.py:188} INFO - Downloaded customers/date=2026-06-17/customers_190129695196.parquet -> /tmp/minio_downloads/customers_190129695196.parquet
[2026-07-04T14:11:28.772+0000] {logging_mixin.py:188} INFO - Downloaded customers/date=2026-06-17/customers_190129776918.parquet -> /tmp/minio_downloads/customers_190129776918.parquet
[2026-07-04T14:11:28.796+0000] {logging_mixin.py:188} INFO - Downloaded customers/date=2026-06-17/customers_190129832175.parquet -> /tmp/minio_downloads/customers_190129832175.parquet
[2026-07-04T14:11:28.823+0000] {logging_mixin.py:188} INFO - Downloaded customers/date=2026-06-17/customers_190129890474.parquet -> /tmp/minio_downloads/customers_190129890474.parquet
[2026-07-04T14:11:28.849+0000] {logging_mixin.py:188} INFO - Downloaded customers/date=2026-06-17/customers_190129953507.parquet -> /tmp/minio_downloads/customers_190129953507.parquet
[2026-07-04T14:11:28.874+0000] {logging_mixin.py:188} INFO - Downloaded customers/date=2026-06-17/customers_190130013760.parquet -> /tmp/minio_downloads/customers_190130013760.parquet
[2026-07-04T14:11:28.899+0000] {logging_mixin.py:188} INFO - Downloaded customers/date=2026-06-17/customers_190130073802.parquet -> /tmp/minio_downloads/customers_190130073802.parquet
[2026-07-04T14:11:28.924+0000] {logging_mixin.py:188} INFO - Downloaded customers/date=2026-06-17/customers_190130138955.parquet -> /tmp/minio_downloads/customers_190130138955.parquet
[2026-07-04T14:11:28.950+0000] {logging_mixin.py:188} INFO - Downloaded customers/date=2026-06-17/customers_190130228190.parquet -> /tmp/minio_downloads/customers_190130228190.parquet
[2026-07-04T14:11:28.973+0000] {logging_mixin.py:188} INFO - Downloaded customers/date=2026-06-17/customers_190130320235.parquet -> /tmp/minio_downloads/customers_190130320235.parquet
[2026-07-04T14:11:28.999+0000] {logging_mixin.py:188} INFO - Downloaded customers/date=2026-06-17/customers_190130463414.parquet -> /tmp/minio_downloads/customers_190130463414.parquet
[2026-07-04T14:11:29.023+0000] {logging_mixin.py:188} INFO - Downloaded customers/date=2026-06-17/customers_190130642884.parquet -> /tmp/minio_downloads/customers_190130642884.parquet
[2026-07-04T14:11:29.045+0000] {logging_mixin.py:188} INFO - Downloaded customers/date=2026-06-17/customers_190130717184.parquet -> /tmp/minio_downloads/customers_190130717184.parquet
[2026-07-04T14:11:29.069+0000] {logging_mixin.py:188} INFO - Downloaded customers/date=2026-06-17/customers_190130808820.parquet -> /tmp/minio_downloads/customers_190130808820.parquet
[2026-07-04T14:11:29.092+0000] {logging_mixin.py:188} INFO - Downloaded customers/date=2026-06-17/customers_190130916199.parquet -> /tmp/minio_downloads/customers_190130916199.parquet
[2026-07-04T14:11:29.115+0000] {logging_mixin.py:188} INFO - Downloaded customers/date=2026-06-17/customers_190131003963.parquet -> /tmp/minio_downloads/customers_190131003963.parquet
[2026-07-04T14:11:29.139+0000] {logging_mixin.py:188} INFO - Downloaded customers/date=2026-06-17/customers_190131072490.parquet -> /tmp/minio_downloads/customers_190131072490.parquet
[2026-07-04T14:11:29.162+0000] {logging_mixin.py:188} INFO - Downloaded customers/date=2026-06-17/customers_190131132290.parquet -> /tmp/minio_downloads/customers_190131132290.parquet
[2026-07-04T14:11:29.186+0000] {logging_mixin.py:188} INFO - Downloaded customers/date=2026-06-17/customers_190131197231.parquet -> /tmp/minio_downloads/customers_190131197231.parquet
[2026-07-04T14:11:29.209+0000] {logging_mixin.py:188} INFO - Downloaded customers/date=2026-06-17/customers_190131284048.parquet -> /tmp/minio_downloads/customers_190131284048.parquet
[2026-07-04T14:11:29.234+0000] {logging_mixin.py:188} INFO - Downloaded customers/date=2026-06-17/customers_190131351632.parquet -> /tmp/minio_downloads/customers_190131351632.parquet
[2026-07-04T14:11:29.258+0000] {logging_mixin.py:188} INFO - Downloaded customers/date=2026-06-17/customers_190131412820.parquet -> /tmp/minio_downloads/customers_190131412820.parquet
[2026-07-04T14:11:29.283+0000] {logging_mixin.py:188} INFO - Downloaded customers/date=2026-06-17/customers_190131477522.parquet -> /tmp/minio_downloads/customers_190131477522.parquet
[2026-07-04T14:11:29.308+0000] {logging_mixin.py:188} INFO - Downloaded customers/date=2026-06-17/customers_190131556821.parquet -> /tmp/minio_downloads/customers_190131556821.parquet
[2026-07-04T14:11:29.334+0000] {logging_mixin.py:188} INFO - Downloaded customers/date=2026-06-17/customers_190131630829.parquet -> /tmp/minio_downloads/customers_190131630829.parquet
[2026-07-04T14:11:29.360+0000] {logging_mixin.py:188} INFO - Downloaded customers/date=2026-06-17/customers_190131759153.parquet -> /tmp/minio_downloads/customers_190131759153.parquet
[2026-07-04T14:11:29.386+0000] {logging_mixin.py:188} INFO - Downloaded customers/date=2026-06-17/customers_190131874052.parquet -> /tmp/minio_downloads/customers_190131874052.parquet
[2026-07-04T14:11:29.412+0000] {logging_mixin.py:188} INFO - Downloaded customers/date=2026-06-17/customers_190131957224.parquet -> /tmp/minio_downloads/customers_190131957224.parquet
[2026-07-04T14:11:29.447+0000] {logging_mixin.py:188} INFO - Downloaded customers/date=2026-06-17/customers_190132020731.parquet -> /tmp/minio_downloads/customers_190132020731.parquet
[2026-07-04T14:11:29.480+0000] {logging_mixin.py:188} INFO - Downloaded customers/date=2026-06-17/customers_190132095530.parquet -> /tmp/minio_downloads/customers_190132095530.parquet
[2026-07-04T14:11:29.511+0000] {logging_mixin.py:188} INFO - Downloaded customers/date=2026-06-17/customers_190132190842.parquet -> /tmp/minio_downloads/customers_190132190842.parquet
[2026-07-04T14:11:29.543+0000] {logging_mixin.py:188} INFO - Downloaded customers/date=2026-06-17/customers_190132257908.parquet -> /tmp/minio_downloads/customers_190132257908.parquet
[2026-07-04T14:11:29.574+0000] {logging_mixin.py:188} INFO - Downloaded customers/date=2026-06-17/customers_190132336735.parquet -> /tmp/minio_downloads/customers_190132336735.parquet
[2026-07-04T14:11:29.605+0000] {logging_mixin.py:188} INFO - Downloaded customers/date=2026-06-17/customers_190132397476.parquet -> /tmp/minio_downloads/customers_190132397476.parquet
[2026-07-04T14:11:29.630+0000] {logging_mixin.py:188} INFO - Downloaded customers/date=2026-06-17/customers_190132457332.parquet -> /tmp/minio_downloads/customers_190132457332.parquet
[2026-07-04T14:11:29.655+0000] {logging_mixin.py:188} INFO - Downloaded customers/date=2026-06-17/customers_190132511945.parquet -> /tmp/minio_downloads/customers_190132511945.parquet
[2026-07-04T14:11:29.682+0000] {logging_mixin.py:188} INFO - Downloaded customers/date=2026-06-17/customers_190132569070.parquet -> /tmp/minio_downloads/customers_190132569070.parquet
[2026-07-04T14:11:29.709+0000] {logging_mixin.py:188} INFO - Downloaded customers/date=2026-06-17/customers_190132629049.parquet -> /tmp/minio_downloads/customers_190132629049.parquet
[2026-07-04T14:11:29.733+0000] {logging_mixin.py:188} INFO - Downloaded customers/date=2026-06-17/customers_190132688276.parquet -> /tmp/minio_downloads/customers_190132688276.parquet
[2026-07-04T14:11:29.757+0000] {logging_mixin.py:188} INFO - Downloaded customers/date=2026-06-17/customers_190132778792.parquet -> /tmp/minio_downloads/customers_190132778792.parquet
[2026-07-04T14:11:29.781+0000] {logging_mixin.py:188} INFO - Downloaded customers/date=2026-06-17/customers_190132897929.parquet -> /tmp/minio_downloads/customers_190132897929.parquet
[2026-07-04T14:11:29.804+0000] {logging_mixin.py:188} INFO - Downloaded customers/date=2026-06-17/customers_190132989487.parquet -> /tmp/minio_downloads/customers_190132989487.parquet
[2026-07-04T14:11:29.827+0000] {logging_mixin.py:188} INFO - Downloaded customers/date=2026-06-17/customers_190133056824.parquet -> /tmp/minio_downloads/customers_190133056824.parquet
[2026-07-04T14:11:29.850+0000] {logging_mixin.py:188} INFO - Downloaded customers/date=2026-06-17/customers_190133121817.parquet -> /tmp/minio_downloads/customers_190133121817.parquet
[2026-07-04T14:11:29.873+0000] {logging_mixin.py:188} INFO - Downloaded customers/date=2026-06-17/customers_190133207008.parquet -> /tmp/minio_downloads/customers_190133207008.parquet
[2026-07-04T14:11:29.897+0000] {logging_mixin.py:188} INFO - Downloaded customers/date=2026-06-17/customers_190133294815.parquet -> /tmp/minio_downloads/customers_190133294815.parquet
[2026-07-04T14:11:29.921+0000] {logging_mixin.py:188} INFO - Downloaded customers/date=2026-06-17/customers_190133373555.parquet -> /tmp/minio_downloads/customers_190133373555.parquet
[2026-07-04T14:11:29.945+0000] {logging_mixin.py:188} INFO - Downloaded customers/date=2026-06-17/customers_190133435257.parquet -> /tmp/minio_downloads/customers_190133435257.parquet
[2026-07-04T14:11:29.968+0000] {logging_mixin.py:188} INFO - Downloaded customers/date=2026-06-17/customers_190133483896.parquet -> /tmp/minio_downloads/customers_190133483896.parquet
[2026-07-04T14:11:29.991+0000] {logging_mixin.py:188} INFO - Downloaded customers/date=2026-06-17/customers_190133536221.parquet -> /tmp/minio_downloads/customers_190133536221.parquet
[2026-07-04T14:11:30.015+0000] {logging_mixin.py:188} INFO - Downloaded customers/date=2026-06-17/customers_190133607984.parquet -> /tmp/minio_downloads/customers_190133607984.parquet
[2026-07-04T14:11:30.038+0000] {logging_mixin.py:188} INFO - Downloaded customers/date=2026-06-17/customers_190133687814.parquet -> /tmp/minio_downloads/customers_190133687814.parquet
[2026-07-04T14:11:30.062+0000] {logging_mixin.py:188} INFO - Downloaded customers/date=2026-06-17/customers_190133755829.parquet -> /tmp/minio_downloads/customers_190133755829.parquet
[2026-07-04T14:11:30.087+0000] {logging_mixin.py:188} INFO - Downloaded customers/date=2026-06-17/customers_190133820634.parquet -> /tmp/minio_downloads/customers_190133820634.parquet
[2026-07-04T14:11:30.112+0000] {logging_mixin.py:188} INFO - Downloaded customers/date=2026-06-17/customers_190133887302.parquet -> /tmp/minio_downloads/customers_190133887302.parquet
[2026-07-04T14:11:30.140+0000] {logging_mixin.py:188} INFO - Downloaded customers/date=2026-06-17/customers_190133997058.parquet -> /tmp/minio_downloads/customers_190133997058.parquet
[2026-07-04T14:11:30.165+0000] {logging_mixin.py:188} INFO - Downloaded customers/date=2026-06-17/customers_190134107120.parquet -> /tmp/minio_downloads/customers_190134107120.parquet
[2026-07-04T14:11:30.191+0000] {logging_mixin.py:188} INFO - Downloaded customers/date=2026-06-17/customers_190134177669.parquet -> /tmp/minio_downloads/customers_190134177669.parquet
[2026-07-04T14:11:30.218+0000] {logging_mixin.py:188} INFO - Downloaded customers/date=2026-06-17/customers_190134250035.parquet -> /tmp/minio_downloads/customers_190134250035.parquet
[2026-07-04T14:11:30.245+0000] {logging_mixin.py:188} INFO - Downloaded customers/date=2026-06-17/customers_190134360713.parquet -> /tmp/minio_downloads/customers_190134360713.parquet
[2026-07-04T14:11:30.271+0000] {logging_mixin.py:188} INFO - Downloaded customers/date=2026-06-17/customers_190134433874.parquet -> /tmp/minio_downloads/customers_190134433874.parquet
[2026-07-04T14:11:30.293+0000] {logging_mixin.py:188} INFO - Downloaded customers/date=2026-06-17/customers_190134494634.parquet -> /tmp/minio_downloads/customers_190134494634.parquet
[2026-07-04T14:11:30.319+0000] {logging_mixin.py:188} INFO - Downloaded customers/date=2026-06-17/customers_190134552884.parquet -> /tmp/minio_downloads/customers_190134552884.parquet
[2026-07-04T14:11:30.343+0000] {logging_mixin.py:188} INFO - Downloaded customers/date=2026-06-17/customers_190134677072.parquet -> /tmp/minio_downloads/customers_190134677072.parquet
[2026-07-04T14:11:30.367+0000] {logging_mixin.py:188} INFO - Downloaded customers/date=2026-06-17/customers_190134754871.parquet -> /tmp/minio_downloads/customers_190134754871.parquet
[2026-07-04T14:11:30.391+0000] {logging_mixin.py:188} INFO - Downloaded customers/date=2026-06-17/customers_190134813898.parquet -> /tmp/minio_downloads/customers_190134813898.parquet
[2026-07-04T14:11:30.417+0000] {logging_mixin.py:188} INFO - Downloaded customers/date=2026-06-17/customers_190134868592.parquet -> /tmp/minio_downloads/customers_190134868592.parquet
[2026-07-04T14:11:30.443+0000] {logging_mixin.py:188} INFO - Downloaded customers/date=2026-06-17/customers_190134926130.parquet -> /tmp/minio_downloads/customers_190134926130.parquet
[2026-07-04T14:11:30.468+0000] {logging_mixin.py:188} INFO - Downloaded customers/date=2026-06-17/customers_190134999617.parquet -> /tmp/minio_downloads/customers_190134999617.parquet
[2026-07-04T14:11:30.496+0000] {logging_mixin.py:188} INFO - Downloaded customers/date=2026-06-17/customers_190135107340.parquet -> /tmp/minio_downloads/customers_190135107340.parquet
[2026-07-04T14:11:30.522+0000] {logging_mixin.py:188} INFO - Downloaded customers/date=2026-06-17/customers_190135172475.parquet -> /tmp/minio_downloads/customers_190135172475.parquet
[2026-07-04T14:11:30.547+0000] {logging_mixin.py:188} INFO - Downloaded customers/date=2026-06-17/customers_190135244286.parquet -> /tmp/minio_downloads/customers_190135244286.parquet
[2026-07-04T14:11:30.571+0000] {logging_mixin.py:188} INFO - Downloaded customers/date=2026-06-17/customers_190135325711.parquet -> /tmp/minio_downloads/customers_190135325711.parquet
[2026-07-04T14:11:30.596+0000] {logging_mixin.py:188} INFO - Downloaded customers/date=2026-06-17/customers_190135429417.parquet -> /tmp/minio_downloads/customers_190135429417.parquet
[2026-07-04T14:11:30.623+0000] {logging_mixin.py:188} INFO - Downloaded customers/date=2026-06-17/customers_190135510140.parquet -> /tmp/minio_downloads/customers_190135510140.parquet
[2026-07-04T14:11:30.648+0000] {logging_mixin.py:188} INFO - Downloaded customers/date=2026-06-17/customers_190135568172.parquet -> /tmp/minio_downloads/customers_190135568172.parquet
[2026-07-04T14:11:30.671+0000] {logging_mixin.py:188} INFO - Downloaded customers/date=2026-06-17/customers_190135623504.parquet -> /tmp/minio_downloads/customers_190135623504.parquet
[2026-07-04T14:11:30.698+0000] {logging_mixin.py:188} INFO - Downloaded customers/date=2026-06-17/customers_190135674345.parquet -> /tmp/minio_downloads/customers_190135674345.parquet
[2026-07-04T14:11:30.725+0000] {logging_mixin.py:188} INFO - Downloaded customers/date=2026-06-17/customers_190135739430.parquet -> /tmp/minio_downloads/customers_190135739430.parquet
[2026-07-04T14:11:30.755+0000] {logging_mixin.py:188} INFO - Downloaded customers/date=2026-06-17/customers_190135807360.parquet -> /tmp/minio_downloads/customers_190135807360.parquet
[2026-07-04T14:11:30.787+0000] {logging_mixin.py:188} INFO - Downloaded customers/date=2026-06-17/customers_190135888235.parquet -> /tmp/minio_downloads/customers_190135888235.parquet
[2026-07-04T14:11:30.819+0000] {logging_mixin.py:188} INFO - Downloaded customers/date=2026-06-17/customers_190135947589.parquet -> /tmp/minio_downloads/customers_190135947589.parquet
[2026-07-04T14:11:30.851+0000] {logging_mixin.py:188} INFO - Downloaded customers/date=2026-06-17/customers_190135998103.parquet -> /tmp/minio_downloads/customers_190135998103.parquet
[2026-07-04T14:11:30.880+0000] {logging_mixin.py:188} INFO - Downloaded customers/date=2026-06-17/customers_190136061849.parquet -> /tmp/minio_downloads/customers_190136061849.parquet
[2026-07-04T14:11:30.909+0000] {logging_mixin.py:188} INFO - Downloaded customers/date=2026-06-17/customers_190136167996.parquet -> /tmp/minio_downloads/customers_190136167996.parquet
[2026-07-04T14:11:30.939+0000] {logging_mixin.py:188} INFO - Downloaded customers/date=2026-06-17/customers_190136257354.parquet -> /tmp/minio_downloads/customers_190136257354.parquet
[2026-07-04T14:11:30.968+0000] {logging_mixin.py:188} INFO - Downloaded customers/date=2026-06-17/customers_190136337224.parquet -> /tmp/minio_downloads/customers_190136337224.parquet
[2026-07-04T14:11:30.996+0000] {logging_mixin.py:188} INFO - Downloaded customers/date=2026-06-17/customers_190136431571.parquet -> /tmp/minio_downloads/customers_190136431571.parquet
[2026-07-04T14:11:31.024+0000] {logging_mixin.py:188} INFO - Downloaded customers/date=2026-06-17/customers_190136503854.parquet -> /tmp/minio_downloads/customers_190136503854.parquet
[2026-07-04T14:11:31.054+0000] {logging_mixin.py:188} INFO - Downloaded customers/date=2026-06-17/customers_190136560538.parquet -> /tmp/minio_downloads/customers_190136560538.parquet
[2026-07-04T14:11:31.097+0000] {logging_mixin.py:188} INFO - Downloaded customers/date=2026-06-17/customers_190136621534.parquet -> /tmp/minio_downloads/customers_190136621534.parquet
[2026-07-04T14:11:31.135+0000] {logging_mixin.py:188} INFO - Downloaded customers/date=2026-06-17/customers_190136680399.parquet -> /tmp/minio_downloads/customers_190136680399.parquet
[2026-07-04T14:11:31.172+0000] {logging_mixin.py:188} INFO - Downloaded customers/date=2026-06-17/customers_190136741933.parquet -> /tmp/minio_downloads/customers_190136741933.parquet
[2026-07-04T14:11:31.212+0000] {logging_mixin.py:188} INFO - Downloaded customers/date=2026-06-17/customers_190136820157.parquet -> /tmp/minio_downloads/customers_190136820157.parquet
[2026-07-04T14:11:31.248+0000] {logging_mixin.py:188} INFO - Downloaded customers/date=2026-06-17/customers_190136887851.parquet -> /tmp/minio_downloads/customers_190136887851.parquet
[2026-07-04T14:11:31.282+0000] {logging_mixin.py:188} INFO - Downloaded customers/date=2026-06-17/customers_190136946066.parquet -> /tmp/minio_downloads/customers_190136946066.parquet
[2026-07-04T14:11:31.316+0000] {logging_mixin.py:188} INFO - Downloaded customers/date=2026-06-17/customers_190137004434.parquet -> /tmp/minio_downloads/customers_190137004434.parquet
[2026-07-04T14:11:31.349+0000] {logging_mixin.py:188} INFO - Downloaded customers/date=2026-06-17/customers_190137101677.parquet -> /tmp/minio_downloads/customers_190137101677.parquet
[2026-07-04T14:11:31.387+0000] {logging_mixin.py:188} INFO - Downloaded customers/date=2026-06-17/customers_190137255608.parquet -> /tmp/minio_downloads/customers_190137255608.parquet
[2026-07-04T14:11:31.422+0000] {logging_mixin.py:188} INFO - Downloaded customers/date=2026-06-17/customers_190137346229.parquet -> /tmp/minio_downloads/customers_190137346229.parquet
[2026-07-04T14:11:31.460+0000] {logging_mixin.py:188} INFO - Downloaded customers/date=2026-06-17/customers_190137423200.parquet -> /tmp/minio_downloads/customers_190137423200.parquet
[2026-07-04T14:11:31.498+0000] {logging_mixin.py:188} INFO - Downloaded customers/date=2026-06-17/customers_190137525213.parquet -> /tmp/minio_downloads/customers_190137525213.parquet
[2026-07-04T14:11:31.534+0000] {logging_mixin.py:188} INFO - Downloaded customers/date=2026-06-17/customers_190137610662.parquet -> /tmp/minio_downloads/customers_190137610662.parquet
[2026-07-04T14:11:31.565+0000] {logging_mixin.py:188} INFO - Downloaded customers/date=2026-06-17/customers_190137678559.parquet -> /tmp/minio_downloads/customers_190137678559.parquet
[2026-07-04T14:11:31.597+0000] {logging_mixin.py:188} INFO - Downloaded customers/date=2026-06-17/customers_190137736461.parquet -> /tmp/minio_downloads/customers_190137736461.parquet
[2026-07-04T14:11:31.631+0000] {logging_mixin.py:188} INFO - Downloaded customers/date=2026-06-17/customers_190137787947.parquet -> /tmp/minio_downloads/customers_190137787947.parquet
[2026-07-04T14:11:31.666+0000] {logging_mixin.py:188} INFO - Downloaded customers/date=2026-06-17/customers_190137839219.parquet -> /tmp/minio_downloads/customers_190137839219.parquet
[2026-07-04T14:11:31.701+0000] {logging_mixin.py:188} INFO - Downloaded customers/date=2026-06-17/customers_190137888382.parquet -> /tmp/minio_downloads/customers_190137888382.parquet
[2026-07-04T14:11:31.737+0000] {logging_mixin.py:188} INFO - Downloaded customers/date=2026-06-17/customers_190137935832.parquet -> /tmp/minio_downloads/customers_190137935832.parquet
[2026-07-04T14:11:31.771+0000] {logging_mixin.py:188} INFO - Downloaded customers/date=2026-06-17/customers_190137986486.parquet -> /tmp/minio_downloads/customers_190137986486.parquet
[2026-07-04T14:11:31.805+0000] {logging_mixin.py:188} INFO - Downloaded customers/date=2026-06-17/customers_190138038505.parquet -> /tmp/minio_downloads/customers_190138038505.parquet
[2026-07-04T14:11:31.838+0000] {logging_mixin.py:188} INFO - Downloaded customers/date=2026-06-17/customers_190138107616.parquet -> /tmp/minio_downloads/customers_190138107616.parquet
[2026-07-04T14:11:31.870+0000] {logging_mixin.py:188} INFO - Downloaded customers/date=2026-06-17/customers_190138169555.parquet -> /tmp/minio_downloads/customers_190138169555.parquet
[2026-07-04T14:11:31.900+0000] {logging_mixin.py:188} INFO - Downloaded customers/date=2026-06-17/customers_190138226465.parquet -> /tmp/minio_downloads/customers_190138226465.parquet
[2026-07-04T14:11:31.931+0000] {logging_mixin.py:188} INFO - Downloaded customers/date=2026-06-17/customers_190138304921.parquet -> /tmp/minio_downloads/customers_190138304921.parquet
[2026-07-04T14:11:31.964+0000] {logging_mixin.py:188} INFO - Downloaded customers/date=2026-06-17/customers_190138364174.parquet -> /tmp/minio_downloads/customers_190138364174.parquet
[2026-07-04T14:11:31.999+0000] {logging_mixin.py:188} INFO - Downloaded customers/date=2026-06-17/customers_190138432863.parquet -> /tmp/minio_downloads/customers_190138432863.parquet
[2026-07-04T14:11:32.031+0000] {logging_mixin.py:188} INFO - Downloaded customers/date=2026-06-17/customers_190138495682.parquet -> /tmp/minio_downloads/customers_190138495682.parquet
[2026-07-04T14:11:32.063+0000] {logging_mixin.py:188} INFO - Downloaded customers/date=2026-06-17/customers_190138578969.parquet -> /tmp/minio_downloads/customers_190138578969.parquet
[2026-07-04T14:11:32.097+0000] {logging_mixin.py:188} INFO - Downloaded customers/date=2026-06-17/customers_190138651839.parquet -> /tmp/minio_downloads/customers_190138651839.parquet
[2026-07-04T14:11:32.129+0000] {logging_mixin.py:188} INFO - Downloaded customers/date=2026-06-17/customers_190138721874.parquet -> /tmp/minio_downloads/customers_190138721874.parquet
[2026-07-04T14:11:32.161+0000] {logging_mixin.py:188} INFO - Downloaded customers/date=2026-06-17/customers_190138789535.parquet -> /tmp/minio_downloads/customers_190138789535.parquet
[2026-07-04T14:11:32.191+0000] {logging_mixin.py:188} INFO - Downloaded customers/date=2026-06-17/customers_190138845434.parquet -> /tmp/minio_downloads/customers_190138845434.parquet
[2026-07-04T14:11:32.222+0000] {logging_mixin.py:188} INFO - Downloaded customers/date=2026-06-17/customers_190138905662.parquet -> /tmp/minio_downloads/customers_190138905662.parquet
[2026-07-04T14:11:32.251+0000] {logging_mixin.py:188} INFO - Downloaded customers/date=2026-06-17/customers_190138968687.parquet -> /tmp/minio_downloads/customers_190138968687.parquet
[2026-07-04T14:11:32.282+0000] {logging_mixin.py:188} INFO - Downloaded customers/date=2026-06-17/customers_190139031810.parquet -> /tmp/minio_downloads/customers_190139031810.parquet
[2026-07-04T14:11:32.312+0000] {logging_mixin.py:188} INFO - Downloaded customers/date=2026-06-17/customers_190139087380.parquet -> /tmp/minio_downloads/customers_190139087380.parquet
[2026-07-04T14:11:32.340+0000] {logging_mixin.py:188} INFO - Downloaded customers/date=2026-06-17/customers_190139142629.parquet -> /tmp/minio_downloads/customers_190139142629.parquet
[2026-07-04T14:11:32.369+0000] {logging_mixin.py:188} INFO - Downloaded customers/date=2026-06-17/customers_190139224460.parquet -> /tmp/minio_downloads/customers_190139224460.parquet
[2026-07-04T14:11:32.398+0000] {logging_mixin.py:188} INFO - Downloaded customers/date=2026-06-17/customers_190139336847.parquet -> /tmp/minio_downloads/customers_190139336847.parquet
[2026-07-04T14:11:32.427+0000] {logging_mixin.py:188} INFO - Downloaded customers/date=2026-06-17/customers_190139446805.parquet -> /tmp/minio_downloads/customers_190139446805.parquet
[2026-07-04T14:11:32.457+0000] {logging_mixin.py:188} INFO - Downloaded customers/date=2026-06-17/customers_190139537292.parquet -> /tmp/minio_downloads/customers_190139537292.parquet
[2026-07-04T14:11:32.487+0000] {logging_mixin.py:188} INFO - Downloaded customers/date=2026-06-17/customers_190139614237.parquet -> /tmp/minio_downloads/customers_190139614237.parquet
[2026-07-04T14:11:32.518+0000] {logging_mixin.py:188} INFO - Downloaded customers/date=2026-06-17/customers_190139685084.parquet -> /tmp/minio_downloads/customers_190139685084.parquet
[2026-07-04T14:11:32.548+0000] {logging_mixin.py:188} INFO - Downloaded customers/date=2026-06-17/customers_190139752979.parquet -> /tmp/minio_downloads/customers_190139752979.parquet
[2026-07-04T14:11:32.577+0000] {logging_mixin.py:188} INFO - Downloaded customers/date=2026-06-17/customers_190139809536.parquet -> /tmp/minio_downloads/customers_190139809536.parquet
[2026-07-04T14:11:32.608+0000] {logging_mixin.py:188} INFO - Downloaded customers/date=2026-06-17/customers_190139865207.parquet -> /tmp/minio_downloads/customers_190139865207.parquet
[2026-07-04T14:11:32.638+0000] {logging_mixin.py:188} INFO - Downloaded customers/date=2026-06-17/customers_190139920838.parquet -> /tmp/minio_downloads/customers_190139920838.parquet
[2026-07-04T14:11:32.668+0000] {logging_mixin.py:188} INFO - Downloaded customers/date=2026-06-17/customers_190140018171.parquet -> /tmp/minio_downloads/customers_190140018171.parquet
[2026-07-04T14:11:32.700+0000] {logging_mixin.py:188} INFO - Downloaded customers/date=2026-06-17/customers_190140106906.parquet -> /tmp/minio_downloads/customers_190140106906.parquet
[2026-07-04T14:11:32.732+0000] {logging_mixin.py:188} INFO - Downloaded customers/date=2026-06-17/customers_190140180645.parquet -> /tmp/minio_downloads/customers_190140180645.parquet
[2026-07-04T14:11:32.763+0000] {logging_mixin.py:188} INFO - Downloaded customers/date=2026-06-17/customers_190140245926.parquet -> /tmp/minio_downloads/customers_190140245926.parquet
[2026-07-04T14:11:32.794+0000] {logging_mixin.py:188} INFO - Downloaded customers/date=2026-06-17/customers_190140303625.parquet -> /tmp/minio_downloads/customers_190140303625.parquet
[2026-07-04T14:11:32.824+0000] {logging_mixin.py:188} INFO - Downloaded customers/date=2026-06-17/customers_190140373289.parquet -> /tmp/minio_downloads/customers_190140373289.parquet
[2026-07-04T14:11:32.852+0000] {logging_mixin.py:188} INFO - Downloaded customers/date=2026-06-17/customers_190140482555.parquet -> /tmp/minio_downloads/customers_190140482555.parquet
[2026-07-04T14:11:32.884+0000] {logging_mixin.py:188} INFO - Downloaded customers/date=2026-06-17/customers_190140574962.parquet -> /tmp/minio_downloads/customers_190140574962.parquet
[2026-07-04T14:11:32.921+0000] {logging_mixin.py:188} INFO - Downloaded customers/date=2026-06-17/customers_190140645381.parquet -> /tmp/minio_downloads/customers_190140645381.parquet
[2026-07-04T14:11:32.958+0000] {logging_mixin.py:188} INFO - Downloaded customers/date=2026-06-17/customers_190140714886.parquet -> /tmp/minio_downloads/customers_190140714886.parquet
[2026-07-04T14:11:32.994+0000] {logging_mixin.py:188} INFO - Downloaded customers/date=2026-06-17/customers_190140792916.parquet -> /tmp/minio_downloads/customers_190140792916.parquet
[2026-07-04T14:11:33.028+0000] {logging_mixin.py:188} INFO - Downloaded customers/date=2026-06-17/customers_190140855292.parquet -> /tmp/minio_downloads/customers_190140855292.parquet
[2026-07-04T14:11:33.060+0000] {logging_mixin.py:188} INFO - Downloaded customers/date=2026-06-17/customers_190140915544.parquet -> /tmp/minio_downloads/customers_190140915544.parquet
[2026-07-04T14:11:33.092+0000] {logging_mixin.py:188} INFO - Downloaded customers/date=2026-06-17/customers_190140970565.parquet -> /tmp/minio_downloads/customers_190140970565.parquet
[2026-07-04T14:11:33.123+0000] {logging_mixin.py:188} INFO - Downloaded customers/date=2026-06-17/customers_190141025800.parquet -> /tmp/minio_downloads/customers_190141025800.parquet
[2026-07-04T14:11:33.153+0000] {logging_mixin.py:188} INFO - Downloaded customers/date=2026-06-17/customers_190141085798.parquet -> /tmp/minio_downloads/customers_190141085798.parquet
[2026-07-04T14:11:33.182+0000] {logging_mixin.py:188} INFO - Downloaded customers/date=2026-06-17/customers_190141143360.parquet -> /tmp/minio_downloads/customers_190141143360.parquet
[2026-07-04T14:11:33.212+0000] {logging_mixin.py:188} INFO - Downloaded customers/date=2026-06-17/customers_190141207606.parquet -> /tmp/minio_downloads/customers_190141207606.parquet
[2026-07-04T14:11:33.242+0000] {logging_mixin.py:188} INFO - Downloaded customers/date=2026-06-17/customers_190141272924.parquet -> /tmp/minio_downloads/customers_190141272924.parquet
[2026-07-04T14:11:33.272+0000] {logging_mixin.py:188} INFO - Downloaded customers/date=2026-06-17/customers_190141331653.parquet -> /tmp/minio_downloads/customers_190141331653.parquet
[2026-07-04T14:11:33.302+0000] {logging_mixin.py:188} INFO - Downloaded customers/date=2026-06-17/customers_190141384064.parquet -> /tmp/minio_downloads/customers_190141384064.parquet
[2026-07-04T14:11:33.331+0000] {logging_mixin.py:188} INFO - Downloaded customers/date=2026-06-17/customers_190141452758.parquet -> /tmp/minio_downloads/customers_190141452758.parquet
[2026-07-04T14:11:33.361+0000] {logging_mixin.py:188} INFO - Downloaded customers/date=2026-06-17/customers_190141523955.parquet -> /tmp/minio_downloads/customers_190141523955.parquet
[2026-07-04T14:11:33.389+0000] {logging_mixin.py:188} INFO - Downloaded customers/date=2026-06-17/customers_190141601091.parquet -> /tmp/minio_downloads/customers_190141601091.parquet
[2026-07-04T14:11:33.415+0000] {logging_mixin.py:188} INFO - Downloaded customers/date=2026-06-17/customers_190141666860.parquet -> /tmp/minio_downloads/customers_190141666860.parquet
[2026-07-04T14:11:33.444+0000] {logging_mixin.py:188} INFO - Downloaded customers/date=2026-06-17/customers_190141734317.parquet -> /tmp/minio_downloads/customers_190141734317.parquet
[2026-07-04T14:11:33.470+0000] {logging_mixin.py:188} INFO - Downloaded customers/date=2026-06-17/customers_190141797223.parquet -> /tmp/minio_downloads/customers_190141797223.parquet
[2026-07-04T14:11:33.498+0000] {logging_mixin.py:188} INFO - Downloaded customers/date=2026-06-17/customers_190141855437.parquet -> /tmp/minio_downloads/customers_190141855437.parquet
[2026-07-04T14:11:33.524+0000] {logging_mixin.py:188} INFO - Downloaded customers/date=2026-06-17/customers_190141909809.parquet -> /tmp/minio_downloads/customers_190141909809.parquet
[2026-07-04T14:11:33.550+0000] {logging_mixin.py:188} INFO - Downloaded customers/date=2026-06-17/customers_190141963132.parquet -> /tmp/minio_downloads/customers_190141963132.parquet
[2026-07-04T14:11:33.574+0000] {logging_mixin.py:188} INFO - Downloaded customers/date=2026-06-17/customers_190142031820.parquet -> /tmp/minio_downloads/customers_190142031820.parquet
[2026-07-04T14:11:33.600+0000] {logging_mixin.py:188} INFO - Downloaded customers/date=2026-06-17/customers_190142133562.parquet -> /tmp/minio_downloads/customers_190142133562.parquet
[2026-07-04T14:11:33.626+0000] {logging_mixin.py:188} INFO - Downloaded customers/date=2026-06-17/customers_190142200156.parquet -> /tmp/minio_downloads/customers_190142200156.parquet
[2026-07-04T14:11:33.656+0000] {logging_mixin.py:188} INFO - Downloaded customers/date=2026-06-17/customers_190142276412.parquet -> /tmp/minio_downloads/customers_190142276412.parquet
[2026-07-04T14:11:33.682+0000] {logging_mixin.py:188} INFO - Downloaded customers/date=2026-06-17/customers_190142357783.parquet -> /tmp/minio_downloads/customers_190142357783.parquet
[2026-07-04T14:11:33.709+0000] {logging_mixin.py:188} INFO - Downloaded customers/date=2026-06-17/customers_190142437611.parquet -> /tmp/minio_downloads/customers_190142437611.parquet
[2026-07-04T14:11:33.733+0000] {logging_mixin.py:188} INFO - Downloaded customers/date=2026-06-17/customers_190142517058.parquet -> /tmp/minio_downloads/customers_190142517058.parquet
[2026-07-04T14:11:33.758+0000] {logging_mixin.py:188} INFO - Downloaded customers/date=2026-06-17/customers_190142591045.parquet -> /tmp/minio_downloads/customers_190142591045.parquet
[2026-07-04T14:11:33.781+0000] {logging_mixin.py:188} INFO - Downloaded customers/date=2026-06-17/customers_190142671609.parquet -> /tmp/minio_downloads/customers_190142671609.parquet
[2026-07-04T14:11:33.806+0000] {logging_mixin.py:188} INFO - Downloaded customers/date=2026-06-17/customers_190142733046.parquet -> /tmp/minio_downloads/customers_190142733046.parquet
[2026-07-04T14:11:33.831+0000] {logging_mixin.py:188} INFO - Downloaded customers/date=2026-06-17/customers_190142868857.parquet -> /tmp/minio_downloads/customers_190142868857.parquet
[2026-07-04T14:11:33.855+0000] {logging_mixin.py:188} INFO - Downloaded customers/date=2026-06-17/customers_190143012723.parquet -> /tmp/minio_downloads/customers_190143012723.parquet
[2026-07-04T14:11:33.880+0000] {logging_mixin.py:188} INFO - Downloaded customers/date=2026-06-17/customers_190143114526.parquet -> /tmp/minio_downloads/customers_190143114526.parquet
[2026-07-04T14:11:33.907+0000] {logging_mixin.py:188} INFO - Downloaded customers/date=2026-06-17/customers_190143210657.parquet -> /tmp/minio_downloads/customers_190143210657.parquet
[2026-07-04T14:11:33.934+0000] {logging_mixin.py:188} INFO - Downloaded customers/date=2026-06-17/customers_190143266079.parquet -> /tmp/minio_downloads/customers_190143266079.parquet
[2026-07-04T14:11:33.961+0000] {logging_mixin.py:188} INFO - Downloaded customers/date=2026-06-17/customers_190143342983.parquet -> /tmp/minio_downloads/customers_190143342983.parquet
[2026-07-04T14:11:33.987+0000] {logging_mixin.py:188} INFO - Downloaded customers/date=2026-06-17/customers_190143422918.parquet -> /tmp/minio_downloads/customers_190143422918.parquet
[2026-07-04T14:11:34.018+0000] {logging_mixin.py:188} INFO - Downloaded customers/date=2026-06-17/customers_190143486297.parquet -> /tmp/minio_downloads/customers_190143486297.parquet
[2026-07-04T14:11:34.046+0000] {logging_mixin.py:188} INFO - Downloaded customers/date=2026-06-17/customers_190143554839.parquet -> /tmp/minio_downloads/customers_190143554839.parquet
[2026-07-04T14:11:34.073+0000] {logging_mixin.py:188} INFO - Downloaded customers/date=2026-06-17/customers_190143631809.parquet -> /tmp/minio_downloads/customers_190143631809.parquet
[2026-07-04T14:11:34.100+0000] {logging_mixin.py:188} INFO - Downloaded customers/date=2026-06-17/customers_190143720153.parquet -> /tmp/minio_downloads/customers_190143720153.parquet
[2026-07-04T14:11:34.125+0000] {logging_mixin.py:188} INFO - Downloaded customers/date=2026-06-17/customers_190143814757.parquet -> /tmp/minio_downloads/customers_190143814757.parquet
[2026-07-04T14:11:34.150+0000] {logging_mixin.py:188} INFO - Downloaded customers/date=2026-06-17/customers_190143914687.parquet -> /tmp/minio_downloads/customers_190143914687.parquet
[2026-07-04T14:11:34.175+0000] {logging_mixin.py:188} INFO - Downloaded customers/date=2026-06-17/customers_190144016870.parquet -> /tmp/minio_downloads/customers_190144016870.parquet
[2026-07-04T14:11:34.200+0000] {logging_mixin.py:188} INFO - Downloaded customers/date=2026-06-17/customers_190144097760.parquet -> /tmp/minio_downloads/customers_190144097760.parquet
[2026-07-04T14:11:34.225+0000] {logging_mixin.py:188} INFO - Downloaded customers/date=2026-06-17/customers_190144165362.parquet -> /tmp/minio_downloads/customers_190144165362.parquet
[2026-07-04T14:11:34.250+0000] {logging_mixin.py:188} INFO - Downloaded customers/date=2026-06-17/customers_190144219895.parquet -> /tmp/minio_downloads/customers_190144219895.parquet
[2026-07-04T14:11:34.276+0000] {logging_mixin.py:188} INFO - Downloaded customers/date=2026-06-17/customers_190144276140.parquet -> /tmp/minio_downloads/customers_190144276140.parquet
[2026-07-04T14:11:34.302+0000] {logging_mixin.py:188} INFO - Downloaded customers/date=2026-06-17/customers_190144335636.parquet -> /tmp/minio_downloads/customers_190144335636.parquet
[2026-07-04T14:11:34.327+0000] {logging_mixin.py:188} INFO - Downloaded customers/date=2026-06-17/customers_190144391424.parquet -> /tmp/minio_downloads/customers_190144391424.parquet
[2026-07-04T14:11:34.353+0000] {logging_mixin.py:188} INFO - Downloaded customers/date=2026-06-17/customers_190144468677.parquet -> /tmp/minio_downloads/customers_190144468677.parquet
[2026-07-04T14:11:34.380+0000] {logging_mixin.py:188} INFO - Downloaded customers/date=2026-06-17/customers_190144557018.parquet -> /tmp/minio_downloads/customers_190144557018.parquet
[2026-07-04T14:11:34.407+0000] {logging_mixin.py:188} INFO - Downloaded customers/date=2026-06-17/customers_190144678194.parquet -> /tmp/minio_downloads/customers_190144678194.parquet
[2026-07-04T14:11:34.431+0000] {logging_mixin.py:188} INFO - Downloaded customers/date=2026-06-17/customers_190144790046.parquet -> /tmp/minio_downloads/customers_190144790046.parquet
[2026-07-04T14:11:34.455+0000] {logging_mixin.py:188} INFO - Downloaded customers/date=2026-06-17/customers_190144876994.parquet -> /tmp/minio_downloads/customers_190144876994.parquet
[2026-07-04T14:11:34.484+0000] {logging_mixin.py:188} INFO - Downloaded customers/date=2026-06-17/customers_190144948552.parquet -> /tmp/minio_downloads/customers_190144948552.parquet
[2026-07-04T14:11:34.514+0000] {logging_mixin.py:188} INFO - Downloaded customers/date=2026-06-17/customers_190145016670.parquet -> /tmp/minio_downloads/customers_190145016670.parquet
[2026-07-04T14:11:34.546+0000] {logging_mixin.py:188} INFO - Downloaded customers/date=2026-06-17/customers_190145082851.parquet -> /tmp/minio_downloads/customers_190145082851.parquet
[2026-07-04T14:11:34.575+0000] {logging_mixin.py:188} INFO - Downloaded customers/date=2026-06-17/customers_190145145106.parquet -> /tmp/minio_downloads/customers_190145145106.parquet
[2026-07-04T14:11:34.607+0000] {logging_mixin.py:188} INFO - Downloaded customers/date=2026-06-17/customers_190145209849.parquet -> /tmp/minio_downloads/customers_190145209849.parquet
[2026-07-04T14:11:34.638+0000] {logging_mixin.py:188} INFO - Downloaded customers/date=2026-06-17/customers_190145274355.parquet -> /tmp/minio_downloads/customers_190145274355.parquet
[2026-07-04T14:11:34.667+0000] {logging_mixin.py:188} INFO - Downloaded customers/date=2026-06-17/customers_190145335174.parquet -> /tmp/minio_downloads/customers_190145335174.parquet
[2026-07-04T14:11:34.695+0000] {logging_mixin.py:188} INFO - Downloaded customers/date=2026-06-17/customers_190145391987.parquet -> /tmp/minio_downloads/customers_190145391987.parquet
[2026-07-04T14:11:34.721+0000] {logging_mixin.py:188} INFO - Downloaded customers/date=2026-06-17/customers_190145449141.parquet -> /tmp/minio_downloads/customers_190145449141.parquet
[2026-07-04T14:11:34.751+0000] {logging_mixin.py:188} INFO - Downloaded customers/date=2026-06-17/customers_190145517234.parquet -> /tmp/minio_downloads/customers_190145517234.parquet
[2026-07-04T14:11:34.780+0000] {logging_mixin.py:188} INFO - Downloaded customers/date=2026-06-17/customers_190145574072.parquet -> /tmp/minio_downloads/customers_190145574072.parquet
[2026-07-04T14:11:34.805+0000] {logging_mixin.py:188} INFO - Downloaded customers/date=2026-06-17/customers_190145633431.parquet -> /tmp/minio_downloads/customers_190145633431.parquet
[2026-07-04T14:11:34.833+0000] {logging_mixin.py:188} INFO - Downloaded customers/date=2026-06-17/customers_190534056791.parquet -> /tmp/minio_downloads/customers_190534056791.parquet
[2026-07-04T14:11:34.862+0000] {logging_mixin.py:188} INFO - Downloaded customers/date=2026-06-17/customers_190534138913.parquet -> /tmp/minio_downloads/customers_190534138913.parquet
[2026-07-04T14:11:34.889+0000] {logging_mixin.py:188} INFO - Downloaded customers/date=2026-06-17/customers_190534229894.parquet -> /tmp/minio_downloads/customers_190534229894.parquet
[2026-07-04T14:11:34.917+0000] {logging_mixin.py:188} INFO - Downloaded customers/date=2026-06-17/customers_190534306790.parquet -> /tmp/minio_downloads/customers_190534306790.parquet
[2026-07-04T14:11:34.943+0000] {logging_mixin.py:188} INFO - Downloaded customers/date=2026-06-17/customers_190534388373.parquet -> /tmp/minio_downloads/customers_190534388373.parquet
[2026-07-04T14:11:34.969+0000] {logging_mixin.py:188} INFO - Downloaded customers/date=2026-06-17/customers_190534488935.parquet -> /tmp/minio_downloads/customers_190534488935.parquet
[2026-07-04T14:11:34.998+0000] {logging_mixin.py:188} INFO - Downloaded customers/date=2026-06-17/customers_190534569834.parquet -> /tmp/minio_downloads/customers_190534569834.parquet
[2026-07-04T14:11:35.025+0000] {logging_mixin.py:188} INFO - Downloaded customers/date=2026-06-17/customers_190534670967.parquet -> /tmp/minio_downloads/customers_190534670967.parquet
[2026-07-04T14:11:35.055+0000] {logging_mixin.py:188} INFO - Downloaded customers/date=2026-06-17/customers_190534749320.parquet -> /tmp/minio_downloads/customers_190534749320.parquet
[2026-07-04T14:11:35.090+0000] {logging_mixin.py:188} INFO - Downloaded customers/date=2026-06-17/customers_190534820934.parquet -> /tmp/minio_downloads/customers_190534820934.parquet
[2026-07-04T14:11:35.129+0000] {logging_mixin.py:188} INFO - Downloaded customers/date=2026-06-17/customers_190534904719.parquet -> /tmp/minio_downloads/customers_190534904719.parquet
[2026-07-04T14:11:35.168+0000] {logging_mixin.py:188} INFO - Downloaded customers/date=2026-06-17/customers_190534971629.parquet -> /tmp/minio_downloads/customers_190534971629.parquet
[2026-07-04T14:11:35.206+0000] {logging_mixin.py:188} INFO - Downloaded customers/date=2026-06-17/customers_190535042505.parquet -> /tmp/minio_downloads/customers_190535042505.parquet
[2026-07-04T14:11:35.248+0000] {logging_mixin.py:188} INFO - Downloaded customers/date=2026-06-17/customers_190535119196.parquet -> /tmp/minio_downloads/customers_190535119196.parquet
[2026-07-04T14:11:35.284+0000] {logging_mixin.py:188} INFO - Downloaded customers/date=2026-06-17/customers_190535229129.parquet -> /tmp/minio_downloads/customers_190535229129.parquet
[2026-07-04T14:11:35.311+0000] {logging_mixin.py:188} INFO - Downloaded customers/date=2026-06-17/customers_190535309317.parquet -> /tmp/minio_downloads/customers_190535309317.parquet
[2026-07-04T14:11:35.340+0000] {logging_mixin.py:188} INFO - Downloaded customers/date=2026-06-17/customers_190535384613.parquet -> /tmp/minio_downloads/customers_190535384613.parquet
[2026-07-04T14:11:35.369+0000] {logging_mixin.py:188} INFO - Downloaded customers/date=2026-06-17/customers_190535464854.parquet -> /tmp/minio_downloads/customers_190535464854.parquet
[2026-07-04T14:11:35.397+0000] {logging_mixin.py:188} INFO - Downloaded customers/date=2026-06-17/customers_190535532848.parquet -> /tmp/minio_downloads/customers_190535532848.parquet
[2026-07-04T14:11:35.425+0000] {logging_mixin.py:188} INFO - Downloaded customers/date=2026-06-17/customers_190535602948.parquet -> /tmp/minio_downloads/customers_190535602948.parquet
[2026-07-04T14:11:35.452+0000] {logging_mixin.py:188} INFO - Downloaded customers/date=2026-06-17/customers_190535690478.parquet -> /tmp/minio_downloads/customers_190535690478.parquet
[2026-07-04T14:11:35.482+0000] {logging_mixin.py:188} INFO - Downloaded customers/date=2026-06-17/customers_190535780849.parquet -> /tmp/minio_downloads/customers_190535780849.parquet
[2026-07-04T14:11:35.511+0000] {logging_mixin.py:188} INFO - Downloaded customers/date=2026-06-17/customers_190535851658.parquet -> /tmp/minio_downloads/customers_190535851658.parquet
[2026-07-04T14:11:35.540+0000] {logging_mixin.py:188} INFO - Downloaded customers/date=2026-06-17/customers_190535925295.parquet -> /tmp/minio_downloads/customers_190535925295.parquet
[2026-07-04T14:11:35.572+0000] {logging_mixin.py:188} INFO - Downloaded customers/date=2026-06-17/customers_190535997859.parquet -> /tmp/minio_downloads/customers_190535997859.parquet
[2026-07-04T14:11:35.602+0000] {logging_mixin.py:188} INFO - Downloaded customers/date=2026-06-17/customers_190536086075.parquet -> /tmp/minio_downloads/customers_190536086075.parquet
[2026-07-04T14:11:35.632+0000] {logging_mixin.py:188} INFO - Downloaded customers/date=2026-06-17/customers_190536180505.parquet -> /tmp/minio_downloads/customers_190536180505.parquet
[2026-07-04T14:11:35.661+0000] {logging_mixin.py:188} INFO - Downloaded customers/date=2026-06-17/customers_190536278448.parquet -> /tmp/minio_downloads/customers_190536278448.parquet
[2026-07-04T14:11:35.689+0000] {logging_mixin.py:188} INFO - Downloaded customers/date=2026-06-17/customers_190536373125.parquet -> /tmp/minio_downloads/customers_190536373125.parquet
[2026-07-04T14:11:35.717+0000] {logging_mixin.py:188} INFO - Downloaded customers/date=2026-06-17/customers_190536467464.parquet -> /tmp/minio_downloads/customers_190536467464.parquet
[2026-07-04T14:11:35.747+0000] {logging_mixin.py:188} INFO - Downloaded customers/date=2026-06-17/customers_190536549057.parquet -> /tmp/minio_downloads/customers_190536549057.parquet
[2026-07-04T14:11:35.776+0000] {logging_mixin.py:188} INFO - Downloaded customers/date=2026-06-17/customers_190536620054.parquet -> /tmp/minio_downloads/customers_190536620054.parquet
[2026-07-04T14:11:35.804+0000] {logging_mixin.py:188} INFO - Downloaded customers/date=2026-06-17/customers_190536699784.parquet -> /tmp/minio_downloads/customers_190536699784.parquet
[2026-07-04T14:11:35.832+0000] {logging_mixin.py:188} INFO - Downloaded customers/date=2026-06-17/customers_190536806645.parquet -> /tmp/minio_downloads/customers_190536806645.parquet
[2026-07-04T14:11:35.863+0000] {logging_mixin.py:188} INFO - Downloaded customers/date=2026-06-17/customers_190536898613.parquet -> /tmp/minio_downloads/customers_190536898613.parquet
[2026-07-04T14:11:35.891+0000] {logging_mixin.py:188} INFO - Downloaded customers/date=2026-06-17/customers_190536988001.parquet -> /tmp/minio_downloads/customers_190536988001.parquet
[2026-07-04T14:11:35.920+0000] {logging_mixin.py:188} INFO - Downloaded customers/date=2026-06-17/customers_190537077442.parquet -> /tmp/minio_downloads/customers_190537077442.parquet
[2026-07-04T14:11:35.949+0000] {logging_mixin.py:188} INFO - Downloaded customers/date=2026-06-17/customers_190537171845.parquet -> /tmp/minio_downloads/customers_190537171845.parquet
[2026-07-04T14:11:35.979+0000] {logging_mixin.py:188} INFO - Downloaded customers/date=2026-06-17/customers_190537264699.parquet -> /tmp/minio_downloads/customers_190537264699.parquet
[2026-07-04T14:11:36.005+0000] {logging_mixin.py:188} INFO - Downloaded customers/date=2026-06-17/customers_190537351041.parquet -> /tmp/minio_downloads/customers_190537351041.parquet
[2026-07-04T14:11:36.032+0000] {logging_mixin.py:188} INFO - Downloaded customers/date=2026-06-17/customers_190537453087.parquet -> /tmp/minio_downloads/customers_190537453087.parquet
[2026-07-04T14:11:36.063+0000] {logging_mixin.py:188} INFO - Downloaded customers/date=2026-06-17/customers_190537539317.parquet -> /tmp/minio_downloads/customers_190537539317.parquet
[2026-07-04T14:11:36.093+0000] {logging_mixin.py:188} INFO - Downloaded customers/date=2026-06-17/customers_190537628958.parquet -> /tmp/minio_downloads/customers_190537628958.parquet
[2026-07-04T14:11:36.122+0000] {logging_mixin.py:188} INFO - Downloaded customers/date=2026-06-17/customers_190537698926.parquet -> /tmp/minio_downloads/customers_190537698926.parquet
[2026-07-04T14:11:36.150+0000] {logging_mixin.py:188} INFO - Downloaded customers/date=2026-06-17/customers_190537782859.parquet -> /tmp/minio_downloads/customers_190537782859.parquet
[2026-07-04T14:11:36.180+0000] {logging_mixin.py:188} INFO - Downloaded customers/date=2026-06-17/customers_190537864698.parquet -> /tmp/minio_downloads/customers_190537864698.parquet
[2026-07-04T14:11:36.213+0000] {logging_mixin.py:188} INFO - Downloaded customers/date=2026-06-17/customers_190537966412.parquet -> /tmp/minio_downloads/customers_190537966412.parquet
[2026-07-04T14:11:36.239+0000] {logging_mixin.py:188} INFO - Downloaded customers/date=2026-06-17/customers_190538051554.parquet -> /tmp/minio_downloads/customers_190538051554.parquet
[2026-07-04T14:11:36.267+0000] {logging_mixin.py:188} INFO - Downloaded customers/date=2026-06-17/customers_190538139232.parquet -> /tmp/minio_downloads/customers_190538139232.parquet
[2026-07-04T14:11:36.297+0000] {logging_mixin.py:188} INFO - Downloaded customers/date=2026-06-17/customers_190538238838.parquet -> /tmp/minio_downloads/customers_190538238838.parquet
[2026-07-04T14:11:36.327+0000] {logging_mixin.py:188} INFO - Downloaded customers/date=2026-06-17/customers_190538319208.parquet -> /tmp/minio_downloads/customers_190538319208.parquet
[2026-07-04T14:11:36.354+0000] {logging_mixin.py:188} INFO - Downloaded customers/date=2026-06-17/customers_190538401542.parquet -> /tmp/minio_downloads/customers_190538401542.parquet
[2026-07-04T14:11:36.381+0000] {logging_mixin.py:188} INFO - Downloaded customers/date=2026-06-17/customers_190538520453.parquet -> /tmp/minio_downloads/customers_190538520453.parquet
[2026-07-04T14:11:36.407+0000] {logging_mixin.py:188} INFO - Downloaded customers/date=2026-06-17/customers_190538622560.parquet -> /tmp/minio_downloads/customers_190538622560.parquet
[2026-07-04T14:11:36.434+0000] {logging_mixin.py:188} INFO - Downloaded customers/date=2026-06-17/customers_190538754722.parquet -> /tmp/minio_downloads/customers_190538754722.parquet
[2026-07-04T14:11:36.461+0000] {logging_mixin.py:188} INFO - Downloaded customers/date=2026-06-17/customers_190538851756.parquet -> /tmp/minio_downloads/customers_190538851756.parquet
[2026-07-04T14:11:36.489+0000] {logging_mixin.py:188} INFO - Downloaded customers/date=2026-06-17/customers_190538932465.parquet -> /tmp/minio_downloads/customers_190538932465.parquet
[2026-07-04T14:11:36.515+0000] {logging_mixin.py:188} INFO - Downloaded customers/date=2026-06-17/customers_190539034113.parquet -> /tmp/minio_downloads/customers_190539034113.parquet
[2026-07-04T14:11:36.543+0000] {logging_mixin.py:188} INFO - Downloaded customers/date=2026-06-17/customers_190539123794.parquet -> /tmp/minio_downloads/customers_190539123794.parquet
[2026-07-04T14:11:36.572+0000] {logging_mixin.py:188} INFO - Downloaded customers/date=2026-06-17/customers_190539218906.parquet -> /tmp/minio_downloads/customers_190539218906.parquet
[2026-07-04T14:11:36.601+0000] {logging_mixin.py:188} INFO - Downloaded customers/date=2026-06-17/customers_190539305398.parquet -> /tmp/minio_downloads/customers_190539305398.parquet
[2026-07-04T14:11:36.629+0000] {logging_mixin.py:188} INFO - Downloaded customers/date=2026-06-17/customers_190539398328.parquet -> /tmp/minio_downloads/customers_190539398328.parquet
[2026-07-04T14:11:36.655+0000] {logging_mixin.py:188} INFO - Downloaded customers/date=2026-06-17/customers_190539485603.parquet -> /tmp/minio_downloads/customers_190539485603.parquet
[2026-07-04T14:11:36.681+0000] {logging_mixin.py:188} INFO - Downloaded customers/date=2026-06-17/customers_190539545725.parquet -> /tmp/minio_downloads/customers_190539545725.parquet
[2026-07-04T14:11:36.707+0000] {logging_mixin.py:188} INFO - Downloaded customers/date=2026-06-17/customers_190539631258.parquet -> /tmp/minio_downloads/customers_190539631258.parquet
[2026-07-04T14:11:36.734+0000] {logging_mixin.py:188} INFO - Downloaded customers/date=2026-06-17/customers_190539702957.parquet -> /tmp/minio_downloads/customers_190539702957.parquet
[2026-07-04T14:11:36.763+0000] {logging_mixin.py:188} INFO - Downloaded customers/date=2026-06-17/customers_190539810453.parquet -> /tmp/minio_downloads/customers_190539810453.parquet
[2026-07-04T14:11:36.792+0000] {logging_mixin.py:188} INFO - Downloaded customers/date=2026-06-17/customers_190539891072.parquet -> /tmp/minio_downloads/customers_190539891072.parquet
[2026-07-04T14:11:36.825+0000] {logging_mixin.py:188} INFO - Downloaded customers/date=2026-06-17/customers_190539966747.parquet -> /tmp/minio_downloads/customers_190539966747.parquet
[2026-07-04T14:11:36.863+0000] {logging_mixin.py:188} INFO - Downloaded customers/date=2026-06-17/customers_190540032826.parquet -> /tmp/minio_downloads/customers_190540032826.parquet
[2026-07-04T14:11:36.896+0000] {logging_mixin.py:188} INFO - Downloaded customers/date=2026-06-17/customers_190540094324.parquet -> /tmp/minio_downloads/customers_190540094324.parquet
[2026-07-04T14:11:36.928+0000] {logging_mixin.py:188} INFO - Downloaded customers/date=2026-06-17/customers_190540145473.parquet -> /tmp/minio_downloads/customers_190540145473.parquet
[2026-07-04T14:11:36.957+0000] {logging_mixin.py:188} INFO - Downloaded customers/date=2026-06-17/customers_190540218333.parquet -> /tmp/minio_downloads/customers_190540218333.parquet
[2026-07-04T14:11:36.989+0000] {logging_mixin.py:188} INFO - Downloaded customers/date=2026-06-17/customers_190540297881.parquet -> /tmp/minio_downloads/customers_190540297881.parquet
[2026-07-04T14:11:37.022+0000] {logging_mixin.py:188} INFO - Downloaded customers/date=2026-06-17/customers_190540431964.parquet -> /tmp/minio_downloads/customers_190540431964.parquet
[2026-07-04T14:11:37.059+0000] {logging_mixin.py:188} INFO - Downloaded customers/date=2026-06-17/customers_190540532109.parquet -> /tmp/minio_downloads/customers_190540532109.parquet
[2026-07-04T14:11:37.090+0000] {logging_mixin.py:188} INFO - Downloaded customers/date=2026-06-17/customers_190540632663.parquet -> /tmp/minio_downloads/customers_190540632663.parquet
[2026-07-04T14:11:37.123+0000] {logging_mixin.py:188} INFO - Downloaded customers/date=2026-06-17/customers_190540698435.parquet -> /tmp/minio_downloads/customers_190540698435.parquet
[2026-07-04T14:11:37.156+0000] {logging_mixin.py:188} INFO - Downloaded customers/date=2026-06-17/customers_190540788621.parquet -> /tmp/minio_downloads/customers_190540788621.parquet
[2026-07-04T14:11:37.198+0000] {logging_mixin.py:188} INFO - Downloaded customers/date=2026-06-17/customers_190540897663.parquet -> /tmp/minio_downloads/customers_190540897663.parquet
[2026-07-04T14:11:37.231+0000] {logging_mixin.py:188} INFO - Downloaded customers/date=2026-06-17/customers_190540987831.parquet -> /tmp/minio_downloads/customers_190540987831.parquet
[2026-07-04T14:11:37.259+0000] {logging_mixin.py:188} INFO - Downloaded customers/date=2026-06-17/customers_190541083808.parquet -> /tmp/minio_downloads/customers_190541083808.parquet
[2026-07-04T14:11:37.292+0000] {logging_mixin.py:188} INFO - Downloaded customers/date=2026-06-17/customers_190541180385.parquet -> /tmp/minio_downloads/customers_190541180385.parquet
[2026-07-04T14:11:37.324+0000] {logging_mixin.py:188} INFO - Downloaded customers/date=2026-06-17/customers_190541250391.parquet -> /tmp/minio_downloads/customers_190541250391.parquet
[2026-07-04T14:11:37.356+0000] {logging_mixin.py:188} INFO - Downloaded customers/date=2026-06-17/customers_190541326247.parquet -> /tmp/minio_downloads/customers_190541326247.parquet
[2026-07-04T14:11:37.391+0000] {logging_mixin.py:188} INFO - Downloaded customers/date=2026-06-17/customers_190541417928.parquet -> /tmp/minio_downloads/customers_190541417928.parquet
[2026-07-04T14:11:37.424+0000] {logging_mixin.py:188} INFO - Downloaded customers/date=2026-06-17/customers_190541508020.parquet -> /tmp/minio_downloads/customers_190541508020.parquet
[2026-07-04T14:11:37.459+0000] {logging_mixin.py:188} INFO - Downloaded customers/date=2026-06-17/customers_190541605258.parquet -> /tmp/minio_downloads/customers_190541605258.parquet
[2026-07-04T14:11:37.489+0000] {logging_mixin.py:188} INFO - Downloaded customers/date=2026-06-17/customers_190541704160.parquet -> /tmp/minio_downloads/customers_190541704160.parquet
[2026-07-04T14:11:37.521+0000] {logging_mixin.py:188} INFO - Downloaded customers/date=2026-06-17/customers_190541809177.parquet -> /tmp/minio_downloads/customers_190541809177.parquet
[2026-07-04T14:11:37.552+0000] {logging_mixin.py:188} INFO - Downloaded customers/date=2026-06-17/customers_190541890253.parquet -> /tmp/minio_downloads/customers_190541890253.parquet
[2026-07-04T14:11:37.582+0000] {logging_mixin.py:188} INFO - Downloaded customers/date=2026-06-17/customers_190541975527.parquet -> /tmp/minio_downloads/customers_190541975527.parquet
[2026-07-04T14:11:37.612+0000] {logging_mixin.py:188} INFO - Downloaded customers/date=2026-06-17/customers_190542069653.parquet -> /tmp/minio_downloads/customers_190542069653.parquet
[2026-07-04T14:11:37.642+0000] {logging_mixin.py:188} INFO - Downloaded customers/date=2026-06-17/customers_190542158324.parquet -> /tmp/minio_downloads/customers_190542158324.parquet
[2026-07-04T14:11:37.673+0000] {logging_mixin.py:188} INFO - Downloaded customers/date=2026-06-17/customers_190542256906.parquet -> /tmp/minio_downloads/customers_190542256906.parquet
[2026-07-04T14:11:37.709+0000] {logging_mixin.py:188} INFO - Downloaded customers/date=2026-06-17/customers_190542327925.parquet -> /tmp/minio_downloads/customers_190542327925.parquet
[2026-07-04T14:11:37.754+0000] {logging_mixin.py:188} INFO - Downloaded customers/date=2026-06-17/customers_190542420735.parquet -> /tmp/minio_downloads/customers_190542420735.parquet
[2026-07-04T14:11:37.802+0000] {logging_mixin.py:188} INFO - Downloaded customers/date=2026-06-17/customers_190542520754.parquet -> /tmp/minio_downloads/customers_190542520754.parquet
[2026-07-04T14:11:37.840+0000] {logging_mixin.py:188} INFO - Downloaded customers/date=2026-06-17/customers_190542616822.parquet -> /tmp/minio_downloads/customers_190542616822.parquet
[2026-07-04T14:11:37.880+0000] {logging_mixin.py:188} INFO - Downloaded customers/date=2026-06-17/customers_190542700221.parquet -> /tmp/minio_downloads/customers_190542700221.parquet
[2026-07-04T14:11:37.919+0000] {logging_mixin.py:188} INFO - Downloaded customers/date=2026-06-17/customers_190542791697.parquet -> /tmp/minio_downloads/customers_190542791697.parquet
[2026-07-04T14:11:37.952+0000] {logging_mixin.py:188} INFO - Downloaded customers/date=2026-06-17/customers_190542885597.parquet -> /tmp/minio_downloads/customers_190542885597.parquet
[2026-07-04T14:11:37.984+0000] {logging_mixin.py:188} INFO - Downloaded customers/date=2026-06-17/customers_190542986434.parquet -> /tmp/minio_downloads/customers_190542986434.parquet
[2026-07-04T14:11:38.016+0000] {logging_mixin.py:188} INFO - Downloaded customers/date=2026-06-17/customers_190543076927.parquet -> /tmp/minio_downloads/customers_190543076927.parquet
[2026-07-04T14:11:38.047+0000] {logging_mixin.py:188} INFO - Downloaded customers/date=2026-06-17/customers_190543158006.parquet -> /tmp/minio_downloads/customers_190543158006.parquet
[2026-07-04T14:11:38.077+0000] {logging_mixin.py:188} INFO - Downloaded customers/date=2026-06-17/customers_190543253590.parquet -> /tmp/minio_downloads/customers_190543253590.parquet
[2026-07-04T14:11:38.106+0000] {logging_mixin.py:188} INFO - Downloaded customers/date=2026-06-17/customers_190543347569.parquet -> /tmp/minio_downloads/customers_190543347569.parquet
[2026-07-04T14:11:38.136+0000] {logging_mixin.py:188} INFO - Downloaded customers/date=2026-06-17/customers_190543450649.parquet -> /tmp/minio_downloads/customers_190543450649.parquet
[2026-07-04T14:11:38.166+0000] {logging_mixin.py:188} INFO - Downloaded customers/date=2026-06-17/customers_190543527911.parquet -> /tmp/minio_downloads/customers_190543527911.parquet
[2026-07-04T14:11:38.194+0000] {logging_mixin.py:188} INFO - Downloaded customers/date=2026-06-17/customers_190543616646.parquet -> /tmp/minio_downloads/customers_190543616646.parquet
[2026-07-04T14:11:38.224+0000] {logging_mixin.py:188} INFO - Downloaded customers/date=2026-06-17/customers_190543675363.parquet -> /tmp/minio_downloads/customers_190543675363.parquet
[2026-07-04T14:11:38.251+0000] {logging_mixin.py:188} INFO - Downloaded customers/date=2026-06-17/customers_190543752703.parquet -> /tmp/minio_downloads/customers_190543752703.parquet
[2026-07-04T14:11:38.278+0000] {logging_mixin.py:188} INFO - Downloaded customers/date=2026-06-17/customers_190543830423.parquet -> /tmp/minio_downloads/customers_190543830423.parquet
[2026-07-04T14:11:38.305+0000] {logging_mixin.py:188} INFO - Downloaded customers/date=2026-06-17/customers_190543903971.parquet -> /tmp/minio_downloads/customers_190543903971.parquet
[2026-07-04T14:11:38.333+0000] {logging_mixin.py:188} INFO - Downloaded customers/date=2026-06-17/customers_190544000846.parquet -> /tmp/minio_downloads/customers_190544000846.parquet
[2026-07-04T14:11:38.360+0000] {logging_mixin.py:188} INFO - Downloaded customers/date=2026-06-17/customers_190544281094.parquet -> /tmp/minio_downloads/customers_190544281094.parquet
[2026-07-04T14:11:38.388+0000] {logging_mixin.py:188} INFO - Downloaded customers/date=2026-06-17/customers_190544373713.parquet -> /tmp/minio_downloads/customers_190544373713.parquet
[2026-07-04T14:11:38.415+0000] {logging_mixin.py:188} INFO - Downloaded customers/date=2026-06-17/customers_190544483521.parquet -> /tmp/minio_downloads/customers_190544483521.parquet
[2026-07-04T14:11:38.444+0000] {logging_mixin.py:188} INFO - Downloaded customers/date=2026-06-17/customers_190544579549.parquet -> /tmp/minio_downloads/customers_190544579549.parquet
[2026-07-04T14:11:38.474+0000] {logging_mixin.py:188} INFO - Downloaded customers/date=2026-06-17/customers_190544676498.parquet -> /tmp/minio_downloads/customers_190544676498.parquet
[2026-07-04T14:11:38.504+0000] {logging_mixin.py:188} INFO - Downloaded customers/date=2026-06-17/customers_190544796803.parquet -> /tmp/minio_downloads/customers_190544796803.parquet
[2026-07-04T14:11:38.531+0000] {logging_mixin.py:188} INFO - Downloaded customers/date=2026-06-17/customers_190544882394.parquet -> /tmp/minio_downloads/customers_190544882394.parquet
[2026-07-04T14:11:38.558+0000] {logging_mixin.py:188} INFO - Downloaded customers/date=2026-06-17/customers_190544979467.parquet -> /tmp/minio_downloads/customers_190544979467.parquet
[2026-07-04T14:11:38.585+0000] {logging_mixin.py:188} INFO - Downloaded customers/date=2026-06-17/customers_190545064056.parquet -> /tmp/minio_downloads/customers_190545064056.parquet
[2026-07-04T14:11:38.611+0000] {logging_mixin.py:188} INFO - Downloaded customers/date=2026-06-17/customers_190545142528.parquet -> /tmp/minio_downloads/customers_190545142528.parquet
[2026-07-04T14:11:38.638+0000] {logging_mixin.py:188} INFO - Downloaded customers/date=2026-06-17/customers_190545231464.parquet -> /tmp/minio_downloads/customers_190545231464.parquet
[2026-07-04T14:11:38.663+0000] {logging_mixin.py:188} INFO - Downloaded customers/date=2026-06-17/customers_190545320319.parquet -> /tmp/minio_downloads/customers_190545320319.parquet
[2026-07-04T14:11:38.688+0000] {logging_mixin.py:188} INFO - Downloaded customers/date=2026-06-17/customers_190545414688.parquet -> /tmp/minio_downloads/customers_190545414688.parquet
[2026-07-04T14:11:38.713+0000] {logging_mixin.py:188} INFO - Downloaded customers/date=2026-06-17/customers_190545504552.parquet -> /tmp/minio_downloads/customers_190545504552.parquet
[2026-07-04T14:11:38.737+0000] {logging_mixin.py:188} INFO - Downloaded customers/date=2026-06-17/customers_190545592817.parquet -> /tmp/minio_downloads/customers_190545592817.parquet
[2026-07-04T14:11:38.761+0000] {logging_mixin.py:188} INFO - Downloaded customers/date=2026-06-17/customers_190545677112.parquet -> /tmp/minio_downloads/customers_190545677112.parquet
[2026-07-04T14:11:38.785+0000] {logging_mixin.py:188} INFO - Downloaded customers/date=2026-06-17/customers_190545762209.parquet -> /tmp/minio_downloads/customers_190545762209.parquet
[2026-07-04T14:11:38.809+0000] {logging_mixin.py:188} INFO - Downloaded customers/date=2026-06-17/customers_190545857188.parquet -> /tmp/minio_downloads/customers_190545857188.parquet
[2026-07-04T14:11:38.833+0000] {logging_mixin.py:188} INFO - Downloaded customers/date=2026-06-17/customers_190545941631.parquet -> /tmp/minio_downloads/customers_190545941631.parquet
[2026-07-04T14:11:38.857+0000] {logging_mixin.py:188} INFO - Downloaded customers/date=2026-06-17/customers_190546066925.parquet -> /tmp/minio_downloads/customers_190546066925.parquet
[2026-07-04T14:11:38.882+0000] {logging_mixin.py:188} INFO - Downloaded customers/date=2026-06-17/customers_190546200445.parquet -> /tmp/minio_downloads/customers_190546200445.parquet
[2026-07-04T14:11:38.906+0000] {logging_mixin.py:188} INFO - Downloaded customers/date=2026-06-17/customers_190546401040.parquet -> /tmp/minio_downloads/customers_190546401040.parquet
[2026-07-04T14:11:38.929+0000] {logging_mixin.py:188} INFO - Downloaded customers/date=2026-06-17/customers_190546534721.parquet -> /tmp/minio_downloads/customers_190546534721.parquet
[2026-07-04T14:11:38.953+0000] {logging_mixin.py:188} INFO - Downloaded customers/date=2026-06-17/customers_190546650046.parquet -> /tmp/minio_downloads/customers_190546650046.parquet
[2026-07-04T14:11:38.977+0000] {logging_mixin.py:188} INFO - Downloaded customers/date=2026-06-17/customers_190546730740.parquet -> /tmp/minio_downloads/customers_190546730740.parquet
[2026-07-04T14:11:39.001+0000] {logging_mixin.py:188} INFO - Downloaded customers/date=2026-06-17/customers_190546821615.parquet -> /tmp/minio_downloads/customers_190546821615.parquet
[2026-07-04T14:11:39.024+0000] {logging_mixin.py:188} INFO - Downloaded customers/date=2026-06-17/customers_190546967196.parquet -> /tmp/minio_downloads/customers_190546967196.parquet
[2026-07-04T14:11:39.051+0000] {logging_mixin.py:188} INFO - Downloaded customers/date=2026-06-17/customers_190547069169.parquet -> /tmp/minio_downloads/customers_190547069169.parquet
[2026-07-04T14:11:39.080+0000] {logging_mixin.py:188} INFO - Downloaded customers/date=2026-06-17/customers_190547180349.parquet -> /tmp/minio_downloads/customers_190547180349.parquet
[2026-07-04T14:11:39.111+0000] {logging_mixin.py:188} INFO - Downloaded customers/date=2026-06-17/customers_190547298924.parquet -> /tmp/minio_downloads/customers_190547298924.parquet
[2026-07-04T14:11:39.141+0000] {logging_mixin.py:188} INFO - Downloaded customers/date=2026-06-17/customers_190547397974.parquet -> /tmp/minio_downloads/customers_190547397974.parquet
[2026-07-04T14:11:39.177+0000] {logging_mixin.py:188} INFO - Downloaded customers/date=2026-06-17/customers_190547490619.parquet -> /tmp/minio_downloads/customers_190547490619.parquet
[2026-07-04T14:11:39.205+0000] {logging_mixin.py:188} INFO - Downloaded customers/date=2026-06-17/customers_190547572865.parquet -> /tmp/minio_downloads/customers_190547572865.parquet
[2026-07-04T14:11:39.231+0000] {logging_mixin.py:188} INFO - Downloaded customers/date=2026-06-17/customers_190547704148.parquet -> /tmp/minio_downloads/customers_190547704148.parquet
[2026-07-04T14:11:39.253+0000] {logging_mixin.py:188} INFO - Downloaded customers/date=2026-06-17/customers_190547807274.parquet -> /tmp/minio_downloads/customers_190547807274.parquet
[2026-07-04T14:11:39.277+0000] {logging_mixin.py:188} INFO - Downloaded customers/date=2026-06-17/customers_190547917145.parquet -> /tmp/minio_downloads/customers_190547917145.parquet
[2026-07-04T14:11:39.300+0000] {logging_mixin.py:188} INFO - Downloaded customers/date=2026-06-17/customers_190548029999.parquet -> /tmp/minio_downloads/customers_190548029999.parquet
[2026-07-04T14:11:39.324+0000] {logging_mixin.py:188} INFO - Downloaded customers/date=2026-06-17/customers_190548266308.parquet -> /tmp/minio_downloads/customers_190548266308.parquet
[2026-07-04T14:11:39.348+0000] {logging_mixin.py:188} INFO - Downloaded customers/date=2026-06-17/customers_190548394163.parquet -> /tmp/minio_downloads/customers_190548394163.parquet
[2026-07-04T14:11:39.370+0000] {logging_mixin.py:188} INFO - Downloaded customers/date=2026-06-17/customers_190548536088.parquet -> /tmp/minio_downloads/customers_190548536088.parquet
[2026-07-04T14:11:39.393+0000] {logging_mixin.py:188} INFO - Downloaded customers/date=2026-06-17/customers_190548676002.parquet -> /tmp/minio_downloads/customers_190548676002.parquet
[2026-07-04T14:11:39.416+0000] {logging_mixin.py:188} INFO - Downloaded customers/date=2026-06-17/customers_190548771118.parquet -> /tmp/minio_downloads/customers_190548771118.parquet
[2026-07-04T14:11:39.440+0000] {logging_mixin.py:188} INFO - Downloaded customers/date=2026-06-17/customers_190548892969.parquet -> /tmp/minio_downloads/customers_190548892969.parquet
[2026-07-04T14:11:39.465+0000] {logging_mixin.py:188} INFO - Downloaded customers/date=2026-06-17/customers_190549033306.parquet -> /tmp/minio_downloads/customers_190549033306.parquet
[2026-07-04T14:11:39.490+0000] {logging_mixin.py:188} INFO - Downloaded customers/date=2026-06-17/customers_190549230903.parquet -> /tmp/minio_downloads/customers_190549230903.parquet
[2026-07-04T14:11:39.517+0000] {logging_mixin.py:188} INFO - Downloaded customers/date=2026-06-17/customers_190549462742.parquet -> /tmp/minio_downloads/customers_190549462742.parquet
[2026-07-04T14:11:39.544+0000] {logging_mixin.py:188} INFO - Downloaded customers/date=2026-06-17/customers_190549619471.parquet -> /tmp/minio_downloads/customers_190549619471.parquet
[2026-07-04T14:11:39.570+0000] {logging_mixin.py:188} INFO - Downloaded customers/date=2026-06-17/customers_190549770486.parquet -> /tmp/minio_downloads/customers_190549770486.parquet
[2026-07-04T14:11:39.597+0000] {logging_mixin.py:188} INFO - Downloaded customers/date=2026-06-17/customers_190549876529.parquet -> /tmp/minio_downloads/customers_190549876529.parquet
[2026-07-04T14:11:39.622+0000] {logging_mixin.py:188} INFO - Downloaded customers/date=2026-06-17/customers_190549971353.parquet -> /tmp/minio_downloads/customers_190549971353.parquet
[2026-07-04T14:11:39.644+0000] {logging_mixin.py:188} INFO - Downloaded customers/date=2026-06-17/customers_190550068702.parquet -> /tmp/minio_downloads/customers_190550068702.parquet
[2026-07-04T14:11:39.668+0000] {logging_mixin.py:188} INFO - Downloaded customers/date=2026-06-17/customers_190550194333.parquet -> /tmp/minio_downloads/customers_190550194333.parquet
[2026-07-04T14:11:39.692+0000] {logging_mixin.py:188} INFO - Downloaded customers/date=2026-06-17/customers_190550294357.parquet -> /tmp/minio_downloads/customers_190550294357.parquet
[2026-07-04T14:11:39.717+0000] {logging_mixin.py:188} INFO - Downloaded customers/date=2026-06-17/customers_190550397429.parquet -> /tmp/minio_downloads/customers_190550397429.parquet
[2026-07-04T14:11:39.739+0000] {logging_mixin.py:188} INFO - Downloaded customers/date=2026-06-17/customers_190550501208.parquet -> /tmp/minio_downloads/customers_190550501208.parquet
[2026-07-04T14:11:39.764+0000] {logging_mixin.py:188} INFO - Downloaded customers/date=2026-06-17/customers_190550607851.parquet -> /tmp/minio_downloads/customers_190550607851.parquet
[2026-07-04T14:11:39.788+0000] {logging_mixin.py:188} INFO - Downloaded customers/date=2026-06-17/customers_190550700394.parquet -> /tmp/minio_downloads/customers_190550700394.parquet
[2026-07-04T14:11:39.811+0000] {logging_mixin.py:188} INFO - Downloaded customers/date=2026-06-17/customers_190550794280.parquet -> /tmp/minio_downloads/customers_190550794280.parquet
[2026-07-04T14:11:39.834+0000] {logging_mixin.py:188} INFO - Downloaded customers/date=2026-06-17/customers_190550891503.parquet -> /tmp/minio_downloads/customers_190550891503.parquet
[2026-07-04T14:11:39.856+0000] {logging_mixin.py:188} INFO - Downloaded customers/date=2026-06-17/customers_190550994311.parquet -> /tmp/minio_downloads/customers_190550994311.parquet
[2026-07-04T14:11:39.881+0000] {logging_mixin.py:188} INFO - Downloaded customers/date=2026-06-17/customers_190551088520.parquet -> /tmp/minio_downloads/customers_190551088520.parquet
[2026-07-04T14:11:39.911+0000] {logging_mixin.py:188} INFO - Downloaded customers/date=2026-06-17/customers_190551191279.parquet -> /tmp/minio_downloads/customers_190551191279.parquet
[2026-07-04T14:11:39.934+0000] {logging_mixin.py:188} INFO - Downloaded customers/date=2026-06-17/customers_190551320015.parquet -> /tmp/minio_downloads/customers_190551320015.parquet
[2026-07-04T14:11:39.958+0000] {logging_mixin.py:188} INFO - Downloaded customers/date=2026-06-17/customers_190551566283.parquet -> /tmp/minio_downloads/customers_190551566283.parquet
[2026-07-04T14:11:39.982+0000] {logging_mixin.py:188} INFO - Downloaded customers/date=2026-06-17/customers_190551703347.parquet -> /tmp/minio_downloads/customers_190551703347.parquet
[2026-07-04T14:11:40.011+0000] {logging_mixin.py:188} INFO - Downloaded customers/date=2026-06-17/customers_190551812591.parquet -> /tmp/minio_downloads/customers_190551812591.parquet
[2026-07-04T14:11:40.039+0000] {logging_mixin.py:188} INFO - Downloaded customers/date=2026-06-17/customers_190551904318.parquet -> /tmp/minio_downloads/customers_190551904318.parquet
[2026-07-04T14:11:40.070+0000] {logging_mixin.py:188} INFO - Downloaded customers/date=2026-06-17/customers_190552004461.parquet -> /tmp/minio_downloads/customers_190552004461.parquet
[2026-07-04T14:11:40.103+0000] {logging_mixin.py:188} INFO - Downloaded customers/date=2026-06-17/customers_190552097320.parquet -> /tmp/minio_downloads/customers_190552097320.parquet
[2026-07-04T14:11:40.136+0000] {logging_mixin.py:188} INFO - Downloaded customers/date=2026-06-17/customers_190552188541.parquet -> /tmp/minio_downloads/customers_190552188541.parquet
[2026-07-04T14:11:40.175+0000] {logging_mixin.py:188} INFO - Downloaded customers/date=2026-06-17/customers_190552271018.parquet -> /tmp/minio_downloads/customers_190552271018.parquet
[2026-07-04T14:11:40.214+0000] {logging_mixin.py:188} INFO - Downloaded customers/date=2026-06-17/customers_190552375917.parquet -> /tmp/minio_downloads/customers_190552375917.parquet
[2026-07-04T14:11:40.251+0000] {logging_mixin.py:188} INFO - Downloaded customers/date=2026-06-17/customers_190552470373.parquet -> /tmp/minio_downloads/customers_190552470373.parquet
[2026-07-04T14:11:40.288+0000] {logging_mixin.py:188} INFO - Downloaded customers/date=2026-06-17/customers_190552566985.parquet -> /tmp/minio_downloads/customers_190552566985.parquet
[2026-07-04T14:11:40.327+0000] {logging_mixin.py:188} INFO - Downloaded customers/date=2026-06-17/customers_190552655317.parquet -> /tmp/minio_downloads/customers_190552655317.parquet
[2026-07-04T14:11:40.364+0000] {logging_mixin.py:188} INFO - Downloaded customers/date=2026-06-17/customers_190552740056.parquet -> /tmp/minio_downloads/customers_190552740056.parquet
[2026-07-04T14:11:40.401+0000] {logging_mixin.py:188} INFO - Downloaded customers/date=2026-06-17/customers_190552818721.parquet -> /tmp/minio_downloads/customers_190552818721.parquet
[2026-07-04T14:11:40.437+0000] {logging_mixin.py:188} INFO - Downloaded customers/date=2026-06-17/customers_190552890918.parquet -> /tmp/minio_downloads/customers_190552890918.parquet
[2026-07-04T14:11:40.474+0000] {logging_mixin.py:188} INFO - Downloaded customers/date=2026-06-17/customers_190552982498.parquet -> /tmp/minio_downloads/customers_190552982498.parquet
[2026-07-04T14:11:40.503+0000] {logging_mixin.py:188} INFO - Downloaded customers/date=2026-06-17/customers_190553083327.parquet -> /tmp/minio_downloads/customers_190553083327.parquet
[2026-07-04T14:11:40.531+0000] {logging_mixin.py:188} INFO - Downloaded customers/date=2026-06-17/customers_190553154570.parquet -> /tmp/minio_downloads/customers_190553154570.parquet
[2026-07-04T14:11:40.558+0000] {logging_mixin.py:188} INFO - Downloaded customers/date=2026-06-17/customers_190553244293.parquet -> /tmp/minio_downloads/customers_190553244293.parquet
[2026-07-04T14:11:40.587+0000] {logging_mixin.py:188} INFO - Downloaded customers/date=2026-06-17/customers_190553323904.parquet -> /tmp/minio_downloads/customers_190553323904.parquet
[2026-07-04T14:11:40.612+0000] {logging_mixin.py:188} INFO - Downloaded customers/date=2026-06-17/customers_190553400034.parquet -> /tmp/minio_downloads/customers_190553400034.parquet
[2026-07-04T14:11:40.638+0000] {logging_mixin.py:188} INFO - Downloaded customers/date=2026-06-17/customers_190553482689.parquet -> /tmp/minio_downloads/customers_190553482689.parquet
[2026-07-04T14:11:40.666+0000] {logging_mixin.py:188} INFO - Downloaded customers/date=2026-06-17/customers_190553616146.parquet -> /tmp/minio_downloads/customers_190553616146.parquet
[2026-07-04T14:11:40.698+0000] {logging_mixin.py:188} INFO - Downloaded customers/date=2026-06-17/customers_190553728893.parquet -> /tmp/minio_downloads/customers_190553728893.parquet
[2026-07-04T14:11:40.729+0000] {logging_mixin.py:188} INFO - Downloaded customers/date=2026-06-17/customers_190553847463.parquet -> /tmp/minio_downloads/customers_190553847463.parquet
[2026-07-04T14:11:40.755+0000] {logging_mixin.py:188} INFO - Downloaded customers/date=2026-06-17/customers_190553943930.parquet -> /tmp/minio_downloads/customers_190553943930.parquet
[2026-07-04T14:11:40.783+0000] {logging_mixin.py:188} INFO - Downloaded customers/date=2026-06-17/customers_190554040796.parquet -> /tmp/minio_downloads/customers_190554040796.parquet
[2026-07-04T14:11:40.818+0000] {logging_mixin.py:188} INFO - Downloaded customers/date=2026-06-17/customers_190554124900.parquet -> /tmp/minio_downloads/customers_190554124900.parquet
[2026-07-04T14:11:40.843+0000] {logging_mixin.py:188} INFO - Downloaded customers/date=2026-06-17/customers_190554206575.parquet -> /tmp/minio_downloads/customers_190554206575.parquet
[2026-07-04T14:11:40.870+0000] {logging_mixin.py:188} INFO - Downloaded customers/date=2026-06-17/customers_190554290204.parquet -> /tmp/minio_downloads/customers_190554290204.parquet
[2026-07-04T14:11:40.899+0000] {logging_mixin.py:188} INFO - Downloaded customers/date=2026-06-17/customers_190554369148.parquet -> /tmp/minio_downloads/customers_190554369148.parquet
[2026-07-04T14:11:40.928+0000] {logging_mixin.py:188} INFO - Downloaded customers/date=2026-06-17/customers_190554445379.parquet -> /tmp/minio_downloads/customers_190554445379.parquet
[2026-07-04T14:11:40.965+0000] {logging_mixin.py:188} INFO - Downloaded customers/date=2026-06-17/customers_190554526571.parquet -> /tmp/minio_downloads/customers_190554526571.parquet
[2026-07-04T14:11:41.002+0000] {logging_mixin.py:188} INFO - Downloaded customers/date=2026-06-17/customers_190554602653.parquet -> /tmp/minio_downloads/customers_190554602653.parquet
[2026-07-04T14:11:41.040+0000] {logging_mixin.py:188} INFO - Downloaded customers/date=2026-06-17/customers_190554683879.parquet -> /tmp/minio_downloads/customers_190554683879.parquet
[2026-07-04T14:11:41.070+0000] {logging_mixin.py:188} INFO - Downloaded customers/date=2026-06-17/customers_190554773602.parquet -> /tmp/minio_downloads/customers_190554773602.parquet
[2026-07-04T14:11:41.100+0000] {logging_mixin.py:188} INFO - Downloaded customers/date=2026-06-17/customers_190554933217.parquet -> /tmp/minio_downloads/customers_190554933217.parquet
[2026-07-04T14:11:41.130+0000] {logging_mixin.py:188} INFO - Downloaded customers/date=2026-06-17/customers_190555005715.parquet -> /tmp/minio_downloads/customers_190555005715.parquet
[2026-07-04T14:11:41.159+0000] {logging_mixin.py:188} INFO - Downloaded customers/date=2026-06-17/customers_190555089851.parquet -> /tmp/minio_downloads/customers_190555089851.parquet
[2026-07-04T14:11:41.191+0000] {logging_mixin.py:188} INFO - Downloaded customers/date=2026-06-17/customers_190555161408.parquet -> /tmp/minio_downloads/customers_190555161408.parquet
[2026-07-04T14:11:41.233+0000] {logging_mixin.py:188} INFO - Downloaded customers/date=2026-06-17/customers_190555256911.parquet -> /tmp/minio_downloads/customers_190555256911.parquet
[2026-07-04T14:11:41.269+0000] {logging_mixin.py:188} INFO - Downloaded customers/date=2026-06-17/customers_190555353917.parquet -> /tmp/minio_downloads/customers_190555353917.parquet
[2026-07-04T14:11:41.297+0000] {logging_mixin.py:188} INFO - Downloaded customers/date=2026-06-17/customers_190555431817.parquet -> /tmp/minio_downloads/customers_190555431817.parquet
[2026-07-04T14:11:41.325+0000] {logging_mixin.py:188} INFO - Downloaded customers/date=2026-06-17/customers_190555499395.parquet -> /tmp/minio_downloads/customers_190555499395.parquet
[2026-07-04T14:11:41.352+0000] {logging_mixin.py:188} INFO - Downloaded customers/date=2026-06-17/customers_190555586984.parquet -> /tmp/minio_downloads/customers_190555586984.parquet
[2026-07-04T14:11:41.379+0000] {logging_mixin.py:188} INFO - Downloaded customers/date=2026-06-17/customers_190555668631.parquet -> /tmp/minio_downloads/customers_190555668631.parquet
[2026-07-04T14:11:41.406+0000] {logging_mixin.py:188} INFO - Downloaded customers/date=2026-06-17/customers_190555751900.parquet -> /tmp/minio_downloads/customers_190555751900.parquet
[2026-07-04T14:11:41.431+0000] {logging_mixin.py:188} INFO - Downloaded customers/date=2026-06-17/customers_190555819915.parquet -> /tmp/minio_downloads/customers_190555819915.parquet
[2026-07-04T14:11:41.455+0000] {logging_mixin.py:188} INFO - Downloaded customers/date=2026-06-17/customers_190555925301.parquet -> /tmp/minio_downloads/customers_190555925301.parquet
[2026-07-04T14:11:41.482+0000] {logging_mixin.py:188} INFO - Downloaded customers/date=2026-06-17/customers_190556047856.parquet -> /tmp/minio_downloads/customers_190556047856.parquet
[2026-07-04T14:11:41.509+0000] {logging_mixin.py:188} INFO - Downloaded customers/date=2026-06-17/customers_190556143987.parquet -> /tmp/minio_downloads/customers_190556143987.parquet
[2026-07-04T14:11:41.537+0000] {logging_mixin.py:188} INFO - Downloaded customers/date=2026-06-17/customers_190556253700.parquet -> /tmp/minio_downloads/customers_190556253700.parquet
[2026-07-04T14:11:41.567+0000] {logging_mixin.py:188} INFO - Downloaded customers/date=2026-06-17/customers_190556338588.parquet -> /tmp/minio_downloads/customers_190556338588.parquet
[2026-07-04T14:11:41.595+0000] {logging_mixin.py:188} INFO - Downloaded customers/date=2026-06-17/customers_190556440622.parquet -> /tmp/minio_downloads/customers_190556440622.parquet
[2026-07-04T14:11:41.626+0000] {logging_mixin.py:188} INFO - Downloaded customers/date=2026-06-17/customers_190556537359.parquet -> /tmp/minio_downloads/customers_190556537359.parquet
[2026-07-04T14:11:41.656+0000] {logging_mixin.py:188} INFO - Downloaded customers/date=2026-06-17/customers_190556621103.parquet -> /tmp/minio_downloads/customers_190556621103.parquet
[2026-07-04T14:11:41.687+0000] {logging_mixin.py:188} INFO - Downloaded customers/date=2026-06-17/customers_190556706405.parquet -> /tmp/minio_downloads/customers_190556706405.parquet
[2026-07-04T14:11:41.718+0000] {logging_mixin.py:188} INFO - Downloaded customers/date=2026-06-17/customers_190556796662.parquet -> /tmp/minio_downloads/customers_190556796662.parquet
[2026-07-04T14:11:41.746+0000] {logging_mixin.py:188} INFO - Downloaded customers/date=2026-06-17/customers_190556890154.parquet -> /tmp/minio_downloads/customers_190556890154.parquet
[2026-07-04T14:11:41.773+0000] {logging_mixin.py:188} INFO - Downloaded customers/date=2026-06-17/customers_190556969691.parquet -> /tmp/minio_downloads/customers_190556969691.parquet
[2026-07-04T14:11:41.798+0000] {logging_mixin.py:188} INFO - Downloaded customers/date=2026-06-17/customers_190557052913.parquet -> /tmp/minio_downloads/customers_190557052913.parquet
[2026-07-04T14:11:41.824+0000] {logging_mixin.py:188} INFO - Downloaded customers/date=2026-06-17/customers_190557134088.parquet -> /tmp/minio_downloads/customers_190557134088.parquet
[2026-07-04T14:11:41.852+0000] {logging_mixin.py:188} INFO - Downloaded customers/date=2026-06-17/customers_190557235739.parquet -> /tmp/minio_downloads/customers_190557235739.parquet
[2026-07-04T14:11:41.879+0000] {logging_mixin.py:188} INFO - Downloaded customers/date=2026-06-17/customers_190557322343.parquet -> /tmp/minio_downloads/customers_190557322343.parquet
[2026-07-04T14:11:41.906+0000] {logging_mixin.py:188} INFO - Downloaded customers/date=2026-06-17/customers_190557415782.parquet -> /tmp/minio_downloads/customers_190557415782.parquet
[2026-07-04T14:11:41.932+0000] {logging_mixin.py:188} INFO - Downloaded customers/date=2026-06-17/customers_190557512593.parquet -> /tmp/minio_downloads/customers_190557512593.parquet
[2026-07-04T14:11:41.962+0000] {logging_mixin.py:188} INFO - Downloaded customers/date=2026-06-17/customers_190557597119.parquet -> /tmp/minio_downloads/customers_190557597119.parquet
[2026-07-04T14:11:41.989+0000] {logging_mixin.py:188} INFO - Downloaded customers/date=2026-06-17/customers_190557690572.parquet -> /tmp/minio_downloads/customers_190557690572.parquet
[2026-07-04T14:11:42.015+0000] {logging_mixin.py:188} INFO - Downloaded customers/date=2026-06-17/customers_190557790451.parquet -> /tmp/minio_downloads/customers_190557790451.parquet
[2026-07-04T14:11:42.043+0000] {logging_mixin.py:188} INFO - Downloaded customers/date=2026-06-17/customers_190557884076.parquet -> /tmp/minio_downloads/customers_190557884076.parquet
[2026-07-04T14:11:42.071+0000] {logging_mixin.py:188} INFO - Downloaded customers/date=2026-06-17/customers_190557952718.parquet -> /tmp/minio_downloads/customers_190557952718.parquet
[2026-07-04T14:11:42.098+0000] {logging_mixin.py:188} INFO - Downloaded customers/date=2026-06-17/customers_190558043136.parquet -> /tmp/minio_downloads/customers_190558043136.parquet
[2026-07-04T14:11:42.125+0000] {logging_mixin.py:188} INFO - Downloaded customers/date=2026-06-17/customers_190558136663.parquet -> /tmp/minio_downloads/customers_190558136663.parquet
[2026-07-04T14:11:42.150+0000] {logging_mixin.py:188} INFO - Downloaded customers/date=2026-06-17/customers_190558241585.parquet -> /tmp/minio_downloads/customers_190558241585.parquet
[2026-07-04T14:11:42.175+0000] {logging_mixin.py:188} INFO - Downloaded customers/date=2026-06-17/customers_190558350426.parquet -> /tmp/minio_downloads/customers_190558350426.parquet
[2026-07-04T14:11:42.201+0000] {logging_mixin.py:188} INFO - Downloaded customers/date=2026-06-17/customers_190558444960.parquet -> /tmp/minio_downloads/customers_190558444960.parquet
[2026-07-04T14:11:42.228+0000] {logging_mixin.py:188} INFO - Downloaded customers/date=2026-06-17/customers_190558539041.parquet -> /tmp/minio_downloads/customers_190558539041.parquet
[2026-07-04T14:11:42.254+0000] {logging_mixin.py:188} INFO - Downloaded customers/date=2026-06-17/customers_190558630829.parquet -> /tmp/minio_downloads/customers_190558630829.parquet
[2026-07-04T14:11:42.281+0000] {logging_mixin.py:188} INFO - Downloaded customers/date=2026-06-17/customers_190558717625.parquet -> /tmp/minio_downloads/customers_190558717625.parquet
[2026-07-04T14:11:42.305+0000] {logging_mixin.py:188} INFO - Downloaded customers/date=2026-06-17/customers_190558792850.parquet -> /tmp/minio_downloads/customers_190558792850.parquet
[2026-07-04T14:11:42.330+0000] {logging_mixin.py:188} INFO - Downloaded customers/date=2026-06-17/customers_190558901725.parquet -> /tmp/minio_downloads/customers_190558901725.parquet
[2026-07-04T14:11:42.354+0000] {logging_mixin.py:188} INFO - Downloaded customers/date=2026-06-17/customers_190559015858.parquet -> /tmp/minio_downloads/customers_190559015858.parquet
[2026-07-04T14:11:42.379+0000] {logging_mixin.py:188} INFO - Downloaded customers/date=2026-06-17/customers_190559103649.parquet -> /tmp/minio_downloads/customers_190559103649.parquet
[2026-07-04T14:11:42.405+0000] {logging_mixin.py:188} INFO - Downloaded customers/date=2026-06-17/customers_190559196766.parquet -> /tmp/minio_downloads/customers_190559196766.parquet
[2026-07-04T14:11:42.432+0000] {logging_mixin.py:188} INFO - Downloaded customers/date=2026-06-17/customers_190559293720.parquet -> /tmp/minio_downloads/customers_190559293720.parquet
[2026-07-04T14:11:42.458+0000] {logging_mixin.py:188} INFO - Downloaded customers/date=2026-06-17/customers_190559374608.parquet -> /tmp/minio_downloads/customers_190559374608.parquet
[2026-07-04T14:11:42.484+0000] {logging_mixin.py:188} INFO - Downloaded customers/date=2026-06-17/customers_190559468836.parquet -> /tmp/minio_downloads/customers_190559468836.parquet
[2026-07-04T14:11:42.509+0000] {logging_mixin.py:188} INFO - Downloaded customers/date=2026-06-17/customers_190559580870.parquet -> /tmp/minio_downloads/customers_190559580870.parquet
[2026-07-04T14:11:42.535+0000] {logging_mixin.py:188} INFO - Downloaded customers/date=2026-06-17/customers_190559682140.parquet -> /tmp/minio_downloads/customers_190559682140.parquet
[2026-07-04T14:11:42.560+0000] {logging_mixin.py:188} INFO - Downloaded customers/date=2026-06-17/customers_190559763988.parquet -> /tmp/minio_downloads/customers_190559763988.parquet
[2026-07-04T14:11:42.586+0000] {logging_mixin.py:188} INFO - Downloaded customers/date=2026-06-17/customers_190559852149.parquet -> /tmp/minio_downloads/customers_190559852149.parquet
[2026-07-04T14:11:42.611+0000] {logging_mixin.py:188} INFO - Downloaded customers/date=2026-06-17/customers_190559937093.parquet -> /tmp/minio_downloads/customers_190559937093.parquet
[2026-07-04T14:11:42.637+0000] {logging_mixin.py:188} INFO - Downloaded customers/date=2026-06-17/customers_190600058927.parquet -> /tmp/minio_downloads/customers_190600058927.parquet
[2026-07-04T14:11:42.663+0000] {logging_mixin.py:188} INFO - Downloaded customers/date=2026-06-17/customers_190600150855.parquet -> /tmp/minio_downloads/customers_190600150855.parquet
[2026-07-04T14:11:42.687+0000] {logging_mixin.py:188} INFO - Downloaded customers/date=2026-06-17/customers_190600259701.parquet -> /tmp/minio_downloads/customers_190600259701.parquet
[2026-07-04T14:11:42.712+0000] {logging_mixin.py:188} INFO - Downloaded customers/date=2026-06-17/customers_190600371122.parquet -> /tmp/minio_downloads/customers_190600371122.parquet
[2026-07-04T14:11:42.739+0000] {logging_mixin.py:188} INFO - Downloaded customers/date=2026-06-17/customers_190600449337.parquet -> /tmp/minio_downloads/customers_190600449337.parquet
[2026-07-04T14:11:42.762+0000] {logging_mixin.py:188} INFO - Downloaded customers/date=2026-06-17/customers_190600552087.parquet -> /tmp/minio_downloads/customers_190600552087.parquet
[2026-07-04T14:11:42.789+0000] {logging_mixin.py:188} INFO - Downloaded customers/date=2026-06-17/customers_190600644467.parquet -> /tmp/minio_downloads/customers_190600644467.parquet
[2026-07-04T14:11:42.815+0000] {logging_mixin.py:188} INFO - Downloaded customers/date=2026-06-17/customers_190600737678.parquet -> /tmp/minio_downloads/customers_190600737678.parquet
[2026-07-04T14:11:42.843+0000] {logging_mixin.py:188} INFO - Downloaded customers/date=2026-06-17/customers_190600838623.parquet -> /tmp/minio_downloads/customers_190600838623.parquet
[2026-07-04T14:11:42.868+0000] {logging_mixin.py:188} INFO - Downloaded customers/date=2026-06-17/customers_190600920539.parquet -> /tmp/minio_downloads/customers_190600920539.parquet
[2026-07-04T14:11:42.894+0000] {logging_mixin.py:188} INFO - Downloaded customers/date=2026-06-17/customers_190601010696.parquet -> /tmp/minio_downloads/customers_190601010696.parquet
[2026-07-04T14:11:42.920+0000] {logging_mixin.py:188} INFO - Downloaded customers/date=2026-06-17/customers_190601088803.parquet -> /tmp/minio_downloads/customers_190601088803.parquet
[2026-07-04T14:11:42.945+0000] {logging_mixin.py:188} INFO - Downloaded customers/date=2026-06-17/customers_190601188047.parquet -> /tmp/minio_downloads/customers_190601188047.parquet
[2026-07-04T14:11:42.969+0000] {logging_mixin.py:188} INFO - Downloaded customers/date=2026-06-17/customers_190601264029.parquet -> /tmp/minio_downloads/customers_190601264029.parquet
[2026-07-04T14:11:42.993+0000] {logging_mixin.py:188} INFO - Downloaded customers/date=2026-06-17/customers_190601380956.parquet -> /tmp/minio_downloads/customers_190601380956.parquet
[2026-07-04T14:11:43.015+0000] {logging_mixin.py:188} INFO - Downloaded customers/date=2026-06-17/customers_190601476373.parquet -> /tmp/minio_downloads/customers_190601476373.parquet
[2026-07-04T14:11:43.041+0000] {logging_mixin.py:188} INFO - Downloaded customers/date=2026-06-17/customers_190601577554.parquet -> /tmp/minio_downloads/customers_190601577554.parquet
[2026-07-04T14:11:43.068+0000] {logging_mixin.py:188} INFO - Downloaded customers/date=2026-06-17/customers_190601685124.parquet -> /tmp/minio_downloads/customers_190601685124.parquet
[2026-07-04T14:11:43.095+0000] {logging_mixin.py:188} INFO - Downloaded customers/date=2026-06-17/customers_190601764878.parquet -> /tmp/minio_downloads/customers_190601764878.parquet
[2026-07-04T14:11:43.122+0000] {logging_mixin.py:188} INFO - Downloaded customers/date=2026-06-17/customers_190601852702.parquet -> /tmp/minio_downloads/customers_190601852702.parquet
[2026-07-04T14:11:43.148+0000] {logging_mixin.py:188} INFO - Downloaded customers/date=2026-06-17/customers_190601940269.parquet -> /tmp/minio_downloads/customers_190601940269.parquet
[2026-07-04T14:11:43.175+0000] {logging_mixin.py:188} INFO - Downloaded customers/date=2026-06-17/customers_190602033750.parquet -> /tmp/minio_downloads/customers_190602033750.parquet
[2026-07-04T14:11:43.200+0000] {logging_mixin.py:188} INFO - Downloaded customers/date=2026-06-17/customers_190602126486.parquet -> /tmp/minio_downloads/customers_190602126486.parquet
[2026-07-04T14:11:43.224+0000] {logging_mixin.py:188} INFO - Downloaded customers/date=2026-06-17/customers_190602227982.parquet -> /tmp/minio_downloads/customers_190602227982.parquet
[2026-07-04T14:11:43.249+0000] {logging_mixin.py:188} INFO - Downloaded customers/date=2026-06-17/customers_190602332080.parquet -> /tmp/minio_downloads/customers_190602332080.parquet
[2026-07-04T14:11:43.275+0000] {logging_mixin.py:188} INFO - Downloaded customers/date=2026-06-17/customers_190602407815.parquet -> /tmp/minio_downloads/customers_190602407815.parquet
[2026-07-04T14:11:43.300+0000] {logging_mixin.py:188} INFO - Downloaded customers/date=2026-06-17/customers_190602507554.parquet -> /tmp/minio_downloads/customers_190602507554.parquet
[2026-07-04T14:11:43.325+0000] {logging_mixin.py:188} INFO - Downloaded customers/date=2026-06-17/customers_190602606187.parquet -> /tmp/minio_downloads/customers_190602606187.parquet
[2026-07-04T14:11:43.349+0000] {logging_mixin.py:188} INFO - Downloaded customers/date=2026-06-17/customers_190602713957.parquet -> /tmp/minio_downloads/customers_190602713957.parquet
[2026-07-04T14:11:43.374+0000] {logging_mixin.py:188} INFO - Downloaded customers/date=2026-06-17/customers_190602803821.parquet -> /tmp/minio_downloads/customers_190602803821.parquet
[2026-07-04T14:11:43.397+0000] {logging_mixin.py:188} INFO - Downloaded customers/date=2026-06-17/customers_190602892941.parquet -> /tmp/minio_downloads/customers_190602892941.parquet
[2026-07-04T14:11:43.420+0000] {logging_mixin.py:188} INFO - Downloaded customers/date=2026-06-17/customers_190602976217.parquet -> /tmp/minio_downloads/customers_190602976217.parquet
[2026-07-04T14:11:43.444+0000] {logging_mixin.py:188} INFO - Downloaded customers/date=2026-06-17/customers_190603061176.parquet -> /tmp/minio_downloads/customers_190603061176.parquet
[2026-07-04T14:11:43.468+0000] {logging_mixin.py:188} INFO - Downloaded customers/date=2026-06-17/customers_190603164697.parquet -> /tmp/minio_downloads/customers_190603164697.parquet
[2026-07-04T14:11:43.491+0000] {logging_mixin.py:188} INFO - Downloaded customers/date=2026-06-17/customers_190603285424.parquet -> /tmp/minio_downloads/customers_190603285424.parquet
[2026-07-04T14:11:43.514+0000] {logging_mixin.py:188} INFO - Downloaded customers/date=2026-06-17/customers_190603398352.parquet -> /tmp/minio_downloads/customers_190603398352.parquet
[2026-07-04T14:11:43.539+0000] {logging_mixin.py:188} INFO - Downloaded customers/date=2026-06-17/customers_190603488359.parquet -> /tmp/minio_downloads/customers_190603488359.parquet
[2026-07-04T14:11:43.562+0000] {logging_mixin.py:188} INFO - Downloaded customers/date=2026-06-17/customers_190603597418.parquet -> /tmp/minio_downloads/customers_190603597418.parquet
[2026-07-04T14:11:43.585+0000] {logging_mixin.py:188} INFO - Downloaded customers/date=2026-06-17/customers_190603692834.parquet -> /tmp/minio_downloads/customers_190603692834.parquet
[2026-07-04T14:11:43.607+0000] {logging_mixin.py:188} INFO - Downloaded customers/date=2026-06-17/customers_190603796704.parquet -> /tmp/minio_downloads/customers_190603796704.parquet
[2026-07-04T14:11:43.630+0000] {logging_mixin.py:188} INFO - Downloaded customers/date=2026-06-17/customers_190603881793.parquet -> /tmp/minio_downloads/customers_190603881793.parquet
[2026-07-04T14:11:43.653+0000] {logging_mixin.py:188} INFO - Downloaded customers/date=2026-06-17/customers_190603963319.parquet -> /tmp/minio_downloads/customers_190603963319.parquet
[2026-07-04T14:11:43.676+0000] {logging_mixin.py:188} INFO - Downloaded customers/date=2026-06-17/customers_190604047318.parquet -> /tmp/minio_downloads/customers_190604047318.parquet
[2026-07-04T14:11:43.697+0000] {logging_mixin.py:188} INFO - Downloaded customers/date=2026-06-17/customers_190604147440.parquet -> /tmp/minio_downloads/customers_190604147440.parquet
[2026-07-04T14:11:43.720+0000] {logging_mixin.py:188} INFO - Downloaded customers/date=2026-06-17/customers_190604238914.parquet -> /tmp/minio_downloads/customers_190604238914.parquet
[2026-07-04T14:11:43.745+0000] {logging_mixin.py:188} INFO - Downloaded customers/date=2026-06-17/customers_190604336354.parquet -> /tmp/minio_downloads/customers_190604336354.parquet
[2026-07-04T14:11:43.767+0000] {logging_mixin.py:188} INFO - Downloaded customers/date=2026-06-17/customers_190604431344.parquet -> /tmp/minio_downloads/customers_190604431344.parquet
[2026-07-04T14:11:43.791+0000] {logging_mixin.py:188} INFO - Downloaded customers/date=2026-06-17/customers_190604532238.parquet -> /tmp/minio_downloads/customers_190604532238.parquet
[2026-07-04T14:11:43.816+0000] {logging_mixin.py:188} INFO - Downloaded customers/date=2026-06-17/customers_190604640638.parquet -> /tmp/minio_downloads/customers_190604640638.parquet
[2026-07-04T14:11:43.843+0000] {logging_mixin.py:188} INFO - Downloaded customers/date=2026-06-17/customers_190604745426.parquet -> /tmp/minio_downloads/customers_190604745426.parquet
[2026-07-04T14:11:43.872+0000] {logging_mixin.py:188} INFO - Downloaded customers/date=2026-06-17/customers_190604853795.parquet -> /tmp/minio_downloads/customers_190604853795.parquet
[2026-07-04T14:11:43.902+0000] {logging_mixin.py:188} INFO - Downloaded customers/date=2026-06-17/customers_190604949876.parquet -> /tmp/minio_downloads/customers_190604949876.parquet
[2026-07-04T14:11:43.935+0000] {logging_mixin.py:188} INFO - Downloaded customers/date=2026-06-17/customers_190605047664.parquet -> /tmp/minio_downloads/customers_190605047664.parquet
[2026-07-04T14:11:43.960+0000] {logging_mixin.py:188} INFO - Downloaded customers/date=2026-06-17/customers_190605151340.parquet -> /tmp/minio_downloads/customers_190605151340.parquet
[2026-07-04T14:11:43.988+0000] {logging_mixin.py:188} INFO - Downloaded customers/date=2026-06-17/customers_190605242379.parquet -> /tmp/minio_downloads/customers_190605242379.parquet
[2026-07-04T14:11:44.017+0000] {logging_mixin.py:188} INFO - Downloaded customers/date=2026-06-17/customers_190605328123.parquet -> /tmp/minio_downloads/customers_190605328123.parquet
[2026-07-04T14:11:44.048+0000] {logging_mixin.py:188} INFO - Downloaded customers/date=2026-06-17/customers_190605429788.parquet -> /tmp/minio_downloads/customers_190605429788.parquet
[2026-07-04T14:11:44.082+0000] {logging_mixin.py:188} INFO - Downloaded customers/date=2026-06-17/customers_190605514488.parquet -> /tmp/minio_downloads/customers_190605514488.parquet
[2026-07-04T14:11:44.112+0000] {logging_mixin.py:188} INFO - Downloaded customers/date=2026-06-17/customers_190605675520.parquet -> /tmp/minio_downloads/customers_190605675520.parquet
[2026-07-04T14:11:44.141+0000] {logging_mixin.py:188} INFO - Downloaded customers/date=2026-06-17/customers_190605766443.parquet -> /tmp/minio_downloads/customers_190605766443.parquet
[2026-07-04T14:11:44.167+0000] {logging_mixin.py:188} INFO - Downloaded customers/date=2026-06-17/customers_190605861566.parquet -> /tmp/minio_downloads/customers_190605861566.parquet
[2026-07-04T14:11:44.192+0000] {logging_mixin.py:188} INFO - Downloaded customers/date=2026-06-17/customers_190605946062.parquet -> /tmp/minio_downloads/customers_190605946062.parquet
[2026-07-04T14:11:44.218+0000] {logging_mixin.py:188} INFO - Downloaded customers/date=2026-06-17/customers_190606011561.parquet -> /tmp/minio_downloads/customers_190606011561.parquet
[2026-07-04T14:11:44.241+0000] {logging_mixin.py:188} INFO - Downloaded customers/date=2026-06-17/customers_190606111886.parquet -> /tmp/minio_downloads/customers_190606111886.parquet
[2026-07-04T14:11:44.266+0000] {logging_mixin.py:188} INFO - Downloaded customers/date=2026-06-17/customers_190606214230.parquet -> /tmp/minio_downloads/customers_190606214230.parquet
[2026-07-04T14:11:44.292+0000] {logging_mixin.py:188} INFO - Downloaded customers/date=2026-06-17/customers_190606301360.parquet -> /tmp/minio_downloads/customers_190606301360.parquet
[2026-07-04T14:11:44.319+0000] {logging_mixin.py:188} INFO - Downloaded customers/date=2026-06-17/customers_190606396157.parquet -> /tmp/minio_downloads/customers_190606396157.parquet
[2026-07-04T14:11:44.343+0000] {logging_mixin.py:188} INFO - Downloaded customers/date=2026-06-17/customers_190606472720.parquet -> /tmp/minio_downloads/customers_190606472720.parquet
[2026-07-04T14:11:44.368+0000] {logging_mixin.py:188} INFO - Downloaded customers/date=2026-06-17/customers_190606558971.parquet -> /tmp/minio_downloads/customers_190606558971.parquet
[2026-07-04T14:11:44.392+0000] {logging_mixin.py:188} INFO - Downloaded customers/date=2026-06-17/customers_190606651803.parquet -> /tmp/minio_downloads/customers_190606651803.parquet
[2026-07-04T14:11:44.419+0000] {logging_mixin.py:188} INFO - Downloaded customers/date=2026-06-17/customers_190606758259.parquet -> /tmp/minio_downloads/customers_190606758259.parquet
[2026-07-04T14:11:44.444+0000] {logging_mixin.py:188} INFO - Downloaded customers/date=2026-06-17/customers_190606905015.parquet -> /tmp/minio_downloads/customers_190606905015.parquet
[2026-07-04T14:11:44.467+0000] {logging_mixin.py:188} INFO - Downloaded customers/date=2026-06-17/customers_190606999522.parquet -> /tmp/minio_downloads/customers_190606999522.parquet
[2026-07-04T14:11:44.490+0000] {logging_mixin.py:188} INFO - Downloaded customers/date=2026-06-17/customers_190607098445.parquet -> /tmp/minio_downloads/customers_190607098445.parquet
[2026-07-04T14:11:44.518+0000] {logging_mixin.py:188} INFO - Downloaded customers/date=2026-06-17/customers_190607219767.parquet -> /tmp/minio_downloads/customers_190607219767.parquet
[2026-07-04T14:11:44.542+0000] {logging_mixin.py:188} INFO - Downloaded customers/date=2026-06-17/customers_190607332437.parquet -> /tmp/minio_downloads/customers_190607332437.parquet
[2026-07-04T14:11:44.565+0000] {logging_mixin.py:188} INFO - Downloaded customers/date=2026-06-17/customers_190607429683.parquet -> /tmp/minio_downloads/customers_190607429683.parquet
[2026-07-04T14:11:44.591+0000] {logging_mixin.py:188} INFO - Downloaded customers/date=2026-06-17/customers_190607544099.parquet -> /tmp/minio_downloads/customers_190607544099.parquet
[2026-07-04T14:11:44.616+0000] {logging_mixin.py:188} INFO - Downloaded customers/date=2026-06-17/customers_190607679582.parquet -> /tmp/minio_downloads/customers_190607679582.parquet
[2026-07-04T14:11:44.643+0000] {logging_mixin.py:188} INFO - Downloaded customers/date=2026-06-17/customers_190607821362.parquet -> /tmp/minio_downloads/customers_190607821362.parquet
[2026-07-04T14:11:44.668+0000] {logging_mixin.py:188} INFO - Downloaded customers/date=2026-06-17/customers_190608018780.parquet -> /tmp/minio_downloads/customers_190608018780.parquet
[2026-07-04T14:11:44.692+0000] {logging_mixin.py:188} INFO - Downloaded customers/date=2026-06-17/customers_190608136287.parquet -> /tmp/minio_downloads/customers_190608136287.parquet
[2026-07-04T14:11:44.717+0000] {logging_mixin.py:188} INFO - Downloaded customers/date=2026-06-17/customers_190608245277.parquet -> /tmp/minio_downloads/customers_190608245277.parquet
[2026-07-04T14:11:44.743+0000] {logging_mixin.py:188} INFO - Downloaded customers/date=2026-06-17/customers_190608355024.parquet -> /tmp/minio_downloads/customers_190608355024.parquet
[2026-07-04T14:11:44.770+0000] {logging_mixin.py:188} INFO - Downloaded customers/date=2026-06-17/customers_190608472379.parquet -> /tmp/minio_downloads/customers_190608472379.parquet
[2026-07-04T14:11:44.794+0000] {logging_mixin.py:188} INFO - Downloaded customers/date=2026-06-17/customers_190608572915.parquet -> /tmp/minio_downloads/customers_190608572915.parquet
[2026-07-04T14:11:44.818+0000] {logging_mixin.py:188} INFO - Downloaded customers/date=2026-06-17/customers_190608659517.parquet -> /tmp/minio_downloads/customers_190608659517.parquet
[2026-07-04T14:11:44.842+0000] {logging_mixin.py:188} INFO - Downloaded customers/date=2026-06-17/customers_190608756216.parquet -> /tmp/minio_downloads/customers_190608756216.parquet
[2026-07-04T14:11:44.867+0000] {logging_mixin.py:188} INFO - Downloaded customers/date=2026-06-17/customers_190608849431.parquet -> /tmp/minio_downloads/customers_190608849431.parquet
[2026-07-04T14:11:44.889+0000] {logging_mixin.py:188} INFO - Downloaded customers/date=2026-06-17/customers_190608959528.parquet -> /tmp/minio_downloads/customers_190608959528.parquet
[2026-07-04T14:11:44.912+0000] {python.py:237} INFO - Done. Returned value was: {'customers': ['/tmp/minio_downloads/customers_190118474101.parquet', '/tmp/minio_downloads/customers_190118558805.parquet', '/tmp/minio_downloads/customers_190118637451.parquet', '/tmp/minio_downloads/customers_190118704077.parquet', '/tmp/minio_downloads/customers_190118757294.parquet', '/tmp/minio_downloads/customers_190118804450.parquet', '/tmp/minio_downloads/customers_190118859377.parquet', '/tmp/minio_downloads/customers_190118909807.parquet', '/tmp/minio_downloads/customers_190118962070.parquet', '/tmp/minio_downloads/customers_190119013345.parquet', '/tmp/minio_downloads/customers_190119066490.parquet', '/tmp/minio_downloads/customers_190119139754.parquet', '/tmp/minio_downloads/customers_190119263543.parquet', '/tmp/minio_downloads/customers_190119390209.parquet', '/tmp/minio_downloads/customers_190119463358.parquet', '/tmp/minio_downloads/customers_190119548561.parquet', '/tmp/minio_downloads/customers_190119628300.parquet', '/tmp/minio_downloads/customers_190119731265.parquet', '/tmp/minio_downloads/customers_190119816203.parquet', '/tmp/minio_downloads/customers_190119905698.parquet', '/tmp/minio_downloads/customers_190120040271.parquet', '/tmp/minio_downloads/customers_190120132786.parquet', '/tmp/minio_downloads/customers_190120201937.parquet', '/tmp/minio_downloads/customers_190120279098.parquet', '/tmp/minio_downloads/customers_190120349697.parquet', '/tmp/minio_downloads/customers_190120432051.parquet', '/tmp/minio_downloads/customers_190120568706.parquet', '/tmp/minio_downloads/customers_190120649298.parquet', '/tmp/minio_downloads/customers_190120717788.parquet', '/tmp/minio_downloads/customers_190120785337.parquet', '/tmp/minio_downloads/customers_190120832918.parquet', '/tmp/minio_downloads/customers_190120902521.parquet', '/tmp/minio_downloads/customers_190120964409.parquet', '/tmp/minio_downloads/customers_190121020503.parquet', '/tmp/minio_downloads/customers_190121089337.parquet', '/tmp/minio_downloads/customers_190121147140.parquet', '/tmp/minio_downloads/customers_190121236766.parquet', '/tmp/minio_downloads/customers_190121314374.parquet', '/tmp/minio_downloads/customers_190121389208.parquet', '/tmp/minio_downloads/customers_190121470589.parquet', '/tmp/minio_downloads/customers_190121557173.parquet', '/tmp/minio_downloads/customers_190121635672.parquet', '/tmp/minio_downloads/customers_190121708765.parquet', '/tmp/minio_downloads/customers_190121774496.parquet', '/tmp/minio_downloads/customers_190121828872.parquet', '/tmp/minio_downloads/customers_190121884665.parquet', '/tmp/minio_downloads/customers_190121936133.parquet', '/tmp/minio_downloads/customers_190121986968.parquet', '/tmp/minio_downloads/customers_190122038502.parquet', '/tmp/minio_downloads/customers_190122087552.parquet', '/tmp/minio_downloads/customers_190122199861.parquet', '/tmp/minio_downloads/customers_190122288107.parquet', '/tmp/minio_downloads/customers_190122362702.parquet', '/tmp/minio_downloads/customers_190122426397.parquet', '/tmp/minio_downloads/customers_190122496594.parquet', '/tmp/minio_downloads/customers_190122575921.parquet', '/tmp/minio_downloads/customers_190122666732.parquet', '/tmp/minio_downloads/customers_190122744017.parquet', '/tmp/minio_downloads/customers_190122803790.parquet', '/tmp/minio_downloads/customers_190122866720.parquet', '/tmp/minio_downloads/customers_190122917755.parquet', '/tmp/minio_downloads/customers_190122965839.parquet', '/tmp/minio_downloads/customers_190123017563.parquet', '/tmp/minio_downloads/customers_190123087773.parquet', '/tmp/minio_downloads/customers_190123155911.parquet', '/tmp/minio_downloads/customers_190123225422.parquet', '/tmp/minio_downloads/customers_190123295060.parquet', '/tmp/minio_downloads/customers_190123375883.parquet', '/tmp/minio_downloads/customers_190123461445.parquet', '/tmp/minio_downloads/customers_190123549403.parquet', '/tmp/minio_downloads/customers_190123629735.parquet', '/tmp/minio_downloads/customers_190123712537.parquet', '/tmp/minio_downloads/customers_190123785855.parquet', '/tmp/minio_downloads/customers_190123852768.parquet', '/tmp/minio_downloads/customers_190123936501.parquet', '/tmp/minio_downloads/customers_190124033849.parquet', '/tmp/minio_downloads/customers_190124166322.parquet', '/tmp/minio_downloads/customers_190124239295.parquet', '/tmp/minio_downloads/customers_190124308641.parquet', '/tmp/minio_downloads/customers_190124367126.parquet', '/tmp/minio_downloads/customers_190124438120.parquet', '/tmp/minio_downloads/customers_190124506813.parquet', '/tmp/minio_downloads/customers_190124577918.parquet', '/tmp/minio_downloads/customers_190124645052.parquet', '/tmp/minio_downloads/customers_190124698144.parquet', '/tmp/minio_downloads/customers_190124750698.parquet', '/tmp/minio_downloads/customers_190124860523.parquet', '/tmp/minio_downloads/customers_190124942262.parquet', '/tmp/minio_downloads/customers_190125013131.parquet', '/tmp/minio_downloads/customers_190125105286.parquet', '/tmp/minio_downloads/customers_190125202440.parquet', '/tmp/minio_downloads/customers_190125298099.parquet', '/tmp/minio_downloads/customers_190125375584.parquet', '/tmp/minio_downloads/customers_190125437993.parquet', '/tmp/minio_downloads/customers_190125502586.parquet', '/tmp/minio_downloads/customers_190125580897.parquet', '/tmp/minio_downloads/customers_190125642474.parquet', '/tmp/minio_downloads/customers_190125701048.parquet', '/tmp/minio_downloads/customers_190125761080.parquet', '/tmp/minio_downloads/customers_190125833530.parquet', '/tmp/minio_downloads/customers_190125898658.parquet', '/tmp/minio_downloads/customers_190125975991.parquet', '/tmp/minio_downloads/customers_190126066822.parquet', '/tmp/minio_downloads/customers_190126198505.parquet', '/tmp/minio_downloads/customers_190126301475.parquet', '/tmp/minio_downloads/customers_190126398593.parquet', '/tmp/minio_downloads/customers_190126533501.parquet', '/tmp/minio_downloads/customers_190126611796.parquet', '/tmp/minio_downloads/customers_190126673708.parquet', '/tmp/minio_downloads/customers_190126725267.parquet', '/tmp/minio_downloads/customers_190126787313.parquet', '/tmp/minio_downloads/customers_190126855392.parquet', '/tmp/minio_downloads/customers_190126906171.parquet', '/tmp/minio_downloads/customers_190126961049.parquet', '/tmp/minio_downloads/customers_190127014299.parquet', '/tmp/minio_downloads/customers_190127077863.parquet', '/tmp/minio_downloads/customers_190127230270.parquet', '/tmp/minio_downloads/customers_190127379217.parquet', '/tmp/minio_downloads/customers_190127480731.parquet', '/tmp/minio_downloads/customers_190127588343.parquet', '/tmp/minio_downloads/customers_190127655023.parquet', '/tmp/minio_downloads/customers_190127718661.parquet', '/tmp/minio_downloads/customers_190127807503.parquet', '/tmp/minio_downloads/customers_190127875342.parquet', '/tmp/minio_downloads/customers_190127934037.parquet', '/tmp/minio_downloads/customers_190127986063.parquet', '/tmp/minio_downloads/customers_190128037403.parquet', '/tmp/minio_downloads/customers_190128094155.parquet', '/tmp/minio_downloads/customers_190128153350.parquet', '/tmp/minio_downloads/customers_190128208574.parquet', '/tmp/minio_downloads/customers_190128269321.parquet', '/tmp/minio_downloads/customers_190128431709.parquet', '/tmp/minio_downloads/customers_190128531915.parquet', '/tmp/minio_downloads/customers_190128627723.parquet', '/tmp/minio_downloads/customers_190128728340.parquet', '/tmp/minio_downloads/customers_190128798458.parquet', '/tmp/minio_downloads/customers_190128859676.parquet', '/tmp/minio_downloads/customers_190128933072.parquet', '/tmp/minio_downloads/customers_190129009410.parquet', '/tmp/minio_downloads/customers_190129066318.parquet', '/tmp/minio_downloads/customers_190129134200.parquet', '/tmp/minio_downloads/customers_190129228717.parquet', '/tmp/minio_downloads/customers_190129346180.parquet', '/tmp/minio_downloads/customers_190129451553.parquet', '/tmp/minio_downloads/customers_190129526392.parquet', '/tmp/minio_downloads/customers_190129605212.parquet', '/tmp/minio_downloads/customers_190129695196.parquet', '/tmp/minio_downloads/customers_190129776918.parquet', '/tmp/minio_downloads/customers_190129832175.parquet', '/tmp/minio_downloads/customers_190129890474.parquet', '/tmp/minio_downloads/customers_190129953507.parquet', '/tmp/minio_downloads/customers_190130013760.parquet', '/tmp/minio_downloads/customers_190130073802.parquet', '/tmp/minio_downloads/customers_190130138955.parquet', '/tmp/minio_downloads/customers_190130228190.parquet', '/tmp/minio_downloads/customers_190130320235.parquet', '/tmp/minio_downloads/customers_190130463414.parquet', '/tmp/minio_downloads/customers_190130642884.parquet', '/tmp/minio_downloads/customers_190130717184.parquet', '/tmp/minio_downloads/customers_190130808820.parquet', '/tmp/minio_downloads/customers_190130916199.parquet', '/tmp/minio_downloads/customers_190131003963.parquet', '/tmp/minio_downloads/customers_190131072490.parquet', '/tmp/minio_downloads/customers_190131132290.parquet', '/tmp/minio_downloads/customers_190131197231.parquet', '/tmp/minio_downloads/customers_190131284048.parquet', '/tmp/minio_downloads/customers_190131351632.parquet', '/tmp/minio_downloads/customers_190131412820.parquet', '/tmp/minio_downloads/customers_190131477522.parquet', '/tmp/minio_downloads/customers_190131556821.parquet', '/tmp/minio_downloads/customers_190131630829.parquet', '/tmp/minio_downloads/customers_190131759153.parquet', '/tmp/minio_downloads/customers_190131874052.parquet', '/tmp/minio_downloads/customers_190131957224.parquet', '/tmp/minio_downloads/customers_190132020731.parquet', '/tmp/minio_downloads/customers_190132095530.parquet', '/tmp/minio_downloads/customers_190132190842.parquet', '/tmp/minio_downloads/customers_190132257908.parquet', '/tmp/minio_downloads/customers_190132336735.parquet', '/tmp/minio_downloads/customers_190132397476.parquet', '/tmp/minio_downloads/customers_190132457332.parquet', '/tmp/minio_downloads/customers_190132511945.parquet', '/tmp/minio_downloads/customers_190132569070.parquet', '/tmp/minio_downloads/customers_190132629049.parquet', '/tmp/minio_downloads/customers_190132688276.parquet', '/tmp/minio_downloads/customers_190132778792.parquet', '/tmp/minio_downloads/customers_190132897929.parquet', '/tmp/minio_downloads/customers_190132989487.parquet', '/tmp/minio_downloads/customers_190133056824.parquet', '/tmp/minio_downloads/customers_190133121817.parquet', '/tmp/minio_downloads/customers_190133207008.parquet', '/tmp/minio_downloads/customers_190133294815.parquet', '/tmp/minio_downloads/customers_190133373555.parquet', '/tmp/minio_downloads/customers_190133435257.parquet', '/tmp/minio_downloads/customers_190133483896.parquet', '/tmp/minio_downloads/customers_190133536221.parquet', '/tmp/minio_downloads/customers_190133607984.parquet', '/tmp/minio_downloads/customers_190133687814.parquet', '/tmp/minio_downloads/customers_190133755829.parquet', '/tmp/minio_downloads/customers_190133820634.parquet', '/tmp/minio_downloads/customers_190133887302.parquet', '/tmp/minio_downloads/customers_190133997058.parquet', '/tmp/minio_downloads/customers_190134107120.parquet', '/tmp/minio_downloads/customers_190134177669.parquet', '/tmp/minio_downloads/customers_190134250035.parquet', '/tmp/minio_downloads/customers_190134360713.parquet', '/tmp/minio_downloads/customers_190134433874.parquet', '/tmp/minio_downloads/customers_190134494634.parquet', '/tmp/minio_downloads/customers_190134552884.parquet', '/tmp/minio_downloads/customers_190134677072.parquet', '/tmp/minio_downloads/customers_190134754871.parquet', '/tmp/minio_downloads/customers_190134813898.parquet', '/tmp/minio_downloads/customers_190134868592.parquet', '/tmp/minio_downloads/customers_190134926130.parquet', '/tmp/minio_downloads/customers_190134999617.parquet', '/tmp/minio_downloads/customers_190135107340.parquet', '/tmp/minio_downloads/customers_190135172475.parquet', '/tmp/minio_downloads/customers_190135244286.parquet', '/tmp/minio_downloads/customers_190135325711.parquet', '/tmp/minio_downloads/customers_190135429417.parquet', '/tmp/minio_downloads/customers_190135510140.parquet', '/tmp/minio_downloads/customers_190135568172.parquet', '/tmp/minio_downloads/customers_190135623504.parquet', '/tmp/minio_downloads/customers_190135674345.parquet', '/tmp/minio_downloads/customers_190135739430.parquet', '/tmp/minio_downloads/customers_190135807360.parquet', '/tmp/minio_downloads/customers_190135888235.parquet', '/tmp/minio_downloads/customers_190135947589.parquet', '/tmp/minio_downloads/customers_190135998103.parquet', '/tmp/minio_downloads/customers_190136061849.parquet', '/tmp/minio_downloads/customers_190136167996.parquet', '/tmp/minio_downloads/customers_190136257354.parquet', '/tmp/minio_downloads/customers_190136337224.parquet', '/tmp/minio_downloads/customers_190136431571.parquet', '/tmp/minio_downloads/customers_190136503854.parquet', '/tmp/minio_downloads/customers_190136560538.parquet', '/tmp/minio_downloads/customers_190136621534.parquet', '/tmp/minio_downloads/customers_190136680399.parquet', '/tmp/minio_downloads/customers_190136741933.parquet', '/tmp/minio_downloads/customers_190136820157.parquet', '/tmp/minio_downloads/customers_190136887851.parquet', '/tmp/minio_downloads/customers_190136946066.parquet', '/tmp/minio_downloads/customers_190137004434.parquet', '/tmp/minio_downloads/customers_190137101677.parquet', '/tmp/minio_downloads/customers_190137255608.parquet', '/tmp/minio_downloads/customers_190137346229.parquet', '/tmp/minio_downloads/customers_190137423200.parquet', '/tmp/minio_downloads/customers_190137525213.parquet', '/tmp/minio_downloads/customers_190137610662.parquet', '/tmp/minio_downloads/customers_190137678559.parquet', '/tmp/minio_downloads/customers_190137736461.parquet', '/tmp/minio_downloads/customers_190137787947.parquet', '/tmp/minio_downloads/customers_190137839219.parquet', '/tmp/minio_downloads/customers_190137888382.parquet', '/tmp/minio_downloads/customers_190137935832.parquet', '/tmp/minio_downloads/customers_190137986486.parquet', '/tmp/minio_downloads/customers_190138038505.parquet', '/tmp/minio_downloads/customers_190138107616.parquet', '/tmp/minio_downloads/customers_190138169555.parquet', '/tmp/minio_downloads/customers_190138226465.parquet', '/tmp/minio_downloads/customers_190138304921.parquet', '/tmp/minio_downloads/customers_190138364174.parquet', '/tmp/minio_downloads/customers_190138432863.parquet', '/tmp/minio_downloads/customers_190138495682.parquet', '/tmp/minio_downloads/customers_190138578969.parquet', '/tmp/minio_downloads/customers_190138651839.parquet', '/tmp/minio_downloads/customers_190138721874.parquet', '/tmp/minio_downloads/customers_190138789535.parquet', '/tmp/minio_downloads/customers_190138845434.parquet', '/tmp/minio_downloads/customers_190138905662.parquet', '/tmp/minio_downloads/customers_190138968687.parquet', '/tmp/minio_downloads/customers_190139031810.parquet', '/tmp/minio_downloads/customers_190139087380.parquet', '/tmp/minio_downloads/customers_190139142629.parquet', '/tmp/minio_downloads/customers_190139224460.parquet', '/tmp/minio_downloads/customers_190139336847.parquet', '/tmp/minio_downloads/customers_190139446805.parquet', '/tmp/minio_downloads/customers_190139537292.parquet', '/tmp/minio_downloads/customers_190139614237.parquet', '/tmp/minio_downloads/customers_190139685084.parquet', '/tmp/minio_downloads/customers_190139752979.parquet', '/tmp/minio_downloads/customers_190139809536.parquet', '/tmp/minio_downloads/customers_190139865207.parquet', '/tmp/minio_downloads/customers_190139920838.parquet', '/tmp/minio_downloads/customers_190140018171.parquet', '/tmp/minio_downloads/customers_190140106906.parquet', '/tmp/minio_downloads/customers_190140180645.parquet', '/tmp/minio_downloads/customers_190140245926.parquet', '/tmp/minio_downloads/customers_190140303625.parquet', '/tmp/minio_downloads/customers_190140373289.parquet', '/tmp/minio_downloads/customers_190140482555.parquet', '/tmp/minio_downloads/customers_190140574962.parquet', '/tmp/minio_downloads/customers_190140645381.parquet', '/tmp/minio_downloads/customers_190140714886.parquet', '/tmp/minio_downloads/customers_190140792916.parquet', '/tmp/minio_downloads/customers_190140855292.parquet', '/tmp/minio_downloads/customers_190140915544.parquet', '/tmp/minio_downloads/customers_190140970565.parquet', '/tmp/minio_downloads/customers_190141025800.parquet', '/tmp/minio_downloads/customers_190141085798.parquet', '/tmp/minio_downloads/customers_190141143360.parquet', '/tmp/minio_downloads/customers_190141207606.parquet', '/tmp/minio_downloads/customers_190141272924.parquet', '/tmp/minio_downloads/customers_190141331653.parquet', '/tmp/minio_downloads/customers_190141384064.parquet', '/tmp/minio_downloads/customers_190141452758.parquet', '/tmp/minio_downloads/customers_190141523955.parquet', '/tmp/minio_downloads/customers_190141601091.parquet', '/tmp/minio_downloads/customers_190141666860.parquet', '/tmp/minio_downloads/customers_190141734317.parquet', '/tmp/minio_downloads/customers_190141797223.parquet', '/tmp/minio_downloads/customers_190141855437.parquet', '/tmp/minio_downloads/customers_190141909809.parquet', '/tmp/minio_downloads/customers_190141963132.parquet', '/tmp/minio_downloads/customers_190142031820.parquet', '/tmp/minio_downloads/customers_190142133562.parquet', '/tmp/minio_downloads/customers_190142200156.parquet', '/tmp/minio_downloads/customers_190142276412.parquet', '/tmp/minio_downloads/customers_190142357783.parquet', '/tmp/minio_downloads/customers_190142437611.parquet', '/tmp/minio_downloads/customers_190142517058.parquet', '/tmp/minio_downloads/customers_190142591045.parquet', '/tmp/minio_downloads/customers_190142671609.parquet', '/tmp/minio_downloads/customers_190142733046.parquet', '/tmp/minio_downloads/customers_190142868857.parquet', '/tmp/minio_downloads/customers_190143012723.parquet', '/tmp/minio_downloads/customers_190143114526.parquet', '/tmp/minio_downloads/customers_190143210657.parquet', '/tmp/minio_downloads/customers_190143266079.parquet', '/tmp/minio_downloads/customers_190143342983.parquet', '/tmp/minio_downloads/customers_190143422918.parquet', '/tmp/minio_downloads/customers_190143486297.parquet', '/tmp/minio_downloads/customers_190143554839.parquet', '/tmp/minio_downloads/customers_190143631809.parquet', '/tmp/minio_downloads/customers_190143720153.parquet', '/tmp/minio_downloads/customers_190143814757.parquet', '/tmp/minio_downloads/customers_190143914687.parquet', '/tmp/minio_downloads/customers_190144016870.parquet', '/tmp/minio_downloads/customers_190144097760.parquet', '/tmp/minio_downloads/customers_190144165362.parquet', '/tmp/minio_downloads/customers_190144219895.parquet', '/tmp/minio_downloads/customers_190144276140.parquet', '/tmp/minio_downloads/customers_190144335636.parquet', '/tmp/minio_downloads/customers_190144391424.parquet', '/tmp/minio_downloads/customers_190144468677.parquet', '/tmp/minio_downloads/customers_190144557018.parquet', '/tmp/minio_downloads/customers_190144678194.parquet', '/tmp/minio_downloads/customers_190144790046.parquet', '/tmp/minio_downloads/customers_190144876994.parquet', '/tmp/minio_downloads/customers_190144948552.parquet', '/tmp/minio_downloads/customers_190145016670.parquet', '/tmp/minio_downloads/customers_190145082851.parquet', '/tmp/minio_downloads/customers_190145145106.parquet', '/tmp/minio_downloads/customers_190145209849.parquet', '/tmp/minio_downloads/customers_190145274355.parquet', '/tmp/minio_downloads/customers_190145335174.parquet', '/tmp/minio_downloads/customers_190145391987.parquet', '/tmp/minio_downloads/customers_190145449141.parquet', '/tmp/minio_downloads/customers_190145517234.parquet', '/tmp/minio_downloads/customers_190145574072.parquet', '/tmp/minio_downloads/customers_190145633431.parquet', '/tmp/minio_downloads/customers_190534056791.parquet', '/tmp/minio_downloads/customers_190534138913.parquet', '/tmp/minio_downloads/customers_190534229894.parquet', '/tmp/minio_downloads/customers_190534306790.parquet', '/tmp/minio_downloads/customers_190534388373.parquet', '/tmp/minio_downloads/customers_190534488935.parquet', '/tmp/minio_downloads/customers_190534569834.parquet', '/tmp/minio_downloads/customers_190534670967.parquet', '/tmp/minio_downloads/customers_190534749320.parquet', '/tmp/minio_downloads/customers_190534820934.parquet', '/tmp/minio_downloads/customers_190534904719.parquet', '/tmp/minio_downloads/customers_190534971629.parquet', '/tmp/minio_downloads/customers_190535042505.parquet', '/tmp/minio_downloads/customers_190535119196.parquet', '/tmp/minio_downloads/customers_190535229129.parquet', '/tmp/minio_downloads/customers_190535309317.parquet', '/tmp/minio_downloads/customers_190535384613.parquet', '/tmp/minio_downloads/customers_190535464854.parquet', '/tmp/minio_downloads/customers_190535532848.parquet', '/tmp/minio_downloads/customers_190535602948.parquet', '/tmp/minio_downloads/customers_190535690478.parquet', '/tmp/minio_downloads/customers_190535780849.parquet', '/tmp/minio_downloads/customers_190535851658.parquet', '/tmp/minio_downloads/customers_190535925295.parquet', '/tmp/minio_downloads/customers_190535997859.parquet', '/tmp/minio_downloads/customers_190536086075.parquet', '/tmp/minio_downloads/customers_190536180505.parquet', '/tmp/minio_downloads/customers_190536278448.parquet', '/tmp/minio_downloads/customers_190536373125.parquet', '/tmp/minio_downloads/customers_190536467464.parquet', '/tmp/minio_downloads/customers_190536549057.parquet', '/tmp/minio_downloads/customers_190536620054.parquet', '/tmp/minio_downloads/customers_190536699784.parquet', '/tmp/minio_downloads/customers_190536806645.parquet', '/tmp/minio_downloads/customers_190536898613.parquet', '/tmp/minio_downloads/customers_190536988001.parquet', '/tmp/minio_downloads/customers_190537077442.parquet', '/tmp/minio_downloads/customers_190537171845.parquet', '/tmp/minio_downloads/customers_190537264699.parquet', '/tmp/minio_downloads/customers_190537351041.parquet', '/tmp/minio_downloads/customers_190537453087.parquet', '/tmp/minio_downloads/customers_190537539317.parquet', '/tmp/minio_downloads/customers_190537628958.parquet', '/tmp/minio_downloads/customers_190537698926.parquet', '/tmp/minio_downloads/customers_190537782859.parquet', '/tmp/minio_downloads/customers_190537864698.parquet', '/tmp/minio_downloads/customers_190537966412.parquet', '/tmp/minio_downloads/customers_190538051554.parquet', '/tmp/minio_downloads/customers_190538139232.parquet', '/tmp/minio_downloads/customers_190538238838.parquet', '/tmp/minio_downloads/customers_190538319208.parquet', '/tmp/minio_downloads/customers_190538401542.parquet', '/tmp/minio_downloads/customers_190538520453.parquet', '/tmp/minio_downloads/customers_190538622560.parquet', '/tmp/minio_downloads/customers_190538754722.parquet', '/tmp/minio_downloads/customers_190538851756.parquet', '/tmp/minio_downloads/customers_190538932465.parquet', '/tmp/minio_downloads/customers_190539034113.parquet', '/tmp/minio_downloads/customers_190539123794.parquet', '/tmp/minio_downloads/customers_190539218906.parquet', '/tmp/minio_downloads/customers_190539305398.parquet', '/tmp/minio_downloads/customers_190539398328.parquet', '/tmp/minio_downloads/customers_190539485603.parquet', '/tmp/minio_downloads/customers_190539545725.parquet', '/tmp/minio_downloads/customers_190539631258.parquet', '/tmp/minio_downloads/customers_190539702957.parquet', '/tmp/minio_downloads/customers_190539810453.parquet', '/tmp/minio_downloads/customers_190539891072.parquet', '/tmp/minio_downloads/customers_190539966747.parquet', '/tmp/minio_downloads/customers_190540032826.parquet', '/tmp/minio_downloads/customers_190540094324.parquet', '/tmp/minio_downloads/customers_190540145473.parquet', '/tmp/minio_downloads/customers_190540218333.parquet', '/tmp/minio_downloads/customers_190540297881.parquet', '/tmp/minio_downloads/customers_190540431964.parquet', '/tmp/minio_downloads/customers_190540532109.parquet', '/tmp/minio_downloads/customers_190540632663.parquet', '/tmp/minio_downloads/customers_190540698435.parquet', '/tmp/minio_downloads/customers_190540788621.parquet', '/tmp/minio_downloads/customers_190540897663.parquet', '/tmp/minio_downloads/customers_190540987831.parquet', '/tmp/minio_downloads/customers_190541083808.parquet', '/tmp/minio_downloads/customers_190541180385.parquet', '/tmp/minio_downloads/customers_190541250391.parquet', '/tmp/minio_downloads/customers_190541326247.parquet', '/tmp/minio_downloads/customers_190541417928.parquet', '/tmp/minio_downloads/customers_190541508020.parquet', '/tmp/minio_downloads/customers_190541605258.parquet', '/tmp/minio_downloads/customers_190541704160.parquet', '/tmp/minio_downloads/customers_190541809177.parquet', '/tmp/minio_downloads/customers_190541890253.parquet', '/tmp/minio_downloads/customers_190541975527.parquet', '/tmp/minio_downloads/customers_190542069653.parquet', '/tmp/minio_downloads/customers_190542158324.parquet', '/tmp/minio_downloads/customers_190542256906.parquet', '/tmp/minio_downloads/customers_190542327925.parquet', '/tmp/minio_downloads/customers_190542420735.parquet', '/tmp/minio_downloads/customers_190542520754.parquet', '/tmp/minio_downloads/customers_190542616822.parquet', '/tmp/minio_downloads/customers_190542700221.parquet', '/tmp/minio_downloads/customers_190542791697.parquet', '/tmp/minio_downloads/customers_190542885597.parquet', '/tmp/minio_downloads/customers_190542986434.parquet', '/tmp/minio_downloads/customers_190543076927.parquet', '/tmp/minio_downloads/customers_190543158006.parquet', '/tmp/minio_downloads/customers_190543253590.parquet', '/tmp/minio_downloads/customers_190543347569.parquet', '/tmp/minio_downloads/customers_190543450649.parquet', '/tmp/minio_downloads/customers_190543527911.parquet', '/tmp/minio_downloads/customers_190543616646.parquet', '/tmp/minio_downloads/customers_190543675363.parquet', '/tmp/minio_downloads/customers_190543752703.parquet', '/tmp/minio_downloads/customers_190543830423.parquet', '/tmp/minio_downloads/customers_190543903971.parquet', '/tmp/minio_downloads/customers_190544000846.parquet', '/tmp/minio_downloads/customers_190544281094.parquet', '/tmp/minio_downloads/customers_190544373713.parquet', '/tmp/minio_downloads/customers_190544483521.parquet', '/tmp/minio_downloads/customers_190544579549.parquet', '/tmp/minio_downloads/customers_190544676498.parquet', '/tmp/minio_downloads/customers_190544796803.parquet', '/tmp/minio_downloads/customers_190544882394.parquet', '/tmp/minio_downloads/customers_190544979467.parquet', '/tmp/minio_downloads/customers_190545064056.parquet', '/tmp/minio_downloads/customers_190545142528.parquet', '/tmp/minio_downloads/customers_190545231464.parquet', '/tmp/minio_downloads/customers_190545320319.parquet', '/tmp/minio_downloads/customers_190545414688.parquet', '/tmp/minio_downloads/customers_190545504552.parquet', '/tmp/minio_downloads/customers_190545592817.parquet', '/tmp/minio_downloads/customers_190545677112.parquet', '/tmp/minio_downloads/customers_190545762209.parquet', '/tmp/minio_downloads/customers_190545857188.parquet', '/tmp/minio_downloads/customers_190545941631.parquet', '/tmp/minio_downloads/customers_190546066925.parquet', '/tmp/minio_downloads/customers_190546200445.parquet', '/tmp/minio_downloads/customers_190546401040.parquet', '/tmp/minio_downloads/customers_190546534721.parquet', '/tmp/minio_downloads/customers_190546650046.parquet', '/tmp/minio_downloads/customers_190546730740.parquet', '/tmp/minio_downloads/customers_190546821615.parquet', '/tmp/minio_downloads/customers_190546967196.parquet', '/tmp/minio_downloads/customers_190547069169.parquet', '/tmp/minio_downloads/customers_190547180349.parquet', '/tmp/minio_downloads/customers_190547298924.parquet', '/tmp/minio_downloads/customers_190547397974.parquet', '/tmp/minio_downloads/customers_190547490619.parquet', '/tmp/minio_downloads/customers_190547572865.parquet', '/tmp/minio_downloads/customers_190547704148.parquet', '/tmp/minio_downloads/customers_190547807274.parquet', '/tmp/minio_downloads/customers_190547917145.parquet', '/tmp/minio_downloads/customers_190548029999.parquet', '/tmp/minio_downloads/customers_190548266308.parquet', '/tmp/minio_downloads/customers_190548394163.parquet', '/tmp/minio_downloads/customers_190548536088.parquet', '/tmp/minio_downloads/customers_190548676002.parquet', '/tmp/minio_downloads/customers_190548771118.parquet', '/tmp/minio_downloads/customers_190548892969.parquet', '/tmp/minio_downloads/customers_190549033306.parquet', '/tmp/minio_downloads/customers_190549230903.parquet', '/tmp/minio_downloads/customers_190549462742.parquet', '/tmp/minio_downloads/customers_190549619471.parquet', '/tmp/minio_downloads/customers_190549770486.parquet', '/tmp/minio_downloads/customers_190549876529.parquet', '/tmp/minio_downloads/customers_190549971353.parquet', '/tmp/minio_downloads/customers_190550068702.parquet', '/tmp/minio_downloads/customers_190550194333.parquet', '/tmp/minio_downloads/customers_190550294357.parquet', '/tmp/minio_downloads/customers_190550397429.parquet', '/tmp/minio_downloads/customers_190550501208.parquet', '/tmp/minio_downloads/customers_190550607851.parquet', '/tmp/minio_downloads/customers_190550700394.parquet', '/tmp/minio_downloads/customers_190550794280.parquet', '/tmp/minio_downloads/customers_190550891503.parquet', '/tmp/minio_downloads/customers_190550994311.parquet', '/tmp/minio_downloads/customers_190551088520.parquet', '/tmp/minio_downloads/customers_190551191279.parquet', '/tmp/minio_downloads/customers_190551320015.parquet', '/tmp/minio_downloads/customers_190551566283.parquet', '/tmp/minio_downloads/customers_190551703347.parquet', '/tmp/minio_downloads/customers_190551812591.parquet', '/tmp/minio_downloads/customers_190551904318.parquet', '/tmp/minio_downloads/customers_190552004461.parquet', '/tmp/minio_downloads/customers_190552097320.parquet', '/tmp/minio_downloads/customers_190552188541.parquet', '/tmp/minio_downloads/customers_190552271018.parquet', '/tmp/minio_downloads/customers_190552375917.parquet', '/tmp/minio_downloads/customers_190552470373.parquet', '/tmp/minio_downloads/customers_190552566985.parquet', '/tmp/minio_downloads/customers_190552655317.parquet', '/tmp/minio_downloads/customers_190552740056.parquet', '/tmp/minio_downloads/customers_190552818721.parquet', '/tmp/minio_downloads/customers_190552890918.parquet', '/tmp/minio_downloads/customers_190552982498.parquet', '/tmp/minio_downloads/customers_190553083327.parquet', '/tmp/minio_downloads/customers_190553154570.parquet', '/tmp/minio_downloads/customers_190553244293.parquet', '/tmp/minio_downloads/customers_190553323904.parquet', '/tmp/minio_downloads/customers_190553400034.parquet', '/tmp/minio_downloads/customers_190553482689.parquet', '/tmp/minio_downloads/customers_190553616146.parquet', '/tmp/minio_downloads/customers_190553728893.parquet', '/tmp/minio_downloads/customers_190553847463.parquet', '/tmp/minio_downloads/customers_190553943930.parquet', '/tmp/minio_downloads/customers_190554040796.parquet', '/tmp/minio_downloads/customers_190554124900.parquet', '/tmp/minio_downloads/customers_190554206575.parquet', '/tmp/minio_downloads/customers_190554290204.parquet', '/tmp/minio_downloads/customers_190554369148.parquet', '/tmp/minio_downloads/customers_190554445379.parquet', '/tmp/minio_downloads/customers_190554526571.parquet', '/tmp/minio_downloads/customers_190554602653.parquet', '/tmp/minio_downloads/customers_190554683879.parquet', '/tmp/minio_downloads/customers_190554773602.parquet', '/tmp/minio_downloads/customers_190554933217.parquet', '/tmp/minio_downloads/customers_190555005715.parquet', '/tmp/minio_downloads/customers_190555089851.parquet', '/tmp/minio_downloads/customers_190555161408.parquet', '/tmp/minio_downloads/customers_190555256911.parquet', '/tmp/minio_downloads/customers_190555353917.parquet', '/tmp/minio_downloads/customers_190555431817.parquet', '/tmp/minio_downloads/customers_190555499395.parquet', '/tmp/minio_downloads/customers_190555586984.parquet', '/tmp/minio_downloads/customers_190555668631.parquet', '/tmp/minio_downloads/customers_190555751900.parquet', '/tmp/minio_downloads/customers_190555819915.parquet', '/tmp/minio_downloads/customers_190555925301.parquet', '/tmp/minio_downloads/customers_190556047856.parquet', '/tmp/minio_downloads/customers_190556143987.parquet', '/tmp/minio_downloads/customers_190556253700.parquet', '/tmp/minio_downloads/customers_190556338588.parquet', '/tmp/minio_downloads/customers_190556440622.parquet', '/tmp/minio_downloads/customers_190556537359.parquet', '/tmp/minio_downloads/customers_190556621103.parquet', '/tmp/minio_downloads/customers_190556706405.parquet', '/tmp/minio_downloads/customers_190556796662.parquet', '/tmp/minio_downloads/customers_190556890154.parquet', '/tmp/minio_downloads/customers_190556969691.parquet', '/tmp/minio_downloads/customers_190557052913.parquet', '/tmp/minio_downloads/customers_190557134088.parquet', '/tmp/minio_downloads/customers_190557235739.parquet', '/tmp/minio_downloads/customers_190557322343.parquet', '/tmp/minio_downloads/customers_190557415782.parquet', '/tmp/minio_downloads/customers_190557512593.parquet', '/tmp/minio_downloads/customers_190557597119.parquet', '/tmp/minio_downloads/customers_190557690572.parquet', '/tmp/minio_downloads/customers_190557790451.parquet', '/tmp/minio_downloads/customers_190557884076.parquet', '/tmp/minio_downloads/customers_190557952718.parquet', '/tmp/minio_downloads/customers_190558043136.parquet', '/tmp/minio_downloads/customers_190558136663.parquet', '/tmp/minio_downloads/customers_190558241585.parquet', '/tmp/minio_downloads/customers_190558350426.parquet', '/tmp/minio_downloads/customers_190558444960.parquet', '/tmp/minio_downloads/customers_190558539041.parquet', '/tmp/minio_downloads/customers_190558630829.parquet', '/tmp/minio_downloads/customers_190558717625.parquet', '/tmp/minio_downloads/customers_190558792850.parquet', '/tmp/minio_downloads/customers_190558901725.parquet', '/tmp/minio_downloads/customers_190559015858.parquet', '/tmp/minio_downloads/customers_190559103649.parquet', '/tmp/minio_downloads/customers_190559196766.parquet', '/tmp/minio_downloads/customers_190559293720.parquet', '/tmp/minio_downloads/customers_190559374608.parquet', '/tmp/minio_downloads/customers_190559468836.parquet', '/tmp/minio_downloads/customers_190559580870.parquet', '/tmp/minio_downloads/customers_190559682140.parquet', '/tmp/minio_downloads/customers_190559763988.parquet', '/tmp/minio_downloads/customers_190559852149.parquet', '/tmp/minio_downloads/customers_190559937093.parquet', '/tmp/minio_downloads/customers_190600058927.parquet', '/tmp/minio_downloads/customers_190600150855.parquet', '/tmp/minio_downloads/customers_190600259701.parquet', '/tmp/minio_downloads/customers_190600371122.parquet', '/tmp/minio_downloads/customers_190600449337.parquet', '/tmp/minio_downloads/customers_190600552087.parquet', '/tmp/minio_downloads/customers_190600644467.parquet', '/tmp/minio_downloads/customers_190600737678.parquet', '/tmp/minio_downloads/customers_190600838623.parquet', '/tmp/minio_downloads/customers_190600920539.parquet', '/tmp/minio_downloads/customers_190601010696.parquet', '/tmp/minio_downloads/customers_190601088803.parquet', '/tmp/minio_downloads/customers_190601188047.parquet', '/tmp/minio_downloads/customers_190601264029.parquet', '/tmp/minio_downloads/customers_190601380956.parquet', '/tmp/minio_downloads/customers_190601476373.parquet', '/tmp/minio_downloads/customers_190601577554.parquet', '/tmp/minio_downloads/customers_190601685124.parquet', '/tmp/minio_downloads/customers_190601764878.parquet', '/tmp/minio_downloads/customers_190601852702.parquet', '/tmp/minio_downloads/customers_190601940269.parquet', '/tmp/minio_downloads/customers_190602033750.parquet', '/tmp/minio_downloads/customers_190602126486.parquet', '/tmp/minio_downloads/customers_190602227982.parquet', '/tmp/minio_downloads/customers_190602332080.parquet', '/tmp/minio_downloads/customers_190602407815.parquet', '/tmp/minio_downloads/customers_190602507554.parquet', '/tmp/minio_downloads/customers_190602606187.parquet', '/tmp/minio_downloads/customers_190602713957.parquet', '/tmp/minio_downloads/customers_190602803821.parquet', '/tmp/minio_downloads/customers_190602892941.parquet', '/tmp/minio_downloads/customers_190602976217.parquet', '/tmp/minio_downloads/customers_190603061176.parquet', '/tmp/minio_downloads/customers_190603164697.parquet', '/tmp/minio_downloads/customers_190603285424.parquet', '/tmp/minio_downloads/customers_190603398352.parquet', '/tmp/minio_downloads/customers_190603488359.parquet', '/tmp/minio_downloads/customers_190603597418.parquet', '/tmp/minio_downloads/customers_190603692834.parquet', '/tmp/minio_downloads/customers_190603796704.parquet', '/tmp/minio_downloads/customers_190603881793.parquet', '/tmp/minio_downloads/customers_190603963319.parquet', '/tmp/minio_downloads/customers_190604047318.parquet', '/tmp/minio_downloads/customers_190604147440.parquet', '/tmp/minio_downloads/customers_190604238914.parquet', '/tmp/minio_downloads/customers_190604336354.parquet', '/tmp/minio_downloads/customers_190604431344.parquet', '/tmp/minio_downloads/customers_190604532238.parquet', '/tmp/minio_downloads/customers_190604640638.parquet', '/tmp/minio_downloads/customers_190604745426.parquet', '/tmp/minio_downloads/customers_190604853795.parquet', '/tmp/minio_downloads/customers_190604949876.parquet', '/tmp/minio_downloads/customers_190605047664.parquet', '/tmp/minio_downloads/customers_190605151340.parquet', '/tmp/minio_downloads/customers_190605242379.parquet', '/tmp/minio_downloads/customers_190605328123.parquet', '/tmp/minio_downloads/customers_190605429788.parquet', '/tmp/minio_downloads/customers_190605514488.parquet', '/tmp/minio_downloads/customers_190605675520.parquet', '/tmp/minio_downloads/customers_190605766443.parquet', '/tmp/minio_downloads/customers_190605861566.parquet', '/tmp/minio_downloads/customers_190605946062.parquet', '/tmp/minio_downloads/customers_190606011561.parquet', '/tmp/minio_downloads/customers_190606111886.parquet', '/tmp/minio_downloads/customers_190606214230.parquet', '/tmp/minio_downloads/customers_190606301360.parquet', '/tmp/minio_downloads/customers_190606396157.parquet', '/tmp/minio_downloads/customers_190606472720.parquet', '/tmp/minio_downloads/customers_190606558971.parquet', '/tmp/minio_downloads/customers_190606651803.parquet', '/tmp/minio_downloads/customers_190606758259.parquet', '/tmp/minio_downloads/customers_190606905015.parquet', '/tmp/minio_downloads/customers_190606999522.parquet', '/tmp/minio_downloads/customers_190607098445.parquet', '/tmp/minio_downloads/customers_190607219767.parquet', '/tmp/minio_downloads/customers_190607332437.parquet', '/tmp/minio_downloads/customers_190607429683.parquet', '/tmp/minio_downloads/customers_190607544099.parquet', '/tmp/minio_downloads/customers_190607679582.parquet', '/tmp/minio_downloads/customers_190607821362.parquet', '/tmp/minio_downloads/customers_190608018780.parquet', '/tmp/minio_downloads/customers_190608136287.parquet', '/tmp/minio_downloads/customers_190608245277.parquet', '/tmp/minio_downloads/customers_190608355024.parquet', '/tmp/minio_downloads/customers_190608472379.parquet', '/tmp/minio_downloads/customers_190608572915.parquet', '/tmp/minio_downloads/customers_190608659517.parquet', '/tmp/minio_downloads/customers_190608756216.parquet', '/tmp/minio_downloads/customers_190608849431.parquet', '/tmp/minio_downloads/customers_190608959528.parquet'], 'accounts': [], 'transactions': []}
[2026-07-04T14:11:44.919+0000] {taskinstance.py:441} INFO - ::group::Post task execution logs
[2026-07-04T14:11:44.968+0000] {taskinstance.py:1206} INFO - Marking task as SUCCESS. dag_id=minio_to_snowflake_ecommerce, task_id=download_minio, run_id=scheduled__2026-07-04T14:09:00+00:00, execution_date=20260704T140900, start_date=20260704T141119, end_date=20260704T141144
[2026-07-04T14:11:45.010+0000] {local_task_job_runner.py:243} INFO - Task exited with return code 0
[2026-07-04T14:11:45.056+0000] {taskinstance.py:3503} INFO - 1 downstream tasks scheduled from follow-on schedule check
[2026-07-04T14:11:45.059+0000] {local_task_job_runner.py:222} INFO - ::endgroup::
