[2026-07-04T14:34:48.366+0000] {local_task_job_runner.py:120} INFO - ::group::Pre task execution logs
[2026-07-04T14:34:48.425+0000] {taskinstance.py:2076} INFO - Dependencies all met for dep_context=non-requeueable deps ti=<TaskInstance: minio_to_snowflake_ecommerce.load_snowflake scheduled__2026-07-04T14:28:00+00:00 [queued]>
[2026-07-04T14:34:48.438+0000] {taskinstance.py:2076} INFO - Dependencies all met for dep_context=requeueable deps ti=<TaskInstance: minio_to_snowflake_ecommerce.load_snowflake scheduled__2026-07-04T14:28:00+00:00 [queued]>
[2026-07-04T14:34:48.440+0000] {taskinstance.py:2306} INFO - Starting attempt 1 of 2
[2026-07-04T14:34:48.463+0000] {taskinstance.py:2330} INFO - Executing <Task(PythonOperator): load_snowflake> on 2026-07-04 14:28:00+00:00
[2026-07-04T14:34:48.475+0000] {standard_task_runner.py:90} INFO - Running: ['***', 'tasks', 'run', 'minio_to_snowflake_ecommerce', 'load_snowflake', 'scheduled__2026-07-04T14:28:00+00:00', '--job-id', '46', '--raw', '--subdir', 'DAGS_FOLDER/minio_to_snowflake_dag.py', '--cfg-path', '/tmp/tmpdol8450z']
[2026-07-04T14:34:48.480+0000] {standard_task_runner.py:91} INFO - Job 46: Subtask load_snowflake
[2026-07-04T14:34:48.480+0000] {logging_mixin.py:188} WARNING - /home/***/.local/lib/python3.12/site-packages/***/task/task_runner/standard_task_runner.py:62 DeprecationWarning: This process (pid=35070) is multi-threaded, use of fork() may lead to deadlocks in the child.
[2026-07-04T14:34:48.481+0000] {standard_task_runner.py:64} INFO - Started process 35077 to run task
[2026-07-04T14:34:48.584+0000] {task_command.py:426} INFO - Running <TaskInstance: minio_to_snowflake_ecommerce.load_snowflake scheduled__2026-07-04T14:28:00+00:00 [running]> on host 791512f83421
[2026-07-04T14:34:48.782+0000] {taskinstance.py:2648} INFO - Exporting env vars: AIRFLOW_CTX_DAG_OWNER='***' AIRFLOW_CTX_DAG_ID='minio_to_snowflake_ecommerce' AIRFLOW_CTX_TASK_ID='load_snowflake' AIRFLOW_CTX_EXECUTION_DATE='2026-07-04T14:28:00+00:00' AIRFLOW_CTX_TRY_NUMBER='1' AIRFLOW_CTX_DAG_RUN_ID='scheduled__2026-07-04T14:28:00+00:00'
[2026-07-04T14:34:48.784+0000] {taskinstance.py:430} INFO - ::endgroup::
[2026-07-04T14:34:49.081+0000] {connection.py:638} INFO - Snowflake Connector for Python Version: 4.6.0, Python Version: 3.12.4, Platform: Linux-5.15.167.4-microsoft-standard-WSL2-x86_64-with-glibc2.36
[2026-07-04T14:34:49.083+0000] {connection.py:1760} INFO - Connecting to GLOBAL Snowflake domain
[2026-07-04T14:34:52.230+0000] {logging_mixin.py:188} INFO - Uploaded /tmp/minio_downloads/customers_190118474101.parquet -> @customers stage
[2026-07-04T14:34:52.664+0000] {logging_mixin.py:188} INFO - Uploaded /tmp/minio_downloads/customers_190118558805.parquet -> @customers stage
[2026-07-04T14:34:53.044+0000] {logging_mixin.py:188} INFO - Uploaded /tmp/minio_downloads/customers_190118637451.parquet -> @customers stage
[2026-07-04T14:34:53.451+0000] {logging_mixin.py:188} INFO - Uploaded /tmp/minio_downloads/customers_190118704077.parquet -> @customers stage
[2026-07-04T14:34:53.862+0000] {logging_mixin.py:188} INFO - Uploaded /tmp/minio_downloads/customers_190118757294.parquet -> @customers stage
[2026-07-04T14:34:54.268+0000] {logging_mixin.py:188} INFO - Uploaded /tmp/minio_downloads/customers_190118804450.parquet -> @customers stage
[2026-07-04T14:34:54.679+0000] {logging_mixin.py:188} INFO - Uploaded /tmp/minio_downloads/customers_190118859377.parquet -> @customers stage
[2026-07-04T14:34:55.089+0000] {logging_mixin.py:188} INFO - Uploaded /tmp/minio_downloads/customers_190118909807.parquet -> @customers stage
[2026-07-04T14:34:55.509+0000] {logging_mixin.py:188} INFO - Uploaded /tmp/minio_downloads/customers_190118962070.parquet -> @customers stage
[2026-07-04T14:34:55.907+0000] {logging_mixin.py:188} INFO - Uploaded /tmp/minio_downloads/customers_190119013345.parquet -> @customers stage
[2026-07-04T14:34:56.315+0000] {logging_mixin.py:188} INFO - Uploaded /tmp/minio_downloads/customers_190119066490.parquet -> @customers stage
[2026-07-04T14:34:56.697+0000] {logging_mixin.py:188} INFO - Uploaded /tmp/minio_downloads/customers_190119139754.parquet -> @customers stage
[2026-07-04T14:34:57.040+0000] {logging_mixin.py:188} INFO - Uploaded /tmp/minio_downloads/customers_190119263543.parquet -> @customers stage
[2026-07-04T14:34:57.545+0000] {logging_mixin.py:188} INFO - Uploaded /tmp/minio_downloads/customers_190119390209.parquet -> @customers stage
[2026-07-04T14:34:57.955+0000] {logging_mixin.py:188} INFO - Uploaded /tmp/minio_downloads/customers_190119463358.parquet -> @customers stage
[2026-07-04T14:34:58.366+0000] {logging_mixin.py:188} INFO - Uploaded /tmp/minio_downloads/customers_190119548561.parquet -> @customers stage
[2026-07-04T14:34:58.776+0000] {logging_mixin.py:188} INFO - Uploaded /tmp/minio_downloads/customers_190119628300.parquet -> @customers stage
[2026-07-04T14:34:59.183+0000] {logging_mixin.py:188} INFO - Uploaded /tmp/minio_downloads/customers_190119731265.parquet -> @customers stage
[2026-07-04T14:34:59.593+0000] {logging_mixin.py:188} INFO - Uploaded /tmp/minio_downloads/customers_190119816203.parquet -> @customers stage
[2026-07-04T14:35:00.007+0000] {logging_mixin.py:188} INFO - Uploaded /tmp/minio_downloads/customers_190119905698.parquet -> @customers stage
[2026-07-04T14:35:00.414+0000] {logging_mixin.py:188} INFO - Uploaded /tmp/minio_downloads/customers_190120040271.parquet -> @customers stage
[2026-07-04T14:35:00.762+0000] {logging_mixin.py:188} INFO - Uploaded /tmp/minio_downloads/customers_190120132786.parquet -> @customers stage
[2026-07-04T14:35:01.131+0000] {logging_mixin.py:188} INFO - Uploaded /tmp/minio_downloads/customers_190120201937.parquet -> @customers stage
[2026-07-04T14:35:01.539+0000] {logging_mixin.py:188} INFO - Uploaded /tmp/minio_downloads/customers_190120279098.parquet -> @customers stage
[2026-07-04T14:35:01.956+0000] {logging_mixin.py:188} INFO - Uploaded /tmp/minio_downloads/customers_190120349697.parquet -> @customers stage
[2026-07-04T14:35:02.338+0000] {logging_mixin.py:188} INFO - Uploaded /tmp/minio_downloads/customers_190120432051.parquet -> @customers stage
[2026-07-04T14:35:02.725+0000] {logging_mixin.py:188} INFO - Uploaded /tmp/minio_downloads/customers_190120568706.parquet -> @customers stage
[2026-07-04T14:35:03.181+0000] {logging_mixin.py:188} INFO - Uploaded /tmp/minio_downloads/customers_190120649298.parquet -> @customers stage
[2026-07-04T14:35:03.589+0000] {logging_mixin.py:188} INFO - Uploaded /tmp/minio_downloads/customers_190120717788.parquet -> @customers stage
[2026-07-04T14:35:04.000+0000] {logging_mixin.py:188} INFO - Uploaded /tmp/minio_downloads/customers_190120785337.parquet -> @customers stage
[2026-07-04T14:35:04.410+0000] {logging_mixin.py:188} INFO - Uploaded /tmp/minio_downloads/customers_190120832918.parquet -> @customers stage
[2026-07-04T14:35:04.819+0000] {logging_mixin.py:188} INFO - Uploaded /tmp/minio_downloads/customers_190120902521.parquet -> @customers stage
[2026-07-04T14:35:05.229+0000] {logging_mixin.py:188} INFO - Uploaded /tmp/minio_downloads/customers_190120964409.parquet -> @customers stage
[2026-07-04T14:35:05.638+0000] {logging_mixin.py:188} INFO - Uploaded /tmp/minio_downloads/customers_190121020503.parquet -> @customers stage
[2026-07-04T14:35:05.998+0000] {logging_mixin.py:188} INFO - Uploaded /tmp/minio_downloads/customers_190121089337.parquet -> @customers stage
[2026-07-04T14:35:06.456+0000] {logging_mixin.py:188} INFO - Uploaded /tmp/minio_downloads/customers_190121147140.parquet -> @customers stage
[2026-07-04T14:35:06.884+0000] {logging_mixin.py:188} INFO - Uploaded /tmp/minio_downloads/customers_190121236766.parquet -> @customers stage
[2026-07-04T14:35:07.275+0000] {logging_mixin.py:188} INFO - Uploaded /tmp/minio_downloads/customers_190121314374.parquet -> @customers stage
[2026-07-04T14:35:07.687+0000] {logging_mixin.py:188} INFO - Uploaded /tmp/minio_downloads/customers_190121389208.parquet -> @customers stage
[2026-07-04T14:35:08.046+0000] {logging_mixin.py:188} INFO - Uploaded /tmp/minio_downloads/customers_190121470589.parquet -> @customers stage
[2026-07-04T14:35:08.500+0000] {logging_mixin.py:188} INFO - Uploaded /tmp/minio_downloads/customers_190121557173.parquet -> @customers stage
[2026-07-04T14:35:08.912+0000] {logging_mixin.py:188} INFO - Uploaded /tmp/minio_downloads/customers_190121635672.parquet -> @customers stage
[2026-07-04T14:35:09.326+0000] {logging_mixin.py:188} INFO - Uploaded /tmp/minio_downloads/customers_190121708765.parquet -> @customers stage
[2026-07-04T14:35:09.730+0000] {logging_mixin.py:188} INFO - Uploaded /tmp/minio_downloads/customers_190121774496.parquet -> @customers stage
[2026-07-04T14:35:10.139+0000] {logging_mixin.py:188} INFO - Uploaded /tmp/minio_downloads/customers_190121828872.parquet -> @customers stage
[2026-07-04T14:35:10.503+0000] {logging_mixin.py:188} INFO - Uploaded /tmp/minio_downloads/customers_190121884665.parquet -> @customers stage
[2026-07-04T14:35:10.910+0000] {logging_mixin.py:188} INFO - Uploaded /tmp/minio_downloads/customers_190121936133.parquet -> @customers stage
[2026-07-04T14:35:11.367+0000] {logging_mixin.py:188} INFO - Uploaded /tmp/minio_downloads/customers_190121986968.parquet -> @customers stage
[2026-07-04T14:35:11.740+0000] {logging_mixin.py:188} INFO - Uploaded /tmp/minio_downloads/customers_190122038502.parquet -> @customers stage
[2026-07-04T14:35:12.187+0000] {logging_mixin.py:188} INFO - Uploaded /tmp/minio_downloads/customers_190122087552.parquet -> @customers stage
[2026-07-04T14:35:12.552+0000] {logging_mixin.py:188} INFO - Uploaded /tmp/minio_downloads/customers_190122199861.parquet -> @customers stage
[2026-07-04T14:35:13.007+0000] {logging_mixin.py:188} INFO - Uploaded /tmp/minio_downloads/customers_190122288107.parquet -> @customers stage
[2026-07-04T14:35:13.417+0000] {logging_mixin.py:188} INFO - Uploaded /tmp/minio_downloads/customers_190122362702.parquet -> @customers stage
[2026-07-04T14:35:13.826+0000] {logging_mixin.py:188} INFO - Uploaded /tmp/minio_downloads/customers_190122426397.parquet -> @customers stage
[2026-07-04T14:35:14.240+0000] {logging_mixin.py:188} INFO - Uploaded /tmp/minio_downloads/customers_190122496594.parquet -> @customers stage
[2026-07-04T14:35:14.647+0000] {logging_mixin.py:188} INFO - Uploaded /tmp/minio_downloads/customers_190122575921.parquet -> @customers stage
[2026-07-04T14:35:15.056+0000] {logging_mixin.py:188} INFO - Uploaded /tmp/minio_downloads/customers_190122666732.parquet -> @customers stage
[2026-07-04T14:35:15.469+0000] {logging_mixin.py:188} INFO - Uploaded /tmp/minio_downloads/customers_190122744017.parquet -> @customers stage
[2026-07-04T14:35:15.976+0000] {logging_mixin.py:188} INFO - Uploaded /tmp/minio_downloads/customers_190122803790.parquet -> @customers stage
[2026-07-04T14:35:16.340+0000] {logging_mixin.py:188} INFO - Uploaded /tmp/minio_downloads/customers_190122866720.parquet -> @customers stage
[2026-07-04T14:35:16.796+0000] {logging_mixin.py:188} INFO - Uploaded /tmp/minio_downloads/customers_190122917755.parquet -> @customers stage
[2026-07-04T14:35:17.207+0000] {logging_mixin.py:188} INFO - Uploaded /tmp/minio_downloads/customers_190122965839.parquet -> @customers stage
[2026-07-04T14:35:17.718+0000] {logging_mixin.py:188} INFO - Uploaded /tmp/minio_downloads/customers_190123017563.parquet -> @customers stage
[2026-07-04T14:35:18.233+0000] {logging_mixin.py:188} INFO - Uploaded /tmp/minio_downloads/customers_190123087773.parquet -> @customers stage
[2026-07-04T14:35:18.643+0000] {logging_mixin.py:188} INFO - Uploaded /tmp/minio_downloads/customers_190123155911.parquet -> @customers stage
[2026-07-04T14:35:19.051+0000] {logging_mixin.py:188} INFO - Uploaded /tmp/minio_downloads/customers_190123225422.parquet -> @customers stage
[2026-07-04T14:35:19.458+0000] {logging_mixin.py:188} INFO - Uploaded /tmp/minio_downloads/customers_190123295060.parquet -> @customers stage
[2026-07-04T14:35:19.870+0000] {logging_mixin.py:188} INFO - Uploaded /tmp/minio_downloads/customers_190123375883.parquet -> @customers stage
[2026-07-04T14:35:20.483+0000] {logging_mixin.py:188} INFO - Uploaded /tmp/minio_downloads/customers_190123461445.parquet -> @customers stage
[2026-07-04T14:35:20.892+0000] {logging_mixin.py:188} INFO - Uploaded /tmp/minio_downloads/customers_190123549403.parquet -> @customers stage
[2026-07-04T14:35:21.303+0000] {logging_mixin.py:188} INFO - Uploaded /tmp/minio_downloads/customers_190123629735.parquet -> @customers stage
[2026-07-04T14:35:21.711+0000] {logging_mixin.py:188} INFO - Uploaded /tmp/minio_downloads/customers_190123712537.parquet -> @customers stage
[2026-07-04T14:35:22.122+0000] {logging_mixin.py:188} INFO - Uploaded /tmp/minio_downloads/customers_190123785855.parquet -> @customers stage
[2026-07-04T14:35:22.534+0000] {logging_mixin.py:188} INFO - Uploaded /tmp/minio_downloads/customers_190123852768.parquet -> @customers stage
[2026-07-04T14:35:22.941+0000] {logging_mixin.py:188} INFO - Uploaded /tmp/minio_downloads/customers_190123936501.parquet -> @customers stage
[2026-07-04T14:35:23.454+0000] {logging_mixin.py:188} INFO - Uploaded /tmp/minio_downloads/customers_190124033849.parquet -> @customers stage
[2026-07-04T14:35:23.862+0000] {logging_mixin.py:188} INFO - Uploaded /tmp/minio_downloads/customers_190124166322.parquet -> @customers stage
[2026-07-04T14:35:24.276+0000] {logging_mixin.py:188} INFO - Uploaded /tmp/minio_downloads/customers_190124239295.parquet -> @customers stage
[2026-07-04T14:35:24.687+0000] {logging_mixin.py:188} INFO - Uploaded /tmp/minio_downloads/customers_190124308641.parquet -> @customers stage
[2026-07-04T14:35:25.092+0000] {logging_mixin.py:188} INFO - Uploaded /tmp/minio_downloads/customers_190124367126.parquet -> @customers stage
[2026-07-04T14:35:25.505+0000] {logging_mixin.py:188} INFO - Uploaded /tmp/minio_downloads/customers_190124438120.parquet -> @customers stage
[2026-07-04T14:35:25.912+0000] {logging_mixin.py:188} INFO - Uploaded /tmp/minio_downloads/customers_190124506813.parquet -> @customers stage
[2026-07-04T14:35:26.273+0000] {logging_mixin.py:188} INFO - Uploaded /tmp/minio_downloads/customers_190124577918.parquet -> @customers stage
[2026-07-04T14:35:26.735+0000] {logging_mixin.py:188} INFO - Uploaded /tmp/minio_downloads/customers_190124645052.parquet -> @customers stage
[2026-07-04T14:35:27.101+0000] {logging_mixin.py:188} INFO - Uploaded /tmp/minio_downloads/customers_190124698144.parquet -> @customers stage
[2026-07-04T14:35:27.549+0000] {logging_mixin.py:188} INFO - Uploaded /tmp/minio_downloads/customers_190124750698.parquet -> @customers stage
[2026-07-04T14:35:27.924+0000] {logging_mixin.py:188} INFO - Uploaded /tmp/minio_downloads/customers_190124860523.parquet -> @customers stage
[2026-07-04T14:35:28.331+0000] {logging_mixin.py:188} INFO - Uploaded /tmp/minio_downloads/customers_190124942262.parquet -> @customers stage
[2026-07-04T14:35:28.788+0000] {logging_mixin.py:188} INFO - Uploaded /tmp/minio_downloads/customers_190125013131.parquet -> @customers stage
[2026-07-04T14:35:29.247+0000] {logging_mixin.py:188} INFO - Uploaded /tmp/minio_downloads/customers_190125105286.parquet -> @customers stage
[2026-07-04T14:35:29.668+0000] {logging_mixin.py:188} INFO - Uploaded /tmp/minio_downloads/customers_190125202440.parquet -> @customers stage
[2026-07-04T14:35:30.020+0000] {logging_mixin.py:188} INFO - Uploaded /tmp/minio_downloads/customers_190125298099.parquet -> @customers stage
[2026-07-04T14:35:30.521+0000] {logging_mixin.py:188} INFO - Uploaded /tmp/minio_downloads/customers_190125375584.parquet -> @customers stage
[2026-07-04T14:35:30.933+0000] {logging_mixin.py:188} INFO - Uploaded /tmp/minio_downloads/customers_190125437993.parquet -> @customers stage
[2026-07-04T14:35:31.338+0000] {logging_mixin.py:188} INFO - Uploaded /tmp/minio_downloads/customers_190125502586.parquet -> @customers stage
[2026-07-04T14:35:31.745+0000] {logging_mixin.py:188} INFO - Uploaded /tmp/minio_downloads/customers_190125580897.parquet -> @customers stage
[2026-07-04T14:35:32.102+0000] {logging_mixin.py:188} INFO - Uploaded /tmp/minio_downloads/customers_190125642474.parquet -> @customers stage
[2026-07-04T14:35:32.522+0000] {logging_mixin.py:188} INFO - Uploaded /tmp/minio_downloads/customers_190125701048.parquet -> @customers stage
[2026-07-04T14:35:32.979+0000] {logging_mixin.py:188} INFO - Uploaded /tmp/minio_downloads/customers_190125761080.parquet -> @customers stage
[2026-07-04T14:35:33.391+0000] {logging_mixin.py:188} INFO - Uploaded /tmp/minio_downloads/customers_190125833530.parquet -> @customers stage
[2026-07-04T14:35:33.902+0000] {logging_mixin.py:188} INFO - Uploaded /tmp/minio_downloads/customers_190125898658.parquet -> @customers stage
[2026-07-04T14:35:34.311+0000] {logging_mixin.py:188} INFO - Uploaded /tmp/minio_downloads/customers_190125975991.parquet -> @customers stage
[2026-07-04T14:35:34.677+0000] {logging_mixin.py:188} INFO - Uploaded /tmp/minio_downloads/customers_190126066822.parquet -> @customers stage
[2026-07-04T14:35:35.129+0000] {logging_mixin.py:188} INFO - Uploaded /tmp/minio_downloads/customers_190126198505.parquet -> @customers stage
[2026-07-04T14:35:35.546+0000] {logging_mixin.py:188} INFO - Uploaded /tmp/minio_downloads/customers_190126301475.parquet -> @customers stage
[2026-07-04T14:35:35.952+0000] {logging_mixin.py:188} INFO - Uploaded /tmp/minio_downloads/customers_190126398593.parquet -> @customers stage
[2026-07-04T14:35:36.463+0000] {logging_mixin.py:188} INFO - Uploaded /tmp/minio_downloads/customers_190126533501.parquet -> @customers stage
[2026-07-04T14:35:36.867+0000] {logging_mixin.py:188} INFO - Uploaded /tmp/minio_downloads/customers_190126611796.parquet -> @customers stage
[2026-07-04T14:35:37.283+0000] {logging_mixin.py:188} INFO - Uploaded /tmp/minio_downloads/customers_190126673708.parquet -> @customers stage
[2026-07-04T14:35:37.735+0000] {logging_mixin.py:188} INFO - Uploaded /tmp/minio_downloads/customers_190126725267.parquet -> @customers stage
[2026-07-04T14:35:38.168+0000] {logging_mixin.py:188} INFO - Uploaded /tmp/minio_downloads/customers_190126787313.parquet -> @customers stage
[2026-07-04T14:35:38.609+0000] {logging_mixin.py:188} INFO - Uploaded /tmp/minio_downloads/customers_190126855392.parquet -> @customers stage
[2026-07-04T14:35:39.016+0000] {logging_mixin.py:188} INFO - Uploaded /tmp/minio_downloads/customers_190126906171.parquet -> @customers stage
[2026-07-04T14:35:39.424+0000] {logging_mixin.py:188} INFO - Uploaded /tmp/minio_downloads/customers_190126961049.parquet -> @customers stage
[2026-07-04T14:35:39.836+0000] {logging_mixin.py:188} INFO - Uploaded /tmp/minio_downloads/customers_190127014299.parquet -> @customers stage
[2026-07-04T14:35:40.252+0000] {logging_mixin.py:188} INFO - Uploaded /tmp/minio_downloads/customers_190127077863.parquet -> @customers stage
[2026-07-04T14:35:40.654+0000] {logging_mixin.py:188} INFO - Uploaded /tmp/minio_downloads/customers_190127230270.parquet -> @customers stage
[2026-07-04T14:35:41.070+0000] {logging_mixin.py:188} INFO - Uploaded /tmp/minio_downloads/customers_190127379217.parquet -> @customers stage
[2026-07-04T14:35:41.475+0000] {logging_mixin.py:188} INFO - Uploaded /tmp/minio_downloads/customers_190127480731.parquet -> @customers stage
[2026-07-04T14:35:41.833+0000] {logging_mixin.py:188} INFO - Uploaded /tmp/minio_downloads/customers_190127588343.parquet -> @customers stage
[2026-07-04T14:35:42.272+0000] {logging_mixin.py:188} INFO - Uploaded /tmp/minio_downloads/customers_190127655023.parquet -> @customers stage
[2026-07-04T14:35:42.651+0000] {logging_mixin.py:188} INFO - Uploaded /tmp/minio_downloads/customers_190127718661.parquet -> @customers stage
[2026-07-04T14:35:43.115+0000] {logging_mixin.py:188} INFO - Uploaded /tmp/minio_downloads/customers_190127807503.parquet -> @customers stage
[2026-07-04T14:35:43.523+0000] {logging_mixin.py:188} INFO - Uploaded /tmp/minio_downloads/customers_190127875342.parquet -> @customers stage
[2026-07-04T14:35:43.933+0000] {logging_mixin.py:188} INFO - Uploaded /tmp/minio_downloads/customers_190127934037.parquet -> @customers stage
[2026-07-04T14:35:44.349+0000] {logging_mixin.py:188} INFO - Uploaded /tmp/minio_downloads/customers_190127986063.parquet -> @customers stage
[2026-07-04T14:35:44.854+0000] {logging_mixin.py:188} INFO - Uploaded /tmp/minio_downloads/customers_190128037403.parquet -> @customers stage
[2026-07-04T14:35:45.262+0000] {logging_mixin.py:188} INFO - Uploaded /tmp/minio_downloads/customers_190128094155.parquet -> @customers stage
[2026-07-04T14:35:45.671+0000] {logging_mixin.py:188} INFO - Uploaded /tmp/minio_downloads/customers_190128153350.parquet -> @customers stage
[2026-07-04T14:35:46.041+0000] {logging_mixin.py:188} INFO - Uploaded /tmp/minio_downloads/customers_190128208574.parquet -> @customers stage
[2026-07-04T14:35:46.387+0000] {logging_mixin.py:188} INFO - Uploaded /tmp/minio_downloads/customers_190128269321.parquet -> @customers stage
[2026-07-04T14:35:46.747+0000] {logging_mixin.py:188} INFO - Uploaded /tmp/minio_downloads/customers_190128431709.parquet -> @customers stage
[2026-07-04T14:35:47.108+0000] {logging_mixin.py:188} INFO - Uploaded /tmp/minio_downloads/customers_190128531915.parquet -> @customers stage
[2026-07-04T14:35:47.489+0000] {logging_mixin.py:188} INFO - Uploaded /tmp/minio_downloads/customers_190128627723.parquet -> @customers stage
[2026-07-04T14:35:47.926+0000] {logging_mixin.py:188} INFO - Uploaded /tmp/minio_downloads/customers_190128728340.parquet -> @customers stage
[2026-07-04T14:35:48.335+0000] {logging_mixin.py:188} INFO - Uploaded /tmp/minio_downloads/customers_190128798458.parquet -> @customers stage
[2026-07-04T14:35:48.749+0000] {logging_mixin.py:188} INFO - Uploaded /tmp/minio_downloads/customers_190128859676.parquet -> @customers stage
[2026-07-04T14:35:49.158+0000] {logging_mixin.py:188} INFO - Uploaded /tmp/minio_downloads/customers_190128933072.parquet -> @customers stage
[2026-07-04T14:35:49.683+0000] {logging_mixin.py:188} INFO - Uploaded /tmp/minio_downloads/customers_190129009410.parquet -> @customers stage
[2026-07-04T14:35:50.077+0000] {logging_mixin.py:188} INFO - Uploaded /tmp/minio_downloads/customers_190129066318.parquet -> @customers stage
[2026-07-04T14:35:50.486+0000] {logging_mixin.py:188} INFO - Uploaded /tmp/minio_downloads/customers_190129134200.parquet -> @customers stage
[2026-07-04T14:35:50.900+0000] {logging_mixin.py:188} INFO - Uploaded /tmp/minio_downloads/customers_190129228717.parquet -> @customers stage
[2026-07-04T14:35:51.303+0000] {logging_mixin.py:188} INFO - Uploaded /tmp/minio_downloads/customers_190129346180.parquet -> @customers stage
[2026-07-04T14:35:51.716+0000] {logging_mixin.py:188} INFO - Uploaded /tmp/minio_downloads/customers_190129451553.parquet -> @customers stage
[2026-07-04T14:35:52.127+0000] {logging_mixin.py:188} INFO - Uploaded /tmp/minio_downloads/customers_190129526392.parquet -> @customers stage
[2026-07-04T14:35:52.535+0000] {logging_mixin.py:188} INFO - Uploaded /tmp/minio_downloads/customers_190129605212.parquet -> @customers stage
[2026-07-04T14:35:52.896+0000] {logging_mixin.py:188} INFO - Uploaded /tmp/minio_downloads/customers_190129695196.parquet -> @customers stage
[2026-07-04T14:35:53.359+0000] {logging_mixin.py:188} INFO - Uploaded /tmp/minio_downloads/customers_190129776918.parquet -> @customers stage
[2026-07-04T14:35:53.871+0000] {logging_mixin.py:188} INFO - Uploaded /tmp/minio_downloads/customers_190129832175.parquet -> @customers stage
[2026-07-04T14:35:54.260+0000] {logging_mixin.py:188} INFO - Uploaded /tmp/minio_downloads/customers_190129890474.parquet -> @customers stage
[2026-07-04T14:35:54.695+0000] {logging_mixin.py:188} INFO - Uploaded /tmp/minio_downloads/customers_190129953507.parquet -> @customers stage
[2026-07-04T14:35:55.094+0000] {logging_mixin.py:188} INFO - Uploaded /tmp/minio_downloads/customers_190130013760.parquet -> @customers stage
[2026-07-04T14:35:55.494+0000] {logging_mixin.py:188} INFO - Uploaded /tmp/minio_downloads/customers_190130073802.parquet -> @customers stage
[2026-07-04T14:35:55.874+0000] {logging_mixin.py:188} INFO - Uploaded /tmp/minio_downloads/customers_190130138955.parquet -> @customers stage
[2026-07-04T14:35:56.233+0000] {logging_mixin.py:188} INFO - Uploaded /tmp/minio_downloads/customers_190130228190.parquet -> @customers stage
[2026-07-04T14:35:56.679+0000] {logging_mixin.py:188} INFO - Uploaded /tmp/minio_downloads/customers_190130320235.parquet -> @customers stage
[2026-07-04T14:35:57.094+0000] {logging_mixin.py:188} INFO - Uploaded /tmp/minio_downloads/customers_190130463414.parquet -> @customers stage
[2026-07-04T14:35:57.559+0000] {logging_mixin.py:188} INFO - Uploaded /tmp/minio_downloads/customers_190130642884.parquet -> @customers stage
[2026-07-04T14:35:57.964+0000] {logging_mixin.py:188} INFO - Uploaded /tmp/minio_downloads/customers_190130717184.parquet -> @customers stage
[2026-07-04T14:35:58.374+0000] {logging_mixin.py:188} INFO - Uploaded /tmp/minio_downloads/customers_190130808820.parquet -> @customers stage
[2026-07-04T14:35:58.793+0000] {logging_mixin.py:188} INFO - Uploaded /tmp/minio_downloads/customers_190130916199.parquet -> @customers stage
[2026-07-04T14:35:59.156+0000] {logging_mixin.py:188} INFO - Uploaded /tmp/minio_downloads/customers_190131003963.parquet -> @customers stage
[2026-07-04T14:35:59.602+0000] {logging_mixin.py:188} INFO - Uploaded /tmp/minio_downloads/customers_190131072490.parquet -> @customers stage
[2026-07-04T14:35:59.973+0000] {logging_mixin.py:188} INFO - Uploaded /tmp/minio_downloads/customers_190131132290.parquet -> @customers stage
[2026-07-04T14:36:00.355+0000] {logging_mixin.py:188} INFO - Uploaded /tmp/minio_downloads/customers_190131197231.parquet -> @customers stage
[2026-07-04T14:36:00.728+0000] {logging_mixin.py:188} INFO - Uploaded /tmp/minio_downloads/customers_190131284048.parquet -> @customers stage
[2026-07-04T14:36:01.084+0000] {logging_mixin.py:188} INFO - Uploaded /tmp/minio_downloads/customers_190131351632.parquet -> @customers stage
[2026-07-04T14:36:01.546+0000] {logging_mixin.py:188} INFO - Uploaded /tmp/minio_downloads/customers_190131412820.parquet -> @customers stage
[2026-07-04T14:36:01.955+0000] {logging_mixin.py:188} INFO - Uploaded /tmp/minio_downloads/customers_190131477522.parquet -> @customers stage
[2026-07-04T14:36:02.304+0000] {logging_mixin.py:188} INFO - Uploaded /tmp/minio_downloads/customers_190131556821.parquet -> @customers stage
[2026-07-04T14:36:02.678+0000] {logging_mixin.py:188} INFO - Uploaded /tmp/minio_downloads/customers_190131630829.parquet -> @customers stage
[2026-07-04T14:36:03.084+0000] {logging_mixin.py:188} INFO - Uploaded /tmp/minio_downloads/customers_190131759153.parquet -> @customers stage
[2026-07-04T14:36:03.494+0000] {logging_mixin.py:188} INFO - Uploaded /tmp/minio_downloads/customers_190131874052.parquet -> @customers stage
[2026-07-04T14:36:04.009+0000] {logging_mixin.py:188} INFO - Uploaded /tmp/minio_downloads/customers_190131957224.parquet -> @customers stage
[2026-07-04T14:36:04.370+0000] {logging_mixin.py:188} INFO - Uploaded /tmp/minio_downloads/customers_190132020731.parquet -> @customers stage
[2026-07-04T14:36:04.824+0000] {logging_mixin.py:188} INFO - Uploaded /tmp/minio_downloads/customers_190132095530.parquet -> @customers stage
[2026-07-04T14:36:05.234+0000] {logging_mixin.py:188} INFO - Uploaded /tmp/minio_downloads/customers_190132190842.parquet -> @customers stage
[2026-07-04T14:36:05.602+0000] {logging_mixin.py:188} INFO - Uploaded /tmp/minio_downloads/customers_190132257908.parquet -> @customers stage
[2026-07-04T14:36:06.056+0000] {logging_mixin.py:188} INFO - Uploaded /tmp/minio_downloads/customers_190132336735.parquet -> @customers stage
[2026-07-04T14:36:06.462+0000] {logging_mixin.py:188} INFO - Uploaded /tmp/minio_downloads/customers_190132397476.parquet -> @customers stage
[2026-07-04T14:36:06.873+0000] {logging_mixin.py:188} INFO - Uploaded /tmp/minio_downloads/customers_190132457332.parquet -> @customers stage
[2026-07-04T14:36:07.287+0000] {logging_mixin.py:188} INFO - Uploaded /tmp/minio_downloads/customers_190132511945.parquet -> @customers stage
[2026-07-04T14:36:07.733+0000] {logging_mixin.py:188} INFO - Uploaded /tmp/minio_downloads/customers_190132569070.parquet -> @customers stage
[2026-07-04T14:36:08.094+0000] {logging_mixin.py:188} INFO - Uploaded /tmp/minio_downloads/customers_190132629049.parquet -> @customers stage
[2026-07-04T14:36:08.469+0000] {logging_mixin.py:188} INFO - Uploaded /tmp/minio_downloads/customers_190132688276.parquet -> @customers stage
[2026-07-04T14:36:08.918+0000] {logging_mixin.py:188} INFO - Uploaded /tmp/minio_downloads/customers_190132778792.parquet -> @customers stage
[2026-07-04T14:36:09.328+0000] {logging_mixin.py:188} INFO - Uploaded /tmp/minio_downloads/customers_190132897929.parquet -> @customers stage
[2026-07-04T14:36:09.722+0000] {logging_mixin.py:188} INFO - Uploaded /tmp/minio_downloads/customers_190132989487.parquet -> @customers stage
[2026-07-04T14:36:10.122+0000] {logging_mixin.py:188} INFO - Uploaded /tmp/minio_downloads/customers_190133056824.parquet -> @customers stage
[2026-07-04T14:36:10.487+0000] {logging_mixin.py:188} INFO - Uploaded /tmp/minio_downloads/customers_190133121817.parquet -> @customers stage
[2026-07-04T14:36:10.881+0000] {logging_mixin.py:188} INFO - Uploaded /tmp/minio_downloads/customers_190133207008.parquet -> @customers stage
[2026-07-04T14:36:11.277+0000] {logging_mixin.py:188} INFO - Uploaded /tmp/minio_downloads/customers_190133294815.parquet -> @customers stage
[2026-07-04T14:36:11.645+0000] {logging_mixin.py:188} INFO - Uploaded /tmp/minio_downloads/customers_190133373555.parquet -> @customers stage
[2026-07-04T14:36:12.035+0000] {logging_mixin.py:188} INFO - Uploaded /tmp/minio_downloads/customers_190133435257.parquet -> @customers stage
[2026-07-04T14:36:12.395+0000] {logging_mixin.py:188} INFO - Uploaded /tmp/minio_downloads/customers_190133483896.parquet -> @customers stage
[2026-07-04T14:36:12.810+0000] {logging_mixin.py:188} INFO - Uploaded /tmp/minio_downloads/customers_190133536221.parquet -> @customers stage
[2026-07-04T14:36:13.221+0000] {logging_mixin.py:188} INFO - Uploaded /tmp/minio_downloads/customers_190133607984.parquet -> @customers stage
[2026-07-04T14:36:13.695+0000] {logging_mixin.py:188} INFO - Uploaded /tmp/minio_downloads/customers_190133687814.parquet -> @customers stage
[2026-07-04T14:36:14.142+0000] {logging_mixin.py:188} INFO - Uploaded /tmp/minio_downloads/customers_190133755829.parquet -> @customers stage
[2026-07-04T14:36:14.526+0000] {logging_mixin.py:188} INFO - Uploaded /tmp/minio_downloads/customers_190133820634.parquet -> @customers stage
[2026-07-04T14:36:14.882+0000] {logging_mixin.py:188} INFO - Uploaded /tmp/minio_downloads/customers_190133887302.parquet -> @customers stage
[2026-07-04T14:36:15.268+0000] {logging_mixin.py:188} INFO - Uploaded /tmp/minio_downloads/customers_190133997058.parquet -> @customers stage
[2026-07-04T14:36:15.782+0000] {logging_mixin.py:188} INFO - Uploaded /tmp/minio_downloads/customers_190134107120.parquet -> @customers stage
[2026-07-04T14:36:16.192+0000] {logging_mixin.py:188} INFO - Uploaded /tmp/minio_downloads/customers_190134177669.parquet -> @customers stage
[2026-07-04T14:36:16.805+0000] {logging_mixin.py:188} INFO - Uploaded /tmp/minio_downloads/customers_190134250035.parquet -> @customers stage
[2026-07-04T14:36:17.217+0000] {logging_mixin.py:188} INFO - Uploaded /tmp/minio_downloads/customers_190134360713.parquet -> @customers stage
[2026-07-04T14:36:17.623+0000] {logging_mixin.py:188} INFO - Uploaded /tmp/minio_downloads/customers_190134433874.parquet -> @customers stage
[2026-07-04T14:36:17.994+0000] {logging_mixin.py:188} INFO - Uploaded /tmp/minio_downloads/customers_190134494634.parquet -> @customers stage
[2026-07-04T14:36:18.368+0000] {logging_mixin.py:188} INFO - Uploaded /tmp/minio_downloads/customers_190134552884.parquet -> @customers stage
[2026-07-04T14:36:18.776+0000] {logging_mixin.py:188} INFO - Uploaded /tmp/minio_downloads/customers_190134677072.parquet -> @customers stage
[2026-07-04T14:36:19.176+0000] {logging_mixin.py:188} INFO - Uploaded /tmp/minio_downloads/customers_190134754871.parquet -> @customers stage
[2026-07-04T14:36:19.677+0000] {logging_mixin.py:188} INFO - Uploaded /tmp/minio_downloads/customers_190134813898.parquet -> @customers stage
[2026-07-04T14:36:20.189+0000] {logging_mixin.py:188} INFO - Uploaded /tmp/minio_downloads/customers_190134868592.parquet -> @customers stage
[2026-07-04T14:36:20.710+0000] {logging_mixin.py:188} INFO - Uploaded /tmp/minio_downloads/customers_190134926130.parquet -> @customers stage
[2026-07-04T14:36:21.126+0000] {logging_mixin.py:188} INFO - Uploaded /tmp/minio_downloads/customers_190134999617.parquet -> @customers stage
[2026-07-04T14:36:21.523+0000] {logging_mixin.py:188} INFO - Uploaded /tmp/minio_downloads/customers_190135107340.parquet -> @customers stage
[2026-07-04T14:36:22.028+0000] {logging_mixin.py:188} INFO - Uploaded /tmp/minio_downloads/customers_190135172475.parquet -> @customers stage
[2026-07-04T14:36:22.436+0000] {logging_mixin.py:188} INFO - Uploaded /tmp/minio_downloads/customers_190135244286.parquet -> @customers stage
[2026-07-04T14:36:22.852+0000] {logging_mixin.py:188} INFO - Uploaded /tmp/minio_downloads/customers_190135325711.parquet -> @customers stage
[2026-07-04T14:36:23.256+0000] {logging_mixin.py:188} INFO - Uploaded /tmp/minio_downloads/customers_190135429417.parquet -> @customers stage
[2026-07-04T14:36:23.611+0000] {logging_mixin.py:188} INFO - Uploaded /tmp/minio_downloads/customers_190135510140.parquet -> @customers stage
[2026-07-04T14:36:24.077+0000] {logging_mixin.py:188} INFO - Uploaded /tmp/minio_downloads/customers_190135568172.parquet -> @customers stage
[2026-07-04T14:36:24.487+0000] {logging_mixin.py:188} INFO - Uploaded /tmp/minio_downloads/customers_190135623504.parquet -> @customers stage
[2026-07-04T14:36:24.893+0000] {logging_mixin.py:188} INFO - Uploaded /tmp/minio_downloads/customers_190135674345.parquet -> @customers stage
[2026-07-04T14:36:25.306+0000] {logging_mixin.py:188} INFO - Uploaded /tmp/minio_downloads/customers_190135739430.parquet -> @customers stage
[2026-07-04T14:36:25.822+0000] {logging_mixin.py:188} INFO - Uploaded /tmp/minio_downloads/customers_190135807360.parquet -> @customers stage
[2026-07-04T14:36:26.226+0000] {logging_mixin.py:188} INFO - Uploaded /tmp/minio_downloads/customers_190135888235.parquet -> @customers stage
[2026-07-04T14:36:26.633+0000] {logging_mixin.py:188} INFO - Uploaded /tmp/minio_downloads/customers_190135947589.parquet -> @customers stage
[2026-07-04T14:36:27.044+0000] {logging_mixin.py:188} INFO - Uploaded /tmp/minio_downloads/customers_190135998103.parquet -> @customers stage
[2026-07-04T14:36:27.454+0000] {logging_mixin.py:188} INFO - Uploaded /tmp/minio_downloads/customers_190136061849.parquet -> @customers stage
[2026-07-04T14:36:28.174+0000] {logging_mixin.py:188} INFO - Uploaded /tmp/minio_downloads/customers_190136167996.parquet -> @customers stage
[2026-07-04T14:36:28.550+0000] {logging_mixin.py:188} INFO - Uploaded /tmp/minio_downloads/customers_190136257354.parquet -> @customers stage
[2026-07-04T14:36:28.931+0000] {logging_mixin.py:188} INFO - Uploaded /tmp/minio_downloads/customers_190136337224.parquet -> @customers stage
[2026-07-04T14:36:29.402+0000] {logging_mixin.py:188} INFO - Uploaded /tmp/minio_downloads/customers_190136431571.parquet -> @customers stage
[2026-07-04T14:36:29.809+0000] {logging_mixin.py:188} INFO - Uploaded /tmp/minio_downloads/customers_190136503854.parquet -> @customers stage
[2026-07-04T14:36:30.219+0000] {logging_mixin.py:188} INFO - Uploaded /tmp/minio_downloads/customers_190136560538.parquet -> @customers stage
[2026-07-04T14:36:30.635+0000] {logging_mixin.py:188} INFO - Uploaded /tmp/minio_downloads/customers_190136621534.parquet -> @customers stage
[2026-07-04T14:36:31.346+0000] {logging_mixin.py:188} INFO - Uploaded /tmp/minio_downloads/customers_190136680399.parquet -> @customers stage
[2026-07-04T14:36:31.763+0000] {logging_mixin.py:188} INFO - Uploaded /tmp/minio_downloads/customers_190136741933.parquet -> @customers stage
[2026-07-04T14:36:32.269+0000] {logging_mixin.py:188} INFO - Uploaded /tmp/minio_downloads/customers_190136820157.parquet -> @customers stage
[2026-07-04T14:36:32.678+0000] {logging_mixin.py:188} INFO - Uploaded /tmp/minio_downloads/customers_190136887851.parquet -> @customers stage
[2026-07-04T14:36:33.086+0000] {logging_mixin.py:188} INFO - Uploaded /tmp/minio_downloads/customers_190136946066.parquet -> @customers stage
[2026-07-04T14:36:33.500+0000] {logging_mixin.py:188} INFO - Uploaded /tmp/minio_downloads/customers_190137004434.parquet -> @customers stage
[2026-07-04T14:36:33.863+0000] {logging_mixin.py:188} INFO - Uploaded /tmp/minio_downloads/customers_190137101677.parquet -> @customers stage
[2026-07-04T14:36:34.311+0000] {logging_mixin.py:188} INFO - Uploaded /tmp/minio_downloads/customers_190137255608.parquet -> @customers stage
[2026-07-04T14:36:34.734+0000] {logging_mixin.py:188} INFO - Uploaded /tmp/minio_downloads/customers_190137346229.parquet -> @customers stage
[2026-07-04T14:36:35.137+0000] {logging_mixin.py:188} INFO - Uploaded /tmp/minio_downloads/customers_190137423200.parquet -> @customers stage
[2026-07-04T14:36:35.547+0000] {logging_mixin.py:188} INFO - Uploaded /tmp/minio_downloads/customers_190137525213.parquet -> @customers stage
[2026-07-04T14:36:35.956+0000] {logging_mixin.py:188} INFO - Uploaded /tmp/minio_downloads/customers_190137610662.parquet -> @customers stage
[2026-07-04T14:36:36.372+0000] {logging_mixin.py:188} INFO - Uploaded /tmp/minio_downloads/customers_190137678559.parquet -> @customers stage
[2026-07-04T14:36:36.876+0000] {logging_mixin.py:188} INFO - Uploaded /tmp/minio_downloads/customers_190137736461.parquet -> @customers stage
[2026-07-04T14:36:37.233+0000] {logging_mixin.py:188} INFO - Uploaded /tmp/minio_downloads/customers_190137787947.parquet -> @customers stage
[2026-07-04T14:36:37.701+0000] {logging_mixin.py:188} INFO - Uploaded /tmp/minio_downloads/customers_190137839219.parquet -> @customers stage
[2026-07-04T14:36:38.109+0000] {logging_mixin.py:188} INFO - Uploaded /tmp/minio_downloads/customers_190137888382.parquet -> @customers stage
[2026-07-04T14:36:38.519+0000] {logging_mixin.py:188} INFO - Uploaded /tmp/minio_downloads/customers_190137935832.parquet -> @customers stage
[2026-07-04T14:36:39.022+0000] {logging_mixin.py:188} INFO - Uploaded /tmp/minio_downloads/customers_190137986486.parquet -> @customers stage
[2026-07-04T14:36:39.433+0000] {logging_mixin.py:188} INFO - Uploaded /tmp/minio_downloads/customers_190138038505.parquet -> @customers stage
[2026-07-04T14:36:39.842+0000] {logging_mixin.py:188} INFO - Uploaded /tmp/minio_downloads/customers_190138107616.parquet -> @customers stage
[2026-07-04T14:36:40.256+0000] {logging_mixin.py:188} INFO - Uploaded /tmp/minio_downloads/customers_190138169555.parquet -> @customers stage
[2026-07-04T14:36:40.668+0000] {logging_mixin.py:188} INFO - Uploaded /tmp/minio_downloads/customers_190138226465.parquet -> @customers stage
[2026-07-04T14:36:41.076+0000] {logging_mixin.py:188} INFO - Uploaded /tmp/minio_downloads/customers_190138304921.parquet -> @customers stage
[2026-07-04T14:36:41.481+0000] {logging_mixin.py:188} INFO - Uploaded /tmp/minio_downloads/customers_190138364174.parquet -> @customers stage
[2026-07-04T14:36:41.893+0000] {logging_mixin.py:188} INFO - Uploaded /tmp/minio_downloads/customers_190138432863.parquet -> @customers stage
[2026-07-04T14:36:42.303+0000] {logging_mixin.py:188} INFO - Uploaded /tmp/minio_downloads/customers_190138495682.parquet -> @customers stage
[2026-07-04T14:36:42.719+0000] {logging_mixin.py:188} INFO - Uploaded /tmp/minio_downloads/customers_190138578969.parquet -> @customers stage
[2026-07-04T14:36:43.124+0000] {logging_mixin.py:188} INFO - Uploaded /tmp/minio_downloads/customers_190138651839.parquet -> @customers stage
[2026-07-04T14:36:43.599+0000] {logging_mixin.py:188} INFO - Uploaded /tmp/minio_downloads/customers_190138721874.parquet -> @customers stage
[2026-07-04T14:36:44.046+0000] {logging_mixin.py:188} INFO - Uploaded /tmp/minio_downloads/customers_190138789535.parquet -> @customers stage
[2026-07-04T14:36:44.451+0000] {logging_mixin.py:188} INFO - Uploaded /tmp/minio_downloads/customers_190138845434.parquet -> @customers stage
[2026-07-04T14:36:44.865+0000] {logging_mixin.py:188} INFO - Uploaded /tmp/minio_downloads/customers_190138905662.parquet -> @customers stage
[2026-07-04T14:36:45.270+0000] {logging_mixin.py:188} INFO - Uploaded /tmp/minio_downloads/customers_190138968687.parquet -> @customers stage
[2026-07-04T14:36:45.680+0000] {logging_mixin.py:188} INFO - Uploaded /tmp/minio_downloads/customers_190139031810.parquet -> @customers stage
[2026-07-04T14:36:46.089+0000] {logging_mixin.py:188} INFO - Uploaded /tmp/minio_downloads/customers_190139087380.parquet -> @customers stage
[2026-07-04T14:36:46.504+0000] {logging_mixin.py:188} INFO - Uploaded /tmp/minio_downloads/customers_190139142629.parquet -> @customers stage
[2026-07-04T14:36:46.907+0000] {logging_mixin.py:188} INFO - Uploaded /tmp/minio_downloads/customers_190139224460.parquet -> @customers stage
[2026-07-04T14:36:47.318+0000] {logging_mixin.py:188} INFO - Uploaded /tmp/minio_downloads/customers_190139336847.parquet -> @customers stage
[2026-07-04T14:36:47.733+0000] {logging_mixin.py:188} INFO - Uploaded /tmp/minio_downloads/customers_190139446805.parquet -> @customers stage
[2026-07-04T14:36:48.090+0000] {logging_mixin.py:188} INFO - Uploaded /tmp/minio_downloads/customers_190139537292.parquet -> @customers stage
[2026-07-04T14:36:48.546+0000] {logging_mixin.py:188} INFO - Uploaded /tmp/minio_downloads/customers_190139614237.parquet -> @customers stage
[2026-07-04T14:36:48.966+0000] {logging_mixin.py:188} INFO - Uploaded /tmp/minio_downloads/customers_190139685084.parquet -> @customers stage
[2026-07-04T14:36:49.478+0000] {logging_mixin.py:188} INFO - Uploaded /tmp/minio_downloads/customers_190139752979.parquet -> @customers stage
[2026-07-04T14:36:49.953+0000] {logging_mixin.py:188} INFO - Uploaded /tmp/minio_downloads/customers_190139809536.parquet -> @customers stage
[2026-07-04T14:36:50.393+0000] {logging_mixin.py:188} INFO - Uploaded /tmp/minio_downloads/customers_190139865207.parquet -> @customers stage
[2026-07-04T14:36:50.763+0000] {logging_mixin.py:188} INFO - Uploaded /tmp/minio_downloads/customers_190139920838.parquet -> @customers stage
[2026-07-04T14:36:51.110+0000] {logging_mixin.py:188} INFO - Uploaded /tmp/minio_downloads/customers_190140018171.parquet -> @customers stage
[2026-07-04T14:36:51.525+0000] {logging_mixin.py:188} INFO - Uploaded /tmp/minio_downloads/customers_190140106906.parquet -> @customers stage
[2026-07-04T14:36:51.861+0000] {logging_mixin.py:188} INFO - Uploaded /tmp/minio_downloads/customers_190140180645.parquet -> @customers stage
[2026-07-04T14:36:52.233+0000] {logging_mixin.py:188} INFO - Uploaded /tmp/minio_downloads/customers_190140245926.parquet -> @customers stage
[2026-07-04T14:36:52.609+0000] {logging_mixin.py:188} INFO - Uploaded /tmp/minio_downloads/customers_190140303625.parquet -> @customers stage
[2026-07-04T14:36:53.053+0000] {logging_mixin.py:188} INFO - Uploaded /tmp/minio_downloads/customers_190140373289.parquet -> @customers stage
[2026-07-04T14:36:53.462+0000] {logging_mixin.py:188} INFO - Uploaded /tmp/minio_downloads/customers_190140482555.parquet -> @customers stage
[2026-07-04T14:36:53.845+0000] {logging_mixin.py:188} INFO - Uploaded /tmp/minio_downloads/customers_190140574962.parquet -> @customers stage
[2026-07-04T14:36:54.282+0000] {logging_mixin.py:188} INFO - Uploaded /tmp/minio_downloads/customers_190140645381.parquet -> @customers stage
[2026-07-04T14:36:54.692+0000] {logging_mixin.py:188} INFO - Uploaded /tmp/minio_downloads/customers_190140714886.parquet -> @customers stage
[2026-07-04T14:36:55.052+0000] {logging_mixin.py:188} INFO - Uploaded /tmp/minio_downloads/customers_190140792916.parquet -> @customers stage
[2026-07-04T14:36:55.418+0000] {logging_mixin.py:188} INFO - Uploaded /tmp/minio_downloads/customers_190140855292.parquet -> @customers stage
[2026-07-04T14:36:55.824+0000] {logging_mixin.py:188} INFO - Uploaded /tmp/minio_downloads/customers_190140915544.parquet -> @customers stage
[2026-07-04T14:36:56.234+0000] {logging_mixin.py:188} INFO - Uploaded /tmp/minio_downloads/customers_190140970565.parquet -> @customers stage
[2026-07-04T14:36:56.580+0000] {logging_mixin.py:188} INFO - Uploaded /tmp/minio_downloads/customers_190141025800.parquet -> @customers stage
[2026-07-04T14:36:56.942+0000] {logging_mixin.py:188} INFO - Uploaded /tmp/minio_downloads/customers_190141085798.parquet -> @customers stage
[2026-07-04T14:36:57.359+0000] {logging_mixin.py:188} INFO - Uploaded /tmp/minio_downloads/customers_190141143360.parquet -> @customers stage
[2026-07-04T14:36:57.769+0000] {logging_mixin.py:188} INFO - Uploaded /tmp/minio_downloads/customers_190141207606.parquet -> @customers stage
[2026-07-04T14:36:58.228+0000] {logging_mixin.py:188} INFO - Uploaded /tmp/minio_downloads/customers_190141272924.parquet -> @customers stage
[2026-07-04T14:36:58.575+0000] {logging_mixin.py:188} INFO - Uploaded /tmp/minio_downloads/customers_190141331653.parquet -> @customers stage
[2026-07-04T14:36:58.993+0000] {logging_mixin.py:188} INFO - Uploaded /tmp/minio_downloads/customers_190141384064.parquet -> @customers stage
[2026-07-04T14:36:59.404+0000] {logging_mixin.py:188} INFO - Uploaded /tmp/minio_downloads/customers_190141452758.parquet -> @customers stage
[2026-07-04T14:36:59.819+0000] {logging_mixin.py:188} INFO - Uploaded /tmp/minio_downloads/customers_190141523955.parquet -> @customers stage
[2026-07-04T14:37:00.222+0000] {logging_mixin.py:188} INFO - Uploaded /tmp/minio_downloads/customers_190141601091.parquet -> @customers stage
[2026-07-04T14:37:00.638+0000] {logging_mixin.py:188} INFO - Uploaded /tmp/minio_downloads/customers_190141666860.parquet -> @customers stage
[2026-07-04T14:37:01.152+0000] {logging_mixin.py:188} INFO - Uploaded /tmp/minio_downloads/customers_190141734317.parquet -> @customers stage
[2026-07-04T14:37:01.552+0000] {logging_mixin.py:188} INFO - Uploaded /tmp/minio_downloads/customers_190141797223.parquet -> @customers stage
[2026-07-04T14:37:01.909+0000] {logging_mixin.py:188} INFO - Uploaded /tmp/minio_downloads/customers_190141855437.parquet -> @customers stage
[2026-07-04T14:37:02.259+0000] {logging_mixin.py:188} INFO - Uploaded /tmp/minio_downloads/customers_190141909809.parquet -> @customers stage
[2026-07-04T14:37:02.683+0000] {logging_mixin.py:188} INFO - Uploaded /tmp/minio_downloads/customers_190141963132.parquet -> @customers stage
[2026-07-04T14:37:03.198+0000] {logging_mixin.py:188} INFO - Uploaded /tmp/minio_downloads/customers_190142031820.parquet -> @customers stage
[2026-07-04T14:37:03.606+0000] {logging_mixin.py:188} INFO - Uploaded /tmp/minio_downloads/customers_190142133562.parquet -> @customers stage
[2026-07-04T14:37:03.969+0000] {logging_mixin.py:188} INFO - Uploaded /tmp/minio_downloads/customers_190142200156.parquet -> @customers stage
[2026-07-04T14:37:04.324+0000] {logging_mixin.py:188} INFO - Uploaded /tmp/minio_downloads/customers_190142276412.parquet -> @customers stage
[2026-07-04T14:37:04.835+0000] {logging_mixin.py:188} INFO - Uploaded /tmp/minio_downloads/customers_190142357783.parquet -> @customers stage
[2026-07-04T14:37:05.342+0000] {logging_mixin.py:188} INFO - Uploaded /tmp/minio_downloads/customers_190142437611.parquet -> @customers stage
[2026-07-04T14:37:05.752+0000] {logging_mixin.py:188} INFO - Uploaded /tmp/minio_downloads/customers_190142517058.parquet -> @customers stage
[2026-07-04T14:37:06.135+0000] {logging_mixin.py:188} INFO - Uploaded /tmp/minio_downloads/customers_190142591045.parquet -> @customers stage
[2026-07-04T14:37:06.572+0000] {logging_mixin.py:188} INFO - Uploaded /tmp/minio_downloads/customers_190142671609.parquet -> @customers stage
[2026-07-04T14:37:06.980+0000] {logging_mixin.py:188} INFO - Uploaded /tmp/minio_downloads/customers_190142733046.parquet -> @customers stage
[2026-07-04T14:37:07.356+0000] {logging_mixin.py:188} INFO - Uploaded /tmp/minio_downloads/customers_190142868857.parquet -> @customers stage
[2026-07-04T14:37:07.808+0000] {logging_mixin.py:188} INFO - Uploaded /tmp/minio_downloads/customers_190143012723.parquet -> @customers stage
[2026-07-04T14:37:08.210+0000] {logging_mixin.py:188} INFO - Uploaded /tmp/minio_downloads/customers_190143114526.parquet -> @customers stage
[2026-07-04T14:37:08.618+0000] {logging_mixin.py:188} INFO - Uploaded /tmp/minio_downloads/customers_190143210657.parquet -> @customers stage
[2026-07-04T14:37:09.028+0000] {logging_mixin.py:188} INFO - Uploaded /tmp/minio_downloads/customers_190143266079.parquet -> @customers stage
[2026-07-04T14:37:09.436+0000] {logging_mixin.py:188} INFO - Uploaded /tmp/minio_downloads/customers_190143342983.parquet -> @customers stage
[2026-07-04T14:37:09.848+0000] {logging_mixin.py:188} INFO - Uploaded /tmp/minio_downloads/customers_190143422918.parquet -> @customers stage
[2026-07-04T14:37:10.256+0000] {logging_mixin.py:188} INFO - Uploaded /tmp/minio_downloads/customers_190143486297.parquet -> @customers stage
[2026-07-04T14:37:10.671+0000] {logging_mixin.py:188} INFO - Uploaded /tmp/minio_downloads/customers_190143554839.parquet -> @customers stage
[2026-07-04T14:37:11.080+0000] {logging_mixin.py:188} INFO - Uploaded /tmp/minio_downloads/customers_190143631809.parquet -> @customers stage
[2026-07-04T14:37:11.593+0000] {logging_mixin.py:188} INFO - Uploaded /tmp/minio_downloads/customers_190143720153.parquet -> @customers stage
[2026-07-04T14:37:12.105+0000] {logging_mixin.py:188} INFO - Uploaded /tmp/minio_downloads/customers_190143814757.parquet -> @customers stage
[2026-07-04T14:37:12.515+0000] {logging_mixin.py:188} INFO - Uploaded /tmp/minio_downloads/customers_190143914687.parquet -> @customers stage
[2026-07-04T14:37:12.919+0000] {logging_mixin.py:188} INFO - Uploaded /tmp/minio_downloads/customers_190144016870.parquet -> @customers stage
[2026-07-04T14:37:13.434+0000] {logging_mixin.py:188} INFO - Uploaded /tmp/minio_downloads/customers_190144097760.parquet -> @customers stage
[2026-07-04T14:37:13.841+0000] {logging_mixin.py:188} INFO - Uploaded /tmp/minio_downloads/customers_190144165362.parquet -> @customers stage
[2026-07-04T14:37:14.254+0000] {logging_mixin.py:188} INFO - Uploaded /tmp/minio_downloads/customers_190144219895.parquet -> @customers stage
[2026-07-04T14:37:14.768+0000] {logging_mixin.py:188} INFO - Uploaded /tmp/minio_downloads/customers_190144276140.parquet -> @customers stage
[2026-07-04T14:37:15.281+0000] {logging_mixin.py:188} INFO - Uploaded /tmp/minio_downloads/customers_190144335636.parquet -> @customers stage
[2026-07-04T14:37:15.786+0000] {logging_mixin.py:188} INFO - Uploaded /tmp/minio_downloads/customers_190144391424.parquet -> @customers stage
[2026-07-04T14:37:16.201+0000] {logging_mixin.py:188} INFO - Uploaded /tmp/minio_downloads/customers_190144468677.parquet -> @customers stage
[2026-07-04T14:37:16.711+0000] {logging_mixin.py:188} INFO - Uploaded /tmp/minio_downloads/customers_190144557018.parquet -> @customers stage
[2026-07-04T14:37:17.116+0000] {logging_mixin.py:188} INFO - Uploaded /tmp/minio_downloads/customers_190144678194.parquet -> @customers stage
[2026-07-04T14:37:17.532+0000] {logging_mixin.py:188} INFO - Uploaded /tmp/minio_downloads/customers_190144790046.parquet -> @customers stage
[2026-07-04T14:37:18.042+0000] {logging_mixin.py:188} INFO - Uploaded /tmp/minio_downloads/customers_190144876994.parquet -> @customers stage
[2026-07-04T14:37:18.451+0000] {logging_mixin.py:188} INFO - Uploaded /tmp/minio_downloads/customers_190144948552.parquet -> @customers stage
[2026-07-04T14:37:18.859+0000] {logging_mixin.py:188} INFO - Uploaded /tmp/minio_downloads/customers_190145016670.parquet -> @customers stage
[2026-07-04T14:37:19.371+0000] {logging_mixin.py:188} INFO - Uploaded /tmp/minio_downloads/customers_190145082851.parquet -> @customers stage
[2026-07-04T14:37:19.786+0000] {logging_mixin.py:188} INFO - Uploaded /tmp/minio_downloads/customers_190145145106.parquet -> @customers stage
[2026-07-04T14:37:20.295+0000] {logging_mixin.py:188} INFO - Uploaded /tmp/minio_downloads/customers_190145209849.parquet -> @customers stage
[2026-07-04T14:37:20.702+0000] {logging_mixin.py:188} INFO - Uploaded /tmp/minio_downloads/customers_190145274355.parquet -> @customers stage
[2026-07-04T14:37:21.117+0000] {logging_mixin.py:188} INFO - Uploaded /tmp/minio_downloads/customers_190145335174.parquet -> @customers stage
[2026-07-04T14:37:21.581+0000] {logging_mixin.py:188} INFO - Uploaded /tmp/minio_downloads/customers_190145391987.parquet -> @customers stage
[2026-07-04T14:37:21.943+0000] {logging_mixin.py:188} INFO - Uploaded /tmp/minio_downloads/customers_190145449141.parquet -> @customers stage
[2026-07-04T14:37:22.364+0000] {logging_mixin.py:188} INFO - Uploaded /tmp/minio_downloads/customers_190145517234.parquet -> @customers stage
[2026-07-04T14:37:22.758+0000] {logging_mixin.py:188} INFO - Uploaded /tmp/minio_downloads/customers_190145574072.parquet -> @customers stage
[2026-07-04T14:37:23.264+0000] {logging_mixin.py:188} INFO - Uploaded /tmp/minio_downloads/customers_190145633431.parquet -> @customers stage
[2026-07-04T14:37:23.674+0000] {logging_mixin.py:188} INFO - Uploaded /tmp/minio_downloads/customers_190534056791.parquet -> @customers stage
[2026-07-04T14:37:24.083+0000] {logging_mixin.py:188} INFO - Uploaded /tmp/minio_downloads/customers_190534138913.parquet -> @customers stage
[2026-07-04T14:37:24.497+0000] {logging_mixin.py:188} INFO - Uploaded /tmp/minio_downloads/customers_190534229894.parquet -> @customers stage
[2026-07-04T14:37:24.974+0000] {logging_mixin.py:188} INFO - Uploaded /tmp/minio_downloads/customers_190534306790.parquet -> @customers stage
[2026-07-04T14:37:25.419+0000] {logging_mixin.py:188} INFO - Uploaded /tmp/minio_downloads/customers_190534388373.parquet -> @customers stage
[2026-07-04T14:37:25.929+0000] {logging_mixin.py:188} INFO - Uploaded /tmp/minio_downloads/customers_190534488935.parquet -> @customers stage
[2026-07-04T14:37:26.337+0000] {logging_mixin.py:188} INFO - Uploaded /tmp/minio_downloads/customers_190534569834.parquet -> @customers stage
[2026-07-04T14:37:26.694+0000] {logging_mixin.py:188} INFO - Uploaded /tmp/minio_downloads/customers_190534670967.parquet -> @customers stage
[2026-07-04T14:37:27.158+0000] {logging_mixin.py:188} INFO - Uploaded /tmp/minio_downloads/customers_190534749320.parquet -> @customers stage
[2026-07-04T14:37:27.670+0000] {logging_mixin.py:188} INFO - Uploaded /tmp/minio_downloads/customers_190534820934.parquet -> @customers stage
[2026-07-04T14:37:28.182+0000] {logging_mixin.py:188} INFO - Uploaded /tmp/minio_downloads/customers_190534904719.parquet -> @customers stage
[2026-07-04T14:37:28.591+0000] {logging_mixin.py:188} INFO - Uploaded /tmp/minio_downloads/customers_190534971629.parquet -> @customers stage
[2026-07-04T14:37:29.001+0000] {logging_mixin.py:188} INFO - Uploaded /tmp/minio_downloads/customers_190535042505.parquet -> @customers stage
[2026-07-04T14:37:29.372+0000] {logging_mixin.py:188} INFO - Uploaded /tmp/minio_downloads/customers_190535119196.parquet -> @customers stage
[2026-07-04T14:37:29.823+0000] {logging_mixin.py:188} INFO - Uploaded /tmp/minio_downloads/customers_190535229129.parquet -> @customers stage
[2026-07-04T14:37:30.231+0000] {logging_mixin.py:188} INFO - Uploaded /tmp/minio_downloads/customers_190535309317.parquet -> @customers stage
[2026-07-04T14:37:30.694+0000] {logging_mixin.py:188} INFO - Uploaded /tmp/minio_downloads/customers_190535384613.parquet -> @customers stage
[2026-07-04T14:37:31.111+0000] {logging_mixin.py:188} INFO - Uploaded /tmp/minio_downloads/customers_190535464854.parquet -> @customers stage
[2026-07-04T14:37:31.561+0000] {logging_mixin.py:188} INFO - Uploaded /tmp/minio_downloads/customers_190535532848.parquet -> @customers stage
[2026-07-04T14:37:32.068+0000] {logging_mixin.py:188} INFO - Uploaded /tmp/minio_downloads/customers_190535602948.parquet -> @customers stage
[2026-07-04T14:37:32.478+0000] {logging_mixin.py:188} INFO - Uploaded /tmp/minio_downloads/customers_190535690478.parquet -> @customers stage
[2026-07-04T14:37:32.888+0000] {logging_mixin.py:188} INFO - Uploaded /tmp/minio_downloads/customers_190535780849.parquet -> @customers stage
[2026-07-04T14:37:33.299+0000] {logging_mixin.py:188} INFO - Uploaded /tmp/minio_downloads/customers_190535851658.parquet -> @customers stage
[2026-07-04T14:37:33.713+0000] {logging_mixin.py:188} INFO - Uploaded /tmp/minio_downloads/customers_190535925295.parquet -> @customers stage
[2026-07-04T14:37:34.119+0000] {logging_mixin.py:188} INFO - Uploaded /tmp/minio_downloads/customers_190535997859.parquet -> @customers stage
[2026-07-04T14:37:34.526+0000] {logging_mixin.py:188} INFO - Uploaded /tmp/minio_downloads/customers_190536086075.parquet -> @customers stage
[2026-07-04T14:37:34.936+0000] {logging_mixin.py:188} INFO - Uploaded /tmp/minio_downloads/customers_190536180505.parquet -> @customers stage
[2026-07-04T14:37:35.347+0000] {logging_mixin.py:188} INFO - Uploaded /tmp/minio_downloads/customers_190536278448.parquet -> @customers stage
[2026-07-04T14:37:35.760+0000] {logging_mixin.py:188} INFO - Uploaded /tmp/minio_downloads/customers_190536373125.parquet -> @customers stage
[2026-07-04T14:37:36.152+0000] {logging_mixin.py:188} INFO - Uploaded /tmp/minio_downloads/customers_190536467464.parquet -> @customers stage
[2026-07-04T14:37:36.580+0000] {logging_mixin.py:188} INFO - Uploaded /tmp/minio_downloads/customers_190536549057.parquet -> @customers stage
[2026-07-04T14:37:36.990+0000] {logging_mixin.py:188} INFO - Uploaded /tmp/minio_downloads/customers_190536620054.parquet -> @customers stage
[2026-07-04T14:37:37.423+0000] {logging_mixin.py:188} INFO - Uploaded /tmp/minio_downloads/customers_190536699784.parquet -> @customers stage
[2026-07-04T14:37:37.906+0000] {logging_mixin.py:188} INFO - Uploaded /tmp/minio_downloads/customers_190536806645.parquet -> @customers stage
[2026-07-04T14:37:38.420+0000] {logging_mixin.py:188} INFO - Uploaded /tmp/minio_downloads/customers_190536898613.parquet -> @customers stage
[2026-07-04T14:37:38.830+0000] {logging_mixin.py:188} INFO - Uploaded /tmp/minio_downloads/customers_190536988001.parquet -> @customers stage
[2026-07-04T14:37:39.338+0000] {logging_mixin.py:188} INFO - Uploaded /tmp/minio_downloads/customers_190537077442.parquet -> @customers stage
[2026-07-04T14:37:39.852+0000] {logging_mixin.py:188} INFO - Uploaded /tmp/minio_downloads/customers_190537171845.parquet -> @customers stage
[2026-07-04T14:37:40.264+0000] {logging_mixin.py:188} INFO - Uploaded /tmp/minio_downloads/customers_190537264699.parquet -> @customers stage
[2026-07-04T14:37:40.775+0000] {logging_mixin.py:188} INFO - Uploaded /tmp/minio_downloads/customers_190537351041.parquet -> @customers stage
[2026-07-04T14:37:41.286+0000] {logging_mixin.py:188} INFO - Uploaded /tmp/minio_downloads/customers_190537453087.parquet -> @customers stage
[2026-07-04T14:37:41.692+0000] {logging_mixin.py:188} INFO - Uploaded /tmp/minio_downloads/customers_190537539317.parquet -> @customers stage
[2026-07-04T14:37:42.101+0000] {logging_mixin.py:188} INFO - Uploaded /tmp/minio_downloads/customers_190537628958.parquet -> @customers stage
[2026-07-04T14:37:42.515+0000] {logging_mixin.py:188} INFO - Uploaded /tmp/minio_downloads/customers_190537698926.parquet -> @customers stage
[2026-07-04T14:37:43.027+0000] {logging_mixin.py:188} INFO - Uploaded /tmp/minio_downloads/customers_190537782859.parquet -> @customers stage
[2026-07-04T14:37:43.541+0000] {logging_mixin.py:188} INFO - Uploaded /tmp/minio_downloads/customers_190537864698.parquet -> @customers stage
[2026-07-04T14:37:44.048+0000] {logging_mixin.py:188} INFO - Uploaded /tmp/minio_downloads/customers_190537966412.parquet -> @customers stage
[2026-07-04T14:37:44.457+0000] {logging_mixin.py:188} INFO - Uploaded /tmp/minio_downloads/customers_190538051554.parquet -> @customers stage
[2026-07-04T14:37:44.865+0000] {logging_mixin.py:188} INFO - Uploaded /tmp/minio_downloads/customers_190538139232.parquet -> @customers stage
[2026-07-04T14:37:45.275+0000] {logging_mixin.py:188} INFO - Uploaded /tmp/minio_downloads/customers_190538238838.parquet -> @customers stage
[2026-07-04T14:37:45.692+0000] {logging_mixin.py:188} INFO - Uploaded /tmp/minio_downloads/customers_190538319208.parquet -> @customers stage
[2026-07-04T14:37:46.099+0000] {logging_mixin.py:188} INFO - Uploaded /tmp/minio_downloads/customers_190538401542.parquet -> @customers stage
[2026-07-04T14:37:46.611+0000] {logging_mixin.py:188} INFO - Uploaded /tmp/minio_downloads/customers_190538520453.parquet -> @customers stage
[2026-07-04T14:37:47.017+0000] {logging_mixin.py:188} INFO - Uploaded /tmp/minio_downloads/customers_190538622560.parquet -> @customers stage
[2026-07-04T14:37:47.429+0000] {logging_mixin.py:188} INFO - Uploaded /tmp/minio_downloads/customers_190538754722.parquet -> @customers stage
[2026-07-04T14:37:47.843+0000] {logging_mixin.py:188} INFO - Uploaded /tmp/minio_downloads/customers_190538851756.parquet -> @customers stage
[2026-07-04T14:37:48.757+0000] {logging_mixin.py:188} INFO - Uploaded /tmp/minio_downloads/customers_190538932465.parquet -> @customers stage
[2026-07-04T14:37:49.170+0000] {logging_mixin.py:188} INFO - Uploaded /tmp/minio_downloads/customers_190539034113.parquet -> @customers stage
[2026-07-04T14:37:49.582+0000] {logging_mixin.py:188} INFO - Uploaded /tmp/minio_downloads/customers_190539123794.parquet -> @customers stage
[2026-07-04T14:37:49.953+0000] {logging_mixin.py:188} INFO - Uploaded /tmp/minio_downloads/customers_190539218906.parquet -> @customers stage
[2026-07-04T14:37:50.397+0000] {logging_mixin.py:188} INFO - Uploaded /tmp/minio_downloads/customers_190539305398.parquet -> @customers stage
[2026-07-04T14:37:50.812+0000] {logging_mixin.py:188} INFO - Uploaded /tmp/minio_downloads/customers_190539398328.parquet -> @customers stage
[2026-07-04T14:37:51.621+0000] {logging_mixin.py:188} INFO - Uploaded /tmp/minio_downloads/customers_190539485603.parquet -> @customers stage
[2026-07-04T14:37:51.964+0000] {logging_mixin.py:188} INFO - Uploaded /tmp/minio_downloads/customers_190539545725.parquet -> @customers stage
[2026-07-04T14:37:52.449+0000] {logging_mixin.py:188} INFO - Uploaded /tmp/minio_downloads/customers_190539631258.parquet -> @customers stage
[2026-07-04T14:37:52.859+0000] {logging_mixin.py:188} INFO - Uploaded /tmp/minio_downloads/customers_190539702957.parquet -> @customers stage
[2026-07-04T14:37:53.268+0000] {logging_mixin.py:188} INFO - Uploaded /tmp/minio_downloads/customers_190539810453.parquet -> @customers stage
[2026-07-04T14:37:53.679+0000] {logging_mixin.py:188} INFO - Uploaded /tmp/minio_downloads/customers_190539891072.parquet -> @customers stage
[2026-07-04T14:37:54.085+0000] {logging_mixin.py:188} INFO - Uploaded /tmp/minio_downloads/customers_190539966747.parquet -> @customers stage
[2026-07-04T14:37:54.499+0000] {logging_mixin.py:188} INFO - Uploaded /tmp/minio_downloads/customers_190540032826.parquet -> @customers stage
[2026-07-04T14:37:54.905+0000] {logging_mixin.py:188} INFO - Uploaded /tmp/minio_downloads/customers_190540094324.parquet -> @customers stage
[2026-07-04T14:37:55.315+0000] {logging_mixin.py:188} INFO - Uploaded /tmp/minio_downloads/customers_190540145473.parquet -> @customers stage
[2026-07-04T14:37:55.727+0000] {logging_mixin.py:188} INFO - Uploaded /tmp/minio_downloads/customers_190540218333.parquet -> @customers stage
[2026-07-04T14:37:56.131+0000] {logging_mixin.py:188} INFO - Uploaded /tmp/minio_downloads/customers_190540297881.parquet -> @customers stage
[2026-07-04T14:37:56.543+0000] {logging_mixin.py:188} INFO - Uploaded /tmp/minio_downloads/customers_190540431964.parquet -> @customers stage
[2026-07-04T14:37:56.950+0000] {logging_mixin.py:188} INFO - Uploaded /tmp/minio_downloads/customers_190540532109.parquet -> @customers stage
[2026-07-04T14:37:57.366+0000] {logging_mixin.py:188} INFO - Uploaded /tmp/minio_downloads/customers_190540632663.parquet -> @customers stage
[2026-07-04T14:37:57.763+0000] {logging_mixin.py:188} INFO - Uploaded /tmp/minio_downloads/customers_190540698435.parquet -> @customers stage
[2026-07-04T14:37:58.097+0000] {logging_mixin.py:188} INFO - Uploaded /tmp/minio_downloads/customers_190540788621.parquet -> @customers stage
[2026-07-04T14:37:58.496+0000] {logging_mixin.py:188} INFO - Uploaded /tmp/minio_downloads/customers_190540897663.parquet -> @customers stage
[2026-07-04T14:37:58.838+0000] {logging_mixin.py:188} INFO - Uploaded /tmp/minio_downloads/customers_190540987831.parquet -> @customers stage
[2026-07-04T14:37:59.208+0000] {logging_mixin.py:188} INFO - Uploaded /tmp/minio_downloads/customers_190541083808.parquet -> @customers stage
[2026-07-04T14:37:59.614+0000] {logging_mixin.py:188} INFO - Uploaded /tmp/minio_downloads/customers_190541180385.parquet -> @customers stage
[2026-07-04T14:38:00.024+0000] {logging_mixin.py:188} INFO - Uploaded /tmp/minio_downloads/customers_190541250391.parquet -> @customers stage
[2026-07-04T14:38:00.438+0000] {logging_mixin.py:188} INFO - Uploaded /tmp/minio_downloads/customers_190541326247.parquet -> @customers stage
[2026-07-04T14:38:00.843+0000] {logging_mixin.py:188} INFO - Uploaded /tmp/minio_downloads/customers_190541417928.parquet -> @customers stage
[2026-07-04T14:38:01.258+0000] {logging_mixin.py:188} INFO - Uploaded /tmp/minio_downloads/customers_190541508020.parquet -> @customers stage
[2026-07-04T14:38:01.666+0000] {logging_mixin.py:188} INFO - Uploaded /tmp/minio_downloads/customers_190541605258.parquet -> @customers stage
[2026-07-04T14:38:02.741+0000] {logging_mixin.py:188} INFO - Uploaded /tmp/minio_downloads/customers_190541704160.parquet -> @customers stage
[2026-07-04T14:38:03.079+0000] {logging_mixin.py:188} INFO - Uploaded /tmp/minio_downloads/customers_190541809177.parquet -> @customers stage
[2026-07-04T14:38:03.444+0000] {logging_mixin.py:188} INFO - Uploaded /tmp/minio_downloads/customers_190541890253.parquet -> @customers stage
[2026-07-04T14:38:03.811+0000] {logging_mixin.py:188} INFO - Uploaded /tmp/minio_downloads/customers_190541975527.parquet -> @customers stage
[2026-07-04T14:38:04.226+0000] {logging_mixin.py:188} INFO - Uploaded /tmp/minio_downloads/customers_190542069653.parquet -> @customers stage
[2026-07-04T14:38:04.633+0000] {logging_mixin.py:188} INFO - Uploaded /tmp/minio_downloads/customers_190542158324.parquet -> @customers stage
[2026-07-04T14:38:05.046+0000] {logging_mixin.py:188} INFO - Uploaded /tmp/minio_downloads/customers_190542256906.parquet -> @customers stage
[2026-07-04T14:38:05.558+0000] {logging_mixin.py:188} INFO - Uploaded /tmp/minio_downloads/customers_190542327925.parquet -> @customers stage
[2026-07-04T14:38:05.971+0000] {logging_mixin.py:188} INFO - Uploaded /tmp/minio_downloads/customers_190542420735.parquet -> @customers stage
[2026-07-04T14:38:06.374+0000] {logging_mixin.py:188} INFO - Uploaded /tmp/minio_downloads/customers_190542520754.parquet -> @customers stage
[2026-07-04T14:38:06.788+0000] {logging_mixin.py:188} INFO - Uploaded /tmp/minio_downloads/customers_190542616822.parquet -> @customers stage
[2026-07-04T14:38:07.195+0000] {logging_mixin.py:188} INFO - Uploaded /tmp/minio_downloads/customers_190542700221.parquet -> @customers stage
[2026-07-04T14:38:07.601+0000] {logging_mixin.py:188} INFO - Uploaded /tmp/minio_downloads/customers_190542791697.parquet -> @customers stage
[2026-07-04T14:38:08.015+0000] {logging_mixin.py:188} INFO - Uploaded /tmp/minio_downloads/customers_190542885597.parquet -> @customers stage
[2026-07-04T14:38:08.424+0000] {logging_mixin.py:188} INFO - Uploaded /tmp/minio_downloads/customers_190542986434.parquet -> @customers stage
[2026-07-04T14:38:08.832+0000] {logging_mixin.py:188} INFO - Uploaded /tmp/minio_downloads/customers_190543076927.parquet -> @customers stage
[2026-07-04T14:38:09.238+0000] {logging_mixin.py:188} INFO - Uploaded /tmp/minio_downloads/customers_190543158006.parquet -> @customers stage
[2026-07-04T14:38:09.649+0000] {logging_mixin.py:188} INFO - Uploaded /tmp/minio_downloads/customers_190543253590.parquet -> @customers stage
[2026-07-04T14:38:10.060+0000] {logging_mixin.py:188} INFO - Uploaded /tmp/minio_downloads/customers_190543347569.parquet -> @customers stage
[2026-07-04T14:38:10.468+0000] {logging_mixin.py:188} INFO - Uploaded /tmp/minio_downloads/customers_190543450649.parquet -> @customers stage
[2026-07-04T14:38:10.883+0000] {logging_mixin.py:188} INFO - Uploaded /tmp/minio_downloads/customers_190543527911.parquet -> @customers stage
[2026-07-04T14:38:11.226+0000] {logging_mixin.py:188} INFO - Uploaded /tmp/minio_downloads/customers_190543616646.parquet -> @customers stage
[2026-07-04T14:38:11.596+0000] {logging_mixin.py:188} INFO - Uploaded /tmp/minio_downloads/customers_190543675363.parquet -> @customers stage
[2026-07-04T14:38:12.007+0000] {logging_mixin.py:188} INFO - Uploaded /tmp/minio_downloads/customers_190543752703.parquet -> @customers stage
[2026-07-04T14:38:12.414+0000] {logging_mixin.py:188} INFO - Uploaded /tmp/minio_downloads/customers_190543830423.parquet -> @customers stage
[2026-07-04T14:38:12.830+0000] {logging_mixin.py:188} INFO - Uploaded /tmp/minio_downloads/customers_190543903971.parquet -> @customers stage
[2026-07-04T14:38:13.344+0000] {logging_mixin.py:188} INFO - Uploaded /tmp/minio_downloads/customers_190544000846.parquet -> @customers stage
[2026-07-04T14:38:13.747+0000] {logging_mixin.py:188} INFO - Uploaded /tmp/minio_downloads/customers_190544281094.parquet -> @customers stage
[2026-07-04T14:38:14.155+0000] {logging_mixin.py:188} INFO - Uploaded /tmp/minio_downloads/customers_190544373713.parquet -> @customers stage
[2026-07-04T14:38:14.571+0000] {logging_mixin.py:188} INFO - Uploaded /tmp/minio_downloads/customers_190544483521.parquet -> @customers stage
[2026-07-04T14:38:14.939+0000] {logging_mixin.py:188} INFO - Uploaded /tmp/minio_downloads/customers_190544579549.parquet -> @customers stage
[2026-07-04T14:38:15.282+0000] {logging_mixin.py:188} INFO - Uploaded /tmp/minio_downloads/customers_190544676498.parquet -> @customers stage
[2026-07-04T14:38:15.693+0000] {logging_mixin.py:188} INFO - Uploaded /tmp/minio_downloads/customers_190544796803.parquet -> @customers stage
[2026-07-04T14:38:16.111+0000] {logging_mixin.py:188} INFO - Uploaded /tmp/minio_downloads/customers_190544882394.parquet -> @customers stage
[2026-07-04T14:38:16.511+0000] {logging_mixin.py:188} INFO - Uploaded /tmp/minio_downloads/customers_190544979467.parquet -> @customers stage
[2026-07-04T14:38:16.918+0000] {logging_mixin.py:188} INFO - Uploaded /tmp/minio_downloads/customers_190545064056.parquet -> @customers stage
[2026-07-04T14:38:17.331+0000] {logging_mixin.py:188} INFO - Uploaded /tmp/minio_downloads/customers_190545142528.parquet -> @customers stage
[2026-07-04T14:38:17.740+0000] {logging_mixin.py:188} INFO - Uploaded /tmp/minio_downloads/customers_190545231464.parquet -> @customers stage
[2026-07-04T14:38:18.154+0000] {logging_mixin.py:188} INFO - Uploaded /tmp/minio_downloads/customers_190545320319.parquet -> @customers stage
[2026-07-04T14:38:18.560+0000] {logging_mixin.py:188} INFO - Uploaded /tmp/minio_downloads/customers_190545414688.parquet -> @customers stage
[2026-07-04T14:38:18.924+0000] {logging_mixin.py:188} INFO - Uploaded /tmp/minio_downloads/customers_190545504552.parquet -> @customers stage
[2026-07-04T14:38:19.382+0000] {logging_mixin.py:188} INFO - Uploaded /tmp/minio_downloads/customers_190545592817.parquet -> @customers stage
[2026-07-04T14:38:19.789+0000] {logging_mixin.py:188} INFO - Uploaded /tmp/minio_downloads/customers_190545677112.parquet -> @customers stage
[2026-07-04T14:38:20.204+0000] {logging_mixin.py:188} INFO - Uploaded /tmp/minio_downloads/customers_190545762209.parquet -> @customers stage
[2026-07-04T14:38:20.609+0000] {logging_mixin.py:188} INFO - Uploaded /tmp/minio_downloads/customers_190545857188.parquet -> @customers stage
[2026-07-04T14:38:21.025+0000] {logging_mixin.py:188} INFO - Uploaded /tmp/minio_downloads/customers_190545941631.parquet -> @customers stage
[2026-07-04T14:38:21.425+0000] {logging_mixin.py:188} INFO - Uploaded /tmp/minio_downloads/customers_190546066925.parquet -> @customers stage
[2026-07-04T14:38:21.841+0000] {logging_mixin.py:188} INFO - Uploaded /tmp/minio_downloads/customers_190546200445.parquet -> @customers stage
[2026-07-04T14:38:22.247+0000] {logging_mixin.py:188} INFO - Uploaded /tmp/minio_downloads/customers_190546401040.parquet -> @customers stage
[2026-07-04T14:38:22.659+0000] {logging_mixin.py:188} INFO - Uploaded /tmp/minio_downloads/customers_190546534721.parquet -> @customers stage
[2026-07-04T14:38:23.065+0000] {logging_mixin.py:188} INFO - Uploaded /tmp/minio_downloads/customers_190546650046.parquet -> @customers stage
[2026-07-04T14:38:23.478+0000] {logging_mixin.py:188} INFO - Uploaded /tmp/minio_downloads/customers_190546730740.parquet -> @customers stage
[2026-07-04T14:38:23.892+0000] {logging_mixin.py:188} INFO - Uploaded /tmp/minio_downloads/customers_190546821615.parquet -> @customers stage
[2026-07-04T14:38:24.296+0000] {logging_mixin.py:188} INFO - Uploaded /tmp/minio_downloads/customers_190546967196.parquet -> @customers stage
[2026-07-04T14:38:24.704+0000] {logging_mixin.py:188} INFO - Uploaded /tmp/minio_downloads/customers_190547069169.parquet -> @customers stage
[2026-07-04T14:38:25.188+0000] {logging_mixin.py:188} INFO - Uploaded /tmp/minio_downloads/customers_190547180349.parquet -> @customers stage
[2026-07-04T14:38:25.626+0000] {logging_mixin.py:188} INFO - Uploaded /tmp/minio_downloads/customers_190547298924.parquet -> @customers stage
[2026-07-04T14:38:25.994+0000] {logging_mixin.py:188} INFO - Uploaded /tmp/minio_downloads/customers_190547397974.parquet -> @customers stage
[2026-07-04T14:38:26.442+0000] {logging_mixin.py:188} INFO - Uploaded /tmp/minio_downloads/customers_190547490619.parquet -> @customers stage
[2026-07-04T14:38:26.854+0000] {logging_mixin.py:188} INFO - Uploaded /tmp/minio_downloads/customers_190547572865.parquet -> @customers stage
[2026-07-04T14:38:27.263+0000] {logging_mixin.py:188} INFO - Uploaded /tmp/minio_downloads/customers_190547704148.parquet -> @customers stage
[2026-07-04T14:38:27.672+0000] {logging_mixin.py:188} INFO - Uploaded /tmp/minio_downloads/customers_190547807274.parquet -> @customers stage
[2026-07-04T14:38:28.087+0000] {logging_mixin.py:188} INFO - Uploaded /tmp/minio_downloads/customers_190547917145.parquet -> @customers stage
[2026-07-04T14:38:28.459+0000] {logging_mixin.py:188} INFO - Uploaded /tmp/minio_downloads/customers_190548029999.parquet -> @customers stage
[2026-07-04T14:38:28.908+0000] {logging_mixin.py:188} INFO - Uploaded /tmp/minio_downloads/customers_190548266308.parquet -> @customers stage
[2026-07-04T14:38:29.285+0000] {logging_mixin.py:188} INFO - Uploaded /tmp/minio_downloads/customers_190548394163.parquet -> @customers stage
[2026-07-04T14:38:29.722+0000] {logging_mixin.py:188} INFO - Uploaded /tmp/minio_downloads/customers_190548536088.parquet -> @customers stage
[2026-07-04T14:38:30.138+0000] {logging_mixin.py:188} INFO - Uploaded /tmp/minio_downloads/customers_190548676002.parquet -> @customers stage
[2026-07-04T14:38:30.480+0000] {logging_mixin.py:188} INFO - Uploaded /tmp/minio_downloads/customers_190548771118.parquet -> @customers stage
[2026-07-04T14:38:30.951+0000] {logging_mixin.py:188} INFO - Uploaded /tmp/minio_downloads/customers_190548892969.parquet -> @customers stage
[2026-07-04T14:38:31.319+0000] {logging_mixin.py:188} INFO - Uploaded /tmp/minio_downloads/customers_190549033306.parquet -> @customers stage
[2026-07-04T14:38:31.666+0000] {logging_mixin.py:188} INFO - Uploaded /tmp/minio_downloads/customers_190549230903.parquet -> @customers stage
[2026-07-04T14:38:32.013+0000] {logging_mixin.py:188} INFO - Uploaded /tmp/minio_downloads/customers_190549462742.parquet -> @customers stage
[2026-07-04T14:38:32.363+0000] {logging_mixin.py:188} INFO - Uploaded /tmp/minio_downloads/customers_190549619471.parquet -> @customers stage
[2026-07-04T14:38:32.797+0000] {logging_mixin.py:188} INFO - Uploaded /tmp/minio_downloads/customers_190549770486.parquet -> @customers stage
[2026-07-04T14:38:33.148+0000] {logging_mixin.py:188} INFO - Uploaded /tmp/minio_downloads/customers_190549876529.parquet -> @customers stage
[2026-07-04T14:38:33.513+0000] {logging_mixin.py:188} INFO - Uploaded /tmp/minio_downloads/customers_190549971353.parquet -> @customers stage
[2026-07-04T14:38:33.919+0000] {logging_mixin.py:188} INFO - Uploaded /tmp/minio_downloads/customers_190550068702.parquet -> @customers stage
[2026-07-04T14:38:34.331+0000] {logging_mixin.py:188} INFO - Uploaded /tmp/minio_downloads/customers_190550194333.parquet -> @customers stage
[2026-07-04T14:38:34.676+0000] {logging_mixin.py:188} INFO - Uploaded /tmp/minio_downloads/customers_190550294357.parquet -> @customers stage
[2026-07-04T14:38:35.150+0000] {logging_mixin.py:188} INFO - Uploaded /tmp/minio_downloads/customers_190550397429.parquet -> @customers stage
[2026-07-04T14:38:35.477+0000] {logging_mixin.py:188} INFO - Uploaded /tmp/minio_downloads/customers_190550501208.parquet -> @customers stage
[2026-07-04T14:38:35.829+0000] {logging_mixin.py:188} INFO - Uploaded /tmp/minio_downloads/customers_190550607851.parquet -> @customers stage
[2026-07-04T14:38:36.275+0000] {logging_mixin.py:188} INFO - Uploaded /tmp/minio_downloads/customers_190550700394.parquet -> @customers stage
[2026-07-04T14:38:36.631+0000] {logging_mixin.py:188} INFO - Uploaded /tmp/minio_downloads/customers_190550794280.parquet -> @customers stage
[2026-07-04T14:38:36.976+0000] {logging_mixin.py:188} INFO - Uploaded /tmp/minio_downloads/customers_190550891503.parquet -> @customers stage
[2026-07-04T14:38:37.311+0000] {logging_mixin.py:188} INFO - Uploaded /tmp/minio_downloads/customers_190550994311.parquet -> @customers stage
[2026-07-04T14:38:37.668+0000] {logging_mixin.py:188} INFO - Uploaded /tmp/minio_downloads/customers_190551088520.parquet -> @customers stage
[2026-07-04T14:38:38.014+0000] {logging_mixin.py:188} INFO - Uploaded /tmp/minio_downloads/customers_190551191279.parquet -> @customers stage
[2026-07-04T14:38:38.425+0000] {logging_mixin.py:188} INFO - Uploaded /tmp/minio_downloads/customers_190551320015.parquet -> @customers stage
[2026-07-04T14:38:38.835+0000] {logging_mixin.py:188} INFO - Uploaded /tmp/minio_downloads/customers_190551566283.parquet -> @customers stage
[2026-07-04T14:38:39.244+0000] {logging_mixin.py:188} INFO - Uploaded /tmp/minio_downloads/customers_190551703347.parquet -> @customers stage
[2026-07-04T14:38:39.600+0000] {logging_mixin.py:188} INFO - Uploaded /tmp/minio_downloads/customers_190551812591.parquet -> @customers stage
[2026-07-04T14:38:39.955+0000] {logging_mixin.py:188} INFO - Uploaded /tmp/minio_downloads/customers_190551904318.parquet -> @customers stage
[2026-07-04T14:38:40.375+0000] {logging_mixin.py:188} INFO - Uploaded /tmp/minio_downloads/customers_190552004461.parquet -> @customers stage
[2026-07-04T14:38:40.886+0000] {logging_mixin.py:188} INFO - Uploaded /tmp/minio_downloads/customers_190552097320.parquet -> @customers stage
[2026-07-04T14:38:41.298+0000] {logging_mixin.py:188} INFO - Uploaded /tmp/minio_downloads/customers_190552188541.parquet -> @customers stage
[2026-07-04T14:38:41.797+0000] {logging_mixin.py:188} INFO - Uploaded /tmp/minio_downloads/customers_190552271018.parquet -> @customers stage
[2026-07-04T14:38:42.129+0000] {logging_mixin.py:188} INFO - Uploaded /tmp/minio_downloads/customers_190552375917.parquet -> @customers stage
[2026-07-04T14:38:42.466+0000] {logging_mixin.py:188} INFO - Uploaded /tmp/minio_downloads/customers_190552470373.parquet -> @customers stage
[2026-07-04T14:38:42.813+0000] {logging_mixin.py:188} INFO - Uploaded /tmp/minio_downloads/customers_190552566985.parquet -> @customers stage
[2026-07-04T14:38:43.245+0000] {logging_mixin.py:188} INFO - Uploaded /tmp/minio_downloads/customers_190552655317.parquet -> @customers stage
[2026-07-04T14:38:43.647+0000] {logging_mixin.py:188} INFO - Uploaded /tmp/minio_downloads/customers_190552740056.parquet -> @customers stage
[2026-07-04T14:38:44.061+0000] {logging_mixin.py:188} INFO - Uploaded /tmp/minio_downloads/customers_190552818721.parquet -> @customers stage
[2026-07-04T14:38:44.403+0000] {logging_mixin.py:188} INFO - Uploaded /tmp/minio_downloads/customers_190552890918.parquet -> @customers stage
[2026-07-04T14:38:44.745+0000] {logging_mixin.py:188} INFO - Uploaded /tmp/minio_downloads/customers_190552982498.parquet -> @customers stage
[2026-07-04T14:38:45.081+0000] {logging_mixin.py:188} INFO - Uploaded /tmp/minio_downloads/customers_190553083327.parquet -> @customers stage
[2026-07-04T14:38:45.423+0000] {logging_mixin.py:188} INFO - Uploaded /tmp/minio_downloads/customers_190553154570.parquet -> @customers stage
[2026-07-04T14:38:45.769+0000] {logging_mixin.py:188} INFO - Uploaded /tmp/minio_downloads/customers_190553244293.parquet -> @customers stage
[2026-07-04T14:38:46.152+0000] {logging_mixin.py:188} INFO - Uploaded /tmp/minio_downloads/customers_190553323904.parquet -> @customers stage
[2026-07-04T14:38:46.487+0000] {logging_mixin.py:188} INFO - Uploaded /tmp/minio_downloads/customers_190553400034.parquet -> @customers stage
[2026-07-04T14:38:46.840+0000] {logging_mixin.py:188} INFO - Uploaded /tmp/minio_downloads/customers_190553482689.parquet -> @customers stage
[2026-07-04T14:38:47.238+0000] {logging_mixin.py:188} INFO - Uploaded /tmp/minio_downloads/customers_190553616146.parquet -> @customers stage
[2026-07-04T14:38:47.640+0000] {logging_mixin.py:188} INFO - Uploaded /tmp/minio_downloads/customers_190553728893.parquet -> @customers stage
[2026-07-04T14:38:47.993+0000] {logging_mixin.py:188} INFO - Uploaded /tmp/minio_downloads/customers_190553847463.parquet -> @customers stage
[2026-07-04T14:38:48.350+0000] {logging_mixin.py:188} INFO - Uploaded /tmp/minio_downloads/customers_190553943930.parquet -> @customers stage
[2026-07-04T14:38:48.774+0000] {logging_mixin.py:188} INFO - Uploaded /tmp/minio_downloads/customers_190554040796.parquet -> @customers stage
[2026-07-04T14:38:49.121+0000] {logging_mixin.py:188} INFO - Uploaded /tmp/minio_downloads/customers_190554124900.parquet -> @customers stage
[2026-07-04T14:38:49.587+0000] {logging_mixin.py:188} INFO - Uploaded /tmp/minio_downloads/customers_190554206575.parquet -> @customers stage
[2026-07-04T14:38:49.923+0000] {logging_mixin.py:188} INFO - Uploaded /tmp/minio_downloads/customers_190554290204.parquet -> @customers stage
[2026-07-04T14:38:50.253+0000] {logging_mixin.py:188} INFO - Uploaded /tmp/minio_downloads/customers_190554369148.parquet -> @customers stage
[2026-07-04T14:38:50.614+0000] {logging_mixin.py:188} INFO - Uploaded /tmp/minio_downloads/customers_190554445379.parquet -> @customers stage
[2026-07-04T14:38:51.021+0000] {logging_mixin.py:188} INFO - Uploaded /tmp/minio_downloads/customers_190554526571.parquet -> @customers stage
[2026-07-04T14:38:51.434+0000] {logging_mixin.py:188} INFO - Uploaded /tmp/minio_downloads/customers_190554602653.parquet -> @customers stage
[2026-07-04T14:38:51.844+0000] {logging_mixin.py:188} INFO - Uploaded /tmp/minio_downloads/customers_190554683879.parquet -> @customers stage
[2026-07-04T14:38:52.223+0000] {logging_mixin.py:188} INFO - Uploaded /tmp/minio_downloads/customers_190554773602.parquet -> @customers stage
[2026-07-04T14:38:52.658+0000] {logging_mixin.py:188} INFO - Uploaded /tmp/minio_downloads/customers_190554933217.parquet -> @customers stage
[2026-07-04T14:38:53.068+0000] {logging_mixin.py:188} INFO - Uploaded /tmp/minio_downloads/customers_190555005715.parquet -> @customers stage
[2026-07-04T14:38:53.481+0000] {logging_mixin.py:188} INFO - Uploaded /tmp/minio_downloads/customers_190555089851.parquet -> @customers stage
[2026-07-04T14:38:53.897+0000] {logging_mixin.py:188} INFO - Uploaded /tmp/minio_downloads/customers_190555161408.parquet -> @customers stage
[2026-07-04T14:38:54.299+0000] {logging_mixin.py:188} INFO - Uploaded /tmp/minio_downloads/customers_190555256911.parquet -> @customers stage
[2026-07-04T14:38:54.712+0000] {logging_mixin.py:188} INFO - Uploaded /tmp/minio_downloads/customers_190555353917.parquet -> @customers stage
[2026-07-04T14:38:55.119+0000] {logging_mixin.py:188} INFO - Uploaded /tmp/minio_downloads/customers_190555431817.parquet -> @customers stage
[2026-07-04T14:38:55.527+0000] {logging_mixin.py:188} INFO - Uploaded /tmp/minio_downloads/customers_190555499395.parquet -> @customers stage
[2026-07-04T14:38:55.943+0000] {logging_mixin.py:188} INFO - Uploaded /tmp/minio_downloads/customers_190555586984.parquet -> @customers stage
[2026-07-04T14:38:56.349+0000] {logging_mixin.py:188} INFO - Uploaded /tmp/minio_downloads/customers_190555668631.parquet -> @customers stage
[2026-07-04T14:38:56.765+0000] {logging_mixin.py:188} INFO - Uploaded /tmp/minio_downloads/customers_190555751900.parquet -> @customers stage
[2026-07-04T14:38:57.167+0000] {logging_mixin.py:188} INFO - Uploaded /tmp/minio_downloads/customers_190555819915.parquet -> @customers stage
[2026-07-04T14:38:57.575+0000] {logging_mixin.py:188} INFO - Uploaded /tmp/minio_downloads/customers_190555925301.parquet -> @customers stage
[2026-07-04T14:38:57.996+0000] {logging_mixin.py:188} INFO - Uploaded /tmp/minio_downloads/customers_190556047856.parquet -> @customers stage
[2026-07-04T14:38:58.399+0000] {logging_mixin.py:188} INFO - Uploaded /tmp/minio_downloads/customers_190556143987.parquet -> @customers stage
[2026-07-04T14:38:58.803+0000] {logging_mixin.py:188} INFO - Uploaded /tmp/minio_downloads/customers_190556253700.parquet -> @customers stage
[2026-07-04T14:38:59.220+0000] {logging_mixin.py:188} INFO - Uploaded /tmp/minio_downloads/customers_190556338588.parquet -> @customers stage
[2026-07-04T14:38:59.578+0000] {logging_mixin.py:188} INFO - Uploaded /tmp/minio_downloads/customers_190556440622.parquet -> @customers stage
[2026-07-04T14:39:00.033+0000] {logging_mixin.py:188} INFO - Uploaded /tmp/minio_downloads/customers_190556537359.parquet -> @customers stage
[2026-07-04T14:39:00.443+0000] {logging_mixin.py:188} INFO - Uploaded /tmp/minio_downloads/customers_190556621103.parquet -> @customers stage
[2026-07-04T14:39:00.852+0000] {logging_mixin.py:188} INFO - Uploaded /tmp/minio_downloads/customers_190556706405.parquet -> @customers stage
[2026-07-04T14:39:01.261+0000] {logging_mixin.py:188} INFO - Uploaded /tmp/minio_downloads/customers_190556796662.parquet -> @customers stage
[2026-07-04T14:39:01.614+0000] {logging_mixin.py:188} INFO - Uploaded /tmp/minio_downloads/customers_190556890154.parquet -> @customers stage
[2026-07-04T14:39:01.978+0000] {logging_mixin.py:188} INFO - Uploaded /tmp/minio_downloads/customers_190556969691.parquet -> @customers stage
[2026-07-04T14:39:02.391+0000] {logging_mixin.py:188} INFO - Uploaded /tmp/minio_downloads/customers_190557052913.parquet -> @customers stage
[2026-07-04T14:39:02.797+0000] {logging_mixin.py:188} INFO - Uploaded /tmp/minio_downloads/customers_190557134088.parquet -> @customers stage
[2026-07-04T14:39:03.206+0000] {logging_mixin.py:188} INFO - Uploaded /tmp/minio_downloads/customers_190557235739.parquet -> @customers stage
[2026-07-04T14:39:03.617+0000] {logging_mixin.py:188} INFO - Uploaded /tmp/minio_downloads/customers_190557322343.parquet -> @customers stage
[2026-07-04T14:39:04.026+0000] {logging_mixin.py:188} INFO - Uploaded /tmp/minio_downloads/customers_190557415782.parquet -> @customers stage
[2026-07-04T14:39:04.436+0000] {logging_mixin.py:188} INFO - Uploaded /tmp/minio_downloads/customers_190557512593.parquet -> @customers stage
[2026-07-04T14:39:04.792+0000] {logging_mixin.py:188} INFO - Uploaded /tmp/minio_downloads/customers_190557597119.parquet -> @customers stage
[2026-07-04T14:39:05.153+0000] {logging_mixin.py:188} INFO - Uploaded /tmp/minio_downloads/customers_190557690572.parquet -> @customers stage
[2026-07-04T14:39:05.563+0000] {logging_mixin.py:188} INFO - Uploaded /tmp/minio_downloads/customers_190557790451.parquet -> @customers stage
[2026-07-04T14:39:05.920+0000] {logging_mixin.py:188} INFO - Uploaded /tmp/minio_downloads/customers_190557884076.parquet -> @customers stage
[2026-07-04T14:39:06.278+0000] {logging_mixin.py:188} INFO - Uploaded /tmp/minio_downloads/customers_190557952718.parquet -> @customers stage
[2026-07-04T14:39:06.688+0000] {logging_mixin.py:188} INFO - Uploaded /tmp/minio_downloads/customers_190558043136.parquet -> @customers stage
[2026-07-04T14:39:07.098+0000] {logging_mixin.py:188} INFO - Uploaded /tmp/minio_downloads/customers_190558136663.parquet -> @customers stage
[2026-07-04T14:39:07.508+0000] {logging_mixin.py:188} INFO - Uploaded /tmp/minio_downloads/customers_190558241585.parquet -> @customers stage
[2026-07-04T14:39:07.914+0000] {logging_mixin.py:188} INFO - Uploaded /tmp/minio_downloads/customers_190558350426.parquet -> @customers stage
[2026-07-04T14:39:08.331+0000] {logging_mixin.py:188} INFO - Uploaded /tmp/minio_downloads/customers_190558444960.parquet -> @customers stage
[2026-07-04T14:39:08.733+0000] {logging_mixin.py:188} INFO - Uploaded /tmp/minio_downloads/customers_190558539041.parquet -> @customers stage
[2026-07-04T14:39:09.092+0000] {logging_mixin.py:188} INFO - Uploaded /tmp/minio_downloads/customers_190558630829.parquet -> @customers stage
[2026-07-04T14:39:09.440+0000] {logging_mixin.py:188} INFO - Uploaded /tmp/minio_downloads/customers_190558717625.parquet -> @customers stage
[2026-07-04T14:39:09.868+0000] {logging_mixin.py:188} INFO - Uploaded /tmp/minio_downloads/customers_190558792850.parquet -> @customers stage
[2026-07-04T14:39:10.272+0000] {logging_mixin.py:188} INFO - Uploaded /tmp/minio_downloads/customers_190558901725.parquet -> @customers stage
[2026-07-04T14:39:10.680+0000] {logging_mixin.py:188} INFO - Uploaded /tmp/minio_downloads/customers_190559015858.parquet -> @customers stage
[2026-07-04T14:39:11.088+0000] {logging_mixin.py:188} INFO - Uploaded /tmp/minio_downloads/customers_190559103649.parquet -> @customers stage
[2026-07-04T14:39:11.499+0000] {logging_mixin.py:188} INFO - Uploaded /tmp/minio_downloads/customers_190559196766.parquet -> @customers stage
[2026-07-04T14:39:11.924+0000] {logging_mixin.py:188} INFO - Uploaded /tmp/minio_downloads/customers_190559293720.parquet -> @customers stage
[2026-07-04T14:39:12.318+0000] {logging_mixin.py:188} INFO - Uploaded /tmp/minio_downloads/customers_190559374608.parquet -> @customers stage
[2026-07-04T14:39:12.726+0000] {logging_mixin.py:188} INFO - Uploaded /tmp/minio_downloads/customers_190559468836.parquet -> @customers stage
[2026-07-04T14:39:13.137+0000] {logging_mixin.py:188} INFO - Uploaded /tmp/minio_downloads/customers_190559580870.parquet -> @customers stage
[2026-07-04T14:39:13.546+0000] {logging_mixin.py:188} INFO - Uploaded /tmp/minio_downloads/customers_190559682140.parquet -> @customers stage
[2026-07-04T14:39:13.948+0000] {logging_mixin.py:188} INFO - Uploaded /tmp/minio_downloads/customers_190559763988.parquet -> @customers stage
[2026-07-04T14:39:14.365+0000] {logging_mixin.py:188} INFO - Uploaded /tmp/minio_downloads/customers_190559852149.parquet -> @customers stage
[2026-07-04T14:39:14.723+0000] {logging_mixin.py:188} INFO - Uploaded /tmp/minio_downloads/customers_190559937093.parquet -> @customers stage
[2026-07-04T14:39:15.187+0000] {logging_mixin.py:188} INFO - Uploaded /tmp/minio_downloads/customers_190600058927.parquet -> @customers stage
[2026-07-04T14:39:15.593+0000] {logging_mixin.py:188} INFO - Uploaded /tmp/minio_downloads/customers_190600150855.parquet -> @customers stage
[2026-07-04T14:39:16.011+0000] {logging_mixin.py:188} INFO - Uploaded /tmp/minio_downloads/customers_190600259701.parquet -> @customers stage
[2026-07-04T14:39:16.421+0000] {logging_mixin.py:188} INFO - Uploaded /tmp/minio_downloads/customers_190600371122.parquet -> @customers stage
[2026-07-04T14:39:16.831+0000] {logging_mixin.py:188} INFO - Uploaded /tmp/minio_downloads/customers_190600449337.parquet -> @customers stage
[2026-07-04T14:39:17.236+0000] {logging_mixin.py:188} INFO - Uploaded /tmp/minio_downloads/customers_190600552087.parquet -> @customers stage
[2026-07-04T14:39:17.745+0000] {logging_mixin.py:188} INFO - Uploaded /tmp/minio_downloads/customers_190600644467.parquet -> @customers stage
[2026-07-04T14:39:18.090+0000] {logging_mixin.py:188} INFO - Uploaded /tmp/minio_downloads/customers_190600737678.parquet -> @customers stage
[2026-07-04T14:39:18.462+0000] {logging_mixin.py:188} INFO - Uploaded /tmp/minio_downloads/customers_190600838623.parquet -> @customers stage
[2026-07-04T14:39:18.844+0000] {logging_mixin.py:188} INFO - Uploaded /tmp/minio_downloads/customers_190600920539.parquet -> @customers stage
[2026-07-04T14:39:19.290+0000] {logging_mixin.py:188} INFO - Uploaded /tmp/minio_downloads/customers_190601010696.parquet -> @customers stage
[2026-07-04T14:39:19.690+0000] {logging_mixin.py:188} INFO - Uploaded /tmp/minio_downloads/customers_190601088803.parquet -> @customers stage
[2026-07-04T14:39:20.107+0000] {logging_mixin.py:188} INFO - Uploaded /tmp/minio_downloads/customers_190601188047.parquet -> @customers stage
[2026-07-04T14:39:20.520+0000] {logging_mixin.py:188} INFO - Uploaded /tmp/minio_downloads/customers_190601264029.parquet -> @customers stage
[2026-07-04T14:39:20.928+0000] {logging_mixin.py:188} INFO - Uploaded /tmp/minio_downloads/customers_190601380956.parquet -> @customers stage
[2026-07-04T14:39:21.336+0000] {logging_mixin.py:188} INFO - Uploaded /tmp/minio_downloads/customers_190601476373.parquet -> @customers stage
[2026-07-04T14:39:21.748+0000] {logging_mixin.py:188} INFO - Uploaded /tmp/minio_downloads/customers_190601577554.parquet -> @customers stage
[2026-07-04T14:39:22.156+0000] {logging_mixin.py:188} INFO - Uploaded /tmp/minio_downloads/customers_190601685124.parquet -> @customers stage
[2026-07-04T14:39:22.567+0000] {logging_mixin.py:188} INFO - Uploaded /tmp/minio_downloads/customers_190601764878.parquet -> @customers stage
[2026-07-04T14:39:22.973+0000] {logging_mixin.py:188} INFO - Uploaded /tmp/minio_downloads/customers_190601852702.parquet -> @customers stage
[2026-07-04T14:39:23.386+0000] {logging_mixin.py:188} INFO - Uploaded /tmp/minio_downloads/customers_190601940269.parquet -> @customers stage
[2026-07-04T14:39:23.794+0000] {logging_mixin.py:188} INFO - Uploaded /tmp/minio_downloads/customers_190602033750.parquet -> @customers stage
[2026-07-04T14:39:24.198+0000] {logging_mixin.py:188} INFO - Uploaded /tmp/minio_downloads/customers_190602126486.parquet -> @customers stage
[2026-07-04T14:39:24.617+0000] {logging_mixin.py:188} INFO - Uploaded /tmp/minio_downloads/customers_190602227982.parquet -> @customers stage
[2026-07-04T14:39:25.024+0000] {logging_mixin.py:188} INFO - Uploaded /tmp/minio_downloads/customers_190602332080.parquet -> @customers stage
[2026-07-04T14:39:25.434+0000] {logging_mixin.py:188} INFO - Uploaded /tmp/minio_downloads/customers_190602407815.parquet -> @customers stage
[2026-07-04T14:39:25.839+0000] {logging_mixin.py:188} INFO - Uploaded /tmp/minio_downloads/customers_190602507554.parquet -> @customers stage
[2026-07-04T14:39:26.245+0000] {logging_mixin.py:188} INFO - Uploaded /tmp/minio_downloads/customers_190602606187.parquet -> @customers stage
[2026-07-04T14:39:26.765+0000] {logging_mixin.py:188} INFO - Uploaded /tmp/minio_downloads/customers_190602713957.parquet -> @customers stage
[2026-07-04T14:39:27.172+0000] {logging_mixin.py:188} INFO - Uploaded /tmp/minio_downloads/customers_190602803821.parquet -> @customers stage
[2026-07-04T14:39:27.589+0000] {logging_mixin.py:188} INFO - Uploaded /tmp/minio_downloads/customers_190602892941.parquet -> @customers stage
[2026-07-04T14:39:27.990+0000] {logging_mixin.py:188} INFO - Uploaded /tmp/minio_downloads/customers_190602976217.parquet -> @customers stage
[2026-07-04T14:39:28.396+0000] {logging_mixin.py:188} INFO - Uploaded /tmp/minio_downloads/customers_190603061176.parquet -> @customers stage
[2026-07-04T14:39:28.812+0000] {logging_mixin.py:188} INFO - Uploaded /tmp/minio_downloads/customers_190603164697.parquet -> @customers stage
[2026-07-04T14:39:29.221+0000] {logging_mixin.py:188} INFO - Uploaded /tmp/minio_downloads/customers_190603285424.parquet -> @customers stage
[2026-07-04T14:39:29.633+0000] {logging_mixin.py:188} INFO - Uploaded /tmp/minio_downloads/customers_190603398352.parquet -> @customers stage
[2026-07-04T14:39:30.036+0000] {logging_mixin.py:188} INFO - Uploaded /tmp/minio_downloads/customers_190603488359.parquet -> @customers stage
[2026-07-04T14:39:30.445+0000] {logging_mixin.py:188} INFO - Uploaded /tmp/minio_downloads/customers_190603597418.parquet -> @customers stage
[2026-07-04T14:39:30.855+0000] {logging_mixin.py:188} INFO - Uploaded /tmp/minio_downloads/customers_190603692834.parquet -> @customers stage
[2026-07-04T14:39:31.265+0000] {logging_mixin.py:188} INFO - Uploaded /tmp/minio_downloads/customers_190603796704.parquet -> @customers stage
[2026-07-04T14:39:31.680+0000] {logging_mixin.py:188} INFO - Uploaded /tmp/minio_downloads/customers_190603881793.parquet -> @customers stage
[2026-07-04T14:39:32.086+0000] {logging_mixin.py:188} INFO - Uploaded /tmp/minio_downloads/customers_190603963319.parquet -> @customers stage
[2026-07-04T14:39:32.494+0000] {logging_mixin.py:188} INFO - Uploaded /tmp/minio_downloads/customers_190604047318.parquet -> @customers stage
[2026-07-04T14:39:32.903+0000] {logging_mixin.py:188} INFO - Uploaded /tmp/minio_downloads/customers_190604147440.parquet -> @customers stage
[2026-07-04T14:39:33.321+0000] {logging_mixin.py:188} INFO - Uploaded /tmp/minio_downloads/customers_190604238914.parquet -> @customers stage
[2026-07-04T14:39:33.730+0000] {logging_mixin.py:188} INFO - Uploaded /tmp/minio_downloads/customers_190604336354.parquet -> @customers stage
[2026-07-04T14:39:34.134+0000] {logging_mixin.py:188} INFO - Uploaded /tmp/minio_downloads/customers_190604431344.parquet -> @customers stage
[2026-07-04T14:39:34.549+0000] {logging_mixin.py:188} INFO - Uploaded /tmp/minio_downloads/customers_190604532238.parquet -> @customers stage
[2026-07-04T14:39:34.959+0000] {logging_mixin.py:188} INFO - Uploaded /tmp/minio_downloads/customers_190604640638.parquet -> @customers stage
[2026-07-04T14:39:35.366+0000] {logging_mixin.py:188} INFO - Uploaded /tmp/minio_downloads/customers_190604745426.parquet -> @customers stage
[2026-07-04T14:39:35.776+0000] {logging_mixin.py:188} INFO - Uploaded /tmp/minio_downloads/customers_190604853795.parquet -> @customers stage
[2026-07-04T14:39:36.182+0000] {logging_mixin.py:188} INFO - Uploaded /tmp/minio_downloads/customers_190604949876.parquet -> @customers stage
[2026-07-04T14:39:36.588+0000] {logging_mixin.py:188} INFO - Uploaded /tmp/minio_downloads/customers_190605047664.parquet -> @customers stage
[2026-07-04T14:39:37.000+0000] {logging_mixin.py:188} INFO - Uploaded /tmp/minio_downloads/customers_190605151340.parquet -> @customers stage
[2026-07-04T14:39:37.408+0000] {logging_mixin.py:188} INFO - Uploaded /tmp/minio_downloads/customers_190605242379.parquet -> @customers stage
[2026-07-04T14:39:37.819+0000] {logging_mixin.py:188} INFO - Uploaded /tmp/minio_downloads/customers_190605328123.parquet -> @customers stage
[2026-07-04T14:39:38.228+0000] {logging_mixin.py:188} INFO - Uploaded /tmp/minio_downloads/customers_190605429788.parquet -> @customers stage
[2026-07-04T14:39:38.704+0000] {logging_mixin.py:188} INFO - Uploaded /tmp/minio_downloads/customers_190605514488.parquet -> @customers stage
[2026-07-04T14:39:39.250+0000] {logging_mixin.py:188} INFO - Uploaded /tmp/minio_downloads/customers_190605675520.parquet -> @customers stage
[2026-07-04T14:39:39.667+0000] {logging_mixin.py:188} INFO - Uploaded /tmp/minio_downloads/customers_190605766443.parquet -> @customers stage
[2026-07-04T14:39:40.273+0000] {logging_mixin.py:188} INFO - Uploaded /tmp/minio_downloads/customers_190605861566.parquet -> @customers stage
[2026-07-04T14:39:40.635+0000] {logging_mixin.py:188} INFO - Uploaded /tmp/minio_downloads/customers_190605946062.parquet -> @customers stage
[2026-07-04T14:39:40.991+0000] {logging_mixin.py:188} INFO - Uploaded /tmp/minio_downloads/customers_190606011561.parquet -> @customers stage
[2026-07-04T14:39:41.886+0000] {logging_mixin.py:188} INFO - Uploaded /tmp/minio_downloads/customers_190606111886.parquet -> @customers stage
[2026-07-04T14:39:42.321+0000] {logging_mixin.py:188} INFO - Uploaded /tmp/minio_downloads/customers_190606214230.parquet -> @customers stage
[2026-07-04T14:39:42.732+0000] {logging_mixin.py:188} INFO - Uploaded /tmp/minio_downloads/customers_190606301360.parquet -> @customers stage
[2026-07-04T14:39:43.143+0000] {logging_mixin.py:188} INFO - Uploaded /tmp/minio_downloads/customers_190606396157.parquet -> @customers stage
[2026-07-04T14:39:43.552+0000] {logging_mixin.py:188} INFO - Uploaded /tmp/minio_downloads/customers_190606472720.parquet -> @customers stage
[2026-07-04T14:39:43.961+0000] {logging_mixin.py:188} INFO - Uploaded /tmp/minio_downloads/customers_190606558971.parquet -> @customers stage
[2026-07-04T14:39:44.370+0000] {logging_mixin.py:188} INFO - Uploaded /tmp/minio_downloads/customers_190606651803.parquet -> @customers stage
[2026-07-04T14:39:44.766+0000] {logging_mixin.py:188} INFO - Uploaded /tmp/minio_downloads/customers_190606758259.parquet -> @customers stage
[2026-07-04T14:39:45.132+0000] {logging_mixin.py:188} INFO - Uploaded /tmp/minio_downloads/customers_190606905015.parquet -> @customers stage
[2026-07-04T14:39:45.606+0000] {logging_mixin.py:188} INFO - Uploaded /tmp/minio_downloads/customers_190606999522.parquet -> @customers stage
[2026-07-04T14:39:45.952+0000] {logging_mixin.py:188} INFO - Uploaded /tmp/minio_downloads/customers_190607098445.parquet -> @customers stage
[2026-07-04T14:39:46.421+0000] {logging_mixin.py:188} INFO - Uploaded /tmp/minio_downloads/customers_190607219767.parquet -> @customers stage
[2026-07-04T14:39:46.831+0000] {logging_mixin.py:188} INFO - Uploaded /tmp/minio_downloads/customers_190607332437.parquet -> @customers stage
[2026-07-04T14:39:47.237+0000] {logging_mixin.py:188} INFO - Uploaded /tmp/minio_downloads/customers_190607429683.parquet -> @customers stage
[2026-07-04T14:39:47.824+0000] {logging_mixin.py:188} INFO - Uploaded /tmp/minio_downloads/customers_190607544099.parquet -> @customers stage
[2026-07-04T14:39:48.466+0000] {logging_mixin.py:188} INFO - Uploaded /tmp/minio_downloads/customers_190607679582.parquet -> @customers stage
[2026-07-04T14:39:49.084+0000] {logging_mixin.py:188} INFO - Uploaded /tmp/minio_downloads/customers_190607821362.parquet -> @customers stage
[2026-07-04T14:39:49.696+0000] {logging_mixin.py:188} INFO - Uploaded /tmp/minio_downloads/customers_190608018780.parquet -> @customers stage
[2026-07-04T14:39:50.413+0000] {logging_mixin.py:188} INFO - Uploaded /tmp/minio_downloads/customers_190608136287.parquet -> @customers stage
[2026-07-04T14:39:50.977+0000] {logging_mixin.py:188} INFO - Uploaded /tmp/minio_downloads/customers_190608245277.parquet -> @customers stage
[2026-07-04T14:39:51.541+0000] {logging_mixin.py:188} INFO - Uploaded /tmp/minio_downloads/customers_190608355024.parquet -> @customers stage
[2026-07-04T14:39:52.153+0000] {logging_mixin.py:188} INFO - Uploaded /tmp/minio_downloads/customers_190608472379.parquet -> @customers stage
[2026-07-04T14:39:52.767+0000] {logging_mixin.py:188} INFO - Uploaded /tmp/minio_downloads/customers_190608572915.parquet -> @customers stage
[2026-07-04T14:39:53.383+0000] {logging_mixin.py:188} INFO - Uploaded /tmp/minio_downloads/customers_190608659517.parquet -> @customers stage
[2026-07-04T14:39:54.000+0000] {logging_mixin.py:188} INFO - Uploaded /tmp/minio_downloads/customers_190608756216.parquet -> @customers stage
[2026-07-04T14:39:54.616+0000] {logging_mixin.py:188} INFO - Uploaded /tmp/minio_downloads/customers_190608849431.parquet -> @customers stage
[2026-07-04T14:39:55.162+0000] {logging_mixin.py:188} INFO - Uploaded /tmp/minio_downloads/customers_190608959528.parquet -> @customers stage
[2026-07-04T14:40:00.454+0000] {logging_mixin.py:188} INFO - Data loaded into customers
[2026-07-04T14:40:01.164+0000] {logging_mixin.py:188} INFO - Uploaded /tmp/minio_downloads/employee_190145692574.parquet -> @employee stage
[2026-07-04T14:40:01.778+0000] {logging_mixin.py:188} INFO - Uploaded /tmp/minio_downloads/employee_190145762981.parquet -> @employee stage
[2026-07-04T14:40:02.393+0000] {logging_mixin.py:188} INFO - Uploaded /tmp/minio_downloads/employee_190145868452.parquet -> @employee stage
[2026-07-04T14:40:03.010+0000] {logging_mixin.py:188} INFO - Uploaded /tmp/minio_downloads/employee_190145954881.parquet -> @employee stage
[2026-07-04T14:40:03.622+0000] {logging_mixin.py:188} INFO - Uploaded /tmp/minio_downloads/employee_190146033939.parquet -> @employee stage
[2026-07-04T14:40:04.237+0000] {logging_mixin.py:188} INFO - Uploaded /tmp/minio_downloads/employee_190146130942.parquet -> @employee stage
[2026-07-04T14:40:04.851+0000] {logging_mixin.py:188} INFO - Uploaded /tmp/minio_downloads/employee_190146207834.parquet -> @employee stage
[2026-07-04T14:40:05.363+0000] {logging_mixin.py:188} INFO - Uploaded /tmp/minio_downloads/employee_190146278037.parquet -> @employee stage
[2026-07-04T14:40:05.978+0000] {logging_mixin.py:188} INFO - Uploaded /tmp/minio_downloads/employee_190146337126.parquet -> @employee stage
[2026-07-04T14:40:06.592+0000] {logging_mixin.py:188} INFO - Uploaded /tmp/minio_downloads/employee_190146392857.parquet -> @employee stage
[2026-07-04T14:40:07.205+0000] {logging_mixin.py:188} INFO - Uploaded /tmp/minio_downloads/employee_190146447575.parquet -> @employee stage
[2026-07-04T14:40:07.822+0000] {logging_mixin.py:188} INFO - Uploaded /tmp/minio_downloads/employee_190146501204.parquet -> @employee stage
[2026-07-04T14:40:08.378+0000] {logging_mixin.py:188} INFO - Uploaded /tmp/minio_downloads/employee_190146558390.parquet -> @employee stage
[2026-07-04T14:40:08.946+0000] {logging_mixin.py:188} INFO - Uploaded /tmp/minio_downloads/employee_190146614441.parquet -> @employee stage
[2026-07-04T14:40:09.456+0000] {logging_mixin.py:188} INFO - Uploaded /tmp/minio_downloads/employee_190146681848.parquet -> @employee stage
[2026-07-04T14:40:10.071+0000] {logging_mixin.py:188} INFO - Uploaded /tmp/minio_downloads/employee_190146738669.parquet -> @employee stage
[2026-07-04T14:40:10.686+0000] {logging_mixin.py:188} INFO - Uploaded /tmp/minio_downloads/employee_190146798734.parquet -> @employee stage
[2026-07-04T14:40:11.248+0000] {logging_mixin.py:188} INFO - Uploaded /tmp/minio_downloads/employee_190146875427.parquet -> @employee stage
[2026-07-04T14:40:11.735+0000] {logging_mixin.py:188} INFO - Uploaded /tmp/minio_downloads/employee_190146939955.parquet -> @employee stage
[2026-07-04T14:40:12.396+0000] {logging_mixin.py:188} INFO - Uploaded /tmp/minio_downloads/employee_190147025286.parquet -> @employee stage
[2026-07-04T14:40:13.042+0000] {logging_mixin.py:188} INFO - Uploaded /tmp/minio_downloads/employee_190147111665.parquet -> @employee stage
[2026-07-04T14:40:13.656+0000] {logging_mixin.py:188} INFO - Uploaded /tmp/minio_downloads/employee_190147203777.parquet -> @employee stage
[2026-07-04T14:40:14.216+0000] {logging_mixin.py:188} INFO - Uploaded /tmp/minio_downloads/employee_190147290890.parquet -> @employee stage
[2026-07-04T14:40:14.782+0000] {logging_mixin.py:188} INFO - Uploaded /tmp/minio_downloads/employee_190147370952.parquet -> @employee stage
[2026-07-04T14:40:15.397+0000] {logging_mixin.py:188} INFO - Uploaded /tmp/minio_downloads/employee_190147437638.parquet -> @employee stage
[2026-07-04T14:40:16.011+0000] {logging_mixin.py:188} INFO - Uploaded /tmp/minio_downloads/employee_190147511911.parquet -> @employee stage
[2026-07-04T14:40:16.501+0000] {logging_mixin.py:188} INFO - Uploaded /tmp/minio_downloads/employee_190147591427.parquet -> @employee stage
[2026-07-04T14:40:17.089+0000] {logging_mixin.py:188} INFO - Uploaded /tmp/minio_downloads/employee_190147656130.parquet -> @employee stage
[2026-07-04T14:40:17.758+0000] {logging_mixin.py:188} INFO - Uploaded /tmp/minio_downloads/employee_190147713350.parquet -> @employee stage
[2026-07-04T14:40:18.367+0000] {logging_mixin.py:188} INFO - Uploaded /tmp/minio_downloads/employee_190147766996.parquet -> @employee stage
[2026-07-04T14:40:18.988+0000] {logging_mixin.py:188} INFO - Uploaded /tmp/minio_downloads/employee_190147840850.parquet -> @employee stage
[2026-07-04T14:40:20.014+0000] {logging_mixin.py:188} INFO - Uploaded /tmp/minio_downloads/employee_190147915555.parquet -> @employee stage
[2026-07-04T14:40:20.524+0000] {logging_mixin.py:188} INFO - Uploaded /tmp/minio_downloads/employee_190148105868.parquet -> @employee stage
[2026-07-04T14:40:21.398+0000] {logging_mixin.py:188} INFO - Uploaded /tmp/minio_downloads/employee_190148259066.parquet -> @employee stage
[2026-07-04T14:40:21.945+0000] {logging_mixin.py:188} INFO - Uploaded /tmp/minio_downloads/employee_190148333210.parquet -> @employee stage
[2026-07-04T14:40:22.468+0000] {logging_mixin.py:188} INFO - Uploaded /tmp/minio_downloads/employee_190148396941.parquet -> @employee stage
[2026-07-04T14:40:23.078+0000] {logging_mixin.py:188} INFO - Uploaded /tmp/minio_downloads/employee_190148458740.parquet -> @employee stage
[2026-07-04T14:40:23.693+0000] {logging_mixin.py:188} INFO - Uploaded /tmp/minio_downloads/employee_190148519465.parquet -> @employee stage
[2026-07-04T14:40:24.309+0000] {logging_mixin.py:188} INFO - Uploaded /tmp/minio_downloads/employee_190148585562.parquet -> @employee stage
[2026-07-04T14:40:24.924+0000] {logging_mixin.py:188} INFO - Uploaded /tmp/minio_downloads/employee_190148667358.parquet -> @employee stage
[2026-07-04T14:40:25.541+0000] {logging_mixin.py:188} INFO - Uploaded /tmp/minio_downloads/employee_190148754428.parquet -> @employee stage
[2026-07-04T14:40:26.150+0000] {logging_mixin.py:188} INFO - Uploaded /tmp/minio_downloads/employee_190148876974.parquet -> @employee stage
[2026-07-04T14:40:26.768+0000] {logging_mixin.py:188} INFO - Uploaded /tmp/minio_downloads/employee_190148978072.parquet -> @employee stage
[2026-07-04T14:40:27.482+0000] {logging_mixin.py:188} INFO - Uploaded /tmp/minio_downloads/employee_190149060218.parquet -> @employee stage
[2026-07-04T14:40:28.096+0000] {logging_mixin.py:188} INFO - Uploaded /tmp/minio_downloads/employee_190149121306.parquet -> @employee stage
[2026-07-04T14:40:28.710+0000] {logging_mixin.py:188} INFO - Uploaded /tmp/minio_downloads/employee_190149185569.parquet -> @employee stage
[2026-07-04T14:40:29.331+0000] {logging_mixin.py:188} INFO - Uploaded /tmp/minio_downloads/employee_190149242077.parquet -> @employee stage
[2026-07-04T14:40:29.942+0000] {logging_mixin.py:188} INFO - Uploaded /tmp/minio_downloads/employee_190149320301.parquet -> @employee stage
[2026-07-04T14:40:30.556+0000] {logging_mixin.py:188} INFO - Uploaded /tmp/minio_downloads/employee_190149407418.parquet -> @employee stage
[2026-07-04T14:40:31.124+0000] {logging_mixin.py:188} INFO - Uploaded /tmp/minio_downloads/employee_190149471699.parquet -> @employee stage
[2026-07-04T14:40:31.886+0000] {logging_mixin.py:188} INFO - Uploaded /tmp/minio_downloads/employee_190149546505.parquet -> @employee stage
[2026-07-04T14:40:32.500+0000] {logging_mixin.py:188} INFO - Uploaded /tmp/minio_downloads/employee_190149666505.parquet -> @employee stage
[2026-07-04T14:40:33.120+0000] {logging_mixin.py:188} INFO - Uploaded /tmp/minio_downloads/employee_190149760192.parquet -> @employee stage
[2026-07-04T14:40:33.730+0000] {logging_mixin.py:188} INFO - Uploaded /tmp/minio_downloads/employee_190149842904.parquet -> @employee stage
[2026-07-04T14:40:34.349+0000] {logging_mixin.py:188} INFO - Uploaded /tmp/minio_downloads/employee_190149918085.parquet -> @employee stage
[2026-07-04T14:40:35.065+0000] {logging_mixin.py:188} INFO - Uploaded /tmp/minio_downloads/employee_190150048036.parquet -> @employee stage
[2026-07-04T14:40:35.674+0000] {logging_mixin.py:188} INFO - Uploaded /tmp/minio_downloads/employee_190150192520.parquet -> @employee stage
[2026-07-04T14:40:36.245+0000] {logging_mixin.py:188} INFO - Uploaded /tmp/minio_downloads/employee_190150273176.parquet -> @employee stage
[2026-07-04T14:40:36.903+0000] {logging_mixin.py:188} INFO - Uploaded /tmp/minio_downloads/employee_190150335796.parquet -> @employee stage
[2026-07-04T14:40:37.516+0000] {logging_mixin.py:188} INFO - Uploaded /tmp/minio_downloads/employee_190150397686.parquet -> @employee stage
[2026-07-04T14:40:38.079+0000] {logging_mixin.py:188} INFO - Uploaded /tmp/minio_downloads/employee_190150494772.parquet -> @employee stage
[2026-07-04T14:40:38.748+0000] {logging_mixin.py:188} INFO - Uploaded /tmp/minio_downloads/employee_190150583129.parquet -> @employee stage
[2026-07-04T14:40:39.255+0000] {logging_mixin.py:188} INFO - Uploaded /tmp/minio_downloads/employee_190150638016.parquet -> @employee stage
[2026-07-04T14:40:39.871+0000] {logging_mixin.py:188} INFO - Uploaded /tmp/minio_downloads/employee_190150693773.parquet -> @employee stage
[2026-07-04T14:40:40.484+0000] {logging_mixin.py:188} INFO - Uploaded /tmp/minio_downloads/employee_190150751563.parquet -> @employee stage
[2026-07-04T14:40:41.004+0000] {logging_mixin.py:188} INFO - Uploaded /tmp/minio_downloads/employee_190150806688.parquet -> @employee stage
[2026-07-04T14:40:41.616+0000] {logging_mixin.py:188} INFO - Uploaded /tmp/minio_downloads/employee_190150875873.parquet -> @employee stage
[2026-07-04T14:40:42.225+0000] {logging_mixin.py:188} INFO - Uploaded /tmp/minio_downloads/employee_190150938217.parquet -> @employee stage
[2026-07-04T14:40:42.800+0000] {logging_mixin.py:188} INFO - Uploaded /tmp/minio_downloads/employee_190151004819.parquet -> @employee stage
[2026-07-04T14:40:43.408+0000] {logging_mixin.py:188} INFO - Uploaded /tmp/minio_downloads/employee_190151068399.parquet -> @employee stage
[2026-07-04T14:40:44.075+0000] {logging_mixin.py:188} INFO - Uploaded /tmp/minio_downloads/employee_190151176055.parquet -> @employee stage
[2026-07-04T14:40:44.690+0000] {logging_mixin.py:188} INFO - Uploaded /tmp/minio_downloads/employee_190151259005.parquet -> @employee stage
[2026-07-04T14:40:45.300+0000] {logging_mixin.py:188} INFO - Uploaded /tmp/minio_downloads/employee_190151342384.parquet -> @employee stage
[2026-07-04T14:40:45.917+0000] {logging_mixin.py:188} INFO - Uploaded /tmp/minio_downloads/employee_190151412241.parquet -> @employee stage
[2026-07-04T14:40:46.531+0000] {logging_mixin.py:188} INFO - Uploaded /tmp/minio_downloads/employee_190151489212.parquet -> @employee stage
[2026-07-04T14:40:47.147+0000] {logging_mixin.py:188} INFO - Uploaded /tmp/minio_downloads/employee_190151577444.parquet -> @employee stage
[2026-07-04T14:40:47.860+0000] {logging_mixin.py:188} INFO - Uploaded /tmp/minio_downloads/employee_190151643685.parquet -> @employee stage
[2026-07-04T14:40:48.480+0000] {logging_mixin.py:188} INFO - Uploaded /tmp/minio_downloads/employee_190151704149.parquet -> @employee stage
[2026-07-04T14:40:49.195+0000] {logging_mixin.py:188} INFO - Uploaded /tmp/minio_downloads/employee_190151759396.parquet -> @employee stage
[2026-07-04T14:40:49.807+0000] {logging_mixin.py:188} INFO - Uploaded /tmp/minio_downloads/employee_190151827403.parquet -> @employee stage
[2026-07-04T14:40:50.379+0000] {logging_mixin.py:188} INFO - Uploaded /tmp/minio_downloads/employee_190151895188.parquet -> @employee stage
[2026-07-04T14:40:51.037+0000] {logging_mixin.py:188} INFO - Uploaded /tmp/minio_downloads/employee_190151975128.parquet -> @employee stage
[2026-07-04T14:40:51.603+0000] {logging_mixin.py:188} INFO - Uploaded /tmp/minio_downloads/employee_190152050455.parquet -> @employee stage
[2026-07-04T14:40:52.266+0000] {logging_mixin.py:188} INFO - Uploaded /tmp/minio_downloads/employee_190152131794.parquet -> @employee stage
[2026-07-04T14:40:53.490+0000] {logging_mixin.py:188} INFO - Uploaded /tmp/minio_downloads/employee_190152207623.parquet -> @employee stage
[2026-07-04T14:40:54.105+0000] {logging_mixin.py:188} INFO - Uploaded /tmp/minio_downloads/employee_190152340774.parquet -> @employee stage
[2026-07-04T14:40:54.724+0000] {logging_mixin.py:188} INFO - Uploaded /tmp/minio_downloads/employee_190152433687.parquet -> @employee stage
[2026-07-04T14:40:55.339+0000] {logging_mixin.py:188} INFO - Uploaded /tmp/minio_downloads/employee_190152521177.parquet -> @employee stage
[2026-07-04T14:40:55.954+0000] {logging_mixin.py:188} INFO - Uploaded /tmp/minio_downloads/employee_190152610125.parquet -> @employee stage
[2026-07-04T14:40:56.512+0000] {logging_mixin.py:188} INFO - Uploaded /tmp/minio_downloads/employee_190152676606.parquet -> @employee stage
[2026-07-04T14:40:57.182+0000] {logging_mixin.py:188} INFO - Uploaded /tmp/minio_downloads/employee_190152729579.parquet -> @employee stage
[2026-07-04T14:40:57.792+0000] {logging_mixin.py:188} INFO - Uploaded /tmp/minio_downloads/employee_190152784699.parquet -> @employee stage
[2026-07-04T14:40:58.304+0000] {logging_mixin.py:188} INFO - Uploaded /tmp/minio_downloads/employee_190152836212.parquet -> @employee stage
[2026-07-04T14:40:58.920+0000] {logging_mixin.py:188} INFO - Uploaded /tmp/minio_downloads/employee_190152888926.parquet -> @employee stage
[2026-07-04T14:40:59.537+0000] {logging_mixin.py:188} INFO - Uploaded /tmp/minio_downloads/employee_190152939048.parquet -> @employee stage
[2026-07-04T14:41:00.151+0000] {logging_mixin.py:188} INFO - Uploaded /tmp/minio_downloads/employee_190152994457.parquet -> @employee stage
[2026-07-04T14:41:00.767+0000] {logging_mixin.py:188} INFO - Uploaded /tmp/minio_downloads/employee_190153054467.parquet -> @employee stage
[2026-07-04T14:41:01.380+0000] {logging_mixin.py:188} INFO - Uploaded /tmp/minio_downloads/employee_190153117863.parquet -> @employee stage
[2026-07-04T14:41:01.990+0000] {logging_mixin.py:188} INFO - Uploaded /tmp/minio_downloads/employee_190153170361.parquet -> @employee stage
[2026-07-04T14:41:02.605+0000] {logging_mixin.py:188} INFO - Uploaded /tmp/minio_downloads/employee_190153223695.parquet -> @employee stage
[2026-07-04T14:41:03.223+0000] {logging_mixin.py:188} INFO - Uploaded /tmp/minio_downloads/employee_190153288399.parquet -> @employee stage
[2026-07-04T14:41:03.835+0000] {logging_mixin.py:188} INFO - Uploaded /tmp/minio_downloads/employee_190153364151.parquet -> @employee stage
[2026-07-04T14:41:04.406+0000] {logging_mixin.py:188} INFO - Uploaded /tmp/minio_downloads/employee_190153431670.parquet -> @employee stage
[2026-07-04T14:41:05.070+0000] {logging_mixin.py:188} INFO - Uploaded /tmp/minio_downloads/employee_190153505292.parquet -> @employee stage
[2026-07-04T14:41:05.677+0000] {logging_mixin.py:188} INFO - Uploaded /tmp/minio_downloads/employee_190153573741.parquet -> @employee stage
[2026-07-04T14:41:06.193+0000] {logging_mixin.py:188} INFO - Uploaded /tmp/minio_downloads/employee_190153653847.parquet -> @employee stage
[2026-07-04T14:41:06.808+0000] {logging_mixin.py:188} INFO - Uploaded /tmp/minio_downloads/employee_190153733896.parquet -> @employee stage
[2026-07-04T14:41:07.388+0000] {logging_mixin.py:188} INFO - Uploaded /tmp/minio_downloads/employee_190153800539.parquet -> @employee stage
[2026-07-04T14:41:08.035+0000] {logging_mixin.py:188} INFO - Uploaded /tmp/minio_downloads/employee_190153854710.parquet -> @employee stage
[2026-07-04T14:41:08.552+0000] {logging_mixin.py:188} INFO - Uploaded /tmp/minio_downloads/employee_190153907894.parquet -> @employee stage
[2026-07-04T14:41:09.163+0000] {logging_mixin.py:188} INFO - Uploaded /tmp/minio_downloads/employee_190153963385.parquet -> @employee stage
[2026-07-04T14:41:09.775+0000] {logging_mixin.py:188} INFO - Uploaded /tmp/minio_downloads/employee_190154023502.parquet -> @employee stage
[2026-07-04T14:41:10.389+0000] {logging_mixin.py:188} INFO - Uploaded /tmp/minio_downloads/employee_190154073173.parquet -> @employee stage
[2026-07-04T14:41:11.000+0000] {logging_mixin.py:188} INFO - Uploaded /tmp/minio_downloads/employee_190154133924.parquet -> @employee stage
[2026-07-04T14:41:11.619+0000] {logging_mixin.py:188} INFO - Uploaded /tmp/minio_downloads/employee_190154186609.parquet -> @employee stage
[2026-07-04T14:41:12.233+0000] {logging_mixin.py:188} INFO - Uploaded /tmp/minio_downloads/employee_190154239277.parquet -> @employee stage
[2026-07-04T14:41:12.849+0000] {logging_mixin.py:188} INFO - Uploaded /tmp/minio_downloads/employee_190154294238.parquet -> @employee stage
[2026-07-04T14:41:13.415+0000] {logging_mixin.py:188} INFO - Uploaded /tmp/minio_downloads/employee_190154428971.parquet -> @employee stage
[2026-07-04T14:41:13.975+0000] {logging_mixin.py:188} INFO - Uploaded /tmp/minio_downloads/employee_190154550888.parquet -> @employee stage
[2026-07-04T14:41:14.589+0000] {logging_mixin.py:188} INFO - Uploaded /tmp/minio_downloads/employee_190154636619.parquet -> @employee stage
[2026-07-04T14:41:15.203+0000] {logging_mixin.py:188} INFO - Uploaded /tmp/minio_downloads/employee_190154715504.parquet -> @employee stage
[2026-07-04T14:41:15.819+0000] {logging_mixin.py:188} INFO - Uploaded /tmp/minio_downloads/employee_190154782171.parquet -> @employee stage
[2026-07-04T14:41:16.432+0000] {logging_mixin.py:188} INFO - Uploaded /tmp/minio_downloads/employee_190154845824.parquet -> @employee stage
[2026-07-04T14:41:17.044+0000] {logging_mixin.py:188} INFO - Uploaded /tmp/minio_downloads/employee_190154911010.parquet -> @employee stage
[2026-07-04T14:41:17.661+0000] {logging_mixin.py:188} INFO - Uploaded /tmp/minio_downloads/employee_190154967119.parquet -> @employee stage
[2026-07-04T14:41:18.277+0000] {logging_mixin.py:188} INFO - Uploaded /tmp/minio_downloads/employee_190155021623.parquet -> @employee stage
[2026-07-04T14:41:18.889+0000] {logging_mixin.py:188} INFO - Uploaded /tmp/minio_downloads/employee_190155076089.parquet -> @employee stage
[2026-07-04T14:41:19.502+0000] {logging_mixin.py:188} INFO - Uploaded /tmp/minio_downloads/employee_190155132764.parquet -> @employee stage
[2026-07-04T14:41:20.066+0000] {logging_mixin.py:188} INFO - Uploaded /tmp/minio_downloads/employee_190155197937.parquet -> @employee stage
[2026-07-04T14:41:20.585+0000] {logging_mixin.py:188} INFO - Uploaded /tmp/minio_downloads/employee_190155259242.parquet -> @employee stage
[2026-07-04T14:41:21.248+0000] {logging_mixin.py:188} INFO - Uploaded /tmp/minio_downloads/employee_190155316695.parquet -> @employee stage
[2026-07-04T14:41:21.860+0000] {logging_mixin.py:188} INFO - Uploaded /tmp/minio_downloads/employee_190155379259.parquet -> @employee stage
[2026-07-04T14:41:22.475+0000] {logging_mixin.py:188} INFO - Uploaded /tmp/minio_downloads/employee_190155445525.parquet -> @employee stage
[2026-07-04T14:41:23.087+0000] {logging_mixin.py:188} INFO - Uploaded /tmp/minio_downloads/employee_190155514218.parquet -> @employee stage
[2026-07-04T14:41:23.699+0000] {logging_mixin.py:188} INFO - Uploaded /tmp/minio_downloads/employee_190155579951.parquet -> @employee stage
[2026-07-04T14:41:24.314+0000] {logging_mixin.py:188} INFO - Uploaded /tmp/minio_downloads/employee_190155703475.parquet -> @employee stage
[2026-07-04T14:41:24.932+0000] {logging_mixin.py:188} INFO - Uploaded /tmp/minio_downloads/employee_190155915956.parquet -> @employee stage
[2026-07-04T14:41:25.547+0000] {logging_mixin.py:188} INFO - Uploaded /tmp/minio_downloads/employee_190156042507.parquet -> @employee stage
[2026-07-04T14:41:26.134+0000] {logging_mixin.py:188} INFO - Uploaded /tmp/minio_downloads/employee_190156129115.parquet -> @employee stage
[2026-07-04T14:41:26.775+0000] {logging_mixin.py:188} INFO - Uploaded /tmp/minio_downloads/employee_190156648086.parquet -> @employee stage
[2026-07-04T14:41:27.390+0000] {logging_mixin.py:188} INFO - Uploaded /tmp/minio_downloads/employee_190156718011.parquet -> @employee stage
[2026-07-04T14:41:28.005+0000] {logging_mixin.py:188} INFO - Uploaded /tmp/minio_downloads/employee_190156773655.parquet -> @employee stage
[2026-07-04T14:41:28.616+0000] {logging_mixin.py:188} INFO - Uploaded /tmp/minio_downloads/employee_190156829763.parquet -> @employee stage
[2026-07-04T14:41:29.234+0000] {logging_mixin.py:188} INFO - Uploaded /tmp/minio_downloads/employee_190156907142.parquet -> @employee stage
[2026-07-04T14:41:29.826+0000] {logging_mixin.py:188} INFO - Uploaded /tmp/minio_downloads/employee_190156970853.parquet -> @employee stage
[2026-07-04T14:41:30.458+0000] {logging_mixin.py:188} INFO - Uploaded /tmp/minio_downloads/employee_190157053636.parquet -> @employee stage
[2026-07-04T14:41:31.078+0000] {logging_mixin.py:188} INFO - Uploaded /tmp/minio_downloads/employee_190157136056.parquet -> @employee stage
[2026-07-04T14:41:31.690+0000] {logging_mixin.py:188} INFO - Uploaded /tmp/minio_downloads/employee_190157219068.parquet -> @employee stage
[2026-07-04T14:41:32.302+0000] {logging_mixin.py:188} INFO - Uploaded /tmp/minio_downloads/employee_190157263796.parquet -> @employee stage
[2026-07-04T14:41:32.917+0000] {logging_mixin.py:188} INFO - Uploaded /tmp/minio_downloads/employee_190157332503.parquet -> @employee stage
[2026-07-04T14:41:33.531+0000] {logging_mixin.py:188} INFO - Uploaded /tmp/minio_downloads/employee_190157383194.parquet -> @employee stage
[2026-07-04T14:41:34.092+0000] {logging_mixin.py:188} INFO - Uploaded /tmp/minio_downloads/employee_190157430507.parquet -> @employee stage
[2026-07-04T14:41:34.764+0000] {logging_mixin.py:188} INFO - Uploaded /tmp/minio_downloads/employee_190157499330.parquet -> @employee stage
[2026-07-04T14:41:35.377+0000] {logging_mixin.py:188} INFO - Uploaded /tmp/minio_downloads/employee_190157552455.parquet -> @employee stage
[2026-07-04T14:41:35.992+0000] {logging_mixin.py:188} INFO - Uploaded /tmp/minio_downloads/employee_190157611392.parquet -> @employee stage
[2026-07-04T14:41:36.603+0000] {logging_mixin.py:188} INFO - Uploaded /tmp/minio_downloads/employee_190157659326.parquet -> @employee stage
[2026-07-04T14:41:37.222+0000] {logging_mixin.py:188} INFO - Uploaded /tmp/minio_downloads/employee_190157728444.parquet -> @employee stage
[2026-07-04T14:41:37.835+0000] {logging_mixin.py:188} INFO - Uploaded /tmp/minio_downloads/employee_190157819182.parquet -> @employee stage
[2026-07-04T14:41:38.447+0000] {logging_mixin.py:188} INFO - Uploaded /tmp/minio_downloads/employee_190157899249.parquet -> @employee stage
[2026-07-04T14:41:39.059+0000] {logging_mixin.py:188} INFO - Uploaded /tmp/minio_downloads/employee_190157972007.parquet -> @employee stage
[2026-07-04T14:41:39.673+0000] {logging_mixin.py:188} INFO - Uploaded /tmp/minio_downloads/employee_190158034529.parquet -> @employee stage
[2026-07-04T14:41:40.293+0000] {logging_mixin.py:188} INFO - Uploaded /tmp/minio_downloads/employee_190158132639.parquet -> @employee stage
[2026-07-04T14:41:40.858+0000] {logging_mixin.py:188} INFO - Uploaded /tmp/minio_downloads/employee_190158217409.parquet -> @employee stage
[2026-07-04T14:41:41.520+0000] {logging_mixin.py:188} INFO - Uploaded /tmp/minio_downloads/employee_190158280323.parquet -> @employee stage
[2026-07-04T14:41:42.130+0000] {logging_mixin.py:188} INFO - Uploaded /tmp/minio_downloads/employee_190158347963.parquet -> @employee stage
[2026-07-04T14:41:42.748+0000] {logging_mixin.py:188} INFO - Uploaded /tmp/minio_downloads/employee_190158400082.parquet -> @employee stage
[2026-07-04T14:41:43.362+0000] {logging_mixin.py:188} INFO - Uploaded /tmp/minio_downloads/employee_190158460061.parquet -> @employee stage
[2026-07-04T14:41:43.938+0000] {logging_mixin.py:188} INFO - Uploaded /tmp/minio_downloads/employee_190158513552.parquet -> @employee stage
[2026-07-04T14:41:44.490+0000] {logging_mixin.py:188} INFO - Uploaded /tmp/minio_downloads/employee_190158569088.parquet -> @employee stage
[2026-07-04T14:41:45.068+0000] {logging_mixin.py:188} INFO - Uploaded /tmp/minio_downloads/employee_190158630288.parquet -> @employee stage
[2026-07-04T14:41:45.713+0000] {logging_mixin.py:188} INFO - Uploaded /tmp/minio_downloads/employee_190158683455.parquet -> @employee stage
[2026-07-04T14:41:46.332+0000] {logging_mixin.py:188} INFO - Uploaded /tmp/minio_downloads/employee_190158751637.parquet -> @employee stage
[2026-07-04T14:41:46.950+0000] {logging_mixin.py:188} INFO - Uploaded /tmp/minio_downloads/employee_190158835269.parquet -> @employee stage
[2026-07-04T14:41:47.563+0000] {logging_mixin.py:188} INFO - Uploaded /tmp/minio_downloads/employee_190158911562.parquet -> @employee stage
[2026-07-04T14:41:48.177+0000] {logging_mixin.py:188} INFO - Uploaded /tmp/minio_downloads/employee_190158975075.parquet -> @employee stage
[2026-07-04T14:41:48.786+0000] {logging_mixin.py:188} INFO - Uploaded /tmp/minio_downloads/employee_190159036807.parquet -> @employee stage
[2026-07-04T14:41:49.401+0000] {logging_mixin.py:188} INFO - Uploaded /tmp/minio_downloads/employee_190159100635.parquet -> @employee stage
[2026-07-04T14:41:50.226+0000] {logging_mixin.py:188} INFO - Uploaded /tmp/minio_downloads/employee_190159163711.parquet -> @employee stage
[2026-07-04T14:41:50.838+0000] {logging_mixin.py:188} INFO - Uploaded /tmp/minio_downloads/employee_190159220486.parquet -> @employee stage
[2026-07-04T14:41:51.451+0000] {logging_mixin.py:188} INFO - Uploaded /tmp/minio_downloads/employee_190159272610.parquet -> @employee stage
[2026-07-04T14:41:52.022+0000] {logging_mixin.py:188} INFO - Uploaded /tmp/minio_downloads/employee_190159325801.parquet -> @employee stage
[2026-07-04T14:41:52.581+0000] {logging_mixin.py:188} INFO - Uploaded /tmp/minio_downloads/employee_190159378992.parquet -> @employee stage
[2026-07-04T14:41:53.194+0000] {logging_mixin.py:188} INFO - Uploaded /tmp/minio_downloads/employee_190159431121.parquet -> @employee stage
[2026-07-04T14:41:53.753+0000] {logging_mixin.py:188} INFO - Uploaded /tmp/minio_downloads/employee_190159493936.parquet -> @employee stage
[2026-07-04T14:41:54.315+0000] {logging_mixin.py:188} INFO - Uploaded /tmp/minio_downloads/employee_190159553877.parquet -> @employee stage
[2026-07-04T14:41:54.890+0000] {logging_mixin.py:188} INFO - Uploaded /tmp/minio_downloads/employee_190159621723.parquet -> @employee stage
[2026-07-04T14:41:55.538+0000] {logging_mixin.py:188} INFO - Uploaded /tmp/minio_downloads/employee_190159686217.parquet -> @employee stage
[2026-07-04T14:41:56.164+0000] {logging_mixin.py:188} INFO - Uploaded /tmp/minio_downloads/employee_190159749692.parquet -> @employee stage
[2026-07-04T14:41:56.770+0000] {logging_mixin.py:188} INFO - Uploaded /tmp/minio_downloads/employee_190159805756.parquet -> @employee stage
[2026-07-04T14:41:57.343+0000] {logging_mixin.py:188} INFO - Uploaded /tmp/minio_downloads/employee_190159880524.parquet -> @employee stage
[2026-07-04T14:41:57.950+0000] {logging_mixin.py:188} INFO - Uploaded /tmp/minio_downloads/employee_190159956293.parquet -> @employee stage
[2026-07-04T14:41:58.460+0000] {logging_mixin.py:188} INFO - Uploaded /tmp/minio_downloads/employee_190200029554.parquet -> @employee stage
[2026-07-04T14:41:59.024+0000] {logging_mixin.py:188} INFO - Uploaded /tmp/minio_downloads/employee_190200100098.parquet -> @employee stage
[2026-07-04T14:41:59.647+0000] {logging_mixin.py:188} INFO - Uploaded /tmp/minio_downloads/employee_190200163706.parquet -> @employee stage
[2026-07-04T14:42:00.261+0000] {logging_mixin.py:188} INFO - Uploaded /tmp/minio_downloads/employee_190200223334.parquet -> @employee stage
[2026-07-04T14:42:00.828+0000] {logging_mixin.py:188} INFO - Uploaded /tmp/minio_downloads/employee_190200286259.parquet -> @employee stage
[2026-07-04T14:42:01.691+0000] {logging_mixin.py:188} INFO - Uploaded /tmp/minio_downloads/employee_190200355795.parquet -> @employee stage
[2026-07-04T14:42:02.202+0000] {logging_mixin.py:188} INFO - Uploaded /tmp/minio_downloads/employee_190200446254.parquet -> @employee stage
[2026-07-04T14:42:02.820+0000] {logging_mixin.py:188} INFO - Uploaded /tmp/minio_downloads/employee_190200554902.parquet -> @employee stage
[2026-07-04T14:42:03.387+0000] {logging_mixin.py:188} INFO - Uploaded /tmp/minio_downloads/employee_190200642263.parquet -> @employee stage
[2026-07-04T14:42:04.051+0000] {logging_mixin.py:188} INFO - Uploaded /tmp/minio_downloads/employee_190200699345.parquet -> @employee stage
[2026-07-04T14:42:04.595+0000] {logging_mixin.py:188} INFO - Uploaded /tmp/minio_downloads/employee_190200764477.parquet -> @employee stage
[2026-07-04T14:42:05.281+0000] {logging_mixin.py:188} INFO - Uploaded /tmp/minio_downloads/employee_190200830574.parquet -> @employee stage
[2026-07-04T14:42:05.856+0000] {logging_mixin.py:188} INFO - Uploaded /tmp/minio_downloads/employee_190200895662.parquet -> @employee stage
[2026-07-04T14:42:06.502+0000] {logging_mixin.py:188} INFO - Uploaded /tmp/minio_downloads/employee_190200964703.parquet -> @employee stage
[2026-07-04T14:42:07.125+0000] {logging_mixin.py:188} INFO - Uploaded /tmp/minio_downloads/employee_190201030829.parquet -> @employee stage
[2026-07-04T14:42:07.736+0000] {logging_mixin.py:188} INFO - Uploaded /tmp/minio_downloads/employee_190201089586.parquet -> @employee stage
[2026-07-04T14:42:08.346+0000] {logging_mixin.py:188} INFO - Uploaded /tmp/minio_downloads/employee_190201150448.parquet -> @employee stage
[2026-07-04T14:42:08.958+0000] {logging_mixin.py:188} INFO - Uploaded /tmp/minio_downloads/employee_190201217292.parquet -> @employee stage
[2026-07-04T14:42:09.474+0000] {logging_mixin.py:188} INFO - Uploaded /tmp/minio_downloads/employee_190201294160.parquet -> @employee stage
[2026-07-04T14:42:10.087+0000] {logging_mixin.py:188} INFO - Uploaded /tmp/minio_downloads/employee_190201357739.parquet -> @employee stage
[2026-07-04T14:42:10.702+0000] {logging_mixin.py:188} INFO - Uploaded /tmp/minio_downloads/employee_190201417675.parquet -> @employee stage
[2026-07-04T14:42:11.201+0000] {logging_mixin.py:188} INFO - Uploaded /tmp/minio_downloads/employee_190201484075.parquet -> @employee stage
[2026-07-04T14:42:11.829+0000] {logging_mixin.py:188} INFO - Uploaded /tmp/minio_downloads/employee_190201555708.parquet -> @employee stage
[2026-07-04T14:42:12.442+0000] {logging_mixin.py:188} INFO - Uploaded /tmp/minio_downloads/employee_190201645465.parquet -> @employee stage
[2026-07-04T14:42:13.054+0000] {logging_mixin.py:188} INFO - Uploaded /tmp/minio_downloads/employee_190201713203.parquet -> @employee stage
[2026-07-04T14:42:13.668+0000] {logging_mixin.py:188} INFO - Uploaded /tmp/minio_downloads/employee_190201787222.parquet -> @employee stage
[2026-07-04T14:42:14.288+0000] {logging_mixin.py:188} INFO - Uploaded /tmp/minio_downloads/employee_190201877221.parquet -> @employee stage
[2026-07-04T14:42:14.813+0000] {logging_mixin.py:188} INFO - Uploaded /tmp/minio_downloads/employee_190201967911.parquet -> @employee stage
[2026-07-04T14:42:15.415+0000] {logging_mixin.py:188} INFO - Uploaded /tmp/minio_downloads/employee_190202048215.parquet -> @employee stage
[2026-07-04T14:42:16.028+0000] {logging_mixin.py:188} INFO - Uploaded /tmp/minio_downloads/employee_190202141987.parquet -> @employee stage
[2026-07-04T14:42:16.644+0000] {logging_mixin.py:188} INFO - Uploaded /tmp/minio_downloads/employee_190202213680.parquet -> @employee stage
[2026-07-04T14:42:17.254+0000] {logging_mixin.py:188} INFO - Uploaded /tmp/minio_downloads/employee_190202297905.parquet -> @employee stage
[2026-07-04T14:42:17.871+0000] {logging_mixin.py:188} INFO - Uploaded /tmp/minio_downloads/employee_190202380311.parquet -> @employee stage
[2026-07-04T14:42:18.459+0000] {logging_mixin.py:188} INFO - Uploaded /tmp/minio_downloads/employee_190202444934.parquet -> @employee stage
[2026-07-04T14:42:19.098+0000] {logging_mixin.py:188} INFO - Uploaded /tmp/minio_downloads/employee_190202514345.parquet -> @employee stage
[2026-07-04T14:42:19.664+0000] {logging_mixin.py:188} INFO - Uploaded /tmp/minio_downloads/employee_190202576732.parquet -> @employee stage
[2026-07-04T14:42:20.329+0000] {logging_mixin.py:188} INFO - Uploaded /tmp/minio_downloads/employee_190202654504.parquet -> @employee stage
[2026-07-04T14:42:20.940+0000] {logging_mixin.py:188} INFO - Uploaded /tmp/minio_downloads/employee_190202734094.parquet -> @employee stage
[2026-07-04T14:42:21.662+0000] {logging_mixin.py:188} INFO - Uploaded /tmp/minio_downloads/employee_190202812439.parquet -> @employee stage
[2026-07-04T14:42:22.276+0000] {logging_mixin.py:188} INFO - Uploaded /tmp/minio_downloads/employee_190202886165.parquet -> @employee stage
[2026-07-04T14:42:22.802+0000] {logging_mixin.py:188} INFO - Uploaded /tmp/minio_downloads/employee_190202963861.parquet -> @employee stage
[2026-07-04T14:42:23.402+0000] {logging_mixin.py:188} INFO - Uploaded /tmp/minio_downloads/employee_190203036278.parquet -> @employee stage
[2026-07-04T14:42:24.014+0000] {logging_mixin.py:188} INFO - Uploaded /tmp/minio_downloads/employee_190203114550.parquet -> @employee stage
[2026-07-04T14:42:24.629+0000] {logging_mixin.py:188} INFO - Uploaded /tmp/minio_downloads/employee_190203223519.parquet -> @employee stage
[2026-07-04T14:42:25.245+0000] {logging_mixin.py:188} INFO - Uploaded /tmp/minio_downloads/employee_190203319893.parquet -> @employee stage
[2026-07-04T14:42:25.861+0000] {logging_mixin.py:188} INFO - Uploaded /tmp/minio_downloads/employee_190203405321.parquet -> @employee stage
[2026-07-04T14:42:26.434+0000] {logging_mixin.py:188} INFO - Uploaded /tmp/minio_downloads/employee_190203490272.parquet -> @employee stage
[2026-07-04T14:42:27.085+0000] {logging_mixin.py:188} INFO - Uploaded /tmp/minio_downloads/employee_190203571285.parquet -> @employee stage
[2026-07-04T14:42:27.703+0000] {logging_mixin.py:188} INFO - Uploaded /tmp/minio_downloads/employee_190203652824.parquet -> @employee stage
[2026-07-04T14:42:28.319+0000] {logging_mixin.py:188} INFO - Uploaded /tmp/minio_downloads/employee_190203774989.parquet -> @employee stage
[2026-07-04T14:42:28.933+0000] {logging_mixin.py:188} INFO - Uploaded /tmp/minio_downloads/employee_190203877218.parquet -> @employee stage
[2026-07-04T14:42:29.541+0000] {logging_mixin.py:188} INFO - Uploaded /tmp/minio_downloads/employee_190203956597.parquet -> @employee stage
[2026-07-04T14:42:30.136+0000] {logging_mixin.py:188} INFO - Uploaded /tmp/minio_downloads/employee_190204045509.parquet -> @employee stage
[2026-07-04T14:42:30.668+0000] {logging_mixin.py:188} INFO - Uploaded /tmp/minio_downloads/employee_190204145393.parquet -> @employee stage
[2026-07-04T14:42:31.290+0000] {logging_mixin.py:188} INFO - Uploaded /tmp/minio_downloads/employee_190204339396.parquet -> @employee stage
[2026-07-04T14:42:32.006+0000] {logging_mixin.py:188} INFO - Uploaded /tmp/minio_downloads/employee_190204470281.parquet -> @employee stage
[2026-07-04T14:42:32.826+0000] {logging_mixin.py:188} INFO - Uploaded /tmp/minio_downloads/employee_190204555268.parquet -> @employee stage
[2026-07-04T14:42:33.434+0000] {logging_mixin.py:188} INFO - Uploaded /tmp/minio_downloads/employee_190204647451.parquet -> @employee stage
[2026-07-04T14:42:34.050+0000] {logging_mixin.py:188} INFO - Uploaded /tmp/minio_downloads/employee_190204739447.parquet -> @employee stage
[2026-07-04T14:42:34.661+0000] {logging_mixin.py:188} INFO - Uploaded /tmp/minio_downloads/employee_190204829744.parquet -> @employee stage
[2026-07-04T14:42:35.282+0000] {logging_mixin.py:188} INFO - Uploaded /tmp/minio_downloads/employee_190204914570.parquet -> @employee stage
[2026-07-04T14:42:35.897+0000] {logging_mixin.py:188} INFO - Uploaded /tmp/minio_downloads/employee_190205005508.parquet -> @employee stage
[2026-07-04T14:42:36.512+0000] {logging_mixin.py:188} INFO - Uploaded /tmp/minio_downloads/employee_190205092068.parquet -> @employee stage
[2026-07-04T14:42:37.122+0000] {logging_mixin.py:188} INFO - Uploaded /tmp/minio_downloads/employee_190205182770.parquet -> @employee stage
[2026-07-04T14:42:37.740+0000] {logging_mixin.py:188} INFO - Uploaded /tmp/minio_downloads/employee_190205264201.parquet -> @employee stage
[2026-07-04T14:42:38.353+0000] {logging_mixin.py:188} INFO - Uploaded /tmp/minio_downloads/employee_190205353171.parquet -> @employee stage
[2026-07-04T14:42:38.968+0000] {logging_mixin.py:188} INFO - Uploaded /tmp/minio_downloads/employee_190205446954.parquet -> @employee stage
[2026-07-04T14:42:39.582+0000] {logging_mixin.py:188} INFO - Uploaded /tmp/minio_downloads/employee_190205531132.parquet -> @employee stage
[2026-07-04T14:42:40.193+0000] {logging_mixin.py:188} INFO - Uploaded /tmp/minio_downloads/employee_190205615696.parquet -> @employee stage
[2026-07-04T14:42:40.789+0000] {logging_mixin.py:188} INFO - Uploaded /tmp/minio_downloads/employee_190205718039.parquet -> @employee stage
[2026-07-04T14:42:41.424+0000] {logging_mixin.py:188} INFO - Uploaded /tmp/minio_downloads/employee_190205807414.parquet -> @employee stage
[2026-07-04T14:42:42.040+0000] {logging_mixin.py:188} INFO - Uploaded /tmp/minio_downloads/employee_190205888993.parquet -> @employee stage
[2026-07-04T14:42:42.656+0000] {logging_mixin.py:188} INFO - Uploaded /tmp/minio_downloads/employee_190205984434.parquet -> @employee stage
[2026-07-04T14:42:43.228+0000] {logging_mixin.py:188} INFO - Uploaded /tmp/minio_downloads/employee_190206086367.parquet -> @employee stage
[2026-07-04T14:42:43.881+0000] {logging_mixin.py:188} INFO - Uploaded /tmp/minio_downloads/employee_190206172789.parquet -> @employee stage
[2026-07-04T14:42:44.492+0000] {logging_mixin.py:188} INFO - Uploaded /tmp/minio_downloads/employee_190206259958.parquet -> @employee stage
[2026-07-04T14:42:44.982+0000] {logging_mixin.py:188} INFO - Uploaded /tmp/minio_downloads/employee_190206349570.parquet -> @employee stage
[2026-07-04T14:42:45.727+0000] {logging_mixin.py:188} INFO - Uploaded /tmp/minio_downloads/employee_190206442993.parquet -> @employee stage
[2026-07-04T14:42:46.338+0000] {logging_mixin.py:188} INFO - Uploaded /tmp/minio_downloads/employee_190206581479.parquet -> @employee stage
[2026-07-04T14:42:46.951+0000] {logging_mixin.py:188} INFO - Uploaded /tmp/minio_downloads/employee_190206718007.parquet -> @employee stage
[2026-07-04T14:42:47.570+0000] {logging_mixin.py:188} INFO - Uploaded /tmp/minio_downloads/employee_190206836597.parquet -> @employee stage
[2026-07-04T14:42:48.088+0000] {logging_mixin.py:188} INFO - Uploaded /tmp/minio_downloads/employee_190206931361.parquet -> @employee stage
[2026-07-04T14:42:48.697+0000] {logging_mixin.py:188} INFO - Uploaded /tmp/minio_downloads/employee_190207004304.parquet -> @employee stage
[2026-07-04T14:42:49.309+0000] {logging_mixin.py:188} INFO - Uploaded /tmp/minio_downloads/employee_190207123765.parquet -> @employee stage
[2026-07-04T14:42:49.927+0000] {logging_mixin.py:188} INFO - Uploaded /tmp/minio_downloads/employee_190207249812.parquet -> @employee stage
[2026-07-04T14:42:50.541+0000] {logging_mixin.py:188} INFO - Uploaded /tmp/minio_downloads/employee_190207339858.parquet -> @employee stage
[2026-07-04T14:42:51.113+0000] {logging_mixin.py:188} INFO - Uploaded /tmp/minio_downloads/employee_190207429221.parquet -> @employee stage
[2026-07-04T14:42:51.770+0000] {logging_mixin.py:188} INFO - Uploaded /tmp/minio_downloads/employee_190207522608.parquet -> @employee stage
[2026-07-04T14:42:52.308+0000] {logging_mixin.py:188} INFO - Uploaded /tmp/minio_downloads/employee_190207687415.parquet -> @employee stage
[2026-07-04T14:42:52.896+0000] {logging_mixin.py:188} INFO - Uploaded /tmp/minio_downloads/employee_190207770879.parquet -> @employee stage
[2026-07-04T14:42:53.506+0000] {logging_mixin.py:188} INFO - Uploaded /tmp/minio_downloads/employee_190207879182.parquet -> @employee stage
[2026-07-04T14:42:54.124+0000] {logging_mixin.py:188} INFO - Uploaded /tmp/minio_downloads/employee_190207963983.parquet -> @employee stage
[2026-07-04T14:42:54.733+0000] {logging_mixin.py:188} INFO - Uploaded /tmp/minio_downloads/employee_190208031932.parquet -> @employee stage
[2026-07-04T14:42:55.353+0000] {logging_mixin.py:188} INFO - Uploaded /tmp/minio_downloads/employee_190208122316.parquet -> @employee stage
[2026-07-04T14:42:55.968+0000] {logging_mixin.py:188} INFO - Uploaded /tmp/minio_downloads/employee_190208203028.parquet -> @employee stage
[2026-07-04T14:42:56.582+0000] {logging_mixin.py:188} INFO - Uploaded /tmp/minio_downloads/employee_190208273011.parquet -> @employee stage
[2026-07-04T14:42:57.195+0000] {logging_mixin.py:188} INFO - Uploaded /tmp/minio_downloads/employee_190208337717.parquet -> @employee stage
[2026-07-04T14:42:57.809+0000] {logging_mixin.py:188} INFO - Uploaded /tmp/minio_downloads/employee_190208438964.parquet -> @employee stage
[2026-07-04T14:42:58.321+0000] {logging_mixin.py:188} INFO - Uploaded /tmp/minio_downloads/employee_190208512878.parquet -> @employee stage
[2026-07-04T14:42:58.937+0000] {logging_mixin.py:188} INFO - Uploaded /tmp/minio_downloads/employee_190208614046.parquet -> @employee stage
[2026-07-04T14:42:59.497+0000] {logging_mixin.py:188} INFO - Uploaded /tmp/minio_downloads/employee_190208737256.parquet -> @employee stage
[2026-07-04T14:43:00.166+0000] {logging_mixin.py:188} INFO - Uploaded /tmp/minio_downloads/employee_190208827984.parquet -> @employee stage
[2026-07-04T14:43:00.782+0000] {logging_mixin.py:188} INFO - Uploaded /tmp/minio_downloads/employee_190208941107.parquet -> @employee stage
[2026-07-04T14:43:01.393+0000] {logging_mixin.py:188} INFO - Uploaded /tmp/minio_downloads/employee_190209030304.parquet -> @employee stage
[2026-07-04T14:43:02.005+0000] {logging_mixin.py:188} INFO - Uploaded /tmp/minio_downloads/employee_190209110086.parquet -> @employee stage
[2026-07-04T14:43:02.564+0000] {logging_mixin.py:188} INFO - Uploaded /tmp/minio_downloads/employee_190209181174.parquet -> @employee stage
[2026-07-04T14:43:03.212+0000] {logging_mixin.py:188} INFO - Uploaded /tmp/minio_downloads/employee_190209266508.parquet -> @employee stage
[2026-07-04T14:43:03.745+0000] {logging_mixin.py:188} INFO - Uploaded /tmp/minio_downloads/employee_190209355145.parquet -> @employee stage
[2026-07-04T14:43:04.772+0000] {logging_mixin.py:188} INFO - Uploaded /tmp/minio_downloads/employee_190209445559.parquet -> @employee stage
[2026-07-04T14:43:05.281+0000] {logging_mixin.py:188} INFO - Uploaded /tmp/minio_downloads/employee_190209525562.parquet -> @employee stage
[2026-07-04T14:43:05.900+0000] {logging_mixin.py:188} INFO - Uploaded /tmp/minio_downloads/employee_190209631219.parquet -> @employee stage
[2026-07-04T14:43:06.458+0000] {logging_mixin.py:188} INFO - Uploaded /tmp/minio_downloads/employee_190209723861.parquet -> @employee stage
[2026-07-04T14:43:07.128+0000] {logging_mixin.py:188} INFO - Uploaded /tmp/minio_downloads/employee_190209814318.parquet -> @employee stage
[2026-07-04T14:43:07.745+0000] {logging_mixin.py:188} INFO - Uploaded /tmp/minio_downloads/employee_190209902643.parquet -> @employee stage
[2026-07-04T14:43:08.353+0000] {logging_mixin.py:188} INFO - Uploaded /tmp/minio_downloads/employee_190209972474.parquet -> @employee stage
[2026-07-04T14:43:08.968+0000] {logging_mixin.py:188} INFO - Uploaded /tmp/minio_downloads/employee_190210068452.parquet -> @employee stage
[2026-07-04T14:43:09.585+0000] {logging_mixin.py:188} INFO - Uploaded /tmp/minio_downloads/employee_190210172528.parquet -> @employee stage
[2026-07-04T14:43:10.197+0000] {logging_mixin.py:188} INFO - Uploaded /tmp/minio_downloads/employee_190210254560.parquet -> @employee stage
[2026-07-04T14:43:10.815+0000] {logging_mixin.py:188} INFO - Uploaded /tmp/minio_downloads/employee_190210338178.parquet -> @employee stage
[2026-07-04T14:43:11.428+0000] {logging_mixin.py:188} INFO - Uploaded /tmp/minio_downloads/employee_190210418713.parquet -> @employee stage
[2026-07-04T14:43:12.043+0000] {logging_mixin.py:188} INFO - Uploaded /tmp/minio_downloads/employee_190210539657.parquet -> @employee stage
[2026-07-04T14:43:12.604+0000] {logging_mixin.py:188} INFO - Uploaded /tmp/minio_downloads/employee_190210647156.parquet -> @employee stage
[2026-07-04T14:43:13.273+0000] {logging_mixin.py:188} INFO - Uploaded /tmp/minio_downloads/employee_190210774995.parquet -> @employee stage
[2026-07-04T14:43:13.986+0000] {logging_mixin.py:188} INFO - Uploaded /tmp/minio_downloads/employee_190210895294.parquet -> @employee stage
[2026-07-04T14:43:14.598+0000] {logging_mixin.py:188} INFO - Uploaded /tmp/minio_downloads/employee_190211002061.parquet -> @employee stage
[2026-07-04T14:43:15.216+0000] {logging_mixin.py:188} INFO - Uploaded /tmp/minio_downloads/employee_190211092649.parquet -> @employee stage
[2026-07-04T14:43:15.775+0000] {logging_mixin.py:188} INFO - Uploaded /tmp/minio_downloads/employee_190211194312.parquet -> @employee stage
[2026-07-04T14:43:16.448+0000] {logging_mixin.py:188} INFO - Uploaded /tmp/minio_downloads/employee_190211326550.parquet -> @employee stage
[2026-07-04T14:43:17.060+0000] {logging_mixin.py:188} INFO - Uploaded /tmp/minio_downloads/employee_190211439633.parquet -> @employee stage
[2026-07-04T14:43:17.671+0000] {logging_mixin.py:188} INFO - Uploaded /tmp/minio_downloads/employee_190211544189.parquet -> @employee stage
[2026-07-04T14:43:18.286+0000] {logging_mixin.py:188} INFO - Uploaded /tmp/minio_downloads/employee_190211645552.parquet -> @employee stage
[2026-07-04T14:43:18.900+0000] {logging_mixin.py:188} INFO - Uploaded /tmp/minio_downloads/employee_190211723678.parquet -> @employee stage
[2026-07-04T14:43:19.518+0000] {logging_mixin.py:188} INFO - Uploaded /tmp/minio_downloads/employee_190211823458.parquet -> @employee stage
[2026-07-04T14:43:20.129+0000] {logging_mixin.py:188} INFO - Uploaded /tmp/minio_downloads/employee_190211925688.parquet -> @employee stage
[2026-07-04T14:43:20.742+0000] {logging_mixin.py:188} INFO - Uploaded /tmp/minio_downloads/employee_190212020760.parquet -> @employee stage
[2026-07-04T14:43:21.363+0000] {logging_mixin.py:188} INFO - Uploaded /tmp/minio_downloads/employee_190212125436.parquet -> @employee stage
[2026-07-04T14:43:21.978+0000] {logging_mixin.py:188} INFO - Uploaded /tmp/minio_downloads/employee_190212225797.parquet -> @employee stage
[2026-07-04T14:43:22.594+0000] {logging_mixin.py:188} INFO - Uploaded /tmp/minio_downloads/employee_190212309222.parquet -> @employee stage
[2026-07-04T14:43:23.201+0000] {logging_mixin.py:188} INFO - Uploaded /tmp/minio_downloads/employee_190212402085.parquet -> @employee stage
[2026-07-04T14:43:23.815+0000] {logging_mixin.py:188} INFO - Uploaded /tmp/minio_downloads/employee_190212488574.parquet -> @employee stage
[2026-07-04T14:43:24.435+0000] {logging_mixin.py:188} INFO - Uploaded /tmp/minio_downloads/employee_190212575002.parquet -> @employee stage
[2026-07-04T14:43:25.153+0000] {logging_mixin.py:188} INFO - Uploaded /tmp/minio_downloads/employee_190212717491.parquet -> @employee stage
[2026-07-04T14:43:25.722+0000] {logging_mixin.py:188} INFO - Uploaded /tmp/minio_downloads/employee_190212884957.parquet -> @employee stage
[2026-07-04T14:43:26.381+0000] {logging_mixin.py:188} INFO - Uploaded /tmp/minio_downloads/employee_190213000680.parquet -> @employee stage
[2026-07-04T14:43:26.990+0000] {logging_mixin.py:188} INFO - Uploaded /tmp/minio_downloads/employee_190213105531.parquet -> @employee stage
[2026-07-04T14:43:27.611+0000] {logging_mixin.py:188} INFO - Uploaded /tmp/minio_downloads/employee_190213267676.parquet -> @employee stage
[2026-07-04T14:43:28.177+0000] {logging_mixin.py:188} INFO - Uploaded /tmp/minio_downloads/employee_190213406443.parquet -> @employee stage
[2026-07-04T14:43:28.842+0000] {logging_mixin.py:188} INFO - Uploaded /tmp/minio_downloads/employee_190213526810.parquet -> @employee stage
[2026-07-04T14:43:29.553+0000] {logging_mixin.py:188} INFO - Uploaded /tmp/minio_downloads/employee_190213646342.parquet -> @employee stage
[2026-07-04T14:43:30.169+0000] {logging_mixin.py:188} INFO - Uploaded /tmp/minio_downloads/employee_190213827789.parquet -> @employee stage
[2026-07-04T14:43:30.784+0000] {logging_mixin.py:188} INFO - Uploaded /tmp/minio_downloads/employee_190213973566.parquet -> @employee stage
[2026-07-04T14:43:31.398+0000] {logging_mixin.py:188} INFO - Uploaded /tmp/minio_downloads/employee_190214089993.parquet -> @employee stage
[2026-07-04T14:43:32.013+0000] {logging_mixin.py:188} INFO - Uploaded /tmp/minio_downloads/employee_190214198610.parquet -> @employee stage
[2026-07-04T14:43:32.623+0000] {logging_mixin.py:188} INFO - Uploaded /tmp/minio_downloads/employee_190214301444.parquet -> @employee stage
[2026-07-04T14:43:33.242+0000] {logging_mixin.py:188} INFO - Uploaded /tmp/minio_downloads/employee_190214438690.parquet -> @employee stage
[2026-07-04T14:43:33.852+0000] {logging_mixin.py:188} INFO - Uploaded /tmp/minio_downloads/employee_190214554130.parquet -> @employee stage
[2026-07-04T14:43:34.473+0000] {logging_mixin.py:188} INFO - Uploaded /tmp/minio_downloads/employee_190214663705.parquet -> @employee stage
[2026-07-04T14:43:35.081+0000] {logging_mixin.py:188} INFO - Uploaded /tmp/minio_downloads/employee_190214773113.parquet -> @employee stage
[2026-07-04T14:43:35.701+0000] {logging_mixin.py:188} INFO - Uploaded /tmp/minio_downloads/employee_190214870295.parquet -> @employee stage
[2026-07-04T14:43:36.313+0000] {logging_mixin.py:188} INFO - Uploaded /tmp/minio_downloads/employee_190609068916.parquet -> @employee stage
[2026-07-04T14:43:36.928+0000] {logging_mixin.py:188} INFO - Uploaded /tmp/minio_downloads/employee_190609164336.parquet -> @employee stage
[2026-07-04T14:43:37.500+0000] {logging_mixin.py:188} INFO - Uploaded /tmp/minio_downloads/employee_190609257229.parquet -> @employee stage
[2026-07-04T14:43:38.151+0000] {logging_mixin.py:188} INFO - Uploaded /tmp/minio_downloads/employee_190609368070.parquet -> @employee stage
[2026-07-04T14:43:38.769+0000] {logging_mixin.py:188} INFO - Uploaded /tmp/minio_downloads/employee_190609465890.parquet -> @employee stage
[2026-07-04T14:43:39.381+0000] {logging_mixin.py:188} INFO - Uploaded /tmp/minio_downloads/employee_190609588596.parquet -> @employee stage
[2026-07-04T14:43:39.993+0000] {logging_mixin.py:188} INFO - Uploaded /tmp/minio_downloads/employee_190609757392.parquet -> @employee stage
[2026-07-04T14:43:40.610+0000] {logging_mixin.py:188} INFO - Uploaded /tmp/minio_downloads/employee_190609875181.parquet -> @employee stage
[2026-07-04T14:43:41.226+0000] {logging_mixin.py:188} INFO - Uploaded /tmp/minio_downloads/employee_190609979371.parquet -> @employee stage
[2026-07-04T14:43:41.842+0000] {logging_mixin.py:188} INFO - Uploaded /tmp/minio_downloads/employee_190610075138.parquet -> @employee stage
[2026-07-04T14:43:42.455+0000] {logging_mixin.py:188} INFO - Uploaded /tmp/minio_downloads/employee_190610209329.parquet -> @employee stage
[2026-07-04T14:43:43.071+0000] {logging_mixin.py:188} INFO - Uploaded /tmp/minio_downloads/employee_190610311274.parquet -> @employee stage
[2026-07-04T14:43:43.681+0000] {logging_mixin.py:188} INFO - Uploaded /tmp/minio_downloads/employee_190610404259.parquet -> @employee stage
[2026-07-04T14:43:44.299+0000] {logging_mixin.py:188} INFO - Uploaded /tmp/minio_downloads/employee_190610495018.parquet -> @employee stage
[2026-07-04T14:43:44.912+0000] {logging_mixin.py:188} INFO - Uploaded /tmp/minio_downloads/employee_190610585819.parquet -> @employee stage
[2026-07-04T14:43:45.427+0000] {logging_mixin.py:188} INFO - Uploaded /tmp/minio_downloads/employee_190610679953.parquet -> @employee stage
[2026-07-04T14:43:45.989+0000] {logging_mixin.py:188} INFO - Uploaded /tmp/minio_downloads/employee_190610769828.parquet -> @employee stage
[2026-07-04T14:43:46.545+0000] {logging_mixin.py:188} INFO - Uploaded /tmp/minio_downloads/employee_190610865292.parquet -> @employee stage
[2026-07-04T14:43:47.160+0000] {logging_mixin.py:188} INFO - Uploaded /tmp/minio_downloads/employee_190610935936.parquet -> @employee stage
[2026-07-04T14:43:47.671+0000] {logging_mixin.py:188} INFO - Uploaded /tmp/minio_downloads/employee_190611021823.parquet -> @employee stage
[2026-07-04T14:43:48.285+0000] {logging_mixin.py:188} INFO - Uploaded /tmp/minio_downloads/employee_190611130993.parquet -> @employee stage
[2026-07-04T14:43:48.900+0000] {logging_mixin.py:188} INFO - Uploaded /tmp/minio_downloads/employee_190611243062.parquet -> @employee stage
[2026-07-04T14:43:49.519+0000] {logging_mixin.py:188} INFO - Uploaded /tmp/minio_downloads/employee_190611320295.parquet -> @employee stage
[2026-07-04T14:43:50.135+0000] {logging_mixin.py:188} INFO - Uploaded /tmp/minio_downloads/employee_190611421932.parquet -> @employee stage
[2026-07-04T14:43:50.747+0000] {logging_mixin.py:188} INFO - Uploaded /tmp/minio_downloads/employee_190611509176.parquet -> @employee stage
[2026-07-04T14:43:51.358+0000] {logging_mixin.py:188} INFO - Uploaded /tmp/minio_downloads/employee_190611588666.parquet -> @employee stage
[2026-07-04T14:43:51.974+0000] {logging_mixin.py:188} INFO - Uploaded /tmp/minio_downloads/employee_190611680672.parquet -> @employee stage
[2026-07-04T14:43:52.592+0000] {logging_mixin.py:188} INFO - Uploaded /tmp/minio_downloads/employee_190611776485.parquet -> @employee stage
[2026-07-04T14:43:53.156+0000] {logging_mixin.py:188} INFO - Uploaded /tmp/minio_downloads/employee_190611890133.parquet -> @employee stage
[2026-07-04T14:43:53.820+0000] {logging_mixin.py:188} INFO - Uploaded /tmp/minio_downloads/employee_190612087882.parquet -> @employee stage
[2026-07-04T14:44:15.937+0000] {logging_mixin.py:188} INFO - Uploaded /tmp/minio_downloads/employee_190612202315.parquet -> @employee stage
[2026-07-04T14:44:16.502+0000] {logging_mixin.py:188} INFO - Uploaded /tmp/minio_downloads/employee_190612289535.parquet -> @employee stage
[2026-07-04T14:44:17.024+0000] {logging_mixin.py:188} INFO - Uploaded /tmp/minio_downloads/employee_190612371758.parquet -> @employee stage
[2026-07-04T14:44:17.684+0000] {logging_mixin.py:188} INFO - Uploaded /tmp/minio_downloads/employee_190612489381.parquet -> @employee stage
[2026-07-04T14:44:18.190+0000] {logging_mixin.py:188} INFO - Uploaded /tmp/minio_downloads/employee_190612588988.parquet -> @employee stage
[2026-07-04T14:44:18.804+0000] {logging_mixin.py:188} INFO - Uploaded /tmp/minio_downloads/employee_190612691700.parquet -> @employee stage
[2026-07-04T14:44:19.419+0000] {logging_mixin.py:188} INFO - Uploaded /tmp/minio_downloads/employee_190612779692.parquet -> @employee stage
[2026-07-04T14:44:20.039+0000] {logging_mixin.py:188} INFO - Uploaded /tmp/minio_downloads/employee_190612879344.parquet -> @employee stage
[2026-07-04T14:44:20.649+0000] {logging_mixin.py:188} INFO - Uploaded /tmp/minio_downloads/employee_190612999426.parquet -> @employee stage
[2026-07-04T14:44:21.263+0000] {logging_mixin.py:188} INFO - Uploaded /tmp/minio_downloads/employee_190613104338.parquet -> @employee stage
[2026-07-04T14:44:21.878+0000] {logging_mixin.py:188} INFO - Uploaded /tmp/minio_downloads/employee_190613214153.parquet -> @employee stage
[2026-07-04T14:44:22.452+0000] {logging_mixin.py:188} INFO - Uploaded /tmp/minio_downloads/employee_190613337805.parquet -> @employee stage
[2026-07-04T14:44:23.019+0000] {logging_mixin.py:188} INFO - Uploaded /tmp/minio_downloads/employee_190613485580.parquet -> @employee stage
[2026-07-04T14:44:23.621+0000] {logging_mixin.py:188} INFO - Uploaded /tmp/minio_downloads/employee_190613618456.parquet -> @employee stage
[2026-07-04T14:44:24.336+0000] {logging_mixin.py:188} INFO - Uploaded /tmp/minio_downloads/employee_190613740939.parquet -> @employee stage
[2026-07-04T14:44:24.953+0000] {logging_mixin.py:188} INFO - Uploaded /tmp/minio_downloads/employee_190613887482.parquet -> @employee stage
[2026-07-04T14:44:25.615+0000] {logging_mixin.py:188} INFO - Uploaded /tmp/minio_downloads/employee_190614010671.parquet -> @employee stage
[2026-07-04T14:44:26.284+0000] {logging_mixin.py:188} INFO - Uploaded /tmp/minio_downloads/employee_190614140144.parquet -> @employee stage
[2026-07-04T14:44:26.899+0000] {logging_mixin.py:188} INFO - Uploaded /tmp/minio_downloads/employee_190614256125.parquet -> @employee stage
[2026-07-04T14:44:27.718+0000] {logging_mixin.py:188} INFO - Uploaded /tmp/minio_downloads/employee_190614519659.parquet -> @employee stage
[2026-07-04T14:44:28.435+0000] {logging_mixin.py:188} INFO - Uploaded /tmp/minio_downloads/employee_190614675125.parquet -> @employee stage
[2026-07-04T14:44:29.002+0000] {logging_mixin.py:188} INFO - Uploaded /tmp/minio_downloads/employee_190614826085.parquet -> @employee stage
[2026-07-04T14:44:29.661+0000] {logging_mixin.py:188} INFO - Uploaded /tmp/minio_downloads/employee_190614972401.parquet -> @employee stage
[2026-07-04T14:44:30.483+0000] {logging_mixin.py:188} INFO - Uploaded /tmp/minio_downloads/employee_190615101982.parquet -> @employee stage
[2026-07-04T14:44:31.095+0000] {logging_mixin.py:188} INFO - Uploaded /tmp/minio_downloads/employee_190615254954.parquet -> @employee stage
[2026-07-04T14:44:31.711+0000] {logging_mixin.py:188} INFO - Uploaded /tmp/minio_downloads/employee_190615392514.parquet -> @employee stage
[2026-07-04T14:44:32.329+0000] {logging_mixin.py:188} INFO - Uploaded /tmp/minio_downloads/employee_190615530921.parquet -> @employee stage
[2026-07-04T14:44:33.289+0000] {logging_mixin.py:188} INFO - Uploaded /tmp/minio_downloads/employee_190615677968.parquet -> @employee stage
[2026-07-04T14:44:33.916+0000] {logging_mixin.py:188} INFO - Uploaded /tmp/minio_downloads/employee_190615807847.parquet -> @employee stage
[2026-07-04T14:44:34.534+0000] {logging_mixin.py:188} INFO - Uploaded /tmp/minio_downloads/employee_190616191764.parquet -> @employee stage
[2026-07-04T14:44:35.154+0000] {logging_mixin.py:188} INFO - Uploaded /tmp/minio_downloads/employee_190616326176.parquet -> @employee stage
[2026-07-04T14:44:36.011+0000] {logging_mixin.py:188} INFO - Uploaded /tmp/minio_downloads/employee_190616453612.parquet -> @employee stage
[2026-07-04T14:44:36.978+0000] {logging_mixin.py:188} INFO - Uploaded /tmp/minio_downloads/employee_190616585041.parquet -> @employee stage
[2026-07-04T14:44:37.649+0000] {logging_mixin.py:188} INFO - Uploaded /tmp/minio_downloads/employee_190616711392.parquet -> @employee stage
[2026-07-04T14:44:38.470+0000] {logging_mixin.py:188} INFO - Uploaded /tmp/minio_downloads/employee_190616825763.parquet -> @employee stage
[2026-07-04T14:44:39.287+0000] {logging_mixin.py:188} INFO - Uploaded /tmp/minio_downloads/employee_190616941207.parquet -> @employee stage
[2026-07-04T14:44:40.212+0000] {logging_mixin.py:188} INFO - Uploaded /tmp/minio_downloads/employee_190617058578.parquet -> @employee stage
[2026-07-04T14:44:40.930+0000] {logging_mixin.py:188} INFO - Uploaded /tmp/minio_downloads/employee_190617275634.parquet -> @employee stage
[2026-07-04T14:44:41.749+0000] {logging_mixin.py:188} INFO - Uploaded /tmp/minio_downloads/employee_190617497577.parquet -> @employee stage
[2026-07-04T14:44:42.463+0000] {logging_mixin.py:188} INFO - Uploaded /tmp/minio_downloads/employee_190617623320.parquet -> @employee stage
[2026-07-04T14:44:43.181+0000] {logging_mixin.py:188} INFO - Uploaded /tmp/minio_downloads/employee_190617757205.parquet -> @employee stage
[2026-07-04T14:44:43.794+0000] {logging_mixin.py:188} INFO - Uploaded /tmp/minio_downloads/employee_190617894376.parquet -> @employee stage
[2026-07-04T14:44:44.512+0000] {logging_mixin.py:188} INFO - Uploaded /tmp/minio_downloads/employee_190618018533.parquet -> @employee stage
[2026-07-04T14:44:45.228+0000] {logging_mixin.py:188} INFO - Uploaded /tmp/minio_downloads/employee_190618142807.parquet -> @employee stage
[2026-07-04T14:44:45.839+0000] {logging_mixin.py:188} INFO - Uploaded /tmp/minio_downloads/employee_190618259580.parquet -> @employee stage
[2026-07-04T14:44:46.455+0000] {logging_mixin.py:188} INFO - Uploaded /tmp/minio_downloads/employee_190618368173.parquet -> @employee stage
[2026-07-04T14:44:47.067+0000] {logging_mixin.py:188} INFO - Uploaded /tmp/minio_downloads/employee_190618468366.parquet -> @employee stage
[2026-07-04T14:44:47.684+0000] {logging_mixin.py:188} INFO - Uploaded /tmp/minio_downloads/employee_190618604675.parquet -> @employee stage
[2026-07-04T14:44:48.501+0000] {logging_mixin.py:188} INFO - Uploaded /tmp/minio_downloads/employee_190618724017.parquet -> @employee stage
[2026-07-04T14:44:49.121+0000] {logging_mixin.py:188} INFO - Uploaded /tmp/minio_downloads/employee_190618889887.parquet -> @employee stage
[2026-07-04T14:44:49.832+0000] {logging_mixin.py:188} INFO - Uploaded /tmp/minio_downloads/employee_190619002185.parquet -> @employee stage
[2026-07-04T14:44:50.345+0000] {logging_mixin.py:188} INFO - Uploaded /tmp/minio_downloads/employee_190619102055.parquet -> @employee stage
[2026-07-04T14:44:50.962+0000] {logging_mixin.py:188} INFO - Uploaded /tmp/minio_downloads/employee_190619306194.parquet -> @employee stage
[2026-07-04T14:44:51.577+0000] {logging_mixin.py:188} INFO - Uploaded /tmp/minio_downloads/employee_190619424488.parquet -> @employee stage
[2026-07-04T14:44:52.190+0000] {logging_mixin.py:188} INFO - Uploaded /tmp/minio_downloads/employee_190619535990.parquet -> @employee stage
[2026-07-04T14:44:52.806+0000] {logging_mixin.py:188} INFO - Uploaded /tmp/minio_downloads/employee_190619645653.parquet -> @employee stage
[2026-07-04T14:44:53.420+0000] {logging_mixin.py:188} INFO - Uploaded /tmp/minio_downloads/employee_190619800658.parquet -> @employee stage
[2026-07-04T14:44:54.034+0000] {logging_mixin.py:188} INFO - Uploaded /tmp/minio_downloads/employee_190619962333.parquet -> @employee stage
[2026-07-04T14:44:54.646+0000] {logging_mixin.py:188} INFO - Uploaded /tmp/minio_downloads/employee_190620144226.parquet -> @employee stage
[2026-07-04T14:44:55.261+0000] {logging_mixin.py:188} INFO - Uploaded /tmp/minio_downloads/employee_190620259752.parquet -> @employee stage
[2026-07-04T14:44:55.876+0000] {logging_mixin.py:188} INFO - Uploaded /tmp/minio_downloads/employee_190620382892.parquet -> @employee stage
[2026-07-04T14:44:56.492+0000] {logging_mixin.py:188} INFO - Uploaded /tmp/minio_downloads/employee_190620486697.parquet -> @employee stage
[2026-07-04T14:44:57.105+0000] {logging_mixin.py:188} INFO - Uploaded /tmp/minio_downloads/employee_190620584458.parquet -> @employee stage
[2026-07-04T14:44:57.688+0000] {logging_mixin.py:188} INFO - Uploaded /tmp/minio_downloads/employee_190620728818.parquet -> @employee stage
[2026-07-04T14:44:58.338+0000] {logging_mixin.py:188} INFO - Uploaded /tmp/minio_downloads/employee_190620831743.parquet -> @employee stage
[2026-07-04T14:44:58.951+0000] {logging_mixin.py:188} INFO - Uploaded /tmp/minio_downloads/employee_190620935651.parquet -> @employee stage
[2026-07-04T14:44:59.561+0000] {logging_mixin.py:188} INFO - Uploaded /tmp/minio_downloads/employee_190621012768.parquet -> @employee stage
[2026-07-04T14:45:00.180+0000] {logging_mixin.py:188} INFO - Uploaded /tmp/minio_downloads/employee_190621160018.parquet -> @employee stage
[2026-07-04T14:45:00.796+0000] {logging_mixin.py:188} INFO - Uploaded /tmp/minio_downloads/employee_190621279431.parquet -> @employee stage
[2026-07-04T14:45:01.406+0000] {logging_mixin.py:188} INFO - Uploaded /tmp/minio_downloads/employee_190621423838.parquet -> @employee stage
[2026-07-04T14:45:02.019+0000] {logging_mixin.py:188} INFO - Uploaded /tmp/minio_downloads/employee_190621517533.parquet -> @employee stage
[2026-07-04T14:45:02.838+0000] {logging_mixin.py:188} INFO - Uploaded /tmp/minio_downloads/employee_190621628879.parquet -> @employee stage
[2026-07-04T14:45:03.454+0000] {logging_mixin.py:188} INFO - Uploaded /tmp/minio_downloads/employee_190621756006.parquet -> @employee stage
[2026-07-04T14:45:04.069+0000] {logging_mixin.py:188} INFO - Uploaded /tmp/minio_downloads/employee_190621866561.parquet -> @employee stage
[2026-07-04T14:45:04.687+0000] {logging_mixin.py:188} INFO - Uploaded /tmp/minio_downloads/employee_190621947817.parquet -> @employee stage
[2026-07-04T14:45:05.298+0000] {logging_mixin.py:188} INFO - Uploaded /tmp/minio_downloads/employee_190622031553.parquet -> @employee stage
[2026-07-04T14:45:05.913+0000] {logging_mixin.py:188} INFO - Uploaded /tmp/minio_downloads/employee_190622113177.parquet -> @employee stage
[2026-07-04T14:45:06.632+0000] {logging_mixin.py:188} INFO - Uploaded /tmp/minio_downloads/employee_190622219191.parquet -> @employee stage
[2026-07-04T14:45:07.246+0000] {logging_mixin.py:188} INFO - Uploaded /tmp/minio_downloads/employee_190622332318.parquet -> @employee stage
[2026-07-04T14:45:07.769+0000] {logging_mixin.py:188} INFO - Uploaded /tmp/minio_downloads/employee_190622418874.parquet -> @employee stage
[2026-07-04T14:45:08.367+0000] {logging_mixin.py:188} INFO - Uploaded /tmp/minio_downloads/employee_190622493919.parquet -> @employee stage
[2026-07-04T14:45:08.984+0000] {logging_mixin.py:188} INFO - Uploaded /tmp/minio_downloads/employee_190622577081.parquet -> @employee stage
[2026-07-04T14:45:09.594+0000] {logging_mixin.py:188} INFO - Uploaded /tmp/minio_downloads/employee_190622683463.parquet -> @employee stage
[2026-07-04T14:45:10.210+0000] {logging_mixin.py:188} INFO - Uploaded /tmp/minio_downloads/employee_190622771515.parquet -> @employee stage
[2026-07-04T14:45:10.823+0000] {logging_mixin.py:188} INFO - Uploaded /tmp/minio_downloads/employee_190622868702.parquet -> @employee stage
[2026-07-04T14:45:11.438+0000] {logging_mixin.py:188} INFO - Uploaded /tmp/minio_downloads/employee_190622977348.parquet -> @employee stage
[2026-07-04T14:45:11.981+0000] {logging_mixin.py:188} INFO - Uploaded /tmp/minio_downloads/employee_190623079173.parquet -> @employee stage
[2026-07-04T14:45:12.672+0000] {logging_mixin.py:188} INFO - Uploaded /tmp/minio_downloads/employee_190623182845.parquet -> @employee stage
[2026-07-04T14:45:13.384+0000] {logging_mixin.py:188} INFO - Uploaded /tmp/minio_downloads/employee_190623259637.parquet -> @employee stage
[2026-07-04T14:45:13.999+0000] {logging_mixin.py:188} INFO - Uploaded /tmp/minio_downloads/employee_190623356343.parquet -> @employee stage
[2026-07-04T14:45:14.616+0000] {logging_mixin.py:188} INFO - Uploaded /tmp/minio_downloads/employee_190623425664.parquet -> @employee stage
[2026-07-04T14:45:15.230+0000] {logging_mixin.py:188} INFO - Uploaded /tmp/minio_downloads/employee_190623523240.parquet -> @employee stage
[2026-07-04T14:45:15.840+0000] {logging_mixin.py:188} INFO - Uploaded /tmp/minio_downloads/employee_190623626711.parquet -> @employee stage
[2026-07-04T14:45:16.361+0000] {logging_mixin.py:188} INFO - Uploaded /tmp/minio_downloads/employee_190623708994.parquet -> @employee stage
[2026-07-04T14:45:16.970+0000] {logging_mixin.py:188} INFO - Uploaded /tmp/minio_downloads/employee_190623811139.parquet -> @employee stage
[2026-07-04T14:45:17.585+0000] {logging_mixin.py:188} INFO - Uploaded /tmp/minio_downloads/employee_190623910152.parquet -> @employee stage
[2026-07-04T14:45:18.197+0000] {logging_mixin.py:188} INFO - Uploaded /tmp/minio_downloads/employee_190624014805.parquet -> @employee stage
[2026-07-04T14:45:18.811+0000] {logging_mixin.py:188} INFO - Uploaded /tmp/minio_downloads/employee_190624140657.parquet -> @employee stage
[2026-07-04T14:45:19.429+0000] {logging_mixin.py:188} INFO - Uploaded /tmp/minio_downloads/employee_190624267985.parquet -> @employee stage
[2026-07-04T14:45:20.146+0000] {logging_mixin.py:188} INFO - Uploaded /tmp/minio_downloads/employee_190624401724.parquet -> @employee stage
[2026-07-04T14:45:20.760+0000] {logging_mixin.py:188} INFO - Uploaded /tmp/minio_downloads/employee_190625347398.parquet -> @employee stage
[2026-07-04T14:45:21.371+0000] {logging_mixin.py:188} INFO - Uploaded /tmp/minio_downloads/employee_190625447894.parquet -> @employee stage
[2026-07-04T14:45:21.990+0000] {logging_mixin.py:188} INFO - Uploaded /tmp/minio_downloads/employee_190625532001.parquet -> @employee stage
[2026-07-04T14:45:22.604+0000] {logging_mixin.py:188} INFO - Uploaded /tmp/minio_downloads/employee_190625620124.parquet -> @employee stage
[2026-07-04T14:45:23.218+0000] {logging_mixin.py:188} INFO - Uploaded /tmp/minio_downloads/employee_190625713279.parquet -> @employee stage
[2026-07-04T14:45:23.938+0000] {logging_mixin.py:188} INFO - Uploaded /tmp/minio_downloads/employee_190625809379.parquet -> @employee stage
[2026-07-04T14:45:24.602+0000] {logging_mixin.py:188} INFO - Uploaded /tmp/minio_downloads/employee_190625919263.parquet -> @employee stage
[2026-07-04T14:45:25.228+0000] {logging_mixin.py:188} INFO - Uploaded /tmp/minio_downloads/employee_190626106080.parquet -> @employee stage
[2026-07-04T14:45:25.885+0000] {logging_mixin.py:188} INFO - Uploaded /tmp/minio_downloads/employee_190626254738.parquet -> @employee stage
[2026-07-04T14:45:26.497+0000] {logging_mixin.py:188} INFO - Uploaded /tmp/minio_downloads/employee_190626386121.parquet -> @employee stage
[2026-07-04T14:45:27.215+0000] {logging_mixin.py:188} INFO - Uploaded /tmp/minio_downloads/employee_190626516002.parquet -> @employee stage
[2026-07-04T14:45:27.931+0000] {logging_mixin.py:188} INFO - Uploaded /tmp/minio_downloads/employee_190626675076.parquet -> @employee stage
[2026-07-04T14:45:28.545+0000] {logging_mixin.py:188} INFO - Uploaded /tmp/minio_downloads/employee_190626834403.parquet -> @employee stage
[2026-07-04T14:45:29.162+0000] {logging_mixin.py:188} INFO - Uploaded /tmp/minio_downloads/employee_190626979101.parquet -> @employee stage
[2026-07-04T14:45:29.775+0000] {logging_mixin.py:188} INFO - Uploaded /tmp/minio_downloads/employee_190627134800.parquet -> @employee stage
[2026-07-04T14:45:30.491+0000] {logging_mixin.py:188} INFO - Uploaded /tmp/minio_downloads/employee_190627275662.parquet -> @employee stage
[2026-07-04T14:45:31.210+0000] {logging_mixin.py:188} INFO - Uploaded /tmp/minio_downloads/employee_190627388618.parquet -> @employee stage
[2026-07-04T14:45:31.822+0000] {logging_mixin.py:188} INFO - Uploaded /tmp/minio_downloads/employee_190627513112.parquet -> @employee stage
[2026-07-04T14:45:32.432+0000] {logging_mixin.py:188} INFO - Uploaded /tmp/minio_downloads/employee_190627665207.parquet -> @employee stage
[2026-07-04T14:45:33.048+0000] {logging_mixin.py:188} INFO - Uploaded /tmp/minio_downloads/employee_190627804935.parquet -> @employee stage
[2026-07-04T14:45:33.768+0000] {logging_mixin.py:188} INFO - Uploaded /tmp/minio_downloads/employee_190627932537.parquet -> @employee stage
[2026-07-04T14:45:34.394+0000] {logging_mixin.py:188} INFO - Uploaded /tmp/minio_downloads/employee_190628048686.parquet -> @employee stage
[2026-07-04T14:45:34.998+0000] {logging_mixin.py:188} INFO - Uploaded /tmp/minio_downloads/employee_190628176925.parquet -> @employee stage
[2026-07-04T14:45:35.608+0000] {logging_mixin.py:188} INFO - Uploaded /tmp/minio_downloads/employee_190628273776.parquet -> @employee stage
[2026-07-04T14:45:36.227+0000] {logging_mixin.py:188} INFO - Uploaded /tmp/minio_downloads/employee_190628378971.parquet -> @employee stage
[2026-07-04T14:45:36.835+0000] {logging_mixin.py:188} INFO - Uploaded /tmp/minio_downloads/employee_190628498739.parquet -> @employee stage
[2026-07-04T14:45:37.451+0000] {logging_mixin.py:188} INFO - Uploaded /tmp/minio_downloads/employee_190628627572.parquet -> @employee stage
[2026-07-04T14:45:38.067+0000] {logging_mixin.py:188} INFO - Uploaded /tmp/minio_downloads/employee_190628813810.parquet -> @employee stage
[2026-07-04T14:45:38.782+0000] {logging_mixin.py:188} INFO - Uploaded /tmp/minio_downloads/employee_190628932788.parquet -> @employee stage
[2026-07-04T14:45:39.494+0000] {logging_mixin.py:188} INFO - Uploaded /tmp/minio_downloads/employee_190629084349.parquet -> @employee stage
[2026-07-04T14:45:40.114+0000] {logging_mixin.py:188} INFO - Uploaded /tmp/minio_downloads/employee_190629233563.parquet -> @employee stage
[2026-07-04T14:45:40.726+0000] {logging_mixin.py:188} INFO - Uploaded /tmp/minio_downloads/employee_190629342203.parquet -> @employee stage
[2026-07-04T14:45:41.343+0000] {logging_mixin.py:188} INFO - Uploaded /tmp/minio_downloads/employee_190629477213.parquet -> @employee stage
[2026-07-04T14:45:41.952+0000] {logging_mixin.py:188} INFO - Uploaded /tmp/minio_downloads/employee_190629595009.parquet -> @employee stage
[2026-07-04T14:45:42.572+0000] {logging_mixin.py:188} INFO - Uploaded /tmp/minio_downloads/employee_190629695413.parquet -> @employee stage
[2026-07-04T14:45:43.288+0000] {logging_mixin.py:188} INFO - Uploaded /tmp/minio_downloads/employee_190629790471.parquet -> @employee stage
[2026-07-04T14:45:44.005+0000] {logging_mixin.py:188} INFO - Uploaded /tmp/minio_downloads/employee_190629893642.parquet -> @employee stage
[2026-07-04T14:45:44.927+0000] {logging_mixin.py:188} INFO - Uploaded /tmp/minio_downloads/employee_190630014435.parquet -> @employee stage
[2026-07-04T14:45:45.646+0000] {logging_mixin.py:188} INFO - Uploaded /tmp/minio_downloads/employee_190630166878.parquet -> @employee stage
[2026-07-04T14:45:46.257+0000] {logging_mixin.py:188} INFO - Uploaded /tmp/minio_downloads/employee_190630294790.parquet -> @employee stage
[2026-07-04T14:45:46.873+0000] {logging_mixin.py:188} INFO - Uploaded /tmp/minio_downloads/employee_190630409027.parquet -> @employee stage
[2026-07-04T14:45:47.587+0000] {logging_mixin.py:188} INFO - Uploaded /tmp/minio_downloads/employee_190630539114.parquet -> @employee stage
[2026-07-04T14:45:48.201+0000] {logging_mixin.py:188} INFO - Uploaded /tmp/minio_downloads/employee_190630659079.parquet -> @employee stage
[2026-07-04T14:45:48.718+0000] {logging_mixin.py:188} INFO - Uploaded /tmp/minio_downloads/employee_190630762021.parquet -> @employee stage
[2026-07-04T14:45:49.231+0000] {logging_mixin.py:188} INFO - Uploaded /tmp/minio_downloads/employee_190630881566.parquet -> @employee stage
[2026-07-04T14:45:49.844+0000] {logging_mixin.py:188} INFO - Uploaded /tmp/minio_downloads/employee_190631000334.parquet -> @employee stage
[2026-07-04T14:45:50.558+0000] {logging_mixin.py:188} INFO - Uploaded /tmp/minio_downloads/employee_190631106733.parquet -> @employee stage
[2026-07-04T14:45:51.175+0000] {logging_mixin.py:188} INFO - Uploaded /tmp/minio_downloads/employee_190631225231.parquet -> @employee stage
[2026-07-04T14:45:51.892+0000] {logging_mixin.py:188} INFO - Uploaded /tmp/minio_downloads/employee_190631369327.parquet -> @employee stage
[2026-07-04T14:45:52.604+0000] {logging_mixin.py:188} INFO - Uploaded /tmp/minio_downloads/employee_190631472057.parquet -> @employee stage
[2026-07-04T14:45:53.224+0000] {logging_mixin.py:188} INFO - Uploaded /tmp/minio_downloads/employee_190631647969.parquet -> @employee stage
[2026-07-04T14:45:53.833+0000] {logging_mixin.py:188} INFO - Uploaded /tmp/minio_downloads/employee_190631796993.parquet -> @employee stage
[2026-07-04T14:45:54.447+0000] {logging_mixin.py:188} INFO - Uploaded /tmp/minio_downloads/employee_190631940653.parquet -> @employee stage
[2026-07-04T14:45:55.067+0000] {logging_mixin.py:188} INFO - Uploaded /tmp/minio_downloads/employee_190632036714.parquet -> @employee stage
[2026-07-04T14:45:55.681+0000] {logging_mixin.py:188} INFO - Uploaded /tmp/minio_downloads/employee_190632143671.parquet -> @employee stage
[2026-07-04T14:45:56.295+0000] {logging_mixin.py:188} INFO - Uploaded /tmp/minio_downloads/employee_190632235684.parquet -> @employee stage
[2026-07-04T14:45:57.008+0000] {logging_mixin.py:188} INFO - Uploaded /tmp/minio_downloads/employee_190632342832.parquet -> @employee stage
[2026-07-04T14:45:57.624+0000] {logging_mixin.py:188} INFO - Uploaded /tmp/minio_downloads/employee_190632442766.parquet -> @employee stage
[2026-07-04T14:45:58.242+0000] {logging_mixin.py:188} INFO - Uploaded /tmp/minio_downloads/employee_190632537000.parquet -> @employee stage
[2026-07-04T14:45:58.820+0000] {logging_mixin.py:188} INFO - Uploaded /tmp/minio_downloads/employee_190632624357.parquet -> @employee stage
[2026-07-04T14:45:59.341+0000] {logging_mixin.py:188} INFO - Uploaded /tmp/minio_downloads/employee_190632741802.parquet -> @employee stage
[2026-07-04T14:45:59.980+0000] {logging_mixin.py:188} INFO - Uploaded /tmp/minio_downloads/employee_190632857235.parquet -> @employee stage
[2026-07-04T14:46:00.603+0000] {logging_mixin.py:188} INFO - Uploaded /tmp/minio_downloads/employee_190633011919.parquet -> @employee stage
[2026-07-04T14:46:01.186+0000] {logging_mixin.py:188} INFO - Uploaded /tmp/minio_downloads/employee_190633127116.parquet -> @employee stage
[2026-07-04T14:46:01.821+0000] {logging_mixin.py:188} INFO - Uploaded /tmp/minio_downloads/employee_190633239317.parquet -> @employee stage
[2026-07-04T14:46:02.436+0000] {logging_mixin.py:188} INFO - Uploaded /tmp/minio_downloads/employee_190633373336.parquet -> @employee stage
[2026-07-04T14:46:03.049+0000] {logging_mixin.py:188} INFO - Uploaded /tmp/minio_downloads/employee_190633488211.parquet -> @employee stage
[2026-07-04T14:46:03.676+0000] {logging_mixin.py:188} INFO - Uploaded /tmp/minio_downloads/employee_190633616443.parquet -> @employee stage
[2026-07-04T14:46:04.385+0000] {logging_mixin.py:188} INFO - Uploaded /tmp/minio_downloads/employee_190633783010.parquet -> @employee stage
[2026-07-04T14:46:05.099+0000] {logging_mixin.py:188} INFO - Uploaded /tmp/minio_downloads/employee_190633950029.parquet -> @employee stage
[2026-07-04T14:46:05.718+0000] {logging_mixin.py:188} INFO - Uploaded /tmp/minio_downloads/employee_190634079643.parquet -> @employee stage
[2026-07-04T14:46:06.433+0000] {logging_mixin.py:188} INFO - Uploaded /tmp/minio_downloads/employee_190634227341.parquet -> @employee stage
[2026-07-04T14:46:07.051+0000] {logging_mixin.py:188} INFO - Uploaded /tmp/minio_downloads/employee_190634368650.parquet -> @employee stage
[2026-07-04T14:46:07.765+0000] {logging_mixin.py:188} INFO - Uploaded /tmp/minio_downloads/employee_190634488859.parquet -> @employee stage
[2026-07-04T14:46:08.387+0000] {logging_mixin.py:188} INFO - Uploaded /tmp/minio_downloads/employee_190634611672.parquet -> @employee stage
[2026-07-04T14:46:08.916+0000] {logging_mixin.py:188} INFO - Uploaded /tmp/minio_downloads/employee_190634724645.parquet -> @employee stage
[2026-07-04T14:46:09.604+0000] {logging_mixin.py:188} INFO - Uploaded /tmp/minio_downloads/employee_190634852510.parquet -> @employee stage
[2026-07-04T14:46:10.219+0000] {logging_mixin.py:188} INFO - Uploaded /tmp/minio_downloads/employee_190635006639.parquet -> @employee stage
[2026-07-04T14:46:10.933+0000] {logging_mixin.py:188} INFO - Uploaded /tmp/minio_downloads/employee_190635120846.parquet -> @employee stage
[2026-07-04T14:46:11.651+0000] {logging_mixin.py:188} INFO - Uploaded /tmp/minio_downloads/employee_190635216090.parquet -> @employee stage
[2026-07-04T14:46:12.265+0000] {logging_mixin.py:188} INFO - Uploaded /tmp/minio_downloads/employee_190635331536.parquet -> @employee stage
[2026-07-04T14:46:13.802+0000] {logging_mixin.py:188} INFO - Uploaded /tmp/minio_downloads/employee_190635445073.parquet -> @employee stage
[2026-07-04T14:46:14.419+0000] {logging_mixin.py:188} INFO - Uploaded /tmp/minio_downloads/employee_190635566670.parquet -> @employee stage
[2026-07-04T14:46:14.989+0000] {logging_mixin.py:188} INFO - Uploaded /tmp/minio_downloads/employee_190635687268.parquet -> @employee stage
[2026-07-04T14:46:15.644+0000] {logging_mixin.py:188} INFO - Uploaded /tmp/minio_downloads/employee_190635787567.parquet -> @employee stage
[2026-07-04T14:46:16.257+0000] {logging_mixin.py:188} INFO - Uploaded /tmp/minio_downloads/employee_190635883210.parquet -> @employee stage
[2026-07-04T14:46:16.880+0000] {logging_mixin.py:188} INFO - Uploaded /tmp/minio_downloads/employee_190635974057.parquet -> @employee stage
[2026-07-04T14:46:17.491+0000] {logging_mixin.py:188} INFO - Uploaded /tmp/minio_downloads/employee_190636056502.parquet -> @employee stage
[2026-07-04T14:46:18.108+0000] {logging_mixin.py:188} INFO - Uploaded /tmp/minio_downloads/employee_190636251846.parquet -> @employee stage
[2026-07-04T14:46:19.007+0000] {logging_mixin.py:188} INFO - Uploaded /tmp/minio_downloads/employee_190636349810.parquet -> @employee stage
[2026-07-04T14:46:19.644+0000] {logging_mixin.py:188} INFO - Uploaded /tmp/minio_downloads/employee_190636467710.parquet -> @employee stage
[2026-07-04T14:46:20.256+0000] {logging_mixin.py:188} INFO - Uploaded /tmp/minio_downloads/employee_190636572384.parquet -> @employee stage
[2026-07-04T14:46:20.868+0000] {logging_mixin.py:188} INFO - Uploaded /tmp/minio_downloads/employee_190636686638.parquet -> @employee stage
[2026-07-04T14:46:21.481+0000] {logging_mixin.py:188} INFO - Uploaded /tmp/minio_downloads/employee_190636786453.parquet -> @employee stage
[2026-07-04T14:46:22.097+0000] {logging_mixin.py:188} INFO - Uploaded /tmp/minio_downloads/employee_190636887858.parquet -> @employee stage
[2026-07-04T14:46:22.714+0000] {logging_mixin.py:188} INFO - Uploaded /tmp/minio_downloads/employee_190636981236.parquet -> @employee stage
[2026-07-04T14:46:23.324+0000] {logging_mixin.py:188} INFO - Uploaded /tmp/minio_downloads/employee_190637104437.parquet -> @employee stage
[2026-07-04T14:46:23.938+0000] {logging_mixin.py:188} INFO - Uploaded /tmp/minio_downloads/employee_190637204769.parquet -> @employee stage
[2026-07-04T14:46:24.553+0000] {logging_mixin.py:188} INFO - Uploaded /tmp/minio_downloads/employee_190637297549.parquet -> @employee stage
[2026-07-04T14:46:25.785+0000] {logging_mixin.py:188} INFO - Uploaded /tmp/minio_downloads/employee_190637441787.parquet -> @employee stage
[2026-07-04T14:46:26.397+0000] {logging_mixin.py:188} INFO - Uploaded /tmp/minio_downloads/employee_190637570307.parquet -> @employee stage
[2026-07-04T14:46:27.018+0000] {logging_mixin.py:188} INFO - Uploaded /tmp/minio_downloads/employee_190637676330.parquet -> @employee stage
[2026-07-04T14:46:27.625+0000] {logging_mixin.py:188} INFO - Uploaded /tmp/minio_downloads/employee_190637818348.parquet -> @employee stage
[2026-07-04T14:46:28.246+0000] {logging_mixin.py:188} INFO - Uploaded /tmp/minio_downloads/employee_190637930507.parquet -> @employee stage
[2026-07-04T14:46:28.788+0000] {logging_mixin.py:188} INFO - Uploaded /tmp/minio_downloads/employee_190638017006.parquet -> @employee stage
[2026-07-04T14:46:29.476+0000] {logging_mixin.py:188} INFO - Uploaded /tmp/minio_downloads/employee_190638101762.parquet -> @employee stage
[2026-07-04T14:46:30.086+0000] {logging_mixin.py:188} INFO - Uploaded /tmp/minio_downloads/employee_190638201275.parquet -> @employee stage
[2026-07-04T14:46:30.698+0000] {logging_mixin.py:188} INFO - Uploaded /tmp/minio_downloads/employee_190638299821.parquet -> @employee stage
[2026-07-04T14:46:31.315+0000] {logging_mixin.py:188} INFO - Uploaded /tmp/minio_downloads/employee_190638405675.parquet -> @employee stage
[2026-07-04T14:46:31.933+0000] {logging_mixin.py:188} INFO - Uploaded /tmp/minio_downloads/employee_190638480039.parquet -> @employee stage
[2026-07-04T14:46:32.646+0000] {logging_mixin.py:188} INFO - Uploaded /tmp/minio_downloads/employee_190638563512.parquet -> @employee stage
[2026-07-04T14:46:33.264+0000] {logging_mixin.py:188} INFO - Uploaded /tmp/minio_downloads/employee_190638645414.parquet -> @employee stage
[2026-07-04T14:46:33.982+0000] {logging_mixin.py:188} INFO - Uploaded /tmp/minio_downloads/employee_190638727750.parquet -> @employee stage
[2026-07-04T14:46:34.596+0000] {logging_mixin.py:188} INFO - Uploaded /tmp/minio_downloads/employee_190638818109.parquet -> @employee stage
[2026-07-04T14:46:35.211+0000] {logging_mixin.py:188} INFO - Uploaded /tmp/minio_downloads/employee_190638913793.parquet -> @employee stage
[2026-07-04T14:46:35.822+0000] {logging_mixin.py:188} INFO - Uploaded /tmp/minio_downloads/employee_190638997018.parquet -> @employee stage
[2026-07-04T14:46:36.436+0000] {logging_mixin.py:188} INFO - Uploaded /tmp/minio_downloads/employee_190639066539.parquet -> @employee stage
[2026-07-04T14:46:37.049+0000] {logging_mixin.py:188} INFO - Uploaded /tmp/minio_downloads/employee_190639148045.parquet -> @employee stage
[2026-07-04T14:46:37.666+0000] {logging_mixin.py:188} INFO - Uploaded /tmp/minio_downloads/employee_190639234239.parquet -> @employee stage
[2026-07-04T14:46:38.281+0000] {logging_mixin.py:188} INFO - Uploaded /tmp/minio_downloads/employee_190639296274.parquet -> @employee stage
[2026-07-04T14:46:38.997+0000] {logging_mixin.py:188} INFO - Uploaded /tmp/minio_downloads/employee_190639381715.parquet -> @employee stage
[2026-07-04T14:46:39.610+0000] {logging_mixin.py:188} INFO - Uploaded /tmp/minio_downloads/employee_190639463662.parquet -> @employee stage
[2026-07-04T14:46:40.225+0000] {logging_mixin.py:188} INFO - Uploaded /tmp/minio_downloads/employee_190639536465.parquet -> @employee stage
[2026-07-04T14:46:40.837+0000] {logging_mixin.py:188} INFO - Uploaded /tmp/minio_downloads/employee_190639656089.parquet -> @employee stage
[2026-07-04T14:46:41.450+0000] {logging_mixin.py:188} INFO - Uploaded /tmp/minio_downloads/employee_190639754000.parquet -> @employee stage
[2026-07-04T14:46:42.069+0000] {logging_mixin.py:188} INFO - Uploaded /tmp/minio_downloads/employee_190639836475.parquet -> @employee stage
[2026-07-04T14:46:42.684+0000] {logging_mixin.py:188} INFO - Uploaded /tmp/minio_downloads/employee_190639951420.parquet -> @employee stage
[2026-07-04T14:46:43.299+0000] {logging_mixin.py:188} INFO - Uploaded /tmp/minio_downloads/employee_190640070550.parquet -> @employee stage
[2026-07-04T14:46:44.016+0000] {logging_mixin.py:188} INFO - Uploaded /tmp/minio_downloads/employee_190640212356.parquet -> @employee stage
[2026-07-04T14:46:44.732+0000] {logging_mixin.py:188} INFO - Uploaded /tmp/minio_downloads/employee_190640296793.parquet -> @employee stage
[2026-07-04T14:46:45.448+0000] {logging_mixin.py:188} INFO - Uploaded /tmp/minio_downloads/employee_190640383549.parquet -> @employee stage
[2026-07-04T14:46:46.166+0000] {logging_mixin.py:188} INFO - Uploaded /tmp/minio_downloads/employee_190640464723.parquet -> @employee stage
[2026-07-04T14:46:47.395+0000] {logging_mixin.py:188} INFO - Uploaded /tmp/minio_downloads/employee_190640556817.parquet -> @employee stage
[2026-07-04T14:46:47.960+0000] {logging_mixin.py:188} INFO - Uploaded /tmp/minio_downloads/employee_190640651356.parquet -> @employee stage
[2026-07-04T14:46:48.623+0000] {logging_mixin.py:188} INFO - Uploaded /tmp/minio_downloads/employee_190640834877.parquet -> @employee stage
[2026-07-04T14:46:49.341+0000] {logging_mixin.py:188} INFO - Uploaded /tmp/minio_downloads/employee_190640951566.parquet -> @employee stage
[2026-07-04T14:46:49.949+0000] {logging_mixin.py:188} INFO - Uploaded /tmp/minio_downloads/employee_190641068797.parquet -> @employee stage
[2026-07-04T14:46:50.570+0000] {logging_mixin.py:188} INFO - Uploaded /tmp/minio_downloads/employee_190641172420.parquet -> @employee stage
[2026-07-04T14:46:51.286+0000] {logging_mixin.py:188} INFO - Uploaded /tmp/minio_downloads/employee_190641252092.parquet -> @employee stage
[2026-07-04T14:46:52.000+0000] {logging_mixin.py:188} INFO - Uploaded /tmp/minio_downloads/employee_190641333672.parquet -> @employee stage
[2026-07-04T14:46:52.617+0000] {logging_mixin.py:188} INFO - Uploaded /tmp/minio_downloads/employee_190641460591.parquet -> @employee stage
[2026-07-04T14:46:53.232+0000] {logging_mixin.py:188} INFO - Uploaded /tmp/minio_downloads/employee_190641588691.parquet -> @employee stage
[2026-07-04T14:46:53.846+0000] {logging_mixin.py:188} INFO - Uploaded /tmp/minio_downloads/employee_190641691791.parquet -> @employee stage
[2026-07-04T14:46:54.456+0000] {logging_mixin.py:188} INFO - Uploaded /tmp/minio_downloads/employee_190641771272.parquet -> @employee stage
[2026-07-04T14:46:55.071+0000] {logging_mixin.py:188} INFO - Uploaded /tmp/minio_downloads/employee_190641852338.parquet -> @employee stage
[2026-07-04T14:46:55.690+0000] {logging_mixin.py:188} INFO - Uploaded /tmp/minio_downloads/employee_190641919823.parquet -> @employee stage
[2026-07-04T14:46:56.301+0000] {logging_mixin.py:188} INFO - Uploaded /tmp/minio_downloads/employee_190642000667.parquet -> @employee stage
[2026-07-04T14:46:56.918+0000] {logging_mixin.py:188} INFO - Uploaded /tmp/minio_downloads/employee_190642149894.parquet -> @employee stage
[2026-07-04T14:46:57.533+0000] {logging_mixin.py:188} INFO - Uploaded /tmp/minio_downloads/employee_190642340901.parquet -> @employee stage
[2026-07-04T14:46:58.099+0000] {logging_mixin.py:188} INFO - Uploaded /tmp/minio_downloads/employee_190642487363.parquet -> @employee stage
[2026-07-04T14:46:58.623+0000] {logging_mixin.py:188} INFO - Uploaded /tmp/minio_downloads/employee_190642603258.parquet -> @employee stage
[2026-07-04T14:46:59.171+0000] {logging_mixin.py:188} INFO - Uploaded /tmp/minio_downloads/employee_190642680514.parquet -> @employee stage
[2026-07-04T14:46:59.787+0000] {logging_mixin.py:188} INFO - Uploaded /tmp/minio_downloads/employee_190642766379.parquet -> @employee stage
[2026-07-04T14:47:00.501+0000] {logging_mixin.py:188} INFO - Uploaded /tmp/minio_downloads/employee_190642848645.parquet -> @employee stage
[2026-07-04T14:47:01.118+0000] {logging_mixin.py:188} INFO - Uploaded /tmp/minio_downloads/employee_190642944042.parquet -> @employee stage
[2026-07-04T14:47:01.828+0000] {logging_mixin.py:188} INFO - Uploaded /tmp/minio_downloads/employee_190643017447.parquet -> @employee stage
[2026-07-04T14:47:02.446+0000] {logging_mixin.py:188} INFO - Uploaded /tmp/minio_downloads/employee_190643093721.parquet -> @employee stage
[2026-07-04T14:47:03.059+0000] {logging_mixin.py:188} INFO - Uploaded /tmp/minio_downloads/employee_190643171836.parquet -> @employee stage
[2026-07-04T14:47:03.677+0000] {logging_mixin.py:188} INFO - Uploaded /tmp/minio_downloads/employee_190643256118.parquet -> @employee stage
[2026-07-04T14:47:04.286+0000] {logging_mixin.py:188} INFO - Uploaded /tmp/minio_downloads/employee_190643362568.parquet -> @employee stage
[2026-07-04T14:47:04.902+0000] {logging_mixin.py:188} INFO - Uploaded /tmp/minio_downloads/employee_190643454206.parquet -> @employee stage
[2026-07-04T14:47:05.517+0000] {logging_mixin.py:188} INFO - Uploaded /tmp/minio_downloads/employee_190643573647.parquet -> @employee stage
[2026-07-04T14:47:06.138+0000] {logging_mixin.py:188} INFO - Uploaded /tmp/minio_downloads/employee_190643687988.parquet -> @employee stage
[2026-07-04T14:47:06.744+0000] {logging_mixin.py:188} INFO - Uploaded /tmp/minio_downloads/employee_190643795327.parquet -> @employee stage
[2026-07-04T14:47:07.359+0000] {logging_mixin.py:188} INFO - Uploaded /tmp/minio_downloads/employee_190643895673.parquet -> @employee stage
[2026-07-04T14:47:07.967+0000] {logging_mixin.py:188} INFO - Uploaded /tmp/minio_downloads/employee_190643996023.parquet -> @employee stage
[2026-07-04T14:47:08.686+0000] {logging_mixin.py:188} INFO - Uploaded /tmp/minio_downloads/employee_190644085018.parquet -> @employee stage
[2026-07-04T14:47:09.297+0000] {logging_mixin.py:188} INFO - Uploaded /tmp/minio_downloads/employee_190644194378.parquet -> @employee stage
[2026-07-04T14:47:09.914+0000] {logging_mixin.py:188} INFO - Uploaded /tmp/minio_downloads/employee_190644295038.parquet -> @employee stage
[2026-07-04T14:47:10.631+0000] {logging_mixin.py:188} INFO - Uploaded /tmp/minio_downloads/employee_190644413291.parquet -> @employee stage
[2026-07-04T14:47:11.245+0000] {logging_mixin.py:188} INFO - Uploaded /tmp/minio_downloads/employee_190644499272.parquet -> @employee stage
[2026-07-04T14:47:11.860+0000] {logging_mixin.py:188} INFO - Uploaded /tmp/minio_downloads/employee_190644592245.parquet -> @employee stage
[2026-07-04T14:47:12.576+0000] {logging_mixin.py:188} INFO - Uploaded /tmp/minio_downloads/employee_190644688546.parquet -> @employee stage
[2026-07-04T14:47:13.291+0000] {logging_mixin.py:188} INFO - Uploaded /tmp/minio_downloads/employee_190644802702.parquet -> @employee stage
[2026-07-04T14:47:13.910+0000] {logging_mixin.py:188} INFO - Uploaded /tmp/minio_downloads/employee_190645054731.parquet -> @employee stage
[2026-07-04T14:47:14.520+0000] {logging_mixin.py:188} INFO - Uploaded /tmp/minio_downloads/employee_190645228378.parquet -> @employee stage
[2026-07-04T14:47:15.138+0000] {logging_mixin.py:188} INFO - Uploaded /tmp/minio_downloads/employee_190645335366.parquet -> @employee stage
[2026-07-04T14:47:15.753+0000] {logging_mixin.py:188} INFO - Uploaded /tmp/minio_downloads/employee_190645428820.parquet -> @employee stage
[2026-07-04T14:47:16.470+0000] {logging_mixin.py:188} INFO - Uploaded /tmp/minio_downloads/employee_190645506862.parquet -> @employee stage
[2026-07-04T14:47:17.658+0000] {logging_mixin.py:188} INFO - Uploaded /tmp/minio_downloads/employee_190645591708.parquet -> @employee stage
[2026-07-04T14:47:18.311+0000] {logging_mixin.py:188} INFO - Uploaded /tmp/minio_downloads/employee_190645683956.parquet -> @employee stage
[2026-07-04T14:47:18.929+0000] {logging_mixin.py:188} INFO - Uploaded /tmp/minio_downloads/employee_190645782531.parquet -> @employee stage
[2026-07-04T14:47:19.541+0000] {logging_mixin.py:188} INFO - Uploaded /tmp/minio_downloads/employee_190645884836.parquet -> @employee stage
[2026-07-04T14:47:20.035+0000] {logging_mixin.py:188} INFO - Uploaded /tmp/minio_downloads/employee_190645988222.parquet -> @employee stage
[2026-07-04T14:47:20.673+0000] {logging_mixin.py:188} INFO - Uploaded /tmp/minio_downloads/employee_190646062508.parquet -> @employee stage
[2026-07-04T14:47:21.288+0000] {logging_mixin.py:188} INFO - Uploaded /tmp/minio_downloads/employee_190646164819.parquet -> @employee stage
[2026-07-04T14:47:21.897+0000] {logging_mixin.py:188} INFO - Uploaded /tmp/minio_downloads/employee_190646256124.parquet -> @employee stage
[2026-07-04T14:47:22.517+0000] {logging_mixin.py:188} INFO - Uploaded /tmp/minio_downloads/employee_190646349923.parquet -> @employee stage
[2026-07-04T14:47:23.131+0000] {logging_mixin.py:188} INFO - Uploaded /tmp/minio_downloads/employee_190646450078.parquet -> @employee stage
[2026-07-04T14:47:23.849+0000] {logging_mixin.py:188} INFO - Uploaded /tmp/minio_downloads/employee_190646588862.parquet -> @employee stage
[2026-07-04T14:47:24.464+0000] {logging_mixin.py:188} INFO - Uploaded /tmp/minio_downloads/employee_190646720256.parquet -> @employee stage
[2026-07-04T14:47:25.077+0000] {logging_mixin.py:188} INFO - Uploaded /tmp/minio_downloads/employee_190646845792.parquet -> @employee stage
[2026-07-04T14:47:25.701+0000] {logging_mixin.py:188} INFO - Uploaded /tmp/minio_downloads/employee_190646950886.parquet -> @employee stage
[2026-07-04T14:47:26.301+0000] {logging_mixin.py:188} INFO - Uploaded /tmp/minio_downloads/employee_190647048342.parquet -> @employee stage
[2026-07-04T14:47:26.916+0000] {logging_mixin.py:188} INFO - Uploaded /tmp/minio_downloads/employee_190647148510.parquet -> @employee stage
[2026-07-04T14:47:27.536+0000] {logging_mixin.py:188} INFO - Uploaded /tmp/minio_downloads/employee_190647224394.parquet -> @employee stage
[2026-07-04T14:47:28.151+0000] {logging_mixin.py:188} INFO - Uploaded /tmp/minio_downloads/employee_190647305985.parquet -> @employee stage
[2026-07-04T14:47:28.763+0000] {logging_mixin.py:188} INFO - Uploaded /tmp/minio_downloads/employee_190647394891.parquet -> @employee stage
[2026-07-04T14:47:29.380+0000] {logging_mixin.py:188} INFO - Uploaded /tmp/minio_downloads/employee_190647473701.parquet -> @employee stage
[2026-07-04T14:47:29.990+0000] {logging_mixin.py:188} INFO - Uploaded /tmp/minio_downloads/employee_190647556757.parquet -> @employee stage
[2026-07-04T14:47:30.604+0000] {logging_mixin.py:188} INFO - Uploaded /tmp/minio_downloads/employee_190647648765.parquet -> @employee stage
[2026-07-04T14:47:31.220+0000] {logging_mixin.py:188} INFO - Uploaded /tmp/minio_downloads/employee_190647725692.parquet -> @employee stage
[2026-07-04T14:47:31.838+0000] {logging_mixin.py:188} INFO - Uploaded /tmp/minio_downloads/employee_190647806364.parquet -> @employee stage
[2026-07-04T14:47:32.453+0000] {logging_mixin.py:188} INFO - Uploaded /tmp/minio_downloads/employee_190647908655.parquet -> @employee stage
[2026-07-04T14:47:33.067+0000] {logging_mixin.py:188} INFO - Uploaded /tmp/minio_downloads/employee_190647972220.parquet -> @employee stage
[2026-07-04T14:47:33.683+0000] {logging_mixin.py:188} INFO - Uploaded /tmp/minio_downloads/employee_190648059507.parquet -> @employee stage
[2026-07-04T14:47:34.297+0000] {logging_mixin.py:188} INFO - Uploaded /tmp/minio_downloads/employee_190648149281.parquet -> @employee stage
[2026-07-04T14:47:34.911+0000] {logging_mixin.py:188} INFO - Uploaded /tmp/minio_downloads/employee_190648230581.parquet -> @employee stage
[2026-07-04T14:47:35.526+0000] {logging_mixin.py:188} INFO - Uploaded /tmp/minio_downloads/employee_190648307076.parquet -> @employee stage
[2026-07-04T14:47:36.141+0000] {logging_mixin.py:188} INFO - Uploaded /tmp/minio_downloads/employee_190648382390.parquet -> @employee stage
[2026-07-04T14:47:36.755+0000] {logging_mixin.py:188} INFO - Uploaded /tmp/minio_downloads/employee_190648459885.parquet -> @employee stage
[2026-07-04T14:47:37.369+0000] {logging_mixin.py:188} INFO - Uploaded /tmp/minio_downloads/employee_190648538156.parquet -> @employee stage
[2026-07-04T14:47:37.975+0000] {logging_mixin.py:188} INFO - Uploaded /tmp/minio_downloads/employee_190648626719.parquet -> @employee stage
[2026-07-04T14:47:38.556+0000] {logging_mixin.py:188} INFO - Uploaded /tmp/minio_downloads/employee_190648688972.parquet -> @employee stage
[2026-07-04T14:47:39.204+0000] {logging_mixin.py:188} INFO - Uploaded /tmp/minio_downloads/employee_190648795350.parquet -> @employee stage
[2026-07-04T14:47:39.822+0000] {logging_mixin.py:188} INFO - Uploaded /tmp/minio_downloads/employee_190648965580.parquet -> @employee stage
[2026-07-04T14:47:40.437+0000] {logging_mixin.py:188} INFO - Uploaded /tmp/minio_downloads/employee_190649061186.parquet -> @employee stage
[2026-07-04T14:47:41.048+0000] {logging_mixin.py:188} INFO - Uploaded /tmp/minio_downloads/employee_190649150188.parquet -> @employee stage
[2026-07-04T14:47:41.665+0000] {logging_mixin.py:188} INFO - Uploaded /tmp/minio_downloads/employee_190649243860.parquet -> @employee stage
[2026-07-04T14:47:42.281+0000] {logging_mixin.py:188} INFO - Uploaded /tmp/minio_downloads/employee_190649334626.parquet -> @employee stage
[2026-07-04T14:47:46.997+0000] {logging_mixin.py:188} INFO - Data loaded into employee
[2026-07-04T14:47:47.704+0000] {logging_mixin.py:188} INFO - Uploaded /tmp/minio_downloads/inventory_190337467047.parquet -> @inventory stage
[2026-07-04T14:47:48.324+0000] {logging_mixin.py:188} INFO - Uploaded /tmp/minio_downloads/inventory_190337539172.parquet -> @inventory stage
[2026-07-04T14:47:48.939+0000] {logging_mixin.py:188} INFO - Uploaded /tmp/minio_downloads/inventory_190337620830.parquet -> @inventory stage
[2026-07-04T14:47:49.655+0000] {logging_mixin.py:188} INFO - Uploaded /tmp/minio_downloads/inventory_190337683542.parquet -> @inventory stage
[2026-07-04T14:47:50.244+0000] {logging_mixin.py:188} INFO - Uploaded /tmp/minio_downloads/inventory_190337739630.parquet -> @inventory stage
[2026-07-04T14:47:50.778+0000] {logging_mixin.py:188} INFO - Uploaded /tmp/minio_downloads/inventory_190337796572.parquet -> @inventory stage
[2026-07-04T14:47:51.398+0000] {logging_mixin.py:188} INFO - Uploaded /tmp/minio_downloads/inventory_190337864335.parquet -> @inventory stage
[2026-07-04T14:47:52.006+0000] {logging_mixin.py:188} INFO - Uploaded /tmp/minio_downloads/inventory_190337925836.parquet -> @inventory stage
[2026-07-04T14:47:52.585+0000] {logging_mixin.py:188} INFO - Uploaded /tmp/minio_downloads/inventory_190337984319.parquet -> @inventory stage
[2026-07-04T14:47:53.235+0000] {logging_mixin.py:188} INFO - Uploaded /tmp/minio_downloads/inventory_190338047866.parquet -> @inventory stage
[2026-07-04T14:47:53.849+0000] {logging_mixin.py:188} INFO - Uploaded /tmp/minio_downloads/inventory_190338121095.parquet -> @inventory stage
[2026-07-04T14:47:54.469+0000] {logging_mixin.py:188} INFO - Uploaded /tmp/minio_downloads/inventory_190338193018.parquet -> @inventory stage
[2026-07-04T14:47:55.078+0000] {logging_mixin.py:188} INFO - Uploaded /tmp/minio_downloads/inventory_190338254298.parquet -> @inventory stage
[2026-07-04T14:47:56.103+0000] {logging_mixin.py:188} INFO - Uploaded /tmp/minio_downloads/inventory_190338316646.parquet -> @inventory stage
[2026-07-04T14:47:57.023+0000] {logging_mixin.py:188} INFO - Uploaded /tmp/minio_downloads/inventory_190338382246.parquet -> @inventory stage
[2026-07-04T14:47:57.638+0000] {logging_mixin.py:188} INFO - Uploaded /tmp/minio_downloads/inventory_190338434412.parquet -> @inventory stage
[2026-07-04T14:47:58.213+0000] {logging_mixin.py:188} INFO - Uploaded /tmp/minio_downloads/inventory_190338494076.parquet -> @inventory stage
[2026-07-04T14:47:58.872+0000] {logging_mixin.py:188} INFO - Uploaded /tmp/minio_downloads/inventory_190338545881.parquet -> @inventory stage
[2026-07-04T14:47:59.441+0000] {logging_mixin.py:188} INFO - Uploaded /tmp/minio_downloads/inventory_190338610485.parquet -> @inventory stage
[2026-07-04T14:47:59.999+0000] {logging_mixin.py:188} INFO - Uploaded /tmp/minio_downloads/inventory_190338682363.parquet -> @inventory stage
[2026-07-04T14:48:00.613+0000] {logging_mixin.py:188} INFO - Uploaded /tmp/minio_downloads/inventory_190338750246.parquet -> @inventory stage
[2026-07-04T14:48:01.228+0000] {logging_mixin.py:188} INFO - Uploaded /tmp/minio_downloads/inventory_190338826821.parquet -> @inventory stage
[2026-07-04T14:48:01.837+0000] {logging_mixin.py:188} INFO - Uploaded /tmp/minio_downloads/inventory_190338894481.parquet -> @inventory stage
[2026-07-04T14:48:02.455+0000] {logging_mixin.py:188} INFO - Uploaded /tmp/minio_downloads/inventory_190338960373.parquet -> @inventory stage
[2026-07-04T14:48:03.069+0000] {logging_mixin.py:188} INFO - Uploaded /tmp/minio_downloads/inventory_190339021485.parquet -> @inventory stage
[2026-07-04T14:48:03.684+0000] {logging_mixin.py:188} INFO - Uploaded /tmp/minio_downloads/inventory_190339083301.parquet -> @inventory stage
[2026-07-04T14:48:04.296+0000] {logging_mixin.py:188} INFO - Uploaded /tmp/minio_downloads/inventory_190339145136.parquet -> @inventory stage
[2026-07-04T14:48:04.916+0000] {logging_mixin.py:188} INFO - Uploaded /tmp/minio_downloads/inventory_190339206361.parquet -> @inventory stage
[2026-07-04T14:48:05.442+0000] {logging_mixin.py:188} INFO - Uploaded /tmp/minio_downloads/inventory_190339261513.parquet -> @inventory stage
[2026-07-04T14:48:06.042+0000] {logging_mixin.py:188} INFO - Uploaded /tmp/minio_downloads/inventory_190339327179.parquet -> @inventory stage
[2026-07-04T14:48:06.618+0000] {logging_mixin.py:188} INFO - Uploaded /tmp/minio_downloads/inventory_190339386810.parquet -> @inventory stage
[2026-07-04T14:48:07.266+0000] {logging_mixin.py:188} INFO - Uploaded /tmp/minio_downloads/inventory_190339454255.parquet -> @inventory stage
[2026-07-04T14:48:07.886+0000] {logging_mixin.py:188} INFO - Uploaded /tmp/minio_downloads/inventory_190339511364.parquet -> @inventory stage
[2026-07-04T14:48:08.496+0000] {logging_mixin.py:188} INFO - Uploaded /tmp/minio_downloads/inventory_190339577443.parquet -> @inventory stage
[2026-07-04T14:48:09.106+0000] {logging_mixin.py:188} INFO - Uploaded /tmp/minio_downloads/inventory_190339643939.parquet -> @inventory stage
[2026-07-04T14:48:09.683+0000] {logging_mixin.py:188} INFO - Uploaded /tmp/minio_downloads/inventory_190339703811.parquet -> @inventory stage
[2026-07-04T14:48:10.338+0000] {logging_mixin.py:188} INFO - Uploaded /tmp/minio_downloads/inventory_190339754453.parquet -> @inventory stage
[2026-07-04T14:48:10.953+0000] {logging_mixin.py:188} INFO - Uploaded /tmp/minio_downloads/inventory_190339810180.parquet -> @inventory stage
[2026-07-04T14:48:11.570+0000] {logging_mixin.py:188} INFO - Uploaded /tmp/minio_downloads/inventory_190339877533.parquet -> @inventory stage
[2026-07-04T14:48:12.180+0000] {logging_mixin.py:188} INFO - Uploaded /tmp/minio_downloads/inventory_190339941070.parquet -> @inventory stage
[2026-07-04T14:48:12.797+0000] {logging_mixin.py:188} INFO - Uploaded /tmp/minio_downloads/inventory_190339995854.parquet -> @inventory stage
[2026-07-04T14:48:13.413+0000] {logging_mixin.py:188} INFO - Uploaded /tmp/minio_downloads/inventory_190340059222.parquet -> @inventory stage
[2026-07-04T14:48:14.123+0000] {logging_mixin.py:188} INFO - Uploaded /tmp/minio_downloads/inventory_190340130700.parquet -> @inventory stage
[2026-07-04T14:48:14.739+0000] {logging_mixin.py:188} INFO - Uploaded /tmp/minio_downloads/inventory_190340205627.parquet -> @inventory stage
[2026-07-04T14:48:15.358+0000] {logging_mixin.py:188} INFO - Uploaded /tmp/minio_downloads/inventory_190340259288.parquet -> @inventory stage
[2026-07-04T14:48:15.928+0000] {logging_mixin.py:188} INFO - Uploaded /tmp/minio_downloads/inventory_190340313684.parquet -> @inventory stage
[2026-07-04T14:48:16.588+0000] {logging_mixin.py:188} INFO - Uploaded /tmp/minio_downloads/inventory_190340384206.parquet -> @inventory stage
[2026-07-04T14:48:17.196+0000] {logging_mixin.py:188} INFO - Uploaded /tmp/minio_downloads/inventory_190340453296.parquet -> @inventory stage
[2026-07-04T14:48:17.815+0000] {logging_mixin.py:188} INFO - Uploaded /tmp/minio_downloads/inventory_190340536217.parquet -> @inventory stage
[2026-07-04T14:48:18.431+0000] {logging_mixin.py:188} INFO - Uploaded /tmp/minio_downloads/inventory_190340614376.parquet -> @inventory stage
[2026-07-04T14:48:19.045+0000] {logging_mixin.py:188} INFO - Uploaded /tmp/minio_downloads/inventory_190340684107.parquet -> @inventory stage
[2026-07-04T14:48:19.659+0000] {logging_mixin.py:188} INFO - Uploaded /tmp/minio_downloads/inventory_190340751478.parquet -> @inventory stage
[2026-07-04T14:48:20.275+0000] {logging_mixin.py:188} INFO - Uploaded /tmp/minio_downloads/inventory_190340834474.parquet -> @inventory stage
[2026-07-04T14:48:20.876+0000] {logging_mixin.py:188} INFO - Uploaded /tmp/minio_downloads/inventory_190340926266.parquet -> @inventory stage
[2026-07-04T14:48:21.499+0000] {logging_mixin.py:188} INFO - Uploaded /tmp/minio_downloads/inventory_190341010920.parquet -> @inventory stage
[2026-07-04T14:48:22.118+0000] {logging_mixin.py:188} INFO - Uploaded /tmp/minio_downloads/inventory_190341082410.parquet -> @inventory stage
[2026-07-04T14:48:23.143+0000] {logging_mixin.py:188} INFO - Uploaded /tmp/minio_downloads/inventory_190341163407.parquet -> @inventory stage
[2026-07-04T14:48:23.747+0000] {logging_mixin.py:188} INFO - Uploaded /tmp/minio_downloads/inventory_190341242530.parquet -> @inventory stage
[2026-07-04T14:48:24.368+0000] {logging_mixin.py:188} INFO - Uploaded /tmp/minio_downloads/inventory_190341314280.parquet -> @inventory stage
[2026-07-04T14:48:25.087+0000] {logging_mixin.py:188} INFO - Uploaded /tmp/minio_downloads/inventory_190341385759.parquet -> @inventory stage
[2026-07-04T14:48:25.697+0000] {logging_mixin.py:188} INFO - Uploaded /tmp/minio_downloads/inventory_190341444032.parquet -> @inventory stage
[2026-07-04T14:48:26.316+0000] {logging_mixin.py:188} INFO - Uploaded /tmp/minio_downloads/inventory_190341518729.parquet -> @inventory stage
[2026-07-04T14:48:26.927+0000] {logging_mixin.py:188} INFO - Uploaded /tmp/minio_downloads/inventory_190341593901.parquet -> @inventory stage
[2026-07-04T14:48:27.544+0000] {logging_mixin.py:188} INFO - Uploaded /tmp/minio_downloads/inventory_190341658977.parquet -> @inventory stage
[2026-07-04T14:48:28.155+0000] {logging_mixin.py:188} INFO - Uploaded /tmp/minio_downloads/inventory_190341729414.parquet -> @inventory stage
[2026-07-04T14:48:28.769+0000] {logging_mixin.py:188} INFO - Uploaded /tmp/minio_downloads/inventory_190341797806.parquet -> @inventory stage
[2026-07-04T14:48:29.387+0000] {logging_mixin.py:188} INFO - Uploaded /tmp/minio_downloads/inventory_190341859781.parquet -> @inventory stage
[2026-07-04T14:48:30.003+0000] {logging_mixin.py:188} INFO - Uploaded /tmp/minio_downloads/inventory_190341941097.parquet -> @inventory stage
[2026-07-04T14:48:30.616+0000] {logging_mixin.py:188} INFO - Uploaded /tmp/minio_downloads/inventory_190342009054.parquet -> @inventory stage
[2026-07-04T14:48:31.232+0000] {logging_mixin.py:188} INFO - Uploaded /tmp/minio_downloads/inventory_190342085239.parquet -> @inventory stage
[2026-07-04T14:48:31.847+0000] {logging_mixin.py:188} INFO - Uploaded /tmp/minio_downloads/inventory_190342146153.parquet -> @inventory stage
[2026-07-04T14:48:32.462+0000] {logging_mixin.py:188} INFO - Uploaded /tmp/minio_downloads/inventory_190342205463.parquet -> @inventory stage
[2026-07-04T14:48:33.077+0000] {logging_mixin.py:188} INFO - Uploaded /tmp/minio_downloads/inventory_190342269726.parquet -> @inventory stage
[2026-07-04T14:48:33.690+0000] {logging_mixin.py:188} INFO - Uploaded /tmp/minio_downloads/inventory_190342330496.parquet -> @inventory stage
[2026-07-04T14:48:34.304+0000] {logging_mixin.py:188} INFO - Uploaded /tmp/minio_downloads/inventory_190342393936.parquet -> @inventory stage
[2026-07-04T14:48:34.914+0000] {logging_mixin.py:188} INFO - Uploaded /tmp/minio_downloads/inventory_190342463948.parquet -> @inventory stage
[2026-07-04T14:48:35.530+0000] {logging_mixin.py:188} INFO - Uploaded /tmp/minio_downloads/inventory_190342543370.parquet -> @inventory stage
[2026-07-04T14:48:36.148+0000] {logging_mixin.py:188} INFO - Uploaded /tmp/minio_downloads/inventory_190342594955.parquet -> @inventory stage
[2026-07-04T14:48:36.760+0000] {logging_mixin.py:188} INFO - Uploaded /tmp/minio_downloads/inventory_190342661410.parquet -> @inventory stage
[2026-07-04T14:48:37.377+0000] {logging_mixin.py:188} INFO - Uploaded /tmp/minio_downloads/inventory_190342726660.parquet -> @inventory stage
[2026-07-04T14:48:37.957+0000] {logging_mixin.py:188} INFO - Uploaded /tmp/minio_downloads/inventory_190342786938.parquet -> @inventory stage
[2026-07-04T14:48:38.598+0000] {logging_mixin.py:188} INFO - Uploaded /tmp/minio_downloads/inventory_190342852874.parquet -> @inventory stage
[2026-07-04T14:48:39.161+0000] {logging_mixin.py:188} INFO - Uploaded /tmp/minio_downloads/inventory_190342936889.parquet -> @inventory stage
[2026-07-04T14:48:39.828+0000] {logging_mixin.py:188} INFO - Uploaded /tmp/minio_downloads/inventory_190342993868.parquet -> @inventory stage
[2026-07-04T14:48:40.442+0000] {logging_mixin.py:188} INFO - Uploaded /tmp/minio_downloads/inventory_190343072842.parquet -> @inventory stage
[2026-07-04T14:48:41.051+0000] {logging_mixin.py:188} INFO - Uploaded /tmp/minio_downloads/inventory_190343143943.parquet -> @inventory stage
[2026-07-04T14:48:41.667+0000] {logging_mixin.py:188} INFO - Uploaded /tmp/minio_downloads/inventory_190343204018.parquet -> @inventory stage
[2026-07-04T14:48:42.282+0000] {logging_mixin.py:188} INFO - Uploaded /tmp/minio_downloads/inventory_190343261234.parquet -> @inventory stage
[2026-07-04T14:48:42.900+0000] {logging_mixin.py:188} INFO - Uploaded /tmp/minio_downloads/inventory_190343319220.parquet -> @inventory stage
[2026-07-04T14:48:43.514+0000] {logging_mixin.py:188} INFO - Uploaded /tmp/minio_downloads/inventory_190343373847.parquet -> @inventory stage
[2026-07-04T14:48:44.130+0000] {logging_mixin.py:188} INFO - Uploaded /tmp/minio_downloads/inventory_190343441168.parquet -> @inventory stage
[2026-07-04T14:48:44.742+0000] {logging_mixin.py:188} INFO - Uploaded /tmp/minio_downloads/inventory_190343496276.parquet -> @inventory stage
[2026-07-04T14:48:45.353+0000] {logging_mixin.py:188} INFO - Uploaded /tmp/minio_downloads/inventory_190343559602.parquet -> @inventory stage
[2026-07-04T14:48:45.976+0000] {logging_mixin.py:188} INFO - Uploaded /tmp/minio_downloads/inventory_190343612423.parquet -> @inventory stage
[2026-07-04T14:48:46.591+0000] {logging_mixin.py:188} INFO - Uploaded /tmp/minio_downloads/inventory_190343679960.parquet -> @inventory stage
[2026-07-04T14:48:47.204+0000] {logging_mixin.py:188} INFO - Uploaded /tmp/minio_downloads/inventory_190343741477.parquet -> @inventory stage
[2026-07-04T14:48:48.017+0000] {logging_mixin.py:188} INFO - Uploaded /tmp/minio_downloads/inventory_190343862360.parquet -> @inventory stage
[2026-07-04T14:48:48.634+0000] {logging_mixin.py:188} INFO - Uploaded /tmp/minio_downloads/inventory_190343923035.parquet -> @inventory stage
[2026-07-04T14:48:49.249+0000] {logging_mixin.py:188} INFO - Uploaded /tmp/minio_downloads/inventory_190343985215.parquet -> @inventory stage
[2026-07-04T14:48:49.866+0000] {logging_mixin.py:188} INFO - Uploaded /tmp/minio_downloads/inventory_190344040360.parquet -> @inventory stage
[2026-07-04T14:48:50.479+0000] {logging_mixin.py:188} INFO - Uploaded /tmp/minio_downloads/inventory_190344106124.parquet -> @inventory stage
[2026-07-04T14:48:51.197+0000] {logging_mixin.py:188} INFO - Uploaded /tmp/minio_downloads/inventory_190344158732.parquet -> @inventory stage
[2026-07-04T14:48:51.709+0000] {logging_mixin.py:188} INFO - Uploaded /tmp/minio_downloads/inventory_190344223718.parquet -> @inventory stage
[2026-07-04T14:48:52.318+0000] {logging_mixin.py:188} INFO - Uploaded /tmp/minio_downloads/inventory_190344293806.parquet -> @inventory stage
[2026-07-04T14:48:52.938+0000] {logging_mixin.py:188} INFO - Uploaded /tmp/minio_downloads/inventory_190344915896.parquet -> @inventory stage
[2026-07-04T14:48:53.552+0000] {logging_mixin.py:188} INFO - Uploaded /tmp/minio_downloads/inventory_190344972739.parquet -> @inventory stage
[2026-07-04T14:48:54.166+0000] {logging_mixin.py:188} INFO - Uploaded /tmp/minio_downloads/inventory_190345064712.parquet -> @inventory stage
[2026-07-04T14:48:54.781+0000] {logging_mixin.py:188} INFO - Uploaded /tmp/minio_downloads/inventory_190345123557.parquet -> @inventory stage
[2026-07-04T14:48:55.393+0000] {logging_mixin.py:188} INFO - Uploaded /tmp/minio_downloads/inventory_190345193710.parquet -> @inventory stage
[2026-07-04T14:48:56.005+0000] {logging_mixin.py:188} INFO - Uploaded /tmp/minio_downloads/inventory_190345264626.parquet -> @inventory stage
[2026-07-04T14:48:56.625+0000] {logging_mixin.py:188} INFO - Uploaded /tmp/minio_downloads/inventory_190345338494.parquet -> @inventory stage
[2026-07-04T14:48:57.854+0000] {logging_mixin.py:188} INFO - Uploaded /tmp/minio_downloads/inventory_190345411915.parquet -> @inventory stage
[2026-07-04T14:48:58.468+0000] {logging_mixin.py:188} INFO - Uploaded /tmp/minio_downloads/inventory_190345483075.parquet -> @inventory stage
[2026-07-04T14:48:59.078+0000] {logging_mixin.py:188} INFO - Uploaded /tmp/minio_downloads/inventory_190345559945.parquet -> @inventory stage
[2026-07-04T14:48:59.584+0000] {logging_mixin.py:188} INFO - Uploaded /tmp/minio_downloads/inventory_190345630476.parquet -> @inventory stage
[2026-07-04T14:49:00.205+0000] {logging_mixin.py:188} INFO - Uploaded /tmp/minio_downloads/inventory_190345688959.parquet -> @inventory stage
[2026-07-04T14:49:00.824+0000] {logging_mixin.py:188} INFO - Uploaded /tmp/minio_downloads/inventory_190345773334.parquet -> @inventory stage
[2026-07-04T14:49:01.436+0000] {logging_mixin.py:188} INFO - Uploaded /tmp/minio_downloads/inventory_190345838775.parquet -> @inventory stage
[2026-07-04T14:49:02.053+0000] {logging_mixin.py:188} INFO - Uploaded /tmp/minio_downloads/inventory_190345912468.parquet -> @inventory stage
[2026-07-04T14:49:02.577+0000] {logging_mixin.py:188} INFO - Uploaded /tmp/minio_downloads/inventory_190345990335.parquet -> @inventory stage
[2026-07-04T14:49:03.180+0000] {logging_mixin.py:188} INFO - Uploaded /tmp/minio_downloads/inventory_190346078532.parquet -> @inventory stage
[2026-07-04T14:49:03.788+0000] {logging_mixin.py:188} INFO - Uploaded /tmp/minio_downloads/inventory_190346176294.parquet -> @inventory stage
[2026-07-04T14:49:04.403+0000] {logging_mixin.py:188} INFO - Uploaded /tmp/minio_downloads/inventory_190346257577.parquet -> @inventory stage
[2026-07-04T14:49:05.019+0000] {logging_mixin.py:188} INFO - Uploaded /tmp/minio_downloads/inventory_190346338288.parquet -> @inventory stage
[2026-07-04T14:49:05.633+0000] {logging_mixin.py:188} INFO - Uploaded /tmp/minio_downloads/inventory_190346432751.parquet -> @inventory stage
[2026-07-04T14:49:06.253+0000] {logging_mixin.py:188} INFO - Uploaded /tmp/minio_downloads/inventory_190346521979.parquet -> @inventory stage
[2026-07-04T14:49:06.862+0000] {logging_mixin.py:188} INFO - Uploaded /tmp/minio_downloads/inventory_190346622110.parquet -> @inventory stage
[2026-07-04T14:49:07.481+0000] {logging_mixin.py:188} INFO - Uploaded /tmp/minio_downloads/inventory_190346722521.parquet -> @inventory stage
[2026-07-04T14:49:08.094+0000] {logging_mixin.py:188} INFO - Uploaded /tmp/minio_downloads/inventory_190346812937.parquet -> @inventory stage
[2026-07-04T14:49:08.701+0000] {logging_mixin.py:188} INFO - Uploaded /tmp/minio_downloads/inventory_190346903911.parquet -> @inventory stage
[2026-07-04T14:49:09.321+0000] {logging_mixin.py:188} INFO - Uploaded /tmp/minio_downloads/inventory_190346987670.parquet -> @inventory stage
[2026-07-04T14:49:09.931+0000] {logging_mixin.py:188} INFO - Uploaded /tmp/minio_downloads/inventory_190347073500.parquet -> @inventory stage
[2026-07-04T14:49:10.649+0000] {logging_mixin.py:188} INFO - Uploaded /tmp/minio_downloads/inventory_190347173711.parquet -> @inventory stage
[2026-07-04T14:49:11.267+0000] {logging_mixin.py:188} INFO - Uploaded /tmp/minio_downloads/inventory_190347282740.parquet -> @inventory stage
[2026-07-04T14:49:11.882+0000] {logging_mixin.py:188} INFO - Uploaded /tmp/minio_downloads/inventory_190347361979.parquet -> @inventory stage
[2026-07-04T14:49:12.495+0000] {logging_mixin.py:188} INFO - Uploaded /tmp/minio_downloads/inventory_190347453684.parquet -> @inventory stage
[2026-07-04T14:49:13.107+0000] {logging_mixin.py:188} INFO - Uploaded /tmp/minio_downloads/inventory_190347539069.parquet -> @inventory stage
[2026-07-04T14:49:13.720+0000] {logging_mixin.py:188} INFO - Uploaded /tmp/minio_downloads/inventory_190347623669.parquet -> @inventory stage
[2026-07-04T14:49:14.335+0000] {logging_mixin.py:188} INFO - Uploaded /tmp/minio_downloads/inventory_190347708305.parquet -> @inventory stage
[2026-07-04T14:49:14.951+0000] {logging_mixin.py:188} INFO - Uploaded /tmp/minio_downloads/inventory_190347776332.parquet -> @inventory stage
[2026-07-04T14:49:15.570+0000] {logging_mixin.py:188} INFO - Uploaded /tmp/minio_downloads/inventory_190347854481.parquet -> @inventory stage
[2026-07-04T14:49:16.179+0000] {logging_mixin.py:188} INFO - Uploaded /tmp/minio_downloads/inventory_190347940565.parquet -> @inventory stage
[2026-07-04T14:49:16.797+0000] {logging_mixin.py:188} INFO - Uploaded /tmp/minio_downloads/inventory_190348027685.parquet -> @inventory stage
[2026-07-04T14:49:17.408+0000] {logging_mixin.py:188} INFO - Uploaded /tmp/minio_downloads/inventory_190348131138.parquet -> @inventory stage
[2026-07-04T14:49:18.128+0000] {logging_mixin.py:188} INFO - Uploaded /tmp/minio_downloads/inventory_190348225728.parquet -> @inventory stage
[2026-07-04T14:49:18.740+0000] {logging_mixin.py:188} INFO - Uploaded /tmp/minio_downloads/inventory_190348312987.parquet -> @inventory stage
[2026-07-04T14:49:19.353+0000] {logging_mixin.py:188} INFO - Uploaded /tmp/minio_downloads/inventory_190348392047.parquet -> @inventory stage
[2026-07-04T14:49:19.969+0000] {logging_mixin.py:188} INFO - Uploaded /tmp/minio_downloads/inventory_190348471934.parquet -> @inventory stage
[2026-07-04T14:49:20.587+0000] {logging_mixin.py:188} INFO - Uploaded /tmp/minio_downloads/inventory_190348567975.parquet -> @inventory stage
[2026-07-04T14:49:21.201+0000] {logging_mixin.py:188} INFO - Uploaded /tmp/minio_downloads/inventory_190348661020.parquet -> @inventory stage
[2026-07-04T14:49:21.815+0000] {logging_mixin.py:188} INFO - Uploaded /tmp/minio_downloads/inventory_190348746675.parquet -> @inventory stage
[2026-07-04T14:49:22.328+0000] {logging_mixin.py:188} INFO - Uploaded /tmp/minio_downloads/inventory_190348822548.parquet -> @inventory stage
[2026-07-04T14:49:22.902+0000] {logging_mixin.py:188} INFO - Uploaded /tmp/minio_downloads/inventory_190348903851.parquet -> @inventory stage
[2026-07-04T14:49:23.554+0000] {logging_mixin.py:188} INFO - Uploaded /tmp/minio_downloads/inventory_190348987565.parquet -> @inventory stage
[2026-07-04T14:49:24.167+0000] {logging_mixin.py:188} INFO - Uploaded /tmp/minio_downloads/inventory_190349055522.parquet -> @inventory stage
[2026-07-04T14:49:24.782+0000] {logging_mixin.py:188} INFO - Uploaded /tmp/minio_downloads/inventory_190349147981.parquet -> @inventory stage
[2026-07-04T14:49:25.398+0000] {logging_mixin.py:188} INFO - Uploaded /tmp/minio_downloads/inventory_190349237130.parquet -> @inventory stage
[2026-07-04T14:49:26.016+0000] {logging_mixin.py:188} INFO - Uploaded /tmp/minio_downloads/inventory_190349337698.parquet -> @inventory stage
[2026-07-04T14:49:26.630+0000] {logging_mixin.py:188} INFO - Uploaded /tmp/minio_downloads/inventory_190349441508.parquet -> @inventory stage
[2026-07-04T14:49:27.240+0000] {logging_mixin.py:188} INFO - Uploaded /tmp/minio_downloads/inventory_190349545333.parquet -> @inventory stage
[2026-07-04T14:49:27.856+0000] {logging_mixin.py:188} INFO - Uploaded /tmp/minio_downloads/inventory_190349665347.parquet -> @inventory stage
[2026-07-04T14:49:28.473+0000] {logging_mixin.py:188} INFO - Uploaded /tmp/minio_downloads/inventory_190349768105.parquet -> @inventory stage
[2026-07-04T14:49:29.083+0000] {logging_mixin.py:188} INFO - Uploaded /tmp/minio_downloads/inventory_190349867388.parquet -> @inventory stage
[2026-07-04T14:49:29.667+0000] {logging_mixin.py:188} INFO - Uploaded /tmp/minio_downloads/inventory_190349970227.parquet -> @inventory stage
[2026-07-04T14:49:30.311+0000] {logging_mixin.py:188} INFO - Uploaded /tmp/minio_downloads/inventory_190350091124.parquet -> @inventory stage
[2026-07-04T14:49:30.927+0000] {logging_mixin.py:188} INFO - Uploaded /tmp/minio_downloads/inventory_190350190147.parquet -> @inventory stage
[2026-07-04T14:49:31.542+0000] {logging_mixin.py:188} INFO - Uploaded /tmp/minio_downloads/inventory_190350302590.parquet -> @inventory stage
[2026-07-04T14:49:32.160+0000] {logging_mixin.py:188} INFO - Uploaded /tmp/minio_downloads/inventory_190350403338.parquet -> @inventory stage
[2026-07-04T14:49:32.773+0000] {logging_mixin.py:188} INFO - Uploaded /tmp/minio_downloads/inventory_190350522777.parquet -> @inventory stage
[2026-07-04T14:49:33.389+0000] {logging_mixin.py:188} INFO - Uploaded /tmp/minio_downloads/inventory_190350664011.parquet -> @inventory stage
[2026-07-04T14:49:34.001+0000] {logging_mixin.py:188} INFO - Uploaded /tmp/minio_downloads/inventory_190350793089.parquet -> @inventory stage
[2026-07-04T14:49:34.514+0000] {logging_mixin.py:188} INFO - Uploaded /tmp/minio_downloads/inventory_190350901771.parquet -> @inventory stage
[2026-07-04T14:49:35.125+0000] {logging_mixin.py:188} INFO - Uploaded /tmp/minio_downloads/inventory_190351017118.parquet -> @inventory stage
[2026-07-04T14:49:35.744+0000] {logging_mixin.py:188} INFO - Uploaded /tmp/minio_downloads/inventory_190351144679.parquet -> @inventory stage
[2026-07-04T14:49:36.356+0000] {logging_mixin.py:188} INFO - Uploaded /tmp/minio_downloads/inventory_190351258700.parquet -> @inventory stage
[2026-07-04T14:49:36.974+0000] {logging_mixin.py:188} INFO - Uploaded /tmp/minio_downloads/inventory_190351389306.parquet -> @inventory stage
[2026-07-04T14:49:37.588+0000] {logging_mixin.py:188} INFO - Uploaded /tmp/minio_downloads/inventory_190351504189.parquet -> @inventory stage
[2026-07-04T14:49:38.197+0000] {logging_mixin.py:188} INFO - Uploaded /tmp/minio_downloads/inventory_190351628768.parquet -> @inventory stage
[2026-07-04T14:49:38.815+0000] {logging_mixin.py:188} INFO - Uploaded /tmp/minio_downloads/inventory_190351747997.parquet -> @inventory stage
[2026-07-04T14:49:39.426+0000] {logging_mixin.py:188} INFO - Uploaded /tmp/minio_downloads/inventory_190351855842.parquet -> @inventory stage
[2026-07-04T14:49:40.036+0000] {logging_mixin.py:188} INFO - Uploaded /tmp/minio_downloads/inventory_190351987803.parquet -> @inventory stage
[2026-07-04T14:49:40.651+0000] {logging_mixin.py:188} INFO - Uploaded /tmp/minio_downloads/inventory_190352110850.parquet -> @inventory stage
[2026-07-04T14:49:41.265+0000] {logging_mixin.py:188} INFO - Uploaded /tmp/minio_downloads/inventory_190352285679.parquet -> @inventory stage
[2026-07-04T14:49:41.884+0000] {logging_mixin.py:188} INFO - Uploaded /tmp/minio_downloads/inventory_190352418270.parquet -> @inventory stage
[2026-07-04T14:49:42.599+0000] {logging_mixin.py:188} INFO - Uploaded /tmp/minio_downloads/inventory_190352523345.parquet -> @inventory stage
[2026-07-04T14:49:43.216+0000] {logging_mixin.py:188} INFO - Uploaded /tmp/minio_downloads/inventory_190352637108.parquet -> @inventory stage
[2026-07-04T14:49:43.933+0000] {logging_mixin.py:188} INFO - Uploaded /tmp/minio_downloads/inventory_190352734899.parquet -> @inventory stage
[2026-07-04T14:49:44.550+0000] {logging_mixin.py:188} INFO - Uploaded /tmp/minio_downloads/inventory_190352849036.parquet -> @inventory stage
[2026-07-04T14:49:45.158+0000] {logging_mixin.py:188} INFO - Uploaded /tmp/minio_downloads/inventory_190352934594.parquet -> @inventory stage
[2026-07-04T14:49:45.775+0000] {logging_mixin.py:188} INFO - Uploaded /tmp/minio_downloads/inventory_190353043508.parquet -> @inventory stage
[2026-07-04T14:49:46.388+0000] {logging_mixin.py:188} INFO - Uploaded /tmp/minio_downloads/inventory_190353134043.parquet -> @inventory stage
[2026-07-04T14:49:47.001+0000] {logging_mixin.py:188} INFO - Uploaded /tmp/minio_downloads/inventory_190353232446.parquet -> @inventory stage
[2026-07-04T14:49:47.618+0000] {logging_mixin.py:188} INFO - Uploaded /tmp/minio_downloads/inventory_190353314431.parquet -> @inventory stage
[2026-07-04T14:49:48.234+0000] {logging_mixin.py:188} INFO - Uploaded /tmp/minio_downloads/inventory_190353413572.parquet -> @inventory stage
[2026-07-04T14:49:48.852+0000] {logging_mixin.py:188} INFO - Uploaded /tmp/minio_downloads/inventory_190353504384.parquet -> @inventory stage
[2026-07-04T14:49:49.459+0000] {logging_mixin.py:188} INFO - Uploaded /tmp/minio_downloads/inventory_190353598314.parquet -> @inventory stage
[2026-07-04T14:49:50.078+0000] {logging_mixin.py:188} INFO - Uploaded /tmp/minio_downloads/inventory_190353688126.parquet -> @inventory stage
[2026-07-04T14:49:50.689+0000] {logging_mixin.py:188} INFO - Uploaded /tmp/minio_downloads/inventory_190353793120.parquet -> @inventory stage
[2026-07-04T14:49:51.257+0000] {logging_mixin.py:188} INFO - Uploaded /tmp/minio_downloads/inventory_190353902760.parquet -> @inventory stage
[2026-07-04T14:49:51.867+0000] {logging_mixin.py:188} INFO - Uploaded /tmp/minio_downloads/inventory_190353982531.parquet -> @inventory stage
[2026-07-04T14:49:52.446+0000] {logging_mixin.py:188} INFO - Uploaded /tmp/minio_downloads/inventory_190354173953.parquet -> @inventory stage
[2026-07-04T14:49:53.049+0000] {logging_mixin.py:188} INFO - Uploaded /tmp/minio_downloads/inventory_190354293177.parquet -> @inventory stage
[2026-07-04T14:49:53.664+0000] {logging_mixin.py:188} INFO - Uploaded /tmp/minio_downloads/inventory_190354396418.parquet -> @inventory stage
[2026-07-04T14:49:54.275+0000] {logging_mixin.py:188} INFO - Uploaded /tmp/minio_downloads/inventory_190354491594.parquet -> @inventory stage
[2026-07-04T14:49:54.892+0000] {logging_mixin.py:188} INFO - Uploaded /tmp/minio_downloads/inventory_190354596652.parquet -> @inventory stage
[2026-07-04T14:49:55.503+0000] {logging_mixin.py:188} INFO - Uploaded /tmp/minio_downloads/inventory_190354688453.parquet -> @inventory stage
[2026-07-04T14:49:56.120+0000] {logging_mixin.py:188} INFO - Uploaded /tmp/minio_downloads/inventory_190354788941.parquet -> @inventory stage
[2026-07-04T14:49:56.734+0000] {logging_mixin.py:188} INFO - Uploaded /tmp/minio_downloads/inventory_190354896942.parquet -> @inventory stage
[2026-07-04T14:49:57.350+0000] {logging_mixin.py:188} INFO - Uploaded /tmp/minio_downloads/inventory_190354999220.parquet -> @inventory stage
[2026-07-04T14:49:57.965+0000] {logging_mixin.py:188} INFO - Uploaded /tmp/minio_downloads/inventory_190355100621.parquet -> @inventory stage
[2026-07-04T14:49:58.535+0000] {logging_mixin.py:188} INFO - Uploaded /tmp/minio_downloads/inventory_190355198743.parquet -> @inventory stage
[2026-07-04T14:49:59.092+0000] {logging_mixin.py:188} INFO - Uploaded /tmp/minio_downloads/inventory_190355285055.parquet -> @inventory stage
[2026-07-04T14:49:59.704+0000] {logging_mixin.py:188} INFO - Uploaded /tmp/minio_downloads/inventory_190355378358.parquet -> @inventory stage
[2026-07-04T14:50:00.316+0000] {logging_mixin.py:188} INFO - Uploaded /tmp/minio_downloads/inventory_190355464658.parquet -> @inventory stage
[2026-07-04T14:50:00.812+0000] {logging_mixin.py:188} INFO - Uploaded /tmp/minio_downloads/inventory_190355545762.parquet -> @inventory stage
[2026-07-04T14:50:01.442+0000] {logging_mixin.py:188} INFO - Uploaded /tmp/minio_downloads/inventory_190355635538.parquet -> @inventory stage
[2026-07-04T14:50:02.056+0000] {logging_mixin.py:188} INFO - Uploaded /tmp/minio_downloads/inventory_190355730898.parquet -> @inventory stage
[2026-07-04T14:50:02.671+0000] {logging_mixin.py:188} INFO - Uploaded /tmp/minio_downloads/inventory_190355815094.parquet -> @inventory stage
[2026-07-04T14:50:03.286+0000] {logging_mixin.py:188} INFO - Uploaded /tmp/minio_downloads/inventory_190355931035.parquet -> @inventory stage
[2026-07-04T14:50:03.904+0000] {logging_mixin.py:188} INFO - Uploaded /tmp/minio_downloads/inventory_190356037377.parquet -> @inventory stage
[2026-07-04T14:50:04.516+0000] {logging_mixin.py:188} INFO - Uploaded /tmp/minio_downloads/inventory_190356150258.parquet -> @inventory stage
[2026-07-04T14:50:05.134+0000] {logging_mixin.py:188} INFO - Uploaded /tmp/minio_downloads/inventory_190356252552.parquet -> @inventory stage
[2026-07-04T14:50:05.748+0000] {logging_mixin.py:188} INFO - Uploaded /tmp/minio_downloads/inventory_190356342442.parquet -> @inventory stage
[2026-07-04T14:50:06.363+0000] {logging_mixin.py:188} INFO - Uploaded /tmp/minio_downloads/inventory_190356448118.parquet -> @inventory stage
[2026-07-04T14:50:06.978+0000] {logging_mixin.py:188} INFO - Uploaded /tmp/minio_downloads/inventory_190356544436.parquet -> @inventory stage
[2026-07-04T14:50:07.607+0000] {logging_mixin.py:188} INFO - Uploaded /tmp/minio_downloads/inventory_190356642945.parquet -> @inventory stage
[2026-07-04T14:50:08.301+0000] {logging_mixin.py:188} INFO - Uploaded /tmp/minio_downloads/inventory_190356743986.parquet -> @inventory stage
[2026-07-04T14:50:08.915+0000] {logging_mixin.py:188} INFO - Uploaded /tmp/minio_downloads/inventory_190356832750.parquet -> @inventory stage
[2026-07-04T14:50:09.531+0000] {logging_mixin.py:188} INFO - Uploaded /tmp/minio_downloads/inventory_190356933379.parquet -> @inventory stage
[2026-07-04T14:50:10.143+0000] {logging_mixin.py:188} INFO - Uploaded /tmp/minio_downloads/inventory_190357012548.parquet -> @inventory stage
[2026-07-04T14:50:10.761+0000] {logging_mixin.py:188} INFO - Uploaded /tmp/minio_downloads/inventory_190357102889.parquet -> @inventory stage
[2026-07-04T14:50:11.376+0000] {logging_mixin.py:188} INFO - Uploaded /tmp/minio_downloads/inventory_190357182527.parquet -> @inventory stage
[2026-07-04T14:50:12.091+0000] {logging_mixin.py:188} INFO - Uploaded /tmp/minio_downloads/inventory_190357264087.parquet -> @inventory stage
[2026-07-04T14:50:12.593+0000] {logging_mixin.py:188} INFO - Uploaded /tmp/minio_downloads/inventory_190357363036.parquet -> @inventory stage
[2026-07-04T14:50:13.222+0000] {logging_mixin.py:188} INFO - Uploaded /tmp/minio_downloads/inventory_190357463444.parquet -> @inventory stage
[2026-07-04T14:50:13.833+0000] {logging_mixin.py:188} INFO - Uploaded /tmp/minio_downloads/inventory_190357563772.parquet -> @inventory stage
[2026-07-04T14:50:14.444+0000] {logging_mixin.py:188} INFO - Uploaded /tmp/minio_downloads/inventory_190357662685.parquet -> @inventory stage
[2026-07-04T14:50:15.064+0000] {logging_mixin.py:188} INFO - Uploaded /tmp/minio_downloads/inventory_190357746979.parquet -> @inventory stage
[2026-07-04T14:50:15.675+0000] {logging_mixin.py:188} INFO - Uploaded /tmp/minio_downloads/inventory_190357832369.parquet -> @inventory stage
[2026-07-04T14:50:16.290+0000] {logging_mixin.py:188} INFO - Uploaded /tmp/minio_downloads/inventory_190357927428.parquet -> @inventory stage
[2026-07-04T14:50:16.902+0000] {logging_mixin.py:188} INFO - Uploaded /tmp/minio_downloads/inventory_190358017430.parquet -> @inventory stage
[2026-07-04T14:50:17.520+0000] {logging_mixin.py:188} INFO - Uploaded /tmp/minio_downloads/inventory_190358118219.parquet -> @inventory stage
[2026-07-04T14:50:18.644+0000] {logging_mixin.py:188} INFO - Uploaded /tmp/minio_downloads/inventory_190358229843.parquet -> @inventory stage
[2026-07-04T14:50:19.259+0000] {logging_mixin.py:188} INFO - Uploaded /tmp/minio_downloads/inventory_190358327163.parquet -> @inventory stage
[2026-07-04T14:50:19.872+0000] {logging_mixin.py:188} INFO - Uploaded /tmp/minio_downloads/inventory_190358411563.parquet -> @inventory stage
[2026-07-04T14:50:20.491+0000] {logging_mixin.py:188} INFO - Uploaded /tmp/minio_downloads/inventory_190358517590.parquet -> @inventory stage
[2026-07-04T14:50:21.102+0000] {logging_mixin.py:188} INFO - Uploaded /tmp/minio_downloads/inventory_190358613057.parquet -> @inventory stage
[2026-07-04T14:50:21.721+0000] {logging_mixin.py:188} INFO - Uploaded /tmp/minio_downloads/inventory_190358718123.parquet -> @inventory stage
[2026-07-04T14:50:22.335+0000] {logging_mixin.py:188} INFO - Uploaded /tmp/minio_downloads/inventory_190358817197.parquet -> @inventory stage
[2026-07-04T14:50:22.853+0000] {logging_mixin.py:188} INFO - Uploaded /tmp/minio_downloads/inventory_190358912054.parquet -> @inventory stage
[2026-07-04T14:50:23.366+0000] {logging_mixin.py:188} INFO - Uploaded /tmp/minio_downloads/inventory_190359010413.parquet -> @inventory stage
[2026-07-04T14:50:23.974+0000] {logging_mixin.py:188} INFO - Uploaded /tmp/minio_downloads/inventory_190359095855.parquet -> @inventory stage
[2026-07-04T14:50:24.584+0000] {logging_mixin.py:188} INFO - Uploaded /tmp/minio_downloads/inventory_190359189732.parquet -> @inventory stage
[2026-07-04T14:50:25.200+0000] {logging_mixin.py:188} INFO - Uploaded /tmp/minio_downloads/inventory_190359280350.parquet -> @inventory stage
[2026-07-04T14:50:25.813+0000] {logging_mixin.py:188} INFO - Uploaded /tmp/minio_downloads/inventory_190359359348.parquet -> @inventory stage
[2026-07-04T14:50:26.429+0000] {logging_mixin.py:188} INFO - Uploaded /tmp/minio_downloads/inventory_190359475867.parquet -> @inventory stage
[2026-07-04T14:50:27.045+0000] {logging_mixin.py:188} INFO - Uploaded /tmp/minio_downloads/inventory_190359568033.parquet -> @inventory stage
[2026-07-04T14:50:27.662+0000] {logging_mixin.py:188} INFO - Uploaded /tmp/minio_downloads/inventory_190359666791.parquet -> @inventory stage
[2026-07-04T14:50:28.274+0000] {logging_mixin.py:188} INFO - Uploaded /tmp/minio_downloads/inventory_190359763240.parquet -> @inventory stage
[2026-07-04T14:50:28.891+0000] {logging_mixin.py:188} INFO - Uploaded /tmp/minio_downloads/inventory_190359874322.parquet -> @inventory stage
[2026-07-04T14:50:29.455+0000] {logging_mixin.py:188} INFO - Uploaded /tmp/minio_downloads/inventory_190359968137.parquet -> @inventory stage
[2026-07-04T14:50:30.113+0000] {logging_mixin.py:188} INFO - Uploaded /tmp/minio_downloads/inventory_190400070670.parquet -> @inventory stage
[2026-07-04T14:50:30.730+0000] {logging_mixin.py:188} INFO - Uploaded /tmp/minio_downloads/inventory_190400175545.parquet -> @inventory stage
[2026-07-04T14:50:31.346+0000] {logging_mixin.py:188} INFO - Uploaded /tmp/minio_downloads/inventory_190400286441.parquet -> @inventory stage
[2026-07-04T14:50:31.962+0000] {logging_mixin.py:188} INFO - Uploaded /tmp/minio_downloads/inventory_190400411069.parquet -> @inventory stage
[2026-07-04T14:50:32.534+0000] {logging_mixin.py:188} INFO - Uploaded /tmp/minio_downloads/inventory_190400522150.parquet -> @inventory stage
[2026-07-04T14:50:33.186+0000] {logging_mixin.py:188} INFO - Uploaded /tmp/minio_downloads/inventory_190400621091.parquet -> @inventory stage
[2026-07-04T14:50:33.802+0000] {logging_mixin.py:188} INFO - Uploaded /tmp/minio_downloads/inventory_190400735321.parquet -> @inventory stage
[2026-07-04T14:50:34.420+0000] {logging_mixin.py:188} INFO - Uploaded /tmp/minio_downloads/inventory_190400868388.parquet -> @inventory stage
[2026-07-04T14:50:35.032+0000] {logging_mixin.py:188} INFO - Uploaded /tmp/minio_downloads/inventory_190400984595.parquet -> @inventory stage
[2026-07-04T14:50:35.645+0000] {logging_mixin.py:188} INFO - Uploaded /tmp/minio_downloads/inventory_190401075099.parquet -> @inventory stage
[2026-07-04T14:50:36.266+0000] {logging_mixin.py:188} INFO - Uploaded /tmp/minio_downloads/inventory_190401163737.parquet -> @inventory stage
[2026-07-04T14:50:36.878+0000] {logging_mixin.py:188} INFO - Uploaded /tmp/minio_downloads/inventory_190401268868.parquet -> @inventory stage
[2026-07-04T14:50:37.494+0000] {logging_mixin.py:188} INFO - Uploaded /tmp/minio_downloads/inventory_190401401529.parquet -> @inventory stage
[2026-07-04T14:50:38.101+0000] {logging_mixin.py:188} INFO - Uploaded /tmp/minio_downloads/inventory_190401513899.parquet -> @inventory stage
[2026-07-04T14:50:38.712+0000] {logging_mixin.py:188} INFO - Uploaded /tmp/minio_downloads/inventory_190401645594.parquet -> @inventory stage
[2026-07-04T14:50:39.325+0000] {logging_mixin.py:188} INFO - Uploaded /tmp/minio_downloads/inventory_190401922600.parquet -> @inventory stage
[2026-07-04T14:50:39.941+0000] {logging_mixin.py:188} INFO - Uploaded /tmp/minio_downloads/inventory_190402089790.parquet -> @inventory stage
[2026-07-04T14:50:40.507+0000] {logging_mixin.py:188} INFO - Uploaded /tmp/minio_downloads/inventory_190402234190.parquet -> @inventory stage
[2026-07-04T14:50:41.174+0000] {logging_mixin.py:188} INFO - Uploaded /tmp/minio_downloads/inventory_190402377066.parquet -> @inventory stage
[2026-07-04T14:50:41.787+0000] {logging_mixin.py:188} INFO - Uploaded /tmp/minio_downloads/inventory_190402528043.parquet -> @inventory stage
[2026-07-04T14:50:42.402+0000] {logging_mixin.py:188} INFO - Uploaded /tmp/minio_downloads/inventory_190402692665.parquet -> @inventory stage
[2026-07-04T14:50:43.018+0000] {logging_mixin.py:188} INFO - Uploaded /tmp/minio_downloads/inventory_190402864579.parquet -> @inventory stage
[2026-07-04T14:50:43.630+0000] {logging_mixin.py:188} INFO - Uploaded /tmp/minio_downloads/inventory_190403063216.parquet -> @inventory stage
[2026-07-04T14:50:44.242+0000] {logging_mixin.py:188} INFO - Uploaded /tmp/minio_downloads/inventory_190403212030.parquet -> @inventory stage
[2026-07-04T14:50:44.860+0000] {logging_mixin.py:188} INFO - Uploaded /tmp/minio_downloads/inventory_190403342436.parquet -> @inventory stage
[2026-07-04T14:50:45.474+0000] {logging_mixin.py:188} INFO - Uploaded /tmp/minio_downloads/inventory_190403460158.parquet -> @inventory stage
[2026-07-04T14:50:46.090+0000] {logging_mixin.py:188} INFO - Uploaded /tmp/minio_downloads/inventory_190403567225.parquet -> @inventory stage
[2026-07-04T14:50:46.703+0000] {logging_mixin.py:188} INFO - Uploaded /tmp/minio_downloads/inventory_190403666245.parquet -> @inventory stage
[2026-07-04T14:50:47.320+0000] {logging_mixin.py:188} INFO - Uploaded /tmp/minio_downloads/inventory_190403756935.parquet -> @inventory stage
[2026-07-04T14:50:47.932+0000] {logging_mixin.py:188} INFO - Uploaded /tmp/minio_downloads/inventory_190403861948.parquet -> @inventory stage
[2026-07-04T14:50:48.652+0000] {logging_mixin.py:188} INFO - Uploaded /tmp/minio_downloads/inventory_190403952838.parquet -> @inventory stage
[2026-07-04T14:50:49.261+0000] {logging_mixin.py:188} INFO - Uploaded /tmp/minio_downloads/inventory_190404058101.parquet -> @inventory stage
[2026-07-04T14:50:49.851+0000] {logging_mixin.py:188} INFO - Uploaded /tmp/minio_downloads/inventory_190404170943.parquet -> @inventory stage
[2026-07-04T14:50:50.495+0000] {logging_mixin.py:188} INFO - Uploaded /tmp/minio_downloads/inventory_190404281005.parquet -> @inventory stage
[2026-07-04T14:50:51.109+0000] {logging_mixin.py:188} INFO - Uploaded /tmp/minio_downloads/inventory_190404391845.parquet -> @inventory stage
[2026-07-04T14:50:52.335+0000] {logging_mixin.py:188} INFO - Uploaded /tmp/minio_downloads/inventory_190404483224.parquet -> @inventory stage
[2026-07-04T14:50:52.948+0000] {logging_mixin.py:188} INFO - Uploaded /tmp/minio_downloads/inventory_190404577048.parquet -> @inventory stage
[2026-07-04T14:50:53.566+0000] {logging_mixin.py:188} INFO - Uploaded /tmp/minio_downloads/inventory_190404697808.parquet -> @inventory stage
[2026-07-04T14:50:54.178+0000] {logging_mixin.py:188} INFO - Uploaded /tmp/minio_downloads/inventory_190404809356.parquet -> @inventory stage
[2026-07-04T14:50:54.793+0000] {logging_mixin.py:188} INFO - Uploaded /tmp/minio_downloads/inventory_190404905673.parquet -> @inventory stage
[2026-07-04T14:50:55.412+0000] {logging_mixin.py:188} INFO - Uploaded /tmp/minio_downloads/inventory_190404991366.parquet -> @inventory stage
[2026-07-04T14:50:56.020+0000] {logging_mixin.py:188} INFO - Uploaded /tmp/minio_downloads/inventory_190405091713.parquet -> @inventory stage
[2026-07-04T14:50:56.636+0000] {logging_mixin.py:188} INFO - Uploaded /tmp/minio_downloads/inventory_190405195838.parquet -> @inventory stage
[2026-07-04T14:50:57.249+0000] {logging_mixin.py:188} INFO - Uploaded /tmp/minio_downloads/inventory_190405327642.parquet -> @inventory stage
[2026-07-04T14:50:57.866+0000] {logging_mixin.py:188} INFO - Uploaded /tmp/minio_downloads/inventory_190405441003.parquet -> @inventory stage
[2026-07-04T14:50:58.484+0000] {logging_mixin.py:188} INFO - Uploaded /tmp/minio_downloads/inventory_190405768345.parquet -> @inventory stage
[2026-07-04T14:50:59.030+0000] {logging_mixin.py:188} INFO - Uploaded /tmp/minio_downloads/inventory_190405922758.parquet -> @inventory stage
[2026-07-04T14:50:59.713+0000] {logging_mixin.py:188} INFO - Uploaded /tmp/minio_downloads/inventory_190406063831.parquet -> @inventory stage
[2026-07-04T14:51:00.275+0000] {logging_mixin.py:188} INFO - Uploaded /tmp/minio_downloads/inventory_190406207455.parquet -> @inventory stage
[2026-07-04T14:51:00.838+0000] {logging_mixin.py:188} INFO - Uploaded /tmp/minio_downloads/inventory_190406333464.parquet -> @inventory stage
[2026-07-04T14:51:01.453+0000] {logging_mixin.py:188} INFO - Uploaded /tmp/minio_downloads/inventory_190406451765.parquet -> @inventory stage
[2026-07-04T14:51:02.064+0000] {logging_mixin.py:188} INFO - Uploaded /tmp/minio_downloads/inventory_190406578003.parquet -> @inventory stage
[2026-07-04T14:51:02.677+0000] {logging_mixin.py:188} INFO - Uploaded /tmp/minio_downloads/inventory_190406701870.parquet -> @inventory stage
[2026-07-04T14:51:03.293+0000] {logging_mixin.py:188} INFO - Uploaded /tmp/minio_downloads/inventory_190406885857.parquet -> @inventory stage
[2026-07-04T14:51:03.905+0000] {logging_mixin.py:188} INFO - Uploaded /tmp/minio_downloads/inventory_190407051594.parquet -> @inventory stage
[2026-07-04T14:51:04.521+0000] {logging_mixin.py:188} INFO - Uploaded /tmp/minio_downloads/inventory_190407210704.parquet -> @inventory stage
[2026-07-04T14:51:05.135+0000] {logging_mixin.py:188} INFO - Uploaded /tmp/minio_downloads/inventory_190407350563.parquet -> @inventory stage
[2026-07-04T14:51:05.750+0000] {logging_mixin.py:188} INFO - Uploaded /tmp/minio_downloads/inventory_190407450899.parquet -> @inventory stage
[2026-07-04T14:51:06.310+0000] {logging_mixin.py:188} INFO - Uploaded /tmp/minio_downloads/inventory_190407539272.parquet -> @inventory stage
[2026-07-04T14:51:06.956+0000] {logging_mixin.py:188} INFO - Uploaded /tmp/minio_downloads/inventory_190407638665.parquet -> @inventory stage
[2026-07-04T14:51:07.492+0000] {logging_mixin.py:188} INFO - Uploaded /tmp/minio_downloads/inventory_190407748126.parquet -> @inventory stage
[2026-07-04T14:51:08.101+0000] {logging_mixin.py:188} INFO - Uploaded /tmp/minio_downloads/inventory_190407860341.parquet -> @inventory stage
[2026-07-04T14:51:08.575+0000] {logging_mixin.py:188} INFO - Uploaded /tmp/minio_downloads/inventory_190407968142.parquet -> @inventory stage
[2026-07-04T14:51:09.126+0000] {logging_mixin.py:188} INFO - Uploaded /tmp/minio_downloads/inventory_190408061455.parquet -> @inventory stage
[2026-07-04T14:51:09.686+0000] {logging_mixin.py:188} INFO - Uploaded /tmp/minio_downloads/inventory_190408154686.parquet -> @inventory stage
[2026-07-04T14:51:10.252+0000] {logging_mixin.py:188} INFO - Uploaded /tmp/minio_downloads/inventory_190408236549.parquet -> @inventory stage
[2026-07-04T14:51:10.867+0000] {logging_mixin.py:188} INFO - Uploaded /tmp/minio_downloads/inventory_190408324598.parquet -> @inventory stage
[2026-07-04T14:51:11.481+0000] {logging_mixin.py:188} INFO - Uploaded /tmp/minio_downloads/inventory_190408417180.parquet -> @inventory stage
[2026-07-04T14:51:12.095+0000] {logging_mixin.py:188} INFO - Uploaded /tmp/minio_downloads/inventory_190408498064.parquet -> @inventory stage
[2026-07-04T14:51:12.710+0000] {logging_mixin.py:188} INFO - Uploaded /tmp/minio_downloads/inventory_190408578114.parquet -> @inventory stage
[2026-07-04T14:51:13.325+0000] {logging_mixin.py:188} INFO - Uploaded /tmp/minio_downloads/inventory_190408668220.parquet -> @inventory stage
[2026-07-04T14:51:13.940+0000] {logging_mixin.py:188} INFO - Uploaded /tmp/minio_downloads/inventory_190408741292.parquet -> @inventory stage
[2026-07-04T14:51:14.456+0000] {logging_mixin.py:188} INFO - Uploaded /tmp/minio_downloads/inventory_190408821926.parquet -> @inventory stage
[2026-07-04T14:51:15.065+0000] {logging_mixin.py:188} INFO - Uploaded /tmp/minio_downloads/inventory_190408896694.parquet -> @inventory stage
[2026-07-04T14:51:15.682+0000] {logging_mixin.py:188} INFO - Uploaded /tmp/minio_downloads/inventory_190408968724.parquet -> @inventory stage
[2026-07-04T14:51:16.296+0000] {logging_mixin.py:188} INFO - Uploaded /tmp/minio_downloads/inventory_190409049550.parquet -> @inventory stage
[2026-07-04T14:51:16.914+0000] {logging_mixin.py:188} INFO - Uploaded /tmp/minio_downloads/inventory_190409126158.parquet -> @inventory stage
[2026-07-04T14:51:17.527+0000] {logging_mixin.py:188} INFO - Uploaded /tmp/minio_downloads/inventory_190409214538.parquet -> @inventory stage
[2026-07-04T14:51:18.144+0000] {logging_mixin.py:188} INFO - Uploaded /tmp/minio_downloads/inventory_190409306347.parquet -> @inventory stage
[2026-07-04T14:51:18.753+0000] {logging_mixin.py:188} INFO - Uploaded /tmp/minio_downloads/inventory_190409385374.parquet -> @inventory stage
[2026-07-04T14:51:19.368+0000] {logging_mixin.py:188} INFO - Uploaded /tmp/minio_downloads/inventory_190409453824.parquet -> @inventory stage
[2026-07-04T14:51:19.984+0000] {logging_mixin.py:188} INFO - Uploaded /tmp/minio_downloads/inventory_190409553817.parquet -> @inventory stage
[2026-07-04T14:51:20.601+0000] {logging_mixin.py:188} INFO - Uploaded /tmp/minio_downloads/inventory_190409634034.parquet -> @inventory stage
[2026-07-04T14:51:21.217+0000] {logging_mixin.py:188} INFO - Uploaded /tmp/minio_downloads/inventory_190409727568.parquet -> @inventory stage
[2026-07-04T14:51:21.756+0000] {logging_mixin.py:188} INFO - Uploaded /tmp/minio_downloads/inventory_190409802200.parquet -> @inventory stage
[2026-07-04T14:51:22.440+0000] {logging_mixin.py:188} INFO - Uploaded /tmp/minio_downloads/inventory_190409894272.parquet -> @inventory stage
[2026-07-04T14:51:23.060+0000] {logging_mixin.py:188} INFO - Uploaded /tmp/minio_downloads/inventory_190409967241.parquet -> @inventory stage
[2026-07-04T14:51:23.671+0000] {logging_mixin.py:188} INFO - Uploaded /tmp/minio_downloads/inventory_190410034910.parquet -> @inventory stage
[2026-07-04T14:51:24.285+0000] {logging_mixin.py:188} INFO - Uploaded /tmp/minio_downloads/inventory_190410149403.parquet -> @inventory stage
[2026-07-04T14:51:24.903+0000] {logging_mixin.py:188} INFO - Uploaded /tmp/minio_downloads/inventory_190410242222.parquet -> @inventory stage
[2026-07-04T14:51:25.512+0000] {logging_mixin.py:188} INFO - Uploaded /tmp/minio_downloads/inventory_190410328881.parquet -> @inventory stage
[2026-07-04T14:51:26.128+0000] {logging_mixin.py:188} INFO - Uploaded /tmp/minio_downloads/inventory_190410401938.parquet -> @inventory stage
[2026-07-04T14:51:26.742+0000] {logging_mixin.py:188} INFO - Uploaded /tmp/minio_downloads/inventory_190410484537.parquet -> @inventory stage
[2026-07-04T14:51:27.664+0000] {logging_mixin.py:188} INFO - Uploaded /tmp/minio_downloads/inventory_190410564643.parquet -> @inventory stage
[2026-07-04T14:51:28.284+0000] {logging_mixin.py:188} INFO - Uploaded /tmp/minio_downloads/inventory_190410641048.parquet -> @inventory stage
[2026-07-04T14:51:28.885+0000] {logging_mixin.py:188} INFO - Uploaded /tmp/minio_downloads/inventory_190410754687.parquet -> @inventory stage
[2026-07-04T14:51:29.471+0000] {logging_mixin.py:188} INFO - Uploaded /tmp/minio_downloads/inventory_190410927384.parquet -> @inventory stage
[2026-07-04T14:51:30.022+0000] {logging_mixin.py:188} INFO - Uploaded /tmp/minio_downloads/inventory_190411083821.parquet -> @inventory stage
[2026-07-04T14:51:30.633+0000] {logging_mixin.py:188} INFO - Uploaded /tmp/minio_downloads/inventory_190411194582.parquet -> @inventory stage
[2026-07-04T14:51:31.662+0000] {logging_mixin.py:188} INFO - Uploaded /tmp/minio_downloads/inventory_190411299216.parquet -> @inventory stage
[2026-07-04T14:51:32.276+0000] {logging_mixin.py:188} INFO - Uploaded /tmp/minio_downloads/inventory_190411415627.parquet -> @inventory stage
[2026-07-04T14:51:32.893+0000] {logging_mixin.py:188} INFO - Uploaded /tmp/minio_downloads/inventory_190411527045.parquet -> @inventory stage
[2026-07-04T14:51:33.504+0000] {logging_mixin.py:188} INFO - Uploaded /tmp/minio_downloads/inventory_190411646232.parquet -> @inventory stage
[2026-07-04T14:51:34.126+0000] {logging_mixin.py:188} INFO - Uploaded /tmp/minio_downloads/inventory_190411758774.parquet -> @inventory stage
[2026-07-04T14:51:34.733+0000] {logging_mixin.py:188} INFO - Uploaded /tmp/minio_downloads/inventory_190724121773.parquet -> @inventory stage
[2026-07-04T14:51:35.346+0000] {logging_mixin.py:188} INFO - Uploaded /tmp/minio_downloads/inventory_190724211291.parquet -> @inventory stage
[2026-07-04T14:51:35.959+0000] {logging_mixin.py:188} INFO - Uploaded /tmp/minio_downloads/inventory_190724280595.parquet -> @inventory stage
[2026-07-04T14:51:36.575+0000] {logging_mixin.py:188} INFO - Uploaded /tmp/minio_downloads/inventory_190724362119.parquet -> @inventory stage
[2026-07-04T14:51:37.192+0000] {logging_mixin.py:188} INFO - Uploaded /tmp/minio_downloads/inventory_190724434367.parquet -> @inventory stage
[2026-07-04T14:51:37.807+0000] {logging_mixin.py:188} INFO - Uploaded /tmp/minio_downloads/inventory_190724523271.parquet -> @inventory stage
[2026-07-04T14:51:38.412+0000] {logging_mixin.py:188} INFO - Uploaded /tmp/minio_downloads/inventory_190724613577.parquet -> @inventory stage
[2026-07-04T14:51:39.030+0000] {logging_mixin.py:188} INFO - Uploaded /tmp/minio_downloads/inventory_190724684982.parquet -> @inventory stage
[2026-07-04T14:51:39.645+0000] {logging_mixin.py:188} INFO - Uploaded /tmp/minio_downloads/inventory_190724769728.parquet -> @inventory stage
[2026-07-04T14:51:40.254+0000] {logging_mixin.py:188} INFO - Uploaded /tmp/minio_downloads/inventory_190724876223.parquet -> @inventory stage
[2026-07-04T14:51:40.874+0000] {logging_mixin.py:188} INFO - Uploaded /tmp/minio_downloads/inventory_190725006023.parquet -> @inventory stage
[2026-07-04T14:51:41.487+0000] {logging_mixin.py:188} INFO - Uploaded /tmp/minio_downloads/inventory_190725151453.parquet -> @inventory stage
[2026-07-04T14:51:42.103+0000] {logging_mixin.py:188} INFO - Uploaded /tmp/minio_downloads/inventory_190725265170.parquet -> @inventory stage
[2026-07-04T14:51:42.711+0000] {logging_mixin.py:188} INFO - Uploaded /tmp/minio_downloads/inventory_190725384561.parquet -> @inventory stage
[2026-07-04T14:51:43.333+0000] {logging_mixin.py:188} INFO - Uploaded /tmp/minio_downloads/inventory_190725501265.parquet -> @inventory stage
[2026-07-04T14:51:43.947+0000] {logging_mixin.py:188} INFO - Uploaded /tmp/minio_downloads/inventory_190725598476.parquet -> @inventory stage
[2026-07-04T14:51:44.558+0000] {logging_mixin.py:188} INFO - Uploaded /tmp/minio_downloads/inventory_190725691197.parquet -> @inventory stage
[2026-07-04T14:51:45.175+0000] {logging_mixin.py:188} INFO - Uploaded /tmp/minio_downloads/inventory_190725785018.parquet -> @inventory stage
[2026-07-04T14:51:45.787+0000] {logging_mixin.py:188} INFO - Uploaded /tmp/minio_downloads/inventory_190725900286.parquet -> @inventory stage
[2026-07-04T14:51:46.406+0000] {logging_mixin.py:188} INFO - Uploaded /tmp/minio_downloads/inventory_190726015154.parquet -> @inventory stage
[2026-07-04T14:51:47.019+0000] {logging_mixin.py:188} INFO - Uploaded /tmp/minio_downloads/inventory_190726119453.parquet -> @inventory stage
[2026-07-04T14:51:47.630+0000] {logging_mixin.py:188} INFO - Uploaded /tmp/minio_downloads/inventory_190726213632.parquet -> @inventory stage
[2026-07-04T14:51:48.248+0000] {logging_mixin.py:188} INFO - Uploaded /tmp/minio_downloads/inventory_190726325482.parquet -> @inventory stage
[2026-07-04T14:51:48.859+0000] {logging_mixin.py:188} INFO - Uploaded /tmp/minio_downloads/inventory_190726437915.parquet -> @inventory stage
[2026-07-04T14:51:49.472+0000] {logging_mixin.py:188} INFO - Uploaded /tmp/minio_downloads/inventory_190726534603.parquet -> @inventory stage
[2026-07-04T14:51:50.087+0000] {logging_mixin.py:188} INFO - Uploaded /tmp/minio_downloads/inventory_190726637681.parquet -> @inventory stage
[2026-07-04T14:51:50.706+0000] {logging_mixin.py:188} INFO - Uploaded /tmp/minio_downloads/inventory_190726740347.parquet -> @inventory stage
[2026-07-04T14:51:51.321+0000] {logging_mixin.py:188} INFO - Uploaded /tmp/minio_downloads/inventory_190726827348.parquet -> @inventory stage
[2026-07-04T14:51:51.929+0000] {logging_mixin.py:188} INFO - Uploaded /tmp/minio_downloads/inventory_190726925999.parquet -> @inventory stage
[2026-07-04T14:51:52.545+0000] {logging_mixin.py:188} INFO - Uploaded /tmp/minio_downloads/inventory_190727024460.parquet -> @inventory stage
[2026-07-04T14:51:53.162+0000] {logging_mixin.py:188} INFO - Uploaded /tmp/minio_downloads/inventory_190727115161.parquet -> @inventory stage
[2026-07-04T14:51:53.738+0000] {logging_mixin.py:188} INFO - Uploaded /tmp/minio_downloads/inventory_190727229372.parquet -> @inventory stage
[2026-07-04T14:51:54.383+0000] {logging_mixin.py:188} INFO - Uploaded /tmp/minio_downloads/inventory_190727343222.parquet -> @inventory stage
[2026-07-04T14:51:55.003+0000] {logging_mixin.py:188} INFO - Uploaded /tmp/minio_downloads/inventory_190727453763.parquet -> @inventory stage
[2026-07-04T14:51:55.621+0000] {logging_mixin.py:188} INFO - Uploaded /tmp/minio_downloads/inventory_190727550852.parquet -> @inventory stage
[2026-07-04T14:51:56.237+0000] {logging_mixin.py:188} INFO - Uploaded /tmp/minio_downloads/inventory_190727641802.parquet -> @inventory stage
[2026-07-04T14:51:56.847+0000] {logging_mixin.py:188} INFO - Uploaded /tmp/minio_downloads/inventory_190727757222.parquet -> @inventory stage
[2026-07-04T14:51:57.463+0000] {logging_mixin.py:188} INFO - Uploaded /tmp/minio_downloads/inventory_190727842781.parquet -> @inventory stage
[2026-07-04T14:51:58.076+0000] {logging_mixin.py:188} INFO - Uploaded /tmp/minio_downloads/inventory_190727960068.parquet -> @inventory stage
[2026-07-04T14:51:58.691+0000] {logging_mixin.py:188} INFO - Uploaded /tmp/minio_downloads/inventory_190728058711.parquet -> @inventory stage
[2026-07-04T14:51:59.185+0000] {logging_mixin.py:188} INFO - Uploaded /tmp/minio_downloads/inventory_190728245349.parquet -> @inventory stage
[2026-07-04T14:51:59.818+0000] {logging_mixin.py:188} INFO - Uploaded /tmp/minio_downloads/inventory_190728347720.parquet -> @inventory stage
[2026-07-04T14:52:00.431+0000] {logging_mixin.py:188} INFO - Uploaded /tmp/minio_downloads/inventory_190728460261.parquet -> @inventory stage
[2026-07-04T14:52:01.028+0000] {logging_mixin.py:188} INFO - Uploaded /tmp/minio_downloads/inventory_190728563487.parquet -> @inventory stage
[2026-07-04T14:52:01.561+0000] {logging_mixin.py:188} INFO - Uploaded /tmp/minio_downloads/inventory_190728663680.parquet -> @inventory stage
[2026-07-04T14:52:02.175+0000] {logging_mixin.py:188} INFO - Uploaded /tmp/minio_downloads/inventory_190728760159.parquet -> @inventory stage
[2026-07-04T14:52:02.790+0000] {logging_mixin.py:188} INFO - Uploaded /tmp/minio_downloads/inventory_190728840548.parquet -> @inventory stage
[2026-07-04T14:52:03.407+0000] {logging_mixin.py:188} INFO - Uploaded /tmp/minio_downloads/inventory_190728959773.parquet -> @inventory stage
[2026-07-04T14:52:04.020+0000] {logging_mixin.py:188} INFO - Uploaded /tmp/minio_downloads/inventory_190729057471.parquet -> @inventory stage
[2026-07-04T14:52:04.632+0000] {logging_mixin.py:188} INFO - Uploaded /tmp/minio_downloads/inventory_190729160189.parquet -> @inventory stage
[2026-07-04T14:52:05.248+0000] {logging_mixin.py:188} INFO - Uploaded /tmp/minio_downloads/inventory_190729263647.parquet -> @inventory stage
[2026-07-04T14:52:05.859+0000] {logging_mixin.py:188} INFO - Uploaded /tmp/minio_downloads/inventory_190729356034.parquet -> @inventory stage
[2026-07-04T14:52:06.473+0000] {logging_mixin.py:188} INFO - Uploaded /tmp/minio_downloads/inventory_190729459574.parquet -> @inventory stage
[2026-07-04T14:52:07.089+0000] {logging_mixin.py:188} INFO - Uploaded /tmp/minio_downloads/inventory_190729559650.parquet -> @inventory stage
[2026-07-04T14:52:07.707+0000] {logging_mixin.py:188} INFO - Uploaded /tmp/minio_downloads/inventory_190729655449.parquet -> @inventory stage
[2026-07-04T14:52:08.318+0000] {logging_mixin.py:188} INFO - Uploaded /tmp/minio_downloads/inventory_190729759915.parquet -> @inventory stage
[2026-07-04T14:52:08.930+0000] {logging_mixin.py:188} INFO - Uploaded /tmp/minio_downloads/inventory_190729874178.parquet -> @inventory stage
[2026-07-04T14:52:09.710+0000] {logging_mixin.py:188} INFO - Uploaded /tmp/minio_downloads/inventory_190729983117.parquet -> @inventory stage
[2026-07-04T14:52:10.363+0000] {logging_mixin.py:188} INFO - Uploaded /tmp/minio_downloads/inventory_190730074671.parquet -> @inventory stage
[2026-07-04T14:52:10.981+0000] {logging_mixin.py:188} INFO - Uploaded /tmp/minio_downloads/inventory_190730168753.parquet -> @inventory stage
[2026-07-04T14:52:11.596+0000] {logging_mixin.py:188} INFO - Uploaded /tmp/minio_downloads/inventory_190730261927.parquet -> @inventory stage
[2026-07-04T14:52:12.826+0000] {logging_mixin.py:188} INFO - Uploaded /tmp/minio_downloads/inventory_190730373804.parquet -> @inventory stage
[2026-07-04T14:52:13.434+0000] {logging_mixin.py:188} INFO - Uploaded /tmp/minio_downloads/inventory_190730477763.parquet -> @inventory stage
[2026-07-04T14:52:14.051+0000] {logging_mixin.py:188} INFO - Uploaded /tmp/minio_downloads/inventory_190730598498.parquet -> @inventory stage
[2026-07-04T14:52:14.668+0000] {logging_mixin.py:188} INFO - Uploaded /tmp/minio_downloads/inventory_190730691789.parquet -> @inventory stage
[2026-07-04T14:52:15.281+0000] {logging_mixin.py:188} INFO - Uploaded /tmp/minio_downloads/inventory_190730777279.parquet -> @inventory stage
[2026-07-04T14:52:15.900+0000] {logging_mixin.py:188} INFO - Uploaded /tmp/minio_downloads/inventory_190730854425.parquet -> @inventory stage
[2026-07-04T14:52:16.509+0000] {logging_mixin.py:188} INFO - Uploaded /tmp/minio_downloads/inventory_190730966242.parquet -> @inventory stage
[2026-07-04T14:52:17.127+0000] {logging_mixin.py:188} INFO - Uploaded /tmp/minio_downloads/inventory_190731065527.parquet -> @inventory stage
[2026-07-04T14:52:17.738+0000] {logging_mixin.py:188} INFO - Uploaded /tmp/minio_downloads/inventory_190731160196.parquet -> @inventory stage
[2026-07-04T14:52:18.356+0000] {logging_mixin.py:188} INFO - Uploaded /tmp/minio_downloads/inventory_190731253099.parquet -> @inventory stage
[2026-07-04T14:52:18.969+0000] {logging_mixin.py:188} INFO - Uploaded /tmp/minio_downloads/inventory_190731340560.parquet -> @inventory stage
[2026-07-04T14:52:19.581+0000] {logging_mixin.py:188} INFO - Uploaded /tmp/minio_downloads/inventory_190731431365.parquet -> @inventory stage
[2026-07-04T14:52:20.196+0000] {logging_mixin.py:188} INFO - Uploaded /tmp/minio_downloads/inventory_190731529586.parquet -> @inventory stage
[2026-07-04T14:52:20.815+0000] {logging_mixin.py:188} INFO - Uploaded /tmp/minio_downloads/inventory_190731643222.parquet -> @inventory stage
[2026-07-04T14:52:21.428+0000] {logging_mixin.py:188} INFO - Uploaded /tmp/minio_downloads/inventory_190731742869.parquet -> @inventory stage
[2026-07-04T14:52:22.037+0000] {logging_mixin.py:188} INFO - Uploaded /tmp/minio_downloads/inventory_190731847895.parquet -> @inventory stage
[2026-07-04T14:52:22.655+0000] {logging_mixin.py:188} INFO - Uploaded /tmp/minio_downloads/inventory_190731956151.parquet -> @inventory stage
[2026-07-04T14:52:23.272+0000] {logging_mixin.py:188} INFO - Uploaded /tmp/minio_downloads/inventory_190732042536.parquet -> @inventory stage
[2026-07-04T14:52:23.882+0000] {logging_mixin.py:188} INFO - Uploaded /tmp/minio_downloads/inventory_190732152479.parquet -> @inventory stage
[2026-07-04T14:52:24.604+0000] {logging_mixin.py:188} INFO - Uploaded /tmp/minio_downloads/inventory_190732254851.parquet -> @inventory stage
[2026-07-04T14:52:25.167+0000] {logging_mixin.py:188} INFO - Uploaded /tmp/minio_downloads/inventory_190732343195.parquet -> @inventory stage
[2026-07-04T14:52:25.730+0000] {logging_mixin.py:188} INFO - Uploaded /tmp/minio_downloads/inventory_190732425192.parquet -> @inventory stage
[2026-07-04T14:52:26.340+0000] {logging_mixin.py:188} INFO - Uploaded /tmp/minio_downloads/inventory_190732521073.parquet -> @inventory stage
[2026-07-04T14:52:26.994+0000] {logging_mixin.py:188} INFO - Uploaded /tmp/minio_downloads/inventory_190732609592.parquet -> @inventory stage
[2026-07-04T14:52:27.572+0000] {logging_mixin.py:188} INFO - Uploaded /tmp/minio_downloads/inventory_190732731455.parquet -> @inventory stage
[2026-07-04T14:52:28.185+0000] {logging_mixin.py:188} INFO - Uploaded /tmp/minio_downloads/inventory_190732835308.parquet -> @inventory stage
[2026-07-04T14:52:28.801+0000] {logging_mixin.py:188} INFO - Uploaded /tmp/minio_downloads/inventory_190732937497.parquet -> @inventory stage
[2026-07-04T14:52:29.520+0000] {logging_mixin.py:188} INFO - Uploaded /tmp/minio_downloads/inventory_190733037669.parquet -> @inventory stage
[2026-07-04T14:52:30.234+0000] {logging_mixin.py:188} INFO - Uploaded /tmp/minio_downloads/inventory_190733121053.parquet -> @inventory stage
[2026-07-04T14:52:30.846+0000] {logging_mixin.py:188} INFO - Uploaded /tmp/minio_downloads/inventory_190733221607.parquet -> @inventory stage
[2026-07-04T14:52:31.372+0000] {logging_mixin.py:188} INFO - Uploaded /tmp/minio_downloads/inventory_190733303065.parquet -> @inventory stage
[2026-07-04T14:52:31.926+0000] {logging_mixin.py:188} INFO - Uploaded /tmp/minio_downloads/inventory_190733404263.parquet -> @inventory stage
[2026-07-04T14:52:32.591+0000] {logging_mixin.py:188} INFO - Uploaded /tmp/minio_downloads/inventory_190733532829.parquet -> @inventory stage
[2026-07-04T14:52:33.205+0000] {logging_mixin.py:188} INFO - Uploaded /tmp/minio_downloads/inventory_190733657083.parquet -> @inventory stage
[2026-07-04T14:52:33.738+0000] {logging_mixin.py:188} INFO - Uploaded /tmp/minio_downloads/inventory_190733876086.parquet -> @inventory stage
[2026-07-04T14:52:34.434+0000] {logging_mixin.py:188} INFO - Uploaded /tmp/minio_downloads/inventory_190734023912.parquet -> @inventory stage
[2026-07-04T14:52:35.049+0000] {logging_mixin.py:188} INFO - Uploaded /tmp/minio_downloads/inventory_190734177257.parquet -> @inventory stage
[2026-07-04T14:52:35.665+0000] {logging_mixin.py:188} INFO - Uploaded /tmp/minio_downloads/inventory_190734303032.parquet -> @inventory stage
[2026-07-04T14:52:36.381+0000] {logging_mixin.py:188} INFO - Uploaded /tmp/minio_downloads/inventory_190734434485.parquet -> @inventory stage
[2026-07-04T14:52:36.994+0000] {logging_mixin.py:188} INFO - Uploaded /tmp/minio_downloads/inventory_190734629294.parquet -> @inventory stage
[2026-07-04T14:52:37.608+0000] {logging_mixin.py:188} INFO - Uploaded /tmp/minio_downloads/inventory_190734778147.parquet -> @inventory stage
[2026-07-04T14:52:38.216+0000] {logging_mixin.py:188} INFO - Uploaded /tmp/minio_downloads/inventory_190734913485.parquet -> @inventory stage
[2026-07-04T14:52:38.734+0000] {logging_mixin.py:188} INFO - Uploaded /tmp/minio_downloads/inventory_190735039918.parquet -> @inventory stage
[2026-07-04T14:52:39.340+0000] {logging_mixin.py:188} INFO - Uploaded /tmp/minio_downloads/inventory_190735160406.parquet -> @inventory stage
[2026-07-04T14:52:39.860+0000] {logging_mixin.py:188} INFO - Uploaded /tmp/minio_downloads/inventory_190735298221.parquet -> @inventory stage
[2026-07-04T14:52:40.471+0000] {logging_mixin.py:188} INFO - Uploaded /tmp/minio_downloads/inventory_190735438682.parquet -> @inventory stage
[2026-07-04T14:52:41.083+0000] {logging_mixin.py:188} INFO - Uploaded /tmp/minio_downloads/inventory_190735555458.parquet -> @inventory stage
[2026-07-04T14:52:41.702+0000] {logging_mixin.py:188} INFO - Uploaded /tmp/minio_downloads/inventory_190735656570.parquet -> @inventory stage
[2026-07-04T14:52:42.315+0000] {logging_mixin.py:188} INFO - Uploaded /tmp/minio_downloads/inventory_190735770549.parquet -> @inventory stage
[2026-07-04T14:52:42.927+0000] {logging_mixin.py:188} INFO - Uploaded /tmp/minio_downloads/inventory_190735858251.parquet -> @inventory stage
[2026-07-04T14:52:43.545+0000] {logging_mixin.py:188} INFO - Uploaded /tmp/minio_downloads/inventory_190735952415.parquet -> @inventory stage
[2026-07-04T14:52:44.160+0000] {logging_mixin.py:188} INFO - Uploaded /tmp/minio_downloads/inventory_190736070843.parquet -> @inventory stage
[2026-07-04T14:52:44.773+0000] {logging_mixin.py:188} INFO - Uploaded /tmp/minio_downloads/inventory_190736208385.parquet -> @inventory stage
[2026-07-04T14:52:45.281+0000] {logging_mixin.py:188} INFO - Uploaded /tmp/minio_downloads/inventory_190736323051.parquet -> @inventory stage
[2026-07-04T14:52:45.899+0000] {logging_mixin.py:188} INFO - Uploaded /tmp/minio_downloads/inventory_190736433510.parquet -> @inventory stage
[2026-07-04T14:52:46.515+0000] {logging_mixin.py:188} INFO - Uploaded /tmp/minio_downloads/inventory_190736537813.parquet -> @inventory stage
[2026-07-04T14:52:47.126+0000] {logging_mixin.py:188} INFO - Uploaded /tmp/minio_downloads/inventory_190736652870.parquet -> @inventory stage
[2026-07-04T14:52:47.745+0000] {logging_mixin.py:188} INFO - Uploaded /tmp/minio_downloads/inventory_190736766817.parquet -> @inventory stage
[2026-07-04T14:52:48.356+0000] {logging_mixin.py:188} INFO - Uploaded /tmp/minio_downloads/inventory_190736883748.parquet -> @inventory stage
[2026-07-04T14:52:48.972+0000] {logging_mixin.py:188} INFO - Uploaded /tmp/minio_downloads/inventory_190736990834.parquet -> @inventory stage
[2026-07-04T14:52:49.535+0000] {logging_mixin.py:188} INFO - Uploaded /tmp/minio_downloads/inventory_190737076670.parquet -> @inventory stage
[2026-07-04T14:52:50.095+0000] {logging_mixin.py:188} INFO - Uploaded /tmp/minio_downloads/inventory_190737164897.parquet -> @inventory stage
[2026-07-04T14:52:50.712+0000] {logging_mixin.py:188} INFO - Uploaded /tmp/minio_downloads/inventory_190737283219.parquet -> @inventory stage
[2026-07-04T14:52:51.328+0000] {logging_mixin.py:188} INFO - Uploaded /tmp/minio_downloads/inventory_190737385853.parquet -> @inventory stage
[2026-07-04T14:52:51.848+0000] {logging_mixin.py:188} INFO - Uploaded /tmp/minio_downloads/inventory_190737478259.parquet -> @inventory stage
[2026-07-04T14:52:52.455+0000] {logging_mixin.py:188} INFO - Uploaded /tmp/minio_downloads/inventory_190737586381.parquet -> @inventory stage
[2026-07-04T14:52:55.835+0000] {logging_mixin.py:188} INFO - Data loaded into inventory
[2026-07-04T14:52:56.552+0000] {logging_mixin.py:188} INFO - Uploaded /tmp/minio_downloads/products_190451836889.parquet -> @products stage
[2026-07-04T14:52:57.168+0000] {logging_mixin.py:188} INFO - Uploaded /tmp/minio_downloads/products_190451918680.parquet -> @products stage
[2026-07-04T14:52:57.789+0000] {logging_mixin.py:188} INFO - Uploaded /tmp/minio_downloads/products_190452022907.parquet -> @products stage
[2026-07-04T14:52:58.343+0000] {logging_mixin.py:188} INFO - Uploaded /tmp/minio_downloads/products_190452215942.parquet -> @products stage
[2026-07-04T14:52:59.009+0000] {logging_mixin.py:188} INFO - Uploaded /tmp/minio_downloads/products_190452306030.parquet -> @products stage
[2026-07-04T14:52:59.620+0000] {logging_mixin.py:188} INFO - Uploaded /tmp/minio_downloads/products_190452390891.parquet -> @products stage
[2026-07-04T14:53:00.190+0000] {logging_mixin.py:188} INFO - Uploaded /tmp/minio_downloads/products_190452486536.parquet -> @products stage
[2026-07-04T14:53:00.750+0000] {logging_mixin.py:188} INFO - Uploaded /tmp/minio_downloads/products_190452568161.parquet -> @products stage
[2026-07-04T14:53:01.365+0000] {logging_mixin.py:188} INFO - Uploaded /tmp/minio_downloads/products_190452669179.parquet -> @products stage
[2026-07-04T14:53:01.923+0000] {logging_mixin.py:188} INFO - Uploaded /tmp/minio_downloads/products_190452758999.parquet -> @products stage
[2026-07-04T14:53:02.592+0000] {logging_mixin.py:188} INFO - Uploaded /tmp/minio_downloads/products_190452839802.parquet -> @products stage
[2026-07-04T14:53:03.206+0000] {logging_mixin.py:188} INFO - Uploaded /tmp/minio_downloads/products_190452919848.parquet -> @products stage
[2026-07-04T14:53:03.922+0000] {logging_mixin.py:188} INFO - Uploaded /tmp/minio_downloads/products_190453019270.parquet -> @products stage
[2026-07-04T14:53:04.539+0000] {logging_mixin.py:188} INFO - Uploaded /tmp/minio_downloads/products_190453101737.parquet -> @products stage
[2026-07-04T14:53:05.155+0000] {logging_mixin.py:188} INFO - Uploaded /tmp/minio_downloads/products_190453183683.parquet -> @products stage
[2026-07-04T14:53:05.768+0000] {logging_mixin.py:188} INFO - Uploaded /tmp/minio_downloads/products_190453265320.parquet -> @products stage
[2026-07-04T14:53:06.331+0000] {logging_mixin.py:188} INFO - Uploaded /tmp/minio_downloads/products_190453358319.parquet -> @products stage
[2026-07-04T14:53:06.891+0000] {logging_mixin.py:188} INFO - Uploaded /tmp/minio_downloads/products_190453463395.parquet -> @products stage
[2026-07-04T14:53:07.507+0000] {logging_mixin.py:188} INFO - Uploaded /tmp/minio_downloads/products_190453574934.parquet -> @products stage
[2026-07-04T14:53:08.068+0000] {logging_mixin.py:188} INFO - Uploaded /tmp/minio_downloads/products_190453659593.parquet -> @products stage
[2026-07-04T14:53:08.727+0000] {logging_mixin.py:188} INFO - Uploaded /tmp/minio_downloads/products_190453747138.parquet -> @products stage
[2026-07-04T14:53:09.343+0000] {logging_mixin.py:188} INFO - Uploaded /tmp/minio_downloads/products_190453838187.parquet -> @products stage
[2026-07-04T14:53:09.859+0000] {logging_mixin.py:188} INFO - Uploaded /tmp/minio_downloads/products_190453933197.parquet -> @products stage
[2026-07-04T14:53:10.472+0000] {logging_mixin.py:188} INFO - Uploaded /tmp/minio_downloads/products_190454038848.parquet -> @products stage
[2026-07-04T14:53:11.088+0000] {logging_mixin.py:188} INFO - Uploaded /tmp/minio_downloads/products_190454138076.parquet -> @products stage
[2026-07-04T14:53:11.700+0000] {logging_mixin.py:188} INFO - Uploaded /tmp/minio_downloads/products_190454227019.parquet -> @products stage
[2026-07-04T14:53:12.420+0000] {logging_mixin.py:188} INFO - Uploaded /tmp/minio_downloads/products_190454299271.parquet -> @products stage
[2026-07-04T14:53:13.031+0000] {logging_mixin.py:188} INFO - Uploaded /tmp/minio_downloads/products_190454391976.parquet -> @products stage
[2026-07-04T14:53:13.644+0000] {logging_mixin.py:188} INFO - Uploaded /tmp/minio_downloads/products_190454471176.parquet -> @products stage
[2026-07-04T14:53:14.262+0000] {logging_mixin.py:188} INFO - Uploaded /tmp/minio_downloads/products_190454554983.parquet -> @products stage
[2026-07-04T14:53:14.876+0000] {logging_mixin.py:188} INFO - Uploaded /tmp/minio_downloads/products_190454650507.parquet -> @products stage
[2026-07-04T14:53:15.492+0000] {logging_mixin.py:188} INFO - Uploaded /tmp/minio_downloads/products_190454742314.parquet -> @products stage
[2026-07-04T14:53:16.311+0000] {logging_mixin.py:188} INFO - Uploaded /tmp/minio_downloads/products_190454817878.parquet -> @products stage
[2026-07-04T14:53:16.925+0000] {logging_mixin.py:188} INFO - Uploaded /tmp/minio_downloads/products_190454882045.parquet -> @products stage
[2026-07-04T14:53:17.536+0000] {logging_mixin.py:188} INFO - Uploaded /tmp/minio_downloads/products_190454971978.parquet -> @products stage
[2026-07-04T14:53:18.156+0000] {logging_mixin.py:188} INFO - Uploaded /tmp/minio_downloads/products_190455047461.parquet -> @products stage
[2026-07-04T14:53:18.765+0000] {logging_mixin.py:188} INFO - Uploaded /tmp/minio_downloads/products_190455143902.parquet -> @products stage
[2026-07-04T14:53:22.784+0000] {connectionpool.py:869} WARNING - Retrying (Retry(total=0, connect=None, read=None, redirect=None, status=None)) after connection broken by 'NameResolutionError("HTTPSConnection(host='dv11389.canada-central.azure.snowflakecomputing.com', port=443): Failed to resolve 'dv11389.canada-central.azure.snowflakecomputing.com' ([Errno -5] No address associated with hostname)")': /queries/v1/query-request?requestId=b512f5a2-628f-49e2-94b6-89ba80b57651&request_guid=0f3f3fce-2e67-49ab-9fb4-9cc8b3ca24c2
[2026-07-04T14:53:31.159+0000] {logging_mixin.py:188} INFO - Uploaded /tmp/minio_downloads/products_190455247619.parquet -> @products stage
[2026-07-04T14:53:31.776+0000] {logging_mixin.py:188} INFO - Uploaded /tmp/minio_downloads/products_190455350693.parquet -> @products stage
[2026-07-04T14:53:32.391+0000] {logging_mixin.py:188} INFO - Uploaded /tmp/minio_downloads/products_190455432741.parquet -> @products stage
[2026-07-04T14:53:33.002+0000] {logging_mixin.py:188} INFO - Uploaded /tmp/minio_downloads/products_190455500462.parquet -> @products stage
[2026-07-04T14:53:33.623+0000] {logging_mixin.py:188} INFO - Uploaded /tmp/minio_downloads/products_190455586152.parquet -> @products stage
[2026-07-04T14:53:34.236+0000] {logging_mixin.py:188} INFO - Uploaded /tmp/minio_downloads/products_190455683918.parquet -> @products stage
[2026-07-04T14:53:34.850+0000] {logging_mixin.py:188} INFO - Uploaded /tmp/minio_downloads/products_190455762885.parquet -> @products stage
[2026-07-04T14:53:35.463+0000] {logging_mixin.py:188} INFO - Uploaded /tmp/minio_downloads/products_190455851137.parquet -> @products stage
[2026-07-04T14:53:36.076+0000] {logging_mixin.py:188} INFO - Uploaded /tmp/minio_downloads/products_190455943150.parquet -> @products stage
[2026-07-04T14:53:36.795+0000] {logging_mixin.py:188} INFO - Uploaded /tmp/minio_downloads/products_190456025206.parquet -> @products stage
[2026-07-04T14:53:37.407+0000] {logging_mixin.py:188} INFO - Uploaded /tmp/minio_downloads/products_190456115623.parquet -> @products stage
[2026-07-04T14:53:38.021+0000] {logging_mixin.py:188} INFO - Uploaded /tmp/minio_downloads/products_190456204295.parquet -> @products stage
[2026-07-04T14:53:38.693+0000] {logging_mixin.py:188} INFO - Uploaded /tmp/minio_downloads/products_190456297796.parquet -> @products stage
[2026-07-04T14:53:39.348+0000] {logging_mixin.py:188} INFO - Uploaded /tmp/minio_downloads/products_190456389803.parquet -> @products stage
[2026-07-04T14:53:39.962+0000] {logging_mixin.py:188} INFO - Uploaded /tmp/minio_downloads/products_190456486139.parquet -> @products stage
[2026-07-04T14:53:40.680+0000] {logging_mixin.py:188} INFO - Uploaded /tmp/minio_downloads/products_190456556801.parquet -> @products stage
[2026-07-04T14:53:41.401+0000] {logging_mixin.py:188} INFO - Uploaded /tmp/minio_downloads/products_190456639273.parquet -> @products stage
[2026-07-04T14:53:42.012+0000] {logging_mixin.py:188} INFO - Uploaded /tmp/minio_downloads/products_190456721714.parquet -> @products stage
[2026-07-04T14:53:42.625+0000] {logging_mixin.py:188} INFO - Uploaded /tmp/minio_downloads/products_190456803977.parquet -> @products stage
[2026-07-04T14:53:43.245+0000] {logging_mixin.py:188} INFO - Uploaded /tmp/minio_downloads/products_190456902259.parquet -> @products stage
[2026-07-04T14:53:43.962+0000] {logging_mixin.py:188} INFO - Uploaded /tmp/minio_downloads/products_190456996715.parquet -> @products stage
[2026-07-04T14:53:44.629+0000] {logging_mixin.py:188} INFO - Uploaded /tmp/minio_downloads/products_190457081537.parquet -> @products stage
[2026-07-04T14:53:45.288+0000] {logging_mixin.py:188} INFO - Uploaded /tmp/minio_downloads/products_190457169102.parquet -> @products stage
[2026-07-04T14:53:45.904+0000] {logging_mixin.py:188} INFO - Uploaded /tmp/minio_downloads/products_190457248901.parquet -> @products stage
[2026-07-04T14:53:46.520+0000] {logging_mixin.py:188} INFO - Uploaded /tmp/minio_downloads/products_190457331763.parquet -> @products stage
[2026-07-04T14:53:47.131+0000] {logging_mixin.py:188} INFO - Uploaded /tmp/minio_downloads/products_190457420271.parquet -> @products stage
[2026-07-04T14:53:47.750+0000] {logging_mixin.py:188} INFO - Uploaded /tmp/minio_downloads/products_190457530472.parquet -> @products stage
[2026-07-04T14:53:48.366+0000] {logging_mixin.py:188} INFO - Uploaded /tmp/minio_downloads/products_190457615937.parquet -> @products stage
[2026-07-04T14:53:49.081+0000] {logging_mixin.py:188} INFO - Uploaded /tmp/minio_downloads/products_190457688994.parquet -> @products stage
[2026-07-04T14:53:49.693+0000] {logging_mixin.py:188} INFO - Uploaded /tmp/minio_downloads/products_190457775424.parquet -> @products stage
[2026-07-04T14:53:50.209+0000] {logging_mixin.py:188} INFO - Uploaded /tmp/minio_downloads/products_190457885384.parquet -> @products stage
[2026-07-04T14:53:50.824+0000] {logging_mixin.py:188} INFO - Uploaded /tmp/minio_downloads/products_190457985096.parquet -> @products stage
[2026-07-04T14:53:51.383+0000] {logging_mixin.py:188} INFO - Uploaded /tmp/minio_downloads/products_190458085202.parquet -> @products stage
[2026-07-04T14:53:52.048+0000] {logging_mixin.py:188} INFO - Uploaded /tmp/minio_downloads/products_190458170700.parquet -> @products stage
[2026-07-04T14:53:52.667+0000] {logging_mixin.py:188} INFO - Uploaded /tmp/minio_downloads/products_190458264354.parquet -> @products stage
[2026-07-04T14:53:53.282+0000] {logging_mixin.py:188} INFO - Uploaded /tmp/minio_downloads/products_190458344263.parquet -> @products stage
[2026-07-04T14:53:53.894+0000] {logging_mixin.py:188} INFO - Uploaded /tmp/minio_downloads/products_190458442542.parquet -> @products stage
[2026-07-04T14:53:54.509+0000] {logging_mixin.py:188} INFO - Uploaded /tmp/minio_downloads/products_190458534352.parquet -> @products stage
[2026-07-04T14:53:55.122+0000] {logging_mixin.py:188} INFO - Uploaded /tmp/minio_downloads/products_190458632494.parquet -> @products stage
[2026-07-04T14:53:55.734+0000] {logging_mixin.py:188} INFO - Uploaded /tmp/minio_downloads/products_190458731176.parquet -> @products stage
[2026-07-04T14:53:56.351+0000] {logging_mixin.py:188} INFO - Uploaded /tmp/minio_downloads/products_190458820214.parquet -> @products stage
[2026-07-04T14:53:56.968+0000] {logging_mixin.py:188} INFO - Uploaded /tmp/minio_downloads/products_190458911889.parquet -> @products stage
[2026-07-04T14:53:57.584+0000] {logging_mixin.py:188} INFO - Uploaded /tmp/minio_downloads/products_190459006832.parquet -> @products stage
[2026-07-04T14:53:58.198+0000] {logging_mixin.py:188} INFO - Uploaded /tmp/minio_downloads/products_190459101769.parquet -> @products stage
[2026-07-04T14:53:58.812+0000] {logging_mixin.py:188} INFO - Uploaded /tmp/minio_downloads/products_190459182689.parquet -> @products stage
[2026-07-04T14:53:59.422+0000] {logging_mixin.py:188} INFO - Uploaded /tmp/minio_downloads/products_190459268543.parquet -> @products stage
[2026-07-04T14:54:00.036+0000] {logging_mixin.py:188} INFO - Uploaded /tmp/minio_downloads/products_190459364497.parquet -> @products stage
[2026-07-04T14:54:00.653+0000] {logging_mixin.py:188} INFO - Uploaded /tmp/minio_downloads/products_190459436038.parquet -> @products stage
[2026-07-04T14:54:01.265+0000] {logging_mixin.py:188} INFO - Uploaded /tmp/minio_downloads/products_190459505636.parquet -> @products stage
[2026-07-04T14:54:01.880+0000] {logging_mixin.py:188} INFO - Uploaded /tmp/minio_downloads/products_190459580141.parquet -> @products stage
[2026-07-04T14:54:02.496+0000] {logging_mixin.py:188} INFO - Uploaded /tmp/minio_downloads/products_190459666920.parquet -> @products stage
[2026-07-04T14:54:03.109+0000] {logging_mixin.py:188} INFO - Uploaded /tmp/minio_downloads/products_190459746205.parquet -> @products stage
[2026-07-04T14:54:03.728+0000] {logging_mixin.py:188} INFO - Uploaded /tmp/minio_downloads/products_190459813465.parquet -> @products stage
[2026-07-04T14:54:04.445+0000] {logging_mixin.py:188} INFO - Uploaded /tmp/minio_downloads/products_190459915892.parquet -> @products stage
[2026-07-04T14:54:05.161+0000] {logging_mixin.py:188} INFO - Uploaded /tmp/minio_downloads/products_190500025668.parquet -> @products stage
[2026-07-04T14:54:05.774+0000] {logging_mixin.py:188} INFO - Uploaded /tmp/minio_downloads/products_190500113797.parquet -> @products stage
[2026-07-04T14:54:06.391+0000] {logging_mixin.py:188} INFO - Uploaded /tmp/minio_downloads/products_190500199595.parquet -> @products stage
[2026-07-04T14:54:07.006+0000] {logging_mixin.py:188} INFO - Uploaded /tmp/minio_downloads/products_190500317636.parquet -> @products stage
[2026-07-04T14:54:07.616+0000] {logging_mixin.py:188} INFO - Uploaded /tmp/minio_downloads/products_190500422796.parquet -> @products stage
[2026-07-04T14:54:08.230+0000] {logging_mixin.py:188} INFO - Uploaded /tmp/minio_downloads/products_190500521194.parquet -> @products stage
[2026-07-04T14:54:08.841+0000] {logging_mixin.py:188} INFO - Uploaded /tmp/minio_downloads/products_190500605883.parquet -> @products stage
[2026-07-04T14:54:09.459+0000] {logging_mixin.py:188} INFO - Uploaded /tmp/minio_downloads/products_190500678116.parquet -> @products stage
[2026-07-04T14:54:10.069+0000] {logging_mixin.py:188} INFO - Uploaded /tmp/minio_downloads/products_190500762014.parquet -> @products stage
[2026-07-04T14:54:10.684+0000] {logging_mixin.py:188} INFO - Uploaded /tmp/minio_downloads/products_190500847695.parquet -> @products stage
[2026-07-04T14:54:11.299+0000] {logging_mixin.py:188} INFO - Uploaded /tmp/minio_downloads/products_190500938446.parquet -> @products stage
[2026-07-04T14:54:11.917+0000] {logging_mixin.py:188} INFO - Uploaded /tmp/minio_downloads/products_190501039199.parquet -> @products stage
[2026-07-04T14:54:12.630+0000] {logging_mixin.py:188} INFO - Uploaded /tmp/minio_downloads/products_190501145148.parquet -> @products stage
[2026-07-04T14:54:13.245+0000] {logging_mixin.py:188} INFO - Uploaded /tmp/minio_downloads/products_190501253120.parquet -> @products stage
[2026-07-04T14:54:13.863+0000] {logging_mixin.py:188} INFO - Uploaded /tmp/minio_downloads/products_190501355413.parquet -> @products stage
[2026-07-04T14:54:14.477+0000] {logging_mixin.py:188} INFO - Uploaded /tmp/minio_downloads/products_190501449359.parquet -> @products stage
[2026-07-04T14:54:15.006+0000] {logging_mixin.py:188} INFO - Uploaded /tmp/minio_downloads/products_190501533502.parquet -> @products stage
[2026-07-04T14:54:15.606+0000] {logging_mixin.py:188} INFO - Uploaded /tmp/minio_downloads/products_190501622419.parquet -> @products stage
[2026-07-04T14:54:16.318+0000] {logging_mixin.py:188} INFO - Uploaded /tmp/minio_downloads/products_190501716818.parquet -> @products stage
[2026-07-04T14:54:16.932+0000] {logging_mixin.py:188} INFO - Uploaded /tmp/minio_downloads/products_190501805168.parquet -> @products stage
[2026-07-04T14:54:17.546+0000] {logging_mixin.py:188} INFO - Uploaded /tmp/minio_downloads/products_190501877516.parquet -> @products stage
[2026-07-04T14:54:18.163+0000] {logging_mixin.py:188} INFO - Uploaded /tmp/minio_downloads/products_190501969748.parquet -> @products stage
[2026-07-04T14:54:18.780+0000] {logging_mixin.py:188} INFO - Uploaded /tmp/minio_downloads/products_190502054760.parquet -> @products stage
[2026-07-04T14:54:19.394+0000] {logging_mixin.py:188} INFO - Uploaded /tmp/minio_downloads/products_190502170454.parquet -> @products stage
[2026-07-04T14:54:20.108+0000] {logging_mixin.py:188} INFO - Uploaded /tmp/minio_downloads/products_190502303499.parquet -> @products stage
[2026-07-04T14:54:20.723+0000] {logging_mixin.py:188} INFO - Uploaded /tmp/minio_downloads/products_190502405079.parquet -> @products stage
[2026-07-04T14:54:21.337+0000] {logging_mixin.py:188} INFO - Uploaded /tmp/minio_downloads/products_190502546241.parquet -> @products stage
[2026-07-04T14:54:21.949+0000] {logging_mixin.py:188} INFO - Uploaded /tmp/minio_downloads/products_190502649759.parquet -> @products stage
[2026-07-04T14:54:22.569+0000] {logging_mixin.py:188} INFO - Uploaded /tmp/minio_downloads/products_190502745424.parquet -> @products stage
[2026-07-04T14:54:23.181+0000] {logging_mixin.py:188} INFO - Uploaded /tmp/minio_downloads/products_190502851296.parquet -> @products stage
[2026-07-04T14:54:23.798+0000] {logging_mixin.py:188} INFO - Uploaded /tmp/minio_downloads/products_190502955929.parquet -> @products stage
[2026-07-04T14:54:24.415+0000] {logging_mixin.py:188} INFO - Uploaded /tmp/minio_downloads/products_190503045958.parquet -> @products stage
[2026-07-04T14:54:25.125+0000] {logging_mixin.py:188} INFO - Uploaded /tmp/minio_downloads/products_190503142286.parquet -> @products stage
[2026-07-04T14:54:25.744+0000] {logging_mixin.py:188} INFO - Uploaded /tmp/minio_downloads/products_190503262680.parquet -> @products stage
[2026-07-04T14:54:26.460+0000] {logging_mixin.py:188} INFO - Uploaded /tmp/minio_downloads/products_190503437051.parquet -> @products stage
[2026-07-04T14:54:27.179+0000] {logging_mixin.py:188} INFO - Uploaded /tmp/minio_downloads/products_190503621225.parquet -> @products stage
[2026-07-04T14:54:27.895+0000] {logging_mixin.py:188} INFO - Uploaded /tmp/minio_downloads/products_190504050565.parquet -> @products stage
[2026-07-04T14:54:28.505+0000] {logging_mixin.py:188} INFO - Uploaded /tmp/minio_downloads/products_190504291341.parquet -> @products stage
[2026-07-04T14:54:29.123+0000] {logging_mixin.py:188} INFO - Uploaded /tmp/minio_downloads/products_190504614889.parquet -> @products stage
[2026-07-04T14:54:29.688+0000] {logging_mixin.py:188} INFO - Uploaded /tmp/minio_downloads/products_190504887386.parquet -> @products stage
[2026-07-04T14:54:30.865+0000] {logging_mixin.py:188} INFO - Uploaded /tmp/minio_downloads/products_190505192020.parquet -> @products stage
[2026-07-04T14:54:31.577+0000] {logging_mixin.py:188} INFO - Uploaded /tmp/minio_downloads/products_190505439553.parquet -> @products stage
[2026-07-04T14:54:32.198+0000] {logging_mixin.py:188} INFO - Uploaded /tmp/minio_downloads/products_190505573608.parquet -> @products stage
[2026-07-04T14:54:32.807+0000] {logging_mixin.py:188} INFO - Uploaded /tmp/minio_downloads/products_190505716004.parquet -> @products stage
[2026-07-04T14:54:33.426+0000] {logging_mixin.py:188} INFO - Uploaded /tmp/minio_downloads/products_190505850966.parquet -> @products stage
[2026-07-04T14:54:34.137+0000] {logging_mixin.py:188} INFO - Uploaded /tmp/minio_downloads/products_190505967480.parquet -> @products stage
[2026-07-04T14:54:34.753+0000] {logging_mixin.py:188} INFO - Uploaded /tmp/minio_downloads/products_190506101610.parquet -> @products stage
[2026-07-04T14:54:35.368+0000] {logging_mixin.py:188} INFO - Uploaded /tmp/minio_downloads/products_190506243447.parquet -> @products stage
[2026-07-04T14:54:35.982+0000] {logging_mixin.py:188} INFO - Uploaded /tmp/minio_downloads/products_190506340877.parquet -> @products stage
[2026-07-04T14:54:36.600+0000] {logging_mixin.py:188} INFO - Uploaded /tmp/minio_downloads/products_190506453754.parquet -> @products stage
[2026-07-04T14:54:37.215+0000] {logging_mixin.py:188} INFO - Uploaded /tmp/minio_downloads/products_190506556574.parquet -> @products stage
[2026-07-04T14:54:37.829+0000] {logging_mixin.py:188} INFO - Uploaded /tmp/minio_downloads/products_190506691743.parquet -> @products stage
[2026-07-04T14:54:38.434+0000] {logging_mixin.py:188} INFO - Uploaded /tmp/minio_downloads/products_190506801449.parquet -> @products stage
[2026-07-04T14:54:39.052+0000] {logging_mixin.py:188} INFO - Uploaded /tmp/minio_downloads/products_190506872556.parquet -> @products stage
[2026-07-04T14:54:39.768+0000] {logging_mixin.py:188} INFO - Uploaded /tmp/minio_downloads/products_190506980128.parquet -> @products stage
[2026-07-04T14:54:40.379+0000] {logging_mixin.py:188} INFO - Uploaded /tmp/minio_downloads/products_190507078916.parquet -> @products stage
[2026-07-04T14:54:41.197+0000] {logging_mixin.py:188} INFO - Uploaded /tmp/minio_downloads/products_190507193188.parquet -> @products stage
[2026-07-04T14:54:41.812+0000] {logging_mixin.py:188} INFO - Uploaded /tmp/minio_downloads/products_190507289697.parquet -> @products stage
[2026-07-04T14:54:42.427+0000] {logging_mixin.py:188} INFO - Uploaded /tmp/minio_downloads/products_190507387573.parquet -> @products stage
[2026-07-04T14:54:43.046+0000] {logging_mixin.py:188} INFO - Uploaded /tmp/minio_downloads/products_190507494529.parquet -> @products stage
[2026-07-04T14:54:43.656+0000] {logging_mixin.py:188} INFO - Uploaded /tmp/minio_downloads/products_190507573522.parquet -> @products stage
[2026-07-04T14:54:44.275+0000] {logging_mixin.py:188} INFO - Uploaded /tmp/minio_downloads/products_190507671898.parquet -> @products stage
[2026-07-04T14:54:45.090+0000] {logging_mixin.py:188} INFO - Uploaded /tmp/minio_downloads/products_190507781409.parquet -> @products stage
[2026-07-04T14:54:45.632+0000] {logging_mixin.py:188} INFO - Uploaded /tmp/minio_downloads/products_190507870532.parquet -> @products stage
[2026-07-04T14:54:46.220+0000] {logging_mixin.py:188} INFO - Uploaded /tmp/minio_downloads/products_190507977690.parquet -> @products stage
[2026-07-04T14:54:46.834+0000] {logging_mixin.py:188} INFO - Uploaded /tmp/minio_downloads/products_190508069384.parquet -> @products stage
[2026-07-04T14:54:47.547+0000] {logging_mixin.py:188} INFO - Uploaded /tmp/minio_downloads/products_190508163584.parquet -> @products stage
[2026-07-04T14:54:48.163+0000] {logging_mixin.py:188} INFO - Uploaded /tmp/minio_downloads/products_190508237766.parquet -> @products stage
[2026-07-04T14:54:48.879+0000] {logging_mixin.py:188} INFO - Uploaded /tmp/minio_downloads/products_190508342202.parquet -> @products stage
[2026-07-04T14:54:49.489+0000] {logging_mixin.py:188} INFO - Uploaded /tmp/minio_downloads/products_190508492801.parquet -> @products stage
[2026-07-04T14:54:50.110+0000] {logging_mixin.py:188} INFO - Uploaded /tmp/minio_downloads/products_190508673144.parquet -> @products stage
[2026-07-04T14:54:50.727+0000] {logging_mixin.py:188} INFO - Uploaded /tmp/minio_downloads/products_190508775644.parquet -> @products stage
[2026-07-04T14:54:51.337+0000] {logging_mixin.py:188} INFO - Uploaded /tmp/minio_downloads/products_190508877456.parquet -> @products stage
[2026-07-04T14:54:51.956+0000] {logging_mixin.py:188} INFO - Uploaded /tmp/minio_downloads/products_190508994332.parquet -> @products stage
[2026-07-04T14:54:52.571+0000] {logging_mixin.py:188} INFO - Uploaded /tmp/minio_downloads/products_190509106065.parquet -> @products stage
[2026-07-04T14:54:53.287+0000] {logging_mixin.py:188} INFO - Uploaded /tmp/minio_downloads/products_190509209313.parquet -> @products stage
[2026-07-04T14:54:54.004+0000] {logging_mixin.py:188} INFO - Uploaded /tmp/minio_downloads/products_190509309055.parquet -> @products stage
[2026-07-04T14:54:54.615+0000] {logging_mixin.py:188} INFO - Uploaded /tmp/minio_downloads/products_190509413119.parquet -> @products stage
[2026-07-04T14:54:55.235+0000] {logging_mixin.py:188} INFO - Uploaded /tmp/minio_downloads/products_190509505797.parquet -> @products stage
[2026-07-04T14:54:55.847+0000] {logging_mixin.py:188} INFO - Uploaded /tmp/minio_downloads/products_190509612685.parquet -> @products stage
[2026-07-04T14:54:56.463+0000] {logging_mixin.py:188} INFO - Uploaded /tmp/minio_downloads/products_190509726741.parquet -> @products stage
[2026-07-04T14:54:57.077+0000] {logging_mixin.py:188} INFO - Uploaded /tmp/minio_downloads/products_190509821495.parquet -> @products stage
[2026-07-04T14:54:57.691+0000] {logging_mixin.py:188} INFO - Uploaded /tmp/minio_downloads/products_190509925285.parquet -> @products stage
[2026-07-04T14:54:58.301+0000] {logging_mixin.py:188} INFO - Uploaded /tmp/minio_downloads/products_190510021890.parquet -> @products stage
[2026-07-04T14:54:58.917+0000] {logging_mixin.py:188} INFO - Uploaded /tmp/minio_downloads/products_190510121914.parquet -> @products stage
[2026-07-04T14:54:59.536+0000] {logging_mixin.py:188} INFO - Uploaded /tmp/minio_downloads/products_190510227667.parquet -> @products stage
[2026-07-04T14:55:00.148+0000] {logging_mixin.py:188} INFO - Uploaded /tmp/minio_downloads/products_190510348300.parquet -> @products stage
[2026-07-04T14:55:00.764+0000] {logging_mixin.py:188} INFO - Uploaded /tmp/minio_downloads/products_190510449301.parquet -> @products stage
[2026-07-04T14:55:01.477+0000] {logging_mixin.py:188} INFO - Uploaded /tmp/minio_downloads/products_190510538653.parquet -> @products stage
[2026-07-04T14:55:02.091+0000] {logging_mixin.py:188} INFO - Uploaded /tmp/minio_downloads/products_190510627206.parquet -> @products stage
[2026-07-04T14:55:02.705+0000] {logging_mixin.py:188} INFO - Uploaded /tmp/minio_downloads/products_190510747407.parquet -> @products stage
[2026-07-04T14:55:03.319+0000] {logging_mixin.py:188} INFO - Uploaded /tmp/minio_downloads/products_190510908621.parquet -> @products stage
[2026-07-04T14:55:03.933+0000] {logging_mixin.py:188} INFO - Uploaded /tmp/minio_downloads/products_190511040601.parquet -> @products stage
[2026-07-04T14:55:04.549+0000] {logging_mixin.py:188} INFO - Uploaded /tmp/minio_downloads/products_190511161902.parquet -> @products stage
[2026-07-04T14:55:05.111+0000] {logging_mixin.py:188} INFO - Uploaded /tmp/minio_downloads/products_190511256877.parquet -> @products stage
[2026-07-04T14:55:05.675+0000] {logging_mixin.py:188} INFO - Uploaded /tmp/minio_downloads/products_190511353807.parquet -> @products stage
[2026-07-04T14:55:06.291+0000] {logging_mixin.py:188} INFO - Uploaded /tmp/minio_downloads/products_190511446548.parquet -> @products stage
[2026-07-04T14:55:06.906+0000] {logging_mixin.py:188} INFO - Uploaded /tmp/minio_downloads/products_190511550824.parquet -> @products stage
[2026-07-04T14:55:07.522+0000] {logging_mixin.py:188} INFO - Uploaded /tmp/minio_downloads/products_190511637025.parquet -> @products stage
[2026-07-04T14:55:08.135+0000] {logging_mixin.py:188} INFO - Uploaded /tmp/minio_downloads/products_190511742928.parquet -> @products stage
[2026-07-04T14:55:08.750+0000] {logging_mixin.py:188} INFO - Uploaded /tmp/minio_downloads/products_190511838875.parquet -> @products stage
[2026-07-04T14:55:09.464+0000] {logging_mixin.py:188} INFO - Uploaded /tmp/minio_downloads/products_190511942705.parquet -> @products stage
[2026-07-04T14:55:10.079+0000] {logging_mixin.py:188} INFO - Uploaded /tmp/minio_downloads/products_190512035616.parquet -> @products stage
[2026-07-04T14:55:10.694+0000] {logging_mixin.py:188} INFO - Uploaded /tmp/minio_downloads/products_190512125046.parquet -> @products stage
[2026-07-04T14:55:11.512+0000] {logging_mixin.py:188} INFO - Uploaded /tmp/minio_downloads/products_190512246186.parquet -> @products stage
[2026-07-04T14:55:12.128+0000] {logging_mixin.py:188} INFO - Uploaded /tmp/minio_downloads/products_190512346480.parquet -> @products stage
[2026-07-04T14:55:12.637+0000] {logging_mixin.py:188} INFO - Uploaded /tmp/minio_downloads/products_190512441264.parquet -> @products stage
[2026-07-04T14:55:13.256+0000] {logging_mixin.py:188} INFO - Uploaded /tmp/minio_downloads/products_190512540267.parquet -> @products stage
[2026-07-04T14:55:13.968+0000] {logging_mixin.py:188} INFO - Uploaded /tmp/minio_downloads/products_190512622559.parquet -> @products stage
[2026-07-04T14:55:14.583+0000] {logging_mixin.py:188} INFO - Uploaded /tmp/minio_downloads/products_190512716557.parquet -> @products stage
[2026-07-04T14:55:15.197+0000] {logging_mixin.py:188} INFO - Uploaded /tmp/minio_downloads/products_190512801660.parquet -> @products stage
[2026-07-04T14:55:15.816+0000] {logging_mixin.py:188} INFO - Uploaded /tmp/minio_downloads/products_190512900356.parquet -> @products stage
[2026-07-04T14:55:16.533+0000] {logging_mixin.py:188} INFO - Uploaded /tmp/minio_downloads/products_190513013788.parquet -> @products stage
[2026-07-04T14:55:17.148+0000] {logging_mixin.py:188} INFO - Uploaded /tmp/minio_downloads/products_190513116275.parquet -> @products stage
[2026-07-04T14:55:17.762+0000] {logging_mixin.py:188} INFO - Uploaded /tmp/minio_downloads/products_190513210738.parquet -> @products stage
[2026-07-04T14:55:18.372+0000] {logging_mixin.py:188} INFO - Uploaded /tmp/minio_downloads/products_190513321105.parquet -> @products stage
[2026-07-04T14:55:18.986+0000] {logging_mixin.py:188} INFO - Uploaded /tmp/minio_downloads/products_190513442567.parquet -> @products stage
[2026-07-04T14:55:19.606+0000] {logging_mixin.py:188} INFO - Uploaded /tmp/minio_downloads/products_190513548161.parquet -> @products stage
[2026-07-04T14:55:20.222+0000] {logging_mixin.py:188} INFO - Uploaded /tmp/minio_downloads/products_190513640606.parquet -> @products stage
[2026-07-04T14:55:20.831+0000] {logging_mixin.py:188} INFO - Uploaded /tmp/minio_downloads/products_190513737204.parquet -> @products stage
[2026-07-04T14:55:21.447+0000] {logging_mixin.py:188} INFO - Uploaded /tmp/minio_downloads/products_190513840427.parquet -> @products stage
[2026-07-04T14:55:22.015+0000] {logging_mixin.py:188} INFO - Uploaded /tmp/minio_downloads/products_190513956310.parquet -> @products stage
[2026-07-04T14:55:22.673+0000] {logging_mixin.py:188} INFO - Uploaded /tmp/minio_downloads/products_190514057768.parquet -> @products stage
[2026-07-04T14:55:23.290+0000] {logging_mixin.py:188} INFO - Uploaded /tmp/minio_downloads/products_190514155388.parquet -> @products stage
[2026-07-04T14:55:23.905+0000] {logging_mixin.py:188} INFO - Uploaded /tmp/minio_downloads/products_190514235212.parquet -> @products stage
[2026-07-04T14:55:24.518+0000] {logging_mixin.py:188} INFO - Uploaded /tmp/minio_downloads/products_190514334334.parquet -> @products stage
[2026-07-04T14:55:25.136+0000] {logging_mixin.py:188} INFO - Uploaded /tmp/minio_downloads/products_190514421011.parquet -> @products stage
[2026-07-04T14:55:25.853+0000] {logging_mixin.py:188} INFO - Uploaded /tmp/minio_downloads/products_190514515520.parquet -> @products stage
[2026-07-04T14:55:26.463+0000] {logging_mixin.py:188} INFO - Uploaded /tmp/minio_downloads/products_190514590384.parquet -> @products stage
[2026-07-04T14:55:27.082+0000] {logging_mixin.py:188} INFO - Uploaded /tmp/minio_downloads/products_190514690576.parquet -> @products stage
[2026-07-04T14:55:27.698+0000] {logging_mixin.py:188} INFO - Uploaded /tmp/minio_downloads/products_190514785355.parquet -> @products stage
[2026-07-04T14:55:28.308+0000] {logging_mixin.py:188} INFO - Uploaded /tmp/minio_downloads/products_190514870752.parquet -> @products stage
[2026-07-04T14:55:28.923+0000] {logging_mixin.py:188} INFO - Uploaded /tmp/minio_downloads/products_190514950211.parquet -> @products stage
[2026-07-04T14:55:29.537+0000] {logging_mixin.py:188} INFO - Uploaded /tmp/minio_downloads/products_190515046462.parquet -> @products stage
[2026-07-04T14:55:30.662+0000] {logging_mixin.py:188} INFO - Uploaded /tmp/minio_downloads/products_190515141982.parquet -> @products stage
[2026-07-04T14:55:31.280+0000] {logging_mixin.py:188} INFO - Uploaded /tmp/minio_downloads/products_190515226227.parquet -> @products stage
[2026-07-04T14:55:31.995+0000] {logging_mixin.py:188} INFO - Uploaded /tmp/minio_downloads/products_190515304938.parquet -> @products stage
[2026-07-04T14:55:32.608+0000] {logging_mixin.py:188} INFO - Uploaded /tmp/minio_downloads/products_190515402338.parquet -> @products stage
[2026-07-04T14:55:33.224+0000] {logging_mixin.py:188} INFO - Uploaded /tmp/minio_downloads/products_190515494081.parquet -> @products stage
[2026-07-04T14:55:33.841+0000] {logging_mixin.py:188} INFO - Uploaded /tmp/minio_downloads/products_190515575649.parquet -> @products stage
[2026-07-04T14:55:34.453+0000] {logging_mixin.py:188} INFO - Uploaded /tmp/minio_downloads/products_190515659247.parquet -> @products stage
[2026-07-04T14:55:35.069+0000] {logging_mixin.py:188} INFO - Uploaded /tmp/minio_downloads/products_190515759494.parquet -> @products stage
[2026-07-04T14:55:35.685+0000] {logging_mixin.py:188} INFO - Uploaded /tmp/minio_downloads/products_190515849188.parquet -> @products stage
[2026-07-04T14:55:36.299+0000] {logging_mixin.py:188} INFO - Uploaded /tmp/minio_downloads/products_190515918082.parquet -> @products stage
[2026-07-04T14:55:36.913+0000] {logging_mixin.py:188} INFO - Uploaded /tmp/minio_downloads/products_190516001141.parquet -> @products stage
[2026-07-04T14:55:37.630+0000] {logging_mixin.py:188} INFO - Uploaded /tmp/minio_downloads/products_190516068757.parquet -> @products stage
[2026-07-04T14:55:38.338+0000] {logging_mixin.py:188} INFO - Uploaded /tmp/minio_downloads/products_190516159940.parquet -> @products stage
[2026-07-04T14:55:38.952+0000] {logging_mixin.py:188} INFO - Uploaded /tmp/minio_downloads/products_190516240847.parquet -> @products stage
[2026-07-04T14:55:39.565+0000] {logging_mixin.py:188} INFO - Uploaded /tmp/minio_downloads/products_190516338318.parquet -> @products stage
[2026-07-04T14:55:40.180+0000] {logging_mixin.py:188} INFO - Uploaded /tmp/minio_downloads/products_190516432070.parquet -> @products stage
[2026-07-04T14:55:40.795+0000] {logging_mixin.py:188} INFO - Uploaded /tmp/minio_downloads/products_190516514146.parquet -> @products stage
[2026-07-04T14:55:41.412+0000] {logging_mixin.py:188} INFO - Uploaded /tmp/minio_downloads/products_190516584884.parquet -> @products stage
[2026-07-04T14:55:42.024+0000] {logging_mixin.py:188} INFO - Uploaded /tmp/minio_downloads/products_190516663229.parquet -> @products stage
[2026-07-04T14:55:42.640+0000] {logging_mixin.py:188} INFO - Uploaded /tmp/minio_downloads/products_190516736911.parquet -> @products stage
[2026-07-04T14:55:43.256+0000] {logging_mixin.py:188} INFO - Uploaded /tmp/minio_downloads/products_190516809117.parquet -> @products stage
[2026-07-04T14:55:43.968+0000] {logging_mixin.py:188} INFO - Uploaded /tmp/minio_downloads/products_190516893225.parquet -> @products stage
[2026-07-04T14:55:44.586+0000] {logging_mixin.py:188} INFO - Uploaded /tmp/minio_downloads/products_190516966196.parquet -> @products stage
[2026-07-04T14:55:45.199+0000] {logging_mixin.py:188} INFO - Uploaded /tmp/minio_downloads/products_190517049810.parquet -> @products stage
[2026-07-04T14:55:45.817+0000] {logging_mixin.py:188} INFO - Uploaded /tmp/minio_downloads/products_190517117280.parquet -> @products stage
[2026-07-04T14:55:46.533+0000] {logging_mixin.py:188} INFO - Uploaded /tmp/minio_downloads/products_190517205576.parquet -> @products stage
[2026-07-04T14:55:47.147+0000] {logging_mixin.py:188} INFO - Uploaded /tmp/minio_downloads/products_190517284781.parquet -> @products stage
[2026-07-04T14:55:47.720+0000] {logging_mixin.py:188} INFO - Uploaded /tmp/minio_downloads/products_190517358607.parquet -> @products stage
[2026-07-04T14:55:48.377+0000] {logging_mixin.py:188} INFO - Uploaded /tmp/minio_downloads/products_190517450282.parquet -> @products stage
[2026-07-04T14:55:48.990+0000] {logging_mixin.py:188} INFO - Uploaded /tmp/minio_downloads/products_190517532726.parquet -> @products stage
[2026-07-04T14:55:49.607+0000] {logging_mixin.py:188} INFO - Uploaded /tmp/minio_downloads/products_190517636065.parquet -> @products stage
[2026-07-04T14:55:50.215+0000] {logging_mixin.py:188} INFO - Uploaded /tmp/minio_downloads/products_190517733416.parquet -> @products stage
[2026-07-04T14:55:50.831+0000] {logging_mixin.py:188} INFO - Uploaded /tmp/minio_downloads/products_190517842694.parquet -> @products stage
[2026-07-04T14:55:51.450+0000] {logging_mixin.py:188} INFO - Uploaded /tmp/minio_downloads/products_190517934715.parquet -> @products stage
[2026-07-04T14:55:52.063+0000] {logging_mixin.py:188} INFO - Uploaded /tmp/minio_downloads/products_190518047058.parquet -> @products stage
[2026-07-04T14:55:52.678+0000] {logging_mixin.py:188} INFO - Uploaded /tmp/minio_downloads/products_190518132327.parquet -> @products stage
[2026-07-04T14:55:53.291+0000] {logging_mixin.py:188} INFO - Uploaded /tmp/minio_downloads/products_190518233300.parquet -> @products stage
[2026-07-04T14:55:53.905+0000] {logging_mixin.py:188} INFO - Uploaded /tmp/minio_downloads/products_190518338770.parquet -> @products stage
[2026-07-04T14:55:54.518+0000] {logging_mixin.py:188} INFO - Uploaded /tmp/minio_downloads/products_190518424499.parquet -> @products stage
[2026-07-04T14:55:55.135+0000] {logging_mixin.py:188} INFO - Uploaded /tmp/minio_downloads/products_190518506977.parquet -> @products stage
[2026-07-04T14:55:55.748+0000] {logging_mixin.py:188} INFO - Uploaded /tmp/minio_downloads/products_190518606228.parquet -> @products stage
[2026-07-04T14:55:56.465+0000] {logging_mixin.py:188} INFO - Uploaded /tmp/minio_downloads/products_190518706044.parquet -> @products stage
[2026-07-04T14:55:57.078+0000] {logging_mixin.py:188} INFO - Uploaded /tmp/minio_downloads/products_190518804661.parquet -> @products stage
[2026-07-04T14:55:57.696+0000] {logging_mixin.py:188} INFO - Uploaded /tmp/minio_downloads/products_190518900595.parquet -> @products stage
[2026-07-04T14:55:58.307+0000] {logging_mixin.py:188} INFO - Uploaded /tmp/minio_downloads/products_190518988924.parquet -> @products stage
[2026-07-04T14:55:58.923+0000] {logging_mixin.py:188} INFO - Uploaded /tmp/minio_downloads/products_190519088455.parquet -> @products stage
[2026-07-04T14:55:59.536+0000] {logging_mixin.py:188} INFO - Uploaded /tmp/minio_downloads/products_190519182190.parquet -> @products stage
[2026-07-04T14:56:00.153+0000] {logging_mixin.py:188} INFO - Uploaded /tmp/minio_downloads/products_190519281165.parquet -> @products stage
[2026-07-04T14:56:00.769+0000] {logging_mixin.py:188} INFO - Uploaded /tmp/minio_downloads/products_190519394383.parquet -> @products stage
[2026-07-04T14:56:01.482+0000] {logging_mixin.py:188} INFO - Uploaded /tmp/minio_downloads/products_190519505484.parquet -> @products stage
[2026-07-04T14:56:02.095+0000] {logging_mixin.py:188} INFO - Uploaded /tmp/minio_downloads/products_190519614921.parquet -> @products stage
[2026-07-04T14:56:02.710+0000] {logging_mixin.py:188} INFO - Uploaded /tmp/minio_downloads/products_190519723196.parquet -> @products stage
[2026-07-04T14:56:03.324+0000] {logging_mixin.py:188} INFO - Uploaded /tmp/minio_downloads/products_190519837769.parquet -> @products stage
[2026-07-04T14:56:03.939+0000] {logging_mixin.py:188} INFO - Uploaded /tmp/minio_downloads/products_190519952979.parquet -> @products stage
[2026-07-04T14:56:04.554+0000] {logging_mixin.py:188} INFO - Uploaded /tmp/minio_downloads/products_190520082937.parquet -> @products stage
[2026-07-04T14:56:05.168+0000] {logging_mixin.py:188} INFO - Uploaded /tmp/minio_downloads/products_190520188294.parquet -> @products stage
[2026-07-04T14:56:05.782+0000] {logging_mixin.py:188} INFO - Uploaded /tmp/minio_downloads/products_190520289674.parquet -> @products stage
[2026-07-04T14:56:06.396+0000] {logging_mixin.py:188} INFO - Uploaded /tmp/minio_downloads/products_190520393504.parquet -> @products stage
[2026-07-04T14:56:07.011+0000] {logging_mixin.py:188} INFO - Uploaded /tmp/minio_downloads/products_190520500027.parquet -> @products stage
[2026-07-04T14:56:07.626+0000] {logging_mixin.py:188} INFO - Uploaded /tmp/minio_downloads/products_190520633450.parquet -> @products stage
[2026-07-04T14:56:08.190+0000] {logging_mixin.py:188} INFO - Uploaded /tmp/minio_downloads/products_190520778651.parquet -> @products stage
[2026-07-04T14:56:08.678+0000] {logging_mixin.py:188} INFO - Uploaded /tmp/minio_downloads/products_190520903227.parquet -> @products stage
[2026-07-04T14:56:09.365+0000] {logging_mixin.py:188} INFO - Uploaded /tmp/minio_downloads/products_190521046609.parquet -> @products stage
[2026-07-04T14:56:09.981+0000] {logging_mixin.py:188} INFO - Uploaded /tmp/minio_downloads/products_190521217705.parquet -> @products stage
[2026-07-04T14:56:10.596+0000] {logging_mixin.py:188} INFO - Uploaded /tmp/minio_downloads/products_190521389335.parquet -> @products stage
[2026-07-04T14:56:11.213+0000] {logging_mixin.py:188} INFO - Uploaded /tmp/minio_downloads/products_190521542750.parquet -> @products stage
[2026-07-04T14:56:11.825+0000] {logging_mixin.py:188} INFO - Uploaded /tmp/minio_downloads/products_190521706212.parquet -> @products stage
[2026-07-04T14:56:12.438+0000] {logging_mixin.py:188} INFO - Uploaded /tmp/minio_downloads/products_190521940266.parquet -> @products stage
[2026-07-04T14:56:13.054+0000] {logging_mixin.py:188} INFO - Uploaded /tmp/minio_downloads/products_190522151590.parquet -> @products stage
[2026-07-04T14:56:13.668+0000] {logging_mixin.py:188} INFO - Uploaded /tmp/minio_downloads/products_190522315513.parquet -> @products stage
[2026-07-04T14:56:14.282+0000] {logging_mixin.py:188} INFO - Uploaded /tmp/minio_downloads/products_190522444092.parquet -> @products stage
[2026-07-04T14:56:14.900+0000] {logging_mixin.py:188} INFO - Uploaded /tmp/minio_downloads/products_190522673116.parquet -> @products stage
[2026-07-04T14:56:15.511+0000] {logging_mixin.py:188} INFO - Uploaded /tmp/minio_downloads/products_190522841650.parquet -> @products stage
[2026-07-04T14:56:16.131+0000] {logging_mixin.py:188} INFO - Uploaded /tmp/minio_downloads/products_190522988838.parquet -> @products stage
[2026-07-04T14:56:16.642+0000] {logging_mixin.py:188} INFO - Uploaded /tmp/minio_downloads/products_190523105919.parquet -> @products stage
[2026-07-04T14:56:17.360+0000] {logging_mixin.py:188} INFO - Uploaded /tmp/minio_downloads/products_190523291180.parquet -> @products stage
[2026-07-04T14:56:17.973+0000] {logging_mixin.py:188} INFO - Uploaded /tmp/minio_downloads/products_190523528699.parquet -> @products stage
[2026-07-04T14:56:18.588+0000] {logging_mixin.py:188} INFO - Uploaded /tmp/minio_downloads/products_190523795135.parquet -> @products stage
[2026-07-04T14:56:19.306+0000] {logging_mixin.py:188} INFO - Uploaded /tmp/minio_downloads/products_190523929735.parquet -> @products stage
[2026-07-04T14:56:19.920+0000] {logging_mixin.py:188} INFO - Uploaded /tmp/minio_downloads/products_190524114956.parquet -> @products stage
[2026-07-04T14:56:20.533+0000] {logging_mixin.py:188} INFO - Uploaded /tmp/minio_downloads/products_190524299317.parquet -> @products stage
[2026-07-04T14:56:21.145+0000] {logging_mixin.py:188} INFO - Uploaded /tmp/minio_downloads/products_190524447589.parquet -> @products stage
[2026-07-04T14:56:21.763+0000] {logging_mixin.py:188} INFO - Uploaded /tmp/minio_downloads/products_190524632059.parquet -> @products stage
[2026-07-04T14:56:22.378+0000] {logging_mixin.py:188} INFO - Uploaded /tmp/minio_downloads/products_190524814315.parquet -> @products stage
[2026-07-04T14:56:22.993+0000] {logging_mixin.py:188} INFO - Uploaded /tmp/minio_downloads/products_190525025845.parquet -> @products stage
[2026-07-04T14:56:23.705+0000] {logging_mixin.py:188} INFO - Uploaded /tmp/minio_downloads/products_190525196127.parquet -> @products stage
[2026-07-04T14:56:24.322+0000] {logging_mixin.py:188} INFO - Uploaded /tmp/minio_downloads/products_190525361823.parquet -> @products stage
[2026-07-04T14:56:25.042+0000] {logging_mixin.py:188} INFO - Uploaded /tmp/minio_downloads/products_190525577234.parquet -> @products stage
[2026-07-04T14:56:25.650+0000] {logging_mixin.py:188} INFO - Uploaded /tmp/minio_downloads/products_190525751263.parquet -> @products stage
[2026-07-04T14:56:26.266+0000] {logging_mixin.py:188} INFO - Uploaded /tmp/minio_downloads/products_190525990052.parquet -> @products stage
[2026-07-04T14:56:26.882+0000] {logging_mixin.py:188} INFO - Uploaded /tmp/minio_downloads/products_190526150505.parquet -> @products stage
[2026-07-04T14:56:27.494+0000] {logging_mixin.py:188} INFO - Uploaded /tmp/minio_downloads/products_190526303829.parquet -> @products stage
[2026-07-04T14:56:28.115+0000] {logging_mixin.py:188} INFO - Uploaded /tmp/minio_downloads/products_190526503032.parquet -> @products stage
[2026-07-04T14:56:28.830+0000] {logging_mixin.py:188} INFO - Uploaded /tmp/minio_downloads/products_190526697484.parquet -> @products stage
[2026-07-04T14:56:29.365+0000] {logging_mixin.py:188} INFO - Uploaded /tmp/minio_downloads/products_190526967633.parquet -> @products stage
[2026-07-04T14:56:30.056+0000] {logging_mixin.py:188} INFO - Uploaded /tmp/minio_downloads/products_190527276526.parquet -> @products stage
[2026-07-04T14:56:30.670+0000] {logging_mixin.py:188} INFO - Uploaded /tmp/minio_downloads/products_190527492797.parquet -> @products stage
[2026-07-04T14:56:31.289+0000] {logging_mixin.py:188} INFO - Uploaded /tmp/minio_downloads/products_190527671176.parquet -> @products stage
[2026-07-04T14:56:32.412+0000] {logging_mixin.py:188} INFO - Uploaded /tmp/minio_downloads/products_190527873298.parquet -> @products stage
[2026-07-04T14:56:33.029+0000] {logging_mixin.py:188} INFO - Uploaded /tmp/minio_downloads/products_190528077439.parquet -> @products stage
[2026-07-04T14:56:33.747+0000] {logging_mixin.py:188} INFO - Uploaded /tmp/minio_downloads/products_190528265165.parquet -> @products stage
[2026-07-04T14:56:34.459+0000] {logging_mixin.py:188} INFO - Uploaded /tmp/minio_downloads/products_190528396267.parquet -> @products stage
[2026-07-04T14:56:35.073+0000] {logging_mixin.py:188} INFO - Uploaded /tmp/minio_downloads/products_190528581713.parquet -> @products stage
[2026-07-04T14:56:35.688+0000] {logging_mixin.py:188} INFO - Uploaded /tmp/minio_downloads/products_190528710311.parquet -> @products stage
[2026-07-04T14:56:36.307+0000] {logging_mixin.py:188} INFO - Uploaded /tmp/minio_downloads/products_190528833429.parquet -> @products stage
[2026-07-04T14:56:36.865+0000] {logging_mixin.py:188} INFO - Uploaded /tmp/minio_downloads/products_190528980653.parquet -> @products stage
[2026-07-04T14:56:37.536+0000] {logging_mixin.py:188} INFO - Uploaded /tmp/minio_downloads/products_190529157644.parquet -> @products stage
[2026-07-04T14:56:38.245+0000] {logging_mixin.py:188} INFO - Uploaded /tmp/minio_downloads/products_190529330373.parquet -> @products stage
[2026-07-04T14:56:38.860+0000] {logging_mixin.py:188} INFO - Uploaded /tmp/minio_downloads/products_190529495667.parquet -> @products stage
[2026-07-04T14:56:39.476+0000] {logging_mixin.py:188} INFO - Uploaded /tmp/minio_downloads/products_190529644991.parquet -> @products stage
[2026-07-04T14:56:40.090+0000] {logging_mixin.py:188} INFO - Uploaded /tmp/minio_downloads/products_190529796184.parquet -> @products stage
[2026-07-04T14:56:40.703+0000] {logging_mixin.py:188} INFO - Uploaded /tmp/minio_downloads/products_190529937711.parquet -> @products stage
[2026-07-04T14:56:41.418+0000] {logging_mixin.py:188} INFO - Uploaded /tmp/minio_downloads/products_190530081816.parquet -> @products stage
[2026-07-04T14:56:42.035+0000] {logging_mixin.py:188} INFO - Uploaded /tmp/minio_downloads/products_190530247718.parquet -> @products stage
[2026-07-04T14:56:42.650+0000] {logging_mixin.py:188} INFO - Uploaded /tmp/minio_downloads/products_190530413919.parquet -> @products stage
[2026-07-04T14:56:43.260+0000] {logging_mixin.py:188} INFO - Uploaded /tmp/minio_downloads/products_190530561245.parquet -> @products stage
[2026-07-04T14:56:43.877+0000] {logging_mixin.py:188} INFO - Uploaded /tmp/minio_downloads/products_190530714544.parquet -> @products stage
[2026-07-04T14:56:44.595+0000] {logging_mixin.py:188} INFO - Uploaded /tmp/minio_downloads/products_190530848261.parquet -> @products stage
[2026-07-04T14:56:45.308+0000] {logging_mixin.py:188} INFO - Uploaded /tmp/minio_downloads/products_190531001980.parquet -> @products stage
[2026-07-04T14:56:45.922+0000] {logging_mixin.py:188} INFO - Uploaded /tmp/minio_downloads/products_190531140654.parquet -> @products stage
[2026-07-04T14:56:46.431+0000] {logging_mixin.py:188} INFO - Uploaded /tmp/minio_downloads/products_190531263217.parquet -> @products stage
[2026-07-04T14:56:47.004+0000] {logging_mixin.py:188} INFO - Uploaded /tmp/minio_downloads/products_190531375477.parquet -> @products stage
[2026-07-04T14:56:47.663+0000] {logging_mixin.py:188} INFO - Uploaded /tmp/minio_downloads/products_190531508599.parquet -> @products stage
[2026-07-04T14:56:48.184+0000] {logging_mixin.py:188} INFO - Uploaded /tmp/minio_downloads/products_190531648223.parquet -> @products stage
[2026-07-04T14:56:48.794+0000] {logging_mixin.py:188} INFO - Uploaded /tmp/minio_downloads/products_190531775706.parquet -> @products stage
[2026-07-04T14:56:49.364+0000] {logging_mixin.py:188} INFO - Uploaded /tmp/minio_downloads/products_190531886042.parquet -> @products stage
[2026-07-04T14:56:49.934+0000] {logging_mixin.py:188} INFO - Uploaded /tmp/minio_downloads/products_190531991248.parquet -> @products stage
[2026-07-04T14:56:50.509+0000] {logging_mixin.py:188} INFO - Uploaded /tmp/minio_downloads/products_190532090630.parquet -> @products stage
[2026-07-04T14:56:51.042+0000] {logging_mixin.py:188} INFO - Uploaded /tmp/minio_downloads/products_190532185217.parquet -> @products stage
[2026-07-04T14:56:51.658+0000] {logging_mixin.py:188} INFO - Uploaded /tmp/minio_downloads/products_190532288748.parquet -> @products stage
[2026-07-04T14:56:52.173+0000] {logging_mixin.py:188} INFO - Uploaded /tmp/minio_downloads/products_190532376212.parquet -> @products stage
[2026-07-04T14:56:52.763+0000] {logging_mixin.py:188} INFO - Uploaded /tmp/minio_downloads/products_190533226619.parquet -> @products stage
[2026-07-04T14:56:53.298+0000] {logging_mixin.py:188} INFO - Uploaded /tmp/minio_downloads/products_190533301640.parquet -> @products stage
[2026-07-04T14:56:53.823+0000] {logging_mixin.py:188} INFO - Uploaded /tmp/minio_downloads/products_190533370923.parquet -> @products stage
[2026-07-04T14:56:54.429+0000] {logging_mixin.py:188} INFO - Uploaded /tmp/minio_downloads/products_190533448519.parquet -> @products stage
[2026-07-04T14:56:55.050+0000] {logging_mixin.py:188} INFO - Uploaded /tmp/minio_downloads/products_190533537480.parquet -> @products stage
[2026-07-04T14:56:55.755+0000] {logging_mixin.py:188} INFO - Uploaded /tmp/minio_downloads/products_190533628408.parquet -> @products stage
[2026-07-04T14:56:56.374+0000] {logging_mixin.py:188} INFO - Uploaded /tmp/minio_downloads/products_190533705522.parquet -> @products stage
[2026-07-04T14:56:56.986+0000] {logging_mixin.py:188} INFO - Uploaded /tmp/minio_downloads/products_190533777917.parquet -> @products stage
[2026-07-04T14:56:57.706+0000] {logging_mixin.py:188} INFO - Uploaded /tmp/minio_downloads/products_190533878681.parquet -> @products stage
[2026-07-04T14:56:58.319+0000] {logging_mixin.py:188} INFO - Uploaded /tmp/minio_downloads/products_190533970700.parquet -> @products stage
[2026-07-04T14:57:00.986+0000] {logging_mixin.py:188} INFO - Data loaded into products
[2026-07-04T14:57:01.694+0000] {logging_mixin.py:188} INFO - Uploaded /tmp/minio_downloads/reviews_190214972918.parquet -> @reviews stage
[2026-07-04T14:57:02.310+0000] {logging_mixin.py:188} INFO - Uploaded /tmp/minio_downloads/reviews_190215097605.parquet -> @reviews stage
[2026-07-04T14:57:02.924+0000] {logging_mixin.py:188} INFO - Uploaded /tmp/minio_downloads/reviews_190215250245.parquet -> @reviews stage
[2026-07-04T14:57:03.501+0000] {logging_mixin.py:188} INFO - Uploaded /tmp/minio_downloads/reviews_190215566650.parquet -> @reviews stage
[2026-07-04T14:57:04.157+0000] {logging_mixin.py:188} INFO - Uploaded /tmp/minio_downloads/reviews_190215814538.parquet -> @reviews stage
[2026-07-04T14:57:04.773+0000] {logging_mixin.py:188} INFO - Uploaded /tmp/minio_downloads/reviews_190216029623.parquet -> @reviews stage
[2026-07-04T14:57:05.382+0000] {logging_mixin.py:188} INFO - Uploaded /tmp/minio_downloads/reviews_190216425333.parquet -> @reviews stage
[2026-07-04T14:57:06.001+0000] {logging_mixin.py:188} INFO - Uploaded /tmp/minio_downloads/reviews_190216616589.parquet -> @reviews stage
[2026-07-04T14:57:06.715+0000] {logging_mixin.py:188} INFO - Uploaded /tmp/minio_downloads/reviews_190216786694.parquet -> @reviews stage
[2026-07-04T14:57:07.328+0000] {logging_mixin.py:188} INFO - Uploaded /tmp/minio_downloads/reviews_190216987218.parquet -> @reviews stage
[2026-07-04T14:57:07.934+0000] {logging_mixin.py:188} INFO - Uploaded /tmp/minio_downloads/reviews_190217122746.parquet -> @reviews stage
[2026-07-04T14:57:08.516+0000] {logging_mixin.py:188} INFO - Uploaded /tmp/minio_downloads/reviews_190217244865.parquet -> @reviews stage
[2026-07-04T14:57:09.144+0000] {logging_mixin.py:188} INFO - Uploaded /tmp/minio_downloads/reviews_190217372770.parquet -> @reviews stage
[2026-07-04T14:57:09.792+0000] {logging_mixin.py:188} INFO - Uploaded /tmp/minio_downloads/reviews_190217506147.parquet -> @reviews stage
[2026-07-04T14:57:10.293+0000] {logging_mixin.py:188} INFO - Uploaded /tmp/minio_downloads/reviews_190217657387.parquet -> @reviews stage
[2026-07-04T14:57:10.909+0000] {logging_mixin.py:188} INFO - Uploaded /tmp/minio_downloads/reviews_190217875949.parquet -> @reviews stage
[2026-07-04T14:57:11.525+0000] {logging_mixin.py:188} INFO - Uploaded /tmp/minio_downloads/reviews_190218041233.parquet -> @reviews stage
[2026-07-04T14:57:12.142+0000] {logging_mixin.py:188} INFO - Uploaded /tmp/minio_downloads/reviews_190218205395.parquet -> @reviews stage
[2026-07-04T14:57:12.858+0000] {logging_mixin.py:188} INFO - Uploaded /tmp/minio_downloads/reviews_190218340649.parquet -> @reviews stage
[2026-07-04T14:57:13.469+0000] {logging_mixin.py:188} INFO - Uploaded /tmp/minio_downloads/reviews_190218468013.parquet -> @reviews stage
[2026-07-04T14:57:14.087+0000] {logging_mixin.py:188} INFO - Uploaded /tmp/minio_downloads/reviews_190218596271.parquet -> @reviews stage
[2026-07-04T14:57:14.701+0000] {logging_mixin.py:188} INFO - Uploaded /tmp/minio_downloads/reviews_190218700720.parquet -> @reviews stage
[2026-07-04T14:57:15.312+0000] {logging_mixin.py:188} INFO - Uploaded /tmp/minio_downloads/reviews_190218819429.parquet -> @reviews stage
[2026-07-04T14:57:15.929+0000] {logging_mixin.py:188} INFO - Uploaded /tmp/minio_downloads/reviews_190218952037.parquet -> @reviews stage
[2026-07-04T14:57:16.540+0000] {logging_mixin.py:188} INFO - Uploaded /tmp/minio_downloads/reviews_190219098926.parquet -> @reviews stage
[2026-07-04T14:57:17.155+0000] {logging_mixin.py:188} INFO - Uploaded /tmp/minio_downloads/reviews_190219216765.parquet -> @reviews stage
[2026-07-04T14:57:17.771+0000] {logging_mixin.py:188} INFO - Uploaded /tmp/minio_downloads/reviews_190219338608.parquet -> @reviews stage
[2026-07-04T14:57:18.347+0000] {logging_mixin.py:188} INFO - Uploaded /tmp/minio_downloads/reviews_190219501986.parquet -> @reviews stage
[2026-07-04T14:57:19.003+0000] {logging_mixin.py:188} INFO - Uploaded /tmp/minio_downloads/reviews_190219656033.parquet -> @reviews stage
[2026-07-04T14:57:19.612+0000] {logging_mixin.py:188} INFO - Uploaded /tmp/minio_downloads/reviews_190219816732.parquet -> @reviews stage
[2026-07-04T14:57:20.229+0000] {logging_mixin.py:188} INFO - Uploaded /tmp/minio_downloads/reviews_190219937352.parquet -> @reviews stage
[2026-07-04T14:57:20.843+0000] {logging_mixin.py:188} INFO - Uploaded /tmp/minio_downloads/reviews_190220053034.parquet -> @reviews stage
[2026-07-04T14:57:21.456+0000] {logging_mixin.py:188} INFO - Uploaded /tmp/minio_downloads/reviews_190220250956.parquet -> @reviews stage
[2026-07-04T14:57:22.076+0000] {logging_mixin.py:188} INFO - Uploaded /tmp/minio_downloads/reviews_190220522645.parquet -> @reviews stage
[2026-07-04T14:57:22.687+0000] {logging_mixin.py:188} INFO - Uploaded /tmp/minio_downloads/reviews_190220735968.parquet -> @reviews stage
[2026-07-04T14:57:23.301+0000] {logging_mixin.py:188} INFO - Uploaded /tmp/minio_downloads/reviews_190220938936.parquet -> @reviews stage
[2026-07-04T14:57:23.919+0000] {logging_mixin.py:188} INFO - Uploaded /tmp/minio_downloads/reviews_190221145816.parquet -> @reviews stage
[2026-07-04T14:57:24.453+0000] {logging_mixin.py:188} INFO - Uploaded /tmp/minio_downloads/reviews_190221384431.parquet -> @reviews stage
[2026-07-04T14:57:25.150+0000] {logging_mixin.py:188} INFO - Uploaded /tmp/minio_downloads/reviews_190221521023.parquet -> @reviews stage
[2026-07-04T14:57:25.763+0000] {logging_mixin.py:188} INFO - Uploaded /tmp/minio_downloads/reviews_190221664852.parquet -> @reviews stage
[2026-07-04T14:57:26.320+0000] {logging_mixin.py:188} INFO - Uploaded /tmp/minio_downloads/reviews_190221894163.parquet -> @reviews stage
[2026-07-04T14:57:26.993+0000] {logging_mixin.py:188} INFO - Uploaded /tmp/minio_downloads/reviews_190222056747.parquet -> @reviews stage
[2026-07-04T14:57:27.561+0000] {logging_mixin.py:188} INFO - Uploaded /tmp/minio_downloads/reviews_190222469395.parquet -> @reviews stage
[2026-07-04T14:57:28.221+0000] {logging_mixin.py:188} INFO - Uploaded /tmp/minio_downloads/reviews_190222815487.parquet -> @reviews stage
[2026-07-04T14:57:28.830+0000] {logging_mixin.py:188} INFO - Uploaded /tmp/minio_downloads/reviews_190223143496.parquet -> @reviews stage
[2026-07-04T14:57:29.451+0000] {logging_mixin.py:188} INFO - Uploaded /tmp/minio_downloads/reviews_190223375689.parquet -> @reviews stage
[2026-07-04T14:57:30.015+0000] {logging_mixin.py:188} INFO - Uploaded /tmp/minio_downloads/reviews_190223607708.parquet -> @reviews stage
[2026-07-04T14:57:30.594+0000] {logging_mixin.py:188} INFO - Uploaded /tmp/minio_downloads/reviews_190223834879.parquet -> @reviews stage
[2026-07-04T14:57:31.191+0000] {logging_mixin.py:188} INFO - Uploaded /tmp/minio_downloads/reviews_190224122162.parquet -> @reviews stage
[2026-07-04T14:57:31.801+0000] {logging_mixin.py:188} INFO - Uploaded /tmp/minio_downloads/reviews_190224397530.parquet -> @reviews stage
[2026-07-04T14:57:32.420+0000] {logging_mixin.py:188} INFO - Uploaded /tmp/minio_downloads/reviews_190224601385.parquet -> @reviews stage
[2026-07-04T14:57:33.137+0000] {logging_mixin.py:188} INFO - Uploaded /tmp/minio_downloads/reviews_190224814461.parquet -> @reviews stage
[2026-07-04T14:57:33.751+0000] {logging_mixin.py:188} INFO - Uploaded /tmp/minio_downloads/reviews_190225013340.parquet -> @reviews stage
[2026-07-04T14:57:34.367+0000] {logging_mixin.py:188} INFO - Uploaded /tmp/minio_downloads/reviews_190225204835.parquet -> @reviews stage
[2026-07-04T14:57:35.079+0000] {logging_mixin.py:188} INFO - Uploaded /tmp/minio_downloads/reviews_190225349570.parquet -> @reviews stage
[2026-07-04T14:57:35.693+0000] {logging_mixin.py:188} INFO - Uploaded /tmp/minio_downloads/reviews_190225500104.parquet -> @reviews stage
[2026-07-04T14:57:36.308+0000] {logging_mixin.py:188} INFO - Uploaded /tmp/minio_downloads/reviews_190225652754.parquet -> @reviews stage
[2026-07-04T14:57:36.928+0000] {logging_mixin.py:188} INFO - Uploaded /tmp/minio_downloads/reviews_190225783561.parquet -> @reviews stage
[2026-07-04T14:57:37.643+0000] {logging_mixin.py:188} INFO - Uploaded /tmp/minio_downloads/reviews_190225926939.parquet -> @reviews stage
[2026-07-04T14:57:38.252+0000] {logging_mixin.py:188} INFO - Uploaded /tmp/minio_downloads/reviews_190226082741.parquet -> @reviews stage
[2026-07-04T14:57:38.867+0000] {logging_mixin.py:188} INFO - Uploaded /tmp/minio_downloads/reviews_190226233161.parquet -> @reviews stage
[2026-07-04T14:57:39.580+0000] {logging_mixin.py:188} INFO - Uploaded /tmp/minio_downloads/reviews_190226371894.parquet -> @reviews stage
[2026-07-04T14:57:40.196+0000] {logging_mixin.py:188} INFO - Uploaded /tmp/minio_downloads/reviews_190226505901.parquet -> @reviews stage
[2026-07-04T14:57:40.813+0000] {logging_mixin.py:188} INFO - Uploaded /tmp/minio_downloads/reviews_190226654223.parquet -> @reviews stage
[2026-07-04T14:57:41.425+0000] {logging_mixin.py:188} INFO - Uploaded /tmp/minio_downloads/reviews_190226773778.parquet -> @reviews stage
[2026-07-04T14:57:42.142+0000] {logging_mixin.py:188} INFO - Uploaded /tmp/minio_downloads/reviews_190226898736.parquet -> @reviews stage
[2026-07-04T14:57:42.857+0000] {logging_mixin.py:188} INFO - Uploaded /tmp/minio_downloads/reviews_190227044817.parquet -> @reviews stage
[2026-07-04T14:57:43.474+0000] {logging_mixin.py:188} INFO - Uploaded /tmp/minio_downloads/reviews_190227186872.parquet -> @reviews stage
[2026-07-04T14:57:44.197+0000] {logging_mixin.py:188} INFO - Uploaded /tmp/minio_downloads/reviews_190227362023.parquet -> @reviews stage
[2026-07-04T14:57:44.804+0000] {logging_mixin.py:188} INFO - Uploaded /tmp/minio_downloads/reviews_190227503940.parquet -> @reviews stage
[2026-07-04T14:57:45.423+0000] {logging_mixin.py:188} INFO - Uploaded /tmp/minio_downloads/reviews_190227639712.parquet -> @reviews stage
[2026-07-04T14:57:46.135+0000] {logging_mixin.py:188} INFO - Uploaded /tmp/minio_downloads/reviews_190227796933.parquet -> @reviews stage
[2026-07-04T14:57:46.752+0000] {logging_mixin.py:188} INFO - Uploaded /tmp/minio_downloads/reviews_190227949946.parquet -> @reviews stage
[2026-07-04T14:57:47.366+0000] {logging_mixin.py:188} INFO - Uploaded /tmp/minio_downloads/reviews_190228174631.parquet -> @reviews stage
[2026-07-04T14:57:47.979+0000] {logging_mixin.py:188} INFO - Uploaded /tmp/minio_downloads/reviews_190228335276.parquet -> @reviews stage
[2026-07-04T14:57:48.591+0000] {logging_mixin.py:188} INFO - Uploaded /tmp/minio_downloads/reviews_190228462449.parquet -> @reviews stage
[2026-07-04T14:57:49.208+0000] {logging_mixin.py:188} INFO - Uploaded /tmp/minio_downloads/reviews_190228628626.parquet -> @reviews stage
[2026-07-04T14:57:49.825+0000] {logging_mixin.py:188} INFO - Uploaded /tmp/minio_downloads/reviews_190228782565.parquet -> @reviews stage
[2026-07-04T14:57:50.541+0000] {logging_mixin.py:188} INFO - Uploaded /tmp/minio_downloads/reviews_190228943703.parquet -> @reviews stage
[2026-07-04T14:57:51.153+0000] {logging_mixin.py:188} INFO - Uploaded /tmp/minio_downloads/reviews_190229111437.parquet -> @reviews stage
[2026-07-04T14:57:51.768+0000] {logging_mixin.py:188} INFO - Uploaded /tmp/minio_downloads/reviews_190229322375.parquet -> @reviews stage
[2026-07-04T14:57:52.334+0000] {logging_mixin.py:188} INFO - Uploaded /tmp/minio_downloads/reviews_190229482068.parquet -> @reviews stage
[2026-07-04T14:57:53.001+0000] {logging_mixin.py:188} INFO - Uploaded /tmp/minio_downloads/reviews_190229698365.parquet -> @reviews stage
[2026-07-04T14:57:53.663+0000] {logging_mixin.py:188} INFO - Uploaded /tmp/minio_downloads/reviews_190229857306.parquet -> @reviews stage
[2026-07-04T14:57:54.227+0000] {logging_mixin.py:188} INFO - Uploaded /tmp/minio_downloads/reviews_190230024557.parquet -> @reviews stage
[2026-07-04T14:57:54.840+0000] {logging_mixin.py:188} INFO - Uploaded /tmp/minio_downloads/reviews_190230260173.parquet -> @reviews stage
[2026-07-04T14:57:55.459+0000] {logging_mixin.py:188} INFO - Uploaded /tmp/minio_downloads/reviews_190230470149.parquet -> @reviews stage
[2026-07-04T14:57:56.171+0000] {logging_mixin.py:188} INFO - Uploaded /tmp/minio_downloads/reviews_190230864209.parquet -> @reviews stage
[2026-07-04T14:57:56.789+0000] {logging_mixin.py:188} INFO - Uploaded /tmp/minio_downloads/reviews_190231138971.parquet -> @reviews stage
[2026-07-04T14:57:57.401+0000] {logging_mixin.py:188} INFO - Uploaded /tmp/minio_downloads/reviews_190231351128.parquet -> @reviews stage
[2026-07-04T14:57:58.020+0000] {logging_mixin.py:188} INFO - Uploaded /tmp/minio_downloads/reviews_190231521973.parquet -> @reviews stage
[2026-07-04T14:57:58.633+0000] {logging_mixin.py:188} INFO - Uploaded /tmp/minio_downloads/reviews_190231668487.parquet -> @reviews stage
[2026-07-04T14:57:59.346+0000] {logging_mixin.py:188} INFO - Uploaded /tmp/minio_downloads/reviews_190231863814.parquet -> @reviews stage
[2026-07-04T14:57:59.907+0000] {logging_mixin.py:188} INFO - Uploaded /tmp/minio_downloads/reviews_190232035477.parquet -> @reviews stage
[2026-07-04T14:58:00.576+0000] {logging_mixin.py:188} INFO - Uploaded /tmp/minio_downloads/reviews_190232205371.parquet -> @reviews stage
[2026-07-04T14:58:01.194+0000] {logging_mixin.py:188} INFO - Uploaded /tmp/minio_downloads/reviews_190232364598.parquet -> @reviews stage
[2026-07-04T14:58:01.755+0000] {logging_mixin.py:188} INFO - Uploaded /tmp/minio_downloads/reviews_190232522180.parquet -> @reviews stage
[2026-07-04T14:58:02.419+0000] {logging_mixin.py:188} INFO - Uploaded /tmp/minio_downloads/reviews_190232670102.parquet -> @reviews stage
[2026-07-04T14:58:03.038+0000] {logging_mixin.py:188} INFO - Uploaded /tmp/minio_downloads/reviews_190232794960.parquet -> @reviews stage
[2026-07-04T14:58:03.654+0000] {logging_mixin.py:188} INFO - Uploaded /tmp/minio_downloads/reviews_190232955254.parquet -> @reviews stage
[2026-07-04T14:58:04.369+0000] {logging_mixin.py:188} INFO - Uploaded /tmp/minio_downloads/reviews_190233110309.parquet -> @reviews stage
[2026-07-04T14:58:04.980+0000] {logging_mixin.py:188} INFO - Uploaded /tmp/minio_downloads/reviews_190233250620.parquet -> @reviews stage
[2026-07-04T14:58:05.596+0000] {logging_mixin.py:188} INFO - Uploaded /tmp/minio_downloads/reviews_190233412155.parquet -> @reviews stage
[2026-07-04T14:58:06.213+0000] {logging_mixin.py:188} INFO - Uploaded /tmp/minio_downloads/reviews_190233569385.parquet -> @reviews stage
[2026-07-04T14:58:06.831+0000] {logging_mixin.py:188} INFO - Uploaded /tmp/minio_downloads/reviews_190233718517.parquet -> @reviews stage
[2026-07-04T14:58:07.441+0000] {logging_mixin.py:188} INFO - Uploaded /tmp/minio_downloads/reviews_190233879453.parquet -> @reviews stage
[2026-07-04T14:58:08.057+0000] {logging_mixin.py:188} INFO - Uploaded /tmp/minio_downloads/reviews_190234053790.parquet -> @reviews stage
[2026-07-04T14:58:08.772+0000] {logging_mixin.py:188} INFO - Uploaded /tmp/minio_downloads/reviews_190234202018.parquet -> @reviews stage
[2026-07-04T14:58:09.484+0000] {logging_mixin.py:188} INFO - Uploaded /tmp/minio_downloads/reviews_190234328540.parquet -> @reviews stage
[2026-07-04T14:58:10.099+0000] {logging_mixin.py:188} INFO - Uploaded /tmp/minio_downloads/reviews_190234470259.parquet -> @reviews stage
[2026-07-04T14:58:10.716+0000] {logging_mixin.py:188} INFO - Uploaded /tmp/minio_downloads/reviews_190234611324.parquet -> @reviews stage
[2026-07-04T14:58:11.330+0000] {logging_mixin.py:188} INFO - Uploaded /tmp/minio_downloads/reviews_190234751564.parquet -> @reviews stage
[2026-07-04T14:58:11.941+0000] {logging_mixin.py:188} INFO - Uploaded /tmp/minio_downloads/reviews_190234880388.parquet -> @reviews stage
[2026-07-04T14:58:12.556+0000] {logging_mixin.py:188} INFO - Uploaded /tmp/minio_downloads/reviews_190234993260.parquet -> @reviews stage
[2026-07-04T14:58:13.174+0000] {logging_mixin.py:188} INFO - Uploaded /tmp/minio_downloads/reviews_190235148343.parquet -> @reviews stage
[2026-07-04T14:58:13.709+0000] {logging_mixin.py:188} INFO - Uploaded /tmp/minio_downloads/reviews_190235269484.parquet -> @reviews stage
[2026-07-04T14:58:14.403+0000] {logging_mixin.py:188} INFO - Uploaded /tmp/minio_downloads/reviews_190235388957.parquet -> @reviews stage
[2026-07-04T14:58:15.016+0000] {logging_mixin.py:188} INFO - Uploaded /tmp/minio_downloads/reviews_190235503354.parquet -> @reviews stage
[2026-07-04T14:58:15.630+0000] {logging_mixin.py:188} INFO - Uploaded /tmp/minio_downloads/reviews_190235614386.parquet -> @reviews stage
[2026-07-04T14:58:16.246+0000] {logging_mixin.py:188} INFO - Uploaded /tmp/minio_downloads/reviews_190235733491.parquet -> @reviews stage
[2026-07-04T14:58:16.858+0000] {logging_mixin.py:188} INFO - Uploaded /tmp/minio_downloads/reviews_190235846807.parquet -> @reviews stage
[2026-07-04T14:58:17.477+0000] {logging_mixin.py:188} INFO - Uploaded /tmp/minio_downloads/reviews_190235987290.parquet -> @reviews stage
[2026-07-04T14:58:18.087+0000] {logging_mixin.py:188} INFO - Uploaded /tmp/minio_downloads/reviews_190236130474.parquet -> @reviews stage
[2026-07-04T14:58:18.704+0000] {logging_mixin.py:188} INFO - Uploaded /tmp/minio_downloads/reviews_190236271630.parquet -> @reviews stage
[2026-07-04T14:58:19.315+0000] {logging_mixin.py:188} INFO - Uploaded /tmp/minio_downloads/reviews_190236405350.parquet -> @reviews stage
[2026-07-04T14:58:19.930+0000] {logging_mixin.py:188} INFO - Uploaded /tmp/minio_downloads/reviews_190236569757.parquet -> @reviews stage
[2026-07-04T14:58:20.648+0000] {logging_mixin.py:188} INFO - Uploaded /tmp/minio_downloads/reviews_190236798544.parquet -> @reviews stage
[2026-07-04T14:58:21.261+0000] {logging_mixin.py:188} INFO - Uploaded /tmp/minio_downloads/reviews_190236925518.parquet -> @reviews stage
[2026-07-04T14:58:21.879+0000] {logging_mixin.py:188} INFO - Uploaded /tmp/minio_downloads/reviews_190237056538.parquet -> @reviews stage
[2026-07-04T14:58:22.491+0000] {logging_mixin.py:188} INFO - Uploaded /tmp/minio_downloads/reviews_190237166982.parquet -> @reviews stage
[2026-07-04T14:58:23.104+0000] {logging_mixin.py:188} INFO - Uploaded /tmp/minio_downloads/reviews_190237309301.parquet -> @reviews stage
[2026-07-04T14:58:23.721+0000] {logging_mixin.py:188} INFO - Uploaded /tmp/minio_downloads/reviews_190237430616.parquet -> @reviews stage
[2026-07-04T14:58:24.339+0000] {logging_mixin.py:188} INFO - Uploaded /tmp/minio_downloads/reviews_190237544319.parquet -> @reviews stage
[2026-07-04T14:58:24.953+0000] {logging_mixin.py:188} INFO - Uploaded /tmp/minio_downloads/reviews_190237659018.parquet -> @reviews stage
[2026-07-04T14:58:25.530+0000] {logging_mixin.py:188} INFO - Uploaded /tmp/minio_downloads/reviews_190237766102.parquet -> @reviews stage
[2026-07-04T14:58:26.179+0000] {logging_mixin.py:188} INFO - Uploaded /tmp/minio_downloads/reviews_190237866454.parquet -> @reviews stage
[2026-07-04T14:58:26.792+0000] {logging_mixin.py:188} INFO - Uploaded /tmp/minio_downloads/reviews_190237982366.parquet -> @reviews stage
[2026-07-04T14:58:27.407+0000] {logging_mixin.py:188} INFO - Uploaded /tmp/minio_downloads/reviews_190238116591.parquet -> @reviews stage
[2026-07-04T14:58:28.019+0000] {logging_mixin.py:188} INFO - Uploaded /tmp/minio_downloads/reviews_190238245987.parquet -> @reviews stage
[2026-07-04T14:58:28.639+0000] {logging_mixin.py:188} INFO - Uploaded /tmp/minio_downloads/reviews_190238356185.parquet -> @reviews stage
[2026-07-04T14:58:29.250+0000] {logging_mixin.py:188} INFO - Uploaded /tmp/minio_downloads/reviews_190238475919.parquet -> @reviews stage
[2026-07-04T14:58:29.864+0000] {logging_mixin.py:188} INFO - Uploaded /tmp/minio_downloads/reviews_190238628626.parquet -> @reviews stage
[2026-07-04T14:58:30.480+0000] {logging_mixin.py:188} INFO - Uploaded /tmp/minio_downloads/reviews_190238786535.parquet -> @reviews stage
[2026-07-04T14:58:31.098+0000] {logging_mixin.py:188} INFO - Uploaded /tmp/minio_downloads/reviews_190238906471.parquet -> @reviews stage
[2026-07-04T14:58:31.708+0000] {logging_mixin.py:188} INFO - Uploaded /tmp/minio_downloads/reviews_190239002641.parquet -> @reviews stage
[2026-07-04T14:58:32.326+0000] {logging_mixin.py:188} INFO - Uploaded /tmp/minio_downloads/reviews_190239114878.parquet -> @reviews stage
[2026-07-04T14:58:32.935+0000] {logging_mixin.py:188} INFO - Uploaded /tmp/minio_downloads/reviews_190239252864.parquet -> @reviews stage
[2026-07-04T14:58:33.555+0000] {logging_mixin.py:188} INFO - Uploaded /tmp/minio_downloads/reviews_190239366646.parquet -> @reviews stage
[2026-07-04T14:58:34.167+0000] {logging_mixin.py:188} INFO - Uploaded /tmp/minio_downloads/reviews_190239476359.parquet -> @reviews stage
[2026-07-04T14:58:34.786+0000] {logging_mixin.py:188} INFO - Uploaded /tmp/minio_downloads/reviews_190239568178.parquet -> @reviews stage
[2026-07-04T14:58:35.500+0000] {logging_mixin.py:188} INFO - Uploaded /tmp/minio_downloads/reviews_190239690336.parquet -> @reviews stage
[2026-07-04T14:58:36.111+0000] {logging_mixin.py:188} INFO - Uploaded /tmp/minio_downloads/reviews_190239807749.parquet -> @reviews stage
[2026-07-04T14:58:36.730+0000] {logging_mixin.py:188} INFO - Uploaded /tmp/minio_downloads/reviews_190239914753.parquet -> @reviews stage
[2026-07-04T14:58:37.341+0000] {logging_mixin.py:188} INFO - Uploaded /tmp/minio_downloads/reviews_190240016236.parquet -> @reviews stage
[2026-07-04T14:58:37.954+0000] {logging_mixin.py:188} INFO - Uploaded /tmp/minio_downloads/reviews_190240121768.parquet -> @reviews stage
[2026-07-04T14:58:38.565+0000] {logging_mixin.py:188} INFO - Uploaded /tmp/minio_downloads/reviews_190240286848.parquet -> @reviews stage
[2026-07-04T14:58:39.140+0000] {logging_mixin.py:188} INFO - Uploaded /tmp/minio_downloads/reviews_190240413795.parquet -> @reviews stage
[2026-07-04T14:58:39.798+0000] {logging_mixin.py:188} INFO - Uploaded /tmp/minio_downloads/reviews_190240532393.parquet -> @reviews stage
[2026-07-04T14:58:40.357+0000] {logging_mixin.py:188} INFO - Uploaded /tmp/minio_downloads/reviews_190240677856.parquet -> @reviews stage
[2026-07-04T14:58:41.027+0000] {logging_mixin.py:188} INFO - Uploaded /tmp/minio_downloads/reviews_190240831367.parquet -> @reviews stage
[2026-07-04T14:58:41.641+0000] {logging_mixin.py:188} INFO - Uploaded /tmp/minio_downloads/reviews_190240958496.parquet -> @reviews stage
[2026-07-04T14:58:42.256+0000] {logging_mixin.py:188} INFO - Uploaded /tmp/minio_downloads/reviews_190241088835.parquet -> @reviews stage
[2026-07-04T14:58:42.870+0000] {logging_mixin.py:188} INFO - Uploaded /tmp/minio_downloads/reviews_190241227526.parquet -> @reviews stage
[2026-07-04T14:58:43.583+0000] {logging_mixin.py:188} INFO - Uploaded /tmp/minio_downloads/reviews_190241366423.parquet -> @reviews stage
[2026-07-04T14:58:44.163+0000] {logging_mixin.py:188} INFO - Uploaded /tmp/minio_downloads/reviews_190241469818.parquet -> @reviews stage
[2026-07-04T14:58:44.812+0000] {logging_mixin.py:188} INFO - Uploaded /tmp/minio_downloads/reviews_190241587172.parquet -> @reviews stage
[2026-07-04T14:58:45.433+0000] {logging_mixin.py:188} INFO - Uploaded /tmp/minio_downloads/reviews_190241693311.parquet -> @reviews stage
[2026-07-04T14:58:46.148+0000] {logging_mixin.py:188} INFO - Uploaded /tmp/minio_downloads/reviews_190241812312.parquet -> @reviews stage
[2026-07-04T14:58:46.761+0000] {logging_mixin.py:188} INFO - Uploaded /tmp/minio_downloads/reviews_190241977247.parquet -> @reviews stage
[2026-07-04T14:58:47.576+0000] {logging_mixin.py:188} INFO - Uploaded /tmp/minio_downloads/reviews_190242097161.parquet -> @reviews stage
[2026-07-04T14:58:48.192+0000] {logging_mixin.py:188} INFO - Uploaded /tmp/minio_downloads/reviews_190242208540.parquet -> @reviews stage
[2026-07-04T14:58:48.810+0000] {logging_mixin.py:188} INFO - Uploaded /tmp/minio_downloads/reviews_190242343106.parquet -> @reviews stage
[2026-07-04T14:58:49.426+0000] {logging_mixin.py:188} INFO - Uploaded /tmp/minio_downloads/reviews_190242471252.parquet -> @reviews stage
[2026-07-04T14:58:50.035+0000] {logging_mixin.py:188} INFO - Uploaded /tmp/minio_downloads/reviews_190242600215.parquet -> @reviews stage
[2026-07-04T14:58:50.598+0000] {logging_mixin.py:188} INFO - Uploaded /tmp/minio_downloads/reviews_190242721364.parquet -> @reviews stage
[2026-07-04T14:58:51.113+0000] {logging_mixin.py:188} INFO - Uploaded /tmp/minio_downloads/reviews_190242857178.parquet -> @reviews stage
[2026-07-04T14:58:51.781+0000] {logging_mixin.py:188} INFO - Uploaded /tmp/minio_downloads/reviews_190243002167.parquet -> @reviews stage
[2026-07-04T14:58:52.395+0000] {logging_mixin.py:188} INFO - Uploaded /tmp/minio_downloads/reviews_190243171794.parquet -> @reviews stage
[2026-07-04T14:58:53.006+0000] {logging_mixin.py:188} INFO - Uploaded /tmp/minio_downloads/reviews_190243308460.parquet -> @reviews stage
[2026-07-04T14:58:53.620+0000] {logging_mixin.py:188} INFO - Uploaded /tmp/minio_downloads/reviews_190243431944.parquet -> @reviews stage
[2026-07-04T14:58:54.238+0000] {logging_mixin.py:188} INFO - Uploaded /tmp/minio_downloads/reviews_190243578641.parquet -> @reviews stage
[2026-07-04T14:58:54.953+0000] {logging_mixin.py:188} INFO - Uploaded /tmp/minio_downloads/reviews_190243675414.parquet -> @reviews stage
[2026-07-04T14:58:55.565+0000] {logging_mixin.py:188} INFO - Uploaded /tmp/minio_downloads/reviews_190243772839.parquet -> @reviews stage
[2026-07-04T14:58:56.181+0000] {logging_mixin.py:188} INFO - Uploaded /tmp/minio_downloads/reviews_190243875775.parquet -> @reviews stage
[2026-07-04T14:58:56.794+0000] {logging_mixin.py:188} INFO - Uploaded /tmp/minio_downloads/reviews_190243972042.parquet -> @reviews stage
[2026-07-04T14:58:57.375+0000] {logging_mixin.py:188} INFO - Uploaded /tmp/minio_downloads/reviews_190244055958.parquet -> @reviews stage
[2026-07-04T14:58:58.024+0000] {logging_mixin.py:188} INFO - Uploaded /tmp/minio_downloads/reviews_190244142145.parquet -> @reviews stage
[2026-07-04T14:58:58.643+0000] {logging_mixin.py:188} INFO - Uploaded /tmp/minio_downloads/reviews_190244223233.parquet -> @reviews stage
[2026-07-04T14:58:59.254+0000] {logging_mixin.py:188} INFO - Uploaded /tmp/minio_downloads/reviews_190244329441.parquet -> @reviews stage
[2026-07-04T14:58:59.867+0000] {logging_mixin.py:188} INFO - Uploaded /tmp/minio_downloads/reviews_190244423170.parquet -> @reviews stage
[2026-07-04T14:59:00.481+0000] {logging_mixin.py:188} INFO - Uploaded /tmp/minio_downloads/reviews_190244529337.parquet -> @reviews stage
[2026-07-04T14:59:01.097+0000] {logging_mixin.py:188} INFO - Uploaded /tmp/minio_downloads/reviews_190244648784.parquet -> @reviews stage
[2026-07-04T14:59:01.712+0000] {logging_mixin.py:188} INFO - Uploaded /tmp/minio_downloads/reviews_190244729526.parquet -> @reviews stage
[2026-07-04T14:59:02.325+0000] {logging_mixin.py:188} INFO - Uploaded /tmp/minio_downloads/reviews_190244811592.parquet -> @reviews stage
[2026-07-04T14:59:02.938+0000] {logging_mixin.py:188} INFO - Uploaded /tmp/minio_downloads/reviews_190244905960.parquet -> @reviews stage
[2026-07-04T14:59:03.552+0000] {logging_mixin.py:188} INFO - Uploaded /tmp/minio_downloads/reviews_190244991976.parquet -> @reviews stage
[2026-07-04T14:59:04.167+0000] {logging_mixin.py:188} INFO - Uploaded /tmp/minio_downloads/reviews_190245078753.parquet -> @reviews stage
[2026-07-04T14:59:04.782+0000] {logging_mixin.py:188} INFO - Uploaded /tmp/minio_downloads/reviews_190245161338.parquet -> @reviews stage
[2026-07-04T14:59:05.397+0000] {logging_mixin.py:188} INFO - Uploaded /tmp/minio_downloads/reviews_190245238144.parquet -> @reviews stage
[2026-07-04T14:59:06.016+0000] {logging_mixin.py:188} INFO - Uploaded /tmp/minio_downloads/reviews_190245325734.parquet -> @reviews stage
[2026-07-04T14:59:06.630+0000] {logging_mixin.py:188} INFO - Uploaded /tmp/minio_downloads/reviews_190245417958.parquet -> @reviews stage
[2026-07-04T14:59:07.344+0000] {logging_mixin.py:188} INFO - Uploaded /tmp/minio_downloads/reviews_190245504410.parquet -> @reviews stage
[2026-07-04T14:59:07.951+0000] {logging_mixin.py:188} INFO - Uploaded /tmp/minio_downloads/reviews_190245608751.parquet -> @reviews stage
[2026-07-04T14:59:08.571+0000] {logging_mixin.py:188} INFO - Uploaded /tmp/minio_downloads/reviews_190245710998.parquet -> @reviews stage
[2026-07-04T14:59:09.288+0000] {logging_mixin.py:188} INFO - Uploaded /tmp/minio_downloads/reviews_190245803911.parquet -> @reviews stage
[2026-07-04T14:59:09.898+0000] {logging_mixin.py:188} INFO - Uploaded /tmp/minio_downloads/reviews_190245887674.parquet -> @reviews stage
[2026-07-04T14:59:10.518+0000] {logging_mixin.py:188} INFO - Uploaded /tmp/minio_downloads/reviews_190245975609.parquet -> @reviews stage
[2026-07-04T14:59:11.229+0000] {logging_mixin.py:188} INFO - Uploaded /tmp/minio_downloads/reviews_190246070721.parquet -> @reviews stage
[2026-07-04T14:59:11.844+0000] {logging_mixin.py:188} INFO - Uploaded /tmp/minio_downloads/reviews_190246159359.parquet -> @reviews stage
[2026-07-04T14:59:12.458+0000] {logging_mixin.py:188} INFO - Uploaded /tmp/minio_downloads/reviews_190246253168.parquet -> @reviews stage
[2026-07-04T14:59:13.075+0000] {logging_mixin.py:188} INFO - Uploaded /tmp/minio_downloads/reviews_190246338128.parquet -> @reviews stage
[2026-07-04T14:59:13.642+0000] {logging_mixin.py:188} INFO - Uploaded /tmp/minio_downloads/reviews_190246421987.parquet -> @reviews stage
[2026-07-04T14:59:14.305+0000] {logging_mixin.py:188} INFO - Uploaded /tmp/minio_downloads/reviews_190246514368.parquet -> @reviews stage
[2026-07-04T14:59:14.920+0000] {logging_mixin.py:188} INFO - Uploaded /tmp/minio_downloads/reviews_190246594502.parquet -> @reviews stage
[2026-07-04T14:59:15.531+0000] {logging_mixin.py:188} INFO - Uploaded /tmp/minio_downloads/reviews_190246689355.parquet -> @reviews stage
[2026-07-04T14:59:16.100+0000] {logging_mixin.py:188} INFO - Uploaded /tmp/minio_downloads/reviews_190246756677.parquet -> @reviews stage
[2026-07-04T14:59:16.760+0000] {logging_mixin.py:188} INFO - Uploaded /tmp/minio_downloads/reviews_190246855150.parquet -> @reviews stage
[2026-07-04T14:59:17.375+0000] {logging_mixin.py:188} INFO - Uploaded /tmp/minio_downloads/reviews_190246941857.parquet -> @reviews stage
[2026-07-04T14:59:17.993+0000] {logging_mixin.py:188} INFO - Uploaded /tmp/minio_downloads/reviews_190247035954.parquet -> @reviews stage
[2026-07-04T14:59:18.607+0000] {logging_mixin.py:188} INFO - Uploaded /tmp/minio_downloads/reviews_190247122968.parquet -> @reviews stage
[2026-07-04T14:59:19.324+0000] {logging_mixin.py:188} INFO - Uploaded /tmp/minio_downloads/reviews_190247221265.parquet -> @reviews stage
[2026-07-04T14:59:19.939+0000] {logging_mixin.py:188} INFO - Uploaded /tmp/minio_downloads/reviews_190247305255.parquet -> @reviews stage
[2026-07-04T14:59:20.550+0000] {logging_mixin.py:188} INFO - Uploaded /tmp/minio_downloads/reviews_190247386552.parquet -> @reviews stage
[2026-07-04T14:59:21.166+0000] {logging_mixin.py:188} INFO - Uploaded /tmp/minio_downloads/reviews_190247482946.parquet -> @reviews stage
[2026-07-04T14:59:21.664+0000] {logging_mixin.py:188} INFO - Uploaded /tmp/minio_downloads/reviews_190247576581.parquet -> @reviews stage
[2026-07-04T14:59:22.294+0000] {logging_mixin.py:188} INFO - Uploaded /tmp/minio_downloads/reviews_190247652744.parquet -> @reviews stage
[2026-07-04T14:59:22.907+0000] {logging_mixin.py:188} INFO - Uploaded /tmp/minio_downloads/reviews_190247739288.parquet -> @reviews stage
[2026-07-04T14:59:23.525+0000] {logging_mixin.py:188} INFO - Uploaded /tmp/minio_downloads/reviews_190247825515.parquet -> @reviews stage
[2026-07-04T14:59:24.099+0000] {logging_mixin.py:188} INFO - Uploaded /tmp/minio_downloads/reviews_190247908307.parquet -> @reviews stage
[2026-07-04T14:59:24.748+0000] {logging_mixin.py:188} INFO - Uploaded /tmp/minio_downloads/reviews_190247989174.parquet -> @reviews stage
[2026-07-04T14:59:25.255+0000] {logging_mixin.py:188} INFO - Uploaded /tmp/minio_downloads/reviews_190248077026.parquet -> @reviews stage
[2026-07-04T14:59:25.875+0000] {logging_mixin.py:188} INFO - Uploaded /tmp/minio_downloads/reviews_190248189206.parquet -> @reviews stage
[2026-07-04T14:59:26.492+0000] {logging_mixin.py:188} INFO - Uploaded /tmp/minio_downloads/reviews_190248277102.parquet -> @reviews stage
[2026-07-04T14:59:27.104+0000] {logging_mixin.py:188} INFO - Uploaded /tmp/minio_downloads/reviews_190248360510.parquet -> @reviews stage
[2026-07-04T14:59:27.720+0000] {logging_mixin.py:188} INFO - Uploaded /tmp/minio_downloads/reviews_190248445973.parquet -> @reviews stage
[2026-07-04T14:59:28.338+0000] {logging_mixin.py:188} INFO - Uploaded /tmp/minio_downloads/reviews_190248610432.parquet -> @reviews stage
[2026-07-04T14:59:28.948+0000] {logging_mixin.py:188} INFO - Uploaded /tmp/minio_downloads/reviews_190248728880.parquet -> @reviews stage
[2026-07-04T14:59:29.718+0000] {logging_mixin.py:188} INFO - Uploaded /tmp/minio_downloads/reviews_190248829652.parquet -> @reviews stage
[2026-07-04T14:59:30.385+0000] {logging_mixin.py:188} INFO - Uploaded /tmp/minio_downloads/reviews_190248921691.parquet -> @reviews stage
[2026-07-04T14:59:30.998+0000] {logging_mixin.py:188} INFO - Uploaded /tmp/minio_downloads/reviews_190249038616.parquet -> @reviews stage
[2026-07-04T14:59:31.609+0000] {logging_mixin.py:188} INFO - Uploaded /tmp/minio_downloads/reviews_190249137278.parquet -> @reviews stage
[2026-07-04T14:59:32.228+0000] {logging_mixin.py:188} INFO - Uploaded /tmp/minio_downloads/reviews_190249236453.parquet -> @reviews stage
[2026-07-04T14:59:54.650+0000] {logging_mixin.py:188} INFO - Uploaded /tmp/minio_downloads/reviews_190249335757.parquet -> @reviews stage
[2026-07-04T14:59:55.266+0000] {logging_mixin.py:188} INFO - Uploaded /tmp/minio_downloads/reviews_190249419221.parquet -> @reviews stage
[2026-07-04T14:59:55.883+0000] {logging_mixin.py:188} INFO - Uploaded /tmp/minio_downloads/reviews_190249519178.parquet -> @reviews stage
[2026-07-04T14:59:56.498+0000] {logging_mixin.py:188} INFO - Uploaded /tmp/minio_downloads/reviews_190249613349.parquet -> @reviews stage
[2026-07-04T14:59:57.114+0000] {logging_mixin.py:188} INFO - Uploaded /tmp/minio_downloads/reviews_190249726978.parquet -> @reviews stage
[2026-07-04T14:59:57.728+0000] {logging_mixin.py:188} INFO - Uploaded /tmp/minio_downloads/reviews_190249821544.parquet -> @reviews stage
[2026-07-04T14:59:58.342+0000] {logging_mixin.py:188} INFO - Uploaded /tmp/minio_downloads/reviews_190249921644.parquet -> @reviews stage
[2026-07-04T14:59:58.951+0000] {logging_mixin.py:188} INFO - Uploaded /tmp/minio_downloads/reviews_190250025193.parquet -> @reviews stage
[2026-07-04T14:59:59.572+0000] {logging_mixin.py:188} INFO - Uploaded /tmp/minio_downloads/reviews_190250102629.parquet -> @reviews stage
[2026-07-04T15:00:00.187+0000] {logging_mixin.py:188} INFO - Uploaded /tmp/minio_downloads/reviews_190250201781.parquet -> @reviews stage
[2026-07-04T15:00:00.799+0000] {logging_mixin.py:188} INFO - Uploaded /tmp/minio_downloads/reviews_190250293951.parquet -> @reviews stage
[2026-07-04T15:00:01.413+0000] {logging_mixin.py:188} INFO - Uploaded /tmp/minio_downloads/reviews_190250378965.parquet -> @reviews stage
[2026-07-04T15:00:02.025+0000] {logging_mixin.py:188} INFO - Uploaded /tmp/minio_downloads/reviews_190250475090.parquet -> @reviews stage
[2026-07-04T15:00:02.639+0000] {logging_mixin.py:188} INFO - Uploaded /tmp/minio_downloads/reviews_190250584333.parquet -> @reviews stage
[2026-07-04T15:00:03.252+0000] {logging_mixin.py:188} INFO - Uploaded /tmp/minio_downloads/reviews_190250699353.parquet -> @reviews stage
[2026-07-04T15:00:03.867+0000] {logging_mixin.py:188} INFO - Uploaded /tmp/minio_downloads/reviews_190250825497.parquet -> @reviews stage
[2026-07-04T15:00:04.481+0000] {logging_mixin.py:188} INFO - Uploaded /tmp/minio_downloads/reviews_190250957899.parquet -> @reviews stage
[2026-07-04T15:00:05.096+0000] {logging_mixin.py:188} INFO - Uploaded /tmp/minio_downloads/reviews_190251076497.parquet -> @reviews stage
[2026-07-04T15:00:05.710+0000] {logging_mixin.py:188} INFO - Uploaded /tmp/minio_downloads/reviews_190251168422.parquet -> @reviews stage
[2026-07-04T15:00:06.226+0000] {logging_mixin.py:188} INFO - Uploaded /tmp/minio_downloads/reviews_190251283099.parquet -> @reviews stage
[2026-07-04T15:00:06.842+0000] {logging_mixin.py:188} INFO - Uploaded /tmp/minio_downloads/reviews_190251385156.parquet -> @reviews stage
[2026-07-04T15:00:07.451+0000] {logging_mixin.py:188} INFO - Uploaded /tmp/minio_downloads/reviews_190251466721.parquet -> @reviews stage
[2026-07-04T15:00:08.063+0000] {logging_mixin.py:188} INFO - Uploaded /tmp/minio_downloads/reviews_190251574629.parquet -> @reviews stage
[2026-07-04T15:00:08.677+0000] {logging_mixin.py:188} INFO - Uploaded /tmp/minio_downloads/reviews_190251649951.parquet -> @reviews stage
[2026-07-04T15:00:09.294+0000] {logging_mixin.py:188} INFO - Uploaded /tmp/minio_downloads/reviews_190251789113.parquet -> @reviews stage
[2026-07-04T15:00:09.806+0000] {logging_mixin.py:188} INFO - Uploaded /tmp/minio_downloads/reviews_190251944261.parquet -> @reviews stage
[2026-07-04T15:00:10.425+0000] {logging_mixin.py:188} INFO - Uploaded /tmp/minio_downloads/reviews_190252034431.parquet -> @reviews stage
[2026-07-04T15:00:11.034+0000] {logging_mixin.py:188} INFO - Uploaded /tmp/minio_downloads/reviews_190252141883.parquet -> @reviews stage
[2026-07-04T15:00:11.647+0000] {logging_mixin.py:188} INFO - Uploaded /tmp/minio_downloads/reviews_190252231977.parquet -> @reviews stage
[2026-07-04T15:00:12.267+0000] {logging_mixin.py:188} INFO - Uploaded /tmp/minio_downloads/reviews_190252333864.parquet -> @reviews stage
[2026-07-04T15:00:12.831+0000] {logging_mixin.py:188} INFO - Uploaded /tmp/minio_downloads/reviews_190252433244.parquet -> @reviews stage
[2026-07-04T15:00:13.337+0000] {logging_mixin.py:188} INFO - Uploaded /tmp/minio_downloads/reviews_190252518858.parquet -> @reviews stage
[2026-07-04T15:00:14.003+0000] {logging_mixin.py:188} INFO - Uploaded /tmp/minio_downloads/reviews_190252604785.parquet -> @reviews stage
[2026-07-04T15:00:14.621+0000] {logging_mixin.py:188} INFO - Uploaded /tmp/minio_downloads/reviews_190252699752.parquet -> @reviews stage
[2026-07-04T15:00:15.233+0000] {logging_mixin.py:188} INFO - Uploaded /tmp/minio_downloads/reviews_190252806438.parquet -> @reviews stage
[2026-07-04T15:00:15.848+0000] {logging_mixin.py:188} INFO - Uploaded /tmp/minio_downloads/reviews_190252883196.parquet -> @reviews stage
[2026-07-04T15:00:16.463+0000] {logging_mixin.py:188} INFO - Uploaded /tmp/minio_downloads/reviews_190252981824.parquet -> @reviews stage
[2026-07-04T15:00:17.075+0000] {logging_mixin.py:188} INFO - Uploaded /tmp/minio_downloads/reviews_190253065072.parquet -> @reviews stage
[2026-07-04T15:00:17.696+0000] {logging_mixin.py:188} INFO - Uploaded /tmp/minio_downloads/reviews_190253158814.parquet -> @reviews stage
[2026-07-04T15:00:18.311+0000] {logging_mixin.py:188} INFO - Uploaded /tmp/minio_downloads/reviews_190253254710.parquet -> @reviews stage
[2026-07-04T15:00:18.923+0000] {logging_mixin.py:188} INFO - Uploaded /tmp/minio_downloads/reviews_190253357372.parquet -> @reviews stage
[2026-07-04T15:00:19.534+0000] {logging_mixin.py:188} INFO - Uploaded /tmp/minio_downloads/reviews_190253459233.parquet -> @reviews stage
[2026-07-04T15:00:20.109+0000] {logging_mixin.py:188} INFO - Uploaded /tmp/minio_downloads/reviews_190253548354.parquet -> @reviews stage
[2026-07-04T15:00:20.665+0000] {logging_mixin.py:188} INFO - Uploaded /tmp/minio_downloads/reviews_190253648593.parquet -> @reviews stage
[2026-07-04T15:00:21.279+0000] {logging_mixin.py:188} INFO - Uploaded /tmp/minio_downloads/reviews_190253749791.parquet -> @reviews stage
[2026-07-04T15:00:21.891+0000] {logging_mixin.py:188} INFO - Uploaded /tmp/minio_downloads/reviews_190253856173.parquet -> @reviews stage
[2026-07-04T15:00:22.505+0000] {logging_mixin.py:188} INFO - Uploaded /tmp/minio_downloads/reviews_190254000728.parquet -> @reviews stage
[2026-07-04T15:00:23.119+0000] {logging_mixin.py:188} INFO - Uploaded /tmp/minio_downloads/reviews_190255034786.parquet -> @reviews stage
[2026-07-04T15:00:23.732+0000] {logging_mixin.py:188} INFO - Uploaded /tmp/minio_downloads/reviews_190255179939.parquet -> @reviews stage
[2026-07-04T15:00:24.659+0000] {logging_mixin.py:188} INFO - Uploaded /tmp/minio_downloads/reviews_190255309717.parquet -> @reviews stage
[2026-07-04T15:00:25.271+0000] {logging_mixin.py:188} INFO - Uploaded /tmp/minio_downloads/reviews_190255422011.parquet -> @reviews stage
[2026-07-04T15:00:25.884+0000] {logging_mixin.py:188} INFO - Uploaded /tmp/minio_downloads/reviews_190255541013.parquet -> @reviews stage
[2026-07-04T15:00:26.447+0000] {logging_mixin.py:188} INFO - Uploaded /tmp/minio_downloads/reviews_190255676909.parquet -> @reviews stage
[2026-07-04T15:00:27.035+0000] {logging_mixin.py:188} INFO - Uploaded /tmp/minio_downloads/reviews_190255822934.parquet -> @reviews stage
[2026-07-04T15:00:27.582+0000] {logging_mixin.py:188} INFO - Uploaded /tmp/minio_downloads/reviews_190255972454.parquet -> @reviews stage
[2026-07-04T15:00:28.079+0000] {logging_mixin.py:188} INFO - Uploaded /tmp/minio_downloads/reviews_190256103252.parquet -> @reviews stage
[2026-07-04T15:00:28.573+0000] {logging_mixin.py:188} INFO - Uploaded /tmp/minio_downloads/reviews_190256311243.parquet -> @reviews stage
[2026-07-04T15:00:29.161+0000] {logging_mixin.py:188} INFO - Uploaded /tmp/minio_downloads/reviews_190256463480.parquet -> @reviews stage
[2026-07-04T15:00:29.779+0000] {logging_mixin.py:188} INFO - Uploaded /tmp/minio_downloads/reviews_190256596330.parquet -> @reviews stage
[2026-07-04T15:00:30.392+0000] {logging_mixin.py:188} INFO - Uploaded /tmp/minio_downloads/reviews_190256739544.parquet -> @reviews stage
[2026-07-04T15:00:31.005+0000] {logging_mixin.py:188} INFO - Uploaded /tmp/minio_downloads/reviews_190256876646.parquet -> @reviews stage
[2026-07-04T15:00:31.619+0000] {logging_mixin.py:188} INFO - Uploaded /tmp/minio_downloads/reviews_190257007762.parquet -> @reviews stage
[2026-07-04T15:00:32.240+0000] {logging_mixin.py:188} INFO - Uploaded /tmp/minio_downloads/reviews_190257159816.parquet -> @reviews stage
[2026-07-04T15:00:32.848+0000] {logging_mixin.py:188} INFO - Uploaded /tmp/minio_downloads/reviews_190257299098.parquet -> @reviews stage
[2026-07-04T15:00:33.463+0000] {logging_mixin.py:188} INFO - Uploaded /tmp/minio_downloads/reviews_190257424387.parquet -> @reviews stage
[2026-07-04T15:00:34.078+0000] {logging_mixin.py:188} INFO - Uploaded /tmp/minio_downloads/reviews_190257570011.parquet -> @reviews stage
[2026-07-04T15:00:34.691+0000] {logging_mixin.py:188} INFO - Uploaded /tmp/minio_downloads/reviews_190257982921.parquet -> @reviews stage
[2026-07-04T15:00:35.307+0000] {logging_mixin.py:188} INFO - Uploaded /tmp/minio_downloads/reviews_190258166540.parquet -> @reviews stage
[2026-07-04T15:00:35.925+0000] {logging_mixin.py:188} INFO - Uploaded /tmp/minio_downloads/reviews_190258335331.parquet -> @reviews stage
[2026-07-04T15:00:36.539+0000] {logging_mixin.py:188} INFO - Uploaded /tmp/minio_downloads/reviews_190258548545.parquet -> @reviews stage
[2026-07-04T15:00:37.154+0000] {logging_mixin.py:188} INFO - Uploaded /tmp/minio_downloads/reviews_190258725046.parquet -> @reviews stage
[2026-07-04T15:00:37.764+0000] {logging_mixin.py:188} INFO - Uploaded /tmp/minio_downloads/reviews_190258882253.parquet -> @reviews stage
[2026-07-04T15:00:38.374+0000] {logging_mixin.py:188} INFO - Uploaded /tmp/minio_downloads/reviews_190259105526.parquet -> @reviews stage
[2026-07-04T15:00:38.990+0000] {logging_mixin.py:188} INFO - Uploaded /tmp/minio_downloads/reviews_190259305658.parquet -> @reviews stage
[2026-07-04T15:00:39.562+0000] {logging_mixin.py:188} INFO - Uploaded /tmp/minio_downloads/reviews_190259512460.parquet -> @reviews stage
[2026-07-04T15:00:40.219+0000] {logging_mixin.py:188} INFO - Uploaded /tmp/minio_downloads/reviews_190259682785.parquet -> @reviews stage
[2026-07-04T15:00:40.833+0000] {logging_mixin.py:188} INFO - Uploaded /tmp/minio_downloads/reviews_190259820756.parquet -> @reviews stage
[2026-07-04T15:00:41.447+0000] {logging_mixin.py:188} INFO - Uploaded /tmp/minio_downloads/reviews_190259973248.parquet -> @reviews stage
[2026-07-04T15:00:41.957+0000] {logging_mixin.py:188} INFO - Uploaded /tmp/minio_downloads/reviews_190300175984.parquet -> @reviews stage
[2026-07-04T15:00:42.574+0000] {logging_mixin.py:188} INFO - Uploaded /tmp/minio_downloads/reviews_190300351869.parquet -> @reviews stage
[2026-07-04T15:00:43.185+0000] {logging_mixin.py:188} INFO - Uploaded /tmp/minio_downloads/reviews_190300498113.parquet -> @reviews stage
[2026-07-04T15:00:43.798+0000] {logging_mixin.py:188} INFO - Uploaded /tmp/minio_downloads/reviews_190300701824.parquet -> @reviews stage
[2026-07-04T15:00:44.416+0000] {logging_mixin.py:188} INFO - Uploaded /tmp/minio_downloads/reviews_190300996326.parquet -> @reviews stage
[2026-07-04T15:00:45.028+0000] {logging_mixin.py:188} INFO - Uploaded /tmp/minio_downloads/reviews_190301194846.parquet -> @reviews stage
[2026-07-04T15:00:45.645+0000] {logging_mixin.py:188} INFO - Uploaded /tmp/minio_downloads/reviews_190301328624.parquet -> @reviews stage
[2026-07-04T15:00:46.359+0000] {logging_mixin.py:188} INFO - Uploaded /tmp/minio_downloads/reviews_190301495487.parquet -> @reviews stage
[2026-07-04T15:00:46.975+0000] {logging_mixin.py:188} INFO - Uploaded /tmp/minio_downloads/reviews_190301640228.parquet -> @reviews stage
[2026-07-04T15:00:47.589+0000] {logging_mixin.py:188} INFO - Uploaded /tmp/minio_downloads/reviews_190301777657.parquet -> @reviews stage
[2026-07-04T15:00:48.412+0000] {logging_mixin.py:188} INFO - Uploaded /tmp/minio_downloads/reviews_190301916013.parquet -> @reviews stage
[2026-07-04T15:00:49.023+0000] {logging_mixin.py:188} INFO - Uploaded /tmp/minio_downloads/reviews_190302102014.parquet -> @reviews stage
[2026-07-04T15:00:49.637+0000] {logging_mixin.py:188} INFO - Uploaded /tmp/minio_downloads/reviews_190302295049.parquet -> @reviews stage
[2026-07-04T15:00:50.251+0000] {logging_mixin.py:188} INFO - Uploaded /tmp/minio_downloads/reviews_190302502154.parquet -> @reviews stage
[2026-07-04T15:00:50.867+0000] {logging_mixin.py:188} INFO - Uploaded /tmp/minio_downloads/reviews_190302681349.parquet -> @reviews stage
[2026-07-04T15:00:51.485+0000] {logging_mixin.py:188} INFO - Uploaded /tmp/minio_downloads/reviews_190302821466.parquet -> @reviews stage
[2026-07-04T15:00:52.096+0000] {logging_mixin.py:188} INFO - Uploaded /tmp/minio_downloads/reviews_190302957360.parquet -> @reviews stage
[2026-07-04T15:00:52.711+0000] {logging_mixin.py:188} INFO - Uploaded /tmp/minio_downloads/reviews_190303051597.parquet -> @reviews stage
[2026-07-04T15:00:53.324+0000] {logging_mixin.py:188} INFO - Uploaded /tmp/minio_downloads/reviews_190303265828.parquet -> @reviews stage
[2026-07-04T15:00:53.939+0000] {logging_mixin.py:188} INFO - Uploaded /tmp/minio_downloads/reviews_190303547104.parquet -> @reviews stage
[2026-07-04T15:00:54.554+0000] {logging_mixin.py:188} INFO - Uploaded /tmp/minio_downloads/reviews_190303689879.parquet -> @reviews stage
[2026-07-04T15:00:55.269+0000] {logging_mixin.py:188} INFO - Uploaded /tmp/minio_downloads/reviews_190303817595.parquet -> @reviews stage
[2026-07-04T15:00:55.888+0000] {logging_mixin.py:188} INFO - Uploaded /tmp/minio_downloads/reviews_190303934323.parquet -> @reviews stage
[2026-07-04T15:00:56.504+0000] {logging_mixin.py:188} INFO - Uploaded /tmp/minio_downloads/reviews_190304042560.parquet -> @reviews stage
[2026-07-04T15:00:57.115+0000] {logging_mixin.py:188} INFO - Uploaded /tmp/minio_downloads/reviews_190304283644.parquet -> @reviews stage
[2026-07-04T15:00:57.734+0000] {logging_mixin.py:188} INFO - Uploaded /tmp/minio_downloads/reviews_190304427158.parquet -> @reviews stage
[2026-07-04T15:00:58.349+0000] {logging_mixin.py:188} INFO - Uploaded /tmp/minio_downloads/reviews_190304579209.parquet -> @reviews stage
[2026-07-04T15:00:58.963+0000] {logging_mixin.py:188} INFO - Uploaded /tmp/minio_downloads/reviews_190304737777.parquet -> @reviews stage
[2026-07-04T15:00:59.578+0000] {logging_mixin.py:188} INFO - Uploaded /tmp/minio_downloads/reviews_190304891261.parquet -> @reviews stage
[2026-07-04T15:01:00.200+0000] {logging_mixin.py:188} INFO - Uploaded /tmp/minio_downloads/reviews_190305027621.parquet -> @reviews stage
[2026-07-04T15:01:00.808+0000] {logging_mixin.py:188} INFO - Uploaded /tmp/minio_downloads/reviews_190649407817.parquet -> @reviews stage
[2026-07-04T15:01:01.419+0000] {logging_mixin.py:188} INFO - Uploaded /tmp/minio_downloads/reviews_190649491127.parquet -> @reviews stage
[2026-07-04T15:01:02.033+0000] {logging_mixin.py:188} INFO - Uploaded /tmp/minio_downloads/reviews_190649582601.parquet -> @reviews stage
[2026-07-04T15:01:02.650+0000] {logging_mixin.py:188} INFO - Uploaded /tmp/minio_downloads/reviews_190649654465.parquet -> @reviews stage
[2026-07-04T15:01:03.260+0000] {logging_mixin.py:188} INFO - Uploaded /tmp/minio_downloads/reviews_190649764899.parquet -> @reviews stage
[2026-07-04T15:01:03.800+0000] {logging_mixin.py:188} INFO - Uploaded /tmp/minio_downloads/reviews_190649845493.parquet -> @reviews stage
[2026-07-04T15:01:04.390+0000] {logging_mixin.py:188} INFO - Uploaded /tmp/minio_downloads/reviews_190649921712.parquet -> @reviews stage
[2026-07-04T15:01:05.006+0000] {logging_mixin.py:188} INFO - Uploaded /tmp/minio_downloads/reviews_190649999361.parquet -> @reviews stage
[2026-07-04T15:01:05.620+0000] {logging_mixin.py:188} INFO - Uploaded /tmp/minio_downloads/reviews_190650105234.parquet -> @reviews stage
[2026-07-04T15:01:06.230+0000] {logging_mixin.py:188} INFO - Uploaded /tmp/minio_downloads/reviews_190650224290.parquet -> @reviews stage
[2026-07-04T15:01:06.852+0000] {logging_mixin.py:188} INFO - Uploaded /tmp/minio_downloads/reviews_190650342265.parquet -> @reviews stage
[2026-07-04T15:01:07.464+0000] {logging_mixin.py:188} INFO - Uploaded /tmp/minio_downloads/reviews_190650447487.parquet -> @reviews stage
[2026-07-04T15:01:08.074+0000] {logging_mixin.py:188} INFO - Uploaded /tmp/minio_downloads/reviews_190650610075.parquet -> @reviews stage
[2026-07-04T15:01:08.597+0000] {logging_mixin.py:188} INFO - Uploaded /tmp/minio_downloads/reviews_190650735444.parquet -> @reviews stage
[2026-07-04T15:01:09.199+0000] {logging_mixin.py:188} INFO - Uploaded /tmp/minio_downloads/reviews_190650844447.parquet -> @reviews stage
[2026-07-04T15:01:09.815+0000] {logging_mixin.py:188} INFO - Uploaded /tmp/minio_downloads/reviews_190650944353.parquet -> @reviews stage
[2026-07-04T15:01:10.429+0000] {logging_mixin.py:188} INFO - Uploaded /tmp/minio_downloads/reviews_190651061813.parquet -> @reviews stage
[2026-07-04T15:01:11.048+0000] {logging_mixin.py:188} INFO - Uploaded /tmp/minio_downloads/reviews_190651172050.parquet -> @reviews stage
[2026-07-04T15:01:11.657+0000] {logging_mixin.py:188} INFO - Uploaded /tmp/minio_downloads/reviews_190651326898.parquet -> @reviews stage
[2026-07-04T15:01:12.272+0000] {logging_mixin.py:188} INFO - Uploaded /tmp/minio_downloads/reviews_190651452020.parquet -> @reviews stage
[2026-07-04T15:01:12.888+0000] {logging_mixin.py:188} INFO - Uploaded /tmp/minio_downloads/reviews_190651615580.parquet -> @reviews stage
[2026-07-04T15:01:13.498+0000] {logging_mixin.py:188} INFO - Uploaded /tmp/minio_downloads/reviews_190651739809.parquet -> @reviews stage
[2026-07-04T15:01:14.116+0000] {logging_mixin.py:188} INFO - Uploaded /tmp/minio_downloads/reviews_190651932173.parquet -> @reviews stage
[2026-07-04T15:01:14.729+0000] {logging_mixin.py:188} INFO - Uploaded /tmp/minio_downloads/reviews_190652095675.parquet -> @reviews stage
[2026-07-04T15:01:15.545+0000] {logging_mixin.py:188} INFO - Uploaded /tmp/minio_downloads/reviews_190652248604.parquet -> @reviews stage
[2026-07-04T15:01:16.165+0000] {logging_mixin.py:188} INFO - Uploaded /tmp/minio_downloads/reviews_190652376018.parquet -> @reviews stage
[2026-07-04T15:01:16.739+0000] {logging_mixin.py:188} INFO - Uploaded /tmp/minio_downloads/reviews_190652541425.parquet -> @reviews stage
[2026-07-04T15:01:17.395+0000] {logging_mixin.py:188} INFO - Uploaded /tmp/minio_downloads/reviews_190652739671.parquet -> @reviews stage
[2026-07-04T15:01:18.007+0000] {logging_mixin.py:188} INFO - Uploaded /tmp/minio_downloads/reviews_190652899743.parquet -> @reviews stage
[2026-07-04T15:01:18.576+0000] {logging_mixin.py:188} INFO - Uploaded /tmp/minio_downloads/reviews_190653041255.parquet -> @reviews stage
[2026-07-04T15:01:19.238+0000] {logging_mixin.py:188} INFO - Uploaded /tmp/minio_downloads/reviews_190653219518.parquet -> @reviews stage
[2026-07-04T15:01:19.853+0000] {logging_mixin.py:188} INFO - Uploaded /tmp/minio_downloads/reviews_190653400372.parquet -> @reviews stage
[2026-07-04T15:01:20.468+0000] {logging_mixin.py:188} INFO - Uploaded /tmp/minio_downloads/reviews_190653548843.parquet -> @reviews stage
[2026-07-04T15:01:21.083+0000] {logging_mixin.py:188} INFO - Uploaded /tmp/minio_downloads/reviews_190653720370.parquet -> @reviews stage
[2026-07-04T15:01:21.692+0000] {logging_mixin.py:188} INFO - Uploaded /tmp/minio_downloads/reviews_190653871849.parquet -> @reviews stage
[2026-07-04T15:01:22.310+0000] {logging_mixin.py:188} INFO - Uploaded /tmp/minio_downloads/reviews_190654030137.parquet -> @reviews stage
[2026-07-04T15:01:22.925+0000] {logging_mixin.py:188} INFO - Uploaded /tmp/minio_downloads/reviews_190654250071.parquet -> @reviews stage
[2026-07-04T15:01:23.539+0000] {logging_mixin.py:188} INFO - Uploaded /tmp/minio_downloads/reviews_190654465997.parquet -> @reviews stage
[2026-07-04T15:01:24.155+0000] {logging_mixin.py:188} INFO - Uploaded /tmp/minio_downloads/reviews_190654617136.parquet -> @reviews stage
[2026-07-04T15:01:24.973+0000] {logging_mixin.py:188} INFO - Uploaded /tmp/minio_downloads/reviews_190654799345.parquet -> @reviews stage
[2026-07-04T15:01:25.587+0000] {logging_mixin.py:188} INFO - Uploaded /tmp/minio_downloads/reviews_190654991524.parquet -> @reviews stage
[2026-07-04T15:01:26.197+0000] {logging_mixin.py:188} INFO - Uploaded /tmp/minio_downloads/reviews_190655181244.parquet -> @reviews stage
[2026-07-04T15:01:26.762+0000] {logging_mixin.py:188} INFO - Uploaded /tmp/minio_downloads/reviews_190655484705.parquet -> @reviews stage
[2026-07-04T15:01:27.432+0000] {logging_mixin.py:188} INFO - Uploaded /tmp/minio_downloads/reviews_190655878896.parquet -> @reviews stage
[2026-07-04T15:01:28.044+0000] {logging_mixin.py:188} INFO - Uploaded /tmp/minio_downloads/reviews_190656128197.parquet -> @reviews stage
[2026-07-04T15:01:28.661+0000] {logging_mixin.py:188} INFO - Uploaded /tmp/minio_downloads/reviews_190656344699.parquet -> @reviews stage
[2026-07-04T15:01:29.276+0000] {logging_mixin.py:188} INFO - Uploaded /tmp/minio_downloads/reviews_190656543482.parquet -> @reviews stage
[2026-07-04T15:01:29.890+0000] {logging_mixin.py:188} INFO - Uploaded /tmp/minio_downloads/reviews_190656772621.parquet -> @reviews stage
[2026-07-04T15:01:30.502+0000] {logging_mixin.py:188} INFO - Uploaded /tmp/minio_downloads/reviews_190657026853.parquet -> @reviews stage
[2026-07-04T15:01:31.122+0000] {logging_mixin.py:188} INFO - Uploaded /tmp/minio_downloads/reviews_190657210315.parquet -> @reviews stage
[2026-07-04T15:01:31.731+0000] {logging_mixin.py:188} INFO - Uploaded /tmp/minio_downloads/reviews_190657467007.parquet -> @reviews stage
[2026-07-04T15:01:32.348+0000] {logging_mixin.py:188} INFO - Uploaded /tmp/minio_downloads/reviews_190657659699.parquet -> @reviews stage
[2026-07-04T15:01:32.962+0000] {logging_mixin.py:188} INFO - Uploaded /tmp/minio_downloads/reviews_190657926892.parquet -> @reviews stage
[2026-07-04T15:01:33.573+0000] {logging_mixin.py:188} INFO - Uploaded /tmp/minio_downloads/reviews_190658186229.parquet -> @reviews stage
[2026-07-04T15:01:34.189+0000] {logging_mixin.py:188} INFO - Uploaded /tmp/minio_downloads/reviews_190658379491.parquet -> @reviews stage
[2026-07-04T15:01:34.806+0000] {logging_mixin.py:188} INFO - Uploaded /tmp/minio_downloads/reviews_190658605403.parquet -> @reviews stage
[2026-07-04T15:01:35.418+0000] {logging_mixin.py:188} INFO - Uploaded /tmp/minio_downloads/reviews_190658841296.parquet -> @reviews stage
[2026-07-04T15:01:36.034+0000] {logging_mixin.py:188} INFO - Uploaded /tmp/minio_downloads/reviews_190659036757.parquet -> @reviews stage
[2026-07-04T15:01:36.646+0000] {logging_mixin.py:188} INFO - Uploaded /tmp/minio_downloads/reviews_190659231028.parquet -> @reviews stage
[2026-07-04T15:01:37.262+0000] {logging_mixin.py:188} INFO - Uploaded /tmp/minio_downloads/reviews_190659387072.parquet -> @reviews stage
[2026-07-04T15:01:37.840+0000] {logging_mixin.py:188} INFO - Uploaded /tmp/minio_downloads/reviews_190659520692.parquet -> @reviews stage
[2026-07-04T15:01:38.486+0000] {logging_mixin.py:188} INFO - Uploaded /tmp/minio_downloads/reviews_190659724364.parquet -> @reviews stage
[2026-07-04T15:01:39.102+0000] {logging_mixin.py:188} INFO - Uploaded /tmp/minio_downloads/reviews_190659890640.parquet -> @reviews stage
[2026-07-04T15:01:39.713+0000] {logging_mixin.py:188} INFO - Uploaded /tmp/minio_downloads/reviews_190700024217.parquet -> @reviews stage
[2026-07-04T15:01:40.331+0000] {logging_mixin.py:188} INFO - Uploaded /tmp/minio_downloads/reviews_190700190620.parquet -> @reviews stage
[2026-07-04T15:01:40.894+0000] {logging_mixin.py:188} INFO - Uploaded /tmp/minio_downloads/reviews_190700339268.parquet -> @reviews stage
[2026-07-04T15:01:41.560+0000] {logging_mixin.py:188} INFO - Uploaded /tmp/minio_downloads/reviews_190700536346.parquet -> @reviews stage
[2026-07-04T15:01:42.175+0000] {logging_mixin.py:188} INFO - Uploaded /tmp/minio_downloads/reviews_190700715827.parquet -> @reviews stage
[2026-07-04T15:01:42.788+0000] {logging_mixin.py:188} INFO - Uploaded /tmp/minio_downloads/reviews_190700855476.parquet -> @reviews stage
[2026-07-04T15:01:43.403+0000] {logging_mixin.py:188} INFO - Uploaded /tmp/minio_downloads/reviews_190700996063.parquet -> @reviews stage
[2026-07-04T15:01:44.013+0000] {logging_mixin.py:188} INFO - Uploaded /tmp/minio_downloads/reviews_190701191189.parquet -> @reviews stage
[2026-07-04T15:01:44.587+0000] {logging_mixin.py:188} INFO - Uploaded /tmp/minio_downloads/reviews_190701358155.parquet -> @reviews stage
[2026-07-04T15:01:45.248+0000] {logging_mixin.py:188} INFO - Uploaded /tmp/minio_downloads/reviews_190701530615.parquet -> @reviews stage
[2026-07-04T15:01:45.861+0000] {logging_mixin.py:188} INFO - Uploaded /tmp/minio_downloads/reviews_190701692229.parquet -> @reviews stage
[2026-07-04T15:01:46.476+0000] {logging_mixin.py:188} INFO - Uploaded /tmp/minio_downloads/reviews_190701841780.parquet -> @reviews stage
[2026-07-04T15:01:47.091+0000] {logging_mixin.py:188} INFO - Uploaded /tmp/minio_downloads/reviews_190702017654.parquet -> @reviews stage
[2026-07-04T15:01:47.701+0000] {logging_mixin.py:188} INFO - Uploaded /tmp/minio_downloads/reviews_190702273127.parquet -> @reviews stage
[2026-07-04T15:01:48.319+0000] {logging_mixin.py:188} INFO - Uploaded /tmp/minio_downloads/reviews_190702664806.parquet -> @reviews stage
[2026-07-04T15:01:48.934+0000] {logging_mixin.py:188} INFO - Uploaded /tmp/minio_downloads/reviews_190702991691.parquet -> @reviews stage
[2026-07-04T15:01:49.551+0000] {logging_mixin.py:188} INFO - Uploaded /tmp/minio_downloads/reviews_190703194768.parquet -> @reviews stage
[2026-07-04T15:01:50.165+0000] {logging_mixin.py:188} INFO - Uploaded /tmp/minio_downloads/reviews_190703438997.parquet -> @reviews stage
[2026-07-04T15:01:50.778+0000] {logging_mixin.py:188} INFO - Uploaded /tmp/minio_downloads/reviews_190703662748.parquet -> @reviews stage
[2026-07-04T15:01:51.392+0000] {logging_mixin.py:188} INFO - Uploaded /tmp/minio_downloads/reviews_190703898061.parquet -> @reviews stage
[2026-07-04T15:01:52.002+0000] {logging_mixin.py:188} INFO - Uploaded /tmp/minio_downloads/reviews_190704087222.parquet -> @reviews stage
[2026-07-04T15:01:52.621+0000] {logging_mixin.py:188} INFO - Uploaded /tmp/minio_downloads/reviews_190704320540.parquet -> @reviews stage
[2026-07-04T15:01:53.235+0000] {logging_mixin.py:188} INFO - Uploaded /tmp/minio_downloads/reviews_190704522604.parquet -> @reviews stage
[2026-07-04T15:01:53.796+0000] {logging_mixin.py:188} INFO - Uploaded /tmp/minio_downloads/reviews_190704746410.parquet -> @reviews stage
[2026-07-04T15:01:54.363+0000] {logging_mixin.py:188} INFO - Uploaded /tmp/minio_downloads/reviews_190704904776.parquet -> @reviews stage
[2026-07-04T15:01:54.978+0000] {logging_mixin.py:188} INFO - Uploaded /tmp/minio_downloads/reviews_190705127449.parquet -> @reviews stage
[2026-07-04T15:01:55.597+0000] {logging_mixin.py:188} INFO - Uploaded /tmp/minio_downloads/reviews_190705276673.parquet -> @reviews stage
[2026-07-04T15:01:56.203+0000] {logging_mixin.py:188} INFO - Uploaded /tmp/minio_downloads/reviews_190705495176.parquet -> @reviews stage
[2026-07-04T15:01:56.815+0000] {logging_mixin.py:188} INFO - Uploaded /tmp/minio_downloads/reviews_190705652031.parquet -> @reviews stage
[2026-07-04T15:01:57.429+0000] {logging_mixin.py:188} INFO - Uploaded /tmp/minio_downloads/reviews_190705865499.parquet -> @reviews stage
[2026-07-04T15:01:58.049+0000] {logging_mixin.py:188} INFO - Uploaded /tmp/minio_downloads/reviews_190706070139.parquet -> @reviews stage
[2026-07-04T15:01:58.664+0000] {logging_mixin.py:188} INFO - Uploaded /tmp/minio_downloads/reviews_190706269478.parquet -> @reviews stage
[2026-07-04T15:01:59.279+0000] {logging_mixin.py:188} INFO - Uploaded /tmp/minio_downloads/reviews_190706445364.parquet -> @reviews stage
[2026-07-04T15:01:59.893+0000] {logging_mixin.py:188} INFO - Uploaded /tmp/minio_downloads/reviews_190706607100.parquet -> @reviews stage
[2026-07-04T15:02:00.503+0000] {logging_mixin.py:188} INFO - Uploaded /tmp/minio_downloads/reviews_190706752972.parquet -> @reviews stage
[2026-07-04T15:02:01.123+0000] {logging_mixin.py:188} INFO - Uploaded /tmp/minio_downloads/reviews_190706891763.parquet -> @reviews stage
[2026-07-04T15:02:01.731+0000] {logging_mixin.py:188} INFO - Uploaded /tmp/minio_downloads/reviews_190707039096.parquet -> @reviews stage
[2026-07-04T15:02:02.348+0000] {logging_mixin.py:188} INFO - Uploaded /tmp/minio_downloads/reviews_190707259195.parquet -> @reviews stage
[2026-07-04T15:02:02.965+0000] {logging_mixin.py:188} INFO - Uploaded /tmp/minio_downloads/reviews_190707431749.parquet -> @reviews stage
[2026-07-04T15:02:03.504+0000] {logging_mixin.py:188} INFO - Uploaded /tmp/minio_downloads/reviews_190707624193.parquet -> @reviews stage
[2026-07-04T15:02:04.194+0000] {logging_mixin.py:188} INFO - Uploaded /tmp/minio_downloads/reviews_190707820355.parquet -> @reviews stage
[2026-07-04T15:02:04.805+0000] {logging_mixin.py:188} INFO - Uploaded /tmp/minio_downloads/reviews_190707981094.parquet -> @reviews stage
[2026-07-04T15:02:05.426+0000] {logging_mixin.py:188} INFO - Uploaded /tmp/minio_downloads/reviews_190708135780.parquet -> @reviews stage
[2026-07-04T15:02:06.043+0000] {logging_mixin.py:188} INFO - Uploaded /tmp/minio_downloads/reviews_190708321718.parquet -> @reviews stage
[2026-07-04T15:02:06.650+0000] {logging_mixin.py:188} INFO - Uploaded /tmp/minio_downloads/reviews_190708529325.parquet -> @reviews stage
[2026-07-04T15:02:07.266+0000] {logging_mixin.py:188} INFO - Uploaded /tmp/minio_downloads/reviews_190708693798.parquet -> @reviews stage
[2026-07-04T15:02:07.877+0000] {logging_mixin.py:188} INFO - Uploaded /tmp/minio_downloads/reviews_190708817506.parquet -> @reviews stage
[2026-07-04T15:02:08.489+0000] {logging_mixin.py:188} INFO - Uploaded /tmp/minio_downloads/reviews_190708964933.parquet -> @reviews stage
[2026-07-04T15:02:09.108+0000] {logging_mixin.py:188} INFO - Uploaded /tmp/minio_downloads/reviews_190709193563.parquet -> @reviews stage
[2026-07-04T15:02:09.674+0000] {logging_mixin.py:188} INFO - Uploaded /tmp/minio_downloads/reviews_190709335581.parquet -> @reviews stage
[2026-07-04T15:02:10.336+0000] {logging_mixin.py:188} INFO - Uploaded /tmp/minio_downloads/reviews_190709453567.parquet -> @reviews stage
[2026-07-04T15:02:10.950+0000] {logging_mixin.py:188} INFO - Uploaded /tmp/minio_downloads/reviews_190709571176.parquet -> @reviews stage
[2026-07-04T15:02:11.562+0000] {logging_mixin.py:188} INFO - Uploaded /tmp/minio_downloads/reviews_190709709868.parquet -> @reviews stage
[2026-07-04T15:02:12.179+0000] {logging_mixin.py:188} INFO - Uploaded /tmp/minio_downloads/reviews_190709817463.parquet -> @reviews stage
[2026-07-04T15:02:12.788+0000] {logging_mixin.py:188} INFO - Uploaded /tmp/minio_downloads/reviews_190709956679.parquet -> @reviews stage
[2026-07-04T15:02:13.409+0000] {logging_mixin.py:188} INFO - Uploaded /tmp/minio_downloads/reviews_190710110569.parquet -> @reviews stage
[2026-07-04T15:02:14.018+0000] {logging_mixin.py:188} INFO - Uploaded /tmp/minio_downloads/reviews_190710222791.parquet -> @reviews stage
[2026-07-04T15:02:14.533+0000] {logging_mixin.py:188} INFO - Uploaded /tmp/minio_downloads/reviews_190710328548.parquet -> @reviews stage
[2026-07-04T15:02:15.148+0000] {logging_mixin.py:188} INFO - Uploaded /tmp/minio_downloads/reviews_190710443984.parquet -> @reviews stage
[2026-07-04T15:02:15.763+0000] {logging_mixin.py:188} INFO - Uploaded /tmp/minio_downloads/reviews_190710547903.parquet -> @reviews stage
[2026-07-04T15:02:16.385+0000] {logging_mixin.py:188} INFO - Uploaded /tmp/minio_downloads/reviews_190710654875.parquet -> @reviews stage
[2026-07-04T15:02:16.988+0000] {logging_mixin.py:188} INFO - Uploaded /tmp/minio_downloads/reviews_190710743978.parquet -> @reviews stage
[2026-07-04T15:02:17.608+0000] {logging_mixin.py:188} INFO - Uploaded /tmp/minio_downloads/reviews_190710830310.parquet -> @reviews stage
[2026-07-04T15:02:18.221+0000] {logging_mixin.py:188} INFO - Uploaded /tmp/minio_downloads/reviews_190710937201.parquet -> @reviews stage
[2026-07-04T15:02:18.835+0000] {logging_mixin.py:188} INFO - Uploaded /tmp/minio_downloads/reviews_190711062733.parquet -> @reviews stage
[2026-07-04T15:02:19.451+0000] {logging_mixin.py:188} INFO - Uploaded /tmp/minio_downloads/reviews_190711193224.parquet -> @reviews stage
[2026-07-04T15:02:20.060+0000] {logging_mixin.py:188} INFO - Uploaded /tmp/minio_downloads/reviews_190711305012.parquet -> @reviews stage
[2026-07-04T15:02:20.681+0000] {logging_mixin.py:188} INFO - Uploaded /tmp/minio_downloads/reviews_190711406386.parquet -> @reviews stage
[2026-07-04T15:02:21.289+0000] {logging_mixin.py:188} INFO - Uploaded /tmp/minio_downloads/reviews_190711508293.parquet -> @reviews stage
[2026-07-04T15:02:21.910+0000] {logging_mixin.py:188} INFO - Uploaded /tmp/minio_downloads/reviews_190711600102.parquet -> @reviews stage
[2026-07-04T15:02:22.524+0000] {logging_mixin.py:188} INFO - Uploaded /tmp/minio_downloads/reviews_190711683265.parquet -> @reviews stage
[2026-07-04T15:02:23.136+0000] {logging_mixin.py:188} INFO - Uploaded /tmp/minio_downloads/reviews_190711774431.parquet -> @reviews stage
[2026-07-04T15:02:23.751+0000] {logging_mixin.py:188} INFO - Uploaded /tmp/minio_downloads/reviews_190711864014.parquet -> @reviews stage
[2026-07-04T15:02:24.311+0000] {logging_mixin.py:188} INFO - Uploaded /tmp/minio_downloads/reviews_190711941343.parquet -> @reviews stage
[2026-07-04T15:02:24.984+0000] {logging_mixin.py:188} INFO - Uploaded /tmp/minio_downloads/reviews_190712016357.parquet -> @reviews stage
[2026-07-04T15:02:25.589+0000] {logging_mixin.py:188} INFO - Uploaded /tmp/minio_downloads/reviews_190712107388.parquet -> @reviews stage
[2026-07-04T15:02:26.207+0000] {logging_mixin.py:188} INFO - Uploaded /tmp/minio_downloads/reviews_190712212264.parquet -> @reviews stage
[2026-07-04T15:02:26.824+0000] {logging_mixin.py:188} INFO - Uploaded /tmp/minio_downloads/reviews_190712307059.parquet -> @reviews stage
[2026-07-04T15:02:27.440+0000] {logging_mixin.py:188} INFO - Uploaded /tmp/minio_downloads/reviews_190712445086.parquet -> @reviews stage
[2026-07-04T15:02:28.048+0000] {logging_mixin.py:188} INFO - Uploaded /tmp/minio_downloads/reviews_190712609876.parquet -> @reviews stage
[2026-07-04T15:02:28.663+0000] {logging_mixin.py:188} INFO - Uploaded /tmp/minio_downloads/reviews_190712714911.parquet -> @reviews stage
[2026-07-04T15:02:29.281+0000] {logging_mixin.py:188} INFO - Uploaded /tmp/minio_downloads/reviews_190712812986.parquet -> @reviews stage
[2026-07-04T15:02:29.892+0000] {logging_mixin.py:188} INFO - Uploaded /tmp/minio_downloads/reviews_190712890734.parquet -> @reviews stage
[2026-07-04T15:02:30.513+0000] {logging_mixin.py:188} INFO - Uploaded /tmp/minio_downloads/reviews_190712975283.parquet -> @reviews stage
[2026-07-04T15:02:31.228+0000] {logging_mixin.py:188} INFO - Uploaded /tmp/minio_downloads/reviews_190713064637.parquet -> @reviews stage
[2026-07-04T15:02:31.843+0000] {logging_mixin.py:188} INFO - Uploaded /tmp/minio_downloads/reviews_190713170845.parquet -> @reviews stage
[2026-07-04T15:02:32.452+0000] {logging_mixin.py:188} INFO - Uploaded /tmp/minio_downloads/reviews_190713242233.parquet -> @reviews stage
[2026-07-04T15:02:33.073+0000] {logging_mixin.py:188} INFO - Uploaded /tmp/minio_downloads/reviews_190713309010.parquet -> @reviews stage
[2026-07-04T15:02:33.687+0000] {logging_mixin.py:188} INFO - Uploaded /tmp/minio_downloads/reviews_190713388586.parquet -> @reviews stage
[2026-07-04T15:02:34.302+0000] {logging_mixin.py:188} INFO - Uploaded /tmp/minio_downloads/reviews_190713477756.parquet -> @reviews stage
[2026-07-04T15:02:34.915+0000] {logging_mixin.py:188} INFO - Uploaded /tmp/minio_downloads/reviews_190713574845.parquet -> @reviews stage
[2026-07-04T15:02:35.525+0000] {logging_mixin.py:188} INFO - Uploaded /tmp/minio_downloads/reviews_190713656691.parquet -> @reviews stage
[2026-07-04T15:02:36.143+0000] {logging_mixin.py:188} INFO - Uploaded /tmp/minio_downloads/reviews_190713726248.parquet -> @reviews stage
[2026-07-04T15:02:36.759+0000] {logging_mixin.py:188} INFO - Uploaded /tmp/minio_downloads/reviews_190713785225.parquet -> @reviews stage
[2026-07-04T15:02:37.370+0000] {logging_mixin.py:188} INFO - Uploaded /tmp/minio_downloads/reviews_190713859212.parquet -> @reviews stage
[2026-07-04T15:02:37.979+0000] {logging_mixin.py:188} INFO - Uploaded /tmp/minio_downloads/reviews_190713936903.parquet -> @reviews stage
[2026-07-04T15:02:38.593+0000] {logging_mixin.py:188} INFO - Uploaded /tmp/minio_downloads/reviews_190714017518.parquet -> @reviews stage
[2026-07-04T15:02:39.213+0000] {logging_mixin.py:188} INFO - Uploaded /tmp/minio_downloads/reviews_190714108703.parquet -> @reviews stage
[2026-07-04T15:02:39.825+0000] {logging_mixin.py:188} INFO - Uploaded /tmp/minio_downloads/reviews_190714187625.parquet -> @reviews stage
[2026-07-04T15:02:40.439+0000] {logging_mixin.py:188} INFO - Uploaded /tmp/minio_downloads/reviews_190714253122.parquet -> @reviews stage
[2026-07-04T15:02:41.055+0000] {logging_mixin.py:188} INFO - Uploaded /tmp/minio_downloads/reviews_190714318828.parquet -> @reviews stage
[2026-07-04T15:02:41.667+0000] {logging_mixin.py:188} INFO - Uploaded /tmp/minio_downloads/reviews_190714391924.parquet -> @reviews stage
[2026-07-04T15:02:45.563+0000] {logging_mixin.py:188} INFO - Data loaded into reviews
[2026-07-04T15:02:46.375+0000] {logging_mixin.py:188} INFO - Uploaded /tmp/minio_downloads/sales_190305143335.parquet -> @sales stage
[2026-07-04T15:02:46.989+0000] {logging_mixin.py:188} INFO - Uploaded /tmp/minio_downloads/sales_190305260843.parquet -> @sales stage
[2026-07-04T15:02:47.604+0000] {logging_mixin.py:188} INFO - Uploaded /tmp/minio_downloads/sales_190305374240.parquet -> @sales stage
[2026-07-04T15:02:48.323+0000] {logging_mixin.py:188} INFO - Uploaded /tmp/minio_downloads/sales_190305481350.parquet -> @sales stage
[2026-07-04T15:02:48.940+0000] {logging_mixin.py:188} INFO - Uploaded /tmp/minio_downloads/sales_190305627114.parquet -> @sales stage
[2026-07-04T15:02:49.657+0000] {logging_mixin.py:188} INFO - Uploaded /tmp/minio_downloads/sales_190305758810.parquet -> @sales stage
[2026-07-04T15:02:50.271+0000] {logging_mixin.py:188} INFO - Uploaded /tmp/minio_downloads/sales_190305889437.parquet -> @sales stage
[2026-07-04T15:02:50.887+0000] {logging_mixin.py:188} INFO - Uploaded /tmp/minio_downloads/sales_190306016762.parquet -> @sales stage
[2026-07-04T15:02:51.582+0000] {logging_mixin.py:188} INFO - Uploaded /tmp/minio_downloads/sales_190306154439.parquet -> @sales stage
[2026-07-04T15:02:52.166+0000] {logging_mixin.py:188} INFO - Uploaded /tmp/minio_downloads/sales_190306294524.parquet -> @sales stage
[2026-07-04T15:02:52.770+0000] {logging_mixin.py:188} INFO - Uploaded /tmp/minio_downloads/sales_190306414633.parquet -> @sales stage
[2026-07-04T15:02:53.442+0000] {logging_mixin.py:188} INFO - Uploaded /tmp/minio_downloads/sales_190306530922.parquet -> @sales stage
[2026-07-04T15:02:54.060+0000] {logging_mixin.py:188} INFO - Uploaded /tmp/minio_downloads/sales_190306628560.parquet -> @sales stage
[2026-07-04T15:02:54.567+0000] {logging_mixin.py:188} INFO - Uploaded /tmp/minio_downloads/sales_190306739308.parquet -> @sales stage
[2026-07-04T15:02:56.008+0000] {logging_mixin.py:188} INFO - Uploaded /tmp/minio_downloads/sales_190306844170.parquet -> @sales stage
[2026-07-04T15:02:56.674+0000] {logging_mixin.py:188} INFO - Uploaded /tmp/minio_downloads/sales_190306939604.parquet -> @sales stage
[2026-07-04T15:02:57.334+0000] {logging_mixin.py:188} INFO - Uploaded /tmp/minio_downloads/sales_190307058868.parquet -> @sales stage
[2026-07-04T15:02:58.053+0000] {logging_mixin.py:188} INFO - Uploaded /tmp/minio_downloads/sales_190307162531.parquet -> @sales stage
[2026-07-04T15:02:58.668+0000] {logging_mixin.py:188} INFO - Uploaded /tmp/minio_downloads/sales_190307260653.parquet -> @sales stage
[2026-07-04T15:02:59.279+0000] {logging_mixin.py:188} INFO - Uploaded /tmp/minio_downloads/sales_190307351211.parquet -> @sales stage
[2026-07-04T15:02:59.895+0000] {logging_mixin.py:188} INFO - Uploaded /tmp/minio_downloads/sales_190307459546.parquet -> @sales stage
[2026-07-04T15:03:00.515+0000] {logging_mixin.py:188} INFO - Uploaded /tmp/minio_downloads/sales_190307556958.parquet -> @sales stage
[2026-07-04T15:03:01.128+0000] {logging_mixin.py:188} INFO - Uploaded /tmp/minio_downloads/sales_190307659499.parquet -> @sales stage
[2026-07-04T15:03:01.840+0000] {logging_mixin.py:188} INFO - Uploaded /tmp/minio_downloads/sales_190307754359.parquet -> @sales stage
[2026-07-04T15:03:02.564+0000] {logging_mixin.py:188} INFO - Uploaded /tmp/minio_downloads/sales_190307840483.parquet -> @sales stage
[2026-07-04T15:03:03.278+0000] {logging_mixin.py:188} INFO - Uploaded /tmp/minio_downloads/sales_190308058347.parquet -> @sales stage
[2026-07-04T15:03:03.990+0000] {logging_mixin.py:188} INFO - Uploaded /tmp/minio_downloads/sales_190308140507.parquet -> @sales stage
[2026-07-04T15:03:04.606+0000] {logging_mixin.py:188} INFO - Uploaded /tmp/minio_downloads/sales_190308229547.parquet -> @sales stage
[2026-07-04T15:03:05.227+0000] {logging_mixin.py:188} INFO - Uploaded /tmp/minio_downloads/sales_190308329539.parquet -> @sales stage
[2026-07-04T15:03:05.944+0000] {logging_mixin.py:188} INFO - Uploaded /tmp/minio_downloads/sales_190308424218.parquet -> @sales stage
[2026-07-04T15:03:06.658+0000] {logging_mixin.py:188} INFO - Uploaded /tmp/minio_downloads/sales_190308521380.parquet -> @sales stage
[2026-07-04T15:03:07.273+0000] {logging_mixin.py:188} INFO - Uploaded /tmp/minio_downloads/sales_190308603761.parquet -> @sales stage
[2026-07-04T15:03:07.939+0000] {logging_mixin.py:188} INFO - Uploaded /tmp/minio_downloads/sales_190308687847.parquet -> @sales stage
[2026-07-04T15:03:08.599+0000] {logging_mixin.py:188} INFO - Uploaded /tmp/minio_downloads/sales_190308757233.parquet -> @sales stage
[2026-07-04T15:03:09.317+0000] {logging_mixin.py:188} INFO - Uploaded /tmp/minio_downloads/sales_190308846641.parquet -> @sales stage
[2026-07-04T15:03:10.035+0000] {logging_mixin.py:188} INFO - Uploaded /tmp/minio_downloads/sales_190308929418.parquet -> @sales stage
[2026-07-04T15:03:10.649+0000] {logging_mixin.py:188} INFO - Uploaded /tmp/minio_downloads/sales_190309039064.parquet -> @sales stage
[2026-07-04T15:03:11.364+0000] {logging_mixin.py:188} INFO - Uploaded /tmp/minio_downloads/sales_190309126406.parquet -> @sales stage
[2026-07-04T15:03:12.077+0000] {logging_mixin.py:188} INFO - Uploaded /tmp/minio_downloads/sales_190309207145.parquet -> @sales stage
[2026-07-04T15:03:12.695+0000] {logging_mixin.py:188} INFO - Uploaded /tmp/minio_downloads/sales_190309294937.parquet -> @sales stage
[2026-07-04T15:03:13.412+0000] {logging_mixin.py:188} INFO - Uploaded /tmp/minio_downloads/sales_190309378219.parquet -> @sales stage
[2026-07-04T15:03:14.127+0000] {logging_mixin.py:188} INFO - Uploaded /tmp/minio_downloads/sales_190309467187.parquet -> @sales stage
[2026-07-04T15:03:14.846+0000] {logging_mixin.py:188} INFO - Uploaded /tmp/minio_downloads/sales_190309597188.parquet -> @sales stage
[2026-07-04T15:03:15.565+0000] {logging_mixin.py:188} INFO - Uploaded /tmp/minio_downloads/sales_190309717688.parquet -> @sales stage
[2026-07-04T15:03:16.281+0000] {logging_mixin.py:188} INFO - Uploaded /tmp/minio_downloads/sales_190309812274.parquet -> @sales stage
[2026-07-04T15:03:16.891+0000] {logging_mixin.py:188} INFO - Uploaded /tmp/minio_downloads/sales_190309912736.parquet -> @sales stage
[2026-07-04T15:03:17.509+0000] {logging_mixin.py:188} INFO - Uploaded /tmp/minio_downloads/sales_190310016321.parquet -> @sales stage
[2026-07-04T15:03:18.126+0000] {logging_mixin.py:188} INFO - Uploaded /tmp/minio_downloads/sales_190310146767.parquet -> @sales stage
[2026-07-04T15:03:18.738+0000] {logging_mixin.py:188} INFO - Uploaded /tmp/minio_downloads/sales_190310247142.parquet -> @sales stage
[2026-07-04T15:03:19.306+0000] {logging_mixin.py:188} INFO - Uploaded /tmp/minio_downloads/sales_190310347055.parquet -> @sales stage
[2026-07-04T15:03:19.968+0000] {logging_mixin.py:188} INFO - Uploaded /tmp/minio_downloads/sales_190310420069.parquet -> @sales stage
[2026-07-04T15:03:20.993+0000] {logging_mixin.py:188} INFO - Uploaded /tmp/minio_downloads/sales_190310509414.parquet -> @sales stage
[2026-07-04T15:03:21.607+0000] {logging_mixin.py:188} INFO - Uploaded /tmp/minio_downloads/sales_190310595964.parquet -> @sales stage
[2026-07-04T15:03:22.221+0000] {logging_mixin.py:188} INFO - Uploaded /tmp/minio_downloads/sales_190310672153.parquet -> @sales stage
[2026-07-04T15:03:22.937+0000] {logging_mixin.py:188} INFO - Uploaded /tmp/minio_downloads/sales_190310775859.parquet -> @sales stage
[2026-07-04T15:03:23.553+0000] {logging_mixin.py:188} INFO - Uploaded /tmp/minio_downloads/sales_190310869434.parquet -> @sales stage
[2026-07-04T15:03:24.268+0000] {logging_mixin.py:188} INFO - Uploaded /tmp/minio_downloads/sales_190310944263.parquet -> @sales stage
[2026-07-04T15:03:24.880+0000] {logging_mixin.py:188} INFO - Uploaded /tmp/minio_downloads/sales_190311022875.parquet -> @sales stage
[2026-07-04T15:03:25.600+0000] {logging_mixin.py:188} INFO - Uploaded /tmp/minio_downloads/sales_190311108483.parquet -> @sales stage
[2026-07-04T15:03:26.727+0000] {logging_mixin.py:188} INFO - Uploaded /tmp/minio_downloads/sales_190311186752.parquet -> @sales stage
[2026-07-04T15:03:27.439+0000] {logging_mixin.py:188} INFO - Uploaded /tmp/minio_downloads/sales_190311270125.parquet -> @sales stage
[2026-07-04T15:03:28.162+0000] {logging_mixin.py:188} INFO - Uploaded /tmp/minio_downloads/sales_190311372164.parquet -> @sales stage
[2026-07-04T15:03:28.839+0000] {logging_mixin.py:188} INFO - Uploaded /tmp/minio_downloads/sales_190311455636.parquet -> @sales stage
[2026-07-04T15:03:29.363+0000] {logging_mixin.py:188} INFO - Uploaded /tmp/minio_downloads/sales_190311534682.parquet -> @sales stage
[2026-07-04T15:03:30.000+0000] {logging_mixin.py:188} INFO - Uploaded /tmp/minio_downloads/sales_190311616394.parquet -> @sales stage
[2026-07-04T15:03:30.818+0000] {logging_mixin.py:188} INFO - Uploaded /tmp/minio_downloads/sales_190311692913.parquet -> @sales stage
[2026-07-04T15:03:31.438+0000] {logging_mixin.py:188} INFO - Uploaded /tmp/minio_downloads/sales_190311777684.parquet -> @sales stage
[2026-07-04T15:03:32.053+0000] {logging_mixin.py:188} INFO - Uploaded /tmp/minio_downloads/sales_190311865015.parquet -> @sales stage
[2026-07-04T15:03:32.667+0000] {logging_mixin.py:188} INFO - Uploaded /tmp/minio_downloads/sales_190311938755.parquet -> @sales stage
[2026-07-04T15:03:33.282+0000] {logging_mixin.py:188} INFO - Uploaded /tmp/minio_downloads/sales_190312018528.parquet -> @sales stage
[2026-07-04T15:03:33.891+0000] {logging_mixin.py:188} INFO - Uploaded /tmp/minio_downloads/sales_190312086958.parquet -> @sales stage
[2026-07-04T15:03:34.715+0000] {logging_mixin.py:188} INFO - Uploaded /tmp/minio_downloads/sales_190312176944.parquet -> @sales stage
[2026-07-04T15:03:35.327+0000] {logging_mixin.py:188} INFO - Uploaded /tmp/minio_downloads/sales_190312249240.parquet -> @sales stage
[2026-07-04T15:03:36.042+0000] {logging_mixin.py:188} INFO - Uploaded /tmp/minio_downloads/sales_190312339112.parquet -> @sales stage
[2026-07-04T15:03:36.657+0000] {logging_mixin.py:188} INFO - Uploaded /tmp/minio_downloads/sales_190312435109.parquet -> @sales stage
[2026-07-04T15:03:37.276+0000] {logging_mixin.py:188} INFO - Uploaded /tmp/minio_downloads/sales_190312506045.parquet -> @sales stage
[2026-07-04T15:03:37.990+0000] {logging_mixin.py:188} INFO - Uploaded /tmp/minio_downloads/sales_190312591034.parquet -> @sales stage
[2026-07-04T15:03:38.604+0000] {logging_mixin.py:188} INFO - Uploaded /tmp/minio_downloads/sales_190312673186.parquet -> @sales stage
[2026-07-04T15:03:39.321+0000] {logging_mixin.py:188} INFO - Uploaded /tmp/minio_downloads/sales_190312738939.parquet -> @sales stage
[2026-07-04T15:03:39.935+0000] {logging_mixin.py:188} INFO - Uploaded /tmp/minio_downloads/sales_190312823880.parquet -> @sales stage
[2026-07-04T15:03:40.550+0000] {logging_mixin.py:188} INFO - Uploaded /tmp/minio_downloads/sales_190312892449.parquet -> @sales stage
[2026-07-04T15:03:41.164+0000] {logging_mixin.py:188} INFO - Uploaded /tmp/minio_downloads/sales_190312967541.parquet -> @sales stage
[2026-07-04T15:03:41.879+0000] {logging_mixin.py:188} INFO - Uploaded /tmp/minio_downloads/sales_190313052785.parquet -> @sales stage
[2026-07-04T15:03:42.496+0000] {logging_mixin.py:188} INFO - Uploaded /tmp/minio_downloads/sales_190313138299.parquet -> @sales stage
[2026-07-04T15:03:43.109+0000] {logging_mixin.py:188} INFO - Uploaded /tmp/minio_downloads/sales_190313202978.parquet -> @sales stage
[2026-07-04T15:03:43.824+0000] {logging_mixin.py:188} INFO - Uploaded /tmp/minio_downloads/sales_190313283415.parquet -> @sales stage
[2026-07-04T15:03:44.400+0000] {logging_mixin.py:188} INFO - Uploaded /tmp/minio_downloads/sales_190313351571.parquet -> @sales stage
[2026-07-04T15:03:45.055+0000] {logging_mixin.py:188} INFO - Uploaded /tmp/minio_downloads/sales_190313428786.parquet -> @sales stage
[2026-07-04T15:03:45.767+0000] {logging_mixin.py:188} INFO - Uploaded /tmp/minio_downloads/sales_190313522483.parquet -> @sales stage
[2026-07-04T15:03:46.382+0000] {logging_mixin.py:188} INFO - Uploaded /tmp/minio_downloads/sales_190313600728.parquet -> @sales stage
[2026-07-04T15:03:47.104+0000] {logging_mixin.py:188} INFO - Uploaded /tmp/minio_downloads/sales_190313676024.parquet -> @sales stage
[2026-07-04T15:03:47.822+0000] {logging_mixin.py:188} INFO - Uploaded /tmp/minio_downloads/sales_190313744441.parquet -> @sales stage
[2026-07-04T15:03:48.436+0000] {logging_mixin.py:188} INFO - Uploaded /tmp/minio_downloads/sales_190313810782.parquet -> @sales stage
[2026-07-04T15:03:49.050+0000] {logging_mixin.py:188} INFO - Uploaded /tmp/minio_downloads/sales_190313881236.parquet -> @sales stage
[2026-07-04T15:03:49.722+0000] {logging_mixin.py:188} INFO - Uploaded /tmp/minio_downloads/sales_190313946368.parquet -> @sales stage
[2026-07-04T15:03:50.382+0000] {logging_mixin.py:188} INFO - Uploaded /tmp/minio_downloads/sales_190314021408.parquet -> @sales stage
[2026-07-04T15:03:51.098+0000] {logging_mixin.py:188} INFO - Uploaded /tmp/minio_downloads/sales_190314125907.parquet -> @sales stage
[2026-07-04T15:03:51.712+0000] {logging_mixin.py:188} INFO - Uploaded /tmp/minio_downloads/sales_190314207932.parquet -> @sales stage
[2026-07-04T15:03:52.225+0000] {logging_mixin.py:188} INFO - Uploaded /tmp/minio_downloads/sales_190314301229.parquet -> @sales stage
[2026-07-04T15:03:52.942+0000] {logging_mixin.py:188} INFO - Uploaded /tmp/minio_downloads/sales_190314389779.parquet -> @sales stage
[2026-07-04T15:03:53.557+0000] {logging_mixin.py:188} INFO - Uploaded /tmp/minio_downloads/sales_190314462159.parquet -> @sales stage
[2026-07-04T15:03:54.167+0000] {logging_mixin.py:188} INFO - Uploaded /tmp/minio_downloads/sales_190314532825.parquet -> @sales stage
[2026-07-04T15:03:54.787+0000] {logging_mixin.py:188} INFO - Uploaded /tmp/minio_downloads/sales_190314615313.parquet -> @sales stage
[2026-07-04T15:03:55.499+0000] {logging_mixin.py:188} INFO - Uploaded /tmp/minio_downloads/sales_190314702621.parquet -> @sales stage
[2026-07-04T15:03:56.114+0000] {logging_mixin.py:188} INFO - Uploaded /tmp/minio_downloads/sales_190314770467.parquet -> @sales stage
[2026-07-04T15:03:56.835+0000] {logging_mixin.py:188} INFO - Uploaded /tmp/minio_downloads/sales_190314853350.parquet -> @sales stage
[2026-07-04T15:03:57.551+0000] {logging_mixin.py:188} INFO - Uploaded /tmp/minio_downloads/sales_190314916603.parquet -> @sales stage
[2026-07-04T15:03:58.166+0000] {logging_mixin.py:188} INFO - Uploaded /tmp/minio_downloads/sales_190314994268.parquet -> @sales stage
[2026-07-04T15:03:58.882+0000] {logging_mixin.py:188} INFO - Uploaded /tmp/minio_downloads/sales_190315062289.parquet -> @sales stage
[2026-07-04T15:03:59.598+0000] {logging_mixin.py:188} INFO - Uploaded /tmp/minio_downloads/sales_190315134202.parquet -> @sales stage
[2026-07-04T15:04:00.213+0000] {logging_mixin.py:188} INFO - Uploaded /tmp/minio_downloads/sales_190315222399.parquet -> @sales stage
[2026-07-04T15:04:00.932+0000] {logging_mixin.py:188} INFO - Uploaded /tmp/minio_downloads/sales_190315305532.parquet -> @sales stage
[2026-07-04T15:04:01.642+0000] {logging_mixin.py:188} INFO - Uploaded /tmp/minio_downloads/sales_190315384878.parquet -> @sales stage
[2026-07-04T15:04:02.258+0000] {logging_mixin.py:188} INFO - Uploaded /tmp/minio_downloads/sales_190315448855.parquet -> @sales stage
[2026-07-04T15:04:02.875+0000] {logging_mixin.py:188} INFO - Uploaded /tmp/minio_downloads/sales_190315525054.parquet -> @sales stage
[2026-07-04T15:04:03.589+0000] {logging_mixin.py:188} INFO - Uploaded /tmp/minio_downloads/sales_190315598402.parquet -> @sales stage
[2026-07-04T15:04:04.203+0000] {logging_mixin.py:188} INFO - Uploaded /tmp/minio_downloads/sales_190315671119.parquet -> @sales stage
[2026-07-04T15:04:05.027+0000] {logging_mixin.py:188} INFO - Uploaded /tmp/minio_downloads/sales_190315756658.parquet -> @sales stage
[2026-07-04T15:04:05.739+0000] {logging_mixin.py:188} INFO - Uploaded /tmp/minio_downloads/sales_190315834267.parquet -> @sales stage
[2026-07-04T15:04:06.363+0000] {logging_mixin.py:188} INFO - Uploaded /tmp/minio_downloads/sales_190315900439.parquet -> @sales stage
[2026-07-04T15:04:06.975+0000] {logging_mixin.py:188} INFO - Uploaded /tmp/minio_downloads/sales_190315967927.parquet -> @sales stage
[2026-07-04T15:04:07.584+0000] {logging_mixin.py:188} INFO - Uploaded /tmp/minio_downloads/sales_190316044225.parquet -> @sales stage
[2026-07-04T15:04:08.298+0000] {logging_mixin.py:188} INFO - Uploaded /tmp/minio_downloads/sales_190316120790.parquet -> @sales stage
[2026-07-04T15:04:09.018+0000] {logging_mixin.py:188} INFO - Uploaded /tmp/minio_downloads/sales_190316199622.parquet -> @sales stage
[2026-07-04T15:04:09.630+0000] {logging_mixin.py:188} INFO - Uploaded /tmp/minio_downloads/sales_190316285403.parquet -> @sales stage
[2026-07-04T15:04:10.242+0000] {logging_mixin.py:188} INFO - Uploaded /tmp/minio_downloads/sales_190316386069.parquet -> @sales stage
[2026-07-04T15:04:10.861+0000] {logging_mixin.py:188} INFO - Uploaded /tmp/minio_downloads/sales_190316496846.parquet -> @sales stage
[2026-07-04T15:04:11.477+0000] {logging_mixin.py:188} INFO - Uploaded /tmp/minio_downloads/sales_190316588467.parquet -> @sales stage
[2026-07-04T15:04:12.090+0000] {logging_mixin.py:188} INFO - Uploaded /tmp/minio_downloads/sales_190316671841.parquet -> @sales stage
[2026-07-04T15:04:12.664+0000] {logging_mixin.py:188} INFO - Uploaded /tmp/minio_downloads/sales_190316837501.parquet -> @sales stage
[2026-07-04T15:04:13.316+0000] {logging_mixin.py:188} INFO - Uploaded /tmp/minio_downloads/sales_190316932961.parquet -> @sales stage
[2026-07-04T15:04:13.936+0000] {logging_mixin.py:188} INFO - Uploaded /tmp/minio_downloads/sales_190317032513.parquet -> @sales stage
[2026-07-04T15:04:14.545+0000] {logging_mixin.py:188} INFO - Uploaded /tmp/minio_downloads/sales_190317115404.parquet -> @sales stage
[2026-07-04T15:04:15.164+0000] {logging_mixin.py:188} INFO - Uploaded /tmp/minio_downloads/sales_190317202729.parquet -> @sales stage
[2026-07-04T15:04:15.880+0000] {logging_mixin.py:188} INFO - Uploaded /tmp/minio_downloads/sales_190317290138.parquet -> @sales stage
[2026-07-04T15:04:16.593+0000] {logging_mixin.py:188} INFO - Uploaded /tmp/minio_downloads/sales_190317369739.parquet -> @sales stage
[2026-07-04T15:04:17.212+0000] {logging_mixin.py:188} INFO - Uploaded /tmp/minio_downloads/sales_190317444489.parquet -> @sales stage
[2026-07-04T15:04:17.823+0000] {logging_mixin.py:188} INFO - Uploaded /tmp/minio_downloads/sales_190317536261.parquet -> @sales stage
[2026-07-04T15:04:18.441+0000] {logging_mixin.py:188} INFO - Uploaded /tmp/minio_downloads/sales_190317620769.parquet -> @sales stage
[2026-07-04T15:04:19.159+0000] {logging_mixin.py:188} INFO - Uploaded /tmp/minio_downloads/sales_190317720996.parquet -> @sales stage
[2026-07-04T15:04:19.876+0000] {logging_mixin.py:188} INFO - Uploaded /tmp/minio_downloads/sales_190317818387.parquet -> @sales stage
[2026-07-04T15:04:20.592+0000] {logging_mixin.py:188} INFO - Uploaded /tmp/minio_downloads/sales_190317958796.parquet -> @sales stage
[2026-07-04T15:04:21.208+0000] {logging_mixin.py:188} INFO - Uploaded /tmp/minio_downloads/sales_190318083212.parquet -> @sales stage
[2026-07-04T15:04:21.923+0000] {logging_mixin.py:188} INFO - Uploaded /tmp/minio_downloads/sales_190318203159.parquet -> @sales stage
[2026-07-04T15:04:22.532+0000] {logging_mixin.py:188} INFO - Uploaded /tmp/minio_downloads/sales_190318303212.parquet -> @sales stage
[2026-07-04T15:04:23.152+0000] {logging_mixin.py:188} INFO - Uploaded /tmp/minio_downloads/sales_190318422501.parquet -> @sales stage
[2026-07-04T15:04:23.869+0000] {logging_mixin.py:188} INFO - Uploaded /tmp/minio_downloads/sales_190318497821.parquet -> @sales stage
[2026-07-04T15:04:24.545+0000] {logging_mixin.py:188} INFO - Uploaded /tmp/minio_downloads/sales_190318577198.parquet -> @sales stage
[2026-07-04T15:04:25.201+0000] {logging_mixin.py:188} INFO - Uploaded /tmp/minio_downloads/sales_190318663562.parquet -> @sales stage
[2026-07-04T15:04:25.918+0000] {logging_mixin.py:188} INFO - Uploaded /tmp/minio_downloads/sales_190318766055.parquet -> @sales stage
[2026-07-04T15:04:26.637+0000] {logging_mixin.py:188} INFO - Uploaded /tmp/minio_downloads/sales_190318893780.parquet -> @sales stage
[2026-07-04T15:04:27.350+0000] {logging_mixin.py:188} INFO - Uploaded /tmp/minio_downloads/sales_190319029376.parquet -> @sales stage
[2026-07-04T15:04:28.067+0000] {logging_mixin.py:188} INFO - Uploaded /tmp/minio_downloads/sales_190319164069.parquet -> @sales stage
[2026-07-04T15:04:28.678+0000] {logging_mixin.py:188} INFO - Uploaded /tmp/minio_downloads/sales_190319293065.parquet -> @sales stage
[2026-07-04T15:04:29.402+0000] {logging_mixin.py:188} INFO - Uploaded /tmp/minio_downloads/sales_190319405413.parquet -> @sales stage
[2026-07-04T15:04:30.013+0000] {logging_mixin.py:188} INFO - Uploaded /tmp/minio_downloads/sales_190319534830.parquet -> @sales stage
[2026-07-04T15:04:30.728+0000] {logging_mixin.py:188} INFO - Uploaded /tmp/minio_downloads/sales_190319656362.parquet -> @sales stage
[2026-07-04T15:04:31.443+0000] {logging_mixin.py:188} INFO - Uploaded /tmp/minio_downloads/sales_190319791294.parquet -> @sales stage
[2026-07-04T15:04:32.062+0000] {logging_mixin.py:188} INFO - Uploaded /tmp/minio_downloads/sales_190319958966.parquet -> @sales stage
[2026-07-04T15:04:32.774+0000] {logging_mixin.py:188} INFO - Uploaded /tmp/minio_downloads/sales_190320081588.parquet -> @sales stage
[2026-07-04T15:04:33.390+0000] {logging_mixin.py:188} INFO - Uploaded /tmp/minio_downloads/sales_190320195202.parquet -> @sales stage
[2026-07-04T15:04:34.007+0000] {logging_mixin.py:188} INFO - Uploaded /tmp/minio_downloads/sales_190320292249.parquet -> @sales stage
[2026-07-04T15:04:34.721+0000] {logging_mixin.py:188} INFO - Uploaded /tmp/minio_downloads/sales_190320441032.parquet -> @sales stage
[2026-07-04T15:04:35.438+0000] {logging_mixin.py:188} INFO - Uploaded /tmp/minio_downloads/sales_190320614651.parquet -> @sales stage
[2026-07-04T15:04:36.161+0000] {logging_mixin.py:188} INFO - Uploaded /tmp/minio_downloads/sales_190320821852.parquet -> @sales stage
[2026-07-04T15:04:36.773+0000] {logging_mixin.py:188} INFO - Uploaded /tmp/minio_downloads/sales_190321005598.parquet -> @sales stage
[2026-07-04T15:04:37.387+0000] {logging_mixin.py:188} INFO - Uploaded /tmp/minio_downloads/sales_190321144036.parquet -> @sales stage
[2026-07-04T15:04:38.098+0000] {logging_mixin.py:188} INFO - Uploaded /tmp/minio_downloads/sales_190321245973.parquet -> @sales stage
[2026-07-04T15:04:38.814+0000] {logging_mixin.py:188} INFO - Uploaded /tmp/minio_downloads/sales_190321335294.parquet -> @sales stage
[2026-07-04T15:04:39.534+0000] {logging_mixin.py:188} INFO - Uploaded /tmp/minio_downloads/sales_190321447422.parquet -> @sales stage
[2026-07-04T15:04:40.153+0000] {logging_mixin.py:188} INFO - Uploaded /tmp/minio_downloads/sales_190321569076.parquet -> @sales stage
[2026-07-04T15:04:40.862+0000] {logging_mixin.py:188} INFO - Uploaded /tmp/minio_downloads/sales_190321692742.parquet -> @sales stage
[2026-07-04T15:04:41.479+0000] {logging_mixin.py:188} INFO - Uploaded /tmp/minio_downloads/sales_190321812714.parquet -> @sales stage
[2026-07-04T15:04:42.191+0000] {logging_mixin.py:188} INFO - Uploaded /tmp/minio_downloads/sales_190321955957.parquet -> @sales stage
[2026-07-04T15:04:42.914+0000] {logging_mixin.py:188} INFO - Uploaded /tmp/minio_downloads/sales_190322124356.parquet -> @sales stage
[2026-07-04T15:04:43.629+0000] {logging_mixin.py:188} INFO - Uploaded /tmp/minio_downloads/sales_190322276951.parquet -> @sales stage
[2026-07-04T15:04:44.243+0000] {logging_mixin.py:188} INFO - Uploaded /tmp/minio_downloads/sales_190322405573.parquet -> @sales stage
[2026-07-04T15:04:44.859+0000] {logging_mixin.py:188} INFO - Uploaded /tmp/minio_downloads/sales_190322522197.parquet -> @sales stage
[2026-07-04T15:04:45.775+0000] {logging_mixin.py:188} INFO - Uploaded /tmp/minio_downloads/sales_190322631010.parquet -> @sales stage
[2026-07-04T15:04:46.389+0000] {logging_mixin.py:188} INFO - Uploaded /tmp/minio_downloads/sales_190322734044.parquet -> @sales stage
[2026-07-04T15:04:47.004+0000] {logging_mixin.py:188} INFO - Uploaded /tmp/minio_downloads/sales_190322854080.parquet -> @sales stage
[2026-07-04T15:04:47.928+0000] {logging_mixin.py:188} INFO - Uploaded /tmp/minio_downloads/sales_190322962032.parquet -> @sales stage
[2026-07-04T15:04:49.019+0000] {logging_mixin.py:188} INFO - Uploaded /tmp/minio_downloads/sales_190323070834.parquet -> @sales stage
[2026-07-04T15:04:49.878+0000] {logging_mixin.py:188} INFO - Uploaded /tmp/minio_downloads/sales_190323177890.parquet -> @sales stage
[2026-07-04T15:04:50.594+0000] {logging_mixin.py:188} INFO - Uploaded /tmp/minio_downloads/sales_190323271601.parquet -> @sales stage
[2026-07-04T15:04:51.205+0000] {logging_mixin.py:188} INFO - Uploaded /tmp/minio_downloads/sales_190323357431.parquet -> @sales stage
[2026-07-04T15:04:51.926+0000] {logging_mixin.py:188} INFO - Uploaded /tmp/minio_downloads/sales_190323451725.parquet -> @sales stage
[2026-07-04T15:04:52.542+0000] {logging_mixin.py:188} INFO - Uploaded /tmp/minio_downloads/sales_190323525693.parquet -> @sales stage
[2026-07-04T15:04:53.151+0000] {logging_mixin.py:188} INFO - Uploaded /tmp/minio_downloads/sales_190323612373.parquet -> @sales stage
[2026-07-04T15:04:53.870+0000] {logging_mixin.py:188} INFO - Uploaded /tmp/minio_downloads/sales_190323682158.parquet -> @sales stage
[2026-07-04T15:04:54.589+0000] {logging_mixin.py:188} INFO - Uploaded /tmp/minio_downloads/sales_190323761136.parquet -> @sales stage
[2026-07-04T15:04:55.307+0000] {logging_mixin.py:188} INFO - Uploaded /tmp/minio_downloads/sales_190323865264.parquet -> @sales stage
[2026-07-04T15:04:55.920+0000] {logging_mixin.py:188} INFO - Uploaded /tmp/minio_downloads/sales_190323957703.parquet -> @sales stage
[2026-07-04T15:04:56.534+0000] {logging_mixin.py:188} INFO - Uploaded /tmp/minio_downloads/sales_190324052118.parquet -> @sales stage
[2026-07-04T15:04:57.150+0000] {logging_mixin.py:188} INFO - Uploaded /tmp/minio_downloads/sales_190324140876.parquet -> @sales stage
[2026-07-04T15:04:57.761+0000] {logging_mixin.py:188} INFO - Uploaded /tmp/minio_downloads/sales_190324215639.parquet -> @sales stage
[2026-07-04T15:04:58.377+0000] {logging_mixin.py:188} INFO - Uploaded /tmp/minio_downloads/sales_190324290292.parquet -> @sales stage
[2026-07-04T15:04:59.093+0000] {logging_mixin.py:188} INFO - Uploaded /tmp/minio_downloads/sales_190324379484.parquet -> @sales stage
[2026-07-04T15:04:59.705+0000] {logging_mixin.py:188} INFO - Uploaded /tmp/minio_downloads/sales_190324452640.parquet -> @sales stage
[2026-07-04T15:05:00.323+0000] {logging_mixin.py:188} INFO - Uploaded /tmp/minio_downloads/sales_190324540249.parquet -> @sales stage
[2026-07-04T15:05:01.041+0000] {logging_mixin.py:188} INFO - Uploaded /tmp/minio_downloads/sales_190324630578.parquet -> @sales stage
[2026-07-04T15:05:01.752+0000] {logging_mixin.py:188} INFO - Uploaded /tmp/minio_downloads/sales_190324697107.parquet -> @sales stage
[2026-07-04T15:05:02.374+0000] {logging_mixin.py:188} INFO - Uploaded /tmp/minio_downloads/sales_190324778024.parquet -> @sales stage
[2026-07-04T15:05:03.089+0000] {logging_mixin.py:188} INFO - Uploaded /tmp/minio_downloads/sales_190324849396.parquet -> @sales stage
[2026-07-04T15:05:03.801+0000] {logging_mixin.py:188} INFO - Uploaded /tmp/minio_downloads/sales_190324922715.parquet -> @sales stage
[2026-07-04T15:05:04.417+0000] {logging_mixin.py:188} INFO - Uploaded /tmp/minio_downloads/sales_190325007218.parquet -> @sales stage
[2026-07-04T15:05:05.030+0000] {logging_mixin.py:188} INFO - Uploaded /tmp/minio_downloads/sales_190325091372.parquet -> @sales stage
[2026-07-04T15:05:05.646+0000] {logging_mixin.py:188} INFO - Uploaded /tmp/minio_downloads/sales_190325172113.parquet -> @sales stage
[2026-07-04T15:05:06.365+0000] {logging_mixin.py:188} INFO - Uploaded /tmp/minio_downloads/sales_190325251329.parquet -> @sales stage
[2026-07-04T15:05:06.982+0000] {logging_mixin.py:188} INFO - Uploaded /tmp/minio_downloads/sales_190325337221.parquet -> @sales stage
[2026-07-04T15:05:07.692+0000] {logging_mixin.py:188} INFO - Uploaded /tmp/minio_downloads/sales_190325407729.parquet -> @sales stage
[2026-07-04T15:05:08.306+0000] {logging_mixin.py:188} INFO - Uploaded /tmp/minio_downloads/sales_190325480275.parquet -> @sales stage
[2026-07-04T15:05:09.025+0000] {logging_mixin.py:188} INFO - Uploaded /tmp/minio_downloads/sales_190325593968.parquet -> @sales stage
[2026-07-04T15:05:09.639+0000] {logging_mixin.py:188} INFO - Uploaded /tmp/minio_downloads/sales_190325680967.parquet -> @sales stage
[2026-07-04T15:05:10.356+0000] {logging_mixin.py:188} INFO - Uploaded /tmp/minio_downloads/sales_190325760327.parquet -> @sales stage
[2026-07-04T15:05:10.970+0000] {logging_mixin.py:188} INFO - Uploaded /tmp/minio_downloads/sales_190325830149.parquet -> @sales stage
[2026-07-04T15:05:11.590+0000] {logging_mixin.py:188} INFO - Uploaded /tmp/minio_downloads/sales_190325911411.parquet -> @sales stage
[2026-07-04T15:05:12.303+0000] {logging_mixin.py:188} INFO - Uploaded /tmp/minio_downloads/sales_190325991430.parquet -> @sales stage
[2026-07-04T15:05:12.919+0000] {logging_mixin.py:188} INFO - Uploaded /tmp/minio_downloads/sales_190326145224.parquet -> @sales stage
[2026-07-04T15:05:13.533+0000] {logging_mixin.py:188} INFO - Uploaded /tmp/minio_downloads/sales_190326264771.parquet -> @sales stage
[2026-07-04T15:05:14.141+0000] {logging_mixin.py:188} INFO - Uploaded /tmp/minio_downloads/sales_190326415588.parquet -> @sales stage
[2026-07-04T15:05:14.758+0000] {logging_mixin.py:188} INFO - Uploaded /tmp/minio_downloads/sales_190326569419.parquet -> @sales stage
[2026-07-04T15:05:15.374+0000] {logging_mixin.py:188} INFO - Uploaded /tmp/minio_downloads/sales_190326716064.parquet -> @sales stage
[2026-07-04T15:05:16.089+0000] {logging_mixin.py:188} INFO - Uploaded /tmp/minio_downloads/sales_190326865197.parquet -> @sales stage
[2026-07-04T15:05:16.809+0000] {logging_mixin.py:188} INFO - Uploaded /tmp/minio_downloads/sales_190326985132.parquet -> @sales stage
[2026-07-04T15:05:17.526+0000] {logging_mixin.py:188} INFO - Uploaded /tmp/minio_downloads/sales_190327070034.parquet -> @sales stage
[2026-07-04T15:05:18.242+0000] {logging_mixin.py:188} INFO - Uploaded /tmp/minio_downloads/sales_190327157825.parquet -> @sales stage
[2026-07-04T15:05:18.964+0000] {logging_mixin.py:188} INFO - Uploaded /tmp/minio_downloads/sales_190327259393.parquet -> @sales stage
[2026-07-04T15:05:19.677+0000] {logging_mixin.py:188} INFO - Uploaded /tmp/minio_downloads/sales_190327369018.parquet -> @sales stage
[2026-07-04T15:05:20.291+0000] {logging_mixin.py:188} INFO - Uploaded /tmp/minio_downloads/sales_190327472667.parquet -> @sales stage
[2026-07-04T15:05:21.011+0000] {logging_mixin.py:188} INFO - Uploaded /tmp/minio_downloads/sales_190327569332.parquet -> @sales stage
[2026-07-04T15:05:21.724+0000] {logging_mixin.py:188} INFO - Uploaded /tmp/minio_downloads/sales_190327658817.parquet -> @sales stage
[2026-07-04T15:05:22.442+0000] {logging_mixin.py:188} INFO - Uploaded /tmp/minio_downloads/sales_190327761703.parquet -> @sales stage
[2026-07-04T15:05:23.158+0000] {logging_mixin.py:188} INFO - Uploaded /tmp/minio_downloads/sales_190327867167.parquet -> @sales stage
[2026-07-04T15:05:23.768+0000] {logging_mixin.py:188} INFO - Uploaded /tmp/minio_downloads/sales_190327943895.parquet -> @sales stage
[2026-07-04T15:05:24.388+0000] {logging_mixin.py:188} INFO - Uploaded /tmp/minio_downloads/sales_190328024849.parquet -> @sales stage
[2026-07-04T15:05:25.104+0000] {logging_mixin.py:188} INFO - Uploaded /tmp/minio_downloads/sales_190328130177.parquet -> @sales stage
[2026-07-04T15:05:25.823+0000] {logging_mixin.py:188} INFO - Uploaded /tmp/minio_downloads/sales_190328263538.parquet -> @sales stage
[2026-07-04T15:05:26.438+0000] {logging_mixin.py:188} INFO - Uploaded /tmp/minio_downloads/sales_190328349303.parquet -> @sales stage
[2026-07-04T15:05:27.155+0000] {logging_mixin.py:188} INFO - Uploaded /tmp/minio_downloads/sales_190328460524.parquet -> @sales stage
[2026-07-04T15:05:27.767+0000] {logging_mixin.py:188} INFO - Uploaded /tmp/minio_downloads/sales_190328677970.parquet -> @sales stage
[2026-07-04T15:05:28.484+0000] {logging_mixin.py:188} INFO - Uploaded /tmp/minio_downloads/sales_190329070051.parquet -> @sales stage
[2026-07-04T15:05:29.202+0000] {logging_mixin.py:188} INFO - Uploaded /tmp/minio_downloads/sales_190329279301.parquet -> @sales stage
[2026-07-04T15:05:29.913+0000] {logging_mixin.py:188} INFO - Uploaded /tmp/minio_downloads/sales_190329460841.parquet -> @sales stage
[2026-07-04T15:05:30.636+0000] {logging_mixin.py:188} INFO - Uploaded /tmp/minio_downloads/sales_190329587761.parquet -> @sales stage
[2026-07-04T15:05:31.246+0000] {logging_mixin.py:188} INFO - Uploaded /tmp/minio_downloads/sales_190330061924.parquet -> @sales stage
[2026-07-04T15:05:31.967+0000] {logging_mixin.py:188} INFO - Uploaded /tmp/minio_downloads/sales_190330206590.parquet -> @sales stage
[2026-07-04T15:05:32.581+0000] {logging_mixin.py:188} INFO - Uploaded /tmp/minio_downloads/sales_190330329166.parquet -> @sales stage
[2026-07-04T15:05:33.296+0000] {logging_mixin.py:188} INFO - Uploaded /tmp/minio_downloads/sales_190330440269.parquet -> @sales stage
[2026-07-04T15:05:34.014+0000] {logging_mixin.py:188} INFO - Uploaded /tmp/minio_downloads/sales_190330522333.parquet -> @sales stage
[2026-07-04T15:05:34.629+0000] {logging_mixin.py:188} INFO - Uploaded /tmp/minio_downloads/sales_190330636917.parquet -> @sales stage
[2026-07-04T15:05:35.341+0000] {logging_mixin.py:188} INFO - Uploaded /tmp/minio_downloads/sales_190330733877.parquet -> @sales stage
[2026-07-04T15:05:35.959+0000] {logging_mixin.py:188} INFO - Uploaded /tmp/minio_downloads/sales_190330833934.parquet -> @sales stage
[2026-07-04T15:05:36.673+0000] {logging_mixin.py:188} INFO - Uploaded /tmp/minio_downloads/sales_190330939357.parquet -> @sales stage
[2026-07-04T15:05:37.396+0000] {logging_mixin.py:188} INFO - Uploaded /tmp/minio_downloads/sales_190331055363.parquet -> @sales stage
[2026-07-04T15:05:38.000+0000] {logging_mixin.py:188} INFO - Uploaded /tmp/minio_downloads/sales_190331160924.parquet -> @sales stage
[2026-07-04T15:05:38.619+0000] {logging_mixin.py:188} INFO - Uploaded /tmp/minio_downloads/sales_190331256452.parquet -> @sales stage
[2026-07-04T15:05:39.228+0000] {logging_mixin.py:188} INFO - Uploaded /tmp/minio_downloads/sales_190331371507.parquet -> @sales stage
[2026-07-04T15:05:39.847+0000] {logging_mixin.py:188} INFO - Uploaded /tmp/minio_downloads/sales_190331463546.parquet -> @sales stage
[2026-07-04T15:05:40.462+0000] {logging_mixin.py:188} INFO - Uploaded /tmp/minio_downloads/sales_190331559912.parquet -> @sales stage
[2026-07-04T15:05:41.180+0000] {logging_mixin.py:188} INFO - Uploaded /tmp/minio_downloads/sales_190331660116.parquet -> @sales stage
[2026-07-04T15:05:41.788+0000] {logging_mixin.py:188} INFO - Uploaded /tmp/minio_downloads/sales_190331745786.parquet -> @sales stage
[2026-07-04T15:05:42.408+0000] {logging_mixin.py:188} INFO - Uploaded /tmp/minio_downloads/sales_190331834075.parquet -> @sales stage
[2026-07-04T15:05:43.023+0000] {logging_mixin.py:188} INFO - Uploaded /tmp/minio_downloads/sales_190331919180.parquet -> @sales stage
[2026-07-04T15:05:43.839+0000] {logging_mixin.py:188} INFO - Uploaded /tmp/minio_downloads/sales_190332050913.parquet -> @sales stage
[2026-07-04T15:05:44.456+0000] {logging_mixin.py:188} INFO - Uploaded /tmp/minio_downloads/sales_190332254691.parquet -> @sales stage
[2026-07-04T15:05:45.072+0000] {logging_mixin.py:188} INFO - Uploaded /tmp/minio_downloads/sales_190332362399.parquet -> @sales stage
[2026-07-04T15:05:45.788+0000] {logging_mixin.py:188} INFO - Uploaded /tmp/minio_downloads/sales_190332457606.parquet -> @sales stage
[2026-07-04T15:05:46.500+0000] {logging_mixin.py:188} INFO - Uploaded /tmp/minio_downloads/sales_190332545736.parquet -> @sales stage
[2026-07-04T15:05:47.222+0000] {logging_mixin.py:188} INFO - Uploaded /tmp/minio_downloads/sales_190332624652.parquet -> @sales stage
[2026-07-04T15:05:47.834+0000] {logging_mixin.py:188} INFO - Uploaded /tmp/minio_downloads/sales_190332701228.parquet -> @sales stage
[2026-07-04T15:05:48.446+0000] {logging_mixin.py:188} INFO - Uploaded /tmp/minio_downloads/sales_190332797019.parquet -> @sales stage
[2026-07-04T15:05:49.064+0000] {logging_mixin.py:188} INFO - Uploaded /tmp/minio_downloads/sales_190332880970.parquet -> @sales stage
[2026-07-04T15:05:49.782+0000] {logging_mixin.py:188} INFO - Uploaded /tmp/minio_downloads/sales_190332952741.parquet -> @sales stage
[2026-07-04T15:05:50.501+0000] {logging_mixin.py:188} INFO - Uploaded /tmp/minio_downloads/sales_190333020537.parquet -> @sales stage
[2026-07-04T15:05:51.216+0000] {logging_mixin.py:188} INFO - Uploaded /tmp/minio_downloads/sales_190333083320.parquet -> @sales stage
[2026-07-04T15:05:51.830+0000] {logging_mixin.py:188} INFO - Uploaded /tmp/minio_downloads/sales_190333144047.parquet -> @sales stage
[2026-07-04T15:05:52.544+0000] {logging_mixin.py:188} INFO - Uploaded /tmp/minio_downloads/sales_190333199765.parquet -> @sales stage
[2026-07-04T15:05:53.262+0000] {logging_mixin.py:188} INFO - Uploaded /tmp/minio_downloads/sales_190333270436.parquet -> @sales stage
[2026-07-04T15:05:53.878+0000] {logging_mixin.py:188} INFO - Uploaded /tmp/minio_downloads/sales_190333333810.parquet -> @sales stage
[2026-07-04T15:05:54.492+0000] {logging_mixin.py:188} INFO - Uploaded /tmp/minio_downloads/sales_190333400404.parquet -> @sales stage
[2026-07-04T15:05:55.109+0000] {logging_mixin.py:188} INFO - Uploaded /tmp/minio_downloads/sales_190333477650.parquet -> @sales stage
[2026-07-04T15:05:55.824+0000] {logging_mixin.py:188} INFO - Uploaded /tmp/minio_downloads/sales_190333552247.parquet -> @sales stage
[2026-07-04T15:05:56.541+0000] {logging_mixin.py:188} INFO - Uploaded /tmp/minio_downloads/sales_190333622918.parquet -> @sales stage
[2026-07-04T15:05:57.770+0000] {logging_mixin.py:188} INFO - Uploaded /tmp/minio_downloads/sales_190333682824.parquet -> @sales stage
[2026-07-04T15:05:58.384+0000] {logging_mixin.py:188} INFO - Uploaded /tmp/minio_downloads/sales_190333754981.parquet -> @sales stage
[2026-07-04T15:05:58.999+0000] {logging_mixin.py:188} INFO - Uploaded /tmp/minio_downloads/sales_190333826193.parquet -> @sales stage
[2026-07-04T15:05:59.617+0000] {logging_mixin.py:188} INFO - Uploaded /tmp/minio_downloads/sales_190333905515.parquet -> @sales stage
[2026-07-04T15:06:00.230+0000] {logging_mixin.py:188} INFO - Uploaded /tmp/minio_downloads/sales_190333965943.parquet -> @sales stage
[2026-07-04T15:06:00.841+0000] {logging_mixin.py:188} INFO - Uploaded /tmp/minio_downloads/sales_190334049437.parquet -> @sales stage
[2026-07-04T15:06:01.458+0000] {logging_mixin.py:188} INFO - Uploaded /tmp/minio_downloads/sales_190334100354.parquet -> @sales stage
[2026-07-04T15:06:02.067+0000] {logging_mixin.py:188} INFO - Uploaded /tmp/minio_downloads/sales_190334165632.parquet -> @sales stage
[2026-07-04T15:06:02.684+0000] {logging_mixin.py:188} INFO - Uploaded /tmp/minio_downloads/sales_190334229413.parquet -> @sales stage
[2026-07-04T15:06:03.301+0000] {logging_mixin.py:188} INFO - Uploaded /tmp/minio_downloads/sales_190334285481.parquet -> @sales stage
[2026-07-04T15:06:03.913+0000] {logging_mixin.py:188} INFO - Uploaded /tmp/minio_downloads/sales_190334358927.parquet -> @sales stage
[2026-07-04T15:06:04.525+0000] {logging_mixin.py:188} INFO - Uploaded /tmp/minio_downloads/sales_190334440249.parquet -> @sales stage
[2026-07-04T15:06:05.140+0000] {logging_mixin.py:188} INFO - Uploaded /tmp/minio_downloads/sales_190334522418.parquet -> @sales stage
[2026-07-04T15:06:05.754+0000] {logging_mixin.py:188} INFO - Uploaded /tmp/minio_downloads/sales_190334585994.parquet -> @sales stage
[2026-07-04T15:06:06.368+0000] {logging_mixin.py:188} INFO - Uploaded /tmp/minio_downloads/sales_190334664617.parquet -> @sales stage
[2026-07-04T15:06:06.986+0000] {logging_mixin.py:188} INFO - Uploaded /tmp/minio_downloads/sales_190334728168.parquet -> @sales stage
[2026-07-04T15:06:07.550+0000] {logging_mixin.py:188} INFO - Uploaded /tmp/minio_downloads/sales_190334791724.parquet -> @sales stage
[2026-07-04T15:06:08.209+0000] {logging_mixin.py:188} INFO - Uploaded /tmp/minio_downloads/sales_190334864076.parquet -> @sales stage
[2026-07-04T15:06:08.748+0000] {logging_mixin.py:188} INFO - Uploaded /tmp/minio_downloads/sales_190334928952.parquet -> @sales stage
[2026-07-04T15:06:09.337+0000] {logging_mixin.py:188} INFO - Uploaded /tmp/minio_downloads/sales_190335007650.parquet -> @sales stage
[2026-07-04T15:06:09.951+0000] {logging_mixin.py:188} INFO - Uploaded /tmp/minio_downloads/sales_190335080378.parquet -> @sales stage
[2026-07-04T15:06:10.567+0000] {logging_mixin.py:188} INFO - Uploaded /tmp/minio_downloads/sales_190335146172.parquet -> @sales stage
[2026-07-04T15:06:11.180+0000] {logging_mixin.py:188} INFO - Uploaded /tmp/minio_downloads/sales_190335204534.parquet -> @sales stage
[2026-07-04T15:06:11.797+0000] {logging_mixin.py:188} INFO - Uploaded /tmp/minio_downloads/sales_190335269136.parquet -> @sales stage
[2026-07-04T15:06:12.413+0000] {logging_mixin.py:188} INFO - Uploaded /tmp/minio_downloads/sales_190335331935.parquet -> @sales stage
[2026-07-04T15:06:13.025+0000] {logging_mixin.py:188} INFO - Uploaded /tmp/minio_downloads/sales_190335389736.parquet -> @sales stage
[2026-07-04T15:06:13.637+0000] {logging_mixin.py:188} INFO - Uploaded /tmp/minio_downloads/sales_190335461164.parquet -> @sales stage
[2026-07-04T15:06:14.254+0000] {logging_mixin.py:188} INFO - Uploaded /tmp/minio_downloads/sales_190335556921.parquet -> @sales stage
[2026-07-04T15:06:15.282+0000] {logging_mixin.py:188} INFO - Uploaded /tmp/minio_downloads/sales_190335644480.parquet -> @sales stage
[2026-07-04T15:06:15.890+0000] {logging_mixin.py:188} INFO - Uploaded /tmp/minio_downloads/sales_190335725664.parquet -> @sales stage
[2026-07-04T15:06:16.610+0000] {logging_mixin.py:188} INFO - Uploaded /tmp/minio_downloads/sales_190335882276.parquet -> @sales stage
[2026-07-04T15:06:17.221+0000] {logging_mixin.py:188} INFO - Uploaded /tmp/minio_downloads/sales_190335972459.parquet -> @sales stage
[2026-07-04T15:06:17.792+0000] {logging_mixin.py:188} INFO - Uploaded /tmp/minio_downloads/sales_190336058985.parquet -> @sales stage
[2026-07-04T15:06:18.352+0000] {logging_mixin.py:188} INFO - Uploaded /tmp/minio_downloads/sales_190336131146.parquet -> @sales stage
[2026-07-04T15:06:18.979+0000] {logging_mixin.py:188} INFO - Uploaded /tmp/minio_downloads/sales_190336222444.parquet -> @sales stage
[2026-07-04T15:06:19.582+0000] {logging_mixin.py:188} INFO - Uploaded /tmp/minio_downloads/sales_190336284489.parquet -> @sales stage
[2026-07-04T15:06:20.196+0000] {logging_mixin.py:188} INFO - Uploaded /tmp/minio_downloads/sales_190336359999.parquet -> @sales stage
[2026-07-04T15:06:20.810+0000] {logging_mixin.py:188} INFO - Uploaded /tmp/minio_downloads/sales_190336424251.parquet -> @sales stage
[2026-07-04T15:06:21.422+0000] {logging_mixin.py:188} INFO - Uploaded /tmp/minio_downloads/sales_190336501004.parquet -> @sales stage
[2026-07-04T15:06:22.041+0000] {logging_mixin.py:188} INFO - Uploaded /tmp/minio_downloads/sales_190336589607.parquet -> @sales stage
[2026-07-04T15:06:22.653+0000] {logging_mixin.py:188} INFO - Uploaded /tmp/minio_downloads/sales_190336648928.parquet -> @sales stage
[2026-07-04T15:06:23.270+0000] {logging_mixin.py:188} INFO - Uploaded /tmp/minio_downloads/sales_190336741961.parquet -> @sales stage
[2026-07-04T15:06:23.882+0000] {logging_mixin.py:188} INFO - Uploaded /tmp/minio_downloads/sales_190336824951.parquet -> @sales stage
[2026-07-04T15:06:24.498+0000] {logging_mixin.py:188} INFO - Uploaded /tmp/minio_downloads/sales_190336898067.parquet -> @sales stage
[2026-07-04T15:06:25.107+0000] {logging_mixin.py:188} INFO - Uploaded /tmp/minio_downloads/sales_190336985586.parquet -> @sales stage
[2026-07-04T15:06:25.722+0000] {logging_mixin.py:188} INFO - Uploaded /tmp/minio_downloads/sales_190337063886.parquet -> @sales stage
[2026-07-04T15:06:26.337+0000] {logging_mixin.py:188} INFO - Uploaded /tmp/minio_downloads/sales_190337132595.parquet -> @sales stage
[2026-07-04T15:06:26.957+0000] {logging_mixin.py:188} INFO - Uploaded /tmp/minio_downloads/sales_190337211292.parquet -> @sales stage
[2026-07-04T15:06:27.569+0000] {logging_mixin.py:188} INFO - Uploaded /tmp/minio_downloads/sales_190337273683.parquet -> @sales stage
[2026-07-04T15:06:28.179+0000] {logging_mixin.py:188} INFO - Uploaded /tmp/minio_downloads/sales_190337330367.parquet -> @sales stage
[2026-07-04T15:06:28.800+0000] {logging_mixin.py:188} INFO - Uploaded /tmp/minio_downloads/sales_190337395994.parquet -> @sales stage
[2026-07-04T15:06:30.846+0000] {logging_mixin.py:188} INFO - Data loaded into sales
[2026-07-04T15:06:31.564+0000] {logging_mixin.py:188} INFO - Uploaded /tmp/minio_downloads/stores_190411883804.parquet -> @stores stage
[2026-07-04T15:06:32.177+0000] {logging_mixin.py:188} INFO - Uploaded /tmp/minio_downloads/stores_190412024254.parquet -> @stores stage
[2026-07-04T15:06:32.792+0000] {logging_mixin.py:188} INFO - Uploaded /tmp/minio_downloads/stores_190412183617.parquet -> @stores stage
[2026-07-04T15:06:33.408+0000] {logging_mixin.py:188} INFO - Uploaded /tmp/minio_downloads/stores_190412301059.parquet -> @stores stage
[2026-07-04T15:06:34.021+0000] {logging_mixin.py:188} INFO - Uploaded /tmp/minio_downloads/stores_190412398033.parquet -> @stores stage
[2026-07-04T15:06:34.638+0000] {logging_mixin.py:188} INFO - Uploaded /tmp/minio_downloads/stores_190412507361.parquet -> @stores stage
[2026-07-04T15:06:35.253+0000] {logging_mixin.py:188} INFO - Uploaded /tmp/minio_downloads/stores_190412602845.parquet -> @stores stage
[2026-07-04T15:06:35.969+0000] {logging_mixin.py:188} INFO - Uploaded /tmp/minio_downloads/stores_190412709525.parquet -> @stores stage
[2026-07-04T15:06:36.578+0000] {logging_mixin.py:188} INFO - Uploaded /tmp/minio_downloads/stores_190412833460.parquet -> @stores stage
[2026-07-04T15:06:37.191+0000] {logging_mixin.py:188} INFO - Uploaded /tmp/minio_downloads/stores_190412966689.parquet -> @stores stage
[2026-07-04T15:06:37.752+0000] {logging_mixin.py:188} INFO - Uploaded /tmp/minio_downloads/stores_190413093069.parquet -> @stores stage
[2026-07-04T15:06:38.314+0000] {logging_mixin.py:188} INFO - Uploaded /tmp/minio_downloads/stores_190413265980.parquet -> @stores stage
[2026-07-04T15:06:38.935+0000] {logging_mixin.py:188} INFO - Uploaded /tmp/minio_downloads/stores_190413400147.parquet -> @stores stage
[2026-07-04T15:06:39.646+0000] {logging_mixin.py:188} INFO - Uploaded /tmp/minio_downloads/stores_190413523362.parquet -> @stores stage
[2026-07-04T15:06:40.221+0000] {logging_mixin.py:188} INFO - Uploaded /tmp/minio_downloads/stores_190413723414.parquet -> @stores stage
[2026-07-04T15:06:40.773+0000] {logging_mixin.py:188} INFO - Uploaded /tmp/minio_downloads/stores_190413857462.parquet -> @stores stage
[2026-07-04T15:06:41.386+0000] {logging_mixin.py:188} INFO - Uploaded /tmp/minio_downloads/stores_190414029174.parquet -> @stores stage
[2026-07-04T15:06:42.005+0000] {logging_mixin.py:188} INFO - Uploaded /tmp/minio_downloads/stores_190414212585.parquet -> @stores stage
[2026-07-04T15:06:42.616+0000] {logging_mixin.py:188} INFO - Uploaded /tmp/minio_downloads/stores_190414376894.parquet -> @stores stage
[2026-07-04T15:06:43.233+0000] {logging_mixin.py:188} INFO - Uploaded /tmp/minio_downloads/stores_190414520500.parquet -> @stores stage
[2026-07-04T15:06:43.845+0000] {logging_mixin.py:188} INFO - Uploaded /tmp/minio_downloads/stores_190414638979.parquet -> @stores stage
[2026-07-04T15:06:44.464+0000] {logging_mixin.py:188} INFO - Uploaded /tmp/minio_downloads/stores_190414761945.parquet -> @stores stage
[2026-07-04T15:06:45.077+0000] {logging_mixin.py:188} INFO - Uploaded /tmp/minio_downloads/stores_190414881103.parquet -> @stores stage
[2026-07-04T15:06:45.687+0000] {logging_mixin.py:188} INFO - Uploaded /tmp/minio_downloads/stores_190415008723.parquet -> @stores stage
[2026-07-04T15:06:46.304+0000] {logging_mixin.py:188} INFO - Uploaded /tmp/minio_downloads/stores_190415117032.parquet -> @stores stage
[2026-07-04T15:06:46.921+0000] {logging_mixin.py:188} INFO - Uploaded /tmp/minio_downloads/stores_190415204962.parquet -> @stores stage
[2026-07-04T15:06:47.537+0000] {logging_mixin.py:188} INFO - Uploaded /tmp/minio_downloads/stores_190415291652.parquet -> @stores stage
[2026-07-04T15:06:48.150+0000] {logging_mixin.py:188} INFO - Uploaded /tmp/minio_downloads/stores_190415378746.parquet -> @stores stage
[2026-07-04T15:06:48.765+0000] {logging_mixin.py:188} INFO - Uploaded /tmp/minio_downloads/stores_190415470639.parquet -> @stores stage
[2026-07-04T15:06:49.378+0000] {logging_mixin.py:188} INFO - Uploaded /tmp/minio_downloads/stores_190415564713.parquet -> @stores stage
[2026-07-04T15:06:49.989+0000] {logging_mixin.py:188} INFO - Uploaded /tmp/minio_downloads/stores_190415643408.parquet -> @stores stage
[2026-07-04T15:06:50.605+0000] {logging_mixin.py:188} INFO - Uploaded /tmp/minio_downloads/stores_190415732283.parquet -> @stores stage
[2026-07-04T15:06:51.224+0000] {logging_mixin.py:188} INFO - Uploaded /tmp/minio_downloads/stores_190415817371.parquet -> @stores stage
[2026-07-04T15:06:51.837+0000] {logging_mixin.py:188} INFO - Uploaded /tmp/minio_downloads/stores_190415951055.parquet -> @stores stage
[2026-07-04T15:06:52.452+0000] {logging_mixin.py:188} INFO - Uploaded /tmp/minio_downloads/stores_190416088900.parquet -> @stores stage
[2026-07-04T15:06:53.064+0000] {logging_mixin.py:188} INFO - Uploaded /tmp/minio_downloads/stores_190416187841.parquet -> @stores stage
[2026-07-04T15:06:53.684+0000] {logging_mixin.py:188} INFO - Uploaded /tmp/minio_downloads/stores_190416310004.parquet -> @stores stage
[2026-07-04T15:06:54.296+0000] {logging_mixin.py:188} INFO - Uploaded /tmp/minio_downloads/stores_190416413312.parquet -> @stores stage
[2026-07-04T15:06:54.910+0000] {logging_mixin.py:188} INFO - Uploaded /tmp/minio_downloads/stores_190416513386.parquet -> @stores stage
[2026-07-04T15:06:55.525+0000] {logging_mixin.py:188} INFO - Uploaded /tmp/minio_downloads/stores_190416605084.parquet -> @stores stage
[2026-07-04T15:06:56.136+0000] {logging_mixin.py:188} INFO - Uploaded /tmp/minio_downloads/stores_190416697110.parquet -> @stores stage
[2026-07-04T15:06:56.757+0000] {logging_mixin.py:188} INFO - Uploaded /tmp/minio_downloads/stores_190416790423.parquet -> @stores stage
[2026-07-04T15:06:57.365+0000] {logging_mixin.py:188} INFO - Uploaded /tmp/minio_downloads/stores_190416889539.parquet -> @stores stage
[2026-07-04T15:06:57.981+0000] {logging_mixin.py:188} INFO - Uploaded /tmp/minio_downloads/stores_190416992126.parquet -> @stores stage
[2026-07-04T15:06:58.597+0000] {logging_mixin.py:188} INFO - Uploaded /tmp/minio_downloads/stores_190417088795.parquet -> @stores stage
[2026-07-04T15:06:59.209+0000] {logging_mixin.py:188} INFO - Uploaded /tmp/minio_downloads/stores_190417176596.parquet -> @stores stage
[2026-07-04T15:06:59.826+0000] {logging_mixin.py:188} INFO - Uploaded /tmp/minio_downloads/stores_190417285728.parquet -> @stores stage
[2026-07-04T15:07:00.435+0000] {logging_mixin.py:188} INFO - Uploaded /tmp/minio_downloads/stores_190417487863.parquet -> @stores stage
[2026-07-04T15:07:01.054+0000] {logging_mixin.py:188} INFO - Uploaded /tmp/minio_downloads/stores_190417595625.parquet -> @stores stage
[2026-07-04T15:07:01.664+0000] {logging_mixin.py:188} INFO - Uploaded /tmp/minio_downloads/stores_190417705264.parquet -> @stores stage
[2026-07-04T15:07:02.279+0000] {logging_mixin.py:188} INFO - Uploaded /tmp/minio_downloads/stores_190417790333.parquet -> @stores stage
[2026-07-04T15:07:02.893+0000] {logging_mixin.py:188} INFO - Uploaded /tmp/minio_downloads/stores_190417886292.parquet -> @stores stage
[2026-07-04T15:07:03.507+0000] {logging_mixin.py:188} INFO - Uploaded /tmp/minio_downloads/stores_190417976182.parquet -> @stores stage
[2026-07-04T15:07:04.122+0000] {logging_mixin.py:188} INFO - Uploaded /tmp/minio_downloads/stores_190418058644.parquet -> @stores stage
[2026-07-04T15:07:04.736+0000] {logging_mixin.py:188} INFO - Uploaded /tmp/minio_downloads/stores_190418149859.parquet -> @stores stage
[2026-07-04T15:07:05.350+0000] {logging_mixin.py:188} INFO - Uploaded /tmp/minio_downloads/stores_190418243801.parquet -> @stores stage
[2026-07-04T15:07:05.965+0000] {logging_mixin.py:188} INFO - Uploaded /tmp/minio_downloads/stores_190418328943.parquet -> @stores stage
[2026-07-04T15:07:06.580+0000] {logging_mixin.py:188} INFO - Uploaded /tmp/minio_downloads/stores_190418404486.parquet -> @stores stage
[2026-07-04T15:07:07.194+0000] {logging_mixin.py:188} INFO - Uploaded /tmp/minio_downloads/stores_190418478950.parquet -> @stores stage
[2026-07-04T15:07:07.809+0000] {logging_mixin.py:188} INFO - Uploaded /tmp/minio_downloads/stores_190418566028.parquet -> @stores stage
[2026-07-04T15:07:08.419+0000] {logging_mixin.py:188} INFO - Uploaded /tmp/minio_downloads/stores_190418656295.parquet -> @stores stage
[2026-07-04T15:07:09.033+0000] {logging_mixin.py:188} INFO - Uploaded /tmp/minio_downloads/stores_190418751371.parquet -> @stores stage
[2026-07-04T15:07:09.651+0000] {logging_mixin.py:188} INFO - Uploaded /tmp/minio_downloads/stores_190418835708.parquet -> @stores stage
[2026-07-04T15:07:10.263+0000] {logging_mixin.py:188} INFO - Uploaded /tmp/minio_downloads/stores_190418926499.parquet -> @stores stage
[2026-07-04T15:07:10.878+0000] {logging_mixin.py:188} INFO - Uploaded /tmp/minio_downloads/stores_190419084981.parquet -> @stores stage
[2026-07-04T15:07:11.493+0000] {logging_mixin.py:188} INFO - Uploaded /tmp/minio_downloads/stores_190419189519.parquet -> @stores stage
[2026-07-04T15:07:12.109+0000] {logging_mixin.py:188} INFO - Uploaded /tmp/minio_downloads/stores_190419290519.parquet -> @stores stage
[2026-07-04T15:07:12.722+0000] {logging_mixin.py:188} INFO - Uploaded /tmp/minio_downloads/stores_190419393751.parquet -> @stores stage
[2026-07-04T15:07:13.335+0000] {logging_mixin.py:188} INFO - Uploaded /tmp/minio_downloads/stores_190419475651.parquet -> @stores stage
[2026-07-04T15:07:13.951+0000] {logging_mixin.py:188} INFO - Uploaded /tmp/minio_downloads/stores_190419566328.parquet -> @stores stage
[2026-07-04T15:07:14.564+0000] {logging_mixin.py:188} INFO - Uploaded /tmp/minio_downloads/stores_190419661897.parquet -> @stores stage
[2026-07-04T15:07:15.181+0000] {logging_mixin.py:188} INFO - Uploaded /tmp/minio_downloads/stores_190419754343.parquet -> @stores stage
[2026-07-04T15:07:15.799+0000] {logging_mixin.py:188} INFO - Uploaded /tmp/minio_downloads/stores_190419844183.parquet -> @stores stage
[2026-07-04T15:07:16.329+0000] {logging_mixin.py:188} INFO - Uploaded /tmp/minio_downloads/stores_190419934996.parquet -> @stores stage
[2026-07-04T15:07:17.028+0000] {logging_mixin.py:188} INFO - Uploaded /tmp/minio_downloads/stores_190420030109.parquet -> @stores stage
[2026-07-04T15:07:17.644+0000] {logging_mixin.py:188} INFO - Uploaded /tmp/minio_downloads/stores_190420118440.parquet -> @stores stage
[2026-07-04T15:07:18.254+0000] {logging_mixin.py:188} INFO - Uploaded /tmp/minio_downloads/stores_190420208786.parquet -> @stores stage
[2026-07-04T15:07:18.871+0000] {logging_mixin.py:188} INFO - Uploaded /tmp/minio_downloads/stores_190420324798.parquet -> @stores stage
[2026-07-04T15:07:19.480+0000] {logging_mixin.py:188} INFO - Uploaded /tmp/minio_downloads/stores_190420426394.parquet -> @stores stage
[2026-07-04T15:07:20.101+0000] {logging_mixin.py:188} INFO - Uploaded /tmp/minio_downloads/stores_190420519998.parquet -> @stores stage
[2026-07-04T15:07:20.716+0000] {logging_mixin.py:188} INFO - Uploaded /tmp/minio_downloads/stores_190420616700.parquet -> @stores stage
[2026-07-04T15:07:21.328+0000] {logging_mixin.py:188} INFO - Uploaded /tmp/minio_downloads/stores_190420715729.parquet -> @stores stage
[2026-07-04T15:07:21.901+0000] {logging_mixin.py:188} INFO - Uploaded /tmp/minio_downloads/stores_190420801955.parquet -> @stores stage
[2026-07-04T15:07:22.558+0000] {logging_mixin.py:188} INFO - Uploaded /tmp/minio_downloads/stores_190420901461.parquet -> @stores stage
[2026-07-04T15:07:23.174+0000] {logging_mixin.py:188} INFO - Uploaded /tmp/minio_downloads/stores_190420993055.parquet -> @stores stage
[2026-07-04T15:07:23.783+0000] {logging_mixin.py:188} INFO - Uploaded /tmp/minio_downloads/stores_190421096758.parquet -> @stores stage
[2026-07-04T15:07:24.403+0000] {logging_mixin.py:188} INFO - Uploaded /tmp/minio_downloads/stores_190421216569.parquet -> @stores stage
[2026-07-04T15:07:25.017+0000] {logging_mixin.py:188} INFO - Uploaded /tmp/minio_downloads/stores_190421321719.parquet -> @stores stage
[2026-07-04T15:07:25.632+0000] {logging_mixin.py:188} INFO - Uploaded /tmp/minio_downloads/stores_190421425613.parquet -> @stores stage
[2026-07-04T15:07:26.241+0000] {logging_mixin.py:188} INFO - Uploaded /tmp/minio_downloads/stores_190421520816.parquet -> @stores stage
[2026-07-04T15:07:26.860+0000] {logging_mixin.py:188} INFO - Uploaded /tmp/minio_downloads/stores_190421615091.parquet -> @stores stage
[2026-07-04T15:07:27.476+0000] {logging_mixin.py:188} INFO - Uploaded /tmp/minio_downloads/stores_190421703908.parquet -> @stores stage
[2026-07-04T15:07:28.084+0000] {logging_mixin.py:188} INFO - Uploaded /tmp/minio_downloads/stores_190421787499.parquet -> @stores stage
[2026-07-04T15:07:28.707+0000] {logging_mixin.py:188} INFO - Uploaded /tmp/minio_downloads/stores_190421896614.parquet -> @stores stage
[2026-07-04T15:07:29.213+0000] {logging_mixin.py:188} INFO - Uploaded /tmp/minio_downloads/stores_190422002135.parquet -> @stores stage
[2026-07-04T15:07:29.831+0000] {logging_mixin.py:188} INFO - Uploaded /tmp/minio_downloads/stores_190422113181.parquet -> @stores stage
[2026-07-04T15:07:30.446+0000] {logging_mixin.py:188} INFO - Uploaded /tmp/minio_downloads/stores_190422246784.parquet -> @stores stage
[2026-07-04T15:07:31.060+0000] {logging_mixin.py:188} INFO - Uploaded /tmp/minio_downloads/stores_190422365437.parquet -> @stores stage
[2026-07-04T15:07:31.672+0000] {logging_mixin.py:188} INFO - Uploaded /tmp/minio_downloads/stores_190422499589.parquet -> @stores stage
[2026-07-04T15:07:32.284+0000] {logging_mixin.py:188} INFO - Uploaded /tmp/minio_downloads/stores_190422626984.parquet -> @stores stage
[2026-07-04T15:07:32.862+0000] {logging_mixin.py:188} INFO - Uploaded /tmp/minio_downloads/stores_190422737980.parquet -> @stores stage
[2026-07-04T15:07:33.516+0000] {logging_mixin.py:188} INFO - Uploaded /tmp/minio_downloads/stores_190422860715.parquet -> @stores stage
[2026-07-04T15:07:34.132+0000] {logging_mixin.py:188} INFO - Uploaded /tmp/minio_downloads/stores_190423030721.parquet -> @stores stage
[2026-07-04T15:07:34.748+0000] {logging_mixin.py:188} INFO - Uploaded /tmp/minio_downloads/stores_190423146184.parquet -> @stores stage
[2026-07-04T15:07:35.360+0000] {logging_mixin.py:188} INFO - Uploaded /tmp/minio_downloads/stores_190423277855.parquet -> @stores stage
[2026-07-04T15:07:35.973+0000] {logging_mixin.py:188} INFO - Uploaded /tmp/minio_downloads/stores_190423424921.parquet -> @stores stage
[2026-07-04T15:07:36.585+0000] {logging_mixin.py:188} INFO - Uploaded /tmp/minio_downloads/stores_190423596290.parquet -> @stores stage
[2026-07-04T15:07:37.204+0000] {logging_mixin.py:188} INFO - Uploaded /tmp/minio_downloads/stores_190423726853.parquet -> @stores stage
[2026-07-04T15:07:37.817+0000] {logging_mixin.py:188} INFO - Uploaded /tmp/minio_downloads/stores_190423851895.parquet -> @stores stage
[2026-07-04T15:07:38.428+0000] {logging_mixin.py:188} INFO - Uploaded /tmp/minio_downloads/stores_190423987197.parquet -> @stores stage
[2026-07-04T15:07:39.023+0000] {logging_mixin.py:188} INFO - Uploaded /tmp/minio_downloads/stores_190424123350.parquet -> @stores stage
[2026-07-04T15:07:39.651+0000] {logging_mixin.py:188} INFO - Uploaded /tmp/minio_downloads/stores_190424383365.parquet -> @stores stage
[2026-07-04T15:07:40.269+0000] {logging_mixin.py:188} INFO - Uploaded /tmp/minio_downloads/stores_190424501157.parquet -> @stores stage
[2026-07-04T15:07:40.879+0000] {logging_mixin.py:188} INFO - Uploaded /tmp/minio_downloads/stores_190424630949.parquet -> @stores stage
[2026-07-04T15:07:41.498+0000] {logging_mixin.py:188} INFO - Uploaded /tmp/minio_downloads/stores_190424781800.parquet -> @stores stage
[2026-07-04T15:07:42.524+0000] {logging_mixin.py:188} INFO - Uploaded /tmp/minio_downloads/stores_190424965248.parquet -> @stores stage
[2026-07-04T15:07:43.144+0000] {logging_mixin.py:188} INFO - Uploaded /tmp/minio_downloads/stores_190425133364.parquet -> @stores stage
[2026-07-04T15:07:43.751+0000] {logging_mixin.py:188} INFO - Uploaded /tmp/minio_downloads/stores_190425276386.parquet -> @stores stage
[2026-07-04T15:07:44.366+0000] {logging_mixin.py:188} INFO - Uploaded /tmp/minio_downloads/stores_190425403411.parquet -> @stores stage
[2026-07-04T15:07:44.980+0000] {logging_mixin.py:188} INFO - Uploaded /tmp/minio_downloads/stores_190425507049.parquet -> @stores stage
[2026-07-04T15:07:45.697+0000] {logging_mixin.py:188} INFO - Uploaded /tmp/minio_downloads/stores_190425626809.parquet -> @stores stage
[2026-07-04T15:07:46.314+0000] {logging_mixin.py:188} INFO - Uploaded /tmp/minio_downloads/stores_190425750348.parquet -> @stores stage
[2026-07-04T15:07:46.926+0000] {logging_mixin.py:188} INFO - Uploaded /tmp/minio_downloads/stores_190425850523.parquet -> @stores stage
[2026-07-04T15:07:47.541+0000] {logging_mixin.py:188} INFO - Uploaded /tmp/minio_downloads/stores_190425972859.parquet -> @stores stage
[2026-07-04T15:07:48.155+0000] {logging_mixin.py:188} INFO - Uploaded /tmp/minio_downloads/stores_190426068505.parquet -> @stores stage
[2026-07-04T15:07:48.770+0000] {logging_mixin.py:188} INFO - Uploaded /tmp/minio_downloads/stores_190426161880.parquet -> @stores stage
[2026-07-04T15:07:49.385+0000] {logging_mixin.py:188} INFO - Uploaded /tmp/minio_downloads/stores_190426266947.parquet -> @stores stage
[2026-07-04T15:07:49.999+0000] {logging_mixin.py:188} INFO - Uploaded /tmp/minio_downloads/stores_190426401603.parquet -> @stores stage
[2026-07-04T15:07:50.613+0000] {logging_mixin.py:188} INFO - Uploaded /tmp/minio_downloads/stores_190426514721.parquet -> @stores stage
[2026-07-04T15:07:51.230+0000] {logging_mixin.py:188} INFO - Uploaded /tmp/minio_downloads/stores_190426610447.parquet -> @stores stage
[2026-07-04T15:07:51.846+0000] {logging_mixin.py:188} INFO - Uploaded /tmp/minio_downloads/stores_190426695082.parquet -> @stores stage
[2026-07-04T15:07:52.458+0000] {logging_mixin.py:188} INFO - Uploaded /tmp/minio_downloads/stores_190426770777.parquet -> @stores stage
[2026-07-04T15:07:53.070+0000] {logging_mixin.py:188} INFO - Uploaded /tmp/minio_downloads/stores_190426834748.parquet -> @stores stage
[2026-07-04T15:07:53.684+0000] {logging_mixin.py:188} INFO - Uploaded /tmp/minio_downloads/stores_190426934191.parquet -> @stores stage
[2026-07-04T15:07:54.303+0000] {logging_mixin.py:188} INFO - Uploaded /tmp/minio_downloads/stores_190427045464.parquet -> @stores stage
[2026-07-04T15:07:54.833+0000] {logging_mixin.py:188} INFO - Uploaded /tmp/minio_downloads/stores_190427142106.parquet -> @stores stage
[2026-07-04T15:07:55.427+0000] {logging_mixin.py:188} INFO - Uploaded /tmp/minio_downloads/stores_190427228962.parquet -> @stores stage
[2026-07-04T15:07:56.043+0000] {logging_mixin.py:188} INFO - Uploaded /tmp/minio_downloads/stores_190427308320.parquet -> @stores stage
[2026-07-04T15:07:56.655+0000] {logging_mixin.py:188} INFO - Uploaded /tmp/minio_downloads/stores_190427384429.parquet -> @stores stage
[2026-07-04T15:07:57.272+0000] {logging_mixin.py:188} INFO - Uploaded /tmp/minio_downloads/stores_190427465904.parquet -> @stores stage
[2026-07-04T15:07:57.887+0000] {logging_mixin.py:188} INFO - Uploaded /tmp/minio_downloads/stores_190427597769.parquet -> @stores stage
[2026-07-04T15:07:58.501+0000] {logging_mixin.py:188} INFO - Uploaded /tmp/minio_downloads/stores_190427682887.parquet -> @stores stage
[2026-07-04T15:07:59.112+0000] {logging_mixin.py:188} INFO - Uploaded /tmp/minio_downloads/stores_190427775373.parquet -> @stores stage
[2026-07-04T15:07:59.732+0000] {logging_mixin.py:188} INFO - Uploaded /tmp/minio_downloads/stores_190427856474.parquet -> @stores stage
[2026-07-04T15:08:00.344+0000] {logging_mixin.py:188} INFO - Uploaded /tmp/minio_downloads/stores_190427932022.parquet -> @stores stage
[2026-07-04T15:08:00.957+0000] {logging_mixin.py:188} INFO - Uploaded /tmp/minio_downloads/stores_190428013139.parquet -> @stores stage
[2026-07-04T15:08:01.570+0000] {logging_mixin.py:188} INFO - Uploaded /tmp/minio_downloads/stores_190428094501.parquet -> @stores stage
[2026-07-04T15:08:02.185+0000] {logging_mixin.py:188} INFO - Uploaded /tmp/minio_downloads/stores_190428179812.parquet -> @stores stage
[2026-07-04T15:08:02.798+0000] {logging_mixin.py:188} INFO - Uploaded /tmp/minio_downloads/stores_190428260723.parquet -> @stores stage
[2026-07-04T15:08:03.415+0000] {logging_mixin.py:188} INFO - Uploaded /tmp/minio_downloads/stores_190428349932.parquet -> @stores stage
[2026-07-04T15:08:04.032+0000] {logging_mixin.py:188} INFO - Uploaded /tmp/minio_downloads/stores_190428433914.parquet -> @stores stage
[2026-07-04T15:08:04.641+0000] {logging_mixin.py:188} INFO - Uploaded /tmp/minio_downloads/stores_190428518406.parquet -> @stores stage
[2026-07-04T15:08:05.256+0000] {logging_mixin.py:188} INFO - Uploaded /tmp/minio_downloads/stores_190428596599.parquet -> @stores stage
[2026-07-04T15:08:05.873+0000] {logging_mixin.py:188} INFO - Uploaded /tmp/minio_downloads/stores_190428702484.parquet -> @stores stage
[2026-07-04T15:08:06.487+0000] {logging_mixin.py:188} INFO - Uploaded /tmp/minio_downloads/stores_190428828353.parquet -> @stores stage
[2026-07-04T15:08:07.102+0000] {logging_mixin.py:188} INFO - Uploaded /tmp/minio_downloads/stores_190428953122.parquet -> @stores stage
[2026-07-04T15:08:07.717+0000] {logging_mixin.py:188} INFO - Uploaded /tmp/minio_downloads/stores_190429058830.parquet -> @stores stage
[2026-07-04T15:08:08.331+0000] {logging_mixin.py:188} INFO - Uploaded /tmp/minio_downloads/stores_190429164237.parquet -> @stores stage
[2026-07-04T15:08:08.941+0000] {logging_mixin.py:188} INFO - Uploaded /tmp/minio_downloads/stores_190429297972.parquet -> @stores stage
[2026-07-04T15:08:09.559+0000] {logging_mixin.py:188} INFO - Uploaded /tmp/minio_downloads/stores_190429421706.parquet -> @stores stage
[2026-07-04T15:08:10.175+0000] {logging_mixin.py:188} INFO - Uploaded /tmp/minio_downloads/stores_190429518108.parquet -> @stores stage
[2026-07-04T15:08:10.782+0000] {logging_mixin.py:188} INFO - Uploaded /tmp/minio_downloads/stores_190429619288.parquet -> @stores stage
[2026-07-04T15:08:11.398+0000] {logging_mixin.py:188} INFO - Uploaded /tmp/minio_downloads/stores_190429753046.parquet -> @stores stage
[2026-07-04T15:08:12.015+0000] {logging_mixin.py:188} INFO - Uploaded /tmp/minio_downloads/stores_190429857367.parquet -> @stores stage
[2026-07-04T15:08:12.628+0000] {logging_mixin.py:188} INFO - Uploaded /tmp/minio_downloads/stores_190429940162.parquet -> @stores stage
[2026-07-04T15:08:13.245+0000] {logging_mixin.py:188} INFO - Uploaded /tmp/minio_downloads/stores_190430037728.parquet -> @stores stage
[2026-07-04T15:08:13.860+0000] {logging_mixin.py:188} INFO - Uploaded /tmp/minio_downloads/stores_190430123927.parquet -> @stores stage
[2026-07-04T15:08:14.428+0000] {logging_mixin.py:188} INFO - Uploaded /tmp/minio_downloads/stores_190430207906.parquet -> @stores stage
[2026-07-04T15:08:15.005+0000] {logging_mixin.py:188} INFO - Uploaded /tmp/minio_downloads/stores_190430292220.parquet -> @stores stage
[2026-07-04T15:08:15.597+0000] {logging_mixin.py:188} INFO - Uploaded /tmp/minio_downloads/stores_190430373568.parquet -> @stores stage
[2026-07-04T15:08:16.212+0000] {logging_mixin.py:188} INFO - Uploaded /tmp/minio_downloads/stores_190430459201.parquet -> @stores stage
[2026-07-04T15:08:16.829+0000] {logging_mixin.py:188} INFO - Uploaded /tmp/minio_downloads/stores_190430559004.parquet -> @stores stage
[2026-07-04T15:08:17.444+0000] {logging_mixin.py:188} INFO - Uploaded /tmp/minio_downloads/stores_190430651460.parquet -> @stores stage
[2026-07-04T15:08:18.055+0000] {logging_mixin.py:188} INFO - Uploaded /tmp/minio_downloads/stores_190430735753.parquet -> @stores stage
[2026-07-04T15:08:18.670+0000] {logging_mixin.py:188} INFO - Uploaded /tmp/minio_downloads/stores_190430821602.parquet -> @stores stage
[2026-07-04T15:08:19.285+0000] {logging_mixin.py:188} INFO - Uploaded /tmp/minio_downloads/stores_190430898614.parquet -> @stores stage
[2026-07-04T15:08:19.902+0000] {logging_mixin.py:188} INFO - Uploaded /tmp/minio_downloads/stores_190431000259.parquet -> @stores stage
[2026-07-04T15:08:20.519+0000] {logging_mixin.py:188} INFO - Uploaded /tmp/minio_downloads/stores_190431097658.parquet -> @stores stage
[2026-07-04T15:08:21.132+0000] {logging_mixin.py:188} INFO - Uploaded /tmp/minio_downloads/stores_190431195956.parquet -> @stores stage
[2026-07-04T15:08:21.745+0000] {logging_mixin.py:188} INFO - Uploaded /tmp/minio_downloads/stores_190431289542.parquet -> @stores stage
[2026-07-04T15:08:22.362+0000] {logging_mixin.py:188} INFO - Uploaded /tmp/minio_downloads/stores_190431388134.parquet -> @stores stage
[2026-07-04T15:08:22.976+0000] {logging_mixin.py:188} INFO - Uploaded /tmp/minio_downloads/stores_190431530744.parquet -> @stores stage
[2026-07-04T15:08:23.591+0000] {logging_mixin.py:188} INFO - Uploaded /tmp/minio_downloads/stores_190431680829.parquet -> @stores stage
[2026-07-04T15:08:24.204+0000] {logging_mixin.py:188} INFO - Uploaded /tmp/minio_downloads/stores_190431872513.parquet -> @stores stage
[2026-07-04T15:08:24.820+0000] {logging_mixin.py:188} INFO - Uploaded /tmp/minio_downloads/stores_190432037449.parquet -> @stores stage
[2026-07-04T15:08:25.430+0000] {logging_mixin.py:188} INFO - Uploaded /tmp/minio_downloads/stores_190432191652.parquet -> @stores stage
[2026-07-04T15:08:26.043+0000] {logging_mixin.py:188} INFO - Uploaded /tmp/minio_downloads/stores_190432325548.parquet -> @stores stage
[2026-07-04T15:08:26.662+0000] {logging_mixin.py:188} INFO - Uploaded /tmp/minio_downloads/stores_190432442091.parquet -> @stores stage
[2026-07-04T15:08:27.277+0000] {logging_mixin.py:188} INFO - Uploaded /tmp/minio_downloads/stores_190432547463.parquet -> @stores stage
[2026-07-04T15:08:27.813+0000] {logging_mixin.py:188} INFO - Uploaded /tmp/minio_downloads/stores_190432659567.parquet -> @stores stage
[2026-07-04T15:08:28.507+0000] {logging_mixin.py:188} INFO - Uploaded /tmp/minio_downloads/stores_190432774600.parquet -> @stores stage
[2026-07-04T15:08:29.117+0000] {logging_mixin.py:188} INFO - Uploaded /tmp/minio_downloads/stores_190432882053.parquet -> @stores stage
[2026-07-04T15:08:29.700+0000] {logging_mixin.py:188} INFO - Uploaded /tmp/minio_downloads/stores_190433087095.parquet -> @stores stage
[2026-07-04T15:08:30.350+0000] {logging_mixin.py:188} INFO - Uploaded /tmp/minio_downloads/stores_190433191323.parquet -> @stores stage
[2026-07-04T15:08:30.963+0000] {logging_mixin.py:188} INFO - Uploaded /tmp/minio_downloads/stores_190433292390.parquet -> @stores stage
[2026-07-04T15:08:31.573+0000] {logging_mixin.py:188} INFO - Uploaded /tmp/minio_downloads/stores_190433385601.parquet -> @stores stage
[2026-07-04T15:08:32.125+0000] {logging_mixin.py:188} INFO - Uploaded /tmp/minio_downloads/stores_190433478981.parquet -> @stores stage
[2026-07-04T15:08:32.635+0000] {logging_mixin.py:188} INFO - Uploaded /tmp/minio_downloads/stores_190433580254.parquet -> @stores stage
[2026-07-04T15:08:33.217+0000] {logging_mixin.py:188} INFO - Uploaded /tmp/minio_downloads/stores_190433710802.parquet -> @stores stage
[2026-07-04T15:08:33.826+0000] {logging_mixin.py:188} INFO - Uploaded /tmp/minio_downloads/stores_190433834096.parquet -> @stores stage
[2026-07-04T15:08:34.446+0000] {logging_mixin.py:188} INFO - Uploaded /tmp/minio_downloads/stores_190433948519.parquet -> @stores stage
[2026-07-04T15:08:35.062+0000] {logging_mixin.py:188} INFO - Uploaded /tmp/minio_downloads/stores_190434054928.parquet -> @stores stage
[2026-07-04T15:08:35.673+0000] {logging_mixin.py:188} INFO - Uploaded /tmp/minio_downloads/stores_190434153273.parquet -> @stores stage
[2026-07-04T15:08:36.268+0000] {logging_mixin.py:188} INFO - Uploaded /tmp/minio_downloads/stores_190434264956.parquet -> @stores stage
[2026-07-04T15:08:36.900+0000] {logging_mixin.py:188} INFO - Uploaded /tmp/minio_downloads/stores_190434371246.parquet -> @stores stage
[2026-07-04T15:08:37.518+0000] {logging_mixin.py:188} INFO - Uploaded /tmp/minio_downloads/stores_190434467927.parquet -> @stores stage
[2026-07-04T15:08:38.130+0000] {logging_mixin.py:188} INFO - Uploaded /tmp/minio_downloads/stores_190434556188.parquet -> @stores stage
[2026-07-04T15:08:38.743+0000] {logging_mixin.py:188} INFO - Uploaded /tmp/minio_downloads/stores_190434658671.parquet -> @stores stage
[2026-07-04T15:08:39.357+0000] {logging_mixin.py:188} INFO - Uploaded /tmp/minio_downloads/stores_190434738818.parquet -> @stores stage
[2026-07-04T15:08:39.968+0000] {logging_mixin.py:188} INFO - Uploaded /tmp/minio_downloads/stores_190434838349.parquet -> @stores stage
[2026-07-04T15:08:40.585+0000] {logging_mixin.py:188} INFO - Uploaded /tmp/minio_downloads/stores_190434938318.parquet -> @stores stage
[2026-07-04T15:08:41.201+0000] {logging_mixin.py:188} INFO - Uploaded /tmp/minio_downloads/stores_190435036457.parquet -> @stores stage
[2026-07-04T15:08:41.811+0000] {logging_mixin.py:188} INFO - Uploaded /tmp/minio_downloads/stores_190435122518.parquet -> @stores stage
[2026-07-04T15:08:42.431+0000] {logging_mixin.py:188} INFO - Uploaded /tmp/minio_downloads/stores_190435220938.parquet -> @stores stage
[2026-07-04T15:08:43.041+0000] {logging_mixin.py:188} INFO - Uploaded /tmp/minio_downloads/stores_190435305720.parquet -> @stores stage
[2026-07-04T15:08:43.657+0000] {logging_mixin.py:188} INFO - Uploaded /tmp/minio_downloads/stores_190435389014.parquet -> @stores stage
[2026-07-04T15:08:44.273+0000] {logging_mixin.py:188} INFO - Uploaded /tmp/minio_downloads/stores_190435489571.parquet -> @stores stage
[2026-07-04T15:08:44.887+0000] {logging_mixin.py:188} INFO - Uploaded /tmp/minio_downloads/stores_190435581637.parquet -> @stores stage
[2026-07-04T15:08:45.503+0000] {logging_mixin.py:188} INFO - Uploaded /tmp/minio_downloads/stores_190435674081.parquet -> @stores stage
[2026-07-04T15:08:46.114+0000] {logging_mixin.py:188} INFO - Uploaded /tmp/minio_downloads/stores_190435794521.parquet -> @stores stage
[2026-07-04T15:08:46.730+0000] {logging_mixin.py:188} INFO - Uploaded /tmp/minio_downloads/stores_190436034282.parquet -> @stores stage
[2026-07-04T15:08:47.344+0000] {logging_mixin.py:188} INFO - Uploaded /tmp/minio_downloads/stores_190436234577.parquet -> @stores stage
[2026-07-04T15:08:47.961+0000] {logging_mixin.py:188} INFO - Uploaded /tmp/minio_downloads/stores_190436394813.parquet -> @stores stage
[2026-07-04T15:08:48.575+0000] {logging_mixin.py:188} INFO - Uploaded /tmp/minio_downloads/stores_190436493887.parquet -> @stores stage
[2026-07-04T15:08:49.185+0000] {logging_mixin.py:188} INFO - Uploaded /tmp/minio_downloads/stores_190436586634.parquet -> @stores stage
[2026-07-04T15:08:49.803+0000] {logging_mixin.py:188} INFO - Uploaded /tmp/minio_downloads/stores_190436684525.parquet -> @stores stage
[2026-07-04T15:08:50.417+0000] {logging_mixin.py:188} INFO - Uploaded /tmp/minio_downloads/stores_190436797397.parquet -> @stores stage
[2026-07-04T15:08:51.040+0000] {logging_mixin.py:188} INFO - Uploaded /tmp/minio_downloads/stores_190436906458.parquet -> @stores stage
[2026-07-04T15:08:51.647+0000] {logging_mixin.py:188} INFO - Uploaded /tmp/minio_downloads/stores_190437018381.parquet -> @stores stage
[2026-07-04T15:08:52.257+0000] {logging_mixin.py:188} INFO - Uploaded /tmp/minio_downloads/stores_190437116272.parquet -> @stores stage
[2026-07-04T15:08:52.842+0000] {logging_mixin.py:188} INFO - Uploaded /tmp/minio_downloads/stores_190437215336.parquet -> @stores stage
[2026-07-04T15:08:53.490+0000] {logging_mixin.py:188} INFO - Uploaded /tmp/minio_downloads/stores_190437301629.parquet -> @stores stage
[2026-07-04T15:08:54.103+0000] {logging_mixin.py:188} INFO - Uploaded /tmp/minio_downloads/stores_190437388706.parquet -> @stores stage
[2026-07-04T15:08:54.720+0000] {logging_mixin.py:188} INFO - Uploaded /tmp/minio_downloads/stores_190437492305.parquet -> @stores stage
[2026-07-04T15:08:55.330+0000] {logging_mixin.py:188} INFO - Uploaded /tmp/minio_downloads/stores_190437586289.parquet -> @stores stage
[2026-07-04T15:08:55.948+0000] {logging_mixin.py:188} INFO - Uploaded /tmp/minio_downloads/stores_190437679639.parquet -> @stores stage
[2026-07-04T15:08:56.560+0000] {logging_mixin.py:188} INFO - Uploaded /tmp/minio_downloads/stores_190437782280.parquet -> @stores stage
[2026-07-04T15:08:57.180+0000] {logging_mixin.py:188} INFO - Uploaded /tmp/minio_downloads/stores_190437882054.parquet -> @stores stage
[2026-07-04T15:08:57.790+0000] {logging_mixin.py:188} INFO - Uploaded /tmp/minio_downloads/stores_190437969664.parquet -> @stores stage
[2026-07-04T15:08:58.920+0000] {logging_mixin.py:188} INFO - Uploaded /tmp/minio_downloads/stores_190438743176.parquet -> @stores stage
[2026-07-04T15:08:59.633+0000] {logging_mixin.py:188} INFO - Uploaded /tmp/minio_downloads/stores_190438844208.parquet -> @stores stage
[2026-07-04T15:09:00.251+0000] {logging_mixin.py:188} INFO - Uploaded /tmp/minio_downloads/stores_190438931331.parquet -> @stores stage
[2026-07-04T15:09:00.864+0000] {logging_mixin.py:188} INFO - Uploaded /tmp/minio_downloads/stores_190439005493.parquet -> @stores stage
[2026-07-04T15:09:01.475+0000] {logging_mixin.py:188} INFO - Uploaded /tmp/minio_downloads/stores_190439093463.parquet -> @stores stage
[2026-07-04T15:09:02.092+0000] {logging_mixin.py:188} INFO - Uploaded /tmp/minio_downloads/stores_190439172688.parquet -> @stores stage
[2026-07-04T15:09:02.709+0000] {logging_mixin.py:188} INFO - Uploaded /tmp/minio_downloads/stores_190439254433.parquet -> @stores stage
[2026-07-04T15:09:03.322+0000] {logging_mixin.py:188} INFO - Uploaded /tmp/minio_downloads/stores_190439327945.parquet -> @stores stage
[2026-07-04T15:09:03.933+0000] {logging_mixin.py:188} INFO - Uploaded /tmp/minio_downloads/stores_190439442136.parquet -> @stores stage
[2026-07-04T15:09:04.551+0000] {logging_mixin.py:188} INFO - Uploaded /tmp/minio_downloads/stores_190439570614.parquet -> @stores stage
[2026-07-04T15:09:05.166+0000] {logging_mixin.py:188} INFO - Uploaded /tmp/minio_downloads/stores_190439692246.parquet -> @stores stage
[2026-07-04T15:09:05.787+0000] {logging_mixin.py:188} INFO - Uploaded /tmp/minio_downloads/stores_190439797707.parquet -> @stores stage
[2026-07-04T15:09:06.393+0000] {logging_mixin.py:188} INFO - Uploaded /tmp/minio_downloads/stores_190439922706.parquet -> @stores stage
[2026-07-04T15:09:07.004+0000] {logging_mixin.py:188} INFO - Uploaded /tmp/minio_downloads/stores_190440039624.parquet -> @stores stage
[2026-07-04T15:09:07.726+0000] {logging_mixin.py:188} INFO - Uploaded /tmp/minio_downloads/stores_190440145901.parquet -> @stores stage
[2026-07-04T15:09:08.337+0000] {logging_mixin.py:188} INFO - Uploaded /tmp/minio_downloads/stores_190440248413.parquet -> @stores stage
[2026-07-04T15:09:08.951+0000] {logging_mixin.py:188} INFO - Uploaded /tmp/minio_downloads/stores_190440371479.parquet -> @stores stage
[2026-07-04T15:09:09.563+0000] {logging_mixin.py:188} INFO - Uploaded /tmp/minio_downloads/stores_190440479025.parquet -> @stores stage
[2026-07-04T15:09:10.177+0000] {logging_mixin.py:188} INFO - Uploaded /tmp/minio_downloads/stores_190440583002.parquet -> @stores stage
[2026-07-04T15:09:10.796+0000] {logging_mixin.py:188} INFO - Uploaded /tmp/minio_downloads/stores_190440675403.parquet -> @stores stage
[2026-07-04T15:09:11.409+0000] {logging_mixin.py:188} INFO - Uploaded /tmp/minio_downloads/stores_190440760611.parquet -> @stores stage
[2026-07-04T15:09:12.024+0000] {logging_mixin.py:188} INFO - Uploaded /tmp/minio_downloads/stores_190440872292.parquet -> @stores stage
[2026-07-04T15:09:12.735+0000] {logging_mixin.py:188} INFO - Uploaded /tmp/minio_downloads/stores_190440984519.parquet -> @stores stage
[2026-07-04T15:09:13.453+0000] {logging_mixin.py:188} INFO - Uploaded /tmp/minio_downloads/stores_190441100035.parquet -> @stores stage
[2026-07-04T15:09:14.071+0000] {logging_mixin.py:188} INFO - Uploaded /tmp/minio_downloads/stores_190441177309.parquet -> @stores stage
[2026-07-04T15:09:14.686+0000] {logging_mixin.py:188} INFO - Uploaded /tmp/minio_downloads/stores_190441279547.parquet -> @stores stage
[2026-07-04T15:09:15.300+0000] {logging_mixin.py:188} INFO - Uploaded /tmp/minio_downloads/stores_190441381971.parquet -> @stores stage
[2026-07-04T15:09:15.916+0000] {logging_mixin.py:188} INFO - Uploaded /tmp/minio_downloads/stores_190441478264.parquet -> @stores stage
[2026-07-04T15:09:16.531+0000] {logging_mixin.py:188} INFO - Uploaded /tmp/minio_downloads/stores_190441575532.parquet -> @stores stage
[2026-07-04T15:09:17.139+0000] {logging_mixin.py:188} INFO - Uploaded /tmp/minio_downloads/stores_190441663696.parquet -> @stores stage
[2026-07-04T15:09:17.760+0000] {logging_mixin.py:188} INFO - Uploaded /tmp/minio_downloads/stores_190441746714.parquet -> @stores stage
[2026-07-04T15:09:18.333+0000] {logging_mixin.py:188} INFO - Uploaded /tmp/minio_downloads/stores_190441845879.parquet -> @stores stage
[2026-07-04T15:09:18.984+0000] {logging_mixin.py:188} INFO - Uploaded /tmp/minio_downloads/stores_190441951190.parquet -> @stores stage
[2026-07-04T15:09:19.598+0000] {logging_mixin.py:188} INFO - Uploaded /tmp/minio_downloads/stores_190442039222.parquet -> @stores stage
[2026-07-04T15:09:20.217+0000] {logging_mixin.py:188} INFO - Uploaded /tmp/minio_downloads/stores_190442139104.parquet -> @stores stage
[2026-07-04T15:09:20.928+0000] {logging_mixin.py:188} INFO - Uploaded /tmp/minio_downloads/stores_190442236270.parquet -> @stores stage
[2026-07-04T15:09:21.548+0000] {logging_mixin.py:188} INFO - Uploaded /tmp/minio_downloads/stores_190442331274.parquet -> @stores stage
[2026-07-04T15:09:22.162+0000] {logging_mixin.py:188} INFO - Uploaded /tmp/minio_downloads/stores_190442413315.parquet -> @stores stage
[2026-07-04T15:09:22.773+0000] {logging_mixin.py:188} INFO - Uploaded /tmp/minio_downloads/stores_190442497214.parquet -> @stores stage
[2026-07-04T15:09:23.392+0000] {logging_mixin.py:188} INFO - Uploaded /tmp/minio_downloads/stores_190442632814.parquet -> @stores stage
[2026-07-04T15:09:24.007+0000] {logging_mixin.py:188} INFO - Uploaded /tmp/minio_downloads/stores_190442782620.parquet -> @stores stage
[2026-07-04T15:09:24.619+0000] {logging_mixin.py:188} INFO - Uploaded /tmp/minio_downloads/stores_190442899708.parquet -> @stores stage
[2026-07-04T15:09:25.230+0000] {logging_mixin.py:188} INFO - Uploaded /tmp/minio_downloads/stores_190442993950.parquet -> @stores stage
[2026-07-04T15:09:25.807+0000] {logging_mixin.py:188} INFO - Uploaded /tmp/minio_downloads/stores_190443108294.parquet -> @stores stage
[2026-07-04T15:09:26.462+0000] {logging_mixin.py:188} INFO - Uploaded /tmp/minio_downloads/stores_190443208744.parquet -> @stores stage
[2026-07-04T15:09:27.079+0000] {logging_mixin.py:188} INFO - Uploaded /tmp/minio_downloads/stores_190443372437.parquet -> @stores stage
[2026-07-04T15:09:27.693+0000] {logging_mixin.py:188} INFO - Uploaded /tmp/minio_downloads/stores_190443478429.parquet -> @stores stage
[2026-07-04T15:09:28.411+0000] {logging_mixin.py:188} INFO - Uploaded /tmp/minio_downloads/stores_190443591432.parquet -> @stores stage
[2026-07-04T15:09:28.978+0000] {logging_mixin.py:188} INFO - Uploaded /tmp/minio_downloads/stores_190443678099.parquet -> @stores stage
[2026-07-04T15:09:29.639+0000] {logging_mixin.py:188} INFO - Uploaded /tmp/minio_downloads/stores_190443765511.parquet -> @stores stage
[2026-07-04T15:09:30.254+0000] {logging_mixin.py:188} INFO - Uploaded /tmp/minio_downloads/stores_190443847050.parquet -> @stores stage
[2026-07-04T15:09:30.972+0000] {logging_mixin.py:188} INFO - Uploaded /tmp/minio_downloads/stores_190443964293.parquet -> @stores stage
[2026-07-04T15:09:31.683+0000] {logging_mixin.py:188} INFO - Uploaded /tmp/minio_downloads/stores_190444050956.parquet -> @stores stage
[2026-07-04T15:09:32.302+0000] {logging_mixin.py:188} INFO - Uploaded /tmp/minio_downloads/stores_190444157162.parquet -> @stores stage
[2026-07-04T15:09:33.019+0000] {logging_mixin.py:188} INFO - Uploaded /tmp/minio_downloads/stores_190444242269.parquet -> @stores stage
[2026-07-04T15:09:33.629+0000] {logging_mixin.py:188} INFO - Uploaded /tmp/minio_downloads/stores_190444308176.parquet -> @stores stage
[2026-07-04T15:09:34.250+0000] {logging_mixin.py:188} INFO - Uploaded /tmp/minio_downloads/stores_190444392379.parquet -> @stores stage
[2026-07-04T15:09:34.860+0000] {logging_mixin.py:188} INFO - Uploaded /tmp/minio_downloads/stores_190444474083.parquet -> @stores stage
[2026-07-04T15:09:35.478+0000] {logging_mixin.py:188} INFO - Uploaded /tmp/minio_downloads/stores_190444564885.parquet -> @stores stage
[2026-07-04T15:09:36.194+0000] {logging_mixin.py:188} INFO - Uploaded /tmp/minio_downloads/stores_190444646488.parquet -> @stores stage
[2026-07-04T15:09:37.013+0000] {logging_mixin.py:188} INFO - Uploaded /tmp/minio_downloads/stores_190444749571.parquet -> @stores stage
[2026-07-04T15:09:37.630+0000] {logging_mixin.py:188} INFO - Uploaded /tmp/minio_downloads/stores_190444852556.parquet -> @stores stage
[2026-07-04T15:09:38.239+0000] {logging_mixin.py:188} INFO - Uploaded /tmp/minio_downloads/stores_190444942784.parquet -> @stores stage
[2026-07-04T15:09:38.953+0000] {logging_mixin.py:188} INFO - Uploaded /tmp/minio_downloads/stores_190445017419.parquet -> @stores stage
[2026-07-04T15:09:39.568+0000] {logging_mixin.py:188} INFO - Uploaded /tmp/minio_downloads/stores_190445100348.parquet -> @stores stage
[2026-07-04T15:09:40.179+0000] {logging_mixin.py:188} INFO - Uploaded /tmp/minio_downloads/stores_190445200772.parquet -> @stores stage
[2026-07-04T15:09:40.800+0000] {logging_mixin.py:188} INFO - Uploaded /tmp/minio_downloads/stores_190445281456.parquet -> @stores stage
[2026-07-04T15:09:41.515+0000] {logging_mixin.py:188} INFO - Uploaded /tmp/minio_downloads/stores_190445375819.parquet -> @stores stage
[2026-07-04T15:09:42.126+0000] {logging_mixin.py:188} INFO - Uploaded /tmp/minio_downloads/stores_190445448940.parquet -> @stores stage
[2026-07-04T15:09:42.744+0000] {logging_mixin.py:188} INFO - Uploaded /tmp/minio_downloads/stores_190445524263.parquet -> @stores stage
[2026-07-04T15:09:43.458+0000] {logging_mixin.py:188} INFO - Uploaded /tmp/minio_downloads/stores_190445599089.parquet -> @stores stage
[2026-07-04T15:09:44.071+0000] {logging_mixin.py:188} INFO - Uploaded /tmp/minio_downloads/stores_190445673036.parquet -> @stores stage
[2026-07-04T15:09:44.688+0000] {logging_mixin.py:188} INFO - Uploaded /tmp/minio_downloads/stores_190445760900.parquet -> @stores stage
[2026-07-04T15:09:45.240+0000] {logging_mixin.py:188} INFO - Uploaded /tmp/minio_downloads/stores_190445847492.parquet -> @stores stage
[2026-07-04T15:09:45.818+0000] {logging_mixin.py:188} INFO - Uploaded /tmp/minio_downloads/stores_190445932710.parquet -> @stores stage
[2026-07-04T15:09:46.431+0000] {logging_mixin.py:188} INFO - Uploaded /tmp/minio_downloads/stores_190446032934.parquet -> @stores stage
[2026-07-04T15:09:47.047+0000] {logging_mixin.py:188} INFO - Uploaded /tmp/minio_downloads/stores_190446110694.parquet -> @stores stage
[2026-07-04T15:09:47.662+0000] {logging_mixin.py:188} INFO - Uploaded /tmp/minio_downloads/stores_190446191518.parquet -> @stores stage
[2026-07-04T15:09:48.273+0000] {logging_mixin.py:188} INFO - Uploaded /tmp/minio_downloads/stores_190446283195.parquet -> @stores stage
[2026-07-04T15:09:48.893+0000] {logging_mixin.py:188} INFO - Uploaded /tmp/minio_downloads/stores_190446362684.parquet -> @stores stage
[2026-07-04T15:09:49.504+0000] {logging_mixin.py:188} INFO - Uploaded /tmp/minio_downloads/stores_190446451054.parquet -> @stores stage
[2026-07-04T15:09:50.116+0000] {logging_mixin.py:188} INFO - Uploaded /tmp/minio_downloads/stores_190446541931.parquet -> @stores stage
[2026-07-04T15:09:50.729+0000] {logging_mixin.py:188} INFO - Uploaded /tmp/minio_downloads/stores_190446622071.parquet -> @stores stage
[2026-07-04T15:09:51.345+0000] {logging_mixin.py:188} INFO - Uploaded /tmp/minio_downloads/stores_190446689553.parquet -> @stores stage
[2026-07-04T15:09:51.959+0000] {logging_mixin.py:188} INFO - Uploaded /tmp/minio_downloads/stores_190446756842.parquet -> @stores stage
[2026-07-04T15:09:52.576+0000] {logging_mixin.py:188} INFO - Uploaded /tmp/minio_downloads/stores_190446830754.parquet -> @stores stage
[2026-07-04T15:09:53.190+0000] {logging_mixin.py:188} INFO - Uploaded /tmp/minio_downloads/stores_190446927328.parquet -> @stores stage
[2026-07-04T15:09:54.113+0000] {logging_mixin.py:188} INFO - Uploaded /tmp/minio_downloads/stores_190447021834.parquet -> @stores stage
[2026-07-04T15:09:54.729+0000] {logging_mixin.py:188} INFO - Uploaded /tmp/minio_downloads/stores_190447127099.parquet -> @stores stage
[2026-07-04T15:09:55.341+0000] {logging_mixin.py:188} INFO - Uploaded /tmp/minio_downloads/stores_190447212209.parquet -> @stores stage
[2026-07-04T15:09:55.957+0000] {logging_mixin.py:188} INFO - Uploaded /tmp/minio_downloads/stores_190447310415.parquet -> @stores stage
[2026-07-04T15:09:56.566+0000] {logging_mixin.py:188} INFO - Uploaded /tmp/minio_downloads/stores_190447410683.parquet -> @stores stage
[2026-07-04T15:09:57.181+0000] {logging_mixin.py:188} INFO - Uploaded /tmp/minio_downloads/stores_190447501166.parquet -> @stores stage
[2026-07-04T15:09:57.799+0000] {logging_mixin.py:188} INFO - Uploaded /tmp/minio_downloads/stores_190447596224.parquet -> @stores stage
[2026-07-04T15:09:58.413+0000] {logging_mixin.py:188} INFO - Uploaded /tmp/minio_downloads/stores_190447677658.parquet -> @stores stage
[2026-07-04T15:09:59.026+0000] {logging_mixin.py:188} INFO - Uploaded /tmp/minio_downloads/stores_190447773168.parquet -> @stores stage
[2026-07-04T15:09:59.638+0000] {logging_mixin.py:188} INFO - Uploaded /tmp/minio_downloads/stores_190447867671.parquet -> @stores stage
[2026-07-04T15:10:00.260+0000] {logging_mixin.py:188} INFO - Uploaded /tmp/minio_downloads/stores_190447955454.parquet -> @stores stage
[2026-07-04T15:10:00.873+0000] {logging_mixin.py:188} INFO - Uploaded /tmp/minio_downloads/stores_190448037880.parquet -> @stores stage
[2026-07-04T15:10:01.483+0000] {logging_mixin.py:188} INFO - Uploaded /tmp/minio_downloads/stores_190448128758.parquet -> @stores stage
[2026-07-04T15:10:02.100+0000] {logging_mixin.py:188} INFO - Uploaded /tmp/minio_downloads/stores_190448219080.parquet -> @stores stage
[2026-07-04T15:10:02.817+0000] {logging_mixin.py:188} INFO - Uploaded /tmp/minio_downloads/stores_190448292458.parquet -> @stores stage
[2026-07-04T15:10:03.432+0000] {logging_mixin.py:188} INFO - Uploaded /tmp/minio_downloads/stores_190448375217.parquet -> @stores stage
[2026-07-04T15:10:04.150+0000] {logging_mixin.py:188} INFO - Uploaded /tmp/minio_downloads/stores_190448455658.parquet -> @stores stage
[2026-07-04T15:10:04.765+0000] {logging_mixin.py:188} INFO - Uploaded /tmp/minio_downloads/stores_190448525051.parquet -> @stores stage
[2026-07-04T15:10:05.380+0000] {logging_mixin.py:188} INFO - Uploaded /tmp/minio_downloads/stores_190448598645.parquet -> @stores stage
[2026-07-04T15:10:05.989+0000] {logging_mixin.py:188} INFO - Uploaded /tmp/minio_downloads/stores_190448677439.parquet -> @stores stage
[2026-07-04T15:10:06.606+0000] {logging_mixin.py:188} INFO - Uploaded /tmp/minio_downloads/stores_190448755533.parquet -> @stores stage
[2026-07-04T15:10:07.244+0000] {logging_mixin.py:188} INFO - Uploaded /tmp/minio_downloads/stores_190448848686.parquet -> @stores stage
[2026-07-04T15:10:07.940+0000] {logging_mixin.py:188} INFO - Uploaded /tmp/minio_downloads/stores_190448945880.parquet -> @stores stage
[2026-07-04T15:10:08.549+0000] {logging_mixin.py:188} INFO - Uploaded /tmp/minio_downloads/stores_190449027496.parquet -> @stores stage
[2026-07-04T15:10:09.267+0000] {logging_mixin.py:188} INFO - Uploaded /tmp/minio_downloads/stores_190449112660.parquet -> @stores stage
[2026-07-04T15:10:09.876+0000] {logging_mixin.py:188} INFO - Uploaded /tmp/minio_downloads/stores_190449199597.parquet -> @stores stage
[2026-07-04T15:10:10.496+0000] {logging_mixin.py:188} INFO - Uploaded /tmp/minio_downloads/stores_190449285844.parquet -> @stores stage
[2026-07-04T15:10:11.211+0000] {logging_mixin.py:188} INFO - Uploaded /tmp/minio_downloads/stores_190449371162.parquet -> @stores stage
[2026-07-04T15:10:11.789+0000] {logging_mixin.py:188} INFO - Uploaded /tmp/minio_downloads/stores_190449442683.parquet -> @stores stage
[2026-07-04T15:10:12.439+0000] {logging_mixin.py:188} INFO - Uploaded /tmp/minio_downloads/stores_190449518958.parquet -> @stores stage
[2026-07-04T15:10:13.055+0000] {logging_mixin.py:188} INFO - Uploaded /tmp/minio_downloads/stores_190449588145.parquet -> @stores stage
[2026-07-04T15:10:13.731+0000] {logging_mixin.py:188} INFO - Uploaded /tmp/minio_downloads/stores_190449664666.parquet -> @stores stage
[2026-07-04T15:10:14.259+0000] {logging_mixin.py:188} INFO - Uploaded /tmp/minio_downloads/stores_190449739660.parquet -> @stores stage
[2026-07-04T15:10:14.892+0000] {logging_mixin.py:188} INFO - Uploaded /tmp/minio_downloads/stores_190449821857.parquet -> @stores stage
[2026-07-04T15:10:15.507+0000] {logging_mixin.py:188} INFO - Uploaded /tmp/minio_downloads/stores_190449903536.parquet -> @stores stage
[2026-07-04T15:10:16.123+0000] {logging_mixin.py:188} INFO - Uploaded /tmp/minio_downloads/stores_190449980174.parquet -> @stores stage
[2026-07-04T15:10:16.742+0000] {logging_mixin.py:188} INFO - Uploaded /tmp/minio_downloads/stores_190450058404.parquet -> @stores stage
[2026-07-04T15:10:17.356+0000] {logging_mixin.py:188} INFO - Uploaded /tmp/minio_downloads/stores_190450128104.parquet -> @stores stage
[2026-07-04T15:10:18.073+0000] {logging_mixin.py:188} INFO - Uploaded /tmp/minio_downloads/stores_190450197953.parquet -> @stores stage
[2026-07-04T15:10:18.689+0000] {logging_mixin.py:188} INFO - Uploaded /tmp/minio_downloads/stores_190450271815.parquet -> @stores stage
[2026-07-04T15:10:19.303+0000] {logging_mixin.py:188} INFO - Uploaded /tmp/minio_downloads/stores_190450343051.parquet -> @stores stage
[2026-07-04T15:10:20.022+0000] {logging_mixin.py:188} INFO - Uploaded /tmp/minio_downloads/stores_190450438931.parquet -> @stores stage
[2026-07-04T15:10:20.629+0000] {logging_mixin.py:188} INFO - Uploaded /tmp/minio_downloads/stores_190450511523.parquet -> @stores stage
[2026-07-04T15:10:21.249+0000] {logging_mixin.py:188} INFO - Uploaded /tmp/minio_downloads/stores_190450591396.parquet -> @stores stage
[2026-07-04T15:10:21.966+0000] {logging_mixin.py:188} INFO - Uploaded /tmp/minio_downloads/stores_190450659907.parquet -> @stores stage
[2026-07-04T15:10:22.578+0000] {logging_mixin.py:188} INFO - Uploaded /tmp/minio_downloads/stores_190450726360.parquet -> @stores stage
[2026-07-04T15:10:23.191+0000] {logging_mixin.py:188} INFO - Uploaded /tmp/minio_downloads/stores_190450802660.parquet -> @stores stage
[2026-07-04T15:10:23.809+0000] {logging_mixin.py:188} INFO - Uploaded /tmp/minio_downloads/stores_190450876888.parquet -> @stores stage
[2026-07-04T15:10:24.421+0000] {logging_mixin.py:188} INFO - Uploaded /tmp/minio_downloads/stores_190450965166.parquet -> @stores stage
[2026-07-04T15:10:25.034+0000] {logging_mixin.py:188} INFO - Uploaded /tmp/minio_downloads/stores_190451061105.parquet -> @stores stage
[2026-07-04T15:10:25.652+0000] {logging_mixin.py:188} INFO - Uploaded /tmp/minio_downloads/stores_190451170776.parquet -> @stores stage
[2026-07-04T15:10:26.266+0000] {logging_mixin.py:188} INFO - Uploaded /tmp/minio_downloads/stores_190451265588.parquet -> @stores stage
[2026-07-04T15:10:26.877+0000] {logging_mixin.py:188} INFO - Uploaded /tmp/minio_downloads/stores_190451369269.parquet -> @stores stage
[2026-07-04T15:10:27.497+0000] {logging_mixin.py:188} INFO - Uploaded /tmp/minio_downloads/stores_190451466068.parquet -> @stores stage
[2026-07-04T15:10:28.109+0000] {logging_mixin.py:188} INFO - Uploaded /tmp/minio_downloads/stores_190451557849.parquet -> @stores stage
[2026-07-04T15:10:28.721+0000] {logging_mixin.py:188} INFO - Uploaded /tmp/minio_downloads/stores_190451637866.parquet -> @stores stage
[2026-07-04T15:10:29.334+0000] {logging_mixin.py:188} INFO - Uploaded /tmp/minio_downloads/stores_190451742927.parquet -> @stores stage
[2026-07-04T15:10:32.217+0000] {logging_mixin.py:188} INFO - Data loaded into stores
[2026-07-04T15:10:32.673+0000] {python.py:237} INFO - Done. Returned value was: None
[2026-07-04T15:10:32.674+0000] {taskinstance.py:441} INFO - ::group::Post task execution logs
[2026-07-04T15:10:32.691+0000] {taskinstance.py:1206} INFO - Marking task as SUCCESS. dag_id=minio_to_snowflake_ecommerce, task_id=load_snowflake, run_id=scheduled__2026-07-04T14:28:00+00:00, execution_date=20260704T142800, start_date=20260704T143448, end_date=20260704T151032
[2026-07-04T15:10:32.815+0000] {local_task_job_runner.py:243} INFO - Task exited with return code 0
[2026-07-04T15:10:33.063+0000] {taskinstance.py:3503} INFO - 0 downstream tasks scheduled from follow-on schedule check
[2026-07-04T15:10:33.066+0000] {local_task_job_runner.py:222} INFO - ::endgroup::
