[2026-07-04T14:14:42.703+0000] {local_task_job_runner.py:120} INFO - ::group::Pre task execution logs
[2026-07-04T14:14:42.752+0000] {taskinstance.py:2076} INFO - Dependencies all met for dep_context=non-requeueable deps ti=<TaskInstance: minio_to_snowflake_ecommerce.download_minio scheduled__2026-07-04T14:13:00+00:00 [queued]>
[2026-07-04T14:14:42.765+0000] {taskinstance.py:2076} INFO - Dependencies all met for dep_context=requeueable deps ti=<TaskInstance: minio_to_snowflake_ecommerce.download_minio scheduled__2026-07-04T14:13:00+00:00 [queued]>
[2026-07-04T14:14:42.768+0000] {taskinstance.py:2306} INFO - Starting attempt 1 of 2
[2026-07-04T14:14:42.790+0000] {taskinstance.py:2330} INFO - Executing <Task(PythonOperator): download_minio> on 2026-07-04 14:13:00+00:00
[2026-07-04T14:14:42.804+0000] {standard_task_runner.py:90} INFO - Running: ['***', 'tasks', 'run', 'minio_to_snowflake_ecommerce', 'download_minio', 'scheduled__2026-07-04T14:13:00+00:00', '--job-id', '29', '--raw', '--subdir', 'DAGS_FOLDER/minio_to_snowflake_dag.py', '--cfg-path', '/tmp/tmp8q84ymwr']
[2026-07-04T14:14:42.810+0000] {standard_task_runner.py:91} INFO - Job 29: Subtask download_minio
[2026-07-04T14:14:42.810+0000] {logging_mixin.py:188} WARNING - /home/***/.local/lib/python3.12/site-packages/***/task/task_runner/standard_task_runner.py:62 DeprecationWarning: This process (pid=14966) is multi-threaded, use of fork() may lead to deadlocks in the child.
[2026-07-04T14:14:42.812+0000] {standard_task_runner.py:64} INFO - Started process 14973 to run task
[2026-07-04T14:14:42.922+0000] {task_command.py:426} INFO - Running <TaskInstance: minio_to_snowflake_ecommerce.download_minio scheduled__2026-07-04T14:13:00+00:00 [running]> on host 791512f83421
[2026-07-04T14:14:43.065+0000] {taskinstance.py:2648} INFO - Exporting env vars: AIRFLOW_CTX_DAG_OWNER='***' AIRFLOW_CTX_DAG_ID='minio_to_snowflake_ecommerce' AIRFLOW_CTX_TASK_ID='download_minio' AIRFLOW_CTX_EXECUTION_DATE='2026-07-04T14:13:00+00:00' AIRFLOW_CTX_TRY_NUMBER='1' AIRFLOW_CTX_DAG_RUN_ID='scheduled__2026-07-04T14:13:00+00:00'
[2026-07-04T14:14:43.067+0000] {taskinstance.py:430} INFO - ::endgroup::
[2026-07-04T14:14:47.594+0000] {logging_mixin.py:188} INFO - Downloaded customers/date=2026-06-17/customers_190118474101.parquet -> /tmp/minio_downloads/customers_190118474101.parquet
[2026-07-04T14:14:47.622+0000] {logging_mixin.py:188} INFO - Downloaded customers/date=2026-06-17/customers_190118558805.parquet -> /tmp/minio_downloads/customers_190118558805.parquet
[2026-07-04T14:14:47.649+0000] {logging_mixin.py:188} INFO - Downloaded customers/date=2026-06-17/customers_190118637451.parquet -> /tmp/minio_downloads/customers_190118637451.parquet
[2026-07-04T14:14:47.676+0000] {logging_mixin.py:188} INFO - Downloaded customers/date=2026-06-17/customers_190118704077.parquet -> /tmp/minio_downloads/customers_190118704077.parquet
[2026-07-04T14:14:47.705+0000] {logging_mixin.py:188} INFO - Downloaded customers/date=2026-06-17/customers_190118757294.parquet -> /tmp/minio_downloads/customers_190118757294.parquet
[2026-07-04T14:14:47.731+0000] {logging_mixin.py:188} INFO - Downloaded customers/date=2026-06-17/customers_190118804450.parquet -> /tmp/minio_downloads/customers_190118804450.parquet
[2026-07-04T14:14:47.758+0000] {logging_mixin.py:188} INFO - Downloaded customers/date=2026-06-17/customers_190118859377.parquet -> /tmp/minio_downloads/customers_190118859377.parquet
[2026-07-04T14:14:47.785+0000] {logging_mixin.py:188} INFO - Downloaded customers/date=2026-06-17/customers_190118909807.parquet -> /tmp/minio_downloads/customers_190118909807.parquet
[2026-07-04T14:14:47.812+0000] {logging_mixin.py:188} INFO - Downloaded customers/date=2026-06-17/customers_190118962070.parquet -> /tmp/minio_downloads/customers_190118962070.parquet
[2026-07-04T14:14:47.841+0000] {logging_mixin.py:188} INFO - Downloaded customers/date=2026-06-17/customers_190119013345.parquet -> /tmp/minio_downloads/customers_190119013345.parquet
[2026-07-04T14:14:47.866+0000] {logging_mixin.py:188} INFO - Downloaded customers/date=2026-06-17/customers_190119066490.parquet -> /tmp/minio_downloads/customers_190119066490.parquet
[2026-07-04T14:14:47.893+0000] {logging_mixin.py:188} INFO - Downloaded customers/date=2026-06-17/customers_190119139754.parquet -> /tmp/minio_downloads/customers_190119139754.parquet
[2026-07-04T14:14:47.919+0000] {logging_mixin.py:188} INFO - Downloaded customers/date=2026-06-17/customers_190119263543.parquet -> /tmp/minio_downloads/customers_190119263543.parquet
[2026-07-04T14:14:47.943+0000] {logging_mixin.py:188} INFO - Downloaded customers/date=2026-06-17/customers_190119390209.parquet -> /tmp/minio_downloads/customers_190119390209.parquet
[2026-07-04T14:14:47.970+0000] {logging_mixin.py:188} INFO - Downloaded customers/date=2026-06-17/customers_190119463358.parquet -> /tmp/minio_downloads/customers_190119463358.parquet
[2026-07-04T14:14:47.997+0000] {logging_mixin.py:188} INFO - Downloaded customers/date=2026-06-17/customers_190119548561.parquet -> /tmp/minio_downloads/customers_190119548561.parquet
[2026-07-04T14:14:48.022+0000] {logging_mixin.py:188} INFO - Downloaded customers/date=2026-06-17/customers_190119628300.parquet -> /tmp/minio_downloads/customers_190119628300.parquet
[2026-07-04T14:14:48.047+0000] {logging_mixin.py:188} INFO - Downloaded customers/date=2026-06-17/customers_190119731265.parquet -> /tmp/minio_downloads/customers_190119731265.parquet
[2026-07-04T14:14:48.075+0000] {logging_mixin.py:188} INFO - Downloaded customers/date=2026-06-17/customers_190119816203.parquet -> /tmp/minio_downloads/customers_190119816203.parquet
[2026-07-04T14:14:48.103+0000] {logging_mixin.py:188} INFO - Downloaded customers/date=2026-06-17/customers_190119905698.parquet -> /tmp/minio_downloads/customers_190119905698.parquet
[2026-07-04T14:14:48.131+0000] {logging_mixin.py:188} INFO - Downloaded customers/date=2026-06-17/customers_190120040271.parquet -> /tmp/minio_downloads/customers_190120040271.parquet
[2026-07-04T14:14:48.161+0000] {logging_mixin.py:188} INFO - Downloaded customers/date=2026-06-17/customers_190120132786.parquet -> /tmp/minio_downloads/customers_190120132786.parquet
[2026-07-04T14:14:48.192+0000] {logging_mixin.py:188} INFO - Downloaded customers/date=2026-06-17/customers_190120201937.parquet -> /tmp/minio_downloads/customers_190120201937.parquet
[2026-07-04T14:14:48.222+0000] {logging_mixin.py:188} INFO - Downloaded customers/date=2026-06-17/customers_190120279098.parquet -> /tmp/minio_downloads/customers_190120279098.parquet
[2026-07-04T14:14:48.252+0000] {logging_mixin.py:188} INFO - Downloaded customers/date=2026-06-17/customers_190120349697.parquet -> /tmp/minio_downloads/customers_190120349697.parquet
[2026-07-04T14:14:48.285+0000] {logging_mixin.py:188} INFO - Downloaded customers/date=2026-06-17/customers_190120432051.parquet -> /tmp/minio_downloads/customers_190120432051.parquet
[2026-07-04T14:14:48.318+0000] {logging_mixin.py:188} INFO - Downloaded customers/date=2026-06-17/customers_190120568706.parquet -> /tmp/minio_downloads/customers_190120568706.parquet
[2026-07-04T14:14:48.354+0000] {logging_mixin.py:188} INFO - Downloaded customers/date=2026-06-17/customers_190120649298.parquet -> /tmp/minio_downloads/customers_190120649298.parquet
[2026-07-04T14:14:48.386+0000] {logging_mixin.py:188} INFO - Downloaded customers/date=2026-06-17/customers_190120717788.parquet -> /tmp/minio_downloads/customers_190120717788.parquet
[2026-07-04T14:14:48.414+0000] {logging_mixin.py:188} INFO - Downloaded customers/date=2026-06-17/customers_190120785337.parquet -> /tmp/minio_downloads/customers_190120785337.parquet
[2026-07-04T14:14:48.446+0000] {logging_mixin.py:188} INFO - Downloaded customers/date=2026-06-17/customers_190120832918.parquet -> /tmp/minio_downloads/customers_190120832918.parquet
[2026-07-04T14:14:48.476+0000] {logging_mixin.py:188} INFO - Downloaded customers/date=2026-06-17/customers_190120902521.parquet -> /tmp/minio_downloads/customers_190120902521.parquet
[2026-07-04T14:14:48.505+0000] {logging_mixin.py:188} INFO - Downloaded customers/date=2026-06-17/customers_190120964409.parquet -> /tmp/minio_downloads/customers_190120964409.parquet
[2026-07-04T14:14:48.535+0000] {logging_mixin.py:188} INFO - Downloaded customers/date=2026-06-17/customers_190121020503.parquet -> /tmp/minio_downloads/customers_190121020503.parquet
[2026-07-04T14:14:48.564+0000] {logging_mixin.py:188} INFO - Downloaded customers/date=2026-06-17/customers_190121089337.parquet -> /tmp/minio_downloads/customers_190121089337.parquet
[2026-07-04T14:14:48.594+0000] {logging_mixin.py:188} INFO - Downloaded customers/date=2026-06-17/customers_190121147140.parquet -> /tmp/minio_downloads/customers_190121147140.parquet
[2026-07-04T14:14:48.620+0000] {logging_mixin.py:188} INFO - Downloaded customers/date=2026-06-17/customers_190121236766.parquet -> /tmp/minio_downloads/customers_190121236766.parquet
[2026-07-04T14:14:48.646+0000] {logging_mixin.py:188} INFO - Downloaded customers/date=2026-06-17/customers_190121314374.parquet -> /tmp/minio_downloads/customers_190121314374.parquet
[2026-07-04T14:14:48.674+0000] {logging_mixin.py:188} INFO - Downloaded customers/date=2026-06-17/customers_190121389208.parquet -> /tmp/minio_downloads/customers_190121389208.parquet
[2026-07-04T14:14:48.701+0000] {logging_mixin.py:188} INFO - Downloaded customers/date=2026-06-17/customers_190121470589.parquet -> /tmp/minio_downloads/customers_190121470589.parquet
[2026-07-04T14:14:48.728+0000] {logging_mixin.py:188} INFO - Downloaded customers/date=2026-06-17/customers_190121557173.parquet -> /tmp/minio_downloads/customers_190121557173.parquet
[2026-07-04T14:14:48.756+0000] {logging_mixin.py:188} INFO - Downloaded customers/date=2026-06-17/customers_190121635672.parquet -> /tmp/minio_downloads/customers_190121635672.parquet
[2026-07-04T14:14:48.787+0000] {logging_mixin.py:188} INFO - Downloaded customers/date=2026-06-17/customers_190121708765.parquet -> /tmp/minio_downloads/customers_190121708765.parquet
[2026-07-04T14:14:48.817+0000] {logging_mixin.py:188} INFO - Downloaded customers/date=2026-06-17/customers_190121774496.parquet -> /tmp/minio_downloads/customers_190121774496.parquet
[2026-07-04T14:14:48.846+0000] {logging_mixin.py:188} INFO - Downloaded customers/date=2026-06-17/customers_190121828872.parquet -> /tmp/minio_downloads/customers_190121828872.parquet
[2026-07-04T14:14:48.873+0000] {logging_mixin.py:188} INFO - Downloaded customers/date=2026-06-17/customers_190121884665.parquet -> /tmp/minio_downloads/customers_190121884665.parquet
[2026-07-04T14:14:48.904+0000] {logging_mixin.py:188} INFO - Downloaded customers/date=2026-06-17/customers_190121936133.parquet -> /tmp/minio_downloads/customers_190121936133.parquet
[2026-07-04T14:14:48.932+0000] {logging_mixin.py:188} INFO - Downloaded customers/date=2026-06-17/customers_190121986968.parquet -> /tmp/minio_downloads/customers_190121986968.parquet
[2026-07-04T14:14:48.961+0000] {logging_mixin.py:188} INFO - Downloaded customers/date=2026-06-17/customers_190122038502.parquet -> /tmp/minio_downloads/customers_190122038502.parquet
[2026-07-04T14:14:48.991+0000] {logging_mixin.py:188} INFO - Downloaded customers/date=2026-06-17/customers_190122087552.parquet -> /tmp/minio_downloads/customers_190122087552.parquet
[2026-07-04T14:14:49.024+0000] {logging_mixin.py:188} INFO - Downloaded customers/date=2026-06-17/customers_190122199861.parquet -> /tmp/minio_downloads/customers_190122199861.parquet
[2026-07-04T14:14:49.054+0000] {logging_mixin.py:188} INFO - Downloaded customers/date=2026-06-17/customers_190122288107.parquet -> /tmp/minio_downloads/customers_190122288107.parquet
[2026-07-04T14:14:49.088+0000] {logging_mixin.py:188} INFO - Downloaded customers/date=2026-06-17/customers_190122362702.parquet -> /tmp/minio_downloads/customers_190122362702.parquet
[2026-07-04T14:14:49.121+0000] {logging_mixin.py:188} INFO - Downloaded customers/date=2026-06-17/customers_190122426397.parquet -> /tmp/minio_downloads/customers_190122426397.parquet
[2026-07-04T14:14:49.155+0000] {logging_mixin.py:188} INFO - Downloaded customers/date=2026-06-17/customers_190122496594.parquet -> /tmp/minio_downloads/customers_190122496594.parquet
[2026-07-04T14:14:49.186+0000] {logging_mixin.py:188} INFO - Downloaded customers/date=2026-06-17/customers_190122575921.parquet -> /tmp/minio_downloads/customers_190122575921.parquet
[2026-07-04T14:14:49.216+0000] {logging_mixin.py:188} INFO - Downloaded customers/date=2026-06-17/customers_190122666732.parquet -> /tmp/minio_downloads/customers_190122666732.parquet
[2026-07-04T14:14:49.250+0000] {logging_mixin.py:188} INFO - Downloaded customers/date=2026-06-17/customers_190122744017.parquet -> /tmp/minio_downloads/customers_190122744017.parquet
[2026-07-04T14:14:49.286+0000] {logging_mixin.py:188} INFO - Downloaded customers/date=2026-06-17/customers_190122803790.parquet -> /tmp/minio_downloads/customers_190122803790.parquet
[2026-07-04T14:14:49.323+0000] {logging_mixin.py:188} INFO - Downloaded customers/date=2026-06-17/customers_190122866720.parquet -> /tmp/minio_downloads/customers_190122866720.parquet
[2026-07-04T14:14:49.375+0000] {logging_mixin.py:188} INFO - Downloaded customers/date=2026-06-17/customers_190122917755.parquet -> /tmp/minio_downloads/customers_190122917755.parquet
[2026-07-04T14:14:49.408+0000] {logging_mixin.py:188} INFO - Downloaded customers/date=2026-06-17/customers_190122965839.parquet -> /tmp/minio_downloads/customers_190122965839.parquet
[2026-07-04T14:14:49.438+0000] {logging_mixin.py:188} INFO - Downloaded customers/date=2026-06-17/customers_190123017563.parquet -> /tmp/minio_downloads/customers_190123017563.parquet
[2026-07-04T14:14:49.468+0000] {logging_mixin.py:188} INFO - Downloaded customers/date=2026-06-17/customers_190123087773.parquet -> /tmp/minio_downloads/customers_190123087773.parquet
[2026-07-04T14:14:49.501+0000] {logging_mixin.py:188} INFO - Downloaded customers/date=2026-06-17/customers_190123155911.parquet -> /tmp/minio_downloads/customers_190123155911.parquet
[2026-07-04T14:14:49.534+0000] {logging_mixin.py:188} INFO - Downloaded customers/date=2026-06-17/customers_190123225422.parquet -> /tmp/minio_downloads/customers_190123225422.parquet
[2026-07-04T14:14:49.565+0000] {logging_mixin.py:188} INFO - Downloaded customers/date=2026-06-17/customers_190123295060.parquet -> /tmp/minio_downloads/customers_190123295060.parquet
[2026-07-04T14:14:49.599+0000] {logging_mixin.py:188} INFO - Downloaded customers/date=2026-06-17/customers_190123375883.parquet -> /tmp/minio_downloads/customers_190123375883.parquet
[2026-07-04T14:14:49.629+0000] {logging_mixin.py:188} INFO - Downloaded customers/date=2026-06-17/customers_190123461445.parquet -> /tmp/minio_downloads/customers_190123461445.parquet
[2026-07-04T14:14:49.659+0000] {logging_mixin.py:188} INFO - Downloaded customers/date=2026-06-17/customers_190123549403.parquet -> /tmp/minio_downloads/customers_190123549403.parquet
[2026-07-04T14:14:49.688+0000] {logging_mixin.py:188} INFO - Downloaded customers/date=2026-06-17/customers_190123629735.parquet -> /tmp/minio_downloads/customers_190123629735.parquet
[2026-07-04T14:14:49.718+0000] {logging_mixin.py:188} INFO - Downloaded customers/date=2026-06-17/customers_190123712537.parquet -> /tmp/minio_downloads/customers_190123712537.parquet
[2026-07-04T14:14:49.749+0000] {logging_mixin.py:188} INFO - Downloaded customers/date=2026-06-17/customers_190123785855.parquet -> /tmp/minio_downloads/customers_190123785855.parquet
[2026-07-04T14:14:49.778+0000] {logging_mixin.py:188} INFO - Downloaded customers/date=2026-06-17/customers_190123852768.parquet -> /tmp/minio_downloads/customers_190123852768.parquet
[2026-07-04T14:14:49.808+0000] {logging_mixin.py:188} INFO - Downloaded customers/date=2026-06-17/customers_190123936501.parquet -> /tmp/minio_downloads/customers_190123936501.parquet
[2026-07-04T14:14:49.840+0000] {logging_mixin.py:188} INFO - Downloaded customers/date=2026-06-17/customers_190124033849.parquet -> /tmp/minio_downloads/customers_190124033849.parquet
[2026-07-04T14:14:49.871+0000] {logging_mixin.py:188} INFO - Downloaded customers/date=2026-06-17/customers_190124166322.parquet -> /tmp/minio_downloads/customers_190124166322.parquet
[2026-07-04T14:14:49.904+0000] {logging_mixin.py:188} INFO - Downloaded customers/date=2026-06-17/customers_190124239295.parquet -> /tmp/minio_downloads/customers_190124239295.parquet
[2026-07-04T14:14:49.936+0000] {logging_mixin.py:188} INFO - Downloaded customers/date=2026-06-17/customers_190124308641.parquet -> /tmp/minio_downloads/customers_190124308641.parquet
[2026-07-04T14:14:49.968+0000] {logging_mixin.py:188} INFO - Downloaded customers/date=2026-06-17/customers_190124367126.parquet -> /tmp/minio_downloads/customers_190124367126.parquet
[2026-07-04T14:14:49.998+0000] {logging_mixin.py:188} INFO - Downloaded customers/date=2026-06-17/customers_190124438120.parquet -> /tmp/minio_downloads/customers_190124438120.parquet
[2026-07-04T14:14:50.029+0000] {logging_mixin.py:188} INFO - Downloaded customers/date=2026-06-17/customers_190124506813.parquet -> /tmp/minio_downloads/customers_190124506813.parquet
[2026-07-04T14:14:50.058+0000] {logging_mixin.py:188} INFO - Downloaded customers/date=2026-06-17/customers_190124577918.parquet -> /tmp/minio_downloads/customers_190124577918.parquet
[2026-07-04T14:14:50.087+0000] {logging_mixin.py:188} INFO - Downloaded customers/date=2026-06-17/customers_190124645052.parquet -> /tmp/minio_downloads/customers_190124645052.parquet
[2026-07-04T14:14:50.116+0000] {logging_mixin.py:188} INFO - Downloaded customers/date=2026-06-17/customers_190124698144.parquet -> /tmp/minio_downloads/customers_190124698144.parquet
[2026-07-04T14:14:50.144+0000] {logging_mixin.py:188} INFO - Downloaded customers/date=2026-06-17/customers_190124750698.parquet -> /tmp/minio_downloads/customers_190124750698.parquet
[2026-07-04T14:14:50.173+0000] {logging_mixin.py:188} INFO - Downloaded customers/date=2026-06-17/customers_190124860523.parquet -> /tmp/minio_downloads/customers_190124860523.parquet
[2026-07-04T14:14:50.202+0000] {logging_mixin.py:188} INFO - Downloaded customers/date=2026-06-17/customers_190124942262.parquet -> /tmp/minio_downloads/customers_190124942262.parquet
[2026-07-04T14:14:50.232+0000] {logging_mixin.py:188} INFO - Downloaded customers/date=2026-06-17/customers_190125013131.parquet -> /tmp/minio_downloads/customers_190125013131.parquet
[2026-07-04T14:14:50.261+0000] {logging_mixin.py:188} INFO - Downloaded customers/date=2026-06-17/customers_190125105286.parquet -> /tmp/minio_downloads/customers_190125105286.parquet
[2026-07-04T14:14:50.292+0000] {logging_mixin.py:188} INFO - Downloaded customers/date=2026-06-17/customers_190125202440.parquet -> /tmp/minio_downloads/customers_190125202440.parquet
[2026-07-04T14:14:50.322+0000] {logging_mixin.py:188} INFO - Downloaded customers/date=2026-06-17/customers_190125298099.parquet -> /tmp/minio_downloads/customers_190125298099.parquet
[2026-07-04T14:14:50.353+0000] {logging_mixin.py:188} INFO - Downloaded customers/date=2026-06-17/customers_190125375584.parquet -> /tmp/minio_downloads/customers_190125375584.parquet
[2026-07-04T14:14:50.385+0000] {logging_mixin.py:188} INFO - Downloaded customers/date=2026-06-17/customers_190125437993.parquet -> /tmp/minio_downloads/customers_190125437993.parquet
[2026-07-04T14:14:50.415+0000] {logging_mixin.py:188} INFO - Downloaded customers/date=2026-06-17/customers_190125502586.parquet -> /tmp/minio_downloads/customers_190125502586.parquet
[2026-07-04T14:14:50.443+0000] {logging_mixin.py:188} INFO - Downloaded customers/date=2026-06-17/customers_190125580897.parquet -> /tmp/minio_downloads/customers_190125580897.parquet
[2026-07-04T14:14:50.471+0000] {logging_mixin.py:188} INFO - Downloaded customers/date=2026-06-17/customers_190125642474.parquet -> /tmp/minio_downloads/customers_190125642474.parquet
[2026-07-04T14:14:50.499+0000] {logging_mixin.py:188} INFO - Downloaded customers/date=2026-06-17/customers_190125701048.parquet -> /tmp/minio_downloads/customers_190125701048.parquet
[2026-07-04T14:14:50.528+0000] {logging_mixin.py:188} INFO - Downloaded customers/date=2026-06-17/customers_190125761080.parquet -> /tmp/minio_downloads/customers_190125761080.parquet
[2026-07-04T14:14:50.556+0000] {logging_mixin.py:188} INFO - Downloaded customers/date=2026-06-17/customers_190125833530.parquet -> /tmp/minio_downloads/customers_190125833530.parquet
[2026-07-04T14:14:50.584+0000] {logging_mixin.py:188} INFO - Downloaded customers/date=2026-06-17/customers_190125898658.parquet -> /tmp/minio_downloads/customers_190125898658.parquet
[2026-07-04T14:14:50.613+0000] {logging_mixin.py:188} INFO - Downloaded customers/date=2026-06-17/customers_190125975991.parquet -> /tmp/minio_downloads/customers_190125975991.parquet
[2026-07-04T14:14:50.638+0000] {logging_mixin.py:188} INFO - Downloaded customers/date=2026-06-17/customers_190126066822.parquet -> /tmp/minio_downloads/customers_190126066822.parquet
[2026-07-04T14:14:50.665+0000] {logging_mixin.py:188} INFO - Downloaded customers/date=2026-06-17/customers_190126198505.parquet -> /tmp/minio_downloads/customers_190126198505.parquet
[2026-07-04T14:14:50.692+0000] {logging_mixin.py:188} INFO - Downloaded customers/date=2026-06-17/customers_190126301475.parquet -> /tmp/minio_downloads/customers_190126301475.parquet
[2026-07-04T14:14:50.719+0000] {logging_mixin.py:188} INFO - Downloaded customers/date=2026-06-17/customers_190126398593.parquet -> /tmp/minio_downloads/customers_190126398593.parquet
[2026-07-04T14:14:50.747+0000] {logging_mixin.py:188} INFO - Downloaded customers/date=2026-06-17/customers_190126533501.parquet -> /tmp/minio_downloads/customers_190126533501.parquet
[2026-07-04T14:14:50.777+0000] {logging_mixin.py:188} INFO - Downloaded customers/date=2026-06-17/customers_190126611796.parquet -> /tmp/minio_downloads/customers_190126611796.parquet
[2026-07-04T14:14:50.807+0000] {logging_mixin.py:188} INFO - Downloaded customers/date=2026-06-17/customers_190126673708.parquet -> /tmp/minio_downloads/customers_190126673708.parquet
[2026-07-04T14:14:50.836+0000] {logging_mixin.py:188} INFO - Downloaded customers/date=2026-06-17/customers_190126725267.parquet -> /tmp/minio_downloads/customers_190126725267.parquet
[2026-07-04T14:14:50.866+0000] {logging_mixin.py:188} INFO - Downloaded customers/date=2026-06-17/customers_190126787313.parquet -> /tmp/minio_downloads/customers_190126787313.parquet
[2026-07-04T14:14:50.896+0000] {logging_mixin.py:188} INFO - Downloaded customers/date=2026-06-17/customers_190126855392.parquet -> /tmp/minio_downloads/customers_190126855392.parquet
[2026-07-04T14:14:50.925+0000] {logging_mixin.py:188} INFO - Downloaded customers/date=2026-06-17/customers_190126906171.parquet -> /tmp/minio_downloads/customers_190126906171.parquet
[2026-07-04T14:14:50.953+0000] {logging_mixin.py:188} INFO - Downloaded customers/date=2026-06-17/customers_190126961049.parquet -> /tmp/minio_downloads/customers_190126961049.parquet
[2026-07-04T14:14:50.982+0000] {logging_mixin.py:188} INFO - Downloaded customers/date=2026-06-17/customers_190127014299.parquet -> /tmp/minio_downloads/customers_190127014299.parquet
[2026-07-04T14:14:51.014+0000] {logging_mixin.py:188} INFO - Downloaded customers/date=2026-06-17/customers_190127077863.parquet -> /tmp/minio_downloads/customers_190127077863.parquet
[2026-07-04T14:14:51.042+0000] {logging_mixin.py:188} INFO - Downloaded customers/date=2026-06-17/customers_190127230270.parquet -> /tmp/minio_downloads/customers_190127230270.parquet
[2026-07-04T14:14:51.073+0000] {logging_mixin.py:188} INFO - Downloaded customers/date=2026-06-17/customers_190127379217.parquet -> /tmp/minio_downloads/customers_190127379217.parquet
[2026-07-04T14:14:51.105+0000] {logging_mixin.py:188} INFO - Downloaded customers/date=2026-06-17/customers_190127480731.parquet -> /tmp/minio_downloads/customers_190127480731.parquet
[2026-07-04T14:14:51.141+0000] {logging_mixin.py:188} INFO - Downloaded customers/date=2026-06-17/customers_190127588343.parquet -> /tmp/minio_downloads/customers_190127588343.parquet
[2026-07-04T14:14:51.170+0000] {logging_mixin.py:188} INFO - Downloaded customers/date=2026-06-17/customers_190127655023.parquet -> /tmp/minio_downloads/customers_190127655023.parquet
[2026-07-04T14:14:51.206+0000] {logging_mixin.py:188} INFO - Downloaded customers/date=2026-06-17/customers_190127718661.parquet -> /tmp/minio_downloads/customers_190127718661.parquet
[2026-07-04T14:14:51.236+0000] {logging_mixin.py:188} INFO - Downloaded customers/date=2026-06-17/customers_190127807503.parquet -> /tmp/minio_downloads/customers_190127807503.parquet
[2026-07-04T14:14:51.272+0000] {logging_mixin.py:188} INFO - Downloaded customers/date=2026-06-17/customers_190127875342.parquet -> /tmp/minio_downloads/customers_190127875342.parquet
[2026-07-04T14:14:51.312+0000] {logging_mixin.py:188} INFO - Downloaded customers/date=2026-06-17/customers_190127934037.parquet -> /tmp/minio_downloads/customers_190127934037.parquet
[2026-07-04T14:14:51.345+0000] {logging_mixin.py:188} INFO - Downloaded customers/date=2026-06-17/customers_190127986063.parquet -> /tmp/minio_downloads/customers_190127986063.parquet
[2026-07-04T14:14:51.376+0000] {logging_mixin.py:188} INFO - Downloaded customers/date=2026-06-17/customers_190128037403.parquet -> /tmp/minio_downloads/customers_190128037403.parquet
[2026-07-04T14:14:51.415+0000] {logging_mixin.py:188} INFO - Downloaded customers/date=2026-06-17/customers_190128094155.parquet -> /tmp/minio_downloads/customers_190128094155.parquet
[2026-07-04T14:14:51.451+0000] {logging_mixin.py:188} INFO - Downloaded customers/date=2026-06-17/customers_190128153350.parquet -> /tmp/minio_downloads/customers_190128153350.parquet
[2026-07-04T14:14:51.489+0000] {logging_mixin.py:188} INFO - Downloaded customers/date=2026-06-17/customers_190128208574.parquet -> /tmp/minio_downloads/customers_190128208574.parquet
[2026-07-04T14:14:51.527+0000] {logging_mixin.py:188} INFO - Downloaded customers/date=2026-06-17/customers_190128269321.parquet -> /tmp/minio_downloads/customers_190128269321.parquet
[2026-07-04T14:14:51.570+0000] {logging_mixin.py:188} INFO - Downloaded customers/date=2026-06-17/customers_190128431709.parquet -> /tmp/minio_downloads/customers_190128431709.parquet
[2026-07-04T14:14:51.609+0000] {logging_mixin.py:188} INFO - Downloaded customers/date=2026-06-17/customers_190128531915.parquet -> /tmp/minio_downloads/customers_190128531915.parquet
[2026-07-04T14:14:51.639+0000] {logging_mixin.py:188} INFO - Downloaded customers/date=2026-06-17/customers_190128627723.parquet -> /tmp/minio_downloads/customers_190128627723.parquet
[2026-07-04T14:14:51.673+0000] {logging_mixin.py:188} INFO - Downloaded customers/date=2026-06-17/customers_190128728340.parquet -> /tmp/minio_downloads/customers_190128728340.parquet
[2026-07-04T14:14:51.705+0000] {logging_mixin.py:188} INFO - Downloaded customers/date=2026-06-17/customers_190128798458.parquet -> /tmp/minio_downloads/customers_190128798458.parquet
[2026-07-04T14:14:51.737+0000] {logging_mixin.py:188} INFO - Downloaded customers/date=2026-06-17/customers_190128859676.parquet -> /tmp/minio_downloads/customers_190128859676.parquet
[2026-07-04T14:14:51.769+0000] {logging_mixin.py:188} INFO - Downloaded customers/date=2026-06-17/customers_190128933072.parquet -> /tmp/minio_downloads/customers_190128933072.parquet
[2026-07-04T14:14:51.801+0000] {logging_mixin.py:188} INFO - Downloaded customers/date=2026-06-17/customers_190129009410.parquet -> /tmp/minio_downloads/customers_190129009410.parquet
[2026-07-04T14:14:51.837+0000] {logging_mixin.py:188} INFO - Downloaded customers/date=2026-06-17/customers_190129066318.parquet -> /tmp/minio_downloads/customers_190129066318.parquet
[2026-07-04T14:14:51.871+0000] {logging_mixin.py:188} INFO - Downloaded customers/date=2026-06-17/customers_190129134200.parquet -> /tmp/minio_downloads/customers_190129134200.parquet
[2026-07-04T14:14:51.904+0000] {logging_mixin.py:188} INFO - Downloaded customers/date=2026-06-17/customers_190129228717.parquet -> /tmp/minio_downloads/customers_190129228717.parquet
[2026-07-04T14:14:51.935+0000] {logging_mixin.py:188} INFO - Downloaded customers/date=2026-06-17/customers_190129346180.parquet -> /tmp/minio_downloads/customers_190129346180.parquet
[2026-07-04T14:14:51.962+0000] {logging_mixin.py:188} INFO - Downloaded customers/date=2026-06-17/customers_190129451553.parquet -> /tmp/minio_downloads/customers_190129451553.parquet
[2026-07-04T14:14:51.990+0000] {logging_mixin.py:188} INFO - Downloaded customers/date=2026-06-17/customers_190129526392.parquet -> /tmp/minio_downloads/customers_190129526392.parquet
[2026-07-04T14:14:52.019+0000] {logging_mixin.py:188} INFO - Downloaded customers/date=2026-06-17/customers_190129605212.parquet -> /tmp/minio_downloads/customers_190129605212.parquet
[2026-07-04T14:14:52.050+0000] {logging_mixin.py:188} INFO - Downloaded customers/date=2026-06-17/customers_190129695196.parquet -> /tmp/minio_downloads/customers_190129695196.parquet
[2026-07-04T14:14:52.084+0000] {logging_mixin.py:188} INFO - Downloaded customers/date=2026-06-17/customers_190129776918.parquet -> /tmp/minio_downloads/customers_190129776918.parquet
[2026-07-04T14:14:52.129+0000] {logging_mixin.py:188} INFO - Downloaded customers/date=2026-06-17/customers_190129832175.parquet -> /tmp/minio_downloads/customers_190129832175.parquet
[2026-07-04T14:14:52.178+0000] {logging_mixin.py:188} INFO - Downloaded customers/date=2026-06-17/customers_190129890474.parquet -> /tmp/minio_downloads/customers_190129890474.parquet
[2026-07-04T14:14:52.227+0000] {logging_mixin.py:188} INFO - Downloaded customers/date=2026-06-17/customers_190129953507.parquet -> /tmp/minio_downloads/customers_190129953507.parquet
[2026-07-04T14:14:52.273+0000] {logging_mixin.py:188} INFO - Downloaded customers/date=2026-06-17/customers_190130013760.parquet -> /tmp/minio_downloads/customers_190130013760.parquet
[2026-07-04T14:14:52.309+0000] {logging_mixin.py:188} INFO - Downloaded customers/date=2026-06-17/customers_190130073802.parquet -> /tmp/minio_downloads/customers_190130073802.parquet
[2026-07-04T14:14:52.342+0000] {logging_mixin.py:188} INFO - Downloaded customers/date=2026-06-17/customers_190130138955.parquet -> /tmp/minio_downloads/customers_190130138955.parquet
[2026-07-04T14:14:52.374+0000] {logging_mixin.py:188} INFO - Downloaded customers/date=2026-06-17/customers_190130228190.parquet -> /tmp/minio_downloads/customers_190130228190.parquet
[2026-07-04T14:14:52.405+0000] {logging_mixin.py:188} INFO - Downloaded customers/date=2026-06-17/customers_190130320235.parquet -> /tmp/minio_downloads/customers_190130320235.parquet
[2026-07-04T14:14:52.435+0000] {logging_mixin.py:188} INFO - Downloaded customers/date=2026-06-17/customers_190130463414.parquet -> /tmp/minio_downloads/customers_190130463414.parquet
[2026-07-04T14:14:52.464+0000] {logging_mixin.py:188} INFO - Downloaded customers/date=2026-06-17/customers_190130642884.parquet -> /tmp/minio_downloads/customers_190130642884.parquet
[2026-07-04T14:14:52.493+0000] {logging_mixin.py:188} INFO - Downloaded customers/date=2026-06-17/customers_190130717184.parquet -> /tmp/minio_downloads/customers_190130717184.parquet
[2026-07-04T14:14:52.522+0000] {logging_mixin.py:188} INFO - Downloaded customers/date=2026-06-17/customers_190130808820.parquet -> /tmp/minio_downloads/customers_190130808820.parquet
[2026-07-04T14:14:52.551+0000] {logging_mixin.py:188} INFO - Downloaded customers/date=2026-06-17/customers_190130916199.parquet -> /tmp/minio_downloads/customers_190130916199.parquet
[2026-07-04T14:14:52.580+0000] {logging_mixin.py:188} INFO - Downloaded customers/date=2026-06-17/customers_190131003963.parquet -> /tmp/minio_downloads/customers_190131003963.parquet
[2026-07-04T14:14:52.611+0000] {logging_mixin.py:188} INFO - Downloaded customers/date=2026-06-17/customers_190131072490.parquet -> /tmp/minio_downloads/customers_190131072490.parquet
[2026-07-04T14:14:52.640+0000] {logging_mixin.py:188} INFO - Downloaded customers/date=2026-06-17/customers_190131132290.parquet -> /tmp/minio_downloads/customers_190131132290.parquet
[2026-07-04T14:14:52.678+0000] {logging_mixin.py:188} INFO - Downloaded customers/date=2026-06-17/customers_190131197231.parquet -> /tmp/minio_downloads/customers_190131197231.parquet
[2026-07-04T14:14:52.717+0000] {logging_mixin.py:188} INFO - Downloaded customers/date=2026-06-17/customers_190131284048.parquet -> /tmp/minio_downloads/customers_190131284048.parquet
[2026-07-04T14:14:52.760+0000] {logging_mixin.py:188} INFO - Downloaded customers/date=2026-06-17/customers_190131351632.parquet -> /tmp/minio_downloads/customers_190131351632.parquet
[2026-07-04T14:14:52.800+0000] {logging_mixin.py:188} INFO - Downloaded customers/date=2026-06-17/customers_190131412820.parquet -> /tmp/minio_downloads/customers_190131412820.parquet
[2026-07-04T14:14:52.836+0000] {logging_mixin.py:188} INFO - Downloaded customers/date=2026-06-17/customers_190131477522.parquet -> /tmp/minio_downloads/customers_190131477522.parquet
[2026-07-04T14:14:52.867+0000] {logging_mixin.py:188} INFO - Downloaded customers/date=2026-06-17/customers_190131556821.parquet -> /tmp/minio_downloads/customers_190131556821.parquet
[2026-07-04T14:14:52.903+0000] {logging_mixin.py:188} INFO - Downloaded customers/date=2026-06-17/customers_190131630829.parquet -> /tmp/minio_downloads/customers_190131630829.parquet
[2026-07-04T14:14:52.939+0000] {logging_mixin.py:188} INFO - Downloaded customers/date=2026-06-17/customers_190131759153.parquet -> /tmp/minio_downloads/customers_190131759153.parquet
[2026-07-04T14:14:52.982+0000] {logging_mixin.py:188} INFO - Downloaded customers/date=2026-06-17/customers_190131874052.parquet -> /tmp/minio_downloads/customers_190131874052.parquet
[2026-07-04T14:14:53.027+0000] {logging_mixin.py:188} INFO - Downloaded customers/date=2026-06-17/customers_190131957224.parquet -> /tmp/minio_downloads/customers_190131957224.parquet
[2026-07-04T14:14:53.067+0000] {logging_mixin.py:188} INFO - Downloaded customers/date=2026-06-17/customers_190132020731.parquet -> /tmp/minio_downloads/customers_190132020731.parquet
[2026-07-04T14:14:53.099+0000] {logging_mixin.py:188} INFO - Downloaded customers/date=2026-06-17/customers_190132095530.parquet -> /tmp/minio_downloads/customers_190132095530.parquet
[2026-07-04T14:14:53.130+0000] {logging_mixin.py:188} INFO - Downloaded customers/date=2026-06-17/customers_190132190842.parquet -> /tmp/minio_downloads/customers_190132190842.parquet
[2026-07-04T14:14:53.163+0000] {logging_mixin.py:188} INFO - Downloaded customers/date=2026-06-17/customers_190132257908.parquet -> /tmp/minio_downloads/customers_190132257908.parquet
[2026-07-04T14:14:53.201+0000] {logging_mixin.py:188} INFO - Downloaded customers/date=2026-06-17/customers_190132336735.parquet -> /tmp/minio_downloads/customers_190132336735.parquet
[2026-07-04T14:14:53.235+0000] {logging_mixin.py:188} INFO - Downloaded customers/date=2026-06-17/customers_190132397476.parquet -> /tmp/minio_downloads/customers_190132397476.parquet
[2026-07-04T14:14:53.268+0000] {logging_mixin.py:188} INFO - Downloaded customers/date=2026-06-17/customers_190132457332.parquet -> /tmp/minio_downloads/customers_190132457332.parquet
[2026-07-04T14:14:53.301+0000] {logging_mixin.py:188} INFO - Downloaded customers/date=2026-06-17/customers_190132511945.parquet -> /tmp/minio_downloads/customers_190132511945.parquet
[2026-07-04T14:14:53.333+0000] {logging_mixin.py:188} INFO - Downloaded customers/date=2026-06-17/customers_190132569070.parquet -> /tmp/minio_downloads/customers_190132569070.parquet
[2026-07-04T14:14:53.361+0000] {logging_mixin.py:188} INFO - Downloaded customers/date=2026-06-17/customers_190132629049.parquet -> /tmp/minio_downloads/customers_190132629049.parquet
[2026-07-04T14:14:53.391+0000] {logging_mixin.py:188} INFO - Downloaded customers/date=2026-06-17/customers_190132688276.parquet -> /tmp/minio_downloads/customers_190132688276.parquet
[2026-07-04T14:14:53.419+0000] {logging_mixin.py:188} INFO - Downloaded customers/date=2026-06-17/customers_190132778792.parquet -> /tmp/minio_downloads/customers_190132778792.parquet
[2026-07-04T14:14:53.449+0000] {logging_mixin.py:188} INFO - Downloaded customers/date=2026-06-17/customers_190132897929.parquet -> /tmp/minio_downloads/customers_190132897929.parquet
[2026-07-04T14:14:53.477+0000] {logging_mixin.py:188} INFO - Downloaded customers/date=2026-06-17/customers_190132989487.parquet -> /tmp/minio_downloads/customers_190132989487.parquet
[2026-07-04T14:14:53.508+0000] {logging_mixin.py:188} INFO - Downloaded customers/date=2026-06-17/customers_190133056824.parquet -> /tmp/minio_downloads/customers_190133056824.parquet
[2026-07-04T14:14:53.546+0000] {logging_mixin.py:188} INFO - Downloaded customers/date=2026-06-17/customers_190133121817.parquet -> /tmp/minio_downloads/customers_190133121817.parquet
[2026-07-04T14:14:53.578+0000] {logging_mixin.py:188} INFO - Downloaded customers/date=2026-06-17/customers_190133207008.parquet -> /tmp/minio_downloads/customers_190133207008.parquet
[2026-07-04T14:14:53.619+0000] {logging_mixin.py:188} INFO - Downloaded customers/date=2026-06-17/customers_190133294815.parquet -> /tmp/minio_downloads/customers_190133294815.parquet
[2026-07-04T14:14:53.653+0000] {logging_mixin.py:188} INFO - Downloaded customers/date=2026-06-17/customers_190133373555.parquet -> /tmp/minio_downloads/customers_190133373555.parquet
[2026-07-04T14:14:53.685+0000] {logging_mixin.py:188} INFO - Downloaded customers/date=2026-06-17/customers_190133435257.parquet -> /tmp/minio_downloads/customers_190133435257.parquet
[2026-07-04T14:14:53.718+0000] {logging_mixin.py:188} INFO - Downloaded customers/date=2026-06-17/customers_190133483896.parquet -> /tmp/minio_downloads/customers_190133483896.parquet
[2026-07-04T14:14:53.749+0000] {logging_mixin.py:188} INFO - Downloaded customers/date=2026-06-17/customers_190133536221.parquet -> /tmp/minio_downloads/customers_190133536221.parquet
[2026-07-04T14:14:53.783+0000] {logging_mixin.py:188} INFO - Downloaded customers/date=2026-06-17/customers_190133607984.parquet -> /tmp/minio_downloads/customers_190133607984.parquet
[2026-07-04T14:14:53.814+0000] {logging_mixin.py:188} INFO - Downloaded customers/date=2026-06-17/customers_190133687814.parquet -> /tmp/minio_downloads/customers_190133687814.parquet
[2026-07-04T14:14:53.846+0000] {logging_mixin.py:188} INFO - Downloaded customers/date=2026-06-17/customers_190133755829.parquet -> /tmp/minio_downloads/customers_190133755829.parquet
[2026-07-04T14:14:53.878+0000] {logging_mixin.py:188} INFO - Downloaded customers/date=2026-06-17/customers_190133820634.parquet -> /tmp/minio_downloads/customers_190133820634.parquet
[2026-07-04T14:14:53.910+0000] {logging_mixin.py:188} INFO - Downloaded customers/date=2026-06-17/customers_190133887302.parquet -> /tmp/minio_downloads/customers_190133887302.parquet
[2026-07-04T14:14:53.943+0000] {logging_mixin.py:188} INFO - Downloaded customers/date=2026-06-17/customers_190133997058.parquet -> /tmp/minio_downloads/customers_190133997058.parquet
[2026-07-04T14:14:53.977+0000] {logging_mixin.py:188} INFO - Downloaded customers/date=2026-06-17/customers_190134107120.parquet -> /tmp/minio_downloads/customers_190134107120.parquet
[2026-07-04T14:14:54.010+0000] {logging_mixin.py:188} INFO - Downloaded customers/date=2026-06-17/customers_190134177669.parquet -> /tmp/minio_downloads/customers_190134177669.parquet
[2026-07-04T14:14:54.043+0000] {logging_mixin.py:188} INFO - Downloaded customers/date=2026-06-17/customers_190134250035.parquet -> /tmp/minio_downloads/customers_190134250035.parquet
[2026-07-04T14:14:54.076+0000] {logging_mixin.py:188} INFO - Downloaded customers/date=2026-06-17/customers_190134360713.parquet -> /tmp/minio_downloads/customers_190134360713.parquet
[2026-07-04T14:14:54.107+0000] {logging_mixin.py:188} INFO - Downloaded customers/date=2026-06-17/customers_190134433874.parquet -> /tmp/minio_downloads/customers_190134433874.parquet
[2026-07-04T14:14:54.139+0000] {logging_mixin.py:188} INFO - Downloaded customers/date=2026-06-17/customers_190134494634.parquet -> /tmp/minio_downloads/customers_190134494634.parquet
[2026-07-04T14:14:54.177+0000] {logging_mixin.py:188} INFO - Downloaded customers/date=2026-06-17/customers_190134552884.parquet -> /tmp/minio_downloads/customers_190134552884.parquet
[2026-07-04T14:14:54.215+0000] {logging_mixin.py:188} INFO - Downloaded customers/date=2026-06-17/customers_190134677072.parquet -> /tmp/minio_downloads/customers_190134677072.parquet
[2026-07-04T14:14:54.255+0000] {logging_mixin.py:188} INFO - Downloaded customers/date=2026-06-17/customers_190134754871.parquet -> /tmp/minio_downloads/customers_190134754871.parquet
[2026-07-04T14:14:54.290+0000] {logging_mixin.py:188} INFO - Downloaded customers/date=2026-06-17/customers_190134813898.parquet -> /tmp/minio_downloads/customers_190134813898.parquet
[2026-07-04T14:14:54.330+0000] {logging_mixin.py:188} INFO - Downloaded customers/date=2026-06-17/customers_190134868592.parquet -> /tmp/minio_downloads/customers_190134868592.parquet
[2026-07-04T14:14:54.362+0000] {logging_mixin.py:188} INFO - Downloaded customers/date=2026-06-17/customers_190134926130.parquet -> /tmp/minio_downloads/customers_190134926130.parquet
[2026-07-04T14:14:54.396+0000] {logging_mixin.py:188} INFO - Downloaded customers/date=2026-06-17/customers_190134999617.parquet -> /tmp/minio_downloads/customers_190134999617.parquet
[2026-07-04T14:14:54.430+0000] {logging_mixin.py:188} INFO - Downloaded customers/date=2026-06-17/customers_190135107340.parquet -> /tmp/minio_downloads/customers_190135107340.parquet
[2026-07-04T14:14:54.462+0000] {logging_mixin.py:188} INFO - Downloaded customers/date=2026-06-17/customers_190135172475.parquet -> /tmp/minio_downloads/customers_190135172475.parquet
[2026-07-04T14:14:54.494+0000] {logging_mixin.py:188} INFO - Downloaded customers/date=2026-06-17/customers_190135244286.parquet -> /tmp/minio_downloads/customers_190135244286.parquet
[2026-07-04T14:14:54.525+0000] {logging_mixin.py:188} INFO - Downloaded customers/date=2026-06-17/customers_190135325711.parquet -> /tmp/minio_downloads/customers_190135325711.parquet
[2026-07-04T14:14:54.560+0000] {logging_mixin.py:188} INFO - Downloaded customers/date=2026-06-17/customers_190135429417.parquet -> /tmp/minio_downloads/customers_190135429417.parquet
[2026-07-04T14:14:54.602+0000] {logging_mixin.py:188} INFO - Downloaded customers/date=2026-06-17/customers_190135510140.parquet -> /tmp/minio_downloads/customers_190135510140.parquet
[2026-07-04T14:14:54.643+0000] {logging_mixin.py:188} INFO - Downloaded customers/date=2026-06-17/customers_190135568172.parquet -> /tmp/minio_downloads/customers_190135568172.parquet
[2026-07-04T14:14:54.687+0000] {logging_mixin.py:188} INFO - Downloaded customers/date=2026-06-17/customers_190135623504.parquet -> /tmp/minio_downloads/customers_190135623504.parquet
[2026-07-04T14:14:54.726+0000] {logging_mixin.py:188} INFO - Downloaded customers/date=2026-06-17/customers_190135674345.parquet -> /tmp/minio_downloads/customers_190135674345.parquet
[2026-07-04T14:14:54.768+0000] {logging_mixin.py:188} INFO - Downloaded customers/date=2026-06-17/customers_190135739430.parquet -> /tmp/minio_downloads/customers_190135739430.parquet
[2026-07-04T14:14:54.809+0000] {logging_mixin.py:188} INFO - Downloaded customers/date=2026-06-17/customers_190135807360.parquet -> /tmp/minio_downloads/customers_190135807360.parquet
[2026-07-04T14:14:54.858+0000] {logging_mixin.py:188} INFO - Downloaded customers/date=2026-06-17/customers_190135888235.parquet -> /tmp/minio_downloads/customers_190135888235.parquet
[2026-07-04T14:14:54.895+0000] {logging_mixin.py:188} INFO - Downloaded customers/date=2026-06-17/customers_190135947589.parquet -> /tmp/minio_downloads/customers_190135947589.parquet
[2026-07-04T14:14:54.935+0000] {logging_mixin.py:188} INFO - Downloaded customers/date=2026-06-17/customers_190135998103.parquet -> /tmp/minio_downloads/customers_190135998103.parquet
[2026-07-04T14:14:54.976+0000] {logging_mixin.py:188} INFO - Downloaded customers/date=2026-06-17/customers_190136061849.parquet -> /tmp/minio_downloads/customers_190136061849.parquet
[2026-07-04T14:14:55.015+0000] {logging_mixin.py:188} INFO - Downloaded customers/date=2026-06-17/customers_190136167996.parquet -> /tmp/minio_downloads/customers_190136167996.parquet
[2026-07-04T14:14:55.054+0000] {logging_mixin.py:188} INFO - Downloaded customers/date=2026-06-17/customers_190136257354.parquet -> /tmp/minio_downloads/customers_190136257354.parquet
[2026-07-04T14:14:55.088+0000] {logging_mixin.py:188} INFO - Downloaded customers/date=2026-06-17/customers_190136337224.parquet -> /tmp/minio_downloads/customers_190136337224.parquet
[2026-07-04T14:14:55.124+0000] {logging_mixin.py:188} INFO - Downloaded customers/date=2026-06-17/customers_190136431571.parquet -> /tmp/minio_downloads/customers_190136431571.parquet
[2026-07-04T14:14:55.175+0000] {logging_mixin.py:188} INFO - Downloaded customers/date=2026-06-17/customers_190136503854.parquet -> /tmp/minio_downloads/customers_190136503854.parquet
[2026-07-04T14:14:55.220+0000] {logging_mixin.py:188} INFO - Downloaded customers/date=2026-06-17/customers_190136560538.parquet -> /tmp/minio_downloads/customers_190136560538.parquet
[2026-07-04T14:14:55.263+0000] {logging_mixin.py:188} INFO - Downloaded customers/date=2026-06-17/customers_190136621534.parquet -> /tmp/minio_downloads/customers_190136621534.parquet
[2026-07-04T14:14:55.304+0000] {logging_mixin.py:188} INFO - Downloaded customers/date=2026-06-17/customers_190136680399.parquet -> /tmp/minio_downloads/customers_190136680399.parquet
[2026-07-04T14:14:55.344+0000] {logging_mixin.py:188} INFO - Downloaded customers/date=2026-06-17/customers_190136741933.parquet -> /tmp/minio_downloads/customers_190136741933.parquet
[2026-07-04T14:14:55.381+0000] {logging_mixin.py:188} INFO - Downloaded customers/date=2026-06-17/customers_190136820157.parquet -> /tmp/minio_downloads/customers_190136820157.parquet
[2026-07-04T14:14:55.420+0000] {logging_mixin.py:188} INFO - Downloaded customers/date=2026-06-17/customers_190136887851.parquet -> /tmp/minio_downloads/customers_190136887851.parquet
[2026-07-04T14:14:55.459+0000] {logging_mixin.py:188} INFO - Downloaded customers/date=2026-06-17/customers_190136946066.parquet -> /tmp/minio_downloads/customers_190136946066.parquet
[2026-07-04T14:14:55.497+0000] {logging_mixin.py:188} INFO - Downloaded customers/date=2026-06-17/customers_190137004434.parquet -> /tmp/minio_downloads/customers_190137004434.parquet
[2026-07-04T14:14:55.535+0000] {logging_mixin.py:188} INFO - Downloaded customers/date=2026-06-17/customers_190137101677.parquet -> /tmp/minio_downloads/customers_190137101677.parquet
[2026-07-04T14:14:55.571+0000] {logging_mixin.py:188} INFO - Downloaded customers/date=2026-06-17/customers_190137255608.parquet -> /tmp/minio_downloads/customers_190137255608.parquet
[2026-07-04T14:14:55.609+0000] {logging_mixin.py:188} INFO - Downloaded customers/date=2026-06-17/customers_190137346229.parquet -> /tmp/minio_downloads/customers_190137346229.parquet
[2026-07-04T14:14:55.646+0000] {logging_mixin.py:188} INFO - Downloaded customers/date=2026-06-17/customers_190137423200.parquet -> /tmp/minio_downloads/customers_190137423200.parquet
[2026-07-04T14:14:55.682+0000] {logging_mixin.py:188} INFO - Downloaded customers/date=2026-06-17/customers_190137525213.parquet -> /tmp/minio_downloads/customers_190137525213.parquet
[2026-07-04T14:14:55.717+0000] {logging_mixin.py:188} INFO - Downloaded customers/date=2026-06-17/customers_190137610662.parquet -> /tmp/minio_downloads/customers_190137610662.parquet
[2026-07-04T14:14:55.759+0000] {logging_mixin.py:188} INFO - Downloaded customers/date=2026-06-17/customers_190137678559.parquet -> /tmp/minio_downloads/customers_190137678559.parquet
[2026-07-04T14:14:55.800+0000] {logging_mixin.py:188} INFO - Downloaded customers/date=2026-06-17/customers_190137736461.parquet -> /tmp/minio_downloads/customers_190137736461.parquet
[2026-07-04T14:14:55.842+0000] {logging_mixin.py:188} INFO - Downloaded customers/date=2026-06-17/customers_190137787947.parquet -> /tmp/minio_downloads/customers_190137787947.parquet
[2026-07-04T14:14:55.891+0000] {logging_mixin.py:188} INFO - Downloaded customers/date=2026-06-17/customers_190137839219.parquet -> /tmp/minio_downloads/customers_190137839219.parquet
[2026-07-04T14:14:55.933+0000] {logging_mixin.py:188} INFO - Downloaded customers/date=2026-06-17/customers_190137888382.parquet -> /tmp/minio_downloads/customers_190137888382.parquet
[2026-07-04T14:14:55.973+0000] {logging_mixin.py:188} INFO - Downloaded customers/date=2026-06-17/customers_190137935832.parquet -> /tmp/minio_downloads/customers_190137935832.parquet
[2026-07-04T14:14:56.015+0000] {logging_mixin.py:188} INFO - Downloaded customers/date=2026-06-17/customers_190137986486.parquet -> /tmp/minio_downloads/customers_190137986486.parquet
[2026-07-04T14:14:56.057+0000] {logging_mixin.py:188} INFO - Downloaded customers/date=2026-06-17/customers_190138038505.parquet -> /tmp/minio_downloads/customers_190138038505.parquet
[2026-07-04T14:14:56.098+0000] {logging_mixin.py:188} INFO - Downloaded customers/date=2026-06-17/customers_190138107616.parquet -> /tmp/minio_downloads/customers_190138107616.parquet
[2026-07-04T14:14:56.138+0000] {logging_mixin.py:188} INFO - Downloaded customers/date=2026-06-17/customers_190138169555.parquet -> /tmp/minio_downloads/customers_190138169555.parquet
[2026-07-04T14:14:56.174+0000] {logging_mixin.py:188} INFO - Downloaded customers/date=2026-06-17/customers_190138226465.parquet -> /tmp/minio_downloads/customers_190138226465.parquet
[2026-07-04T14:14:56.213+0000] {logging_mixin.py:188} INFO - Downloaded customers/date=2026-06-17/customers_190138304921.parquet -> /tmp/minio_downloads/customers_190138304921.parquet
[2026-07-04T14:14:56.248+0000] {logging_mixin.py:188} INFO - Downloaded customers/date=2026-06-17/customers_190138364174.parquet -> /tmp/minio_downloads/customers_190138364174.parquet
[2026-07-04T14:14:56.290+0000] {logging_mixin.py:188} INFO - Downloaded customers/date=2026-06-17/customers_190138432863.parquet -> /tmp/minio_downloads/customers_190138432863.parquet
[2026-07-04T14:14:56.331+0000] {logging_mixin.py:188} INFO - Downloaded customers/date=2026-06-17/customers_190138495682.parquet -> /tmp/minio_downloads/customers_190138495682.parquet
[2026-07-04T14:14:56.370+0000] {logging_mixin.py:188} INFO - Downloaded customers/date=2026-06-17/customers_190138578969.parquet -> /tmp/minio_downloads/customers_190138578969.parquet
[2026-07-04T14:14:56.403+0000] {logging_mixin.py:188} INFO - Downloaded customers/date=2026-06-17/customers_190138651839.parquet -> /tmp/minio_downloads/customers_190138651839.parquet
[2026-07-04T14:14:56.438+0000] {logging_mixin.py:188} INFO - Downloaded customers/date=2026-06-17/customers_190138721874.parquet -> /tmp/minio_downloads/customers_190138721874.parquet
[2026-07-04T14:14:56.473+0000] {logging_mixin.py:188} INFO - Downloaded customers/date=2026-06-17/customers_190138789535.parquet -> /tmp/minio_downloads/customers_190138789535.parquet
[2026-07-04T14:14:56.507+0000] {logging_mixin.py:188} INFO - Downloaded customers/date=2026-06-17/customers_190138845434.parquet -> /tmp/minio_downloads/customers_190138845434.parquet
[2026-07-04T14:14:56.539+0000] {logging_mixin.py:188} INFO - Downloaded customers/date=2026-06-17/customers_190138905662.parquet -> /tmp/minio_downloads/customers_190138905662.parquet
[2026-07-04T14:14:56.570+0000] {logging_mixin.py:188} INFO - Downloaded customers/date=2026-06-17/customers_190138968687.parquet -> /tmp/minio_downloads/customers_190138968687.parquet
[2026-07-04T14:14:56.602+0000] {logging_mixin.py:188} INFO - Downloaded customers/date=2026-06-17/customers_190139031810.parquet -> /tmp/minio_downloads/customers_190139031810.parquet
[2026-07-04T14:14:56.636+0000] {logging_mixin.py:188} INFO - Downloaded customers/date=2026-06-17/customers_190139087380.parquet -> /tmp/minio_downloads/customers_190139087380.parquet
[2026-07-04T14:14:56.669+0000] {logging_mixin.py:188} INFO - Downloaded customers/date=2026-06-17/customers_190139142629.parquet -> /tmp/minio_downloads/customers_190139142629.parquet
[2026-07-04T14:14:56.702+0000] {logging_mixin.py:188} INFO - Downloaded customers/date=2026-06-17/customers_190139224460.parquet -> /tmp/minio_downloads/customers_190139224460.parquet
[2026-07-04T14:14:56.738+0000] {logging_mixin.py:188} INFO - Downloaded customers/date=2026-06-17/customers_190139336847.parquet -> /tmp/minio_downloads/customers_190139336847.parquet
[2026-07-04T14:14:56.773+0000] {logging_mixin.py:188} INFO - Downloaded customers/date=2026-06-17/customers_190139446805.parquet -> /tmp/minio_downloads/customers_190139446805.parquet
[2026-07-04T14:14:56.811+0000] {logging_mixin.py:188} INFO - Downloaded customers/date=2026-06-17/customers_190139537292.parquet -> /tmp/minio_downloads/customers_190139537292.parquet
[2026-07-04T14:14:56.862+0000] {logging_mixin.py:188} INFO - Downloaded customers/date=2026-06-17/customers_190139614237.parquet -> /tmp/minio_downloads/customers_190139614237.parquet
[2026-07-04T14:14:56.896+0000] {logging_mixin.py:188} INFO - Downloaded customers/date=2026-06-17/customers_190139685084.parquet -> /tmp/minio_downloads/customers_190139685084.parquet
[2026-07-04T14:14:56.927+0000] {logging_mixin.py:188} INFO - Downloaded customers/date=2026-06-17/customers_190139752979.parquet -> /tmp/minio_downloads/customers_190139752979.parquet
[2026-07-04T14:14:56.960+0000] {logging_mixin.py:188} INFO - Downloaded customers/date=2026-06-17/customers_190139809536.parquet -> /tmp/minio_downloads/customers_190139809536.parquet
[2026-07-04T14:14:56.990+0000] {logging_mixin.py:188} INFO - Downloaded customers/date=2026-06-17/customers_190139865207.parquet -> /tmp/minio_downloads/customers_190139865207.parquet
[2026-07-04T14:14:57.022+0000] {logging_mixin.py:188} INFO - Downloaded customers/date=2026-06-17/customers_190139920838.parquet -> /tmp/minio_downloads/customers_190139920838.parquet
[2026-07-04T14:14:57.052+0000] {logging_mixin.py:188} INFO - Downloaded customers/date=2026-06-17/customers_190140018171.parquet -> /tmp/minio_downloads/customers_190140018171.parquet
[2026-07-04T14:14:57.082+0000] {logging_mixin.py:188} INFO - Downloaded customers/date=2026-06-17/customers_190140106906.parquet -> /tmp/minio_downloads/customers_190140106906.parquet
[2026-07-04T14:14:57.114+0000] {logging_mixin.py:188} INFO - Downloaded customers/date=2026-06-17/customers_190140180645.parquet -> /tmp/minio_downloads/customers_190140180645.parquet
[2026-07-04T14:14:57.151+0000] {logging_mixin.py:188} INFO - Downloaded customers/date=2026-06-17/customers_190140245926.parquet -> /tmp/minio_downloads/customers_190140245926.parquet
[2026-07-04T14:14:57.190+0000] {logging_mixin.py:188} INFO - Downloaded customers/date=2026-06-17/customers_190140303625.parquet -> /tmp/minio_downloads/customers_190140303625.parquet
[2026-07-04T14:14:57.229+0000] {logging_mixin.py:188} INFO - Downloaded customers/date=2026-06-17/customers_190140373289.parquet -> /tmp/minio_downloads/customers_190140373289.parquet
[2026-07-04T14:14:57.266+0000] {logging_mixin.py:188} INFO - Downloaded customers/date=2026-06-17/customers_190140482555.parquet -> /tmp/minio_downloads/customers_190140482555.parquet
[2026-07-04T14:14:57.307+0000] {logging_mixin.py:188} INFO - Downloaded customers/date=2026-06-17/customers_190140574962.parquet -> /tmp/minio_downloads/customers_190140574962.parquet
[2026-07-04T14:14:57.340+0000] {logging_mixin.py:188} INFO - Downloaded customers/date=2026-06-17/customers_190140645381.parquet -> /tmp/minio_downloads/customers_190140645381.parquet
[2026-07-04T14:14:57.380+0000] {logging_mixin.py:188} INFO - Downloaded customers/date=2026-06-17/customers_190140714886.parquet -> /tmp/minio_downloads/customers_190140714886.parquet
[2026-07-04T14:14:57.413+0000] {logging_mixin.py:188} INFO - Downloaded customers/date=2026-06-17/customers_190140792916.parquet -> /tmp/minio_downloads/customers_190140792916.parquet
[2026-07-04T14:14:57.445+0000] {logging_mixin.py:188} INFO - Downloaded customers/date=2026-06-17/customers_190140855292.parquet -> /tmp/minio_downloads/customers_190140855292.parquet
[2026-07-04T14:14:57.477+0000] {logging_mixin.py:188} INFO - Downloaded customers/date=2026-06-17/customers_190140915544.parquet -> /tmp/minio_downloads/customers_190140915544.parquet
[2026-07-04T14:14:57.509+0000] {logging_mixin.py:188} INFO - Downloaded customers/date=2026-06-17/customers_190140970565.parquet -> /tmp/minio_downloads/customers_190140970565.parquet
[2026-07-04T14:14:57.541+0000] {logging_mixin.py:188} INFO - Downloaded customers/date=2026-06-17/customers_190141025800.parquet -> /tmp/minio_downloads/customers_190141025800.parquet
[2026-07-04T14:14:57.574+0000] {logging_mixin.py:188} INFO - Downloaded customers/date=2026-06-17/customers_190141085798.parquet -> /tmp/minio_downloads/customers_190141085798.parquet
[2026-07-04T14:14:57.608+0000] {logging_mixin.py:188} INFO - Downloaded customers/date=2026-06-17/customers_190141143360.parquet -> /tmp/minio_downloads/customers_190141143360.parquet
[2026-07-04T14:14:57.646+0000] {logging_mixin.py:188} INFO - Downloaded customers/date=2026-06-17/customers_190141207606.parquet -> /tmp/minio_downloads/customers_190141207606.parquet
[2026-07-04T14:14:57.685+0000] {logging_mixin.py:188} INFO - Downloaded customers/date=2026-06-17/customers_190141272924.parquet -> /tmp/minio_downloads/customers_190141272924.parquet
[2026-07-04T14:14:57.722+0000] {logging_mixin.py:188} INFO - Downloaded customers/date=2026-06-17/customers_190141331653.parquet -> /tmp/minio_downloads/customers_190141331653.parquet
[2026-07-04T14:14:57.763+0000] {logging_mixin.py:188} INFO - Downloaded customers/date=2026-06-17/customers_190141384064.parquet -> /tmp/minio_downloads/customers_190141384064.parquet
[2026-07-04T14:14:57.802+0000] {logging_mixin.py:188} INFO - Downloaded customers/date=2026-06-17/customers_190141452758.parquet -> /tmp/minio_downloads/customers_190141452758.parquet
[2026-07-04T14:14:57.840+0000] {logging_mixin.py:188} INFO - Downloaded customers/date=2026-06-17/customers_190141523955.parquet -> /tmp/minio_downloads/customers_190141523955.parquet
[2026-07-04T14:14:57.872+0000] {logging_mixin.py:188} INFO - Downloaded customers/date=2026-06-17/customers_190141601091.parquet -> /tmp/minio_downloads/customers_190141601091.parquet
[2026-07-04T14:14:57.909+0000] {logging_mixin.py:188} INFO - Downloaded customers/date=2026-06-17/customers_190141666860.parquet -> /tmp/minio_downloads/customers_190141666860.parquet
[2026-07-04T14:14:57.944+0000] {logging_mixin.py:188} INFO - Downloaded customers/date=2026-06-17/customers_190141734317.parquet -> /tmp/minio_downloads/customers_190141734317.parquet
[2026-07-04T14:14:57.984+0000] {logging_mixin.py:188} INFO - Downloaded customers/date=2026-06-17/customers_190141797223.parquet -> /tmp/minio_downloads/customers_190141797223.parquet
[2026-07-04T14:14:58.026+0000] {logging_mixin.py:188} INFO - Downloaded customers/date=2026-06-17/customers_190141855437.parquet -> /tmp/minio_downloads/customers_190141855437.parquet
[2026-07-04T14:14:58.069+0000] {logging_mixin.py:188} INFO - Downloaded customers/date=2026-06-17/customers_190141909809.parquet -> /tmp/minio_downloads/customers_190141909809.parquet
[2026-07-04T14:14:58.110+0000] {logging_mixin.py:188} INFO - Downloaded customers/date=2026-06-17/customers_190141963132.parquet -> /tmp/minio_downloads/customers_190141963132.parquet
[2026-07-04T14:14:58.151+0000] {logging_mixin.py:188} INFO - Downloaded customers/date=2026-06-17/customers_190142031820.parquet -> /tmp/minio_downloads/customers_190142031820.parquet
[2026-07-04T14:14:58.190+0000] {logging_mixin.py:188} INFO - Downloaded customers/date=2026-06-17/customers_190142133562.parquet -> /tmp/minio_downloads/customers_190142133562.parquet
[2026-07-04T14:14:58.225+0000] {logging_mixin.py:188} INFO - Downloaded customers/date=2026-06-17/customers_190142200156.parquet -> /tmp/minio_downloads/customers_190142200156.parquet
[2026-07-04T14:14:58.269+0000] {logging_mixin.py:188} INFO - Downloaded customers/date=2026-06-17/customers_190142276412.parquet -> /tmp/minio_downloads/customers_190142276412.parquet
[2026-07-04T14:14:58.320+0000] {logging_mixin.py:188} INFO - Downloaded customers/date=2026-06-17/customers_190142357783.parquet -> /tmp/minio_downloads/customers_190142357783.parquet
[2026-07-04T14:14:58.366+0000] {logging_mixin.py:188} INFO - Downloaded customers/date=2026-06-17/customers_190142437611.parquet -> /tmp/minio_downloads/customers_190142437611.parquet
[2026-07-04T14:14:58.414+0000] {logging_mixin.py:188} INFO - Downloaded customers/date=2026-06-17/customers_190142517058.parquet -> /tmp/minio_downloads/customers_190142517058.parquet
[2026-07-04T14:14:58.452+0000] {logging_mixin.py:188} INFO - Downloaded customers/date=2026-06-17/customers_190142591045.parquet -> /tmp/minio_downloads/customers_190142591045.parquet
[2026-07-04T14:14:58.488+0000] {logging_mixin.py:188} INFO - Downloaded customers/date=2026-06-17/customers_190142671609.parquet -> /tmp/minio_downloads/customers_190142671609.parquet
[2026-07-04T14:14:58.529+0000] {logging_mixin.py:188} INFO - Downloaded customers/date=2026-06-17/customers_190142733046.parquet -> /tmp/minio_downloads/customers_190142733046.parquet
[2026-07-04T14:14:58.567+0000] {logging_mixin.py:188} INFO - Downloaded customers/date=2026-06-17/customers_190142868857.parquet -> /tmp/minio_downloads/customers_190142868857.parquet
[2026-07-04T14:14:58.607+0000] {logging_mixin.py:188} INFO - Downloaded customers/date=2026-06-17/customers_190143012723.parquet -> /tmp/minio_downloads/customers_190143012723.parquet
[2026-07-04T14:14:58.665+0000] {logging_mixin.py:188} INFO - Downloaded customers/date=2026-06-17/customers_190143114526.parquet -> /tmp/minio_downloads/customers_190143114526.parquet
[2026-07-04T14:14:58.713+0000] {logging_mixin.py:188} INFO - Downloaded customers/date=2026-06-17/customers_190143210657.parquet -> /tmp/minio_downloads/customers_190143210657.parquet
[2026-07-04T14:14:58.757+0000] {logging_mixin.py:188} INFO - Downloaded customers/date=2026-06-17/customers_190143266079.parquet -> /tmp/minio_downloads/customers_190143266079.parquet
[2026-07-04T14:14:58.793+0000] {logging_mixin.py:188} INFO - Downloaded customers/date=2026-06-17/customers_190143342983.parquet -> /tmp/minio_downloads/customers_190143342983.parquet
[2026-07-04T14:14:58.834+0000] {logging_mixin.py:188} INFO - Downloaded customers/date=2026-06-17/customers_190143422918.parquet -> /tmp/minio_downloads/customers_190143422918.parquet
[2026-07-04T14:14:58.872+0000] {logging_mixin.py:188} INFO - Downloaded customers/date=2026-06-17/customers_190143486297.parquet -> /tmp/minio_downloads/customers_190143486297.parquet
[2026-07-04T14:14:58.913+0000] {logging_mixin.py:188} INFO - Downloaded customers/date=2026-06-17/customers_190143554839.parquet -> /tmp/minio_downloads/customers_190143554839.parquet
[2026-07-04T14:14:58.959+0000] {logging_mixin.py:188} INFO - Downloaded customers/date=2026-06-17/customers_190143631809.parquet -> /tmp/minio_downloads/customers_190143631809.parquet
[2026-07-04T14:14:59.011+0000] {logging_mixin.py:188} INFO - Downloaded customers/date=2026-06-17/customers_190143720153.parquet -> /tmp/minio_downloads/customers_190143720153.parquet
[2026-07-04T14:14:59.060+0000] {logging_mixin.py:188} INFO - Downloaded customers/date=2026-06-17/customers_190143814757.parquet -> /tmp/minio_downloads/customers_190143814757.parquet
[2026-07-04T14:14:59.105+0000] {logging_mixin.py:188} INFO - Downloaded customers/date=2026-06-17/customers_190143914687.parquet -> /tmp/minio_downloads/customers_190143914687.parquet
[2026-07-04T14:14:59.152+0000] {logging_mixin.py:188} INFO - Downloaded customers/date=2026-06-17/customers_190144016870.parquet -> /tmp/minio_downloads/customers_190144016870.parquet
[2026-07-04T14:14:59.199+0000] {logging_mixin.py:188} INFO - Downloaded customers/date=2026-06-17/customers_190144097760.parquet -> /tmp/minio_downloads/customers_190144097760.parquet
[2026-07-04T14:14:59.245+0000] {logging_mixin.py:188} INFO - Downloaded customers/date=2026-06-17/customers_190144165362.parquet -> /tmp/minio_downloads/customers_190144165362.parquet
[2026-07-04T14:14:59.292+0000] {logging_mixin.py:188} INFO - Downloaded customers/date=2026-06-17/customers_190144219895.parquet -> /tmp/minio_downloads/customers_190144219895.parquet
[2026-07-04T14:14:59.335+0000] {logging_mixin.py:188} INFO - Downloaded customers/date=2026-06-17/customers_190144276140.parquet -> /tmp/minio_downloads/customers_190144276140.parquet
[2026-07-04T14:14:59.384+0000] {logging_mixin.py:188} INFO - Downloaded customers/date=2026-06-17/customers_190144335636.parquet -> /tmp/minio_downloads/customers_190144335636.parquet
[2026-07-04T14:14:59.434+0000] {logging_mixin.py:188} INFO - Downloaded customers/date=2026-06-17/customers_190144391424.parquet -> /tmp/minio_downloads/customers_190144391424.parquet
[2026-07-04T14:14:59.477+0000] {logging_mixin.py:188} INFO - Downloaded customers/date=2026-06-17/customers_190144468677.parquet -> /tmp/minio_downloads/customers_190144468677.parquet
[2026-07-04T14:14:59.523+0000] {logging_mixin.py:188} INFO - Downloaded customers/date=2026-06-17/customers_190144557018.parquet -> /tmp/minio_downloads/customers_190144557018.parquet
[2026-07-04T14:14:59.567+0000] {logging_mixin.py:188} INFO - Downloaded customers/date=2026-06-17/customers_190144678194.parquet -> /tmp/minio_downloads/customers_190144678194.parquet
[2026-07-04T14:14:59.616+0000] {logging_mixin.py:188} INFO - Downloaded customers/date=2026-06-17/customers_190144790046.parquet -> /tmp/minio_downloads/customers_190144790046.parquet
[2026-07-04T14:14:59.671+0000] {logging_mixin.py:188} INFO - Downloaded customers/date=2026-06-17/customers_190144876994.parquet -> /tmp/minio_downloads/customers_190144876994.parquet
[2026-07-04T14:14:59.717+0000] {logging_mixin.py:188} INFO - Downloaded customers/date=2026-06-17/customers_190144948552.parquet -> /tmp/minio_downloads/customers_190144948552.parquet
[2026-07-04T14:14:59.766+0000] {logging_mixin.py:188} INFO - Downloaded customers/date=2026-06-17/customers_190145016670.parquet -> /tmp/minio_downloads/customers_190145016670.parquet
[2026-07-04T14:14:59.811+0000] {logging_mixin.py:188} INFO - Downloaded customers/date=2026-06-17/customers_190145082851.parquet -> /tmp/minio_downloads/customers_190145082851.parquet
[2026-07-04T14:14:59.851+0000] {logging_mixin.py:188} INFO - Downloaded customers/date=2026-06-17/customers_190145145106.parquet -> /tmp/minio_downloads/customers_190145145106.parquet
[2026-07-04T14:14:59.888+0000] {logging_mixin.py:188} INFO - Downloaded customers/date=2026-06-17/customers_190145209849.parquet -> /tmp/minio_downloads/customers_190145209849.parquet
[2026-07-04T14:14:59.929+0000] {logging_mixin.py:188} INFO - Downloaded customers/date=2026-06-17/customers_190145274355.parquet -> /tmp/minio_downloads/customers_190145274355.parquet
[2026-07-04T14:14:59.969+0000] {logging_mixin.py:188} INFO - Downloaded customers/date=2026-06-17/customers_190145335174.parquet -> /tmp/minio_downloads/customers_190145335174.parquet
[2026-07-04T14:15:00.015+0000] {logging_mixin.py:188} INFO - Downloaded customers/date=2026-06-17/customers_190145391987.parquet -> /tmp/minio_downloads/customers_190145391987.parquet
[2026-07-04T14:15:00.057+0000] {logging_mixin.py:188} INFO - Downloaded customers/date=2026-06-17/customers_190145449141.parquet -> /tmp/minio_downloads/customers_190145449141.parquet
[2026-07-04T14:15:00.100+0000] {logging_mixin.py:188} INFO - Downloaded customers/date=2026-06-17/customers_190145517234.parquet -> /tmp/minio_downloads/customers_190145517234.parquet
[2026-07-04T14:15:00.141+0000] {logging_mixin.py:188} INFO - Downloaded customers/date=2026-06-17/customers_190145574072.parquet -> /tmp/minio_downloads/customers_190145574072.parquet
[2026-07-04T14:15:00.190+0000] {logging_mixin.py:188} INFO - Downloaded customers/date=2026-06-17/customers_190145633431.parquet -> /tmp/minio_downloads/customers_190145633431.parquet
[2026-07-04T14:15:00.237+0000] {logging_mixin.py:188} INFO - Downloaded customers/date=2026-06-17/customers_190534056791.parquet -> /tmp/minio_downloads/customers_190534056791.parquet
[2026-07-04T14:15:00.295+0000] {logging_mixin.py:188} INFO - Downloaded customers/date=2026-06-17/customers_190534138913.parquet -> /tmp/minio_downloads/customers_190534138913.parquet
[2026-07-04T14:15:00.351+0000] {logging_mixin.py:188} INFO - Downloaded customers/date=2026-06-17/customers_190534229894.parquet -> /tmp/minio_downloads/customers_190534229894.parquet
[2026-07-04T14:15:00.416+0000] {logging_mixin.py:188} INFO - Downloaded customers/date=2026-06-17/customers_190534306790.parquet -> /tmp/minio_downloads/customers_190534306790.parquet
[2026-07-04T14:15:00.469+0000] {logging_mixin.py:188} INFO - Downloaded customers/date=2026-06-17/customers_190534388373.parquet -> /tmp/minio_downloads/customers_190534388373.parquet
[2026-07-04T14:15:00.512+0000] {logging_mixin.py:188} INFO - Downloaded customers/date=2026-06-17/customers_190534488935.parquet -> /tmp/minio_downloads/customers_190534488935.parquet
[2026-07-04T14:15:00.554+0000] {logging_mixin.py:188} INFO - Downloaded customers/date=2026-06-17/customers_190534569834.parquet -> /tmp/minio_downloads/customers_190534569834.parquet
[2026-07-04T14:15:00.602+0000] {logging_mixin.py:188} INFO - Downloaded customers/date=2026-06-17/customers_190534670967.parquet -> /tmp/minio_downloads/customers_190534670967.parquet
[2026-07-04T14:15:00.653+0000] {logging_mixin.py:188} INFO - Downloaded customers/date=2026-06-17/customers_190534749320.parquet -> /tmp/minio_downloads/customers_190534749320.parquet
[2026-07-04T14:15:00.707+0000] {logging_mixin.py:188} INFO - Downloaded customers/date=2026-06-17/customers_190534820934.parquet -> /tmp/minio_downloads/customers_190534820934.parquet
[2026-07-04T14:15:00.759+0000] {logging_mixin.py:188} INFO - Downloaded customers/date=2026-06-17/customers_190534904719.parquet -> /tmp/minio_downloads/customers_190534904719.parquet
[2026-07-04T14:15:00.801+0000] {logging_mixin.py:188} INFO - Downloaded customers/date=2026-06-17/customers_190534971629.parquet -> /tmp/minio_downloads/customers_190534971629.parquet
[2026-07-04T14:15:00.839+0000] {logging_mixin.py:188} INFO - Downloaded customers/date=2026-06-17/customers_190535042505.parquet -> /tmp/minio_downloads/customers_190535042505.parquet
[2026-07-04T14:15:00.878+0000] {logging_mixin.py:188} INFO - Downloaded customers/date=2026-06-17/customers_190535119196.parquet -> /tmp/minio_downloads/customers_190535119196.parquet
[2026-07-04T14:15:00.916+0000] {logging_mixin.py:188} INFO - Downloaded customers/date=2026-06-17/customers_190535229129.parquet -> /tmp/minio_downloads/customers_190535229129.parquet
[2026-07-04T14:15:00.954+0000] {logging_mixin.py:188} INFO - Downloaded customers/date=2026-06-17/customers_190535309317.parquet -> /tmp/minio_downloads/customers_190535309317.parquet
[2026-07-04T14:15:00.995+0000] {logging_mixin.py:188} INFO - Downloaded customers/date=2026-06-17/customers_190535384613.parquet -> /tmp/minio_downloads/customers_190535384613.parquet
[2026-07-04T14:15:01.034+0000] {logging_mixin.py:188} INFO - Downloaded customers/date=2026-06-17/customers_190535464854.parquet -> /tmp/minio_downloads/customers_190535464854.parquet
[2026-07-04T14:15:01.075+0000] {logging_mixin.py:188} INFO - Downloaded customers/date=2026-06-17/customers_190535532848.parquet -> /tmp/minio_downloads/customers_190535532848.parquet
[2026-07-04T14:15:01.119+0000] {logging_mixin.py:188} INFO - Downloaded customers/date=2026-06-17/customers_190535602948.parquet -> /tmp/minio_downloads/customers_190535602948.parquet
[2026-07-04T14:15:01.160+0000] {logging_mixin.py:188} INFO - Downloaded customers/date=2026-06-17/customers_190535690478.parquet -> /tmp/minio_downloads/customers_190535690478.parquet
[2026-07-04T14:15:01.201+0000] {logging_mixin.py:188} INFO - Downloaded customers/date=2026-06-17/customers_190535780849.parquet -> /tmp/minio_downloads/customers_190535780849.parquet
[2026-07-04T14:15:01.247+0000] {logging_mixin.py:188} INFO - Downloaded customers/date=2026-06-17/customers_190535851658.parquet -> /tmp/minio_downloads/customers_190535851658.parquet
[2026-07-04T14:15:01.286+0000] {logging_mixin.py:188} INFO - Downloaded customers/date=2026-06-17/customers_190535925295.parquet -> /tmp/minio_downloads/customers_190535925295.parquet
[2026-07-04T14:15:01.330+0000] {logging_mixin.py:188} INFO - Downloaded customers/date=2026-06-17/customers_190535997859.parquet -> /tmp/minio_downloads/customers_190535997859.parquet
[2026-07-04T14:15:01.371+0000] {logging_mixin.py:188} INFO - Downloaded customers/date=2026-06-17/customers_190536086075.parquet -> /tmp/minio_downloads/customers_190536086075.parquet
[2026-07-04T14:15:01.413+0000] {logging_mixin.py:188} INFO - Downloaded customers/date=2026-06-17/customers_190536180505.parquet -> /tmp/minio_downloads/customers_190536180505.parquet
[2026-07-04T14:15:01.454+0000] {logging_mixin.py:188} INFO - Downloaded customers/date=2026-06-17/customers_190536278448.parquet -> /tmp/minio_downloads/customers_190536278448.parquet
[2026-07-04T14:15:01.495+0000] {logging_mixin.py:188} INFO - Downloaded customers/date=2026-06-17/customers_190536373125.parquet -> /tmp/minio_downloads/customers_190536373125.parquet
[2026-07-04T14:15:01.542+0000] {logging_mixin.py:188} INFO - Downloaded customers/date=2026-06-17/customers_190536467464.parquet -> /tmp/minio_downloads/customers_190536467464.parquet
[2026-07-04T14:15:01.582+0000] {logging_mixin.py:188} INFO - Downloaded customers/date=2026-06-17/customers_190536549057.parquet -> /tmp/minio_downloads/customers_190536549057.parquet
[2026-07-04T14:15:01.619+0000] {logging_mixin.py:188} INFO - Downloaded customers/date=2026-06-17/customers_190536620054.parquet -> /tmp/minio_downloads/customers_190536620054.parquet
[2026-07-04T14:15:01.658+0000] {logging_mixin.py:188} INFO - Downloaded customers/date=2026-06-17/customers_190536699784.parquet -> /tmp/minio_downloads/customers_190536699784.parquet
[2026-07-04T14:15:01.703+0000] {logging_mixin.py:188} INFO - Downloaded customers/date=2026-06-17/customers_190536806645.parquet -> /tmp/minio_downloads/customers_190536806645.parquet
[2026-07-04T14:15:01.758+0000] {logging_mixin.py:188} INFO - Downloaded customers/date=2026-06-17/customers_190536898613.parquet -> /tmp/minio_downloads/customers_190536898613.parquet
[2026-07-04T14:15:01.800+0000] {logging_mixin.py:188} INFO - Downloaded customers/date=2026-06-17/customers_190536988001.parquet -> /tmp/minio_downloads/customers_190536988001.parquet
[2026-07-04T14:15:01.856+0000] {logging_mixin.py:188} INFO - Downloaded customers/date=2026-06-17/customers_190537077442.parquet -> /tmp/minio_downloads/customers_190537077442.parquet
[2026-07-04T14:15:01.904+0000] {logging_mixin.py:188} INFO - Downloaded customers/date=2026-06-17/customers_190537171845.parquet -> /tmp/minio_downloads/customers_190537171845.parquet
[2026-07-04T14:15:01.948+0000] {logging_mixin.py:188} INFO - Downloaded customers/date=2026-06-17/customers_190537264699.parquet -> /tmp/minio_downloads/customers_190537264699.parquet
[2026-07-04T14:15:01.985+0000] {logging_mixin.py:188} INFO - Downloaded customers/date=2026-06-17/customers_190537351041.parquet -> /tmp/minio_downloads/customers_190537351041.parquet
[2026-07-04T14:15:02.028+0000] {logging_mixin.py:188} INFO - Downloaded customers/date=2026-06-17/customers_190537453087.parquet -> /tmp/minio_downloads/customers_190537453087.parquet
[2026-07-04T14:15:02.069+0000] {logging_mixin.py:188} INFO - Downloaded customers/date=2026-06-17/customers_190537539317.parquet -> /tmp/minio_downloads/customers_190537539317.parquet
[2026-07-04T14:15:02.122+0000] {logging_mixin.py:188} INFO - Downloaded customers/date=2026-06-17/customers_190537628958.parquet -> /tmp/minio_downloads/customers_190537628958.parquet
[2026-07-04T14:15:02.188+0000] {logging_mixin.py:188} INFO - Downloaded customers/date=2026-06-17/customers_190537698926.parquet -> /tmp/minio_downloads/customers_190537698926.parquet
[2026-07-04T14:15:02.243+0000] {logging_mixin.py:188} INFO - Downloaded customers/date=2026-06-17/customers_190537782859.parquet -> /tmp/minio_downloads/customers_190537782859.parquet
[2026-07-04T14:15:02.290+0000] {logging_mixin.py:188} INFO - Downloaded customers/date=2026-06-17/customers_190537864698.parquet -> /tmp/minio_downloads/customers_190537864698.parquet
[2026-07-04T14:15:02.341+0000] {logging_mixin.py:188} INFO - Downloaded customers/date=2026-06-17/customers_190537966412.parquet -> /tmp/minio_downloads/customers_190537966412.parquet
[2026-07-04T14:15:02.388+0000] {logging_mixin.py:188} INFO - Downloaded customers/date=2026-06-17/customers_190538051554.parquet -> /tmp/minio_downloads/customers_190538051554.parquet
[2026-07-04T14:15:02.440+0000] {logging_mixin.py:188} INFO - Downloaded customers/date=2026-06-17/customers_190538139232.parquet -> /tmp/minio_downloads/customers_190538139232.parquet
[2026-07-04T14:15:02.490+0000] {logging_mixin.py:188} INFO - Downloaded customers/date=2026-06-17/customers_190538238838.parquet -> /tmp/minio_downloads/customers_190538238838.parquet
[2026-07-04T14:15:02.566+0000] {logging_mixin.py:188} INFO - Downloaded customers/date=2026-06-17/customers_190538319208.parquet -> /tmp/minio_downloads/customers_190538319208.parquet
[2026-07-04T14:15:02.631+0000] {logging_mixin.py:188} INFO - Downloaded customers/date=2026-06-17/customers_190538401542.parquet -> /tmp/minio_downloads/customers_190538401542.parquet
[2026-07-04T14:15:02.711+0000] {logging_mixin.py:188} INFO - Downloaded customers/date=2026-06-17/customers_190538520453.parquet -> /tmp/minio_downloads/customers_190538520453.parquet
[2026-07-04T14:15:02.757+0000] {logging_mixin.py:188} INFO - Downloaded customers/date=2026-06-17/customers_190538622560.parquet -> /tmp/minio_downloads/customers_190538622560.parquet
[2026-07-04T14:15:02.802+0000] {logging_mixin.py:188} INFO - Downloaded customers/date=2026-06-17/customers_190538754722.parquet -> /tmp/minio_downloads/customers_190538754722.parquet
[2026-07-04T14:15:02.843+0000] {logging_mixin.py:188} INFO - Downloaded customers/date=2026-06-17/customers_190538851756.parquet -> /tmp/minio_downloads/customers_190538851756.parquet
[2026-07-04T14:15:02.886+0000] {logging_mixin.py:188} INFO - Downloaded customers/date=2026-06-17/customers_190538932465.parquet -> /tmp/minio_downloads/customers_190538932465.parquet
[2026-07-04T14:15:02.927+0000] {logging_mixin.py:188} INFO - Downloaded customers/date=2026-06-17/customers_190539034113.parquet -> /tmp/minio_downloads/customers_190539034113.parquet
[2026-07-04T14:15:02.969+0000] {logging_mixin.py:188} INFO - Downloaded customers/date=2026-06-17/customers_190539123794.parquet -> /tmp/minio_downloads/customers_190539123794.parquet
[2026-07-04T14:15:03.013+0000] {logging_mixin.py:188} INFO - Downloaded customers/date=2026-06-17/customers_190539218906.parquet -> /tmp/minio_downloads/customers_190539218906.parquet
[2026-07-04T14:15:03.068+0000] {logging_mixin.py:188} INFO - Downloaded customers/date=2026-06-17/customers_190539305398.parquet -> /tmp/minio_downloads/customers_190539305398.parquet
[2026-07-04T14:15:03.129+0000] {logging_mixin.py:188} INFO - Downloaded customers/date=2026-06-17/customers_190539398328.parquet -> /tmp/minio_downloads/customers_190539398328.parquet
[2026-07-04T14:15:03.187+0000] {logging_mixin.py:188} INFO - Downloaded customers/date=2026-06-17/customers_190539485603.parquet -> /tmp/minio_downloads/customers_190539485603.parquet
[2026-07-04T14:15:03.231+0000] {logging_mixin.py:188} INFO - Downloaded customers/date=2026-06-17/customers_190539545725.parquet -> /tmp/minio_downloads/customers_190539545725.parquet
[2026-07-04T14:15:03.276+0000] {logging_mixin.py:188} INFO - Downloaded customers/date=2026-06-17/customers_190539631258.parquet -> /tmp/minio_downloads/customers_190539631258.parquet
[2026-07-04T14:15:03.316+0000] {logging_mixin.py:188} INFO - Downloaded customers/date=2026-06-17/customers_190539702957.parquet -> /tmp/minio_downloads/customers_190539702957.parquet
[2026-07-04T14:15:03.356+0000] {logging_mixin.py:188} INFO - Downloaded customers/date=2026-06-17/customers_190539810453.parquet -> /tmp/minio_downloads/customers_190539810453.parquet
[2026-07-04T14:15:03.397+0000] {logging_mixin.py:188} INFO - Downloaded customers/date=2026-06-17/customers_190539891072.parquet -> /tmp/minio_downloads/customers_190539891072.parquet
[2026-07-04T14:15:03.444+0000] {logging_mixin.py:188} INFO - Downloaded customers/date=2026-06-17/customers_190539966747.parquet -> /tmp/minio_downloads/customers_190539966747.parquet
[2026-07-04T14:15:03.489+0000] {logging_mixin.py:188} INFO - Downloaded customers/date=2026-06-17/customers_190540032826.parquet -> /tmp/minio_downloads/customers_190540032826.parquet
[2026-07-04T14:15:03.536+0000] {logging_mixin.py:188} INFO - Downloaded customers/date=2026-06-17/customers_190540094324.parquet -> /tmp/minio_downloads/customers_190540094324.parquet
[2026-07-04T14:15:03.580+0000] {logging_mixin.py:188} INFO - Downloaded customers/date=2026-06-17/customers_190540145473.parquet -> /tmp/minio_downloads/customers_190540145473.parquet
[2026-07-04T14:15:03.618+0000] {logging_mixin.py:188} INFO - Downloaded customers/date=2026-06-17/customers_190540218333.parquet -> /tmp/minio_downloads/customers_190540218333.parquet
[2026-07-04T14:15:03.660+0000] {logging_mixin.py:188} INFO - Downloaded customers/date=2026-06-17/customers_190540297881.parquet -> /tmp/minio_downloads/customers_190540297881.parquet
[2026-07-04T14:15:03.701+0000] {logging_mixin.py:188} INFO - Downloaded customers/date=2026-06-17/customers_190540431964.parquet -> /tmp/minio_downloads/customers_190540431964.parquet
[2026-07-04T14:15:03.742+0000] {logging_mixin.py:188} INFO - Downloaded customers/date=2026-06-17/customers_190540532109.parquet -> /tmp/minio_downloads/customers_190540532109.parquet
[2026-07-04T14:15:03.782+0000] {logging_mixin.py:188} INFO - Downloaded customers/date=2026-06-17/customers_190540632663.parquet -> /tmp/minio_downloads/customers_190540632663.parquet
[2026-07-04T14:15:03.819+0000] {logging_mixin.py:188} INFO - Downloaded customers/date=2026-06-17/customers_190540698435.parquet -> /tmp/minio_downloads/customers_190540698435.parquet
[2026-07-04T14:15:03.853+0000] {logging_mixin.py:188} INFO - Downloaded customers/date=2026-06-17/customers_190540788621.parquet -> /tmp/minio_downloads/customers_190540788621.parquet
[2026-07-04T14:15:03.889+0000] {logging_mixin.py:188} INFO - Downloaded customers/date=2026-06-17/customers_190540897663.parquet -> /tmp/minio_downloads/customers_190540897663.parquet
[2026-07-04T14:15:03.925+0000] {logging_mixin.py:188} INFO - Downloaded customers/date=2026-06-17/customers_190540987831.parquet -> /tmp/minio_downloads/customers_190540987831.parquet
[2026-07-04T14:15:03.959+0000] {logging_mixin.py:188} INFO - Downloaded customers/date=2026-06-17/customers_190541083808.parquet -> /tmp/minio_downloads/customers_190541083808.parquet
[2026-07-04T14:15:03.997+0000] {logging_mixin.py:188} INFO - Downloaded customers/date=2026-06-17/customers_190541180385.parquet -> /tmp/minio_downloads/customers_190541180385.parquet
[2026-07-04T14:15:04.038+0000] {logging_mixin.py:188} INFO - Downloaded customers/date=2026-06-17/customers_190541250391.parquet -> /tmp/minio_downloads/customers_190541250391.parquet
[2026-07-04T14:15:04.079+0000] {logging_mixin.py:188} INFO - Downloaded customers/date=2026-06-17/customers_190541326247.parquet -> /tmp/minio_downloads/customers_190541326247.parquet
[2026-07-04T14:15:04.119+0000] {logging_mixin.py:188} INFO - Downloaded customers/date=2026-06-17/customers_190541417928.parquet -> /tmp/minio_downloads/customers_190541417928.parquet
[2026-07-04T14:15:04.161+0000] {logging_mixin.py:188} INFO - Downloaded customers/date=2026-06-17/customers_190541508020.parquet -> /tmp/minio_downloads/customers_190541508020.parquet
[2026-07-04T14:15:04.202+0000] {logging_mixin.py:188} INFO - Downloaded customers/date=2026-06-17/customers_190541605258.parquet -> /tmp/minio_downloads/customers_190541605258.parquet
[2026-07-04T14:15:04.239+0000] {logging_mixin.py:188} INFO - Downloaded customers/date=2026-06-17/customers_190541704160.parquet -> /tmp/minio_downloads/customers_190541704160.parquet
[2026-07-04T14:15:04.275+0000] {logging_mixin.py:188} INFO - Downloaded customers/date=2026-06-17/customers_190541809177.parquet -> /tmp/minio_downloads/customers_190541809177.parquet
[2026-07-04T14:15:04.309+0000] {logging_mixin.py:188} INFO - Downloaded customers/date=2026-06-17/customers_190541890253.parquet -> /tmp/minio_downloads/customers_190541890253.parquet
[2026-07-04T14:15:04.342+0000] {logging_mixin.py:188} INFO - Downloaded customers/date=2026-06-17/customers_190541975527.parquet -> /tmp/minio_downloads/customers_190541975527.parquet
[2026-07-04T14:15:04.377+0000] {logging_mixin.py:188} INFO - Downloaded customers/date=2026-06-17/customers_190542069653.parquet -> /tmp/minio_downloads/customers_190542069653.parquet
[2026-07-04T14:15:04.411+0000] {logging_mixin.py:188} INFO - Downloaded customers/date=2026-06-17/customers_190542158324.parquet -> /tmp/minio_downloads/customers_190542158324.parquet
[2026-07-04T14:15:04.448+0000] {logging_mixin.py:188} INFO - Downloaded customers/date=2026-06-17/customers_190542256906.parquet -> /tmp/minio_downloads/customers_190542256906.parquet
[2026-07-04T14:15:04.483+0000] {logging_mixin.py:188} INFO - Downloaded customers/date=2026-06-17/customers_190542327925.parquet -> /tmp/minio_downloads/customers_190542327925.parquet
[2026-07-04T14:15:04.520+0000] {logging_mixin.py:188} INFO - Downloaded customers/date=2026-06-17/customers_190542420735.parquet -> /tmp/minio_downloads/customers_190542420735.parquet
[2026-07-04T14:15:04.560+0000] {logging_mixin.py:188} INFO - Downloaded customers/date=2026-06-17/customers_190542520754.parquet -> /tmp/minio_downloads/customers_190542520754.parquet
[2026-07-04T14:15:04.596+0000] {logging_mixin.py:188} INFO - Downloaded customers/date=2026-06-17/customers_190542616822.parquet -> /tmp/minio_downloads/customers_190542616822.parquet
[2026-07-04T14:15:04.631+0000] {logging_mixin.py:188} INFO - Downloaded customers/date=2026-06-17/customers_190542700221.parquet -> /tmp/minio_downloads/customers_190542700221.parquet
[2026-07-04T14:15:04.669+0000] {logging_mixin.py:188} INFO - Downloaded customers/date=2026-06-17/customers_190542791697.parquet -> /tmp/minio_downloads/customers_190542791697.parquet
[2026-07-04T14:15:04.709+0000] {logging_mixin.py:188} INFO - Downloaded customers/date=2026-06-17/customers_190542885597.parquet -> /tmp/minio_downloads/customers_190542885597.parquet
[2026-07-04T14:15:04.751+0000] {logging_mixin.py:188} INFO - Downloaded customers/date=2026-06-17/customers_190542986434.parquet -> /tmp/minio_downloads/customers_190542986434.parquet
[2026-07-04T14:15:04.792+0000] {logging_mixin.py:188} INFO - Downloaded customers/date=2026-06-17/customers_190543076927.parquet -> /tmp/minio_downloads/customers_190543076927.parquet
[2026-07-04T14:15:04.831+0000] {logging_mixin.py:188} INFO - Downloaded customers/date=2026-06-17/customers_190543158006.parquet -> /tmp/minio_downloads/customers_190543158006.parquet
[2026-07-04T14:15:04.871+0000] {logging_mixin.py:188} INFO - Downloaded customers/date=2026-06-17/customers_190543253590.parquet -> /tmp/minio_downloads/customers_190543253590.parquet
[2026-07-04T14:15:04.908+0000] {logging_mixin.py:188} INFO - Downloaded customers/date=2026-06-17/customers_190543347569.parquet -> /tmp/minio_downloads/customers_190543347569.parquet
[2026-07-04T14:15:04.947+0000] {logging_mixin.py:188} INFO - Downloaded customers/date=2026-06-17/customers_190543450649.parquet -> /tmp/minio_downloads/customers_190543450649.parquet
[2026-07-04T14:15:04.984+0000] {logging_mixin.py:188} INFO - Downloaded customers/date=2026-06-17/customers_190543527911.parquet -> /tmp/minio_downloads/customers_190543527911.parquet
[2026-07-04T14:15:05.029+0000] {logging_mixin.py:188} INFO - Downloaded customers/date=2026-06-17/customers_190543616646.parquet -> /tmp/minio_downloads/customers_190543616646.parquet
[2026-07-04T14:15:05.077+0000] {logging_mixin.py:188} INFO - Downloaded customers/date=2026-06-17/customers_190543675363.parquet -> /tmp/minio_downloads/customers_190543675363.parquet
[2026-07-04T14:15:05.120+0000] {logging_mixin.py:188} INFO - Downloaded customers/date=2026-06-17/customers_190543752703.parquet -> /tmp/minio_downloads/customers_190543752703.parquet
[2026-07-04T14:15:05.170+0000] {logging_mixin.py:188} INFO - Downloaded customers/date=2026-06-17/customers_190543830423.parquet -> /tmp/minio_downloads/customers_190543830423.parquet
[2026-07-04T14:15:05.210+0000] {logging_mixin.py:188} INFO - Downloaded customers/date=2026-06-17/customers_190543903971.parquet -> /tmp/minio_downloads/customers_190543903971.parquet
[2026-07-04T14:15:05.245+0000] {logging_mixin.py:188} INFO - Downloaded customers/date=2026-06-17/customers_190544000846.parquet -> /tmp/minio_downloads/customers_190544000846.parquet
[2026-07-04T14:15:05.280+0000] {logging_mixin.py:188} INFO - Downloaded customers/date=2026-06-17/customers_190544281094.parquet -> /tmp/minio_downloads/customers_190544281094.parquet
[2026-07-04T14:15:05.325+0000] {logging_mixin.py:188} INFO - Downloaded customers/date=2026-06-17/customers_190544373713.parquet -> /tmp/minio_downloads/customers_190544373713.parquet
[2026-07-04T14:15:05.374+0000] {logging_mixin.py:188} INFO - Downloaded customers/date=2026-06-17/customers_190544483521.parquet -> /tmp/minio_downloads/customers_190544483521.parquet
[2026-07-04T14:15:05.418+0000] {logging_mixin.py:188} INFO - Downloaded customers/date=2026-06-17/customers_190544579549.parquet -> /tmp/minio_downloads/customers_190544579549.parquet
[2026-07-04T14:15:05.461+0000] {logging_mixin.py:188} INFO - Downloaded customers/date=2026-06-17/customers_190544676498.parquet -> /tmp/minio_downloads/customers_190544676498.parquet
[2026-07-04T14:15:05.499+0000] {logging_mixin.py:188} INFO - Downloaded customers/date=2026-06-17/customers_190544796803.parquet -> /tmp/minio_downloads/customers_190544796803.parquet
[2026-07-04T14:15:05.535+0000] {logging_mixin.py:188} INFO - Downloaded customers/date=2026-06-17/customers_190544882394.parquet -> /tmp/minio_downloads/customers_190544882394.parquet
[2026-07-04T14:15:05.574+0000] {logging_mixin.py:188} INFO - Downloaded customers/date=2026-06-17/customers_190544979467.parquet -> /tmp/minio_downloads/customers_190544979467.parquet
[2026-07-04T14:15:05.610+0000] {logging_mixin.py:188} INFO - Downloaded customers/date=2026-06-17/customers_190545064056.parquet -> /tmp/minio_downloads/customers_190545064056.parquet
[2026-07-04T14:15:05.646+0000] {logging_mixin.py:188} INFO - Downloaded customers/date=2026-06-17/customers_190545142528.parquet -> /tmp/minio_downloads/customers_190545142528.parquet
[2026-07-04T14:15:05.680+0000] {logging_mixin.py:188} INFO - Downloaded customers/date=2026-06-17/customers_190545231464.parquet -> /tmp/minio_downloads/customers_190545231464.parquet
[2026-07-04T14:15:05.714+0000] {logging_mixin.py:188} INFO - Downloaded customers/date=2026-06-17/customers_190545320319.parquet -> /tmp/minio_downloads/customers_190545320319.parquet
[2026-07-04T14:15:05.750+0000] {logging_mixin.py:188} INFO - Downloaded customers/date=2026-06-17/customers_190545414688.parquet -> /tmp/minio_downloads/customers_190545414688.parquet
[2026-07-04T14:15:05.783+0000] {logging_mixin.py:188} INFO - Downloaded customers/date=2026-06-17/customers_190545504552.parquet -> /tmp/minio_downloads/customers_190545504552.parquet
[2026-07-04T14:15:05.816+0000] {logging_mixin.py:188} INFO - Downloaded customers/date=2026-06-17/customers_190545592817.parquet -> /tmp/minio_downloads/customers_190545592817.parquet
[2026-07-04T14:15:05.853+0000] {logging_mixin.py:188} INFO - Downloaded customers/date=2026-06-17/customers_190545677112.parquet -> /tmp/minio_downloads/customers_190545677112.parquet
[2026-07-04T14:15:05.885+0000] {logging_mixin.py:188} INFO - Downloaded customers/date=2026-06-17/customers_190545762209.parquet -> /tmp/minio_downloads/customers_190545762209.parquet
[2026-07-04T14:15:05.917+0000] {logging_mixin.py:188} INFO - Downloaded customers/date=2026-06-17/customers_190545857188.parquet -> /tmp/minio_downloads/customers_190545857188.parquet
[2026-07-04T14:15:05.948+0000] {logging_mixin.py:188} INFO - Downloaded customers/date=2026-06-17/customers_190545941631.parquet -> /tmp/minio_downloads/customers_190545941631.parquet
[2026-07-04T14:15:05.981+0000] {logging_mixin.py:188} INFO - Downloaded customers/date=2026-06-17/customers_190546066925.parquet -> /tmp/minio_downloads/customers_190546066925.parquet
[2026-07-04T14:15:06.022+0000] {logging_mixin.py:188} INFO - Downloaded customers/date=2026-06-17/customers_190546200445.parquet -> /tmp/minio_downloads/customers_190546200445.parquet
[2026-07-04T14:15:06.062+0000] {logging_mixin.py:188} INFO - Downloaded customers/date=2026-06-17/customers_190546401040.parquet -> /tmp/minio_downloads/customers_190546401040.parquet
[2026-07-04T14:15:06.103+0000] {logging_mixin.py:188} INFO - Downloaded customers/date=2026-06-17/customers_190546534721.parquet -> /tmp/minio_downloads/customers_190546534721.parquet
[2026-07-04T14:15:06.138+0000] {logging_mixin.py:188} INFO - Downloaded customers/date=2026-06-17/customers_190546650046.parquet -> /tmp/minio_downloads/customers_190546650046.parquet
[2026-07-04T14:15:06.174+0000] {logging_mixin.py:188} INFO - Downloaded customers/date=2026-06-17/customers_190546730740.parquet -> /tmp/minio_downloads/customers_190546730740.parquet
[2026-07-04T14:15:06.216+0000] {logging_mixin.py:188} INFO - Downloaded customers/date=2026-06-17/customers_190546821615.parquet -> /tmp/minio_downloads/customers_190546821615.parquet
[2026-07-04T14:15:06.252+0000] {logging_mixin.py:188} INFO - Downloaded customers/date=2026-06-17/customers_190546967196.parquet -> /tmp/minio_downloads/customers_190546967196.parquet
[2026-07-04T14:15:06.291+0000] {logging_mixin.py:188} INFO - Downloaded customers/date=2026-06-17/customers_190547069169.parquet -> /tmp/minio_downloads/customers_190547069169.parquet
[2026-07-04T14:15:06.327+0000] {logging_mixin.py:188} INFO - Downloaded customers/date=2026-06-17/customers_190547180349.parquet -> /tmp/minio_downloads/customers_190547180349.parquet
[2026-07-04T14:15:06.363+0000] {logging_mixin.py:188} INFO - Downloaded customers/date=2026-06-17/customers_190547298924.parquet -> /tmp/minio_downloads/customers_190547298924.parquet
[2026-07-04T14:15:06.402+0000] {logging_mixin.py:188} INFO - Downloaded customers/date=2026-06-17/customers_190547397974.parquet -> /tmp/minio_downloads/customers_190547397974.parquet
[2026-07-04T14:15:06.439+0000] {logging_mixin.py:188} INFO - Downloaded customers/date=2026-06-17/customers_190547490619.parquet -> /tmp/minio_downloads/customers_190547490619.parquet
[2026-07-04T14:15:06.476+0000] {logging_mixin.py:188} INFO - Downloaded customers/date=2026-06-17/customers_190547572865.parquet -> /tmp/minio_downloads/customers_190547572865.parquet
[2026-07-04T14:15:06.511+0000] {logging_mixin.py:188} INFO - Downloaded customers/date=2026-06-17/customers_190547704148.parquet -> /tmp/minio_downloads/customers_190547704148.parquet
[2026-07-04T14:15:06.549+0000] {logging_mixin.py:188} INFO - Downloaded customers/date=2026-06-17/customers_190547807274.parquet -> /tmp/minio_downloads/customers_190547807274.parquet
[2026-07-04T14:15:06.582+0000] {logging_mixin.py:188} INFO - Downloaded customers/date=2026-06-17/customers_190547917145.parquet -> /tmp/minio_downloads/customers_190547917145.parquet
[2026-07-04T14:15:06.618+0000] {logging_mixin.py:188} INFO - Downloaded customers/date=2026-06-17/customers_190548029999.parquet -> /tmp/minio_downloads/customers_190548029999.parquet
[2026-07-04T14:15:06.656+0000] {logging_mixin.py:188} INFO - Downloaded customers/date=2026-06-17/customers_190548266308.parquet -> /tmp/minio_downloads/customers_190548266308.parquet
[2026-07-04T14:15:06.693+0000] {logging_mixin.py:188} INFO - Downloaded customers/date=2026-06-17/customers_190548394163.parquet -> /tmp/minio_downloads/customers_190548394163.parquet
[2026-07-04T14:15:06.729+0000] {logging_mixin.py:188} INFO - Downloaded customers/date=2026-06-17/customers_190548536088.parquet -> /tmp/minio_downloads/customers_190548536088.parquet
[2026-07-04T14:15:06.767+0000] {logging_mixin.py:188} INFO - Downloaded customers/date=2026-06-17/customers_190548676002.parquet -> /tmp/minio_downloads/customers_190548676002.parquet
[2026-07-04T14:15:06.805+0000] {logging_mixin.py:188} INFO - Downloaded customers/date=2026-06-17/customers_190548771118.parquet -> /tmp/minio_downloads/customers_190548771118.parquet
[2026-07-04T14:15:06.838+0000] {logging_mixin.py:188} INFO - Downloaded customers/date=2026-06-17/customers_190548892969.parquet -> /tmp/minio_downloads/customers_190548892969.parquet
[2026-07-04T14:15:06.875+0000] {logging_mixin.py:188} INFO - Downloaded customers/date=2026-06-17/customers_190549033306.parquet -> /tmp/minio_downloads/customers_190549033306.parquet
[2026-07-04T14:15:06.911+0000] {logging_mixin.py:188} INFO - Downloaded customers/date=2026-06-17/customers_190549230903.parquet -> /tmp/minio_downloads/customers_190549230903.parquet
[2026-07-04T14:15:06.947+0000] {logging_mixin.py:188} INFO - Downloaded customers/date=2026-06-17/customers_190549462742.parquet -> /tmp/minio_downloads/customers_190549462742.parquet
[2026-07-04T14:15:06.988+0000] {logging_mixin.py:188} INFO - Downloaded customers/date=2026-06-17/customers_190549619471.parquet -> /tmp/minio_downloads/customers_190549619471.parquet
[2026-07-04T14:15:07.036+0000] {logging_mixin.py:188} INFO - Downloaded customers/date=2026-06-17/customers_190549770486.parquet -> /tmp/minio_downloads/customers_190549770486.parquet
[2026-07-04T14:15:07.092+0000] {logging_mixin.py:188} INFO - Downloaded customers/date=2026-06-17/customers_190549876529.parquet -> /tmp/minio_downloads/customers_190549876529.parquet
[2026-07-04T14:15:07.133+0000] {logging_mixin.py:188} INFO - Downloaded customers/date=2026-06-17/customers_190549971353.parquet -> /tmp/minio_downloads/customers_190549971353.parquet
[2026-07-04T14:15:07.180+0000] {logging_mixin.py:188} INFO - Downloaded customers/date=2026-06-17/customers_190550068702.parquet -> /tmp/minio_downloads/customers_190550068702.parquet
[2026-07-04T14:15:07.221+0000] {logging_mixin.py:188} INFO - Downloaded customers/date=2026-06-17/customers_190550194333.parquet -> /tmp/minio_downloads/customers_190550194333.parquet
[2026-07-04T14:15:07.270+0000] {logging_mixin.py:188} INFO - Downloaded customers/date=2026-06-17/customers_190550294357.parquet -> /tmp/minio_downloads/customers_190550294357.parquet
[2026-07-04T14:15:07.316+0000] {logging_mixin.py:188} INFO - Downloaded customers/date=2026-06-17/customers_190550397429.parquet -> /tmp/minio_downloads/customers_190550397429.parquet
[2026-07-04T14:15:07.359+0000] {logging_mixin.py:188} INFO - Downloaded customers/date=2026-06-17/customers_190550501208.parquet -> /tmp/minio_downloads/customers_190550501208.parquet
[2026-07-04T14:15:07.399+0000] {logging_mixin.py:188} INFO - Downloaded customers/date=2026-06-17/customers_190550607851.parquet -> /tmp/minio_downloads/customers_190550607851.parquet
[2026-07-04T14:15:07.441+0000] {logging_mixin.py:188} INFO - Downloaded customers/date=2026-06-17/customers_190550700394.parquet -> /tmp/minio_downloads/customers_190550700394.parquet
[2026-07-04T14:15:07.481+0000] {logging_mixin.py:188} INFO - Downloaded customers/date=2026-06-17/customers_190550794280.parquet -> /tmp/minio_downloads/customers_190550794280.parquet
[2026-07-04T14:15:07.526+0000] {logging_mixin.py:188} INFO - Downloaded customers/date=2026-06-17/customers_190550891503.parquet -> /tmp/minio_downloads/customers_190550891503.parquet
[2026-07-04T14:15:07.565+0000] {logging_mixin.py:188} INFO - Downloaded customers/date=2026-06-17/customers_190550994311.parquet -> /tmp/minio_downloads/customers_190550994311.parquet
[2026-07-04T14:15:07.611+0000] {logging_mixin.py:188} INFO - Downloaded customers/date=2026-06-17/customers_190551088520.parquet -> /tmp/minio_downloads/customers_190551088520.parquet
[2026-07-04T14:15:07.660+0000] {logging_mixin.py:188} INFO - Downloaded customers/date=2026-06-17/customers_190551191279.parquet -> /tmp/minio_downloads/customers_190551191279.parquet
[2026-07-04T14:15:07.723+0000] {logging_mixin.py:188} INFO - Downloaded customers/date=2026-06-17/customers_190551320015.parquet -> /tmp/minio_downloads/customers_190551320015.parquet
[2026-07-04T14:15:07.782+0000] {logging_mixin.py:188} INFO - Downloaded customers/date=2026-06-17/customers_190551566283.parquet -> /tmp/minio_downloads/customers_190551566283.parquet
[2026-07-04T14:15:07.845+0000] {logging_mixin.py:188} INFO - Downloaded customers/date=2026-06-17/customers_190551703347.parquet -> /tmp/minio_downloads/customers_190551703347.parquet
[2026-07-04T14:15:07.885+0000] {logging_mixin.py:188} INFO - Downloaded customers/date=2026-06-17/customers_190551812591.parquet -> /tmp/minio_downloads/customers_190551812591.parquet
[2026-07-04T14:15:07.926+0000] {logging_mixin.py:188} INFO - Downloaded customers/date=2026-06-17/customers_190551904318.parquet -> /tmp/minio_downloads/customers_190551904318.parquet
[2026-07-04T14:15:07.965+0000] {logging_mixin.py:188} INFO - Downloaded customers/date=2026-06-17/customers_190552004461.parquet -> /tmp/minio_downloads/customers_190552004461.parquet
[2026-07-04T14:15:08.003+0000] {logging_mixin.py:188} INFO - Downloaded customers/date=2026-06-17/customers_190552097320.parquet -> /tmp/minio_downloads/customers_190552097320.parquet
[2026-07-04T14:15:08.045+0000] {logging_mixin.py:188} INFO - Downloaded customers/date=2026-06-17/customers_190552188541.parquet -> /tmp/minio_downloads/customers_190552188541.parquet
[2026-07-04T14:15:08.087+0000] {logging_mixin.py:188} INFO - Downloaded customers/date=2026-06-17/customers_190552271018.parquet -> /tmp/minio_downloads/customers_190552271018.parquet
[2026-07-04T14:15:08.132+0000] {logging_mixin.py:188} INFO - Downloaded customers/date=2026-06-17/customers_190552375917.parquet -> /tmp/minio_downloads/customers_190552375917.parquet
[2026-07-04T14:15:08.176+0000] {logging_mixin.py:188} INFO - Downloaded customers/date=2026-06-17/customers_190552470373.parquet -> /tmp/minio_downloads/customers_190552470373.parquet
[2026-07-04T14:15:08.215+0000] {logging_mixin.py:188} INFO - Downloaded customers/date=2026-06-17/customers_190552566985.parquet -> /tmp/minio_downloads/customers_190552566985.parquet
[2026-07-04T14:15:08.261+0000] {logging_mixin.py:188} INFO - Downloaded customers/date=2026-06-17/customers_190552655317.parquet -> /tmp/minio_downloads/customers_190552655317.parquet
[2026-07-04T14:15:08.360+0000] {logging_mixin.py:188} INFO - Downloaded customers/date=2026-06-17/customers_190552740056.parquet -> /tmp/minio_downloads/customers_190552740056.parquet
[2026-07-04T14:15:08.401+0000] {logging_mixin.py:188} INFO - Downloaded customers/date=2026-06-17/customers_190552818721.parquet -> /tmp/minio_downloads/customers_190552818721.parquet
[2026-07-04T14:15:08.442+0000] {logging_mixin.py:188} INFO - Downloaded customers/date=2026-06-17/customers_190552890918.parquet -> /tmp/minio_downloads/customers_190552890918.parquet
[2026-07-04T14:15:08.484+0000] {logging_mixin.py:188} INFO - Downloaded customers/date=2026-06-17/customers_190552982498.parquet -> /tmp/minio_downloads/customers_190552982498.parquet
[2026-07-04T14:15:08.531+0000] {logging_mixin.py:188} INFO - Downloaded customers/date=2026-06-17/customers_190553083327.parquet -> /tmp/minio_downloads/customers_190553083327.parquet
[2026-07-04T14:15:08.573+0000] {logging_mixin.py:188} INFO - Downloaded customers/date=2026-06-17/customers_190553154570.parquet -> /tmp/minio_downloads/customers_190553154570.parquet
[2026-07-04T14:15:08.625+0000] {logging_mixin.py:188} INFO - Downloaded customers/date=2026-06-17/customers_190553244293.parquet -> /tmp/minio_downloads/customers_190553244293.parquet
[2026-07-04T14:15:08.677+0000] {logging_mixin.py:188} INFO - Downloaded customers/date=2026-06-17/customers_190553323904.parquet -> /tmp/minio_downloads/customers_190553323904.parquet
[2026-07-04T14:15:08.735+0000] {logging_mixin.py:188} INFO - Downloaded customers/date=2026-06-17/customers_190553400034.parquet -> /tmp/minio_downloads/customers_190553400034.parquet
[2026-07-04T14:15:08.784+0000] {logging_mixin.py:188} INFO - Downloaded customers/date=2026-06-17/customers_190553482689.parquet -> /tmp/minio_downloads/customers_190553482689.parquet
[2026-07-04T14:15:08.822+0000] {logging_mixin.py:188} INFO - Downloaded customers/date=2026-06-17/customers_190553616146.parquet -> /tmp/minio_downloads/customers_190553616146.parquet
[2026-07-04T14:15:08.862+0000] {logging_mixin.py:188} INFO - Downloaded customers/date=2026-06-17/customers_190553728893.parquet -> /tmp/minio_downloads/customers_190553728893.parquet
[2026-07-04T14:15:08.898+0000] {logging_mixin.py:188} INFO - Downloaded customers/date=2026-06-17/customers_190553847463.parquet -> /tmp/minio_downloads/customers_190553847463.parquet
[2026-07-04T14:15:08.936+0000] {logging_mixin.py:188} INFO - Downloaded customers/date=2026-06-17/customers_190553943930.parquet -> /tmp/minio_downloads/customers_190553943930.parquet
[2026-07-04T14:15:08.971+0000] {logging_mixin.py:188} INFO - Downloaded customers/date=2026-06-17/customers_190554040796.parquet -> /tmp/minio_downloads/customers_190554040796.parquet
[2026-07-04T14:15:09.007+0000] {logging_mixin.py:188} INFO - Downloaded customers/date=2026-06-17/customers_190554124900.parquet -> /tmp/minio_downloads/customers_190554124900.parquet
[2026-07-04T14:15:09.044+0000] {logging_mixin.py:188} INFO - Downloaded customers/date=2026-06-17/customers_190554206575.parquet -> /tmp/minio_downloads/customers_190554206575.parquet
[2026-07-04T14:15:09.079+0000] {logging_mixin.py:188} INFO - Downloaded customers/date=2026-06-17/customers_190554290204.parquet -> /tmp/minio_downloads/customers_190554290204.parquet
[2026-07-04T14:15:09.113+0000] {logging_mixin.py:188} INFO - Downloaded customers/date=2026-06-17/customers_190554369148.parquet -> /tmp/minio_downloads/customers_190554369148.parquet
[2026-07-04T14:15:09.149+0000] {logging_mixin.py:188} INFO - Downloaded customers/date=2026-06-17/customers_190554445379.parquet -> /tmp/minio_downloads/customers_190554445379.parquet
[2026-07-04T14:15:09.182+0000] {logging_mixin.py:188} INFO - Downloaded customers/date=2026-06-17/customers_190554526571.parquet -> /tmp/minio_downloads/customers_190554526571.parquet
[2026-07-04T14:15:09.215+0000] {logging_mixin.py:188} INFO - Downloaded customers/date=2026-06-17/customers_190554602653.parquet -> /tmp/minio_downloads/customers_190554602653.parquet
[2026-07-04T14:15:09.250+0000] {logging_mixin.py:188} INFO - Downloaded customers/date=2026-06-17/customers_190554683879.parquet -> /tmp/minio_downloads/customers_190554683879.parquet
[2026-07-04T14:15:09.286+0000] {logging_mixin.py:188} INFO - Downloaded customers/date=2026-06-17/customers_190554773602.parquet -> /tmp/minio_downloads/customers_190554773602.parquet
[2026-07-04T14:15:09.320+0000] {logging_mixin.py:188} INFO - Downloaded customers/date=2026-06-17/customers_190554933217.parquet -> /tmp/minio_downloads/customers_190554933217.parquet
[2026-07-04T14:15:09.352+0000] {logging_mixin.py:188} INFO - Downloaded customers/date=2026-06-17/customers_190555005715.parquet -> /tmp/minio_downloads/customers_190555005715.parquet
[2026-07-04T14:15:09.383+0000] {logging_mixin.py:188} INFO - Downloaded customers/date=2026-06-17/customers_190555089851.parquet -> /tmp/minio_downloads/customers_190555089851.parquet
[2026-07-04T14:15:09.414+0000] {logging_mixin.py:188} INFO - Downloaded customers/date=2026-06-17/customers_190555161408.parquet -> /tmp/minio_downloads/customers_190555161408.parquet
[2026-07-04T14:15:09.444+0000] {logging_mixin.py:188} INFO - Downloaded customers/date=2026-06-17/customers_190555256911.parquet -> /tmp/minio_downloads/customers_190555256911.parquet
[2026-07-04T14:15:09.477+0000] {logging_mixin.py:188} INFO - Downloaded customers/date=2026-06-17/customers_190555353917.parquet -> /tmp/minio_downloads/customers_190555353917.parquet
[2026-07-04T14:15:09.509+0000] {logging_mixin.py:188} INFO - Downloaded customers/date=2026-06-17/customers_190555431817.parquet -> /tmp/minio_downloads/customers_190555431817.parquet
[2026-07-04T14:15:09.539+0000] {logging_mixin.py:188} INFO - Downloaded customers/date=2026-06-17/customers_190555499395.parquet -> /tmp/minio_downloads/customers_190555499395.parquet
[2026-07-04T14:15:09.570+0000] {logging_mixin.py:188} INFO - Downloaded customers/date=2026-06-17/customers_190555586984.parquet -> /tmp/minio_downloads/customers_190555586984.parquet
[2026-07-04T14:15:09.599+0000] {logging_mixin.py:188} INFO - Downloaded customers/date=2026-06-17/customers_190555668631.parquet -> /tmp/minio_downloads/customers_190555668631.parquet
[2026-07-04T14:15:09.628+0000] {logging_mixin.py:188} INFO - Downloaded customers/date=2026-06-17/customers_190555751900.parquet -> /tmp/minio_downloads/customers_190555751900.parquet
[2026-07-04T14:15:09.660+0000] {logging_mixin.py:188} INFO - Downloaded customers/date=2026-06-17/customers_190555819915.parquet -> /tmp/minio_downloads/customers_190555819915.parquet
[2026-07-04T14:15:09.687+0000] {logging_mixin.py:188} INFO - Downloaded customers/date=2026-06-17/customers_190555925301.parquet -> /tmp/minio_downloads/customers_190555925301.parquet
[2026-07-04T14:15:09.715+0000] {logging_mixin.py:188} INFO - Downloaded customers/date=2026-06-17/customers_190556047856.parquet -> /tmp/minio_downloads/customers_190556047856.parquet
[2026-07-04T14:15:09.743+0000] {logging_mixin.py:188} INFO - Downloaded customers/date=2026-06-17/customers_190556143987.parquet -> /tmp/minio_downloads/customers_190556143987.parquet
[2026-07-04T14:15:09.774+0000] {logging_mixin.py:188} INFO - Downloaded customers/date=2026-06-17/customers_190556253700.parquet -> /tmp/minio_downloads/customers_190556253700.parquet
[2026-07-04T14:15:09.801+0000] {logging_mixin.py:188} INFO - Downloaded customers/date=2026-06-17/customers_190556338588.parquet -> /tmp/minio_downloads/customers_190556338588.parquet
[2026-07-04T14:15:09.828+0000] {logging_mixin.py:188} INFO - Downloaded customers/date=2026-06-17/customers_190556440622.parquet -> /tmp/minio_downloads/customers_190556440622.parquet
[2026-07-04T14:15:09.857+0000] {logging_mixin.py:188} INFO - Downloaded customers/date=2026-06-17/customers_190556537359.parquet -> /tmp/minio_downloads/customers_190556537359.parquet
[2026-07-04T14:15:09.884+0000] {logging_mixin.py:188} INFO - Downloaded customers/date=2026-06-17/customers_190556621103.parquet -> /tmp/minio_downloads/customers_190556621103.parquet
[2026-07-04T14:15:09.910+0000] {logging_mixin.py:188} INFO - Downloaded customers/date=2026-06-17/customers_190556706405.parquet -> /tmp/minio_downloads/customers_190556706405.parquet
[2026-07-04T14:15:09.938+0000] {logging_mixin.py:188} INFO - Downloaded customers/date=2026-06-17/customers_190556796662.parquet -> /tmp/minio_downloads/customers_190556796662.parquet
[2026-07-04T14:15:09.965+0000] {logging_mixin.py:188} INFO - Downloaded customers/date=2026-06-17/customers_190556890154.parquet -> /tmp/minio_downloads/customers_190556890154.parquet
[2026-07-04T14:15:09.992+0000] {logging_mixin.py:188} INFO - Downloaded customers/date=2026-06-17/customers_190556969691.parquet -> /tmp/minio_downloads/customers_190556969691.parquet
[2026-07-04T14:15:10.021+0000] {logging_mixin.py:188} INFO - Downloaded customers/date=2026-06-17/customers_190557052913.parquet -> /tmp/minio_downloads/customers_190557052913.parquet
[2026-07-04T14:15:10.050+0000] {logging_mixin.py:188} INFO - Downloaded customers/date=2026-06-17/customers_190557134088.parquet -> /tmp/minio_downloads/customers_190557134088.parquet
[2026-07-04T14:15:10.077+0000] {logging_mixin.py:188} INFO - Downloaded customers/date=2026-06-17/customers_190557235739.parquet -> /tmp/minio_downloads/customers_190557235739.parquet
[2026-07-04T14:15:10.104+0000] {logging_mixin.py:188} INFO - Downloaded customers/date=2026-06-17/customers_190557322343.parquet -> /tmp/minio_downloads/customers_190557322343.parquet
[2026-07-04T14:15:10.132+0000] {logging_mixin.py:188} INFO - Downloaded customers/date=2026-06-17/customers_190557415782.parquet -> /tmp/minio_downloads/customers_190557415782.parquet
[2026-07-04T14:15:10.159+0000] {logging_mixin.py:188} INFO - Downloaded customers/date=2026-06-17/customers_190557512593.parquet -> /tmp/minio_downloads/customers_190557512593.parquet
[2026-07-04T14:15:10.189+0000] {logging_mixin.py:188} INFO - Downloaded customers/date=2026-06-17/customers_190557597119.parquet -> /tmp/minio_downloads/customers_190557597119.parquet
[2026-07-04T14:15:10.216+0000] {logging_mixin.py:188} INFO - Downloaded customers/date=2026-06-17/customers_190557690572.parquet -> /tmp/minio_downloads/customers_190557690572.parquet
[2026-07-04T14:15:10.244+0000] {logging_mixin.py:188} INFO - Downloaded customers/date=2026-06-17/customers_190557790451.parquet -> /tmp/minio_downloads/customers_190557790451.parquet
[2026-07-04T14:15:10.271+0000] {logging_mixin.py:188} INFO - Downloaded customers/date=2026-06-17/customers_190557884076.parquet -> /tmp/minio_downloads/customers_190557884076.parquet
[2026-07-04T14:15:10.297+0000] {logging_mixin.py:188} INFO - Downloaded customers/date=2026-06-17/customers_190557952718.parquet -> /tmp/minio_downloads/customers_190557952718.parquet
[2026-07-04T14:15:10.323+0000] {logging_mixin.py:188} INFO - Downloaded customers/date=2026-06-17/customers_190558043136.parquet -> /tmp/minio_downloads/customers_190558043136.parquet
[2026-07-04T14:15:10.350+0000] {logging_mixin.py:188} INFO - Downloaded customers/date=2026-06-17/customers_190558136663.parquet -> /tmp/minio_downloads/customers_190558136663.parquet
[2026-07-04T14:15:10.378+0000] {logging_mixin.py:188} INFO - Downloaded customers/date=2026-06-17/customers_190558241585.parquet -> /tmp/minio_downloads/customers_190558241585.parquet
[2026-07-04T14:15:10.408+0000] {logging_mixin.py:188} INFO - Downloaded customers/date=2026-06-17/customers_190558350426.parquet -> /tmp/minio_downloads/customers_190558350426.parquet
[2026-07-04T14:15:10.433+0000] {logging_mixin.py:188} INFO - Downloaded customers/date=2026-06-17/customers_190558444960.parquet -> /tmp/minio_downloads/customers_190558444960.parquet
[2026-07-04T14:15:10.461+0000] {logging_mixin.py:188} INFO - Downloaded customers/date=2026-06-17/customers_190558539041.parquet -> /tmp/minio_downloads/customers_190558539041.parquet
[2026-07-04T14:15:10.487+0000] {logging_mixin.py:188} INFO - Downloaded customers/date=2026-06-17/customers_190558630829.parquet -> /tmp/minio_downloads/customers_190558630829.parquet
[2026-07-04T14:15:10.513+0000] {logging_mixin.py:188} INFO - Downloaded customers/date=2026-06-17/customers_190558717625.parquet -> /tmp/minio_downloads/customers_190558717625.parquet
[2026-07-04T14:15:10.539+0000] {logging_mixin.py:188} INFO - Downloaded customers/date=2026-06-17/customers_190558792850.parquet -> /tmp/minio_downloads/customers_190558792850.parquet
[2026-07-04T14:15:10.565+0000] {logging_mixin.py:188} INFO - Downloaded customers/date=2026-06-17/customers_190558901725.parquet -> /tmp/minio_downloads/customers_190558901725.parquet
[2026-07-04T14:15:10.592+0000] {logging_mixin.py:188} INFO - Downloaded customers/date=2026-06-17/customers_190559015858.parquet -> /tmp/minio_downloads/customers_190559015858.parquet
[2026-07-04T14:15:10.621+0000] {logging_mixin.py:188} INFO - Downloaded customers/date=2026-06-17/customers_190559103649.parquet -> /tmp/minio_downloads/customers_190559103649.parquet
[2026-07-04T14:15:10.648+0000] {logging_mixin.py:188} INFO - Downloaded customers/date=2026-06-17/customers_190559196766.parquet -> /tmp/minio_downloads/customers_190559196766.parquet
[2026-07-04T14:15:10.675+0000] {logging_mixin.py:188} INFO - Downloaded customers/date=2026-06-17/customers_190559293720.parquet -> /tmp/minio_downloads/customers_190559293720.parquet
[2026-07-04T14:15:10.702+0000] {logging_mixin.py:188} INFO - Downloaded customers/date=2026-06-17/customers_190559374608.parquet -> /tmp/minio_downloads/customers_190559374608.parquet
[2026-07-04T14:15:10.734+0000] {logging_mixin.py:188} INFO - Downloaded customers/date=2026-06-17/customers_190559468836.parquet -> /tmp/minio_downloads/customers_190559468836.parquet
[2026-07-04T14:15:10.763+0000] {logging_mixin.py:188} INFO - Downloaded customers/date=2026-06-17/customers_190559580870.parquet -> /tmp/minio_downloads/customers_190559580870.parquet
[2026-07-04T14:15:10.791+0000] {logging_mixin.py:188} INFO - Downloaded customers/date=2026-06-17/customers_190559682140.parquet -> /tmp/minio_downloads/customers_190559682140.parquet
[2026-07-04T14:15:10.818+0000] {logging_mixin.py:188} INFO - Downloaded customers/date=2026-06-17/customers_190559763988.parquet -> /tmp/minio_downloads/customers_190559763988.parquet
[2026-07-04T14:15:10.843+0000] {logging_mixin.py:188} INFO - Downloaded customers/date=2026-06-17/customers_190559852149.parquet -> /tmp/minio_downloads/customers_190559852149.parquet
[2026-07-04T14:15:10.868+0000] {logging_mixin.py:188} INFO - Downloaded customers/date=2026-06-17/customers_190559937093.parquet -> /tmp/minio_downloads/customers_190559937093.parquet
[2026-07-04T14:15:10.893+0000] {logging_mixin.py:188} INFO - Downloaded customers/date=2026-06-17/customers_190600058927.parquet -> /tmp/minio_downloads/customers_190600058927.parquet
[2026-07-04T14:15:10.922+0000] {logging_mixin.py:188} INFO - Downloaded customers/date=2026-06-17/customers_190600150855.parquet -> /tmp/minio_downloads/customers_190600150855.parquet
[2026-07-04T14:15:10.948+0000] {logging_mixin.py:188} INFO - Downloaded customers/date=2026-06-17/customers_190600259701.parquet -> /tmp/minio_downloads/customers_190600259701.parquet
[2026-07-04T14:15:10.975+0000] {logging_mixin.py:188} INFO - Downloaded customers/date=2026-06-17/customers_190600371122.parquet -> /tmp/minio_downloads/customers_190600371122.parquet
[2026-07-04T14:15:11.003+0000] {logging_mixin.py:188} INFO - Downloaded customers/date=2026-06-17/customers_190600449337.parquet -> /tmp/minio_downloads/customers_190600449337.parquet
[2026-07-04T14:15:11.032+0000] {logging_mixin.py:188} INFO - Downloaded customers/date=2026-06-17/customers_190600552087.parquet -> /tmp/minio_downloads/customers_190600552087.parquet
[2026-07-04T14:15:11.061+0000] {logging_mixin.py:188} INFO - Downloaded customers/date=2026-06-17/customers_190600644467.parquet -> /tmp/minio_downloads/customers_190600644467.parquet
[2026-07-04T14:15:11.093+0000] {logging_mixin.py:188} INFO - Downloaded customers/date=2026-06-17/customers_190600737678.parquet -> /tmp/minio_downloads/customers_190600737678.parquet
[2026-07-04T14:15:11.121+0000] {logging_mixin.py:188} INFO - Downloaded customers/date=2026-06-17/customers_190600838623.parquet -> /tmp/minio_downloads/customers_190600838623.parquet
[2026-07-04T14:15:11.152+0000] {logging_mixin.py:188} INFO - Downloaded customers/date=2026-06-17/customers_190600920539.parquet -> /tmp/minio_downloads/customers_190600920539.parquet
[2026-07-04T14:15:11.179+0000] {logging_mixin.py:188} INFO - Downloaded customers/date=2026-06-17/customers_190601010696.parquet -> /tmp/minio_downloads/customers_190601010696.parquet
[2026-07-04T14:15:11.206+0000] {logging_mixin.py:188} INFO - Downloaded customers/date=2026-06-17/customers_190601088803.parquet -> /tmp/minio_downloads/customers_190601088803.parquet
[2026-07-04T14:15:11.233+0000] {logging_mixin.py:188} INFO - Downloaded customers/date=2026-06-17/customers_190601188047.parquet -> /tmp/minio_downloads/customers_190601188047.parquet
[2026-07-04T14:15:11.261+0000] {logging_mixin.py:188} INFO - Downloaded customers/date=2026-06-17/customers_190601264029.parquet -> /tmp/minio_downloads/customers_190601264029.parquet
[2026-07-04T14:15:11.288+0000] {logging_mixin.py:188} INFO - Downloaded customers/date=2026-06-17/customers_190601380956.parquet -> /tmp/minio_downloads/customers_190601380956.parquet
[2026-07-04T14:15:11.318+0000] {logging_mixin.py:188} INFO - Downloaded customers/date=2026-06-17/customers_190601476373.parquet -> /tmp/minio_downloads/customers_190601476373.parquet
[2026-07-04T14:15:11.345+0000] {logging_mixin.py:188} INFO - Downloaded customers/date=2026-06-17/customers_190601577554.parquet -> /tmp/minio_downloads/customers_190601577554.parquet
[2026-07-04T14:15:11.369+0000] {logging_mixin.py:188} INFO - Downloaded customers/date=2026-06-17/customers_190601685124.parquet -> /tmp/minio_downloads/customers_190601685124.parquet
[2026-07-04T14:15:11.395+0000] {logging_mixin.py:188} INFO - Downloaded customers/date=2026-06-17/customers_190601764878.parquet -> /tmp/minio_downloads/customers_190601764878.parquet
[2026-07-04T14:15:11.425+0000] {logging_mixin.py:188} INFO - Downloaded customers/date=2026-06-17/customers_190601852702.parquet -> /tmp/minio_downloads/customers_190601852702.parquet
[2026-07-04T14:15:11.456+0000] {logging_mixin.py:188} INFO - Downloaded customers/date=2026-06-17/customers_190601940269.parquet -> /tmp/minio_downloads/customers_190601940269.parquet
[2026-07-04T14:15:11.491+0000] {logging_mixin.py:188} INFO - Downloaded customers/date=2026-06-17/customers_190602033750.parquet -> /tmp/minio_downloads/customers_190602033750.parquet
[2026-07-04T14:15:11.527+0000] {logging_mixin.py:188} INFO - Downloaded customers/date=2026-06-17/customers_190602126486.parquet -> /tmp/minio_downloads/customers_190602126486.parquet
[2026-07-04T14:15:11.557+0000] {logging_mixin.py:188} INFO - Downloaded customers/date=2026-06-17/customers_190602227982.parquet -> /tmp/minio_downloads/customers_190602227982.parquet
[2026-07-04T14:15:11.588+0000] {logging_mixin.py:188} INFO - Downloaded customers/date=2026-06-17/customers_190602332080.parquet -> /tmp/minio_downloads/customers_190602332080.parquet
[2026-07-04T14:15:11.618+0000] {logging_mixin.py:188} INFO - Downloaded customers/date=2026-06-17/customers_190602407815.parquet -> /tmp/minio_downloads/customers_190602407815.parquet
[2026-07-04T14:15:11.645+0000] {logging_mixin.py:188} INFO - Downloaded customers/date=2026-06-17/customers_190602507554.parquet -> /tmp/minio_downloads/customers_190602507554.parquet
[2026-07-04T14:15:11.672+0000] {logging_mixin.py:188} INFO - Downloaded customers/date=2026-06-17/customers_190602606187.parquet -> /tmp/minio_downloads/customers_190602606187.parquet
[2026-07-04T14:15:11.700+0000] {logging_mixin.py:188} INFO - Downloaded customers/date=2026-06-17/customers_190602713957.parquet -> /tmp/minio_downloads/customers_190602713957.parquet
[2026-07-04T14:15:11.730+0000] {logging_mixin.py:188} INFO - Downloaded customers/date=2026-06-17/customers_190602803821.parquet -> /tmp/minio_downloads/customers_190602803821.parquet
[2026-07-04T14:15:11.758+0000] {logging_mixin.py:188} INFO - Downloaded customers/date=2026-06-17/customers_190602892941.parquet -> /tmp/minio_downloads/customers_190602892941.parquet
[2026-07-04T14:15:11.789+0000] {logging_mixin.py:188} INFO - Downloaded customers/date=2026-06-17/customers_190602976217.parquet -> /tmp/minio_downloads/customers_190602976217.parquet
[2026-07-04T14:15:11.816+0000] {logging_mixin.py:188} INFO - Downloaded customers/date=2026-06-17/customers_190603061176.parquet -> /tmp/minio_downloads/customers_190603061176.parquet
[2026-07-04T14:15:11.845+0000] {logging_mixin.py:188} INFO - Downloaded customers/date=2026-06-17/customers_190603164697.parquet -> /tmp/minio_downloads/customers_190603164697.parquet
[2026-07-04T14:15:11.871+0000] {logging_mixin.py:188} INFO - Downloaded customers/date=2026-06-17/customers_190603285424.parquet -> /tmp/minio_downloads/customers_190603285424.parquet
[2026-07-04T14:15:11.901+0000] {logging_mixin.py:188} INFO - Downloaded customers/date=2026-06-17/customers_190603398352.parquet -> /tmp/minio_downloads/customers_190603398352.parquet
[2026-07-04T14:15:11.945+0000] {logging_mixin.py:188} INFO - Downloaded customers/date=2026-06-17/customers_190603488359.parquet -> /tmp/minio_downloads/customers_190603488359.parquet
[2026-07-04T14:15:11.987+0000] {logging_mixin.py:188} INFO - Downloaded customers/date=2026-06-17/customers_190603597418.parquet -> /tmp/minio_downloads/customers_190603597418.parquet
[2026-07-04T14:15:12.022+0000] {logging_mixin.py:188} INFO - Downloaded customers/date=2026-06-17/customers_190603692834.parquet -> /tmp/minio_downloads/customers_190603692834.parquet
[2026-07-04T14:15:12.056+0000] {logging_mixin.py:188} INFO - Downloaded customers/date=2026-06-17/customers_190603796704.parquet -> /tmp/minio_downloads/customers_190603796704.parquet
[2026-07-04T14:15:12.228+0000] {logging_mixin.py:188} INFO - Downloaded customers/date=2026-06-17/customers_190603881793.parquet -> /tmp/minio_downloads/customers_190603881793.parquet
[2026-07-04T14:15:12.446+0000] {logging_mixin.py:188} INFO - Downloaded customers/date=2026-06-17/customers_190603963319.parquet -> /tmp/minio_downloads/customers_190603963319.parquet
[2026-07-04T14:15:12.493+0000] {logging_mixin.py:188} INFO - Downloaded customers/date=2026-06-17/customers_190604047318.parquet -> /tmp/minio_downloads/customers_190604047318.parquet
[2026-07-04T14:15:12.528+0000] {logging_mixin.py:188} INFO - Downloaded customers/date=2026-06-17/customers_190604147440.parquet -> /tmp/minio_downloads/customers_190604147440.parquet
[2026-07-04T14:15:12.559+0000] {logging_mixin.py:188} INFO - Downloaded customers/date=2026-06-17/customers_190604238914.parquet -> /tmp/minio_downloads/customers_190604238914.parquet
[2026-07-04T14:15:12.594+0000] {logging_mixin.py:188} INFO - Downloaded customers/date=2026-06-17/customers_190604336354.parquet -> /tmp/minio_downloads/customers_190604336354.parquet
[2026-07-04T14:15:12.625+0000] {logging_mixin.py:188} INFO - Downloaded customers/date=2026-06-17/customers_190604431344.parquet -> /tmp/minio_downloads/customers_190604431344.parquet
[2026-07-04T14:15:12.661+0000] {logging_mixin.py:188} INFO - Downloaded customers/date=2026-06-17/customers_190604532238.parquet -> /tmp/minio_downloads/customers_190604532238.parquet
[2026-07-04T14:15:12.694+0000] {logging_mixin.py:188} INFO - Downloaded customers/date=2026-06-17/customers_190604640638.parquet -> /tmp/minio_downloads/customers_190604640638.parquet
[2026-07-04T14:15:12.724+0000] {logging_mixin.py:188} INFO - Downloaded customers/date=2026-06-17/customers_190604745426.parquet -> /tmp/minio_downloads/customers_190604745426.parquet
[2026-07-04T14:15:12.755+0000] {logging_mixin.py:188} INFO - Downloaded customers/date=2026-06-17/customers_190604853795.parquet -> /tmp/minio_downloads/customers_190604853795.parquet
[2026-07-04T14:15:12.786+0000] {logging_mixin.py:188} INFO - Downloaded customers/date=2026-06-17/customers_190604949876.parquet -> /tmp/minio_downloads/customers_190604949876.parquet
[2026-07-04T14:15:12.820+0000] {logging_mixin.py:188} INFO - Downloaded customers/date=2026-06-17/customers_190605047664.parquet -> /tmp/minio_downloads/customers_190605047664.parquet
[2026-07-04T14:15:12.853+0000] {logging_mixin.py:188} INFO - Downloaded customers/date=2026-06-17/customers_190605151340.parquet -> /tmp/minio_downloads/customers_190605151340.parquet
[2026-07-04T14:15:12.883+0000] {logging_mixin.py:188} INFO - Downloaded customers/date=2026-06-17/customers_190605242379.parquet -> /tmp/minio_downloads/customers_190605242379.parquet
[2026-07-04T14:15:12.917+0000] {logging_mixin.py:188} INFO - Downloaded customers/date=2026-06-17/customers_190605328123.parquet -> /tmp/minio_downloads/customers_190605328123.parquet
[2026-07-04T14:15:12.948+0000] {logging_mixin.py:188} INFO - Downloaded customers/date=2026-06-17/customers_190605429788.parquet -> /tmp/minio_downloads/customers_190605429788.parquet
[2026-07-04T14:15:12.980+0000] {logging_mixin.py:188} INFO - Downloaded customers/date=2026-06-17/customers_190605514488.parquet -> /tmp/minio_downloads/customers_190605514488.parquet
[2026-07-04T14:15:13.015+0000] {logging_mixin.py:188} INFO - Downloaded customers/date=2026-06-17/customers_190605675520.parquet -> /tmp/minio_downloads/customers_190605675520.parquet
[2026-07-04T14:15:13.049+0000] {logging_mixin.py:188} INFO - Downloaded customers/date=2026-06-17/customers_190605766443.parquet -> /tmp/minio_downloads/customers_190605766443.parquet
[2026-07-04T14:15:13.077+0000] {logging_mixin.py:188} INFO - Downloaded customers/date=2026-06-17/customers_190605861566.parquet -> /tmp/minio_downloads/customers_190605861566.parquet
[2026-07-04T14:15:13.108+0000] {logging_mixin.py:188} INFO - Downloaded customers/date=2026-06-17/customers_190605946062.parquet -> /tmp/minio_downloads/customers_190605946062.parquet
[2026-07-04T14:15:13.138+0000] {logging_mixin.py:188} INFO - Downloaded customers/date=2026-06-17/customers_190606011561.parquet -> /tmp/minio_downloads/customers_190606011561.parquet
[2026-07-04T14:15:13.182+0000] {logging_mixin.py:188} INFO - Downloaded customers/date=2026-06-17/customers_190606111886.parquet -> /tmp/minio_downloads/customers_190606111886.parquet
[2026-07-04T14:15:13.216+0000] {logging_mixin.py:188} INFO - Downloaded customers/date=2026-06-17/customers_190606214230.parquet -> /tmp/minio_downloads/customers_190606214230.parquet
[2026-07-04T14:15:13.251+0000] {logging_mixin.py:188} INFO - Downloaded customers/date=2026-06-17/customers_190606301360.parquet -> /tmp/minio_downloads/customers_190606301360.parquet
[2026-07-04T14:15:13.285+0000] {logging_mixin.py:188} INFO - Downloaded customers/date=2026-06-17/customers_190606396157.parquet -> /tmp/minio_downloads/customers_190606396157.parquet
[2026-07-04T14:15:13.320+0000] {logging_mixin.py:188} INFO - Downloaded customers/date=2026-06-17/customers_190606472720.parquet -> /tmp/minio_downloads/customers_190606472720.parquet
[2026-07-04T14:15:13.355+0000] {logging_mixin.py:188} INFO - Downloaded customers/date=2026-06-17/customers_190606558971.parquet -> /tmp/minio_downloads/customers_190606558971.parquet
[2026-07-04T14:15:13.392+0000] {logging_mixin.py:188} INFO - Downloaded customers/date=2026-06-17/customers_190606651803.parquet -> /tmp/minio_downloads/customers_190606651803.parquet
[2026-07-04T14:15:13.425+0000] {logging_mixin.py:188} INFO - Downloaded customers/date=2026-06-17/customers_190606758259.parquet -> /tmp/minio_downloads/customers_190606758259.parquet
[2026-07-04T14:15:13.456+0000] {logging_mixin.py:188} INFO - Downloaded customers/date=2026-06-17/customers_190606905015.parquet -> /tmp/minio_downloads/customers_190606905015.parquet
[2026-07-04T14:15:13.490+0000] {logging_mixin.py:188} INFO - Downloaded customers/date=2026-06-17/customers_190606999522.parquet -> /tmp/minio_downloads/customers_190606999522.parquet
[2026-07-04T14:15:13.520+0000] {logging_mixin.py:188} INFO - Downloaded customers/date=2026-06-17/customers_190607098445.parquet -> /tmp/minio_downloads/customers_190607098445.parquet
[2026-07-04T14:15:13.549+0000] {logging_mixin.py:188} INFO - Downloaded customers/date=2026-06-17/customers_190607219767.parquet -> /tmp/minio_downloads/customers_190607219767.parquet
[2026-07-04T14:15:13.578+0000] {logging_mixin.py:188} INFO - Downloaded customers/date=2026-06-17/customers_190607332437.parquet -> /tmp/minio_downloads/customers_190607332437.parquet
[2026-07-04T14:15:13.615+0000] {logging_mixin.py:188} INFO - Downloaded customers/date=2026-06-17/customers_190607429683.parquet -> /tmp/minio_downloads/customers_190607429683.parquet
[2026-07-04T14:15:13.651+0000] {logging_mixin.py:188} INFO - Downloaded customers/date=2026-06-17/customers_190607544099.parquet -> /tmp/minio_downloads/customers_190607544099.parquet
[2026-07-04T14:15:13.685+0000] {logging_mixin.py:188} INFO - Downloaded customers/date=2026-06-17/customers_190607679582.parquet -> /tmp/minio_downloads/customers_190607679582.parquet
[2026-07-04T14:15:13.717+0000] {logging_mixin.py:188} INFO - Downloaded customers/date=2026-06-17/customers_190607821362.parquet -> /tmp/minio_downloads/customers_190607821362.parquet
[2026-07-04T14:15:13.742+0000] {logging_mixin.py:188} INFO - Downloaded customers/date=2026-06-17/customers_190608018780.parquet -> /tmp/minio_downloads/customers_190608018780.parquet
[2026-07-04T14:15:13.771+0000] {logging_mixin.py:188} INFO - Downloaded customers/date=2026-06-17/customers_190608136287.parquet -> /tmp/minio_downloads/customers_190608136287.parquet
[2026-07-04T14:15:13.797+0000] {logging_mixin.py:188} INFO - Downloaded customers/date=2026-06-17/customers_190608245277.parquet -> /tmp/minio_downloads/customers_190608245277.parquet
[2026-07-04T14:15:13.824+0000] {logging_mixin.py:188} INFO - Downloaded customers/date=2026-06-17/customers_190608355024.parquet -> /tmp/minio_downloads/customers_190608355024.parquet
[2026-07-04T14:15:13.855+0000] {logging_mixin.py:188} INFO - Downloaded customers/date=2026-06-17/customers_190608472379.parquet -> /tmp/minio_downloads/customers_190608472379.parquet
[2026-07-04T14:15:13.897+0000] {logging_mixin.py:188} INFO - Downloaded customers/date=2026-06-17/customers_190608572915.parquet -> /tmp/minio_downloads/customers_190608572915.parquet
[2026-07-04T14:15:13.938+0000] {logging_mixin.py:188} INFO - Downloaded customers/date=2026-06-17/customers_190608659517.parquet -> /tmp/minio_downloads/customers_190608659517.parquet
[2026-07-04T14:15:13.987+0000] {logging_mixin.py:188} INFO - Downloaded customers/date=2026-06-17/customers_190608756216.parquet -> /tmp/minio_downloads/customers_190608756216.parquet
[2026-07-04T14:15:14.036+0000] {logging_mixin.py:188} INFO - Downloaded customers/date=2026-06-17/customers_190608849431.parquet -> /tmp/minio_downloads/customers_190608849431.parquet
[2026-07-04T14:15:14.080+0000] {logging_mixin.py:188} INFO - Downloaded customers/date=2026-06-17/customers_190608959528.parquet -> /tmp/minio_downloads/customers_190608959528.parquet
[2026-07-04T14:15:14.121+0000] {python.py:237} INFO - Done. Returned value was: {'customers': ['/tmp/minio_downloads/customers_190118474101.parquet', '/tmp/minio_downloads/customers_190118558805.parquet', '/tmp/minio_downloads/customers_190118637451.parquet', '/tmp/minio_downloads/customers_190118704077.parquet', '/tmp/minio_downloads/customers_190118757294.parquet', '/tmp/minio_downloads/customers_190118804450.parquet', '/tmp/minio_downloads/customers_190118859377.parquet', '/tmp/minio_downloads/customers_190118909807.parquet', '/tmp/minio_downloads/customers_190118962070.parquet', '/tmp/minio_downloads/customers_190119013345.parquet', '/tmp/minio_downloads/customers_190119066490.parquet', '/tmp/minio_downloads/customers_190119139754.parquet', '/tmp/minio_downloads/customers_190119263543.parquet', '/tmp/minio_downloads/customers_190119390209.parquet', '/tmp/minio_downloads/customers_190119463358.parquet', '/tmp/minio_downloads/customers_190119548561.parquet', '/tmp/minio_downloads/customers_190119628300.parquet', '/tmp/minio_downloads/customers_190119731265.parquet', '/tmp/minio_downloads/customers_190119816203.parquet', '/tmp/minio_downloads/customers_190119905698.parquet', '/tmp/minio_downloads/customers_190120040271.parquet', '/tmp/minio_downloads/customers_190120132786.parquet', '/tmp/minio_downloads/customers_190120201937.parquet', '/tmp/minio_downloads/customers_190120279098.parquet', '/tmp/minio_downloads/customers_190120349697.parquet', '/tmp/minio_downloads/customers_190120432051.parquet', '/tmp/minio_downloads/customers_190120568706.parquet', '/tmp/minio_downloads/customers_190120649298.parquet', '/tmp/minio_downloads/customers_190120717788.parquet', '/tmp/minio_downloads/customers_190120785337.parquet', '/tmp/minio_downloads/customers_190120832918.parquet', '/tmp/minio_downloads/customers_190120902521.parquet', '/tmp/minio_downloads/customers_190120964409.parquet', '/tmp/minio_downloads/customers_190121020503.parquet', '/tmp/minio_downloads/customers_190121089337.parquet', '/tmp/minio_downloads/customers_190121147140.parquet', '/tmp/minio_downloads/customers_190121236766.parquet', '/tmp/minio_downloads/customers_190121314374.parquet', '/tmp/minio_downloads/customers_190121389208.parquet', '/tmp/minio_downloads/customers_190121470589.parquet', '/tmp/minio_downloads/customers_190121557173.parquet', '/tmp/minio_downloads/customers_190121635672.parquet', '/tmp/minio_downloads/customers_190121708765.parquet', '/tmp/minio_downloads/customers_190121774496.parquet', '/tmp/minio_downloads/customers_190121828872.parquet', '/tmp/minio_downloads/customers_190121884665.parquet', '/tmp/minio_downloads/customers_190121936133.parquet', '/tmp/minio_downloads/customers_190121986968.parquet', '/tmp/minio_downloads/customers_190122038502.parquet', '/tmp/minio_downloads/customers_190122087552.parquet', '/tmp/minio_downloads/customers_190122199861.parquet', '/tmp/minio_downloads/customers_190122288107.parquet', '/tmp/minio_downloads/customers_190122362702.parquet', '/tmp/minio_downloads/customers_190122426397.parquet', '/tmp/minio_downloads/customers_190122496594.parquet', '/tmp/minio_downloads/customers_190122575921.parquet', '/tmp/minio_downloads/customers_190122666732.parquet', '/tmp/minio_downloads/customers_190122744017.parquet', '/tmp/minio_downloads/customers_190122803790.parquet', '/tmp/minio_downloads/customers_190122866720.parquet', '/tmp/minio_downloads/customers_190122917755.parquet', '/tmp/minio_downloads/customers_190122965839.parquet', '/tmp/minio_downloads/customers_190123017563.parquet', '/tmp/minio_downloads/customers_190123087773.parquet', '/tmp/minio_downloads/customers_190123155911.parquet', '/tmp/minio_downloads/customers_190123225422.parquet', '/tmp/minio_downloads/customers_190123295060.parquet', '/tmp/minio_downloads/customers_190123375883.parquet', '/tmp/minio_downloads/customers_190123461445.parquet', '/tmp/minio_downloads/customers_190123549403.parquet', '/tmp/minio_downloads/customers_190123629735.parquet', '/tmp/minio_downloads/customers_190123712537.parquet', '/tmp/minio_downloads/customers_190123785855.parquet', '/tmp/minio_downloads/customers_190123852768.parquet', '/tmp/minio_downloads/customers_190123936501.parquet', '/tmp/minio_downloads/customers_190124033849.parquet', '/tmp/minio_downloads/customers_190124166322.parquet', '/tmp/minio_downloads/customers_190124239295.parquet', '/tmp/minio_downloads/customers_190124308641.parquet', '/tmp/minio_downloads/customers_190124367126.parquet', '/tmp/minio_downloads/customers_190124438120.parquet', '/tmp/minio_downloads/customers_190124506813.parquet', '/tmp/minio_downloads/customers_190124577918.parquet', '/tmp/minio_downloads/customers_190124645052.parquet', '/tmp/minio_downloads/customers_190124698144.parquet', '/tmp/minio_downloads/customers_190124750698.parquet', '/tmp/minio_downloads/customers_190124860523.parquet', '/tmp/minio_downloads/customers_190124942262.parquet', '/tmp/minio_downloads/customers_190125013131.parquet', '/tmp/minio_downloads/customers_190125105286.parquet', '/tmp/minio_downloads/customers_190125202440.parquet', '/tmp/minio_downloads/customers_190125298099.parquet', '/tmp/minio_downloads/customers_190125375584.parquet', '/tmp/minio_downloads/customers_190125437993.parquet', '/tmp/minio_downloads/customers_190125502586.parquet', '/tmp/minio_downloads/customers_190125580897.parquet', '/tmp/minio_downloads/customers_190125642474.parquet', '/tmp/minio_downloads/customers_190125701048.parquet', '/tmp/minio_downloads/customers_190125761080.parquet', '/tmp/minio_downloads/customers_190125833530.parquet', '/tmp/minio_downloads/customers_190125898658.parquet', '/tmp/minio_downloads/customers_190125975991.parquet', '/tmp/minio_downloads/customers_190126066822.parquet', '/tmp/minio_downloads/customers_190126198505.parquet', '/tmp/minio_downloads/customers_190126301475.parquet', '/tmp/minio_downloads/customers_190126398593.parquet', '/tmp/minio_downloads/customers_190126533501.parquet', '/tmp/minio_downloads/customers_190126611796.parquet', '/tmp/minio_downloads/customers_190126673708.parquet', '/tmp/minio_downloads/customers_190126725267.parquet', '/tmp/minio_downloads/customers_190126787313.parquet', '/tmp/minio_downloads/customers_190126855392.parquet', '/tmp/minio_downloads/customers_190126906171.parquet', '/tmp/minio_downloads/customers_190126961049.parquet', '/tmp/minio_downloads/customers_190127014299.parquet', '/tmp/minio_downloads/customers_190127077863.parquet', '/tmp/minio_downloads/customers_190127230270.parquet', '/tmp/minio_downloads/customers_190127379217.parquet', '/tmp/minio_downloads/customers_190127480731.parquet', '/tmp/minio_downloads/customers_190127588343.parquet', '/tmp/minio_downloads/customers_190127655023.parquet', '/tmp/minio_downloads/customers_190127718661.parquet', '/tmp/minio_downloads/customers_190127807503.parquet', '/tmp/minio_downloads/customers_190127875342.parquet', '/tmp/minio_downloads/customers_190127934037.parquet', '/tmp/minio_downloads/customers_190127986063.parquet', '/tmp/minio_downloads/customers_190128037403.parquet', '/tmp/minio_downloads/customers_190128094155.parquet', '/tmp/minio_downloads/customers_190128153350.parquet', '/tmp/minio_downloads/customers_190128208574.parquet', '/tmp/minio_downloads/customers_190128269321.parquet', '/tmp/minio_downloads/customers_190128431709.parquet', '/tmp/minio_downloads/customers_190128531915.parquet', '/tmp/minio_downloads/customers_190128627723.parquet', '/tmp/minio_downloads/customers_190128728340.parquet', '/tmp/minio_downloads/customers_190128798458.parquet', '/tmp/minio_downloads/customers_190128859676.parquet', '/tmp/minio_downloads/customers_190128933072.parquet', '/tmp/minio_downloads/customers_190129009410.parquet', '/tmp/minio_downloads/customers_190129066318.parquet', '/tmp/minio_downloads/customers_190129134200.parquet', '/tmp/minio_downloads/customers_190129228717.parquet', '/tmp/minio_downloads/customers_190129346180.parquet', '/tmp/minio_downloads/customers_190129451553.parquet', '/tmp/minio_downloads/customers_190129526392.parquet', '/tmp/minio_downloads/customers_190129605212.parquet', '/tmp/minio_downloads/customers_190129695196.parquet', '/tmp/minio_downloads/customers_190129776918.parquet', '/tmp/minio_downloads/customers_190129832175.parquet', '/tmp/minio_downloads/customers_190129890474.parquet', '/tmp/minio_downloads/customers_190129953507.parquet', '/tmp/minio_downloads/customers_190130013760.parquet', '/tmp/minio_downloads/customers_190130073802.parquet', '/tmp/minio_downloads/customers_190130138955.parquet', '/tmp/minio_downloads/customers_190130228190.parquet', '/tmp/minio_downloads/customers_190130320235.parquet', '/tmp/minio_downloads/customers_190130463414.parquet', '/tmp/minio_downloads/customers_190130642884.parquet', '/tmp/minio_downloads/customers_190130717184.parquet', '/tmp/minio_downloads/customers_190130808820.parquet', '/tmp/minio_downloads/customers_190130916199.parquet', '/tmp/minio_downloads/customers_190131003963.parquet', '/tmp/minio_downloads/customers_190131072490.parquet', '/tmp/minio_downloads/customers_190131132290.parquet', '/tmp/minio_downloads/customers_190131197231.parquet', '/tmp/minio_downloads/customers_190131284048.parquet', '/tmp/minio_downloads/customers_190131351632.parquet', '/tmp/minio_downloads/customers_190131412820.parquet', '/tmp/minio_downloads/customers_190131477522.parquet', '/tmp/minio_downloads/customers_190131556821.parquet', '/tmp/minio_downloads/customers_190131630829.parquet', '/tmp/minio_downloads/customers_190131759153.parquet', '/tmp/minio_downloads/customers_190131874052.parquet', '/tmp/minio_downloads/customers_190131957224.parquet', '/tmp/minio_downloads/customers_190132020731.parquet', '/tmp/minio_downloads/customers_190132095530.parquet', '/tmp/minio_downloads/customers_190132190842.parquet', '/tmp/minio_downloads/customers_190132257908.parquet', '/tmp/minio_downloads/customers_190132336735.parquet', '/tmp/minio_downloads/customers_190132397476.parquet', '/tmp/minio_downloads/customers_190132457332.parquet', '/tmp/minio_downloads/customers_190132511945.parquet', '/tmp/minio_downloads/customers_190132569070.parquet', '/tmp/minio_downloads/customers_190132629049.parquet', '/tmp/minio_downloads/customers_190132688276.parquet', '/tmp/minio_downloads/customers_190132778792.parquet', '/tmp/minio_downloads/customers_190132897929.parquet', '/tmp/minio_downloads/customers_190132989487.parquet', '/tmp/minio_downloads/customers_190133056824.parquet', '/tmp/minio_downloads/customers_190133121817.parquet', '/tmp/minio_downloads/customers_190133207008.parquet', '/tmp/minio_downloads/customers_190133294815.parquet', '/tmp/minio_downloads/customers_190133373555.parquet', '/tmp/minio_downloads/customers_190133435257.parquet', '/tmp/minio_downloads/customers_190133483896.parquet', '/tmp/minio_downloads/customers_190133536221.parquet', '/tmp/minio_downloads/customers_190133607984.parquet', '/tmp/minio_downloads/customers_190133687814.parquet', '/tmp/minio_downloads/customers_190133755829.parquet', '/tmp/minio_downloads/customers_190133820634.parquet', '/tmp/minio_downloads/customers_190133887302.parquet', '/tmp/minio_downloads/customers_190133997058.parquet', '/tmp/minio_downloads/customers_190134107120.parquet', '/tmp/minio_downloads/customers_190134177669.parquet', '/tmp/minio_downloads/customers_190134250035.parquet', '/tmp/minio_downloads/customers_190134360713.parquet', '/tmp/minio_downloads/customers_190134433874.parquet', '/tmp/minio_downloads/customers_190134494634.parquet', '/tmp/minio_downloads/customers_190134552884.parquet', '/tmp/minio_downloads/customers_190134677072.parquet', '/tmp/minio_downloads/customers_190134754871.parquet', '/tmp/minio_downloads/customers_190134813898.parquet', '/tmp/minio_downloads/customers_190134868592.parquet', '/tmp/minio_downloads/customers_190134926130.parquet', '/tmp/minio_downloads/customers_190134999617.parquet', '/tmp/minio_downloads/customers_190135107340.parquet', '/tmp/minio_downloads/customers_190135172475.parquet', '/tmp/minio_downloads/customers_190135244286.parquet', '/tmp/minio_downloads/customers_190135325711.parquet', '/tmp/minio_downloads/customers_190135429417.parquet', '/tmp/minio_downloads/customers_190135510140.parquet', '/tmp/minio_downloads/customers_190135568172.parquet', '/tmp/minio_downloads/customers_190135623504.parquet', '/tmp/minio_downloads/customers_190135674345.parquet', '/tmp/minio_downloads/customers_190135739430.parquet', '/tmp/minio_downloads/customers_190135807360.parquet', '/tmp/minio_downloads/customers_190135888235.parquet', '/tmp/minio_downloads/customers_190135947589.parquet', '/tmp/minio_downloads/customers_190135998103.parquet', '/tmp/minio_downloads/customers_190136061849.parquet', '/tmp/minio_downloads/customers_190136167996.parquet', '/tmp/minio_downloads/customers_190136257354.parquet', '/tmp/minio_downloads/customers_190136337224.parquet', '/tmp/minio_downloads/customers_190136431571.parquet', '/tmp/minio_downloads/customers_190136503854.parquet', '/tmp/minio_downloads/customers_190136560538.parquet', '/tmp/minio_downloads/customers_190136621534.parquet', '/tmp/minio_downloads/customers_190136680399.parquet', '/tmp/minio_downloads/customers_190136741933.parquet', '/tmp/minio_downloads/customers_190136820157.parquet', '/tmp/minio_downloads/customers_190136887851.parquet', '/tmp/minio_downloads/customers_190136946066.parquet', '/tmp/minio_downloads/customers_190137004434.parquet', '/tmp/minio_downloads/customers_190137101677.parquet', '/tmp/minio_downloads/customers_190137255608.parquet', '/tmp/minio_downloads/customers_190137346229.parquet', '/tmp/minio_downloads/customers_190137423200.parquet', '/tmp/minio_downloads/customers_190137525213.parquet', '/tmp/minio_downloads/customers_190137610662.parquet', '/tmp/minio_downloads/customers_190137678559.parquet', '/tmp/minio_downloads/customers_190137736461.parquet', '/tmp/minio_downloads/customers_190137787947.parquet', '/tmp/minio_downloads/customers_190137839219.parquet', '/tmp/minio_downloads/customers_190137888382.parquet', '/tmp/minio_downloads/customers_190137935832.parquet', '/tmp/minio_downloads/customers_190137986486.parquet', '/tmp/minio_downloads/customers_190138038505.parquet', '/tmp/minio_downloads/customers_190138107616.parquet', '/tmp/minio_downloads/customers_190138169555.parquet', '/tmp/minio_downloads/customers_190138226465.parquet', '/tmp/minio_downloads/customers_190138304921.parquet', '/tmp/minio_downloads/customers_190138364174.parquet', '/tmp/minio_downloads/customers_190138432863.parquet', '/tmp/minio_downloads/customers_190138495682.parquet', '/tmp/minio_downloads/customers_190138578969.parquet', '/tmp/minio_downloads/customers_190138651839.parquet', '/tmp/minio_downloads/customers_190138721874.parquet', '/tmp/minio_downloads/customers_190138789535.parquet', '/tmp/minio_downloads/customers_190138845434.parquet', '/tmp/minio_downloads/customers_190138905662.parquet', '/tmp/minio_downloads/customers_190138968687.parquet', '/tmp/minio_downloads/customers_190139031810.parquet', '/tmp/minio_downloads/customers_190139087380.parquet', '/tmp/minio_downloads/customers_190139142629.parquet', '/tmp/minio_downloads/customers_190139224460.parquet', '/tmp/minio_downloads/customers_190139336847.parquet', '/tmp/minio_downloads/customers_190139446805.parquet', '/tmp/minio_downloads/customers_190139537292.parquet', '/tmp/minio_downloads/customers_190139614237.parquet', '/tmp/minio_downloads/customers_190139685084.parquet', '/tmp/minio_downloads/customers_190139752979.parquet', '/tmp/minio_downloads/customers_190139809536.parquet', '/tmp/minio_downloads/customers_190139865207.parquet', '/tmp/minio_downloads/customers_190139920838.parquet', '/tmp/minio_downloads/customers_190140018171.parquet', '/tmp/minio_downloads/customers_190140106906.parquet', '/tmp/minio_downloads/customers_190140180645.parquet', '/tmp/minio_downloads/customers_190140245926.parquet', '/tmp/minio_downloads/customers_190140303625.parquet', '/tmp/minio_downloads/customers_190140373289.parquet', '/tmp/minio_downloads/customers_190140482555.parquet', '/tmp/minio_downloads/customers_190140574962.parquet', '/tmp/minio_downloads/customers_190140645381.parquet', '/tmp/minio_downloads/customers_190140714886.parquet', '/tmp/minio_downloads/customers_190140792916.parquet', '/tmp/minio_downloads/customers_190140855292.parquet', '/tmp/minio_downloads/customers_190140915544.parquet', '/tmp/minio_downloads/customers_190140970565.parquet', '/tmp/minio_downloads/customers_190141025800.parquet', '/tmp/minio_downloads/customers_190141085798.parquet', '/tmp/minio_downloads/customers_190141143360.parquet', '/tmp/minio_downloads/customers_190141207606.parquet', '/tmp/minio_downloads/customers_190141272924.parquet', '/tmp/minio_downloads/customers_190141331653.parquet', '/tmp/minio_downloads/customers_190141384064.parquet', '/tmp/minio_downloads/customers_190141452758.parquet', '/tmp/minio_downloads/customers_190141523955.parquet', '/tmp/minio_downloads/customers_190141601091.parquet', '/tmp/minio_downloads/customers_190141666860.parquet', '/tmp/minio_downloads/customers_190141734317.parquet', '/tmp/minio_downloads/customers_190141797223.parquet', '/tmp/minio_downloads/customers_190141855437.parquet', '/tmp/minio_downloads/customers_190141909809.parquet', '/tmp/minio_downloads/customers_190141963132.parquet', '/tmp/minio_downloads/customers_190142031820.parquet', '/tmp/minio_downloads/customers_190142133562.parquet', '/tmp/minio_downloads/customers_190142200156.parquet', '/tmp/minio_downloads/customers_190142276412.parquet', '/tmp/minio_downloads/customers_190142357783.parquet', '/tmp/minio_downloads/customers_190142437611.parquet', '/tmp/minio_downloads/customers_190142517058.parquet', '/tmp/minio_downloads/customers_190142591045.parquet', '/tmp/minio_downloads/customers_190142671609.parquet', '/tmp/minio_downloads/customers_190142733046.parquet', '/tmp/minio_downloads/customers_190142868857.parquet', '/tmp/minio_downloads/customers_190143012723.parquet', '/tmp/minio_downloads/customers_190143114526.parquet', '/tmp/minio_downloads/customers_190143210657.parquet', '/tmp/minio_downloads/customers_190143266079.parquet', '/tmp/minio_downloads/customers_190143342983.parquet', '/tmp/minio_downloads/customers_190143422918.parquet', '/tmp/minio_downloads/customers_190143486297.parquet', '/tmp/minio_downloads/customers_190143554839.parquet', '/tmp/minio_downloads/customers_190143631809.parquet', '/tmp/minio_downloads/customers_190143720153.parquet', '/tmp/minio_downloads/customers_190143814757.parquet', '/tmp/minio_downloads/customers_190143914687.parquet', '/tmp/minio_downloads/customers_190144016870.parquet', '/tmp/minio_downloads/customers_190144097760.parquet', '/tmp/minio_downloads/customers_190144165362.parquet', '/tmp/minio_downloads/customers_190144219895.parquet', '/tmp/minio_downloads/customers_190144276140.parquet', '/tmp/minio_downloads/customers_190144335636.parquet', '/tmp/minio_downloads/customers_190144391424.parquet', '/tmp/minio_downloads/customers_190144468677.parquet', '/tmp/minio_downloads/customers_190144557018.parquet', '/tmp/minio_downloads/customers_190144678194.parquet', '/tmp/minio_downloads/customers_190144790046.parquet', '/tmp/minio_downloads/customers_190144876994.parquet', '/tmp/minio_downloads/customers_190144948552.parquet', '/tmp/minio_downloads/customers_190145016670.parquet', '/tmp/minio_downloads/customers_190145082851.parquet', '/tmp/minio_downloads/customers_190145145106.parquet', '/tmp/minio_downloads/customers_190145209849.parquet', '/tmp/minio_downloads/customers_190145274355.parquet', '/tmp/minio_downloads/customers_190145335174.parquet', '/tmp/minio_downloads/customers_190145391987.parquet', '/tmp/minio_downloads/customers_190145449141.parquet', '/tmp/minio_downloads/customers_190145517234.parquet', '/tmp/minio_downloads/customers_190145574072.parquet', '/tmp/minio_downloads/customers_190145633431.parquet', '/tmp/minio_downloads/customers_190534056791.parquet', '/tmp/minio_downloads/customers_190534138913.parquet', '/tmp/minio_downloads/customers_190534229894.parquet', '/tmp/minio_downloads/customers_190534306790.parquet', '/tmp/minio_downloads/customers_190534388373.parquet', '/tmp/minio_downloads/customers_190534488935.parquet', '/tmp/minio_downloads/customers_190534569834.parquet', '/tmp/minio_downloads/customers_190534670967.parquet', '/tmp/minio_downloads/customers_190534749320.parquet', '/tmp/minio_downloads/customers_190534820934.parquet', '/tmp/minio_downloads/customers_190534904719.parquet', '/tmp/minio_downloads/customers_190534971629.parquet', '/tmp/minio_downloads/customers_190535042505.parquet', '/tmp/minio_downloads/customers_190535119196.parquet', '/tmp/minio_downloads/customers_190535229129.parquet', '/tmp/minio_downloads/customers_190535309317.parquet', '/tmp/minio_downloads/customers_190535384613.parquet', '/tmp/minio_downloads/customers_190535464854.parquet', '/tmp/minio_downloads/customers_190535532848.parquet', '/tmp/minio_downloads/customers_190535602948.parquet', '/tmp/minio_downloads/customers_190535690478.parquet', '/tmp/minio_downloads/customers_190535780849.parquet', '/tmp/minio_downloads/customers_190535851658.parquet', '/tmp/minio_downloads/customers_190535925295.parquet', '/tmp/minio_downloads/customers_190535997859.parquet', '/tmp/minio_downloads/customers_190536086075.parquet', '/tmp/minio_downloads/customers_190536180505.parquet', '/tmp/minio_downloads/customers_190536278448.parquet', '/tmp/minio_downloads/customers_190536373125.parquet', '/tmp/minio_downloads/customers_190536467464.parquet', '/tmp/minio_downloads/customers_190536549057.parquet', '/tmp/minio_downloads/customers_190536620054.parquet', '/tmp/minio_downloads/customers_190536699784.parquet', '/tmp/minio_downloads/customers_190536806645.parquet', '/tmp/minio_downloads/customers_190536898613.parquet', '/tmp/minio_downloads/customers_190536988001.parquet', '/tmp/minio_downloads/customers_190537077442.parquet', '/tmp/minio_downloads/customers_190537171845.parquet', '/tmp/minio_downloads/customers_190537264699.parquet', '/tmp/minio_downloads/customers_190537351041.parquet', '/tmp/minio_downloads/customers_190537453087.parquet', '/tmp/minio_downloads/customers_190537539317.parquet', '/tmp/minio_downloads/customers_190537628958.parquet', '/tmp/minio_downloads/customers_190537698926.parquet', '/tmp/minio_downloads/customers_190537782859.parquet', '/tmp/minio_downloads/customers_190537864698.parquet', '/tmp/minio_downloads/customers_190537966412.parquet', '/tmp/minio_downloads/customers_190538051554.parquet', '/tmp/minio_downloads/customers_190538139232.parquet', '/tmp/minio_downloads/customers_190538238838.parquet', '/tmp/minio_downloads/customers_190538319208.parquet', '/tmp/minio_downloads/customers_190538401542.parquet', '/tmp/minio_downloads/customers_190538520453.parquet', '/tmp/minio_downloads/customers_190538622560.parquet', '/tmp/minio_downloads/customers_190538754722.parquet', '/tmp/minio_downloads/customers_190538851756.parquet', '/tmp/minio_downloads/customers_190538932465.parquet', '/tmp/minio_downloads/customers_190539034113.parquet', '/tmp/minio_downloads/customers_190539123794.parquet', '/tmp/minio_downloads/customers_190539218906.parquet', '/tmp/minio_downloads/customers_190539305398.parquet', '/tmp/minio_downloads/customers_190539398328.parquet', '/tmp/minio_downloads/customers_190539485603.parquet', '/tmp/minio_downloads/customers_190539545725.parquet', '/tmp/minio_downloads/customers_190539631258.parquet', '/tmp/minio_downloads/customers_190539702957.parquet', '/tmp/minio_downloads/customers_190539810453.parquet', '/tmp/minio_downloads/customers_190539891072.parquet', '/tmp/minio_downloads/customers_190539966747.parquet', '/tmp/minio_downloads/customers_190540032826.parquet', '/tmp/minio_downloads/customers_190540094324.parquet', '/tmp/minio_downloads/customers_190540145473.parquet', '/tmp/minio_downloads/customers_190540218333.parquet', '/tmp/minio_downloads/customers_190540297881.parquet', '/tmp/minio_downloads/customers_190540431964.parquet', '/tmp/minio_downloads/customers_190540532109.parquet', '/tmp/minio_downloads/customers_190540632663.parquet', '/tmp/minio_downloads/customers_190540698435.parquet', '/tmp/minio_downloads/customers_190540788621.parquet', '/tmp/minio_downloads/customers_190540897663.parquet', '/tmp/minio_downloads/customers_190540987831.parquet', '/tmp/minio_downloads/customers_190541083808.parquet', '/tmp/minio_downloads/customers_190541180385.parquet', '/tmp/minio_downloads/customers_190541250391.parquet', '/tmp/minio_downloads/customers_190541326247.parquet', '/tmp/minio_downloads/customers_190541417928.parquet', '/tmp/minio_downloads/customers_190541508020.parquet', '/tmp/minio_downloads/customers_190541605258.parquet', '/tmp/minio_downloads/customers_190541704160.parquet', '/tmp/minio_downloads/customers_190541809177.parquet', '/tmp/minio_downloads/customers_190541890253.parquet', '/tmp/minio_downloads/customers_190541975527.parquet', '/tmp/minio_downloads/customers_190542069653.parquet', '/tmp/minio_downloads/customers_190542158324.parquet', '/tmp/minio_downloads/customers_190542256906.parquet', '/tmp/minio_downloads/customers_190542327925.parquet', '/tmp/minio_downloads/customers_190542420735.parquet', '/tmp/minio_downloads/customers_190542520754.parquet', '/tmp/minio_downloads/customers_190542616822.parquet', '/tmp/minio_downloads/customers_190542700221.parquet', '/tmp/minio_downloads/customers_190542791697.parquet', '/tmp/minio_downloads/customers_190542885597.parquet', '/tmp/minio_downloads/customers_190542986434.parquet', '/tmp/minio_downloads/customers_190543076927.parquet', '/tmp/minio_downloads/customers_190543158006.parquet', '/tmp/minio_downloads/customers_190543253590.parquet', '/tmp/minio_downloads/customers_190543347569.parquet', '/tmp/minio_downloads/customers_190543450649.parquet', '/tmp/minio_downloads/customers_190543527911.parquet', '/tmp/minio_downloads/customers_190543616646.parquet', '/tmp/minio_downloads/customers_190543675363.parquet', '/tmp/minio_downloads/customers_190543752703.parquet', '/tmp/minio_downloads/customers_190543830423.parquet', '/tmp/minio_downloads/customers_190543903971.parquet', '/tmp/minio_downloads/customers_190544000846.parquet', '/tmp/minio_downloads/customers_190544281094.parquet', '/tmp/minio_downloads/customers_190544373713.parquet', '/tmp/minio_downloads/customers_190544483521.parquet', '/tmp/minio_downloads/customers_190544579549.parquet', '/tmp/minio_downloads/customers_190544676498.parquet', '/tmp/minio_downloads/customers_190544796803.parquet', '/tmp/minio_downloads/customers_190544882394.parquet', '/tmp/minio_downloads/customers_190544979467.parquet', '/tmp/minio_downloads/customers_190545064056.parquet', '/tmp/minio_downloads/customers_190545142528.parquet', '/tmp/minio_downloads/customers_190545231464.parquet', '/tmp/minio_downloads/customers_190545320319.parquet', '/tmp/minio_downloads/customers_190545414688.parquet', '/tmp/minio_downloads/customers_190545504552.parquet', '/tmp/minio_downloads/customers_190545592817.parquet', '/tmp/minio_downloads/customers_190545677112.parquet', '/tmp/minio_downloads/customers_190545762209.parquet', '/tmp/minio_downloads/customers_190545857188.parquet', '/tmp/minio_downloads/customers_190545941631.parquet', '/tmp/minio_downloads/customers_190546066925.parquet', '/tmp/minio_downloads/customers_190546200445.parquet', '/tmp/minio_downloads/customers_190546401040.parquet', '/tmp/minio_downloads/customers_190546534721.parquet', '/tmp/minio_downloads/customers_190546650046.parquet', '/tmp/minio_downloads/customers_190546730740.parquet', '/tmp/minio_downloads/customers_190546821615.parquet', '/tmp/minio_downloads/customers_190546967196.parquet', '/tmp/minio_downloads/customers_190547069169.parquet', '/tmp/minio_downloads/customers_190547180349.parquet', '/tmp/minio_downloads/customers_190547298924.parquet', '/tmp/minio_downloads/customers_190547397974.parquet', '/tmp/minio_downloads/customers_190547490619.parquet', '/tmp/minio_downloads/customers_190547572865.parquet', '/tmp/minio_downloads/customers_190547704148.parquet', '/tmp/minio_downloads/customers_190547807274.parquet', '/tmp/minio_downloads/customers_190547917145.parquet', '/tmp/minio_downloads/customers_190548029999.parquet', '/tmp/minio_downloads/customers_190548266308.parquet', '/tmp/minio_downloads/customers_190548394163.parquet', '/tmp/minio_downloads/customers_190548536088.parquet', '/tmp/minio_downloads/customers_190548676002.parquet', '/tmp/minio_downloads/customers_190548771118.parquet', '/tmp/minio_downloads/customers_190548892969.parquet', '/tmp/minio_downloads/customers_190549033306.parquet', '/tmp/minio_downloads/customers_190549230903.parquet', '/tmp/minio_downloads/customers_190549462742.parquet', '/tmp/minio_downloads/customers_190549619471.parquet', '/tmp/minio_downloads/customers_190549770486.parquet', '/tmp/minio_downloads/customers_190549876529.parquet', '/tmp/minio_downloads/customers_190549971353.parquet', '/tmp/minio_downloads/customers_190550068702.parquet', '/tmp/minio_downloads/customers_190550194333.parquet', '/tmp/minio_downloads/customers_190550294357.parquet', '/tmp/minio_downloads/customers_190550397429.parquet', '/tmp/minio_downloads/customers_190550501208.parquet', '/tmp/minio_downloads/customers_190550607851.parquet', '/tmp/minio_downloads/customers_190550700394.parquet', '/tmp/minio_downloads/customers_190550794280.parquet', '/tmp/minio_downloads/customers_190550891503.parquet', '/tmp/minio_downloads/customers_190550994311.parquet', '/tmp/minio_downloads/customers_190551088520.parquet', '/tmp/minio_downloads/customers_190551191279.parquet', '/tmp/minio_downloads/customers_190551320015.parquet', '/tmp/minio_downloads/customers_190551566283.parquet', '/tmp/minio_downloads/customers_190551703347.parquet', '/tmp/minio_downloads/customers_190551812591.parquet', '/tmp/minio_downloads/customers_190551904318.parquet', '/tmp/minio_downloads/customers_190552004461.parquet', '/tmp/minio_downloads/customers_190552097320.parquet', '/tmp/minio_downloads/customers_190552188541.parquet', '/tmp/minio_downloads/customers_190552271018.parquet', '/tmp/minio_downloads/customers_190552375917.parquet', '/tmp/minio_downloads/customers_190552470373.parquet', '/tmp/minio_downloads/customers_190552566985.parquet', '/tmp/minio_downloads/customers_190552655317.parquet', '/tmp/minio_downloads/customers_190552740056.parquet', '/tmp/minio_downloads/customers_190552818721.parquet', '/tmp/minio_downloads/customers_190552890918.parquet', '/tmp/minio_downloads/customers_190552982498.parquet', '/tmp/minio_downloads/customers_190553083327.parquet', '/tmp/minio_downloads/customers_190553154570.parquet', '/tmp/minio_downloads/customers_190553244293.parquet', '/tmp/minio_downloads/customers_190553323904.parquet', '/tmp/minio_downloads/customers_190553400034.parquet', '/tmp/minio_downloads/customers_190553482689.parquet', '/tmp/minio_downloads/customers_190553616146.parquet', '/tmp/minio_downloads/customers_190553728893.parquet', '/tmp/minio_downloads/customers_190553847463.parquet', '/tmp/minio_downloads/customers_190553943930.parquet', '/tmp/minio_downloads/customers_190554040796.parquet', '/tmp/minio_downloads/customers_190554124900.parquet', '/tmp/minio_downloads/customers_190554206575.parquet', '/tmp/minio_downloads/customers_190554290204.parquet', '/tmp/minio_downloads/customers_190554369148.parquet', '/tmp/minio_downloads/customers_190554445379.parquet', '/tmp/minio_downloads/customers_190554526571.parquet', '/tmp/minio_downloads/customers_190554602653.parquet', '/tmp/minio_downloads/customers_190554683879.parquet', '/tmp/minio_downloads/customers_190554773602.parquet', '/tmp/minio_downloads/customers_190554933217.parquet', '/tmp/minio_downloads/customers_190555005715.parquet', '/tmp/minio_downloads/customers_190555089851.parquet', '/tmp/minio_downloads/customers_190555161408.parquet', '/tmp/minio_downloads/customers_190555256911.parquet', '/tmp/minio_downloads/customers_190555353917.parquet', '/tmp/minio_downloads/customers_190555431817.parquet', '/tmp/minio_downloads/customers_190555499395.parquet', '/tmp/minio_downloads/customers_190555586984.parquet', '/tmp/minio_downloads/customers_190555668631.parquet', '/tmp/minio_downloads/customers_190555751900.parquet', '/tmp/minio_downloads/customers_190555819915.parquet', '/tmp/minio_downloads/customers_190555925301.parquet', '/tmp/minio_downloads/customers_190556047856.parquet', '/tmp/minio_downloads/customers_190556143987.parquet', '/tmp/minio_downloads/customers_190556253700.parquet', '/tmp/minio_downloads/customers_190556338588.parquet', '/tmp/minio_downloads/customers_190556440622.parquet', '/tmp/minio_downloads/customers_190556537359.parquet', '/tmp/minio_downloads/customers_190556621103.parquet', '/tmp/minio_downloads/customers_190556706405.parquet', '/tmp/minio_downloads/customers_190556796662.parquet', '/tmp/minio_downloads/customers_190556890154.parquet', '/tmp/minio_downloads/customers_190556969691.parquet', '/tmp/minio_downloads/customers_190557052913.parquet', '/tmp/minio_downloads/customers_190557134088.parquet', '/tmp/minio_downloads/customers_190557235739.parquet', '/tmp/minio_downloads/customers_190557322343.parquet', '/tmp/minio_downloads/customers_190557415782.parquet', '/tmp/minio_downloads/customers_190557512593.parquet', '/tmp/minio_downloads/customers_190557597119.parquet', '/tmp/minio_downloads/customers_190557690572.parquet', '/tmp/minio_downloads/customers_190557790451.parquet', '/tmp/minio_downloads/customers_190557884076.parquet', '/tmp/minio_downloads/customers_190557952718.parquet', '/tmp/minio_downloads/customers_190558043136.parquet', '/tmp/minio_downloads/customers_190558136663.parquet', '/tmp/minio_downloads/customers_190558241585.parquet', '/tmp/minio_downloads/customers_190558350426.parquet', '/tmp/minio_downloads/customers_190558444960.parquet', '/tmp/minio_downloads/customers_190558539041.parquet', '/tmp/minio_downloads/customers_190558630829.parquet', '/tmp/minio_downloads/customers_190558717625.parquet', '/tmp/minio_downloads/customers_190558792850.parquet', '/tmp/minio_downloads/customers_190558901725.parquet', '/tmp/minio_downloads/customers_190559015858.parquet', '/tmp/minio_downloads/customers_190559103649.parquet', '/tmp/minio_downloads/customers_190559196766.parquet', '/tmp/minio_downloads/customers_190559293720.parquet', '/tmp/minio_downloads/customers_190559374608.parquet', '/tmp/minio_downloads/customers_190559468836.parquet', '/tmp/minio_downloads/customers_190559580870.parquet', '/tmp/minio_downloads/customers_190559682140.parquet', '/tmp/minio_downloads/customers_190559763988.parquet', '/tmp/minio_downloads/customers_190559852149.parquet', '/tmp/minio_downloads/customers_190559937093.parquet', '/tmp/minio_downloads/customers_190600058927.parquet', '/tmp/minio_downloads/customers_190600150855.parquet', '/tmp/minio_downloads/customers_190600259701.parquet', '/tmp/minio_downloads/customers_190600371122.parquet', '/tmp/minio_downloads/customers_190600449337.parquet', '/tmp/minio_downloads/customers_190600552087.parquet', '/tmp/minio_downloads/customers_190600644467.parquet', '/tmp/minio_downloads/customers_190600737678.parquet', '/tmp/minio_downloads/customers_190600838623.parquet', '/tmp/minio_downloads/customers_190600920539.parquet', '/tmp/minio_downloads/customers_190601010696.parquet', '/tmp/minio_downloads/customers_190601088803.parquet', '/tmp/minio_downloads/customers_190601188047.parquet', '/tmp/minio_downloads/customers_190601264029.parquet', '/tmp/minio_downloads/customers_190601380956.parquet', '/tmp/minio_downloads/customers_190601476373.parquet', '/tmp/minio_downloads/customers_190601577554.parquet', '/tmp/minio_downloads/customers_190601685124.parquet', '/tmp/minio_downloads/customers_190601764878.parquet', '/tmp/minio_downloads/customers_190601852702.parquet', '/tmp/minio_downloads/customers_190601940269.parquet', '/tmp/minio_downloads/customers_190602033750.parquet', '/tmp/minio_downloads/customers_190602126486.parquet', '/tmp/minio_downloads/customers_190602227982.parquet', '/tmp/minio_downloads/customers_190602332080.parquet', '/tmp/minio_downloads/customers_190602407815.parquet', '/tmp/minio_downloads/customers_190602507554.parquet', '/tmp/minio_downloads/customers_190602606187.parquet', '/tmp/minio_downloads/customers_190602713957.parquet', '/tmp/minio_downloads/customers_190602803821.parquet', '/tmp/minio_downloads/customers_190602892941.parquet', '/tmp/minio_downloads/customers_190602976217.parquet', '/tmp/minio_downloads/customers_190603061176.parquet', '/tmp/minio_downloads/customers_190603164697.parquet', '/tmp/minio_downloads/customers_190603285424.parquet', '/tmp/minio_downloads/customers_190603398352.parquet', '/tmp/minio_downloads/customers_190603488359.parquet', '/tmp/minio_downloads/customers_190603597418.parquet', '/tmp/minio_downloads/customers_190603692834.parquet', '/tmp/minio_downloads/customers_190603796704.parquet', '/tmp/minio_downloads/customers_190603881793.parquet', '/tmp/minio_downloads/customers_190603963319.parquet', '/tmp/minio_downloads/customers_190604047318.parquet', '/tmp/minio_downloads/customers_190604147440.parquet', '/tmp/minio_downloads/customers_190604238914.parquet', '/tmp/minio_downloads/customers_190604336354.parquet', '/tmp/minio_downloads/customers_190604431344.parquet', '/tmp/minio_downloads/customers_190604532238.parquet', '/tmp/minio_downloads/customers_190604640638.parquet', '/tmp/minio_downloads/customers_190604745426.parquet', '/tmp/minio_downloads/customers_190604853795.parquet', '/tmp/minio_downloads/customers_190604949876.parquet', '/tmp/minio_downloads/customers_190605047664.parquet', '/tmp/minio_downloads/customers_190605151340.parquet', '/tmp/minio_downloads/customers_190605242379.parquet', '/tmp/minio_downloads/customers_190605328123.parquet', '/tmp/minio_downloads/customers_190605429788.parquet', '/tmp/minio_downloads/customers_190605514488.parquet', '/tmp/minio_downloads/customers_190605675520.parquet', '/tmp/minio_downloads/customers_190605766443.parquet', '/tmp/minio_downloads/customers_190605861566.parquet', '/tmp/minio_downloads/customers_190605946062.parquet', '/tmp/minio_downloads/customers_190606011561.parquet', '/tmp/minio_downloads/customers_190606111886.parquet', '/tmp/minio_downloads/customers_190606214230.parquet', '/tmp/minio_downloads/customers_190606301360.parquet', '/tmp/minio_downloads/customers_190606396157.parquet', '/tmp/minio_downloads/customers_190606472720.parquet', '/tmp/minio_downloads/customers_190606558971.parquet', '/tmp/minio_downloads/customers_190606651803.parquet', '/tmp/minio_downloads/customers_190606758259.parquet', '/tmp/minio_downloads/customers_190606905015.parquet', '/tmp/minio_downloads/customers_190606999522.parquet', '/tmp/minio_downloads/customers_190607098445.parquet', '/tmp/minio_downloads/customers_190607219767.parquet', '/tmp/minio_downloads/customers_190607332437.parquet', '/tmp/minio_downloads/customers_190607429683.parquet', '/tmp/minio_downloads/customers_190607544099.parquet', '/tmp/minio_downloads/customers_190607679582.parquet', '/tmp/minio_downloads/customers_190607821362.parquet', '/tmp/minio_downloads/customers_190608018780.parquet', '/tmp/minio_downloads/customers_190608136287.parquet', '/tmp/minio_downloads/customers_190608245277.parquet', '/tmp/minio_downloads/customers_190608355024.parquet', '/tmp/minio_downloads/customers_190608472379.parquet', '/tmp/minio_downloads/customers_190608572915.parquet', '/tmp/minio_downloads/customers_190608659517.parquet', '/tmp/minio_downloads/customers_190608756216.parquet', '/tmp/minio_downloads/customers_190608849431.parquet', '/tmp/minio_downloads/customers_190608959528.parquet'], 'accounts': [], 'transactions': []}
[2026-07-04T14:15:14.130+0000] {taskinstance.py:441} INFO - ::group::Post task execution logs
[2026-07-04T14:15:14.200+0000] {taskinstance.py:1206} INFO - Marking task as SUCCESS. dag_id=minio_to_snowflake_ecommerce, task_id=download_minio, run_id=scheduled__2026-07-04T14:13:00+00:00, execution_date=20260704T141300, start_date=20260704T141442, end_date=20260704T141514
[2026-07-04T14:15:14.273+0000] {local_task_job_runner.py:243} INFO - Task exited with return code 0
[2026-07-04T14:15:14.318+0000] {taskinstance.py:3503} INFO - 1 downstream tasks scheduled from follow-on schedule check
[2026-07-04T14:15:14.321+0000] {local_task_job_runner.py:222} INFO - ::endgroup::
