[2026-07-05T06:17:44.021+0000] {processor.py:161} INFO - Started process (PID=52853) to work on /opt/airflow/dags/minio_to_snowflake_dag.py
[2026-07-05T06:17:44.030+0000] {processor.py:830} INFO - Processing file /opt/airflow/dags/minio_to_snowflake_dag.py for tasks to queue
[2026-07-05T06:17:44.037+0000] {logging_mixin.py:188} INFO - [2026-07-05T06:17:44.036+0000] {dagbag.py:545} INFO - Filling up the DagBag from /opt/airflow/dags/minio_to_snowflake_dag.py
[2026-07-05T06:17:52.778+0000] {processor.py:840} INFO - DAG(s) 'minio_to_snowflake_ecommerce' retrieved from /opt/airflow/dags/minio_to_snowflake_dag.py
[2026-07-05T06:17:52.850+0000] {logging_mixin.py:188} INFO - [2026-07-05T06:17:52.849+0000] {dag.py:3089} INFO - Sync 1 DAGs
[2026-07-05T06:17:52.982+0000] {logging_mixin.py:188} INFO - [2026-07-05T06:17:52.981+0000] {dag.py:3947} INFO - Setting next_dagrun for minio_to_snowflake_ecommerce to 2026-07-05 06:16:00+00:00, run_after=2026-07-05 06:17:00+00:00
[2026-07-05T06:17:53.103+0000] {processor.py:183} INFO - Processing /opt/airflow/dags/minio_to_snowflake_dag.py took 9.113 seconds
[2026-07-05T06:18:23.444+0000] {processor.py:161} INFO - Started process (PID=52857) to work on /opt/airflow/dags/minio_to_snowflake_dag.py
[2026-07-05T06:18:23.446+0000] {processor.py:830} INFO - Processing file /opt/airflow/dags/minio_to_snowflake_dag.py for tasks to queue
[2026-07-05T06:18:23.448+0000] {logging_mixin.py:188} INFO - [2026-07-05T06:18:23.448+0000] {dagbag.py:545} INFO - Filling up the DagBag from /opt/airflow/dags/minio_to_snowflake_dag.py
[2026-07-05T06:18:24.318+0000] {processor.py:840} INFO - DAG(s) 'minio_to_snowflake_ecommerce' retrieved from /opt/airflow/dags/minio_to_snowflake_dag.py
[2026-07-05T06:18:24.350+0000] {logging_mixin.py:188} INFO - [2026-07-05T06:18:24.349+0000] {dag.py:3089} INFO - Sync 1 DAGs
[2026-07-05T06:18:24.377+0000] {logging_mixin.py:188} INFO - [2026-07-05T06:18:24.376+0000] {dag.py:3947} INFO - Setting next_dagrun for minio_to_snowflake_ecommerce to 2026-07-05 06:17:00+00:00, run_after=2026-07-05 06:18:00+00:00
[2026-07-05T06:18:24.398+0000] {processor.py:183} INFO - Processing /opt/airflow/dags/minio_to_snowflake_dag.py took 0.965 seconds
[2026-07-05T06:18:54.615+0000] {processor.py:161} INFO - Started process (PID=52861) to work on /opt/airflow/dags/minio_to_snowflake_dag.py
[2026-07-05T06:18:54.617+0000] {processor.py:830} INFO - Processing file /opt/airflow/dags/minio_to_snowflake_dag.py for tasks to queue
[2026-07-05T06:18:54.619+0000] {logging_mixin.py:188} INFO - [2026-07-05T06:18:54.619+0000] {dagbag.py:545} INFO - Filling up the DagBag from /opt/airflow/dags/minio_to_snowflake_dag.py
[2026-07-05T06:18:55.408+0000] {processor.py:840} INFO - DAG(s) 'minio_to_snowflake_ecommerce' retrieved from /opt/airflow/dags/minio_to_snowflake_dag.py
[2026-07-05T06:18:55.433+0000] {logging_mixin.py:188} INFO - [2026-07-05T06:18:55.433+0000] {dag.py:3089} INFO - Sync 1 DAGs
[2026-07-05T06:18:55.454+0000] {logging_mixin.py:188} INFO - [2026-07-05T06:18:55.454+0000] {dag.py:3947} INFO - Setting next_dagrun for minio_to_snowflake_ecommerce to 2026-07-05 06:17:00+00:00, run_after=2026-07-05 06:18:00+00:00
[2026-07-05T06:18:55.472+0000] {processor.py:183} INFO - Processing /opt/airflow/dags/minio_to_snowflake_dag.py took 0.866 seconds
[2026-07-05T06:19:25.857+0000] {processor.py:161} INFO - Started process (PID=52865) to work on /opt/airflow/dags/minio_to_snowflake_dag.py
[2026-07-05T06:19:25.859+0000] {processor.py:830} INFO - Processing file /opt/airflow/dags/minio_to_snowflake_dag.py for tasks to queue
[2026-07-05T06:19:25.862+0000] {logging_mixin.py:188} INFO - [2026-07-05T06:19:25.861+0000] {dagbag.py:545} INFO - Filling up the DagBag from /opt/airflow/dags/minio_to_snowflake_dag.py
[2026-07-05T06:19:26.650+0000] {processor.py:840} INFO - DAG(s) 'minio_to_snowflake_ecommerce' retrieved from /opt/airflow/dags/minio_to_snowflake_dag.py
[2026-07-05T06:19:26.693+0000] {logging_mixin.py:188} INFO - [2026-07-05T06:19:26.692+0000] {dag.py:3089} INFO - Sync 1 DAGs
[2026-07-05T06:19:26.728+0000] {logging_mixin.py:188} INFO - [2026-07-05T06:19:26.727+0000] {dag.py:3947} INFO - Setting next_dagrun for minio_to_snowflake_ecommerce to 2026-07-05 06:18:00+00:00, run_after=2026-07-05 06:19:00+00:00
[2026-07-05T06:19:26.753+0000] {processor.py:183} INFO - Processing /opt/airflow/dags/minio_to_snowflake_dag.py took 0.904 seconds
[2026-07-05T06:19:57.201+0000] {processor.py:161} INFO - Started process (PID=52869) to work on /opt/airflow/dags/minio_to_snowflake_dag.py
[2026-07-05T06:19:57.203+0000] {processor.py:830} INFO - Processing file /opt/airflow/dags/minio_to_snowflake_dag.py for tasks to queue
[2026-07-05T06:19:57.206+0000] {logging_mixin.py:188} INFO - [2026-07-05T06:19:57.205+0000] {dagbag.py:545} INFO - Filling up the DagBag from /opt/airflow/dags/minio_to_snowflake_dag.py
[2026-07-05T06:19:57.983+0000] {processor.py:840} INFO - DAG(s) 'minio_to_snowflake_ecommerce' retrieved from /opt/airflow/dags/minio_to_snowflake_dag.py
[2026-07-05T06:19:58.015+0000] {logging_mixin.py:188} INFO - [2026-07-05T06:19:58.015+0000] {dag.py:3089} INFO - Sync 1 DAGs
[2026-07-05T06:19:58.045+0000] {logging_mixin.py:188} INFO - [2026-07-05T06:19:58.044+0000] {dag.py:3947} INFO - Setting next_dagrun for minio_to_snowflake_ecommerce to 2026-07-05 06:18:00+00:00, run_after=2026-07-05 06:19:00+00:00
[2026-07-05T06:19:58.068+0000] {processor.py:183} INFO - Processing /opt/airflow/dags/minio_to_snowflake_dag.py took 0.874 seconds
[2026-07-05T06:20:28.514+0000] {processor.py:161} INFO - Started process (PID=52873) to work on /opt/airflow/dags/minio_to_snowflake_dag.py
[2026-07-05T06:20:28.516+0000] {processor.py:830} INFO - Processing file /opt/airflow/dags/minio_to_snowflake_dag.py for tasks to queue
[2026-07-05T06:20:28.518+0000] {logging_mixin.py:188} INFO - [2026-07-05T06:20:28.518+0000] {dagbag.py:545} INFO - Filling up the DagBag from /opt/airflow/dags/minio_to_snowflake_dag.py
[2026-07-05T06:20:29.336+0000] {processor.py:840} INFO - DAG(s) 'minio_to_snowflake_ecommerce' retrieved from /opt/airflow/dags/minio_to_snowflake_dag.py
[2026-07-05T06:20:29.371+0000] {logging_mixin.py:188} INFO - [2026-07-05T06:20:29.371+0000] {dag.py:3089} INFO - Sync 1 DAGs
[2026-07-05T06:20:29.404+0000] {logging_mixin.py:188} INFO - [2026-07-05T06:20:29.404+0000] {dag.py:3947} INFO - Setting next_dagrun for minio_to_snowflake_ecommerce to 2026-07-05 06:19:00+00:00, run_after=2026-07-05 06:20:00+00:00
[2026-07-05T06:20:29.431+0000] {processor.py:183} INFO - Processing /opt/airflow/dags/minio_to_snowflake_dag.py took 0.925 seconds
[2026-07-05T06:20:59.694+0000] {processor.py:161} INFO - Started process (PID=52877) to work on /opt/airflow/dags/minio_to_snowflake_dag.py
[2026-07-05T06:20:59.695+0000] {processor.py:830} INFO - Processing file /opt/airflow/dags/minio_to_snowflake_dag.py for tasks to queue
[2026-07-05T06:20:59.698+0000] {logging_mixin.py:188} INFO - [2026-07-05T06:20:59.697+0000] {dagbag.py:545} INFO - Filling up the DagBag from /opt/airflow/dags/minio_to_snowflake_dag.py
[2026-07-05T06:21:00.589+0000] {processor.py:840} INFO - DAG(s) 'minio_to_snowflake_ecommerce' retrieved from /opt/airflow/dags/minio_to_snowflake_dag.py
[2026-07-05T06:21:00.629+0000] {logging_mixin.py:188} INFO - [2026-07-05T06:21:00.628+0000] {dag.py:3089} INFO - Sync 1 DAGs
[2026-07-05T06:21:00.668+0000] {logging_mixin.py:188} INFO - [2026-07-05T06:21:00.667+0000] {dag.py:3947} INFO - Setting next_dagrun for minio_to_snowflake_ecommerce to 2026-07-05 06:20:00+00:00, run_after=2026-07-05 06:21:00+00:00
[2026-07-05T06:21:00.694+0000] {processor.py:183} INFO - Processing /opt/airflow/dags/minio_to_snowflake_dag.py took 1.008 seconds
[2026-07-05T06:21:30.961+0000] {processor.py:161} INFO - Started process (PID=52881) to work on /opt/airflow/dags/minio_to_snowflake_dag.py
[2026-07-05T06:21:30.962+0000] {processor.py:830} INFO - Processing file /opt/airflow/dags/minio_to_snowflake_dag.py for tasks to queue
[2026-07-05T06:21:30.965+0000] {logging_mixin.py:188} INFO - [2026-07-05T06:21:30.965+0000] {dagbag.py:545} INFO - Filling up the DagBag from /opt/airflow/dags/minio_to_snowflake_dag.py
[2026-07-05T06:21:31.804+0000] {processor.py:840} INFO - DAG(s) 'minio_to_snowflake_ecommerce' retrieved from /opt/airflow/dags/minio_to_snowflake_dag.py
[2026-07-05T06:21:31.835+0000] {logging_mixin.py:188} INFO - [2026-07-05T06:21:31.835+0000] {dag.py:3089} INFO - Sync 1 DAGs
[2026-07-05T06:21:31.861+0000] {logging_mixin.py:188} INFO - [2026-07-05T06:21:31.860+0000] {dag.py:3947} INFO - Setting next_dagrun for minio_to_snowflake_ecommerce to 2026-07-05 06:20:00+00:00, run_after=2026-07-05 06:21:00+00:00
[2026-07-05T06:21:31.882+0000] {processor.py:183} INFO - Processing /opt/airflow/dags/minio_to_snowflake_dag.py took 0.930 seconds
[2026-07-05T06:22:02.152+0000] {processor.py:161} INFO - Started process (PID=52885) to work on /opt/airflow/dags/minio_to_snowflake_dag.py
[2026-07-05T06:22:02.154+0000] {processor.py:830} INFO - Processing file /opt/airflow/dags/minio_to_snowflake_dag.py for tasks to queue
[2026-07-05T06:22:02.157+0000] {logging_mixin.py:188} INFO - [2026-07-05T06:22:02.156+0000] {dagbag.py:545} INFO - Filling up the DagBag from /opt/airflow/dags/minio_to_snowflake_dag.py
[2026-07-05T06:22:03.060+0000] {processor.py:840} INFO - DAG(s) 'minio_to_snowflake_ecommerce' retrieved from /opt/airflow/dags/minio_to_snowflake_dag.py
[2026-07-05T06:22:03.091+0000] {logging_mixin.py:188} INFO - [2026-07-05T06:22:03.090+0000] {dag.py:3089} INFO - Sync 1 DAGs
[2026-07-05T06:22:03.117+0000] {logging_mixin.py:188} INFO - [2026-07-05T06:22:03.117+0000] {dag.py:3947} INFO - Setting next_dagrun for minio_to_snowflake_ecommerce to 2026-07-05 06:21:00+00:00, run_after=2026-07-05 06:22:00+00:00
[2026-07-05T06:22:03.140+0000] {processor.py:183} INFO - Processing /opt/airflow/dags/minio_to_snowflake_dag.py took 0.997 seconds
[2026-07-05T06:22:33.363+0000] {processor.py:161} INFO - Started process (PID=52889) to work on /opt/airflow/dags/minio_to_snowflake_dag.py
[2026-07-05T06:22:33.364+0000] {processor.py:830} INFO - Processing file /opt/airflow/dags/minio_to_snowflake_dag.py for tasks to queue
[2026-07-05T06:22:33.367+0000] {logging_mixin.py:188} INFO - [2026-07-05T06:22:33.366+0000] {dagbag.py:545} INFO - Filling up the DagBag from /opt/airflow/dags/minio_to_snowflake_dag.py
[2026-07-05T06:22:34.173+0000] {processor.py:840} INFO - DAG(s) 'minio_to_snowflake_ecommerce' retrieved from /opt/airflow/dags/minio_to_snowflake_dag.py
[2026-07-05T06:22:34.203+0000] {logging_mixin.py:188} INFO - [2026-07-05T06:22:34.202+0000] {dag.py:3089} INFO - Sync 1 DAGs
[2026-07-05T06:22:34.233+0000] {logging_mixin.py:188} INFO - [2026-07-05T06:22:34.232+0000] {dag.py:3947} INFO - Setting next_dagrun for minio_to_snowflake_ecommerce to 2026-07-05 06:21:00+00:00, run_after=2026-07-05 06:22:00+00:00
[2026-07-05T06:22:34.255+0000] {processor.py:183} INFO - Processing /opt/airflow/dags/minio_to_snowflake_dag.py took 0.900 seconds
[2026-07-05T06:23:04.706+0000] {processor.py:161} INFO - Started process (PID=52893) to work on /opt/airflow/dags/minio_to_snowflake_dag.py
[2026-07-05T06:23:04.710+0000] {processor.py:830} INFO - Processing file /opt/airflow/dags/minio_to_snowflake_dag.py for tasks to queue
[2026-07-05T06:23:04.716+0000] {logging_mixin.py:188} INFO - [2026-07-05T06:23:04.714+0000] {dagbag.py:545} INFO - Filling up the DagBag from /opt/airflow/dags/minio_to_snowflake_dag.py
[2026-07-05T06:23:05.736+0000] {processor.py:840} INFO - DAG(s) 'minio_to_snowflake_ecommerce' retrieved from /opt/airflow/dags/minio_to_snowflake_dag.py
[2026-07-05T06:23:05.809+0000] {logging_mixin.py:188} INFO - [2026-07-05T06:23:05.808+0000] {dag.py:3089} INFO - Sync 1 DAGs
[2026-07-05T06:23:05.845+0000] {logging_mixin.py:188} INFO - [2026-07-05T06:23:05.845+0000] {dag.py:3947} INFO - Setting next_dagrun for minio_to_snowflake_ecommerce to 2026-07-05 06:22:00+00:00, run_after=2026-07-05 06:23:00+00:00
[2026-07-05T06:23:05.872+0000] {processor.py:183} INFO - Processing /opt/airflow/dags/minio_to_snowflake_dag.py took 1.187 seconds
[2026-07-05T06:23:36.097+0000] {processor.py:161} INFO - Started process (PID=52897) to work on /opt/airflow/dags/minio_to_snowflake_dag.py
[2026-07-05T06:23:36.098+0000] {processor.py:830} INFO - Processing file /opt/airflow/dags/minio_to_snowflake_dag.py for tasks to queue
[2026-07-05T06:23:36.101+0000] {logging_mixin.py:188} INFO - [2026-07-05T06:23:36.100+0000] {dagbag.py:545} INFO - Filling up the DagBag from /opt/airflow/dags/minio_to_snowflake_dag.py
[2026-07-05T06:23:36.825+0000] {processor.py:840} INFO - DAG(s) 'minio_to_snowflake_ecommerce' retrieved from /opt/airflow/dags/minio_to_snowflake_dag.py
[2026-07-05T06:23:36.851+0000] {logging_mixin.py:188} INFO - [2026-07-05T06:23:36.851+0000] {dag.py:3089} INFO - Sync 1 DAGs
[2026-07-05T06:23:36.877+0000] {logging_mixin.py:188} INFO - [2026-07-05T06:23:36.877+0000] {dag.py:3947} INFO - Setting next_dagrun for minio_to_snowflake_ecommerce to 2026-07-05 06:22:00+00:00, run_after=2026-07-05 06:23:00+00:00
[2026-07-05T06:23:36.901+0000] {processor.py:183} INFO - Processing /opt/airflow/dags/minio_to_snowflake_dag.py took 0.811 seconds
[2026-07-05T06:24:07.247+0000] {processor.py:161} INFO - Started process (PID=52901) to work on /opt/airflow/dags/minio_to_snowflake_dag.py
[2026-07-05T06:24:07.250+0000] {processor.py:830} INFO - Processing file /opt/airflow/dags/minio_to_snowflake_dag.py for tasks to queue
[2026-07-05T06:24:07.260+0000] {logging_mixin.py:188} INFO - [2026-07-05T06:24:07.259+0000] {dagbag.py:545} INFO - Filling up the DagBag from /opt/airflow/dags/minio_to_snowflake_dag.py
[2026-07-05T06:24:08.640+0000] {processor.py:840} INFO - DAG(s) 'minio_to_snowflake_ecommerce' retrieved from /opt/airflow/dags/minio_to_snowflake_dag.py
[2026-07-05T06:24:08.680+0000] {logging_mixin.py:188} INFO - [2026-07-05T06:24:08.680+0000] {dag.py:3089} INFO - Sync 1 DAGs
[2026-07-05T06:24:08.710+0000] {logging_mixin.py:188} INFO - [2026-07-05T06:24:08.710+0000] {dag.py:3947} INFO - Setting next_dagrun for minio_to_snowflake_ecommerce to 2026-07-05 06:23:00+00:00, run_after=2026-07-05 06:24:00+00:00
[2026-07-05T06:24:08.735+0000] {processor.py:183} INFO - Processing /opt/airflow/dags/minio_to_snowflake_dag.py took 1.505 seconds
[2026-07-05T06:24:38.815+0000] {processor.py:161} INFO - Started process (PID=52905) to work on /opt/airflow/dags/minio_to_snowflake_dag.py
[2026-07-05T06:24:38.817+0000] {processor.py:830} INFO - Processing file /opt/airflow/dags/minio_to_snowflake_dag.py for tasks to queue
[2026-07-05T06:24:38.820+0000] {logging_mixin.py:188} INFO - [2026-07-05T06:24:38.819+0000] {dagbag.py:545} INFO - Filling up the DagBag from /opt/airflow/dags/minio_to_snowflake_dag.py
[2026-07-05T06:24:39.658+0000] {processor.py:840} INFO - DAG(s) 'minio_to_snowflake_ecommerce' retrieved from /opt/airflow/dags/minio_to_snowflake_dag.py
[2026-07-05T06:24:39.694+0000] {logging_mixin.py:188} INFO - [2026-07-05T06:24:39.693+0000] {dag.py:3089} INFO - Sync 1 DAGs
[2026-07-05T06:24:39.727+0000] {logging_mixin.py:188} INFO - [2026-07-05T06:24:39.727+0000] {dag.py:3947} INFO - Setting next_dagrun for minio_to_snowflake_ecommerce to 2026-07-05 06:23:00+00:00, run_after=2026-07-05 06:24:00+00:00
[2026-07-05T06:24:39.750+0000] {processor.py:183} INFO - Processing /opt/airflow/dags/minio_to_snowflake_dag.py took 0.951 seconds
[2026-07-05T06:25:10.207+0000] {processor.py:161} INFO - Started process (PID=52909) to work on /opt/airflow/dags/minio_to_snowflake_dag.py
[2026-07-05T06:25:10.208+0000] {processor.py:830} INFO - Processing file /opt/airflow/dags/minio_to_snowflake_dag.py for tasks to queue
[2026-07-05T06:25:10.211+0000] {logging_mixin.py:188} INFO - [2026-07-05T06:25:10.210+0000] {dagbag.py:545} INFO - Filling up the DagBag from /opt/airflow/dags/minio_to_snowflake_dag.py
[2026-07-05T06:25:11.022+0000] {processor.py:840} INFO - DAG(s) 'minio_to_snowflake_ecommerce' retrieved from /opt/airflow/dags/minio_to_snowflake_dag.py
[2026-07-05T06:25:11.051+0000] {logging_mixin.py:188} INFO - [2026-07-05T06:25:11.050+0000] {dag.py:3089} INFO - Sync 1 DAGs
[2026-07-05T06:25:11.074+0000] {logging_mixin.py:188} INFO - [2026-07-05T06:25:11.073+0000] {dag.py:3947} INFO - Setting next_dagrun for minio_to_snowflake_ecommerce to 2026-07-05 06:24:00+00:00, run_after=2026-07-05 06:25:00+00:00
[2026-07-05T06:25:11.092+0000] {processor.py:183} INFO - Processing /opt/airflow/dags/minio_to_snowflake_dag.py took 0.894 seconds
[2026-07-05T06:25:41.473+0000] {processor.py:161} INFO - Started process (PID=52913) to work on /opt/airflow/dags/minio_to_snowflake_dag.py
[2026-07-05T06:25:41.477+0000] {processor.py:830} INFO - Processing file /opt/airflow/dags/minio_to_snowflake_dag.py for tasks to queue
[2026-07-05T06:25:41.485+0000] {logging_mixin.py:188} INFO - [2026-07-05T06:25:41.484+0000] {dagbag.py:545} INFO - Filling up the DagBag from /opt/airflow/dags/minio_to_snowflake_dag.py
[2026-07-05T06:25:42.318+0000] {processor.py:840} INFO - DAG(s) 'minio_to_snowflake_ecommerce' retrieved from /opt/airflow/dags/minio_to_snowflake_dag.py
[2026-07-05T06:25:42.346+0000] {logging_mixin.py:188} INFO - [2026-07-05T06:25:42.345+0000] {dag.py:3089} INFO - Sync 1 DAGs
[2026-07-05T06:25:42.373+0000] {logging_mixin.py:188} INFO - [2026-07-05T06:25:42.372+0000] {dag.py:3947} INFO - Setting next_dagrun for minio_to_snowflake_ecommerce to 2026-07-05 06:24:00+00:00, run_after=2026-07-05 06:25:00+00:00
[2026-07-05T06:25:42.395+0000] {processor.py:183} INFO - Processing /opt/airflow/dags/minio_to_snowflake_dag.py took 0.938 seconds
[2026-07-05T06:26:12.688+0000] {processor.py:161} INFO - Started process (PID=52917) to work on /opt/airflow/dags/minio_to_snowflake_dag.py
[2026-07-05T06:26:12.689+0000] {processor.py:830} INFO - Processing file /opt/airflow/dags/minio_to_snowflake_dag.py for tasks to queue
[2026-07-05T06:26:12.692+0000] {logging_mixin.py:188} INFO - [2026-07-05T06:26:12.691+0000] {dagbag.py:545} INFO - Filling up the DagBag from /opt/airflow/dags/minio_to_snowflake_dag.py
[2026-07-05T06:26:13.481+0000] {processor.py:840} INFO - DAG(s) 'minio_to_snowflake_ecommerce' retrieved from /opt/airflow/dags/minio_to_snowflake_dag.py
[2026-07-05T06:26:13.524+0000] {logging_mixin.py:188} INFO - [2026-07-05T06:26:13.523+0000] {dag.py:3089} INFO - Sync 1 DAGs
[2026-07-05T06:26:13.558+0000] {logging_mixin.py:188} INFO - [2026-07-05T06:26:13.558+0000] {dag.py:3947} INFO - Setting next_dagrun for minio_to_snowflake_ecommerce to 2026-07-05 06:25:00+00:00, run_after=2026-07-05 06:26:00+00:00
[2026-07-05T06:26:13.596+0000] {processor.py:183} INFO - Processing /opt/airflow/dags/minio_to_snowflake_dag.py took 0.915 seconds
[2026-07-05T06:26:43.911+0000] {processor.py:161} INFO - Started process (PID=52921) to work on /opt/airflow/dags/minio_to_snowflake_dag.py
[2026-07-05T06:26:43.913+0000] {processor.py:830} INFO - Processing file /opt/airflow/dags/minio_to_snowflake_dag.py for tasks to queue
[2026-07-05T06:26:43.916+0000] {logging_mixin.py:188} INFO - [2026-07-05T06:26:43.916+0000] {dagbag.py:545} INFO - Filling up the DagBag from /opt/airflow/dags/minio_to_snowflake_dag.py
[2026-07-05T06:26:44.855+0000] {processor.py:840} INFO - DAG(s) 'minio_to_snowflake_ecommerce' retrieved from /opt/airflow/dags/minio_to_snowflake_dag.py
[2026-07-05T06:26:44.884+0000] {logging_mixin.py:188} INFO - [2026-07-05T06:26:44.884+0000] {dag.py:3089} INFO - Sync 1 DAGs
[2026-07-05T06:26:44.912+0000] {logging_mixin.py:188} INFO - [2026-07-05T06:26:44.912+0000] {dag.py:3947} INFO - Setting next_dagrun for minio_to_snowflake_ecommerce to 2026-07-05 06:25:00+00:00, run_after=2026-07-05 06:26:00+00:00
[2026-07-05T06:26:44.933+0000] {processor.py:183} INFO - Processing /opt/airflow/dags/minio_to_snowflake_dag.py took 1.030 seconds
[2026-07-05T06:27:15.274+0000] {processor.py:161} INFO - Started process (PID=52925) to work on /opt/airflow/dags/minio_to_snowflake_dag.py
[2026-07-05T06:27:15.275+0000] {processor.py:830} INFO - Processing file /opt/airflow/dags/minio_to_snowflake_dag.py for tasks to queue
[2026-07-05T06:27:15.278+0000] {logging_mixin.py:188} INFO - [2026-07-05T06:27:15.277+0000] {dagbag.py:545} INFO - Filling up the DagBag from /opt/airflow/dags/minio_to_snowflake_dag.py
[2026-07-05T06:27:15.988+0000] {processor.py:840} INFO - DAG(s) 'minio_to_snowflake_ecommerce' retrieved from /opt/airflow/dags/minio_to_snowflake_dag.py
[2026-07-05T06:27:16.017+0000] {logging_mixin.py:188} INFO - [2026-07-05T06:27:16.017+0000] {dag.py:3089} INFO - Sync 1 DAGs
[2026-07-05T06:27:16.049+0000] {logging_mixin.py:188} INFO - [2026-07-05T06:27:16.049+0000] {dag.py:3947} INFO - Setting next_dagrun for minio_to_snowflake_ecommerce to 2026-07-05 06:26:00+00:00, run_after=2026-07-05 06:27:00+00:00
[2026-07-05T06:27:16.071+0000] {processor.py:183} INFO - Processing /opt/airflow/dags/minio_to_snowflake_dag.py took 0.805 seconds
[2026-07-05T06:27:46.410+0000] {processor.py:161} INFO - Started process (PID=52929) to work on /opt/airflow/dags/minio_to_snowflake_dag.py
[2026-07-05T06:27:46.411+0000] {processor.py:830} INFO - Processing file /opt/airflow/dags/minio_to_snowflake_dag.py for tasks to queue
[2026-07-05T06:27:46.414+0000] {logging_mixin.py:188} INFO - [2026-07-05T06:27:46.413+0000] {dagbag.py:545} INFO - Filling up the DagBag from /opt/airflow/dags/minio_to_snowflake_dag.py
[2026-07-05T06:27:47.328+0000] {processor.py:840} INFO - DAG(s) 'minio_to_snowflake_ecommerce' retrieved from /opt/airflow/dags/minio_to_snowflake_dag.py
[2026-07-05T06:27:47.355+0000] {logging_mixin.py:188} INFO - [2026-07-05T06:27:47.355+0000] {dag.py:3089} INFO - Sync 1 DAGs
[2026-07-05T06:27:47.382+0000] {logging_mixin.py:188} INFO - [2026-07-05T06:27:47.381+0000] {dag.py:3947} INFO - Setting next_dagrun for minio_to_snowflake_ecommerce to 2026-07-05 06:26:00+00:00, run_after=2026-07-05 06:27:00+00:00
[2026-07-05T06:27:47.403+0000] {processor.py:183} INFO - Processing /opt/airflow/dags/minio_to_snowflake_dag.py took 1.001 seconds
[2026-07-05T06:28:17.708+0000] {processor.py:161} INFO - Started process (PID=52933) to work on /opt/airflow/dags/minio_to_snowflake_dag.py
[2026-07-05T06:28:17.709+0000] {processor.py:830} INFO - Processing file /opt/airflow/dags/minio_to_snowflake_dag.py for tasks to queue
[2026-07-05T06:28:17.712+0000] {logging_mixin.py:188} INFO - [2026-07-05T06:28:17.712+0000] {dagbag.py:545} INFO - Filling up the DagBag from /opt/airflow/dags/minio_to_snowflake_dag.py
[2026-07-05T06:28:18.658+0000] {processor.py:840} INFO - DAG(s) 'minio_to_snowflake_ecommerce' retrieved from /opt/airflow/dags/minio_to_snowflake_dag.py
[2026-07-05T06:28:18.709+0000] {logging_mixin.py:188} INFO - [2026-07-05T06:28:18.708+0000] {dag.py:3089} INFO - Sync 1 DAGs
[2026-07-05T06:28:18.754+0000] {logging_mixin.py:188} INFO - [2026-07-05T06:28:18.754+0000] {dag.py:3947} INFO - Setting next_dagrun for minio_to_snowflake_ecommerce to 2026-07-05 06:27:00+00:00, run_after=2026-07-05 06:28:00+00:00
[2026-07-05T06:28:18.782+0000] {processor.py:183} INFO - Processing /opt/airflow/dags/minio_to_snowflake_dag.py took 1.082 seconds
[2026-07-05T06:28:48.991+0000] {processor.py:161} INFO - Started process (PID=52937) to work on /opt/airflow/dags/minio_to_snowflake_dag.py
[2026-07-05T06:28:48.992+0000] {processor.py:830} INFO - Processing file /opt/airflow/dags/minio_to_snowflake_dag.py for tasks to queue
[2026-07-05T06:28:48.995+0000] {logging_mixin.py:188} INFO - [2026-07-05T06:28:48.994+0000] {dagbag.py:545} INFO - Filling up the DagBag from /opt/airflow/dags/minio_to_snowflake_dag.py
[2026-07-05T06:28:50.134+0000] {processor.py:840} INFO - DAG(s) 'minio_to_snowflake_ecommerce' retrieved from /opt/airflow/dags/minio_to_snowflake_dag.py
[2026-07-05T06:28:50.180+0000] {logging_mixin.py:188} INFO - [2026-07-05T06:28:50.179+0000] {dag.py:3089} INFO - Sync 1 DAGs
[2026-07-05T06:28:50.219+0000] {logging_mixin.py:188} INFO - [2026-07-05T06:28:50.218+0000] {dag.py:3947} INFO - Setting next_dagrun for minio_to_snowflake_ecommerce to 2026-07-05 06:27:00+00:00, run_after=2026-07-05 06:28:00+00:00
[2026-07-05T06:28:50.242+0000] {processor.py:183} INFO - Processing /opt/airflow/dags/minio_to_snowflake_dag.py took 1.262 seconds
[2026-07-05T06:29:20.366+0000] {processor.py:161} INFO - Started process (PID=52941) to work on /opt/airflow/dags/minio_to_snowflake_dag.py
[2026-07-05T06:29:20.368+0000] {processor.py:830} INFO - Processing file /opt/airflow/dags/minio_to_snowflake_dag.py for tasks to queue
[2026-07-05T06:29:20.372+0000] {logging_mixin.py:188} INFO - [2026-07-05T06:29:20.371+0000] {dagbag.py:545} INFO - Filling up the DagBag from /opt/airflow/dags/minio_to_snowflake_dag.py
[2026-07-05T06:29:21.208+0000] {processor.py:840} INFO - DAG(s) 'minio_to_snowflake_ecommerce' retrieved from /opt/airflow/dags/minio_to_snowflake_dag.py
[2026-07-05T06:29:21.236+0000] {logging_mixin.py:188} INFO - [2026-07-05T06:29:21.236+0000] {dag.py:3089} INFO - Sync 1 DAGs
[2026-07-05T06:29:21.260+0000] {logging_mixin.py:188} INFO - [2026-07-05T06:29:21.260+0000] {dag.py:3947} INFO - Setting next_dagrun for minio_to_snowflake_ecommerce to 2026-07-05 06:28:00+00:00, run_after=2026-07-05 06:29:00+00:00
[2026-07-05T06:29:21.282+0000] {processor.py:183} INFO - Processing /opt/airflow/dags/minio_to_snowflake_dag.py took 0.928 seconds
[2026-07-05T06:29:51.635+0000] {processor.py:161} INFO - Started process (PID=52945) to work on /opt/airflow/dags/minio_to_snowflake_dag.py
[2026-07-05T06:29:51.637+0000] {processor.py:830} INFO - Processing file /opt/airflow/dags/minio_to_snowflake_dag.py for tasks to queue
[2026-07-05T06:29:51.640+0000] {logging_mixin.py:188} INFO - [2026-07-05T06:29:51.640+0000] {dagbag.py:545} INFO - Filling up the DagBag from /opt/airflow/dags/minio_to_snowflake_dag.py
[2026-07-05T06:29:52.516+0000] {processor.py:840} INFO - DAG(s) 'minio_to_snowflake_ecommerce' retrieved from /opt/airflow/dags/minio_to_snowflake_dag.py
[2026-07-05T06:29:52.583+0000] {logging_mixin.py:188} INFO - [2026-07-05T06:29:52.582+0000] {dag.py:3089} INFO - Sync 1 DAGs
[2026-07-05T06:29:52.638+0000] {logging_mixin.py:188} INFO - [2026-07-05T06:29:52.638+0000] {dag.py:3947} INFO - Setting next_dagrun for minio_to_snowflake_ecommerce to 2026-07-05 06:28:00+00:00, run_after=2026-07-05 06:29:00+00:00
[2026-07-05T06:29:52.671+0000] {processor.py:183} INFO - Processing /opt/airflow/dags/minio_to_snowflake_dag.py took 1.045 seconds
[2026-07-05T06:30:23.012+0000] {processor.py:161} INFO - Started process (PID=52949) to work on /opt/airflow/dags/minio_to_snowflake_dag.py
[2026-07-05T06:30:23.013+0000] {processor.py:830} INFO - Processing file /opt/airflow/dags/minio_to_snowflake_dag.py for tasks to queue
[2026-07-05T06:30:23.015+0000] {logging_mixin.py:188} INFO - [2026-07-05T06:30:23.015+0000] {dagbag.py:545} INFO - Filling up the DagBag from /opt/airflow/dags/minio_to_snowflake_dag.py
[2026-07-05T06:30:23.730+0000] {processor.py:840} INFO - DAG(s) 'minio_to_snowflake_ecommerce' retrieved from /opt/airflow/dags/minio_to_snowflake_dag.py
[2026-07-05T06:30:23.756+0000] {logging_mixin.py:188} INFO - [2026-07-05T06:30:23.756+0000] {dag.py:3089} INFO - Sync 1 DAGs
[2026-07-05T06:30:23.783+0000] {logging_mixin.py:188} INFO - [2026-07-05T06:30:23.783+0000] {dag.py:3947} INFO - Setting next_dagrun for minio_to_snowflake_ecommerce to 2026-07-05 06:29:00+00:00, run_after=2026-07-05 06:30:00+00:00
[2026-07-05T06:30:23.806+0000] {processor.py:183} INFO - Processing /opt/airflow/dags/minio_to_snowflake_dag.py took 0.802 seconds
[2026-07-05T06:30:54.173+0000] {processor.py:161} INFO - Started process (PID=52953) to work on /opt/airflow/dags/minio_to_snowflake_dag.py
[2026-07-05T06:30:54.175+0000] {processor.py:830} INFO - Processing file /opt/airflow/dags/minio_to_snowflake_dag.py for tasks to queue
[2026-07-05T06:30:54.178+0000] {logging_mixin.py:188} INFO - [2026-07-05T06:30:54.177+0000] {dagbag.py:545} INFO - Filling up the DagBag from /opt/airflow/dags/minio_to_snowflake_dag.py
[2026-07-05T06:30:54.946+0000] {processor.py:840} INFO - DAG(s) 'minio_to_snowflake_ecommerce' retrieved from /opt/airflow/dags/minio_to_snowflake_dag.py
[2026-07-05T06:30:54.977+0000] {logging_mixin.py:188} INFO - [2026-07-05T06:30:54.977+0000] {dag.py:3089} INFO - Sync 1 DAGs
[2026-07-05T06:30:55.016+0000] {logging_mixin.py:188} INFO - [2026-07-05T06:30:55.016+0000] {dag.py:3947} INFO - Setting next_dagrun for minio_to_snowflake_ecommerce to 2026-07-05 06:29:00+00:00, run_after=2026-07-05 06:30:00+00:00
[2026-07-05T06:30:55.047+0000] {processor.py:183} INFO - Processing /opt/airflow/dags/minio_to_snowflake_dag.py took 0.882 seconds
[2026-07-05T06:31:25.483+0000] {processor.py:161} INFO - Started process (PID=52957) to work on /opt/airflow/dags/minio_to_snowflake_dag.py
[2026-07-05T06:31:25.484+0000] {processor.py:830} INFO - Processing file /opt/airflow/dags/minio_to_snowflake_dag.py for tasks to queue
[2026-07-05T06:31:25.487+0000] {logging_mixin.py:188} INFO - [2026-07-05T06:31:25.486+0000] {dagbag.py:545} INFO - Filling up the DagBag from /opt/airflow/dags/minio_to_snowflake_dag.py
[2026-07-05T06:31:26.212+0000] {processor.py:840} INFO - DAG(s) 'minio_to_snowflake_ecommerce' retrieved from /opt/airflow/dags/minio_to_snowflake_dag.py
[2026-07-05T06:31:26.241+0000] {logging_mixin.py:188} INFO - [2026-07-05T06:31:26.240+0000] {dag.py:3089} INFO - Sync 1 DAGs
[2026-07-05T06:31:26.265+0000] {logging_mixin.py:188} INFO - [2026-07-05T06:31:26.265+0000] {dag.py:3947} INFO - Setting next_dagrun for minio_to_snowflake_ecommerce to 2026-07-05 06:30:00+00:00, run_after=2026-07-05 06:31:00+00:00
[2026-07-05T06:31:26.285+0000] {processor.py:183} INFO - Processing /opt/airflow/dags/minio_to_snowflake_dag.py took 0.811 seconds
[2026-07-05T06:31:56.677+0000] {processor.py:161} INFO - Started process (PID=52961) to work on /opt/airflow/dags/minio_to_snowflake_dag.py
[2026-07-05T06:31:56.678+0000] {processor.py:830} INFO - Processing file /opt/airflow/dags/minio_to_snowflake_dag.py for tasks to queue
[2026-07-05T06:31:56.681+0000] {logging_mixin.py:188} INFO - [2026-07-05T06:31:56.680+0000] {dagbag.py:545} INFO - Filling up the DagBag from /opt/airflow/dags/minio_to_snowflake_dag.py
[2026-07-05T06:31:57.718+0000] {processor.py:840} INFO - DAG(s) 'minio_to_snowflake_ecommerce' retrieved from /opt/airflow/dags/minio_to_snowflake_dag.py
[2026-07-05T06:31:57.751+0000] {logging_mixin.py:188} INFO - [2026-07-05T06:31:57.750+0000] {dag.py:3089} INFO - Sync 1 DAGs
[2026-07-05T06:31:57.793+0000] {logging_mixin.py:188} INFO - [2026-07-05T06:31:57.793+0000] {dag.py:3947} INFO - Setting next_dagrun for minio_to_snowflake_ecommerce to 2026-07-05 06:30:00+00:00, run_after=2026-07-05 06:31:00+00:00
[2026-07-05T06:31:57.850+0000] {processor.py:183} INFO - Processing /opt/airflow/dags/minio_to_snowflake_dag.py took 1.182 seconds
[2026-07-05T06:32:27.954+0000] {processor.py:161} INFO - Started process (PID=52965) to work on /opt/airflow/dags/minio_to_snowflake_dag.py
[2026-07-05T06:32:27.955+0000] {processor.py:830} INFO - Processing file /opt/airflow/dags/minio_to_snowflake_dag.py for tasks to queue
[2026-07-05T06:32:27.958+0000] {logging_mixin.py:188} INFO - [2026-07-05T06:32:27.957+0000] {dagbag.py:545} INFO - Filling up the DagBag from /opt/airflow/dags/minio_to_snowflake_dag.py
[2026-07-05T06:32:28.705+0000] {processor.py:840} INFO - DAG(s) 'minio_to_snowflake_ecommerce' retrieved from /opt/airflow/dags/minio_to_snowflake_dag.py
[2026-07-05T06:32:28.756+0000] {logging_mixin.py:188} INFO - [2026-07-05T06:32:28.755+0000] {dag.py:3089} INFO - Sync 1 DAGs
[2026-07-05T06:32:28.784+0000] {logging_mixin.py:188} INFO - [2026-07-05T06:32:28.783+0000] {dag.py:3947} INFO - Setting next_dagrun for minio_to_snowflake_ecommerce to 2026-07-05 06:31:00+00:00, run_after=2026-07-05 06:32:00+00:00
[2026-07-05T06:32:28.807+0000] {processor.py:183} INFO - Processing /opt/airflow/dags/minio_to_snowflake_dag.py took 0.861 seconds
[2026-07-05T06:32:59.119+0000] {processor.py:161} INFO - Started process (PID=52969) to work on /opt/airflow/dags/minio_to_snowflake_dag.py
[2026-07-05T06:32:59.120+0000] {processor.py:830} INFO - Processing file /opt/airflow/dags/minio_to_snowflake_dag.py for tasks to queue
[2026-07-05T06:32:59.122+0000] {logging_mixin.py:188} INFO - [2026-07-05T06:32:59.122+0000] {dagbag.py:545} INFO - Filling up the DagBag from /opt/airflow/dags/minio_to_snowflake_dag.py
[2026-07-05T06:32:59.863+0000] {processor.py:840} INFO - DAG(s) 'minio_to_snowflake_ecommerce' retrieved from /opt/airflow/dags/minio_to_snowflake_dag.py
[2026-07-05T06:32:59.915+0000] {logging_mixin.py:188} INFO - [2026-07-05T06:32:59.914+0000] {dag.py:3089} INFO - Sync 1 DAGs
[2026-07-05T06:32:59.957+0000] {logging_mixin.py:188} INFO - [2026-07-05T06:32:59.957+0000] {dag.py:3947} INFO - Setting next_dagrun for minio_to_snowflake_ecommerce to 2026-07-05 06:31:00+00:00, run_after=2026-07-05 06:32:00+00:00
[2026-07-05T06:32:59.987+0000] {processor.py:183} INFO - Processing /opt/airflow/dags/minio_to_snowflake_dag.py took 0.875 seconds
[2026-07-05T06:33:30.330+0000] {processor.py:161} INFO - Started process (PID=52973) to work on /opt/airflow/dags/minio_to_snowflake_dag.py
[2026-07-05T06:33:30.332+0000] {processor.py:830} INFO - Processing file /opt/airflow/dags/minio_to_snowflake_dag.py for tasks to queue
[2026-07-05T06:33:30.336+0000] {logging_mixin.py:188} INFO - [2026-07-05T06:33:30.335+0000] {dagbag.py:545} INFO - Filling up the DagBag from /opt/airflow/dags/minio_to_snowflake_dag.py
[2026-07-05T06:33:31.196+0000] {processor.py:840} INFO - DAG(s) 'minio_to_snowflake_ecommerce' retrieved from /opt/airflow/dags/minio_to_snowflake_dag.py
[2026-07-05T06:33:31.247+0000] {logging_mixin.py:188} INFO - [2026-07-05T06:33:31.247+0000] {dag.py:3089} INFO - Sync 1 DAGs
[2026-07-05T06:33:31.289+0000] {logging_mixin.py:188} INFO - [2026-07-05T06:33:31.288+0000] {dag.py:3947} INFO - Setting next_dagrun for minio_to_snowflake_ecommerce to 2026-07-05 06:32:00+00:00, run_after=2026-07-05 06:33:00+00:00
[2026-07-05T06:33:31.316+0000] {processor.py:183} INFO - Processing /opt/airflow/dags/minio_to_snowflake_dag.py took 0.996 seconds
[2026-07-05T06:34:01.686+0000] {processor.py:161} INFO - Started process (PID=52977) to work on /opt/airflow/dags/minio_to_snowflake_dag.py
[2026-07-05T06:34:01.769+0000] {processor.py:830} INFO - Processing file /opt/airflow/dags/minio_to_snowflake_dag.py for tasks to queue
[2026-07-05T06:34:01.776+0000] {logging_mixin.py:188} INFO - [2026-07-05T06:34:01.775+0000] {dagbag.py:545} INFO - Filling up the DagBag from /opt/airflow/dags/minio_to_snowflake_dag.py
[2026-07-05T06:34:03.099+0000] {processor.py:840} INFO - DAG(s) 'minio_to_snowflake_ecommerce' retrieved from /opt/airflow/dags/minio_to_snowflake_dag.py
[2026-07-05T06:34:03.157+0000] {logging_mixin.py:188} INFO - [2026-07-05T06:34:03.156+0000] {dag.py:3089} INFO - Sync 1 DAGs
[2026-07-05T06:34:03.186+0000] {logging_mixin.py:188} INFO - [2026-07-05T06:34:03.186+0000] {dag.py:3947} INFO - Setting next_dagrun for minio_to_snowflake_ecommerce to 2026-07-05 06:33:00+00:00, run_after=2026-07-05 06:34:00+00:00
[2026-07-05T06:34:03.211+0000] {processor.py:183} INFO - Processing /opt/airflow/dags/minio_to_snowflake_dag.py took 1.539 seconds
[2026-07-05T06:34:33.531+0000] {processor.py:161} INFO - Started process (PID=52981) to work on /opt/airflow/dags/minio_to_snowflake_dag.py
[2026-07-05T06:34:33.532+0000] {processor.py:830} INFO - Processing file /opt/airflow/dags/minio_to_snowflake_dag.py for tasks to queue
[2026-07-05T06:34:33.534+0000] {logging_mixin.py:188} INFO - [2026-07-05T06:34:33.534+0000] {dagbag.py:545} INFO - Filling up the DagBag from /opt/airflow/dags/minio_to_snowflake_dag.py
[2026-07-05T06:34:34.374+0000] {processor.py:840} INFO - DAG(s) 'minio_to_snowflake_ecommerce' retrieved from /opt/airflow/dags/minio_to_snowflake_dag.py
[2026-07-05T06:34:34.407+0000] {logging_mixin.py:188} INFO - [2026-07-05T06:34:34.406+0000] {dag.py:3089} INFO - Sync 1 DAGs
[2026-07-05T06:34:34.435+0000] {logging_mixin.py:188} INFO - [2026-07-05T06:34:34.434+0000] {dag.py:3947} INFO - Setting next_dagrun for minio_to_snowflake_ecommerce to 2026-07-05 06:33:00+00:00, run_after=2026-07-05 06:34:00+00:00
[2026-07-05T06:34:34.459+0000] {processor.py:183} INFO - Processing /opt/airflow/dags/minio_to_snowflake_dag.py took 0.939 seconds
[2026-07-05T06:35:04.807+0000] {processor.py:161} INFO - Started process (PID=52985) to work on /opt/airflow/dags/minio_to_snowflake_dag.py
[2026-07-05T06:35:04.808+0000] {processor.py:830} INFO - Processing file /opt/airflow/dags/minio_to_snowflake_dag.py for tasks to queue
[2026-07-05T06:35:04.811+0000] {logging_mixin.py:188} INFO - [2026-07-05T06:35:04.810+0000] {dagbag.py:545} INFO - Filling up the DagBag from /opt/airflow/dags/minio_to_snowflake_dag.py
[2026-07-05T06:35:05.571+0000] {processor.py:840} INFO - DAG(s) 'minio_to_snowflake_ecommerce' retrieved from /opt/airflow/dags/minio_to_snowflake_dag.py
[2026-07-05T06:35:05.599+0000] {logging_mixin.py:188} INFO - [2026-07-05T06:35:05.598+0000] {dag.py:3089} INFO - Sync 1 DAGs
[2026-07-05T06:35:05.629+0000] {logging_mixin.py:188} INFO - [2026-07-05T06:35:05.629+0000] {dag.py:3947} INFO - Setting next_dagrun for minio_to_snowflake_ecommerce to 2026-07-05 06:34:00+00:00, run_after=2026-07-05 06:35:00+00:00
[2026-07-05T06:35:05.654+0000] {processor.py:183} INFO - Processing /opt/airflow/dags/minio_to_snowflake_dag.py took 0.855 seconds
[2026-07-05T06:35:36.065+0000] {processor.py:161} INFO - Started process (PID=52989) to work on /opt/airflow/dags/minio_to_snowflake_dag.py
[2026-07-05T06:35:36.066+0000] {processor.py:830} INFO - Processing file /opt/airflow/dags/minio_to_snowflake_dag.py for tasks to queue
[2026-07-05T06:35:36.069+0000] {logging_mixin.py:188} INFO - [2026-07-05T06:35:36.068+0000] {dagbag.py:545} INFO - Filling up the DagBag from /opt/airflow/dags/minio_to_snowflake_dag.py
[2026-07-05T06:35:36.915+0000] {processor.py:840} INFO - DAG(s) 'minio_to_snowflake_ecommerce' retrieved from /opt/airflow/dags/minio_to_snowflake_dag.py
[2026-07-05T06:35:36.942+0000] {logging_mixin.py:188} INFO - [2026-07-05T06:35:36.942+0000] {dag.py:3089} INFO - Sync 1 DAGs
[2026-07-05T06:35:36.966+0000] {logging_mixin.py:188} INFO - [2026-07-05T06:35:36.966+0000] {dag.py:3947} INFO - Setting next_dagrun for minio_to_snowflake_ecommerce to 2026-07-05 06:34:00+00:00, run_after=2026-07-05 06:35:00+00:00
[2026-07-05T06:35:36.984+0000] {processor.py:183} INFO - Processing /opt/airflow/dags/minio_to_snowflake_dag.py took 0.930 seconds
[2026-07-05T06:36:07.350+0000] {processor.py:161} INFO - Started process (PID=52993) to work on /opt/airflow/dags/minio_to_snowflake_dag.py
[2026-07-05T06:36:07.352+0000] {processor.py:830} INFO - Processing file /opt/airflow/dags/minio_to_snowflake_dag.py for tasks to queue
[2026-07-05T06:36:07.354+0000] {logging_mixin.py:188} INFO - [2026-07-05T06:36:07.354+0000] {dagbag.py:545} INFO - Filling up the DagBag from /opt/airflow/dags/minio_to_snowflake_dag.py
[2026-07-05T06:36:08.057+0000] {processor.py:840} INFO - DAG(s) 'minio_to_snowflake_ecommerce' retrieved from /opt/airflow/dags/minio_to_snowflake_dag.py
[2026-07-05T06:36:08.084+0000] {logging_mixin.py:188} INFO - [2026-07-05T06:36:08.083+0000] {dag.py:3089} INFO - Sync 1 DAGs
[2026-07-05T06:36:08.108+0000] {logging_mixin.py:188} INFO - [2026-07-05T06:36:08.108+0000] {dag.py:3947} INFO - Setting next_dagrun for minio_to_snowflake_ecommerce to 2026-07-05 06:35:00+00:00, run_after=2026-07-05 06:36:00+00:00
[2026-07-05T06:36:08.129+0000] {processor.py:183} INFO - Processing /opt/airflow/dags/minio_to_snowflake_dag.py took 0.787 seconds
[2026-07-05T06:36:38.427+0000] {processor.py:161} INFO - Started process (PID=52997) to work on /opt/airflow/dags/minio_to_snowflake_dag.py
[2026-07-05T06:36:38.429+0000] {processor.py:830} INFO - Processing file /opt/airflow/dags/minio_to_snowflake_dag.py for tasks to queue
[2026-07-05T06:36:38.432+0000] {logging_mixin.py:188} INFO - [2026-07-05T06:36:38.431+0000] {dagbag.py:545} INFO - Filling up the DagBag from /opt/airflow/dags/minio_to_snowflake_dag.py
[2026-07-05T06:36:39.201+0000] {processor.py:840} INFO - DAG(s) 'minio_to_snowflake_ecommerce' retrieved from /opt/airflow/dags/minio_to_snowflake_dag.py
[2026-07-05T06:36:39.232+0000] {logging_mixin.py:188} INFO - [2026-07-05T06:36:39.231+0000] {dag.py:3089} INFO - Sync 1 DAGs
[2026-07-05T06:36:39.257+0000] {logging_mixin.py:188} INFO - [2026-07-05T06:36:39.257+0000] {dag.py:3947} INFO - Setting next_dagrun for minio_to_snowflake_ecommerce to 2026-07-05 06:35:00+00:00, run_after=2026-07-05 06:36:00+00:00
[2026-07-05T06:36:39.283+0000] {processor.py:183} INFO - Processing /opt/airflow/dags/minio_to_snowflake_dag.py took 0.868 seconds
[2026-07-05T06:37:09.540+0000] {processor.py:161} INFO - Started process (PID=53001) to work on /opt/airflow/dags/minio_to_snowflake_dag.py
[2026-07-05T06:37:09.541+0000] {processor.py:830} INFO - Processing file /opt/airflow/dags/minio_to_snowflake_dag.py for tasks to queue
[2026-07-05T06:37:09.544+0000] {logging_mixin.py:188} INFO - [2026-07-05T06:37:09.544+0000] {dagbag.py:545} INFO - Filling up the DagBag from /opt/airflow/dags/minio_to_snowflake_dag.py
[2026-07-05T06:37:10.278+0000] {processor.py:840} INFO - DAG(s) 'minio_to_snowflake_ecommerce' retrieved from /opt/airflow/dags/minio_to_snowflake_dag.py
[2026-07-05T06:37:10.308+0000] {logging_mixin.py:188} INFO - [2026-07-05T06:37:10.307+0000] {dag.py:3089} INFO - Sync 1 DAGs
[2026-07-05T06:37:10.346+0000] {logging_mixin.py:188} INFO - [2026-07-05T06:37:10.346+0000] {dag.py:3947} INFO - Setting next_dagrun for minio_to_snowflake_ecommerce to 2026-07-05 06:36:00+00:00, run_after=2026-07-05 06:37:00+00:00
[2026-07-05T06:37:10.383+0000] {processor.py:183} INFO - Processing /opt/airflow/dags/minio_to_snowflake_dag.py took 0.851 seconds
[2026-07-05T06:37:40.643+0000] {processor.py:161} INFO - Started process (PID=53005) to work on /opt/airflow/dags/minio_to_snowflake_dag.py
[2026-07-05T06:37:40.644+0000] {processor.py:830} INFO - Processing file /opt/airflow/dags/minio_to_snowflake_dag.py for tasks to queue
[2026-07-05T06:37:40.647+0000] {logging_mixin.py:188} INFO - [2026-07-05T06:37:40.647+0000] {dagbag.py:545} INFO - Filling up the DagBag from /opt/airflow/dags/minio_to_snowflake_dag.py
[2026-07-05T06:37:41.446+0000] {processor.py:840} INFO - DAG(s) 'minio_to_snowflake_ecommerce' retrieved from /opt/airflow/dags/minio_to_snowflake_dag.py
[2026-07-05T06:37:41.504+0000] {logging_mixin.py:188} INFO - [2026-07-05T06:37:41.504+0000] {dag.py:3089} INFO - Sync 1 DAGs
[2026-07-05T06:37:41.558+0000] {logging_mixin.py:188} INFO - [2026-07-05T06:37:41.558+0000] {dag.py:3947} INFO - Setting next_dagrun for minio_to_snowflake_ecommerce to 2026-07-05 06:36:00+00:00, run_after=2026-07-05 06:37:00+00:00
[2026-07-05T06:37:41.599+0000] {processor.py:183} INFO - Processing /opt/airflow/dags/minio_to_snowflake_dag.py took 0.964 seconds
[2026-07-05T06:38:11.867+0000] {processor.py:161} INFO - Started process (PID=53009) to work on /opt/airflow/dags/minio_to_snowflake_dag.py
[2026-07-05T06:38:11.868+0000] {processor.py:830} INFO - Processing file /opt/airflow/dags/minio_to_snowflake_dag.py for tasks to queue
[2026-07-05T06:38:11.870+0000] {logging_mixin.py:188} INFO - [2026-07-05T06:38:11.870+0000] {dagbag.py:545} INFO - Filling up the DagBag from /opt/airflow/dags/minio_to_snowflake_dag.py
[2026-07-05T06:38:12.700+0000] {processor.py:840} INFO - DAG(s) 'minio_to_snowflake_ecommerce' retrieved from /opt/airflow/dags/minio_to_snowflake_dag.py
[2026-07-05T06:38:12.766+0000] {logging_mixin.py:188} INFO - [2026-07-05T06:38:12.765+0000] {dag.py:3089} INFO - Sync 1 DAGs
[2026-07-05T06:38:12.796+0000] {logging_mixin.py:188} INFO - [2026-07-05T06:38:12.795+0000] {dag.py:3947} INFO - Setting next_dagrun for minio_to_snowflake_ecommerce to 2026-07-05 06:37:00+00:00, run_after=2026-07-05 06:38:00+00:00
[2026-07-05T06:38:12.822+0000] {processor.py:183} INFO - Processing /opt/airflow/dags/minio_to_snowflake_dag.py took 0.963 seconds
[2026-07-05T06:38:43.192+0000] {processor.py:161} INFO - Started process (PID=53013) to work on /opt/airflow/dags/minio_to_snowflake_dag.py
[2026-07-05T06:38:43.194+0000] {processor.py:830} INFO - Processing file /opt/airflow/dags/minio_to_snowflake_dag.py for tasks to queue
[2026-07-05T06:38:43.196+0000] {logging_mixin.py:188} INFO - [2026-07-05T06:38:43.196+0000] {dagbag.py:545} INFO - Filling up the DagBag from /opt/airflow/dags/minio_to_snowflake_dag.py
[2026-07-05T06:38:43.890+0000] {processor.py:840} INFO - DAG(s) 'minio_to_snowflake_ecommerce' retrieved from /opt/airflow/dags/minio_to_snowflake_dag.py
[2026-07-05T06:38:43.924+0000] {logging_mixin.py:188} INFO - [2026-07-05T06:38:43.923+0000] {dag.py:3089} INFO - Sync 1 DAGs
[2026-07-05T06:38:43.952+0000] {logging_mixin.py:188} INFO - [2026-07-05T06:38:43.951+0000] {dag.py:3947} INFO - Setting next_dagrun for minio_to_snowflake_ecommerce to 2026-07-05 06:37:00+00:00, run_after=2026-07-05 06:38:00+00:00
[2026-07-05T06:38:43.978+0000] {processor.py:183} INFO - Processing /opt/airflow/dags/minio_to_snowflake_dag.py took 0.794 seconds
[2026-07-05T06:39:14.332+0000] {processor.py:161} INFO - Started process (PID=53017) to work on /opt/airflow/dags/minio_to_snowflake_dag.py
[2026-07-05T06:39:14.334+0000] {processor.py:830} INFO - Processing file /opt/airflow/dags/minio_to_snowflake_dag.py for tasks to queue
[2026-07-05T06:39:14.338+0000] {logging_mixin.py:188} INFO - [2026-07-05T06:39:14.337+0000] {dagbag.py:545} INFO - Filling up the DagBag from /opt/airflow/dags/minio_to_snowflake_dag.py
[2026-07-05T06:39:15.053+0000] {processor.py:840} INFO - DAG(s) 'minio_to_snowflake_ecommerce' retrieved from /opt/airflow/dags/minio_to_snowflake_dag.py
[2026-07-05T06:39:15.078+0000] {logging_mixin.py:188} INFO - [2026-07-05T06:39:15.078+0000] {dag.py:3089} INFO - Sync 1 DAGs
[2026-07-05T06:39:15.104+0000] {logging_mixin.py:188} INFO - [2026-07-05T06:39:15.104+0000] {dag.py:3947} INFO - Setting next_dagrun for minio_to_snowflake_ecommerce to 2026-07-05 06:38:00+00:00, run_after=2026-07-05 06:39:00+00:00
[2026-07-05T06:39:15.125+0000] {processor.py:183} INFO - Processing /opt/airflow/dags/minio_to_snowflake_dag.py took 0.801 seconds
[2026-07-05T06:39:45.475+0000] {processor.py:161} INFO - Started process (PID=53021) to work on /opt/airflow/dags/minio_to_snowflake_dag.py
[2026-07-05T06:39:45.476+0000] {processor.py:830} INFO - Processing file /opt/airflow/dags/minio_to_snowflake_dag.py for tasks to queue
[2026-07-05T06:39:45.478+0000] {logging_mixin.py:188} INFO - [2026-07-05T06:39:45.478+0000] {dagbag.py:545} INFO - Filling up the DagBag from /opt/airflow/dags/minio_to_snowflake_dag.py
[2026-07-05T06:39:46.262+0000] {processor.py:840} INFO - DAG(s) 'minio_to_snowflake_ecommerce' retrieved from /opt/airflow/dags/minio_to_snowflake_dag.py
[2026-07-05T06:39:46.290+0000] {logging_mixin.py:188} INFO - [2026-07-05T06:39:46.290+0000] {dag.py:3089} INFO - Sync 1 DAGs
[2026-07-05T06:39:46.316+0000] {logging_mixin.py:188} INFO - [2026-07-05T06:39:46.315+0000] {dag.py:3947} INFO - Setting next_dagrun for minio_to_snowflake_ecommerce to 2026-07-05 06:38:00+00:00, run_after=2026-07-05 06:39:00+00:00
[2026-07-05T06:39:46.336+0000] {processor.py:183} INFO - Processing /opt/airflow/dags/minio_to_snowflake_dag.py took 0.871 seconds
[2026-07-05T06:40:16.754+0000] {processor.py:161} INFO - Started process (PID=53025) to work on /opt/airflow/dags/minio_to_snowflake_dag.py
[2026-07-05T06:40:16.755+0000] {processor.py:830} INFO - Processing file /opt/airflow/dags/minio_to_snowflake_dag.py for tasks to queue
[2026-07-05T06:40:16.758+0000] {logging_mixin.py:188} INFO - [2026-07-05T06:40:16.758+0000] {dagbag.py:545} INFO - Filling up the DagBag from /opt/airflow/dags/minio_to_snowflake_dag.py
[2026-07-05T06:40:17.483+0000] {processor.py:840} INFO - DAG(s) 'minio_to_snowflake_ecommerce' retrieved from /opt/airflow/dags/minio_to_snowflake_dag.py
[2026-07-05T06:40:17.509+0000] {logging_mixin.py:188} INFO - [2026-07-05T06:40:17.508+0000] {dag.py:3089} INFO - Sync 1 DAGs
[2026-07-05T06:40:17.533+0000] {logging_mixin.py:188} INFO - [2026-07-05T06:40:17.533+0000] {dag.py:3947} INFO - Setting next_dagrun for minio_to_snowflake_ecommerce to 2026-07-05 06:39:00+00:00, run_after=2026-07-05 06:40:00+00:00
[2026-07-05T06:40:17.552+0000] {processor.py:183} INFO - Processing /opt/airflow/dags/minio_to_snowflake_dag.py took 0.810 seconds
[2026-07-05T06:40:47.864+0000] {processor.py:161} INFO - Started process (PID=53029) to work on /opt/airflow/dags/minio_to_snowflake_dag.py
[2026-07-05T06:40:47.865+0000] {processor.py:830} INFO - Processing file /opt/airflow/dags/minio_to_snowflake_dag.py for tasks to queue
[2026-07-05T06:40:47.868+0000] {logging_mixin.py:188} INFO - [2026-07-05T06:40:47.868+0000] {dagbag.py:545} INFO - Filling up the DagBag from /opt/airflow/dags/minio_to_snowflake_dag.py
[2026-07-05T06:40:48.578+0000] {processor.py:840} INFO - DAG(s) 'minio_to_snowflake_ecommerce' retrieved from /opt/airflow/dags/minio_to_snowflake_dag.py
[2026-07-05T06:40:48.612+0000] {logging_mixin.py:188} INFO - [2026-07-05T06:40:48.611+0000] {dag.py:3089} INFO - Sync 1 DAGs
[2026-07-05T06:40:48.639+0000] {logging_mixin.py:188} INFO - [2026-07-05T06:40:48.639+0000] {dag.py:3947} INFO - Setting next_dagrun for minio_to_snowflake_ecommerce to 2026-07-05 06:39:00+00:00, run_after=2026-07-05 06:40:00+00:00
[2026-07-05T06:40:48.662+0000] {processor.py:183} INFO - Processing /opt/airflow/dags/minio_to_snowflake_dag.py took 0.806 seconds
[2026-07-05T06:41:18.995+0000] {processor.py:161} INFO - Started process (PID=53033) to work on /opt/airflow/dags/minio_to_snowflake_dag.py
[2026-07-05T06:41:18.996+0000] {processor.py:830} INFO - Processing file /opt/airflow/dags/minio_to_snowflake_dag.py for tasks to queue
[2026-07-05T06:41:18.999+0000] {logging_mixin.py:188} INFO - [2026-07-05T06:41:18.999+0000] {dagbag.py:545} INFO - Filling up the DagBag from /opt/airflow/dags/minio_to_snowflake_dag.py
[2026-07-05T06:41:19.724+0000] {processor.py:840} INFO - DAG(s) 'minio_to_snowflake_ecommerce' retrieved from /opt/airflow/dags/minio_to_snowflake_dag.py
[2026-07-05T06:41:19.762+0000] {logging_mixin.py:188} INFO - [2026-07-05T06:41:19.762+0000] {dag.py:3089} INFO - Sync 1 DAGs
[2026-07-05T06:41:19.799+0000] {logging_mixin.py:188} INFO - [2026-07-05T06:41:19.798+0000] {dag.py:3947} INFO - Setting next_dagrun for minio_to_snowflake_ecommerce to 2026-07-05 06:40:00+00:00, run_after=2026-07-05 06:41:00+00:00
[2026-07-05T06:41:19.827+0000] {processor.py:183} INFO - Processing /opt/airflow/dags/minio_to_snowflake_dag.py took 0.840 seconds
[2026-07-05T06:41:50.015+0000] {processor.py:161} INFO - Started process (PID=53037) to work on /opt/airflow/dags/minio_to_snowflake_dag.py
[2026-07-05T06:41:50.017+0000] {processor.py:830} INFO - Processing file /opt/airflow/dags/minio_to_snowflake_dag.py for tasks to queue
[2026-07-05T06:41:50.020+0000] {logging_mixin.py:188} INFO - [2026-07-05T06:41:50.020+0000] {dagbag.py:545} INFO - Filling up the DagBag from /opt/airflow/dags/minio_to_snowflake_dag.py
[2026-07-05T06:41:50.793+0000] {processor.py:840} INFO - DAG(s) 'minio_to_snowflake_ecommerce' retrieved from /opt/airflow/dags/minio_to_snowflake_dag.py
[2026-07-05T06:41:50.824+0000] {logging_mixin.py:188} INFO - [2026-07-05T06:41:50.823+0000] {dag.py:3089} INFO - Sync 1 DAGs
[2026-07-05T06:41:50.851+0000] {logging_mixin.py:188} INFO - [2026-07-05T06:41:50.851+0000] {dag.py:3947} INFO - Setting next_dagrun for minio_to_snowflake_ecommerce to 2026-07-05 06:40:00+00:00, run_after=2026-07-05 06:41:00+00:00
[2026-07-05T06:41:50.867+0000] {processor.py:183} INFO - Processing /opt/airflow/dags/minio_to_snowflake_dag.py took 0.866 seconds
[2026-07-05T06:42:21.271+0000] {processor.py:161} INFO - Started process (PID=53041) to work on /opt/airflow/dags/minio_to_snowflake_dag.py
[2026-07-05T06:42:21.273+0000] {processor.py:830} INFO - Processing file /opt/airflow/dags/minio_to_snowflake_dag.py for tasks to queue
[2026-07-05T06:42:21.276+0000] {logging_mixin.py:188} INFO - [2026-07-05T06:42:21.276+0000] {dagbag.py:545} INFO - Filling up the DagBag from /opt/airflow/dags/minio_to_snowflake_dag.py
[2026-07-05T06:42:22.382+0000] {processor.py:840} INFO - DAG(s) 'minio_to_snowflake_ecommerce' retrieved from /opt/airflow/dags/minio_to_snowflake_dag.py
[2026-07-05T06:42:22.439+0000] {logging_mixin.py:188} INFO - [2026-07-05T06:42:22.438+0000] {dag.py:3089} INFO - Sync 1 DAGs
[2026-07-05T06:42:22.491+0000] {logging_mixin.py:188} INFO - [2026-07-05T06:42:22.490+0000] {dag.py:3947} INFO - Setting next_dagrun for minio_to_snowflake_ecommerce to 2026-07-05 06:41:00+00:00, run_after=2026-07-05 06:42:00+00:00
[2026-07-05T06:42:22.551+0000] {processor.py:183} INFO - Processing /opt/airflow/dags/minio_to_snowflake_dag.py took 1.291 seconds
[2026-07-05T06:42:52.870+0000] {processor.py:161} INFO - Started process (PID=53045) to work on /opt/airflow/dags/minio_to_snowflake_dag.py
[2026-07-05T06:42:52.871+0000] {processor.py:830} INFO - Processing file /opt/airflow/dags/minio_to_snowflake_dag.py for tasks to queue
[2026-07-05T06:42:52.874+0000] {logging_mixin.py:188} INFO - [2026-07-05T06:42:52.874+0000] {dagbag.py:545} INFO - Filling up the DagBag from /opt/airflow/dags/minio_to_snowflake_dag.py
[2026-07-05T06:42:54.157+0000] {processor.py:840} INFO - DAG(s) 'minio_to_snowflake_ecommerce' retrieved from /opt/airflow/dags/minio_to_snowflake_dag.py
[2026-07-05T06:42:54.192+0000] {logging_mixin.py:188} INFO - [2026-07-05T06:42:54.191+0000] {dag.py:3089} INFO - Sync 1 DAGs
[2026-07-05T06:42:54.226+0000] {logging_mixin.py:188} INFO - [2026-07-05T06:42:54.225+0000] {dag.py:3947} INFO - Setting next_dagrun for minio_to_snowflake_ecommerce to 2026-07-05 06:41:00+00:00, run_after=2026-07-05 06:42:00+00:00
[2026-07-05T06:42:54.253+0000] {processor.py:183} INFO - Processing /opt/airflow/dags/minio_to_snowflake_dag.py took 1.393 seconds
[2026-07-05T06:43:24.533+0000] {processor.py:161} INFO - Started process (PID=53049) to work on /opt/airflow/dags/minio_to_snowflake_dag.py
[2026-07-05T06:43:24.535+0000] {processor.py:830} INFO - Processing file /opt/airflow/dags/minio_to_snowflake_dag.py for tasks to queue
[2026-07-05T06:43:24.540+0000] {logging_mixin.py:188} INFO - [2026-07-05T06:43:24.540+0000] {dagbag.py:545} INFO - Filling up the DagBag from /opt/airflow/dags/minio_to_snowflake_dag.py
[2026-07-05T06:43:25.360+0000] {processor.py:840} INFO - DAG(s) 'minio_to_snowflake_ecommerce' retrieved from /opt/airflow/dags/minio_to_snowflake_dag.py
[2026-07-05T06:43:25.389+0000] {logging_mixin.py:188} INFO - [2026-07-05T06:43:25.389+0000] {dag.py:3089} INFO - Sync 1 DAGs
[2026-07-05T06:43:25.419+0000] {logging_mixin.py:188} INFO - [2026-07-05T06:43:25.418+0000] {dag.py:3947} INFO - Setting next_dagrun for minio_to_snowflake_ecommerce to 2026-07-05 06:42:00+00:00, run_after=2026-07-05 06:43:00+00:00
[2026-07-05T06:43:25.446+0000] {processor.py:183} INFO - Processing /opt/airflow/dags/minio_to_snowflake_dag.py took 0.920 seconds
[2026-07-05T06:43:55.751+0000] {processor.py:161} INFO - Started process (PID=53053) to work on /opt/airflow/dags/minio_to_snowflake_dag.py
[2026-07-05T06:43:55.753+0000] {processor.py:830} INFO - Processing file /opt/airflow/dags/minio_to_snowflake_dag.py for tasks to queue
[2026-07-05T06:43:55.756+0000] {logging_mixin.py:188} INFO - [2026-07-05T06:43:55.756+0000] {dagbag.py:545} INFO - Filling up the DagBag from /opt/airflow/dags/minio_to_snowflake_dag.py
[2026-07-05T06:43:56.743+0000] {processor.py:840} INFO - DAG(s) 'minio_to_snowflake_ecommerce' retrieved from /opt/airflow/dags/minio_to_snowflake_dag.py
[2026-07-05T06:43:56.781+0000] {logging_mixin.py:188} INFO - [2026-07-05T06:43:56.781+0000] {dag.py:3089} INFO - Sync 1 DAGs
[2026-07-05T06:43:56.819+0000] {logging_mixin.py:188} INFO - [2026-07-05T06:43:56.818+0000] {dag.py:3947} INFO - Setting next_dagrun for minio_to_snowflake_ecommerce to 2026-07-05 06:42:00+00:00, run_after=2026-07-05 06:43:00+00:00
[2026-07-05T06:43:56.847+0000] {processor.py:183} INFO - Processing /opt/airflow/dags/minio_to_snowflake_dag.py took 1.105 seconds
[2026-07-05T06:44:27.031+0000] {processor.py:161} INFO - Started process (PID=53057) to work on /opt/airflow/dags/minio_to_snowflake_dag.py
[2026-07-05T06:44:27.032+0000] {processor.py:830} INFO - Processing file /opt/airflow/dags/minio_to_snowflake_dag.py for tasks to queue
[2026-07-05T06:44:27.035+0000] {logging_mixin.py:188} INFO - [2026-07-05T06:44:27.035+0000] {dagbag.py:545} INFO - Filling up the DagBag from /opt/airflow/dags/minio_to_snowflake_dag.py
[2026-07-05T06:44:27.753+0000] {processor.py:840} INFO - DAG(s) 'minio_to_snowflake_ecommerce' retrieved from /opt/airflow/dags/minio_to_snowflake_dag.py
[2026-07-05T06:44:27.783+0000] {logging_mixin.py:188} INFO - [2026-07-05T06:44:27.783+0000] {dag.py:3089} INFO - Sync 1 DAGs
[2026-07-05T06:44:27.812+0000] {logging_mixin.py:188} INFO - [2026-07-05T06:44:27.811+0000] {dag.py:3947} INFO - Setting next_dagrun for minio_to_snowflake_ecommerce to 2026-07-05 06:43:00+00:00, run_after=2026-07-05 06:44:00+00:00
[2026-07-05T06:44:27.836+0000] {processor.py:183} INFO - Processing /opt/airflow/dags/minio_to_snowflake_dag.py took 0.815 seconds
[2026-07-05T06:44:58.131+0000] {processor.py:161} INFO - Started process (PID=53061) to work on /opt/airflow/dags/minio_to_snowflake_dag.py
[2026-07-05T06:44:58.132+0000] {processor.py:830} INFO - Processing file /opt/airflow/dags/minio_to_snowflake_dag.py for tasks to queue
[2026-07-05T06:44:58.134+0000] {logging_mixin.py:188} INFO - [2026-07-05T06:44:58.134+0000] {dagbag.py:545} INFO - Filling up the DagBag from /opt/airflow/dags/minio_to_snowflake_dag.py
[2026-07-05T06:44:58.868+0000] {processor.py:840} INFO - DAG(s) 'minio_to_snowflake_ecommerce' retrieved from /opt/airflow/dags/minio_to_snowflake_dag.py
[2026-07-05T06:44:58.892+0000] {logging_mixin.py:188} INFO - [2026-07-05T06:44:58.891+0000] {dag.py:3089} INFO - Sync 1 DAGs
[2026-07-05T06:44:58.916+0000] {logging_mixin.py:188} INFO - [2026-07-05T06:44:58.916+0000] {dag.py:3947} INFO - Setting next_dagrun for minio_to_snowflake_ecommerce to 2026-07-05 06:43:00+00:00, run_after=2026-07-05 06:44:00+00:00
[2026-07-05T06:44:58.938+0000] {processor.py:183} INFO - Processing /opt/airflow/dags/minio_to_snowflake_dag.py took 0.814 seconds
[2026-07-05T06:45:29.144+0000] {processor.py:161} INFO - Started process (PID=53065) to work on /opt/airflow/dags/minio_to_snowflake_dag.py
[2026-07-05T06:45:29.145+0000] {processor.py:830} INFO - Processing file /opt/airflow/dags/minio_to_snowflake_dag.py for tasks to queue
[2026-07-05T06:45:29.148+0000] {logging_mixin.py:188} INFO - [2026-07-05T06:45:29.148+0000] {dagbag.py:545} INFO - Filling up the DagBag from /opt/airflow/dags/minio_to_snowflake_dag.py
[2026-07-05T06:45:29.934+0000] {processor.py:840} INFO - DAG(s) 'minio_to_snowflake_ecommerce' retrieved from /opt/airflow/dags/minio_to_snowflake_dag.py
[2026-07-05T06:45:29.967+0000] {logging_mixin.py:188} INFO - [2026-07-05T06:45:29.967+0000] {dag.py:3089} INFO - Sync 1 DAGs
[2026-07-05T06:45:30.003+0000] {logging_mixin.py:188} INFO - [2026-07-05T06:45:30.003+0000] {dag.py:3947} INFO - Setting next_dagrun for minio_to_snowflake_ecommerce to 2026-07-05 06:44:00+00:00, run_after=2026-07-05 06:45:00+00:00
[2026-07-05T06:45:30.024+0000] {processor.py:183} INFO - Processing /opt/airflow/dags/minio_to_snowflake_dag.py took 0.888 seconds
[2026-07-05T06:46:00.283+0000] {processor.py:161} INFO - Started process (PID=53069) to work on /opt/airflow/dags/minio_to_snowflake_dag.py
[2026-07-05T06:46:00.284+0000] {processor.py:830} INFO - Processing file /opt/airflow/dags/minio_to_snowflake_dag.py for tasks to queue
[2026-07-05T06:46:00.287+0000] {logging_mixin.py:188} INFO - [2026-07-05T06:46:00.286+0000] {dagbag.py:545} INFO - Filling up the DagBag from /opt/airflow/dags/minio_to_snowflake_dag.py
[2026-07-05T06:46:01.089+0000] {processor.py:840} INFO - DAG(s) 'minio_to_snowflake_ecommerce' retrieved from /opt/airflow/dags/minio_to_snowflake_dag.py
[2026-07-05T06:46:01.128+0000] {logging_mixin.py:188} INFO - [2026-07-05T06:46:01.128+0000] {dag.py:3089} INFO - Sync 1 DAGs
[2026-07-05T06:46:01.156+0000] {logging_mixin.py:188} INFO - [2026-07-05T06:46:01.155+0000] {dag.py:3947} INFO - Setting next_dagrun for minio_to_snowflake_ecommerce to 2026-07-05 06:45:00+00:00, run_after=2026-07-05 06:46:00+00:00
[2026-07-05T06:46:01.178+0000] {processor.py:183} INFO - Processing /opt/airflow/dags/minio_to_snowflake_dag.py took 0.903 seconds
[2026-07-05T06:46:31.569+0000] {processor.py:161} INFO - Started process (PID=53073) to work on /opt/airflow/dags/minio_to_snowflake_dag.py
[2026-07-05T06:46:31.571+0000] {processor.py:830} INFO - Processing file /opt/airflow/dags/minio_to_snowflake_dag.py for tasks to queue
[2026-07-05T06:46:31.573+0000] {logging_mixin.py:188} INFO - [2026-07-05T06:46:31.573+0000] {dagbag.py:545} INFO - Filling up the DagBag from /opt/airflow/dags/minio_to_snowflake_dag.py
[2026-07-05T06:46:32.286+0000] {processor.py:840} INFO - DAG(s) 'minio_to_snowflake_ecommerce' retrieved from /opt/airflow/dags/minio_to_snowflake_dag.py
[2026-07-05T06:46:32.314+0000] {logging_mixin.py:188} INFO - [2026-07-05T06:46:32.313+0000] {dag.py:3089} INFO - Sync 1 DAGs
[2026-07-05T06:46:32.340+0000] {logging_mixin.py:188} INFO - [2026-07-05T06:46:32.339+0000] {dag.py:3947} INFO - Setting next_dagrun for minio_to_snowflake_ecommerce to 2026-07-05 06:45:00+00:00, run_after=2026-07-05 06:46:00+00:00
[2026-07-05T06:46:32.364+0000] {processor.py:183} INFO - Processing /opt/airflow/dags/minio_to_snowflake_dag.py took 0.803 seconds
[2026-07-05T06:47:02.653+0000] {processor.py:161} INFO - Started process (PID=53077) to work on /opt/airflow/dags/minio_to_snowflake_dag.py
[2026-07-05T06:47:02.654+0000] {processor.py:830} INFO - Processing file /opt/airflow/dags/minio_to_snowflake_dag.py for tasks to queue
[2026-07-05T06:47:02.664+0000] {logging_mixin.py:188} INFO - [2026-07-05T06:47:02.657+0000] {dagbag.py:545} INFO - Filling up the DagBag from /opt/airflow/dags/minio_to_snowflake_dag.py
[2026-07-05T06:47:03.888+0000] {processor.py:840} INFO - DAG(s) 'minio_to_snowflake_ecommerce' retrieved from /opt/airflow/dags/minio_to_snowflake_dag.py
[2026-07-05T06:47:03.923+0000] {logging_mixin.py:188} INFO - [2026-07-05T06:47:03.922+0000] {dag.py:3089} INFO - Sync 1 DAGs
[2026-07-05T06:47:03.952+0000] {logging_mixin.py:188} INFO - [2026-07-05T06:47:03.952+0000] {dag.py:3947} INFO - Setting next_dagrun for minio_to_snowflake_ecommerce to 2026-07-05 06:46:00+00:00, run_after=2026-07-05 06:47:00+00:00
[2026-07-05T06:47:03.977+0000] {processor.py:183} INFO - Processing /opt/airflow/dags/minio_to_snowflake_dag.py took 1.338 seconds
[2026-07-05T06:47:34.218+0000] {processor.py:161} INFO - Started process (PID=53081) to work on /opt/airflow/dags/minio_to_snowflake_dag.py
[2026-07-05T06:47:34.220+0000] {processor.py:830} INFO - Processing file /opt/airflow/dags/minio_to_snowflake_dag.py for tasks to queue
[2026-07-05T06:47:34.223+0000] {logging_mixin.py:188} INFO - [2026-07-05T06:47:34.222+0000] {dagbag.py:545} INFO - Filling up the DagBag from /opt/airflow/dags/minio_to_snowflake_dag.py
[2026-07-05T06:47:35.146+0000] {processor.py:840} INFO - DAG(s) 'minio_to_snowflake_ecommerce' retrieved from /opt/airflow/dags/minio_to_snowflake_dag.py
[2026-07-05T06:47:35.183+0000] {logging_mixin.py:188} INFO - [2026-07-05T06:47:35.183+0000] {dag.py:3089} INFO - Sync 1 DAGs
[2026-07-05T06:47:35.216+0000] {logging_mixin.py:188} INFO - [2026-07-05T06:47:35.216+0000] {dag.py:3947} INFO - Setting next_dagrun for minio_to_snowflake_ecommerce to 2026-07-05 06:46:00+00:00, run_after=2026-07-05 06:47:00+00:00
[2026-07-05T06:47:35.244+0000] {processor.py:183} INFO - Processing /opt/airflow/dags/minio_to_snowflake_dag.py took 1.036 seconds
[2026-07-05T06:48:05.550+0000] {processor.py:161} INFO - Started process (PID=53085) to work on /opt/airflow/dags/minio_to_snowflake_dag.py
[2026-07-05T06:48:05.551+0000] {processor.py:830} INFO - Processing file /opt/airflow/dags/minio_to_snowflake_dag.py for tasks to queue
[2026-07-05T06:48:05.553+0000] {logging_mixin.py:188} INFO - [2026-07-05T06:48:05.553+0000] {dagbag.py:545} INFO - Filling up the DagBag from /opt/airflow/dags/minio_to_snowflake_dag.py
[2026-07-05T06:48:06.391+0000] {processor.py:840} INFO - DAG(s) 'minio_to_snowflake_ecommerce' retrieved from /opt/airflow/dags/minio_to_snowflake_dag.py
[2026-07-05T06:48:06.427+0000] {logging_mixin.py:188} INFO - [2026-07-05T06:48:06.427+0000] {dag.py:3089} INFO - Sync 1 DAGs
[2026-07-05T06:48:06.458+0000] {logging_mixin.py:188} INFO - [2026-07-05T06:48:06.457+0000] {dag.py:3947} INFO - Setting next_dagrun for minio_to_snowflake_ecommerce to 2026-07-05 06:47:00+00:00, run_after=2026-07-05 06:48:00+00:00
[2026-07-05T06:48:06.480+0000] {processor.py:183} INFO - Processing /opt/airflow/dags/minio_to_snowflake_dag.py took 0.938 seconds
[2026-07-05T06:48:36.866+0000] {processor.py:161} INFO - Started process (PID=53089) to work on /opt/airflow/dags/minio_to_snowflake_dag.py
[2026-07-05T06:48:36.867+0000] {processor.py:830} INFO - Processing file /opt/airflow/dags/minio_to_snowflake_dag.py for tasks to queue
[2026-07-05T06:48:36.870+0000] {logging_mixin.py:188} INFO - [2026-07-05T06:48:36.869+0000] {dagbag.py:545} INFO - Filling up the DagBag from /opt/airflow/dags/minio_to_snowflake_dag.py
[2026-07-05T06:48:37.649+0000] {processor.py:840} INFO - DAG(s) 'minio_to_snowflake_ecommerce' retrieved from /opt/airflow/dags/minio_to_snowflake_dag.py
[2026-07-05T06:48:37.686+0000] {logging_mixin.py:188} INFO - [2026-07-05T06:48:37.686+0000] {dag.py:3089} INFO - Sync 1 DAGs
[2026-07-05T06:48:37.721+0000] {logging_mixin.py:188} INFO - [2026-07-05T06:48:37.721+0000] {dag.py:3947} INFO - Setting next_dagrun for minio_to_snowflake_ecommerce to 2026-07-05 06:47:00+00:00, run_after=2026-07-05 06:48:00+00:00
[2026-07-05T06:48:37.756+0000] {processor.py:183} INFO - Processing /opt/airflow/dags/minio_to_snowflake_dag.py took 0.899 seconds
[2026-07-05T06:49:08.073+0000] {processor.py:161} INFO - Started process (PID=53093) to work on /opt/airflow/dags/minio_to_snowflake_dag.py
[2026-07-05T06:49:08.074+0000] {processor.py:830} INFO - Processing file /opt/airflow/dags/minio_to_snowflake_dag.py for tasks to queue
[2026-07-05T06:49:08.076+0000] {logging_mixin.py:188} INFO - [2026-07-05T06:49:08.076+0000] {dagbag.py:545} INFO - Filling up the DagBag from /opt/airflow/dags/minio_to_snowflake_dag.py
[2026-07-05T06:49:08.850+0000] {processor.py:840} INFO - DAG(s) 'minio_to_snowflake_ecommerce' retrieved from /opt/airflow/dags/minio_to_snowflake_dag.py
[2026-07-05T06:49:08.884+0000] {logging_mixin.py:188} INFO - [2026-07-05T06:49:08.883+0000] {dag.py:3089} INFO - Sync 1 DAGs
[2026-07-05T06:49:08.918+0000] {logging_mixin.py:188} INFO - [2026-07-05T06:49:08.918+0000] {dag.py:3947} INFO - Setting next_dagrun for minio_to_snowflake_ecommerce to 2026-07-05 06:48:00+00:00, run_after=2026-07-05 06:49:00+00:00
[2026-07-05T06:49:08.940+0000] {processor.py:183} INFO - Processing /opt/airflow/dags/minio_to_snowflake_dag.py took 0.875 seconds
[2026-07-05T06:49:39.274+0000] {processor.py:161} INFO - Started process (PID=53097) to work on /opt/airflow/dags/minio_to_snowflake_dag.py
[2026-07-05T06:49:39.275+0000] {processor.py:830} INFO - Processing file /opt/airflow/dags/minio_to_snowflake_dag.py for tasks to queue
[2026-07-05T06:49:39.277+0000] {logging_mixin.py:188} INFO - [2026-07-05T06:49:39.277+0000] {dagbag.py:545} INFO - Filling up the DagBag from /opt/airflow/dags/minio_to_snowflake_dag.py
[2026-07-05T06:49:40.049+0000] {processor.py:840} INFO - DAG(s) 'minio_to_snowflake_ecommerce' retrieved from /opt/airflow/dags/minio_to_snowflake_dag.py
[2026-07-05T06:49:40.080+0000] {logging_mixin.py:188} INFO - [2026-07-05T06:49:40.080+0000] {dag.py:3089} INFO - Sync 1 DAGs
[2026-07-05T06:49:40.109+0000] {logging_mixin.py:188} INFO - [2026-07-05T06:49:40.109+0000] {dag.py:3947} INFO - Setting next_dagrun for minio_to_snowflake_ecommerce to 2026-07-05 06:48:00+00:00, run_after=2026-07-05 06:49:00+00:00
[2026-07-05T06:49:40.136+0000] {processor.py:183} INFO - Processing /opt/airflow/dags/minio_to_snowflake_dag.py took 0.869 seconds
[2026-07-05T06:50:10.362+0000] {processor.py:161} INFO - Started process (PID=53101) to work on /opt/airflow/dags/minio_to_snowflake_dag.py
[2026-07-05T06:50:10.363+0000] {processor.py:830} INFO - Processing file /opt/airflow/dags/minio_to_snowflake_dag.py for tasks to queue
[2026-07-05T06:50:10.365+0000] {logging_mixin.py:188} INFO - [2026-07-05T06:50:10.364+0000] {dagbag.py:545} INFO - Filling up the DagBag from /opt/airflow/dags/minio_to_snowflake_dag.py
[2026-07-05T06:50:11.083+0000] {processor.py:840} INFO - DAG(s) 'minio_to_snowflake_ecommerce' retrieved from /opt/airflow/dags/minio_to_snowflake_dag.py
[2026-07-05T06:50:11.108+0000] {logging_mixin.py:188} INFO - [2026-07-05T06:50:11.108+0000] {dag.py:3089} INFO - Sync 1 DAGs
[2026-07-05T06:50:11.130+0000] {logging_mixin.py:188} INFO - [2026-07-05T06:50:11.130+0000] {dag.py:3947} INFO - Setting next_dagrun for minio_to_snowflake_ecommerce to 2026-07-05 06:49:00+00:00, run_after=2026-07-05 06:50:00+00:00
[2026-07-05T06:50:11.150+0000] {processor.py:183} INFO - Processing /opt/airflow/dags/minio_to_snowflake_dag.py took 0.795 seconds
[2026-07-05T06:50:41.400+0000] {processor.py:161} INFO - Started process (PID=53105) to work on /opt/airflow/dags/minio_to_snowflake_dag.py
[2026-07-05T06:50:41.401+0000] {processor.py:830} INFO - Processing file /opt/airflow/dags/minio_to_snowflake_dag.py for tasks to queue
[2026-07-05T06:50:41.404+0000] {logging_mixin.py:188} INFO - [2026-07-05T06:50:41.403+0000] {dagbag.py:545} INFO - Filling up the DagBag from /opt/airflow/dags/minio_to_snowflake_dag.py
[2026-07-05T06:50:42.190+0000] {processor.py:840} INFO - DAG(s) 'minio_to_snowflake_ecommerce' retrieved from /opt/airflow/dags/minio_to_snowflake_dag.py
[2026-07-05T06:50:42.214+0000] {logging_mixin.py:188} INFO - [2026-07-05T06:50:42.213+0000] {dag.py:3089} INFO - Sync 1 DAGs
[2026-07-05T06:50:42.240+0000] {logging_mixin.py:188} INFO - [2026-07-05T06:50:42.240+0000] {dag.py:3947} INFO - Setting next_dagrun for minio_to_snowflake_ecommerce to 2026-07-05 06:49:00+00:00, run_after=2026-07-05 06:50:00+00:00
[2026-07-05T06:50:42.262+0000] {processor.py:183} INFO - Processing /opt/airflow/dags/minio_to_snowflake_dag.py took 0.869 seconds
[2026-07-05T06:51:12.619+0000] {processor.py:161} INFO - Started process (PID=53109) to work on /opt/airflow/dags/minio_to_snowflake_dag.py
[2026-07-05T06:51:12.620+0000] {processor.py:830} INFO - Processing file /opt/airflow/dags/minio_to_snowflake_dag.py for tasks to queue
[2026-07-05T06:51:12.623+0000] {logging_mixin.py:188} INFO - [2026-07-05T06:51:12.622+0000] {dagbag.py:545} INFO - Filling up the DagBag from /opt/airflow/dags/minio_to_snowflake_dag.py
[2026-07-05T06:51:13.349+0000] {processor.py:840} INFO - DAG(s) 'minio_to_snowflake_ecommerce' retrieved from /opt/airflow/dags/minio_to_snowflake_dag.py
[2026-07-05T06:51:13.376+0000] {logging_mixin.py:188} INFO - [2026-07-05T06:51:13.376+0000] {dag.py:3089} INFO - Sync 1 DAGs
[2026-07-05T06:51:13.400+0000] {logging_mixin.py:188} INFO - [2026-07-05T06:51:13.400+0000] {dag.py:3947} INFO - Setting next_dagrun for minio_to_snowflake_ecommerce to 2026-07-05 06:50:00+00:00, run_after=2026-07-05 06:51:00+00:00
[2026-07-05T06:51:13.425+0000] {processor.py:183} INFO - Processing /opt/airflow/dags/minio_to_snowflake_dag.py took 0.813 seconds
[2026-07-05T06:51:43.786+0000] {processor.py:161} INFO - Started process (PID=53113) to work on /opt/airflow/dags/minio_to_snowflake_dag.py
[2026-07-05T06:51:43.788+0000] {processor.py:830} INFO - Processing file /opt/airflow/dags/minio_to_snowflake_dag.py for tasks to queue
[2026-07-05T06:51:43.791+0000] {logging_mixin.py:188} INFO - [2026-07-05T06:51:43.791+0000] {dagbag.py:545} INFO - Filling up the DagBag from /opt/airflow/dags/minio_to_snowflake_dag.py
[2026-07-05T06:51:44.599+0000] {processor.py:840} INFO - DAG(s) 'minio_to_snowflake_ecommerce' retrieved from /opt/airflow/dags/minio_to_snowflake_dag.py
[2026-07-05T06:51:44.626+0000] {logging_mixin.py:188} INFO - [2026-07-05T06:51:44.626+0000] {dag.py:3089} INFO - Sync 1 DAGs
[2026-07-05T06:51:44.652+0000] {logging_mixin.py:188} INFO - [2026-07-05T06:51:44.651+0000] {dag.py:3947} INFO - Setting next_dagrun for minio_to_snowflake_ecommerce to 2026-07-05 06:50:00+00:00, run_after=2026-07-05 06:51:00+00:00
[2026-07-05T06:51:44.675+0000] {processor.py:183} INFO - Processing /opt/airflow/dags/minio_to_snowflake_dag.py took 0.898 seconds
[2026-07-05T06:52:15.104+0000] {processor.py:161} INFO - Started process (PID=53117) to work on /opt/airflow/dags/minio_to_snowflake_dag.py
[2026-07-05T06:52:15.105+0000] {processor.py:830} INFO - Processing file /opt/airflow/dags/minio_to_snowflake_dag.py for tasks to queue
[2026-07-05T06:52:15.107+0000] {logging_mixin.py:188} INFO - [2026-07-05T06:52:15.107+0000] {dagbag.py:545} INFO - Filling up the DagBag from /opt/airflow/dags/minio_to_snowflake_dag.py
[2026-07-05T06:52:15.798+0000] {processor.py:840} INFO - DAG(s) 'minio_to_snowflake_ecommerce' retrieved from /opt/airflow/dags/minio_to_snowflake_dag.py
[2026-07-05T06:52:15.827+0000] {logging_mixin.py:188} INFO - [2026-07-05T06:52:15.826+0000] {dag.py:3089} INFO - Sync 1 DAGs
[2026-07-05T06:52:15.852+0000] {logging_mixin.py:188} INFO - [2026-07-05T06:52:15.852+0000] {dag.py:3947} INFO - Setting next_dagrun for minio_to_snowflake_ecommerce to 2026-07-05 06:51:00+00:00, run_after=2026-07-05 06:52:00+00:00
[2026-07-05T06:52:15.877+0000] {processor.py:183} INFO - Processing /opt/airflow/dags/minio_to_snowflake_dag.py took 0.787 seconds
[2026-07-05T06:52:45.951+0000] {processor.py:161} INFO - Started process (PID=53121) to work on /opt/airflow/dags/minio_to_snowflake_dag.py
[2026-07-05T06:52:45.953+0000] {processor.py:830} INFO - Processing file /opt/airflow/dags/minio_to_snowflake_dag.py for tasks to queue
[2026-07-05T06:52:45.955+0000] {logging_mixin.py:188} INFO - [2026-07-05T06:52:45.955+0000] {dagbag.py:545} INFO - Filling up the DagBag from /opt/airflow/dags/minio_to_snowflake_dag.py
[2026-07-05T06:52:46.703+0000] {processor.py:840} INFO - DAG(s) 'minio_to_snowflake_ecommerce' retrieved from /opt/airflow/dags/minio_to_snowflake_dag.py
[2026-07-05T06:52:46.734+0000] {logging_mixin.py:188} INFO - [2026-07-05T06:52:46.733+0000] {dag.py:3089} INFO - Sync 1 DAGs
[2026-07-05T06:52:46.761+0000] {logging_mixin.py:188} INFO - [2026-07-05T06:52:46.761+0000] {dag.py:3947} INFO - Setting next_dagrun for minio_to_snowflake_ecommerce to 2026-07-05 06:51:00+00:00, run_after=2026-07-05 06:52:00+00:00
[2026-07-05T06:52:46.782+0000] {processor.py:183} INFO - Processing /opt/airflow/dags/minio_to_snowflake_dag.py took 0.838 seconds
[2026-07-05T06:53:17.167+0000] {processor.py:161} INFO - Started process (PID=53125) to work on /opt/airflow/dags/minio_to_snowflake_dag.py
[2026-07-05T06:53:17.168+0000] {processor.py:830} INFO - Processing file /opt/airflow/dags/minio_to_snowflake_dag.py for tasks to queue
[2026-07-05T06:53:17.170+0000] {logging_mixin.py:188} INFO - [2026-07-05T06:53:17.170+0000] {dagbag.py:545} INFO - Filling up the DagBag from /opt/airflow/dags/minio_to_snowflake_dag.py
[2026-07-05T06:53:17.870+0000] {processor.py:840} INFO - DAG(s) 'minio_to_snowflake_ecommerce' retrieved from /opt/airflow/dags/minio_to_snowflake_dag.py
[2026-07-05T06:53:17.895+0000] {logging_mixin.py:188} INFO - [2026-07-05T06:53:17.895+0000] {dag.py:3089} INFO - Sync 1 DAGs
[2026-07-05T06:53:17.923+0000] {logging_mixin.py:188} INFO - [2026-07-05T06:53:17.922+0000] {dag.py:3947} INFO - Setting next_dagrun for minio_to_snowflake_ecommerce to 2026-07-05 06:52:00+00:00, run_after=2026-07-05 06:53:00+00:00
[2026-07-05T06:53:17.960+0000] {processor.py:183} INFO - Processing /opt/airflow/dags/minio_to_snowflake_dag.py took 0.800 seconds
[2026-07-05T06:53:48.202+0000] {processor.py:161} INFO - Started process (PID=53129) to work on /opt/airflow/dags/minio_to_snowflake_dag.py
[2026-07-05T06:53:48.203+0000] {processor.py:830} INFO - Processing file /opt/airflow/dags/minio_to_snowflake_dag.py for tasks to queue
[2026-07-05T06:53:48.206+0000] {logging_mixin.py:188} INFO - [2026-07-05T06:53:48.205+0000] {dagbag.py:545} INFO - Filling up the DagBag from /opt/airflow/dags/minio_to_snowflake_dag.py
[2026-07-05T06:53:49.068+0000] {processor.py:840} INFO - DAG(s) 'minio_to_snowflake_ecommerce' retrieved from /opt/airflow/dags/minio_to_snowflake_dag.py
[2026-07-05T06:53:49.095+0000] {logging_mixin.py:188} INFO - [2026-07-05T06:53:49.094+0000] {dag.py:3089} INFO - Sync 1 DAGs
[2026-07-05T06:53:49.124+0000] {logging_mixin.py:188} INFO - [2026-07-05T06:53:49.124+0000] {dag.py:3947} INFO - Setting next_dagrun for minio_to_snowflake_ecommerce to 2026-07-05 06:52:00+00:00, run_after=2026-07-05 06:53:00+00:00
[2026-07-05T06:53:49.145+0000] {processor.py:183} INFO - Processing /opt/airflow/dags/minio_to_snowflake_dag.py took 0.952 seconds
[2026-07-05T06:54:19.353+0000] {processor.py:161} INFO - Started process (PID=53133) to work on /opt/airflow/dags/minio_to_snowflake_dag.py
[2026-07-05T06:54:19.354+0000] {processor.py:830} INFO - Processing file /opt/airflow/dags/minio_to_snowflake_dag.py for tasks to queue
[2026-07-05T06:54:19.356+0000] {logging_mixin.py:188} INFO - [2026-07-05T06:54:19.356+0000] {dagbag.py:545} INFO - Filling up the DagBag from /opt/airflow/dags/minio_to_snowflake_dag.py
[2026-07-05T06:54:20.086+0000] {processor.py:840} INFO - DAG(s) 'minio_to_snowflake_ecommerce' retrieved from /opt/airflow/dags/minio_to_snowflake_dag.py
[2026-07-05T06:54:20.113+0000] {logging_mixin.py:188} INFO - [2026-07-05T06:54:20.112+0000] {dag.py:3089} INFO - Sync 1 DAGs
[2026-07-05T06:54:20.139+0000] {logging_mixin.py:188} INFO - [2026-07-05T06:54:20.138+0000] {dag.py:3947} INFO - Setting next_dagrun for minio_to_snowflake_ecommerce to 2026-07-05 06:53:00+00:00, run_after=2026-07-05 06:54:00+00:00
[2026-07-05T06:54:20.157+0000] {processor.py:183} INFO - Processing /opt/airflow/dags/minio_to_snowflake_dag.py took 0.811 seconds
[2026-07-05T06:54:50.333+0000] {processor.py:161} INFO - Started process (PID=53137) to work on /opt/airflow/dags/minio_to_snowflake_dag.py
[2026-07-05T06:54:50.334+0000] {processor.py:830} INFO - Processing file /opt/airflow/dags/minio_to_snowflake_dag.py for tasks to queue
[2026-07-05T06:54:50.336+0000] {logging_mixin.py:188} INFO - [2026-07-05T06:54:50.336+0000] {dagbag.py:545} INFO - Filling up the DagBag from /opt/airflow/dags/minio_to_snowflake_dag.py
[2026-07-05T06:54:51.048+0000] {processor.py:840} INFO - DAG(s) 'minio_to_snowflake_ecommerce' retrieved from /opt/airflow/dags/minio_to_snowflake_dag.py
[2026-07-05T06:54:51.075+0000] {logging_mixin.py:188} INFO - [2026-07-05T06:54:51.074+0000] {dag.py:3089} INFO - Sync 1 DAGs
[2026-07-05T06:54:51.098+0000] {logging_mixin.py:188} INFO - [2026-07-05T06:54:51.098+0000] {dag.py:3947} INFO - Setting next_dagrun for minio_to_snowflake_ecommerce to 2026-07-05 06:53:00+00:00, run_after=2026-07-05 06:54:00+00:00
[2026-07-05T06:54:51.116+0000] {processor.py:183} INFO - Processing /opt/airflow/dags/minio_to_snowflake_dag.py took 0.793 seconds
[2026-07-05T06:55:21.233+0000] {processor.py:161} INFO - Started process (PID=53141) to work on /opt/airflow/dags/minio_to_snowflake_dag.py
[2026-07-05T06:55:21.235+0000] {processor.py:830} INFO - Processing file /opt/airflow/dags/minio_to_snowflake_dag.py for tasks to queue
[2026-07-05T06:55:21.240+0000] {logging_mixin.py:188} INFO - [2026-07-05T06:55:21.239+0000] {dagbag.py:545} INFO - Filling up the DagBag from /opt/airflow/dags/minio_to_snowflake_dag.py
[2026-07-05T06:55:22.690+0000] {processor.py:840} INFO - DAG(s) 'minio_to_snowflake_ecommerce' retrieved from /opt/airflow/dags/minio_to_snowflake_dag.py
[2026-07-05T06:55:22.745+0000] {logging_mixin.py:188} INFO - [2026-07-05T06:55:22.744+0000] {dag.py:3089} INFO - Sync 1 DAGs
[2026-07-05T06:55:22.794+0000] {logging_mixin.py:188} INFO - [2026-07-05T06:55:22.793+0000] {dag.py:3947} INFO - Setting next_dagrun for minio_to_snowflake_ecommerce to 2026-07-05 06:54:00+00:00, run_after=2026-07-05 06:55:00+00:00
[2026-07-05T06:55:22.841+0000] {processor.py:183} INFO - Processing /opt/airflow/dags/minio_to_snowflake_dag.py took 1.625 seconds
[2026-07-05T06:55:53.124+0000] {processor.py:161} INFO - Started process (PID=53145) to work on /opt/airflow/dags/minio_to_snowflake_dag.py
[2026-07-05T06:55:53.127+0000] {processor.py:830} INFO - Processing file /opt/airflow/dags/minio_to_snowflake_dag.py for tasks to queue
[2026-07-05T06:55:53.131+0000] {logging_mixin.py:188} INFO - [2026-07-05T06:55:53.130+0000] {dagbag.py:545} INFO - Filling up the DagBag from /opt/airflow/dags/minio_to_snowflake_dag.py
[2026-07-05T06:55:54.576+0000] {processor.py:840} INFO - DAG(s) 'minio_to_snowflake_ecommerce' retrieved from /opt/airflow/dags/minio_to_snowflake_dag.py
[2026-07-05T06:55:54.633+0000] {logging_mixin.py:188} INFO - [2026-07-05T06:55:54.632+0000] {dag.py:3089} INFO - Sync 1 DAGs
[2026-07-05T06:55:54.687+0000] {logging_mixin.py:188} INFO - [2026-07-05T06:55:54.686+0000] {dag.py:3947} INFO - Setting next_dagrun for minio_to_snowflake_ecommerce to 2026-07-05 06:54:00+00:00, run_after=2026-07-05 06:55:00+00:00
[2026-07-05T06:55:54.733+0000] {processor.py:183} INFO - Processing /opt/airflow/dags/minio_to_snowflake_dag.py took 1.621 seconds
[2026-07-05T06:56:25.007+0000] {processor.py:161} INFO - Started process (PID=53149) to work on /opt/airflow/dags/minio_to_snowflake_dag.py
[2026-07-05T06:56:25.010+0000] {processor.py:830} INFO - Processing file /opt/airflow/dags/minio_to_snowflake_dag.py for tasks to queue
[2026-07-05T06:56:25.015+0000] {logging_mixin.py:188} INFO - [2026-07-05T06:56:25.014+0000] {dagbag.py:545} INFO - Filling up the DagBag from /opt/airflow/dags/minio_to_snowflake_dag.py
[2026-07-05T06:56:26.640+0000] {processor.py:840} INFO - DAG(s) 'minio_to_snowflake_ecommerce' retrieved from /opt/airflow/dags/minio_to_snowflake_dag.py
[2026-07-05T06:56:26.728+0000] {logging_mixin.py:188} INFO - [2026-07-05T06:56:26.726+0000] {dag.py:3089} INFO - Sync 1 DAGs
[2026-07-05T06:56:26.815+0000] {logging_mixin.py:188} INFO - [2026-07-05T06:56:26.814+0000] {dag.py:3947} INFO - Setting next_dagrun for minio_to_snowflake_ecommerce to 2026-07-05 06:55:00+00:00, run_after=2026-07-05 06:56:00+00:00
[2026-07-05T06:56:26.873+0000] {processor.py:183} INFO - Processing /opt/airflow/dags/minio_to_snowflake_dag.py took 1.880 seconds
[2026-07-05T06:56:57.133+0000] {processor.py:161} INFO - Started process (PID=53153) to work on /opt/airflow/dags/minio_to_snowflake_dag.py
[2026-07-05T06:56:57.135+0000] {processor.py:830} INFO - Processing file /opt/airflow/dags/minio_to_snowflake_dag.py for tasks to queue
[2026-07-05T06:56:57.138+0000] {logging_mixin.py:188} INFO - [2026-07-05T06:56:57.137+0000] {dagbag.py:545} INFO - Filling up the DagBag from /opt/airflow/dags/minio_to_snowflake_dag.py
[2026-07-05T06:56:57.966+0000] {processor.py:840} INFO - DAG(s) 'minio_to_snowflake_ecommerce' retrieved from /opt/airflow/dags/minio_to_snowflake_dag.py
[2026-07-05T06:56:58.000+0000] {logging_mixin.py:188} INFO - [2026-07-05T06:56:58.000+0000] {dag.py:3089} INFO - Sync 1 DAGs
[2026-07-05T06:56:58.026+0000] {logging_mixin.py:188} INFO - [2026-07-05T06:56:58.026+0000] {dag.py:3947} INFO - Setting next_dagrun for minio_to_snowflake_ecommerce to 2026-07-05 06:55:00+00:00, run_after=2026-07-05 06:56:00+00:00
[2026-07-05T06:56:58.052+0000] {processor.py:183} INFO - Processing /opt/airflow/dags/minio_to_snowflake_dag.py took 0.928 seconds
[2026-07-05T06:57:28.384+0000] {processor.py:161} INFO - Started process (PID=53157) to work on /opt/airflow/dags/minio_to_snowflake_dag.py
[2026-07-05T06:57:28.385+0000] {processor.py:830} INFO - Processing file /opt/airflow/dags/minio_to_snowflake_dag.py for tasks to queue
[2026-07-05T06:57:28.388+0000] {logging_mixin.py:188} INFO - [2026-07-05T06:57:28.388+0000] {dagbag.py:545} INFO - Filling up the DagBag from /opt/airflow/dags/minio_to_snowflake_dag.py
[2026-07-05T06:57:29.251+0000] {processor.py:840} INFO - DAG(s) 'minio_to_snowflake_ecommerce' retrieved from /opt/airflow/dags/minio_to_snowflake_dag.py
[2026-07-05T06:57:29.279+0000] {logging_mixin.py:188} INFO - [2026-07-05T06:57:29.278+0000] {dag.py:3089} INFO - Sync 1 DAGs
[2026-07-05T06:57:29.304+0000] {logging_mixin.py:188} INFO - [2026-07-05T06:57:29.304+0000] {dag.py:3947} INFO - Setting next_dagrun for minio_to_snowflake_ecommerce to 2026-07-05 06:56:00+00:00, run_after=2026-07-05 06:57:00+00:00
[2026-07-05T06:57:29.328+0000] {processor.py:183} INFO - Processing /opt/airflow/dags/minio_to_snowflake_dag.py took 0.951 seconds
[2026-07-05T06:57:59.686+0000] {processor.py:161} INFO - Started process (PID=53161) to work on /opt/airflow/dags/minio_to_snowflake_dag.py
[2026-07-05T06:57:59.687+0000] {processor.py:830} INFO - Processing file /opt/airflow/dags/minio_to_snowflake_dag.py for tasks to queue
[2026-07-05T06:57:59.689+0000] {logging_mixin.py:188} INFO - [2026-07-05T06:57:59.689+0000] {dagbag.py:545} INFO - Filling up the DagBag from /opt/airflow/dags/minio_to_snowflake_dag.py
[2026-07-05T06:58:00.395+0000] {processor.py:840} INFO - DAG(s) 'minio_to_snowflake_ecommerce' retrieved from /opt/airflow/dags/minio_to_snowflake_dag.py
[2026-07-05T06:58:00.422+0000] {logging_mixin.py:188} INFO - [2026-07-05T06:58:00.421+0000] {dag.py:3089} INFO - Sync 1 DAGs
[2026-07-05T06:58:00.450+0000] {logging_mixin.py:188} INFO - [2026-07-05T06:58:00.450+0000] {dag.py:3947} INFO - Setting next_dagrun for minio_to_snowflake_ecommerce to 2026-07-05 06:57:00+00:00, run_after=2026-07-05 06:58:00+00:00
[2026-07-05T06:58:00.470+0000] {processor.py:183} INFO - Processing /opt/airflow/dags/minio_to_snowflake_dag.py took 0.792 seconds
[2026-07-05T06:58:30.860+0000] {processor.py:161} INFO - Started process (PID=53165) to work on /opt/airflow/dags/minio_to_snowflake_dag.py
[2026-07-05T06:58:30.862+0000] {processor.py:830} INFO - Processing file /opt/airflow/dags/minio_to_snowflake_dag.py for tasks to queue
[2026-07-05T06:58:30.865+0000] {logging_mixin.py:188} INFO - [2026-07-05T06:58:30.864+0000] {dagbag.py:545} INFO - Filling up the DagBag from /opt/airflow/dags/minio_to_snowflake_dag.py
[2026-07-05T06:58:31.581+0000] {processor.py:840} INFO - DAG(s) 'minio_to_snowflake_ecommerce' retrieved from /opt/airflow/dags/minio_to_snowflake_dag.py
[2026-07-05T06:58:31.610+0000] {logging_mixin.py:188} INFO - [2026-07-05T06:58:31.610+0000] {dag.py:3089} INFO - Sync 1 DAGs
[2026-07-05T06:58:31.633+0000] {logging_mixin.py:188} INFO - [2026-07-05T06:58:31.633+0000] {dag.py:3947} INFO - Setting next_dagrun for minio_to_snowflake_ecommerce to 2026-07-05 06:57:00+00:00, run_after=2026-07-05 06:58:00+00:00
[2026-07-05T06:58:31.655+0000] {processor.py:183} INFO - Processing /opt/airflow/dags/minio_to_snowflake_dag.py took 0.803 seconds
[2026-07-05T06:59:01.981+0000] {processor.py:161} INFO - Started process (PID=53169) to work on /opt/airflow/dags/minio_to_snowflake_dag.py
[2026-07-05T06:59:01.983+0000] {processor.py:830} INFO - Processing file /opt/airflow/dags/minio_to_snowflake_dag.py for tasks to queue
[2026-07-05T06:59:01.985+0000] {logging_mixin.py:188} INFO - [2026-07-05T06:59:01.985+0000] {dagbag.py:545} INFO - Filling up the DagBag from /opt/airflow/dags/minio_to_snowflake_dag.py
[2026-07-05T06:59:02.795+0000] {processor.py:840} INFO - DAG(s) 'minio_to_snowflake_ecommerce' retrieved from /opt/airflow/dags/minio_to_snowflake_dag.py
[2026-07-05T06:59:02.825+0000] {logging_mixin.py:188} INFO - [2026-07-05T06:59:02.824+0000] {dag.py:3089} INFO - Sync 1 DAGs
[2026-07-05T06:59:02.851+0000] {logging_mixin.py:188} INFO - [2026-07-05T06:59:02.850+0000] {dag.py:3947} INFO - Setting next_dagrun for minio_to_snowflake_ecommerce to 2026-07-05 06:58:00+00:00, run_after=2026-07-05 06:59:00+00:00
[2026-07-05T06:59:02.873+0000] {processor.py:183} INFO - Processing /opt/airflow/dags/minio_to_snowflake_dag.py took 0.901 seconds
[2026-07-05T06:59:33.211+0000] {processor.py:161} INFO - Started process (PID=53173) to work on /opt/airflow/dags/minio_to_snowflake_dag.py
[2026-07-05T06:59:33.212+0000] {processor.py:830} INFO - Processing file /opt/airflow/dags/minio_to_snowflake_dag.py for tasks to queue
[2026-07-05T06:59:33.215+0000] {logging_mixin.py:188} INFO - [2026-07-05T06:59:33.215+0000] {dagbag.py:545} INFO - Filling up the DagBag from /opt/airflow/dags/minio_to_snowflake_dag.py
[2026-07-05T06:59:34.099+0000] {processor.py:840} INFO - DAG(s) 'minio_to_snowflake_ecommerce' retrieved from /opt/airflow/dags/minio_to_snowflake_dag.py
[2026-07-05T06:59:34.131+0000] {logging_mixin.py:188} INFO - [2026-07-05T06:59:34.130+0000] {dag.py:3089} INFO - Sync 1 DAGs
[2026-07-05T06:59:34.158+0000] {logging_mixin.py:188} INFO - [2026-07-05T06:59:34.158+0000] {dag.py:3947} INFO - Setting next_dagrun for minio_to_snowflake_ecommerce to 2026-07-05 06:58:00+00:00, run_after=2026-07-05 06:59:00+00:00
[2026-07-05T06:59:34.182+0000] {processor.py:183} INFO - Processing /opt/airflow/dags/minio_to_snowflake_dag.py took 0.979 seconds
[2026-07-05T07:00:04.482+0000] {processor.py:161} INFO - Started process (PID=53177) to work on /opt/airflow/dags/minio_to_snowflake_dag.py
[2026-07-05T07:00:04.483+0000] {processor.py:830} INFO - Processing file /opt/airflow/dags/minio_to_snowflake_dag.py for tasks to queue
[2026-07-05T07:00:04.486+0000] {logging_mixin.py:188} INFO - [2026-07-05T07:00:04.486+0000] {dagbag.py:545} INFO - Filling up the DagBag from /opt/airflow/dags/minio_to_snowflake_dag.py
[2026-07-05T07:00:05.272+0000] {processor.py:840} INFO - DAG(s) 'minio_to_snowflake_ecommerce' retrieved from /opt/airflow/dags/minio_to_snowflake_dag.py
[2026-07-05T07:00:05.299+0000] {logging_mixin.py:188} INFO - [2026-07-05T07:00:05.298+0000] {dag.py:3089} INFO - Sync 1 DAGs
[2026-07-05T07:00:05.324+0000] {logging_mixin.py:188} INFO - [2026-07-05T07:00:05.323+0000] {dag.py:3947} INFO - Setting next_dagrun for minio_to_snowflake_ecommerce to 2026-07-05 06:59:00+00:00, run_after=2026-07-05 07:00:00+00:00
[2026-07-05T07:00:05.351+0000] {processor.py:183} INFO - Processing /opt/airflow/dags/minio_to_snowflake_dag.py took 0.878 seconds
[2026-07-05T07:00:35.683+0000] {processor.py:161} INFO - Started process (PID=53181) to work on /opt/airflow/dags/minio_to_snowflake_dag.py
[2026-07-05T07:00:35.684+0000] {processor.py:830} INFO - Processing file /opt/airflow/dags/minio_to_snowflake_dag.py for tasks to queue
[2026-07-05T07:00:35.686+0000] {logging_mixin.py:188} INFO - [2026-07-05T07:00:35.686+0000] {dagbag.py:545} INFO - Filling up the DagBag from /opt/airflow/dags/minio_to_snowflake_dag.py
[2026-07-05T07:00:36.557+0000] {processor.py:840} INFO - DAG(s) 'minio_to_snowflake_ecommerce' retrieved from /opt/airflow/dags/minio_to_snowflake_dag.py
[2026-07-05T07:00:36.595+0000] {logging_mixin.py:188} INFO - [2026-07-05T07:00:36.594+0000] {dag.py:3089} INFO - Sync 1 DAGs
[2026-07-05T07:00:36.629+0000] {logging_mixin.py:188} INFO - [2026-07-05T07:00:36.627+0000] {dag.py:3947} INFO - Setting next_dagrun for minio_to_snowflake_ecommerce to 2026-07-05 06:59:00+00:00, run_after=2026-07-05 07:00:00+00:00
[2026-07-05T07:00:36.657+0000] {processor.py:183} INFO - Processing /opt/airflow/dags/minio_to_snowflake_dag.py took 0.982 seconds
[2026-07-05T07:01:06.994+0000] {processor.py:161} INFO - Started process (PID=53185) to work on /opt/airflow/dags/minio_to_snowflake_dag.py
[2026-07-05T07:01:06.995+0000] {processor.py:830} INFO - Processing file /opt/airflow/dags/minio_to_snowflake_dag.py for tasks to queue
[2026-07-05T07:01:06.997+0000] {logging_mixin.py:188} INFO - [2026-07-05T07:01:06.997+0000] {dagbag.py:545} INFO - Filling up the DagBag from /opt/airflow/dags/minio_to_snowflake_dag.py
[2026-07-05T07:01:07.778+0000] {processor.py:840} INFO - DAG(s) 'minio_to_snowflake_ecommerce' retrieved from /opt/airflow/dags/minio_to_snowflake_dag.py
[2026-07-05T07:01:07.804+0000] {logging_mixin.py:188} INFO - [2026-07-05T07:01:07.803+0000] {dag.py:3089} INFO - Sync 1 DAGs
[2026-07-05T07:01:07.832+0000] {logging_mixin.py:188} INFO - [2026-07-05T07:01:07.832+0000] {dag.py:3947} INFO - Setting next_dagrun for minio_to_snowflake_ecommerce to 2026-07-05 07:00:00+00:00, run_after=2026-07-05 07:01:00+00:00
[2026-07-05T07:01:07.855+0000] {processor.py:183} INFO - Processing /opt/airflow/dags/minio_to_snowflake_dag.py took 0.869 seconds
[2026-07-05T07:01:38.313+0000] {processor.py:161} INFO - Started process (PID=53189) to work on /opt/airflow/dags/minio_to_snowflake_dag.py
[2026-07-05T07:01:38.314+0000] {processor.py:830} INFO - Processing file /opt/airflow/dags/minio_to_snowflake_dag.py for tasks to queue
[2026-07-05T07:01:38.318+0000] {logging_mixin.py:188} INFO - [2026-07-05T07:01:38.318+0000] {dagbag.py:545} INFO - Filling up the DagBag from /opt/airflow/dags/minio_to_snowflake_dag.py
[2026-07-05T07:01:39.072+0000] {processor.py:840} INFO - DAG(s) 'minio_to_snowflake_ecommerce' retrieved from /opt/airflow/dags/minio_to_snowflake_dag.py
[2026-07-05T07:01:39.106+0000] {logging_mixin.py:188} INFO - [2026-07-05T07:01:39.105+0000] {dag.py:3089} INFO - Sync 1 DAGs
[2026-07-05T07:01:39.135+0000] {logging_mixin.py:188} INFO - [2026-07-05T07:01:39.135+0000] {dag.py:3947} INFO - Setting next_dagrun for minio_to_snowflake_ecommerce to 2026-07-05 07:00:00+00:00, run_after=2026-07-05 07:01:00+00:00
[2026-07-05T07:01:39.161+0000] {processor.py:183} INFO - Processing /opt/airflow/dags/minio_to_snowflake_dag.py took 0.857 seconds
[2026-07-05T07:02:09.618+0000] {processor.py:161} INFO - Started process (PID=53193) to work on /opt/airflow/dags/minio_to_snowflake_dag.py
[2026-07-05T07:02:09.619+0000] {processor.py:830} INFO - Processing file /opt/airflow/dags/minio_to_snowflake_dag.py for tasks to queue
[2026-07-05T07:02:09.621+0000] {logging_mixin.py:188} INFO - [2026-07-05T07:02:09.621+0000] {dagbag.py:545} INFO - Filling up the DagBag from /opt/airflow/dags/minio_to_snowflake_dag.py
[2026-07-05T07:02:10.366+0000] {processor.py:840} INFO - DAG(s) 'minio_to_snowflake_ecommerce' retrieved from /opt/airflow/dags/minio_to_snowflake_dag.py
[2026-07-05T07:02:10.400+0000] {logging_mixin.py:188} INFO - [2026-07-05T07:02:10.399+0000] {dag.py:3089} INFO - Sync 1 DAGs
[2026-07-05T07:02:10.428+0000] {logging_mixin.py:188} INFO - [2026-07-05T07:02:10.427+0000] {dag.py:3947} INFO - Setting next_dagrun for minio_to_snowflake_ecommerce to 2026-07-05 07:01:00+00:00, run_after=2026-07-05 07:02:00+00:00
[2026-07-05T07:02:10.449+0000] {processor.py:183} INFO - Processing /opt/airflow/dags/minio_to_snowflake_dag.py took 0.839 seconds
[2026-07-05T07:02:40.857+0000] {processor.py:161} INFO - Started process (PID=53197) to work on /opt/airflow/dags/minio_to_snowflake_dag.py
[2026-07-05T07:02:40.858+0000] {processor.py:830} INFO - Processing file /opt/airflow/dags/minio_to_snowflake_dag.py for tasks to queue
[2026-07-05T07:02:40.860+0000] {logging_mixin.py:188} INFO - [2026-07-05T07:02:40.860+0000] {dagbag.py:545} INFO - Filling up the DagBag from /opt/airflow/dags/minio_to_snowflake_dag.py
[2026-07-05T07:02:41.695+0000] {processor.py:840} INFO - DAG(s) 'minio_to_snowflake_ecommerce' retrieved from /opt/airflow/dags/minio_to_snowflake_dag.py
[2026-07-05T07:02:41.724+0000] {logging_mixin.py:188} INFO - [2026-07-05T07:02:41.723+0000] {dag.py:3089} INFO - Sync 1 DAGs
[2026-07-05T07:02:41.760+0000] {logging_mixin.py:188} INFO - [2026-07-05T07:02:41.759+0000] {dag.py:3947} INFO - Setting next_dagrun for minio_to_snowflake_ecommerce to 2026-07-05 07:01:00+00:00, run_after=2026-07-05 07:02:00+00:00
[2026-07-05T07:02:41.779+0000] {processor.py:183} INFO - Processing /opt/airflow/dags/minio_to_snowflake_dag.py took 0.932 seconds
[2026-07-05T07:03:12.202+0000] {processor.py:161} INFO - Started process (PID=53201) to work on /opt/airflow/dags/minio_to_snowflake_dag.py
[2026-07-05T07:03:12.203+0000] {processor.py:830} INFO - Processing file /opt/airflow/dags/minio_to_snowflake_dag.py for tasks to queue
[2026-07-05T07:03:12.206+0000] {logging_mixin.py:188} INFO - [2026-07-05T07:03:12.205+0000] {dagbag.py:545} INFO - Filling up the DagBag from /opt/airflow/dags/minio_to_snowflake_dag.py
[2026-07-05T07:03:12.926+0000] {processor.py:840} INFO - DAG(s) 'minio_to_snowflake_ecommerce' retrieved from /opt/airflow/dags/minio_to_snowflake_dag.py
[2026-07-05T07:03:12.952+0000] {logging_mixin.py:188} INFO - [2026-07-05T07:03:12.952+0000] {dag.py:3089} INFO - Sync 1 DAGs
[2026-07-05T07:03:12.977+0000] {logging_mixin.py:188} INFO - [2026-07-05T07:03:12.976+0000] {dag.py:3947} INFO - Setting next_dagrun for minio_to_snowflake_ecommerce to 2026-07-05 07:02:00+00:00, run_after=2026-07-05 07:03:00+00:00
[2026-07-05T07:03:12.999+0000] {processor.py:183} INFO - Processing /opt/airflow/dags/minio_to_snowflake_dag.py took 0.806 seconds
[2026-07-05T07:03:43.318+0000] {processor.py:161} INFO - Started process (PID=53205) to work on /opt/airflow/dags/minio_to_snowflake_dag.py
[2026-07-05T07:03:43.319+0000] {processor.py:830} INFO - Processing file /opt/airflow/dags/minio_to_snowflake_dag.py for tasks to queue
[2026-07-05T07:03:43.322+0000] {logging_mixin.py:188} INFO - [2026-07-05T07:03:43.321+0000] {dagbag.py:545} INFO - Filling up the DagBag from /opt/airflow/dags/minio_to_snowflake_dag.py
[2026-07-05T07:03:44.185+0000] {processor.py:840} INFO - DAG(s) 'minio_to_snowflake_ecommerce' retrieved from /opt/airflow/dags/minio_to_snowflake_dag.py
[2026-07-05T07:03:44.213+0000] {logging_mixin.py:188} INFO - [2026-07-05T07:03:44.212+0000] {dag.py:3089} INFO - Sync 1 DAGs
[2026-07-05T07:03:44.237+0000] {logging_mixin.py:188} INFO - [2026-07-05T07:03:44.237+0000] {dag.py:3947} INFO - Setting next_dagrun for minio_to_snowflake_ecommerce to 2026-07-05 07:02:00+00:00, run_after=2026-07-05 07:03:00+00:00
[2026-07-05T07:03:44.270+0000] {processor.py:183} INFO - Processing /opt/airflow/dags/minio_to_snowflake_dag.py took 0.959 seconds
[2026-07-05T07:04:14.666+0000] {processor.py:161} INFO - Started process (PID=53209) to work on /opt/airflow/dags/minio_to_snowflake_dag.py
[2026-07-05T07:04:14.667+0000] {processor.py:830} INFO - Processing file /opt/airflow/dags/minio_to_snowflake_dag.py for tasks to queue
[2026-07-05T07:04:14.670+0000] {logging_mixin.py:188} INFO - [2026-07-05T07:04:14.670+0000] {dagbag.py:545} INFO - Filling up the DagBag from /opt/airflow/dags/minio_to_snowflake_dag.py
[2026-07-05T07:04:15.386+0000] {processor.py:840} INFO - DAG(s) 'minio_to_snowflake_ecommerce' retrieved from /opt/airflow/dags/minio_to_snowflake_dag.py
[2026-07-05T07:04:15.414+0000] {logging_mixin.py:188} INFO - [2026-07-05T07:04:15.414+0000] {dag.py:3089} INFO - Sync 1 DAGs
[2026-07-05T07:04:15.441+0000] {logging_mixin.py:188} INFO - [2026-07-05T07:04:15.440+0000] {dag.py:3947} INFO - Setting next_dagrun for minio_to_snowflake_ecommerce to 2026-07-05 07:03:00+00:00, run_after=2026-07-05 07:04:00+00:00
[2026-07-05T07:04:15.463+0000] {processor.py:183} INFO - Processing /opt/airflow/dags/minio_to_snowflake_dag.py took 0.806 seconds
[2026-07-05T07:04:45.796+0000] {processor.py:161} INFO - Started process (PID=53213) to work on /opt/airflow/dags/minio_to_snowflake_dag.py
[2026-07-05T07:04:45.797+0000] {processor.py:830} INFO - Processing file /opt/airflow/dags/minio_to_snowflake_dag.py for tasks to queue
[2026-07-05T07:04:45.801+0000] {logging_mixin.py:188} INFO - [2026-07-05T07:04:45.800+0000] {dagbag.py:545} INFO - Filling up the DagBag from /opt/airflow/dags/minio_to_snowflake_dag.py
[2026-07-05T07:04:46.627+0000] {processor.py:840} INFO - DAG(s) 'minio_to_snowflake_ecommerce' retrieved from /opt/airflow/dags/minio_to_snowflake_dag.py
[2026-07-05T07:04:46.658+0000] {logging_mixin.py:188} INFO - [2026-07-05T07:04:46.658+0000] {dag.py:3089} INFO - Sync 1 DAGs
[2026-07-05T07:04:46.686+0000] {logging_mixin.py:188} INFO - [2026-07-05T07:04:46.686+0000] {dag.py:3947} INFO - Setting next_dagrun for minio_to_snowflake_ecommerce to 2026-07-05 07:03:00+00:00, run_after=2026-07-05 07:04:00+00:00
[2026-07-05T07:04:46.710+0000] {processor.py:183} INFO - Processing /opt/airflow/dags/minio_to_snowflake_dag.py took 0.923 seconds
[2026-07-05T07:05:17.267+0000] {processor.py:161} INFO - Started process (PID=53217) to work on /opt/airflow/dags/minio_to_snowflake_dag.py
[2026-07-05T07:05:17.268+0000] {processor.py:830} INFO - Processing file /opt/airflow/dags/minio_to_snowflake_dag.py for tasks to queue
[2026-07-05T07:05:17.271+0000] {logging_mixin.py:188} INFO - [2026-07-05T07:05:17.271+0000] {dagbag.py:545} INFO - Filling up the DagBag from /opt/airflow/dags/minio_to_snowflake_dag.py
[2026-07-05T07:05:17.921+0000] {processor.py:840} INFO - DAG(s) 'minio_to_snowflake_ecommerce' retrieved from /opt/airflow/dags/minio_to_snowflake_dag.py
[2026-07-05T07:05:17.958+0000] {logging_mixin.py:188} INFO - [2026-07-05T07:05:17.957+0000] {dag.py:3089} INFO - Sync 1 DAGs
[2026-07-05T07:05:17.988+0000] {logging_mixin.py:188} INFO - [2026-07-05T07:05:17.988+0000] {dag.py:3947} INFO - Setting next_dagrun for minio_to_snowflake_ecommerce to 2026-07-05 07:04:00+00:00, run_after=2026-07-05 07:05:00+00:00
[2026-07-05T07:05:18.012+0000] {processor.py:183} INFO - Processing /opt/airflow/dags/minio_to_snowflake_dag.py took 0.753 seconds
[2026-07-05T07:05:48.366+0000] {processor.py:161} INFO - Started process (PID=53221) to work on /opt/airflow/dags/minio_to_snowflake_dag.py
[2026-07-05T07:05:48.372+0000] {processor.py:830} INFO - Processing file /opt/airflow/dags/minio_to_snowflake_dag.py for tasks to queue
[2026-07-05T07:05:48.381+0000] {logging_mixin.py:188} INFO - [2026-07-05T07:05:48.380+0000] {dagbag.py:545} INFO - Filling up the DagBag from /opt/airflow/dags/minio_to_snowflake_dag.py
[2026-07-05T07:05:49.130+0000] {processor.py:840} INFO - DAG(s) 'minio_to_snowflake_ecommerce' retrieved from /opt/airflow/dags/minio_to_snowflake_dag.py
[2026-07-05T07:05:49.169+0000] {logging_mixin.py:188} INFO - [2026-07-05T07:05:49.169+0000] {dag.py:3089} INFO - Sync 1 DAGs
[2026-07-05T07:05:49.208+0000] {logging_mixin.py:188} INFO - [2026-07-05T07:05:49.208+0000] {dag.py:3947} INFO - Setting next_dagrun for minio_to_snowflake_ecommerce to 2026-07-05 07:04:00+00:00, run_after=2026-07-05 07:05:00+00:00
[2026-07-05T07:05:49.456+0000] {processor.py:183} INFO - Processing /opt/airflow/dags/minio_to_snowflake_dag.py took 1.110 seconds
[2026-07-05T07:06:19.586+0000] {processor.py:161} INFO - Started process (PID=53225) to work on /opt/airflow/dags/minio_to_snowflake_dag.py
[2026-07-05T07:06:19.587+0000] {processor.py:830} INFO - Processing file /opt/airflow/dags/minio_to_snowflake_dag.py for tasks to queue
[2026-07-05T07:06:19.589+0000] {logging_mixin.py:188} INFO - [2026-07-05T07:06:19.589+0000] {dagbag.py:545} INFO - Filling up the DagBag from /opt/airflow/dags/minio_to_snowflake_dag.py
[2026-07-05T07:06:20.190+0000] {processor.py:840} INFO - DAG(s) 'minio_to_snowflake_ecommerce' retrieved from /opt/airflow/dags/minio_to_snowflake_dag.py
[2026-07-05T07:06:20.228+0000] {logging_mixin.py:188} INFO - [2026-07-05T07:06:20.228+0000] {dag.py:3089} INFO - Sync 1 DAGs
[2026-07-05T07:06:20.257+0000] {logging_mixin.py:188} INFO - [2026-07-05T07:06:20.256+0000] {dag.py:3947} INFO - Setting next_dagrun for minio_to_snowflake_ecommerce to 2026-07-05 07:05:00+00:00, run_after=2026-07-05 07:06:00+00:00
[2026-07-05T07:06:20.276+0000] {processor.py:183} INFO - Processing /opt/airflow/dags/minio_to_snowflake_dag.py took 0.697 seconds
[2026-07-05T07:06:50.595+0000] {processor.py:161} INFO - Started process (PID=53229) to work on /opt/airflow/dags/minio_to_snowflake_dag.py
[2026-07-05T07:06:50.596+0000] {processor.py:830} INFO - Processing file /opt/airflow/dags/minio_to_snowflake_dag.py for tasks to queue
[2026-07-05T07:06:50.598+0000] {logging_mixin.py:188} INFO - [2026-07-05T07:06:50.598+0000] {dagbag.py:545} INFO - Filling up the DagBag from /opt/airflow/dags/minio_to_snowflake_dag.py
[2026-07-05T07:06:51.198+0000] {processor.py:840} INFO - DAG(s) 'minio_to_snowflake_ecommerce' retrieved from /opt/airflow/dags/minio_to_snowflake_dag.py
[2026-07-05T07:06:51.234+0000] {logging_mixin.py:188} INFO - [2026-07-05T07:06:51.233+0000] {dag.py:3089} INFO - Sync 1 DAGs
[2026-07-05T07:06:51.264+0000] {logging_mixin.py:188} INFO - [2026-07-05T07:06:51.263+0000] {dag.py:3947} INFO - Setting next_dagrun for minio_to_snowflake_ecommerce to 2026-07-05 07:05:00+00:00, run_after=2026-07-05 07:06:00+00:00
[2026-07-05T07:06:51.288+0000] {processor.py:183} INFO - Processing /opt/airflow/dags/minio_to_snowflake_dag.py took 0.706 seconds
[2026-07-05T07:07:21.374+0000] {processor.py:161} INFO - Started process (PID=53233) to work on /opt/airflow/dags/minio_to_snowflake_dag.py
[2026-07-05T07:07:21.375+0000] {processor.py:830} INFO - Processing file /opt/airflow/dags/minio_to_snowflake_dag.py for tasks to queue
[2026-07-05T07:07:21.378+0000] {logging_mixin.py:188} INFO - [2026-07-05T07:07:21.378+0000] {dagbag.py:545} INFO - Filling up the DagBag from /opt/airflow/dags/minio_to_snowflake_dag.py
[2026-07-05T07:07:21.989+0000] {processor.py:840} INFO - DAG(s) 'minio_to_snowflake_ecommerce' retrieved from /opt/airflow/dags/minio_to_snowflake_dag.py
[2026-07-05T07:07:22.023+0000] {logging_mixin.py:188} INFO - [2026-07-05T07:07:22.022+0000] {dag.py:3089} INFO - Sync 1 DAGs
[2026-07-05T07:07:22.057+0000] {logging_mixin.py:188} INFO - [2026-07-05T07:07:22.056+0000] {dag.py:3947} INFO - Setting next_dagrun for minio_to_snowflake_ecommerce to 2026-07-05 07:06:00+00:00, run_after=2026-07-05 07:07:00+00:00
[2026-07-05T07:07:22.082+0000] {processor.py:183} INFO - Processing /opt/airflow/dags/minio_to_snowflake_dag.py took 0.717 seconds
[2026-07-05T07:07:52.540+0000] {processor.py:161} INFO - Started process (PID=53237) to work on /opt/airflow/dags/minio_to_snowflake_dag.py
[2026-07-05T07:07:52.541+0000] {processor.py:830} INFO - Processing file /opt/airflow/dags/minio_to_snowflake_dag.py for tasks to queue
[2026-07-05T07:07:52.544+0000] {logging_mixin.py:188} INFO - [2026-07-05T07:07:52.543+0000] {dagbag.py:545} INFO - Filling up the DagBag from /opt/airflow/dags/minio_to_snowflake_dag.py
[2026-07-05T07:07:53.165+0000] {processor.py:840} INFO - DAG(s) 'minio_to_snowflake_ecommerce' retrieved from /opt/airflow/dags/minio_to_snowflake_dag.py
[2026-07-05T07:07:53.197+0000] {logging_mixin.py:188} INFO - [2026-07-05T07:07:53.196+0000] {dag.py:3089} INFO - Sync 1 DAGs
[2026-07-05T07:07:53.226+0000] {logging_mixin.py:188} INFO - [2026-07-05T07:07:53.226+0000] {dag.py:3947} INFO - Setting next_dagrun for minio_to_snowflake_ecommerce to 2026-07-05 07:06:00+00:00, run_after=2026-07-05 07:07:00+00:00
[2026-07-05T07:07:53.421+0000] {processor.py:183} INFO - Processing /opt/airflow/dags/minio_to_snowflake_dag.py took 0.889 seconds
[2026-07-05T07:08:23.842+0000] {processor.py:161} INFO - Started process (PID=53241) to work on /opt/airflow/dags/minio_to_snowflake_dag.py
[2026-07-05T07:08:23.847+0000] {processor.py:830} INFO - Processing file /opt/airflow/dags/minio_to_snowflake_dag.py for tasks to queue
[2026-07-05T07:08:23.850+0000] {logging_mixin.py:188} INFO - [2026-07-05T07:08:23.849+0000] {dagbag.py:545} INFO - Filling up the DagBag from /opt/airflow/dags/minio_to_snowflake_dag.py
[2026-07-05T07:08:24.738+0000] {processor.py:840} INFO - DAG(s) 'minio_to_snowflake_ecommerce' retrieved from /opt/airflow/dags/minio_to_snowflake_dag.py
[2026-07-05T07:08:24.797+0000] {logging_mixin.py:188} INFO - [2026-07-05T07:08:24.796+0000] {dag.py:3089} INFO - Sync 1 DAGs
[2026-07-05T07:08:25.056+0000] {logging_mixin.py:188} INFO - [2026-07-05T07:08:25.056+0000] {dag.py:3947} INFO - Setting next_dagrun for minio_to_snowflake_ecommerce to 2026-07-05 07:07:00+00:00, run_after=2026-07-05 07:08:00+00:00
[2026-07-05T07:08:25.080+0000] {processor.py:183} INFO - Processing /opt/airflow/dags/minio_to_snowflake_dag.py took 1.250 seconds
[2026-07-05T07:08:55.137+0000] {processor.py:161} INFO - Started process (PID=53245) to work on /opt/airflow/dags/minio_to_snowflake_dag.py
[2026-07-05T07:08:55.138+0000] {processor.py:830} INFO - Processing file /opt/airflow/dags/minio_to_snowflake_dag.py for tasks to queue
[2026-07-05T07:08:55.140+0000] {logging_mixin.py:188} INFO - [2026-07-05T07:08:55.140+0000] {dagbag.py:545} INFO - Filling up the DagBag from /opt/airflow/dags/minio_to_snowflake_dag.py
[2026-07-05T07:08:55.711+0000] {processor.py:840} INFO - DAG(s) 'minio_to_snowflake_ecommerce' retrieved from /opt/airflow/dags/minio_to_snowflake_dag.py
[2026-07-05T07:08:55.749+0000] {logging_mixin.py:188} INFO - [2026-07-05T07:08:55.748+0000] {dag.py:3089} INFO - Sync 1 DAGs
[2026-07-05T07:08:55.781+0000] {logging_mixin.py:188} INFO - [2026-07-05T07:08:55.780+0000] {dag.py:3947} INFO - Setting next_dagrun for minio_to_snowflake_ecommerce to 2026-07-05 07:07:00+00:00, run_after=2026-07-05 07:08:00+00:00
[2026-07-05T07:08:55.804+0000] {processor.py:183} INFO - Processing /opt/airflow/dags/minio_to_snowflake_dag.py took 0.674 seconds
[2026-07-05T07:09:26.147+0000] {processor.py:161} INFO - Started process (PID=53249) to work on /opt/airflow/dags/minio_to_snowflake_dag.py
[2026-07-05T07:09:26.149+0000] {processor.py:830} INFO - Processing file /opt/airflow/dags/minio_to_snowflake_dag.py for tasks to queue
[2026-07-05T07:09:26.151+0000] {logging_mixin.py:188} INFO - [2026-07-05T07:09:26.151+0000] {dagbag.py:545} INFO - Filling up the DagBag from /opt/airflow/dags/minio_to_snowflake_dag.py
[2026-07-05T07:09:26.669+0000] {processor.py:840} INFO - DAG(s) 'minio_to_snowflake_ecommerce' retrieved from /opt/airflow/dags/minio_to_snowflake_dag.py
[2026-07-05T07:09:26.701+0000] {logging_mixin.py:188} INFO - [2026-07-05T07:09:26.701+0000] {dag.py:3089} INFO - Sync 1 DAGs
[2026-07-05T07:09:26.729+0000] {logging_mixin.py:188} INFO - [2026-07-05T07:09:26.728+0000] {dag.py:3947} INFO - Setting next_dagrun for minio_to_snowflake_ecommerce to 2026-07-05 07:08:00+00:00, run_after=2026-07-05 07:09:00+00:00
[2026-07-05T07:09:26.750+0000] {processor.py:183} INFO - Processing /opt/airflow/dags/minio_to_snowflake_dag.py took 0.610 seconds
[2026-07-05T07:09:56.999+0000] {processor.py:161} INFO - Started process (PID=53253) to work on /opt/airflow/dags/minio_to_snowflake_dag.py
[2026-07-05T07:09:57.000+0000] {processor.py:830} INFO - Processing file /opt/airflow/dags/minio_to_snowflake_dag.py for tasks to queue
[2026-07-05T07:09:57.003+0000] {logging_mixin.py:188} INFO - [2026-07-05T07:09:57.003+0000] {dagbag.py:545} INFO - Filling up the DagBag from /opt/airflow/dags/minio_to_snowflake_dag.py
[2026-07-05T07:09:57.553+0000] {processor.py:840} INFO - DAG(s) 'minio_to_snowflake_ecommerce' retrieved from /opt/airflow/dags/minio_to_snowflake_dag.py
[2026-07-05T07:09:57.585+0000] {logging_mixin.py:188} INFO - [2026-07-05T07:09:57.584+0000] {dag.py:3089} INFO - Sync 1 DAGs
[2026-07-05T07:09:57.613+0000] {logging_mixin.py:188} INFO - [2026-07-05T07:09:57.613+0000] {dag.py:3947} INFO - Setting next_dagrun for minio_to_snowflake_ecommerce to 2026-07-05 07:08:00+00:00, run_after=2026-07-05 07:09:00+00:00
[2026-07-05T07:09:57.637+0000] {processor.py:183} INFO - Processing /opt/airflow/dags/minio_to_snowflake_dag.py took 0.648 seconds
[2026-07-05T07:10:27.950+0000] {processor.py:161} INFO - Started process (PID=53257) to work on /opt/airflow/dags/minio_to_snowflake_dag.py
[2026-07-05T07:10:27.952+0000] {processor.py:830} INFO - Processing file /opt/airflow/dags/minio_to_snowflake_dag.py for tasks to queue
[2026-07-05T07:10:27.954+0000] {logging_mixin.py:188} INFO - [2026-07-05T07:10:27.953+0000] {dagbag.py:545} INFO - Filling up the DagBag from /opt/airflow/dags/minio_to_snowflake_dag.py
[2026-07-05T07:10:28.489+0000] {processor.py:840} INFO - DAG(s) 'minio_to_snowflake_ecommerce' retrieved from /opt/airflow/dags/minio_to_snowflake_dag.py
[2026-07-05T07:10:28.521+0000] {logging_mixin.py:188} INFO - [2026-07-05T07:10:28.520+0000] {dag.py:3089} INFO - Sync 1 DAGs
[2026-07-05T07:10:28.722+0000] {logging_mixin.py:188} INFO - [2026-07-05T07:10:28.721+0000] {dag.py:3947} INFO - Setting next_dagrun for minio_to_snowflake_ecommerce to 2026-07-05 07:09:00+00:00, run_after=2026-07-05 07:10:00+00:00
[2026-07-05T07:10:28.756+0000] {processor.py:183} INFO - Processing /opt/airflow/dags/minio_to_snowflake_dag.py took 0.812 seconds
[2026-07-05T07:10:59.050+0000] {processor.py:161} INFO - Started process (PID=53261) to work on /opt/airflow/dags/minio_to_snowflake_dag.py
[2026-07-05T07:10:59.051+0000] {processor.py:830} INFO - Processing file /opt/airflow/dags/minio_to_snowflake_dag.py for tasks to queue
[2026-07-05T07:10:59.053+0000] {logging_mixin.py:188} INFO - [2026-07-05T07:10:59.053+0000] {dagbag.py:545} INFO - Filling up the DagBag from /opt/airflow/dags/minio_to_snowflake_dag.py
[2026-07-05T07:10:59.660+0000] {processor.py:840} INFO - DAG(s) 'minio_to_snowflake_ecommerce' retrieved from /opt/airflow/dags/minio_to_snowflake_dag.py
[2026-07-05T07:10:59.699+0000] {logging_mixin.py:188} INFO - [2026-07-05T07:10:59.698+0000] {dag.py:3089} INFO - Sync 1 DAGs
[2026-07-05T07:10:59.733+0000] {logging_mixin.py:188} INFO - [2026-07-05T07:10:59.732+0000] {dag.py:3947} INFO - Setting next_dagrun for minio_to_snowflake_ecommerce to 2026-07-05 07:09:00+00:00, run_after=2026-07-05 07:10:00+00:00
[2026-07-05T07:10:59.758+0000] {processor.py:183} INFO - Processing /opt/airflow/dags/minio_to_snowflake_dag.py took 0.716 seconds
[2026-07-05T07:11:30.091+0000] {processor.py:161} INFO - Started process (PID=53265) to work on /opt/airflow/dags/minio_to_snowflake_dag.py
[2026-07-05T07:11:30.093+0000] {processor.py:830} INFO - Processing file /opt/airflow/dags/minio_to_snowflake_dag.py for tasks to queue
[2026-07-05T07:11:30.095+0000] {logging_mixin.py:188} INFO - [2026-07-05T07:11:30.095+0000] {dagbag.py:545} INFO - Filling up the DagBag from /opt/airflow/dags/minio_to_snowflake_dag.py
[2026-07-05T07:11:31.137+0000] {processor.py:840} INFO - DAG(s) 'minio_to_snowflake_ecommerce' retrieved from /opt/airflow/dags/minio_to_snowflake_dag.py
[2026-07-05T07:11:31.227+0000] {logging_mixin.py:188} INFO - [2026-07-05T07:11:31.226+0000] {dag.py:3089} INFO - Sync 1 DAGs
[2026-07-05T07:11:31.294+0000] {logging_mixin.py:188} INFO - [2026-07-05T07:11:31.294+0000] {dag.py:3947} INFO - Setting next_dagrun for minio_to_snowflake_ecommerce to 2026-07-05 07:10:00+00:00, run_after=2026-07-05 07:11:00+00:00
[2026-07-05T07:11:31.324+0000] {processor.py:183} INFO - Processing /opt/airflow/dags/minio_to_snowflake_dag.py took 1.240 seconds
[2026-07-05T07:12:01.618+0000] {processor.py:161} INFO - Started process (PID=53269) to work on /opt/airflow/dags/minio_to_snowflake_dag.py
[2026-07-05T07:12:01.619+0000] {processor.py:830} INFO - Processing file /opt/airflow/dags/minio_to_snowflake_dag.py for tasks to queue
[2026-07-05T07:12:01.622+0000] {logging_mixin.py:188} INFO - [2026-07-05T07:12:01.621+0000] {dagbag.py:545} INFO - Filling up the DagBag from /opt/airflow/dags/minio_to_snowflake_dag.py
[2026-07-05T07:12:02.236+0000] {processor.py:840} INFO - DAG(s) 'minio_to_snowflake_ecommerce' retrieved from /opt/airflow/dags/minio_to_snowflake_dag.py
[2026-07-05T07:12:02.268+0000] {logging_mixin.py:188} INFO - [2026-07-05T07:12:02.268+0000] {dag.py:3089} INFO - Sync 1 DAGs
[2026-07-05T07:12:02.298+0000] {logging_mixin.py:188} INFO - [2026-07-05T07:12:02.298+0000] {dag.py:3947} INFO - Setting next_dagrun for minio_to_snowflake_ecommerce to 2026-07-05 07:11:00+00:00, run_after=2026-07-05 07:12:00+00:00
[2026-07-05T07:12:02.328+0000] {processor.py:183} INFO - Processing /opt/airflow/dags/minio_to_snowflake_dag.py took 0.719 seconds
[2026-07-05T07:12:32.641+0000] {processor.py:161} INFO - Started process (PID=53273) to work on /opt/airflow/dags/minio_to_snowflake_dag.py
[2026-07-05T07:12:32.643+0000] {processor.py:830} INFO - Processing file /opt/airflow/dags/minio_to_snowflake_dag.py for tasks to queue
[2026-07-05T07:12:32.645+0000] {logging_mixin.py:188} INFO - [2026-07-05T07:12:32.645+0000] {dagbag.py:545} INFO - Filling up the DagBag from /opt/airflow/dags/minio_to_snowflake_dag.py
[2026-07-05T07:12:33.278+0000] {processor.py:840} INFO - DAG(s) 'minio_to_snowflake_ecommerce' retrieved from /opt/airflow/dags/minio_to_snowflake_dag.py
[2026-07-05T07:12:33.313+0000] {logging_mixin.py:188} INFO - [2026-07-05T07:12:33.312+0000] {dag.py:3089} INFO - Sync 1 DAGs
[2026-07-05T07:12:33.536+0000] {logging_mixin.py:188} INFO - [2026-07-05T07:12:33.535+0000] {dag.py:3947} INFO - Setting next_dagrun for minio_to_snowflake_ecommerce to 2026-07-05 07:11:00+00:00, run_after=2026-07-05 07:12:00+00:00
[2026-07-05T07:12:33.565+0000] {processor.py:183} INFO - Processing /opt/airflow/dags/minio_to_snowflake_dag.py took 0.930 seconds
[2026-07-05T07:13:03.918+0000] {processor.py:161} INFO - Started process (PID=53277) to work on /opt/airflow/dags/minio_to_snowflake_dag.py
[2026-07-05T07:13:03.919+0000] {processor.py:830} INFO - Processing file /opt/airflow/dags/minio_to_snowflake_dag.py for tasks to queue
[2026-07-05T07:13:03.922+0000] {logging_mixin.py:188} INFO - [2026-07-05T07:13:03.921+0000] {dagbag.py:545} INFO - Filling up the DagBag from /opt/airflow/dags/minio_to_snowflake_dag.py
[2026-07-05T07:13:04.577+0000] {processor.py:840} INFO - DAG(s) 'minio_to_snowflake_ecommerce' retrieved from /opt/airflow/dags/minio_to_snowflake_dag.py
[2026-07-05T07:13:04.609+0000] {logging_mixin.py:188} INFO - [2026-07-05T07:13:04.609+0000] {dag.py:3089} INFO - Sync 1 DAGs
[2026-07-05T07:13:04.840+0000] {logging_mixin.py:188} INFO - [2026-07-05T07:13:04.840+0000] {dag.py:3947} INFO - Setting next_dagrun for minio_to_snowflake_ecommerce to 2026-07-05 07:12:00+00:00, run_after=2026-07-05 07:13:00+00:00
[2026-07-05T07:13:04.872+0000] {processor.py:183} INFO - Processing /opt/airflow/dags/minio_to_snowflake_dag.py took 0.963 seconds
[2026-07-05T07:13:35.207+0000] {processor.py:161} INFO - Started process (PID=53281) to work on /opt/airflow/dags/minio_to_snowflake_dag.py
[2026-07-05T07:13:35.209+0000] {processor.py:830} INFO - Processing file /opt/airflow/dags/minio_to_snowflake_dag.py for tasks to queue
[2026-07-05T07:13:35.212+0000] {logging_mixin.py:188} INFO - [2026-07-05T07:13:35.212+0000] {dagbag.py:545} INFO - Filling up the DagBag from /opt/airflow/dags/minio_to_snowflake_dag.py
[2026-07-05T07:13:35.827+0000] {processor.py:840} INFO - DAG(s) 'minio_to_snowflake_ecommerce' retrieved from /opt/airflow/dags/minio_to_snowflake_dag.py
[2026-07-05T07:13:35.860+0000] {logging_mixin.py:188} INFO - [2026-07-05T07:13:35.859+0000] {dag.py:3089} INFO - Sync 1 DAGs
[2026-07-05T07:13:35.890+0000] {logging_mixin.py:188} INFO - [2026-07-05T07:13:35.890+0000] {dag.py:3947} INFO - Setting next_dagrun for minio_to_snowflake_ecommerce to 2026-07-05 07:12:00+00:00, run_after=2026-07-05 07:13:00+00:00
[2026-07-05T07:13:35.917+0000] {processor.py:183} INFO - Processing /opt/airflow/dags/minio_to_snowflake_dag.py took 0.718 seconds
[2026-07-05T07:14:06.202+0000] {processor.py:161} INFO - Started process (PID=53285) to work on /opt/airflow/dags/minio_to_snowflake_dag.py
[2026-07-05T07:14:06.204+0000] {processor.py:830} INFO - Processing file /opt/airflow/dags/minio_to_snowflake_dag.py for tasks to queue
[2026-07-05T07:14:06.206+0000] {logging_mixin.py:188} INFO - [2026-07-05T07:14:06.206+0000] {dagbag.py:545} INFO - Filling up the DagBag from /opt/airflow/dags/minio_to_snowflake_dag.py
[2026-07-05T07:14:06.814+0000] {processor.py:840} INFO - DAG(s) 'minio_to_snowflake_ecommerce' retrieved from /opt/airflow/dags/minio_to_snowflake_dag.py
[2026-07-05T07:14:06.847+0000] {logging_mixin.py:188} INFO - [2026-07-05T07:14:06.846+0000] {dag.py:3089} INFO - Sync 1 DAGs
[2026-07-05T07:14:06.875+0000] {logging_mixin.py:188} INFO - [2026-07-05T07:14:06.875+0000] {dag.py:3947} INFO - Setting next_dagrun for minio_to_snowflake_ecommerce to 2026-07-05 07:13:00+00:00, run_after=2026-07-05 07:14:00+00:00
[2026-07-05T07:14:06.901+0000] {processor.py:183} INFO - Processing /opt/airflow/dags/minio_to_snowflake_dag.py took 0.706 seconds
[2026-07-05T07:14:37.369+0000] {processor.py:161} INFO - Started process (PID=53289) to work on /opt/airflow/dags/minio_to_snowflake_dag.py
[2026-07-05T07:14:37.371+0000] {processor.py:830} INFO - Processing file /opt/airflow/dags/minio_to_snowflake_dag.py for tasks to queue
[2026-07-05T07:14:37.373+0000] {logging_mixin.py:188} INFO - [2026-07-05T07:14:37.373+0000] {dagbag.py:545} INFO - Filling up the DagBag from /opt/airflow/dags/minio_to_snowflake_dag.py
[2026-07-05T07:14:37.932+0000] {processor.py:840} INFO - DAG(s) 'minio_to_snowflake_ecommerce' retrieved from /opt/airflow/dags/minio_to_snowflake_dag.py
[2026-07-05T07:14:37.964+0000] {logging_mixin.py:188} INFO - [2026-07-05T07:14:37.963+0000] {dag.py:3089} INFO - Sync 1 DAGs
[2026-07-05T07:14:37.994+0000] {logging_mixin.py:188} INFO - [2026-07-05T07:14:37.993+0000] {dag.py:3947} INFO - Setting next_dagrun for minio_to_snowflake_ecommerce to 2026-07-05 07:13:00+00:00, run_after=2026-07-05 07:14:00+00:00
[2026-07-05T07:14:38.192+0000] {processor.py:183} INFO - Processing /opt/airflow/dags/minio_to_snowflake_dag.py took 0.833 seconds
[2026-07-05T07:15:08.677+0000] {processor.py:161} INFO - Started process (PID=53293) to work on /opt/airflow/dags/minio_to_snowflake_dag.py
[2026-07-05T07:15:08.678+0000] {processor.py:830} INFO - Processing file /opt/airflow/dags/minio_to_snowflake_dag.py for tasks to queue
[2026-07-05T07:15:08.681+0000] {logging_mixin.py:188} INFO - [2026-07-05T07:15:08.681+0000] {dagbag.py:545} INFO - Filling up the DagBag from /opt/airflow/dags/minio_to_snowflake_dag.py
[2026-07-05T07:15:09.245+0000] {processor.py:840} INFO - DAG(s) 'minio_to_snowflake_ecommerce' retrieved from /opt/airflow/dags/minio_to_snowflake_dag.py
[2026-07-05T07:15:09.275+0000] {logging_mixin.py:188} INFO - [2026-07-05T07:15:09.274+0000] {dag.py:3089} INFO - Sync 1 DAGs
[2026-07-05T07:15:09.479+0000] {logging_mixin.py:188} INFO - [2026-07-05T07:15:09.479+0000] {dag.py:3947} INFO - Setting next_dagrun for minio_to_snowflake_ecommerce to 2026-07-05 07:14:00+00:00, run_after=2026-07-05 07:15:00+00:00
[2026-07-05T07:15:09.510+0000] {processor.py:183} INFO - Processing /opt/airflow/dags/minio_to_snowflake_dag.py took 0.841 seconds
[2026-07-05T07:15:39.632+0000] {processor.py:161} INFO - Started process (PID=53297) to work on /opt/airflow/dags/minio_to_snowflake_dag.py
[2026-07-05T07:15:39.634+0000] {processor.py:830} INFO - Processing file /opt/airflow/dags/minio_to_snowflake_dag.py for tasks to queue
[2026-07-05T07:15:39.637+0000] {logging_mixin.py:188} INFO - [2026-07-05T07:15:39.636+0000] {dagbag.py:545} INFO - Filling up the DagBag from /opt/airflow/dags/minio_to_snowflake_dag.py
[2026-07-05T07:15:40.188+0000] {processor.py:840} INFO - DAG(s) 'minio_to_snowflake_ecommerce' retrieved from /opt/airflow/dags/minio_to_snowflake_dag.py
[2026-07-05T07:15:40.228+0000] {logging_mixin.py:188} INFO - [2026-07-05T07:15:40.228+0000] {dag.py:3089} INFO - Sync 1 DAGs
[2026-07-05T07:15:40.258+0000] {logging_mixin.py:188} INFO - [2026-07-05T07:15:40.258+0000] {dag.py:3947} INFO - Setting next_dagrun for minio_to_snowflake_ecommerce to 2026-07-05 07:14:00+00:00, run_after=2026-07-05 07:15:00+00:00
[2026-07-05T07:15:40.282+0000] {processor.py:183} INFO - Processing /opt/airflow/dags/minio_to_snowflake_dag.py took 0.657 seconds
[2026-07-05T07:16:10.707+0000] {processor.py:161} INFO - Started process (PID=53301) to work on /opt/airflow/dags/minio_to_snowflake_dag.py
[2026-07-05T07:16:10.709+0000] {processor.py:830} INFO - Processing file /opt/airflow/dags/minio_to_snowflake_dag.py for tasks to queue
[2026-07-05T07:16:10.711+0000] {logging_mixin.py:188} INFO - [2026-07-05T07:16:10.710+0000] {dagbag.py:545} INFO - Filling up the DagBag from /opt/airflow/dags/minio_to_snowflake_dag.py
[2026-07-05T07:16:11.273+0000] {processor.py:840} INFO - DAG(s) 'minio_to_snowflake_ecommerce' retrieved from /opt/airflow/dags/minio_to_snowflake_dag.py
[2026-07-05T07:16:11.308+0000] {logging_mixin.py:188} INFO - [2026-07-05T07:16:11.308+0000] {dag.py:3089} INFO - Sync 1 DAGs
[2026-07-05T07:16:11.337+0000] {logging_mixin.py:188} INFO - [2026-07-05T07:16:11.337+0000] {dag.py:3947} INFO - Setting next_dagrun for minio_to_snowflake_ecommerce to 2026-07-05 07:15:00+00:00, run_after=2026-07-05 07:16:00+00:00
[2026-07-05T07:16:11.360+0000] {processor.py:183} INFO - Processing /opt/airflow/dags/minio_to_snowflake_dag.py took 0.659 seconds
[2026-07-05T07:16:41.620+0000] {processor.py:161} INFO - Started process (PID=53305) to work on /opt/airflow/dags/minio_to_snowflake_dag.py
[2026-07-05T07:16:41.621+0000] {processor.py:830} INFO - Processing file /opt/airflow/dags/minio_to_snowflake_dag.py for tasks to queue
[2026-07-05T07:16:41.624+0000] {logging_mixin.py:188} INFO - [2026-07-05T07:16:41.623+0000] {dagbag.py:545} INFO - Filling up the DagBag from /opt/airflow/dags/minio_to_snowflake_dag.py
[2026-07-05T07:16:42.149+0000] {processor.py:840} INFO - DAG(s) 'minio_to_snowflake_ecommerce' retrieved from /opt/airflow/dags/minio_to_snowflake_dag.py
[2026-07-05T07:16:42.178+0000] {logging_mixin.py:188} INFO - [2026-07-05T07:16:42.177+0000] {dag.py:3089} INFO - Sync 1 DAGs
[2026-07-05T07:16:42.203+0000] {logging_mixin.py:188} INFO - [2026-07-05T07:16:42.202+0000] {dag.py:3947} INFO - Setting next_dagrun for minio_to_snowflake_ecommerce to 2026-07-05 07:15:00+00:00, run_after=2026-07-05 07:16:00+00:00
[2026-07-05T07:16:42.375+0000] {processor.py:183} INFO - Processing /opt/airflow/dags/minio_to_snowflake_dag.py took 0.761 seconds
[2026-07-05T07:17:12.643+0000] {processor.py:161} INFO - Started process (PID=53309) to work on /opt/airflow/dags/minio_to_snowflake_dag.py
[2026-07-05T07:17:12.644+0000] {processor.py:830} INFO - Processing file /opt/airflow/dags/minio_to_snowflake_dag.py for tasks to queue
[2026-07-05T07:17:12.647+0000] {logging_mixin.py:188} INFO - [2026-07-05T07:17:12.647+0000] {dagbag.py:545} INFO - Filling up the DagBag from /opt/airflow/dags/minio_to_snowflake_dag.py
[2026-07-05T07:17:13.206+0000] {processor.py:840} INFO - DAG(s) 'minio_to_snowflake_ecommerce' retrieved from /opt/airflow/dags/minio_to_snowflake_dag.py
[2026-07-05T07:17:13.237+0000] {logging_mixin.py:188} INFO - [2026-07-05T07:17:13.236+0000] {dag.py:3089} INFO - Sync 1 DAGs
[2026-07-05T07:17:13.424+0000] {logging_mixin.py:188} INFO - [2026-07-05T07:17:13.424+0000] {dag.py:3947} INFO - Setting next_dagrun for minio_to_snowflake_ecommerce to 2026-07-05 07:16:00+00:00, run_after=2026-07-05 07:17:00+00:00
[2026-07-05T07:17:13.451+0000] {processor.py:183} INFO - Processing /opt/airflow/dags/minio_to_snowflake_dag.py took 0.816 seconds
[2026-07-05T07:17:43.919+0000] {processor.py:161} INFO - Started process (PID=53313) to work on /opt/airflow/dags/minio_to_snowflake_dag.py
[2026-07-05T07:17:43.920+0000] {processor.py:830} INFO - Processing file /opt/airflow/dags/minio_to_snowflake_dag.py for tasks to queue
[2026-07-05T07:17:43.922+0000] {logging_mixin.py:188} INFO - [2026-07-05T07:17:43.922+0000] {dagbag.py:545} INFO - Filling up the DagBag from /opt/airflow/dags/minio_to_snowflake_dag.py
[2026-07-05T07:17:44.462+0000] {processor.py:840} INFO - DAG(s) 'minio_to_snowflake_ecommerce' retrieved from /opt/airflow/dags/minio_to_snowflake_dag.py
[2026-07-05T07:17:44.650+0000] {logging_mixin.py:188} INFO - [2026-07-05T07:17:44.649+0000] {dag.py:3089} INFO - Sync 1 DAGs
[2026-07-05T07:17:44.688+0000] {logging_mixin.py:188} INFO - [2026-07-05T07:17:44.687+0000] {dag.py:3947} INFO - Setting next_dagrun for minio_to_snowflake_ecommerce to 2026-07-05 07:16:00+00:00, run_after=2026-07-05 07:17:00+00:00
[2026-07-05T07:17:44.714+0000] {processor.py:183} INFO - Processing /opt/airflow/dags/minio_to_snowflake_dag.py took 0.804 seconds
[2026-07-05T07:18:15.103+0000] {processor.py:161} INFO - Started process (PID=53317) to work on /opt/airflow/dags/minio_to_snowflake_dag.py
[2026-07-05T07:18:15.104+0000] {processor.py:830} INFO - Processing file /opt/airflow/dags/minio_to_snowflake_dag.py for tasks to queue
[2026-07-05T07:18:15.107+0000] {logging_mixin.py:188} INFO - [2026-07-05T07:18:15.107+0000] {dagbag.py:545} INFO - Filling up the DagBag from /opt/airflow/dags/minio_to_snowflake_dag.py
[2026-07-05T07:18:15.730+0000] {processor.py:840} INFO - DAG(s) 'minio_to_snowflake_ecommerce' retrieved from /opt/airflow/dags/minio_to_snowflake_dag.py
[2026-07-05T07:18:15.762+0000] {logging_mixin.py:188} INFO - [2026-07-05T07:18:15.761+0000] {dag.py:3089} INFO - Sync 1 DAGs
[2026-07-05T07:18:15.792+0000] {logging_mixin.py:188} INFO - [2026-07-05T07:18:15.792+0000] {dag.py:3947} INFO - Setting next_dagrun for minio_to_snowflake_ecommerce to 2026-07-05 07:17:00+00:00, run_after=2026-07-05 07:18:00+00:00
[2026-07-05T07:18:15.821+0000] {processor.py:183} INFO - Processing /opt/airflow/dags/minio_to_snowflake_dag.py took 0.728 seconds
[2026-07-05T07:18:46.102+0000] {processor.py:161} INFO - Started process (PID=53321) to work on /opt/airflow/dags/minio_to_snowflake_dag.py
[2026-07-05T07:18:46.103+0000] {processor.py:830} INFO - Processing file /opt/airflow/dags/minio_to_snowflake_dag.py for tasks to queue
[2026-07-05T07:18:46.106+0000] {logging_mixin.py:188} INFO - [2026-07-05T07:18:46.105+0000] {dagbag.py:545} INFO - Filling up the DagBag from /opt/airflow/dags/minio_to_snowflake_dag.py
[2026-07-05T07:18:47.205+0000] {processor.py:840} INFO - DAG(s) 'minio_to_snowflake_ecommerce' retrieved from /opt/airflow/dags/minio_to_snowflake_dag.py
[2026-07-05T07:18:47.255+0000] {logging_mixin.py:188} INFO - [2026-07-05T07:18:47.255+0000] {dag.py:3089} INFO - Sync 1 DAGs
[2026-07-05T07:18:47.313+0000] {logging_mixin.py:188} INFO - [2026-07-05T07:18:47.312+0000] {dag.py:3947} INFO - Setting next_dagrun for minio_to_snowflake_ecommerce to 2026-07-05 07:17:00+00:00, run_after=2026-07-05 07:18:00+00:00
[2026-07-05T07:18:47.685+0000] {processor.py:183} INFO - Processing /opt/airflow/dags/minio_to_snowflake_dag.py took 1.596 seconds
[2026-07-05T07:19:17.996+0000] {processor.py:161} INFO - Started process (PID=53325) to work on /opt/airflow/dags/minio_to_snowflake_dag.py
[2026-07-05T07:19:17.997+0000] {processor.py:830} INFO - Processing file /opt/airflow/dags/minio_to_snowflake_dag.py for tasks to queue
[2026-07-05T07:19:18.000+0000] {logging_mixin.py:188} INFO - [2026-07-05T07:19:17.999+0000] {dagbag.py:545} INFO - Filling up the DagBag from /opt/airflow/dags/minio_to_snowflake_dag.py
[2026-07-05T07:19:18.638+0000] {processor.py:840} INFO - DAG(s) 'minio_to_snowflake_ecommerce' retrieved from /opt/airflow/dags/minio_to_snowflake_dag.py
[2026-07-05T07:19:18.670+0000] {logging_mixin.py:188} INFO - [2026-07-05T07:19:18.669+0000] {dag.py:3089} INFO - Sync 1 DAGs
[2026-07-05T07:19:18.880+0000] {logging_mixin.py:188} INFO - [2026-07-05T07:19:18.879+0000] {dag.py:3947} INFO - Setting next_dagrun for minio_to_snowflake_ecommerce to 2026-07-05 07:18:00+00:00, run_after=2026-07-05 07:19:00+00:00
[2026-07-05T07:19:18.906+0000] {processor.py:183} INFO - Processing /opt/airflow/dags/minio_to_snowflake_dag.py took 0.919 seconds
[2026-07-05T07:19:49.165+0000] {processor.py:161} INFO - Started process (PID=53329) to work on /opt/airflow/dags/minio_to_snowflake_dag.py
[2026-07-05T07:19:49.166+0000] {processor.py:830} INFO - Processing file /opt/airflow/dags/minio_to_snowflake_dag.py for tasks to queue
[2026-07-05T07:19:49.170+0000] {logging_mixin.py:188} INFO - [2026-07-05T07:19:49.169+0000] {dagbag.py:545} INFO - Filling up the DagBag from /opt/airflow/dags/minio_to_snowflake_dag.py
[2026-07-05T07:19:49.761+0000] {processor.py:840} INFO - DAG(s) 'minio_to_snowflake_ecommerce' retrieved from /opt/airflow/dags/minio_to_snowflake_dag.py
[2026-07-05T07:19:49.950+0000] {logging_mixin.py:188} INFO - [2026-07-05T07:19:49.949+0000] {dag.py:3089} INFO - Sync 1 DAGs
[2026-07-05T07:19:49.987+0000] {logging_mixin.py:188} INFO - [2026-07-05T07:19:49.986+0000] {dag.py:3947} INFO - Setting next_dagrun for minio_to_snowflake_ecommerce to 2026-07-05 07:18:00+00:00, run_after=2026-07-05 07:19:00+00:00
[2026-07-05T07:19:50.011+0000] {processor.py:183} INFO - Processing /opt/airflow/dags/minio_to_snowflake_dag.py took 0.854 seconds
[2026-07-05T07:20:20.268+0000] {processor.py:161} INFO - Started process (PID=53333) to work on /opt/airflow/dags/minio_to_snowflake_dag.py
[2026-07-05T07:20:20.269+0000] {processor.py:830} INFO - Processing file /opt/airflow/dags/minio_to_snowflake_dag.py for tasks to queue
[2026-07-05T07:20:20.272+0000] {logging_mixin.py:188} INFO - [2026-07-05T07:20:20.271+0000] {dagbag.py:545} INFO - Filling up the DagBag from /opt/airflow/dags/minio_to_snowflake_dag.py
[2026-07-05T07:20:20.863+0000] {processor.py:840} INFO - DAG(s) 'minio_to_snowflake_ecommerce' retrieved from /opt/airflow/dags/minio_to_snowflake_dag.py
[2026-07-05T07:20:20.892+0000] {logging_mixin.py:188} INFO - [2026-07-05T07:20:20.892+0000] {dag.py:3089} INFO - Sync 1 DAGs
[2026-07-05T07:20:20.919+0000] {logging_mixin.py:188} INFO - [2026-07-05T07:20:20.919+0000] {dag.py:3947} INFO - Setting next_dagrun for minio_to_snowflake_ecommerce to 2026-07-05 07:19:00+00:00, run_after=2026-07-05 07:20:00+00:00
[2026-07-05T07:20:20.943+0000] {processor.py:183} INFO - Processing /opt/airflow/dags/minio_to_snowflake_dag.py took 0.687 seconds
[2026-07-05T07:20:51.245+0000] {processor.py:161} INFO - Started process (PID=53337) to work on /opt/airflow/dags/minio_to_snowflake_dag.py
[2026-07-05T07:20:51.246+0000] {processor.py:830} INFO - Processing file /opt/airflow/dags/minio_to_snowflake_dag.py for tasks to queue
[2026-07-05T07:20:51.249+0000] {logging_mixin.py:188} INFO - [2026-07-05T07:20:51.248+0000] {dagbag.py:545} INFO - Filling up the DagBag from /opt/airflow/dags/minio_to_snowflake_dag.py
[2026-07-05T07:20:51.812+0000] {processor.py:840} INFO - DAG(s) 'minio_to_snowflake_ecommerce' retrieved from /opt/airflow/dags/minio_to_snowflake_dag.py
[2026-07-05T07:20:51.842+0000] {logging_mixin.py:188} INFO - [2026-07-05T07:20:51.841+0000] {dag.py:3089} INFO - Sync 1 DAGs
[2026-07-05T07:20:51.869+0000] {logging_mixin.py:188} INFO - [2026-07-05T07:20:51.869+0000] {dag.py:3947} INFO - Setting next_dagrun for minio_to_snowflake_ecommerce to 2026-07-05 07:19:00+00:00, run_after=2026-07-05 07:20:00+00:00
[2026-07-05T07:20:52.043+0000] {processor.py:183} INFO - Processing /opt/airflow/dags/minio_to_snowflake_dag.py took 0.806 seconds
[2026-07-05T07:21:22.361+0000] {processor.py:161} INFO - Started process (PID=53341) to work on /opt/airflow/dags/minio_to_snowflake_dag.py
[2026-07-05T07:21:22.362+0000] {processor.py:830} INFO - Processing file /opt/airflow/dags/minio_to_snowflake_dag.py for tasks to queue
[2026-07-05T07:21:22.365+0000] {logging_mixin.py:188} INFO - [2026-07-05T07:21:22.364+0000] {dagbag.py:545} INFO - Filling up the DagBag from /opt/airflow/dags/minio_to_snowflake_dag.py
[2026-07-05T07:21:22.924+0000] {processor.py:840} INFO - DAG(s) 'minio_to_snowflake_ecommerce' retrieved from /opt/airflow/dags/minio_to_snowflake_dag.py
[2026-07-05T07:21:22.954+0000] {logging_mixin.py:188} INFO - [2026-07-05T07:21:22.953+0000] {dag.py:3089} INFO - Sync 1 DAGs
[2026-07-05T07:21:23.138+0000] {logging_mixin.py:188} INFO - [2026-07-05T07:21:23.138+0000] {dag.py:3947} INFO - Setting next_dagrun for minio_to_snowflake_ecommerce to 2026-07-05 07:20:00+00:00, run_after=2026-07-05 07:21:00+00:00
[2026-07-05T07:21:23.167+0000] {processor.py:183} INFO - Processing /opt/airflow/dags/minio_to_snowflake_dag.py took 0.815 seconds
[2026-07-05T07:21:53.415+0000] {processor.py:161} INFO - Started process (PID=53345) to work on /opt/airflow/dags/minio_to_snowflake_dag.py
[2026-07-05T07:21:53.416+0000] {processor.py:830} INFO - Processing file /opt/airflow/dags/minio_to_snowflake_dag.py for tasks to queue
[2026-07-05T07:21:53.418+0000] {logging_mixin.py:188} INFO - [2026-07-05T07:21:53.418+0000] {dagbag.py:545} INFO - Filling up the DagBag from /opt/airflow/dags/minio_to_snowflake_dag.py
[2026-07-05T07:21:53.951+0000] {processor.py:840} INFO - DAG(s) 'minio_to_snowflake_ecommerce' retrieved from /opt/airflow/dags/minio_to_snowflake_dag.py
[2026-07-05T07:21:54.121+0000] {logging_mixin.py:188} INFO - [2026-07-05T07:21:54.121+0000] {dag.py:3089} INFO - Sync 1 DAGs
[2026-07-05T07:21:54.149+0000] {logging_mixin.py:188} INFO - [2026-07-05T07:21:54.149+0000] {dag.py:3947} INFO - Setting next_dagrun for minio_to_snowflake_ecommerce to 2026-07-05 07:20:00+00:00, run_after=2026-07-05 07:21:00+00:00
[2026-07-05T07:21:54.172+0000] {processor.py:183} INFO - Processing /opt/airflow/dags/minio_to_snowflake_dag.py took 0.764 seconds
[2026-07-05T07:22:24.586+0000] {processor.py:161} INFO - Started process (PID=53349) to work on /opt/airflow/dags/minio_to_snowflake_dag.py
[2026-07-05T07:22:24.588+0000] {processor.py:830} INFO - Processing file /opt/airflow/dags/minio_to_snowflake_dag.py for tasks to queue
[2026-07-05T07:22:24.590+0000] {logging_mixin.py:188} INFO - [2026-07-05T07:22:24.589+0000] {dagbag.py:545} INFO - Filling up the DagBag from /opt/airflow/dags/minio_to_snowflake_dag.py
[2026-07-05T07:22:25.122+0000] {processor.py:840} INFO - DAG(s) 'minio_to_snowflake_ecommerce' retrieved from /opt/airflow/dags/minio_to_snowflake_dag.py
[2026-07-05T07:22:25.157+0000] {logging_mixin.py:188} INFO - [2026-07-05T07:22:25.156+0000] {dag.py:3089} INFO - Sync 1 DAGs
[2026-07-05T07:22:25.187+0000] {logging_mixin.py:188} INFO - [2026-07-05T07:22:25.187+0000] {dag.py:3947} INFO - Setting next_dagrun for minio_to_snowflake_ecommerce to 2026-07-05 07:21:00+00:00, run_after=2026-07-05 07:22:00+00:00
[2026-07-05T07:22:25.210+0000] {processor.py:183} INFO - Processing /opt/airflow/dags/minio_to_snowflake_dag.py took 0.631 seconds
[2026-07-05T07:22:55.401+0000] {processor.py:161} INFO - Started process (PID=53353) to work on /opt/airflow/dags/minio_to_snowflake_dag.py
[2026-07-05T07:22:55.403+0000] {processor.py:830} INFO - Processing file /opt/airflow/dags/minio_to_snowflake_dag.py for tasks to queue
[2026-07-05T07:22:55.405+0000] {logging_mixin.py:188} INFO - [2026-07-05T07:22:55.405+0000] {dagbag.py:545} INFO - Filling up the DagBag from /opt/airflow/dags/minio_to_snowflake_dag.py
[2026-07-05T07:22:55.992+0000] {processor.py:840} INFO - DAG(s) 'minio_to_snowflake_ecommerce' retrieved from /opt/airflow/dags/minio_to_snowflake_dag.py
[2026-07-05T07:22:56.020+0000] {logging_mixin.py:188} INFO - [2026-07-05T07:22:56.020+0000] {dag.py:3089} INFO - Sync 1 DAGs
[2026-07-05T07:22:56.050+0000] {logging_mixin.py:188} INFO - [2026-07-05T07:22:56.050+0000] {dag.py:3947} INFO - Setting next_dagrun for minio_to_snowflake_ecommerce to 2026-07-05 07:21:00+00:00, run_after=2026-07-05 07:22:00+00:00
[2026-07-05T07:22:56.249+0000] {processor.py:183} INFO - Processing /opt/airflow/dags/minio_to_snowflake_dag.py took 0.855 seconds
[2026-07-05T07:23:26.578+0000] {processor.py:161} INFO - Started process (PID=53357) to work on /opt/airflow/dags/minio_to_snowflake_dag.py
[2026-07-05T07:23:26.579+0000] {processor.py:830} INFO - Processing file /opt/airflow/dags/minio_to_snowflake_dag.py for tasks to queue
[2026-07-05T07:23:26.582+0000] {logging_mixin.py:188} INFO - [2026-07-05T07:23:26.582+0000] {dagbag.py:545} INFO - Filling up the DagBag from /opt/airflow/dags/minio_to_snowflake_dag.py
[2026-07-05T07:23:27.151+0000] {processor.py:840} INFO - DAG(s) 'minio_to_snowflake_ecommerce' retrieved from /opt/airflow/dags/minio_to_snowflake_dag.py
[2026-07-05T07:23:27.183+0000] {logging_mixin.py:188} INFO - [2026-07-05T07:23:27.182+0000] {dag.py:3089} INFO - Sync 1 DAGs
[2026-07-05T07:23:27.370+0000] {logging_mixin.py:188} INFO - [2026-07-05T07:23:27.369+0000] {dag.py:3947} INFO - Setting next_dagrun for minio_to_snowflake_ecommerce to 2026-07-05 07:22:00+00:00, run_after=2026-07-05 07:23:00+00:00
[2026-07-05T07:23:27.398+0000] {processor.py:183} INFO - Processing /opt/airflow/dags/minio_to_snowflake_dag.py took 0.828 seconds
[2026-07-05T07:23:57.822+0000] {processor.py:161} INFO - Started process (PID=53361) to work on /opt/airflow/dags/minio_to_snowflake_dag.py
[2026-07-05T07:23:57.824+0000] {processor.py:830} INFO - Processing file /opt/airflow/dags/minio_to_snowflake_dag.py for tasks to queue
[2026-07-05T07:23:57.827+0000] {logging_mixin.py:188} INFO - [2026-07-05T07:23:57.827+0000] {dagbag.py:545} INFO - Filling up the DagBag from /opt/airflow/dags/minio_to_snowflake_dag.py
[2026-07-05T07:23:58.803+0000] {processor.py:840} INFO - DAG(s) 'minio_to_snowflake_ecommerce' retrieved from /opt/airflow/dags/minio_to_snowflake_dag.py
[2026-07-05T07:23:59.002+0000] {logging_mixin.py:188} INFO - [2026-07-05T07:23:59.001+0000] {dag.py:3089} INFO - Sync 1 DAGs
[2026-07-05T07:23:59.046+0000] {logging_mixin.py:188} INFO - [2026-07-05T07:23:59.046+0000] {dag.py:3947} INFO - Setting next_dagrun for minio_to_snowflake_ecommerce to 2026-07-05 07:22:00+00:00, run_after=2026-07-05 07:23:00+00:00
[2026-07-05T07:23:59.077+0000] {processor.py:183} INFO - Processing /opt/airflow/dags/minio_to_snowflake_dag.py took 1.263 seconds
[2026-07-05T07:24:29.256+0000] {processor.py:161} INFO - Started process (PID=53365) to work on /opt/airflow/dags/minio_to_snowflake_dag.py
[2026-07-05T07:24:29.258+0000] {processor.py:830} INFO - Processing file /opt/airflow/dags/minio_to_snowflake_dag.py for tasks to queue
[2026-07-05T07:24:29.263+0000] {logging_mixin.py:188} INFO - [2026-07-05T07:24:29.261+0000] {dagbag.py:545} INFO - Filling up the DagBag from /opt/airflow/dags/minio_to_snowflake_dag.py
[2026-07-05T07:24:30.088+0000] {processor.py:840} INFO - DAG(s) 'minio_to_snowflake_ecommerce' retrieved from /opt/airflow/dags/minio_to_snowflake_dag.py
[2026-07-05T07:24:30.121+0000] {logging_mixin.py:188} INFO - [2026-07-05T07:24:30.121+0000] {dag.py:3089} INFO - Sync 1 DAGs
[2026-07-05T07:24:30.152+0000] {logging_mixin.py:188} INFO - [2026-07-05T07:24:30.152+0000] {dag.py:3947} INFO - Setting next_dagrun for minio_to_snowflake_ecommerce to 2026-07-05 07:23:00+00:00, run_after=2026-07-05 07:24:00+00:00
[2026-07-05T07:24:30.175+0000] {processor.py:183} INFO - Processing /opt/airflow/dags/minio_to_snowflake_dag.py took 0.930 seconds
[2026-07-05T07:25:00.531+0000] {processor.py:161} INFO - Started process (PID=53369) to work on /opt/airflow/dags/minio_to_snowflake_dag.py
[2026-07-05T07:25:00.532+0000] {processor.py:830} INFO - Processing file /opt/airflow/dags/minio_to_snowflake_dag.py for tasks to queue
[2026-07-05T07:25:00.534+0000] {logging_mixin.py:188} INFO - [2026-07-05T07:25:00.534+0000] {dagbag.py:545} INFO - Filling up the DagBag from /opt/airflow/dags/minio_to_snowflake_dag.py
[2026-07-05T07:25:01.105+0000] {processor.py:840} INFO - DAG(s) 'minio_to_snowflake_ecommerce' retrieved from /opt/airflow/dags/minio_to_snowflake_dag.py
[2026-07-05T07:25:01.137+0000] {logging_mixin.py:188} INFO - [2026-07-05T07:25:01.136+0000] {dag.py:3089} INFO - Sync 1 DAGs
[2026-07-05T07:25:01.168+0000] {logging_mixin.py:188} INFO - [2026-07-05T07:25:01.168+0000] {dag.py:3947} INFO - Setting next_dagrun for minio_to_snowflake_ecommerce to 2026-07-05 07:24:00+00:00, run_after=2026-07-05 07:25:00+00:00
[2026-07-05T07:25:01.368+0000] {processor.py:183} INFO - Processing /opt/airflow/dags/minio_to_snowflake_dag.py took 0.844 seconds
[2026-07-05T07:25:31.840+0000] {processor.py:161} INFO - Started process (PID=53373) to work on /opt/airflow/dags/minio_to_snowflake_dag.py
[2026-07-05T07:25:31.841+0000] {processor.py:830} INFO - Processing file /opt/airflow/dags/minio_to_snowflake_dag.py for tasks to queue
[2026-07-05T07:25:31.844+0000] {logging_mixin.py:188} INFO - [2026-07-05T07:25:31.844+0000] {dagbag.py:545} INFO - Filling up the DagBag from /opt/airflow/dags/minio_to_snowflake_dag.py
[2026-07-05T07:25:32.378+0000] {processor.py:840} INFO - DAG(s) 'minio_to_snowflake_ecommerce' retrieved from /opt/airflow/dags/minio_to_snowflake_dag.py
[2026-07-05T07:25:32.409+0000] {logging_mixin.py:188} INFO - [2026-07-05T07:25:32.408+0000] {dag.py:3089} INFO - Sync 1 DAGs
[2026-07-05T07:25:32.592+0000] {logging_mixin.py:188} INFO - [2026-07-05T07:25:32.591+0000] {dag.py:3947} INFO - Setting next_dagrun for minio_to_snowflake_ecommerce to 2026-07-05 07:24:00+00:00, run_after=2026-07-05 07:25:00+00:00
[2026-07-05T07:25:32.620+0000] {processor.py:183} INFO - Processing /opt/airflow/dags/minio_to_snowflake_dag.py took 0.788 seconds
[2026-07-05T07:26:02.907+0000] {processor.py:161} INFO - Started process (PID=53377) to work on /opt/airflow/dags/minio_to_snowflake_dag.py
[2026-07-05T07:26:02.908+0000] {processor.py:830} INFO - Processing file /opt/airflow/dags/minio_to_snowflake_dag.py for tasks to queue
[2026-07-05T07:26:02.910+0000] {logging_mixin.py:188} INFO - [2026-07-05T07:26:02.910+0000] {dagbag.py:545} INFO - Filling up the DagBag from /opt/airflow/dags/minio_to_snowflake_dag.py
[2026-07-05T07:26:03.577+0000] {processor.py:840} INFO - DAG(s) 'minio_to_snowflake_ecommerce' retrieved from /opt/airflow/dags/minio_to_snowflake_dag.py
[2026-07-05T07:26:03.827+0000] {logging_mixin.py:188} INFO - [2026-07-05T07:26:03.826+0000] {dag.py:3089} INFO - Sync 1 DAGs
[2026-07-05T07:26:03.856+0000] {logging_mixin.py:188} INFO - [2026-07-05T07:26:03.856+0000] {dag.py:3947} INFO - Setting next_dagrun for minio_to_snowflake_ecommerce to 2026-07-05 07:25:00+00:00, run_after=2026-07-05 07:26:00+00:00
[2026-07-05T07:26:03.884+0000] {processor.py:183} INFO - Processing /opt/airflow/dags/minio_to_snowflake_dag.py took 0.984 seconds
[2026-07-05T07:26:34.206+0000] {processor.py:161} INFO - Started process (PID=53381) to work on /opt/airflow/dags/minio_to_snowflake_dag.py
[2026-07-05T07:26:34.208+0000] {processor.py:830} INFO - Processing file /opt/airflow/dags/minio_to_snowflake_dag.py for tasks to queue
[2026-07-05T07:26:34.210+0000] {logging_mixin.py:188} INFO - [2026-07-05T07:26:34.210+0000] {dagbag.py:545} INFO - Filling up the DagBag from /opt/airflow/dags/minio_to_snowflake_dag.py
[2026-07-05T07:26:34.776+0000] {processor.py:840} INFO - DAG(s) 'minio_to_snowflake_ecommerce' retrieved from /opt/airflow/dags/minio_to_snowflake_dag.py
[2026-07-05T07:26:34.810+0000] {logging_mixin.py:188} INFO - [2026-07-05T07:26:34.809+0000] {dag.py:3089} INFO - Sync 1 DAGs
[2026-07-05T07:26:34.839+0000] {logging_mixin.py:188} INFO - [2026-07-05T07:26:34.839+0000] {dag.py:3947} INFO - Setting next_dagrun for minio_to_snowflake_ecommerce to 2026-07-05 07:25:00+00:00, run_after=2026-07-05 07:26:00+00:00
[2026-07-05T07:26:34.862+0000] {processor.py:183} INFO - Processing /opt/airflow/dags/minio_to_snowflake_dag.py took 0.662 seconds
[2026-07-05T07:27:05.218+0000] {processor.py:161} INFO - Started process (PID=53385) to work on /opt/airflow/dags/minio_to_snowflake_dag.py
[2026-07-05T07:27:05.220+0000] {processor.py:830} INFO - Processing file /opt/airflow/dags/minio_to_snowflake_dag.py for tasks to queue
[2026-07-05T07:27:05.223+0000] {logging_mixin.py:188} INFO - [2026-07-05T07:27:05.222+0000] {dagbag.py:545} INFO - Filling up the DagBag from /opt/airflow/dags/minio_to_snowflake_dag.py
[2026-07-05T07:27:05.793+0000] {processor.py:840} INFO - DAG(s) 'minio_to_snowflake_ecommerce' retrieved from /opt/airflow/dags/minio_to_snowflake_dag.py
[2026-07-05T07:27:05.822+0000] {logging_mixin.py:188} INFO - [2026-07-05T07:27:05.822+0000] {dag.py:3089} INFO - Sync 1 DAGs
[2026-07-05T07:27:05.853+0000] {logging_mixin.py:188} INFO - [2026-07-05T07:27:05.852+0000] {dag.py:3947} INFO - Setting next_dagrun for minio_to_snowflake_ecommerce to 2026-07-05 07:26:00+00:00, run_after=2026-07-05 07:27:00+00:00
[2026-07-05T07:27:06.044+0000] {processor.py:183} INFO - Processing /opt/airflow/dags/minio_to_snowflake_dag.py took 0.833 seconds
[2026-07-05T07:27:36.381+0000] {processor.py:161} INFO - Started process (PID=53389) to work on /opt/airflow/dags/minio_to_snowflake_dag.py
[2026-07-05T07:27:36.383+0000] {processor.py:830} INFO - Processing file /opt/airflow/dags/minio_to_snowflake_dag.py for tasks to queue
[2026-07-05T07:27:36.386+0000] {logging_mixin.py:188} INFO - [2026-07-05T07:27:36.385+0000] {dagbag.py:545} INFO - Filling up the DagBag from /opt/airflow/dags/minio_to_snowflake_dag.py
[2026-07-05T07:27:36.964+0000] {processor.py:840} INFO - DAG(s) 'minio_to_snowflake_ecommerce' retrieved from /opt/airflow/dags/minio_to_snowflake_dag.py
[2026-07-05T07:27:36.996+0000] {logging_mixin.py:188} INFO - [2026-07-05T07:27:36.995+0000] {dag.py:3089} INFO - Sync 1 DAGs
[2026-07-05T07:27:37.195+0000] {logging_mixin.py:188} INFO - [2026-07-05T07:27:37.195+0000] {dag.py:3947} INFO - Setting next_dagrun for minio_to_snowflake_ecommerce to 2026-07-05 07:26:00+00:00, run_after=2026-07-05 07:27:00+00:00
[2026-07-05T07:27:37.224+0000] {processor.py:183} INFO - Processing /opt/airflow/dags/minio_to_snowflake_dag.py took 0.853 seconds
[2026-07-05T07:28:07.588+0000] {processor.py:161} INFO - Started process (PID=53393) to work on /opt/airflow/dags/minio_to_snowflake_dag.py
[2026-07-05T07:28:07.590+0000] {processor.py:830} INFO - Processing file /opt/airflow/dags/minio_to_snowflake_dag.py for tasks to queue
[2026-07-05T07:28:07.594+0000] {logging_mixin.py:188} INFO - [2026-07-05T07:28:07.592+0000] {dagbag.py:545} INFO - Filling up the DagBag from /opt/airflow/dags/minio_to_snowflake_dag.py
[2026-07-05T07:28:08.177+0000] {processor.py:840} INFO - DAG(s) 'minio_to_snowflake_ecommerce' retrieved from /opt/airflow/dags/minio_to_snowflake_dag.py
[2026-07-05T07:28:08.369+0000] {logging_mixin.py:188} INFO - [2026-07-05T07:28:08.368+0000] {dag.py:3089} INFO - Sync 1 DAGs
[2026-07-05T07:28:08.407+0000] {logging_mixin.py:188} INFO - [2026-07-05T07:28:08.406+0000] {dag.py:3947} INFO - Setting next_dagrun for minio_to_snowflake_ecommerce to 2026-07-05 07:27:00+00:00, run_after=2026-07-05 07:28:00+00:00
[2026-07-05T07:28:08.435+0000] {processor.py:183} INFO - Processing /opt/airflow/dags/minio_to_snowflake_dag.py took 0.855 seconds
[2026-07-05T07:28:38.797+0000] {processor.py:161} INFO - Started process (PID=53397) to work on /opt/airflow/dags/minio_to_snowflake_dag.py
[2026-07-05T07:28:38.798+0000] {processor.py:830} INFO - Processing file /opt/airflow/dags/minio_to_snowflake_dag.py for tasks to queue
[2026-07-05T07:28:38.801+0000] {logging_mixin.py:188} INFO - [2026-07-05T07:28:38.800+0000] {dagbag.py:545} INFO - Filling up the DagBag from /opt/airflow/dags/minio_to_snowflake_dag.py
[2026-07-05T07:28:39.401+0000] {processor.py:840} INFO - DAG(s) 'minio_to_snowflake_ecommerce' retrieved from /opt/airflow/dags/minio_to_snowflake_dag.py
[2026-07-05T07:28:39.433+0000] {logging_mixin.py:188} INFO - [2026-07-05T07:28:39.432+0000] {dag.py:3089} INFO - Sync 1 DAGs
[2026-07-05T07:28:39.462+0000] {logging_mixin.py:188} INFO - [2026-07-05T07:28:39.462+0000] {dag.py:3947} INFO - Setting next_dagrun for minio_to_snowflake_ecommerce to 2026-07-05 07:27:00+00:00, run_after=2026-07-05 07:28:00+00:00
[2026-07-05T07:28:39.484+0000] {processor.py:183} INFO - Processing /opt/airflow/dags/minio_to_snowflake_dag.py took 0.694 seconds
[2026-07-05T07:29:09.680+0000] {processor.py:161} INFO - Started process (PID=53401) to work on /opt/airflow/dags/minio_to_snowflake_dag.py
[2026-07-05T07:29:09.682+0000] {processor.py:830} INFO - Processing file /opt/airflow/dags/minio_to_snowflake_dag.py for tasks to queue
[2026-07-05T07:29:09.684+0000] {logging_mixin.py:188} INFO - [2026-07-05T07:29:09.684+0000] {dagbag.py:545} INFO - Filling up the DagBag from /opt/airflow/dags/minio_to_snowflake_dag.py
[2026-07-05T07:29:10.307+0000] {processor.py:840} INFO - DAG(s) 'minio_to_snowflake_ecommerce' retrieved from /opt/airflow/dags/minio_to_snowflake_dag.py
[2026-07-05T07:29:10.336+0000] {logging_mixin.py:188} INFO - [2026-07-05T07:29:10.335+0000] {dag.py:3089} INFO - Sync 1 DAGs
[2026-07-05T07:29:10.367+0000] {logging_mixin.py:188} INFO - [2026-07-05T07:29:10.367+0000] {dag.py:3947} INFO - Setting next_dagrun for minio_to_snowflake_ecommerce to 2026-07-05 07:28:00+00:00, run_after=2026-07-05 07:29:00+00:00
[2026-07-05T07:29:10.569+0000] {processor.py:183} INFO - Processing /opt/airflow/dags/minio_to_snowflake_dag.py took 0.899 seconds
[2026-07-05T07:29:40.957+0000] {processor.py:161} INFO - Started process (PID=53405) to work on /opt/airflow/dags/minio_to_snowflake_dag.py
[2026-07-05T07:29:40.958+0000] {processor.py:830} INFO - Processing file /opt/airflow/dags/minio_to_snowflake_dag.py for tasks to queue
[2026-07-05T07:29:40.960+0000] {logging_mixin.py:188} INFO - [2026-07-05T07:29:40.960+0000] {dagbag.py:545} INFO - Filling up the DagBag from /opt/airflow/dags/minio_to_snowflake_dag.py
[2026-07-05T07:29:41.538+0000] {processor.py:840} INFO - DAG(s) 'minio_to_snowflake_ecommerce' retrieved from /opt/airflow/dags/minio_to_snowflake_dag.py
[2026-07-05T07:29:41.569+0000] {logging_mixin.py:188} INFO - [2026-07-05T07:29:41.569+0000] {dag.py:3089} INFO - Sync 1 DAGs
[2026-07-05T07:29:41.771+0000] {logging_mixin.py:188} INFO - [2026-07-05T07:29:41.771+0000] {dag.py:3947} INFO - Setting next_dagrun for minio_to_snowflake_ecommerce to 2026-07-05 07:28:00+00:00, run_after=2026-07-05 07:29:00+00:00
[2026-07-05T07:29:41.795+0000] {processor.py:183} INFO - Processing /opt/airflow/dags/minio_to_snowflake_dag.py took 0.845 seconds
[2026-07-05T07:30:12.133+0000] {processor.py:161} INFO - Started process (PID=53409) to work on /opt/airflow/dags/minio_to_snowflake_dag.py
[2026-07-05T07:30:12.134+0000] {processor.py:830} INFO - Processing file /opt/airflow/dags/minio_to_snowflake_dag.py for tasks to queue
[2026-07-05T07:30:12.137+0000] {logging_mixin.py:188} INFO - [2026-07-05T07:30:12.136+0000] {dagbag.py:545} INFO - Filling up the DagBag from /opt/airflow/dags/minio_to_snowflake_dag.py
[2026-07-05T07:30:12.981+0000] {processor.py:840} INFO - DAG(s) 'minio_to_snowflake_ecommerce' retrieved from /opt/airflow/dags/minio_to_snowflake_dag.py
[2026-07-05T07:30:13.415+0000] {logging_mixin.py:188} INFO - [2026-07-05T07:30:13.412+0000] {dag.py:3089} INFO - Sync 1 DAGs
[2026-07-05T07:30:13.521+0000] {logging_mixin.py:188} INFO - [2026-07-05T07:30:13.520+0000] {dag.py:3947} INFO - Setting next_dagrun for minio_to_snowflake_ecommerce to 2026-07-05 07:29:00+00:00, run_after=2026-07-05 07:30:00+00:00
[2026-07-05T07:30:13.571+0000] {processor.py:183} INFO - Processing /opt/airflow/dags/minio_to_snowflake_dag.py took 1.445 seconds
[2026-07-05T07:30:43.916+0000] {processor.py:161} INFO - Started process (PID=53413) to work on /opt/airflow/dags/minio_to_snowflake_dag.py
[2026-07-05T07:30:43.917+0000] {processor.py:830} INFO - Processing file /opt/airflow/dags/minio_to_snowflake_dag.py for tasks to queue
[2026-07-05T07:30:43.919+0000] {logging_mixin.py:188} INFO - [2026-07-05T07:30:43.919+0000] {dagbag.py:545} INFO - Filling up the DagBag from /opt/airflow/dags/minio_to_snowflake_dag.py
[2026-07-05T07:30:44.461+0000] {processor.py:840} INFO - DAG(s) 'minio_to_snowflake_ecommerce' retrieved from /opt/airflow/dags/minio_to_snowflake_dag.py
[2026-07-05T07:30:44.494+0000] {logging_mixin.py:188} INFO - [2026-07-05T07:30:44.494+0000] {dag.py:3089} INFO - Sync 1 DAGs
[2026-07-05T07:30:44.531+0000] {logging_mixin.py:188} INFO - [2026-07-05T07:30:44.530+0000] {dag.py:3947} INFO - Setting next_dagrun for minio_to_snowflake_ecommerce to 2026-07-05 07:29:00+00:00, run_after=2026-07-05 07:30:00+00:00
[2026-07-05T07:30:44.552+0000] {processor.py:183} INFO - Processing /opt/airflow/dags/minio_to_snowflake_dag.py took 0.643 seconds
[2026-07-05T07:31:14.948+0000] {processor.py:161} INFO - Started process (PID=53417) to work on /opt/airflow/dags/minio_to_snowflake_dag.py
[2026-07-05T07:31:14.949+0000] {processor.py:830} INFO - Processing file /opt/airflow/dags/minio_to_snowflake_dag.py for tasks to queue
[2026-07-05T07:31:14.952+0000] {logging_mixin.py:188} INFO - [2026-07-05T07:31:14.951+0000] {dagbag.py:545} INFO - Filling up the DagBag from /opt/airflow/dags/minio_to_snowflake_dag.py
[2026-07-05T07:31:15.549+0000] {processor.py:840} INFO - DAG(s) 'minio_to_snowflake_ecommerce' retrieved from /opt/airflow/dags/minio_to_snowflake_dag.py
[2026-07-05T07:31:15.577+0000] {logging_mixin.py:188} INFO - [2026-07-05T07:31:15.577+0000] {dag.py:3089} INFO - Sync 1 DAGs
[2026-07-05T07:31:15.606+0000] {logging_mixin.py:188} INFO - [2026-07-05T07:31:15.605+0000] {dag.py:3947} INFO - Setting next_dagrun for minio_to_snowflake_ecommerce to 2026-07-05 07:30:00+00:00, run_after=2026-07-05 07:31:00+00:00
[2026-07-05T07:31:15.799+0000] {processor.py:183} INFO - Processing /opt/airflow/dags/minio_to_snowflake_dag.py took 0.858 seconds
[2026-07-05T07:31:46.249+0000] {processor.py:161} INFO - Started process (PID=53421) to work on /opt/airflow/dags/minio_to_snowflake_dag.py
[2026-07-05T07:31:46.251+0000] {processor.py:830} INFO - Processing file /opt/airflow/dags/minio_to_snowflake_dag.py for tasks to queue
[2026-07-05T07:31:46.254+0000] {logging_mixin.py:188} INFO - [2026-07-05T07:31:46.253+0000] {dagbag.py:545} INFO - Filling up the DagBag from /opt/airflow/dags/minio_to_snowflake_dag.py
[2026-07-05T07:31:46.884+0000] {processor.py:840} INFO - DAG(s) 'minio_to_snowflake_ecommerce' retrieved from /opt/airflow/dags/minio_to_snowflake_dag.py
[2026-07-05T07:31:46.921+0000] {logging_mixin.py:188} INFO - [2026-07-05T07:31:46.921+0000] {dag.py:3089} INFO - Sync 1 DAGs
[2026-07-05T07:31:47.120+0000] {logging_mixin.py:188} INFO - [2026-07-05T07:31:47.120+0000] {dag.py:3947} INFO - Setting next_dagrun for minio_to_snowflake_ecommerce to 2026-07-05 07:30:00+00:00, run_after=2026-07-05 07:31:00+00:00
[2026-07-05T07:31:47.149+0000] {processor.py:183} INFO - Processing /opt/airflow/dags/minio_to_snowflake_dag.py took 0.907 seconds
[2026-07-05T07:32:17.551+0000] {processor.py:161} INFO - Started process (PID=53425) to work on /opt/airflow/dags/minio_to_snowflake_dag.py
[2026-07-05T07:32:17.552+0000] {processor.py:830} INFO - Processing file /opt/airflow/dags/minio_to_snowflake_dag.py for tasks to queue
[2026-07-05T07:32:17.554+0000] {logging_mixin.py:188} INFO - [2026-07-05T07:32:17.554+0000] {dagbag.py:545} INFO - Filling up the DagBag from /opt/airflow/dags/minio_to_snowflake_dag.py
[2026-07-05T07:32:18.102+0000] {processor.py:840} INFO - DAG(s) 'minio_to_snowflake_ecommerce' retrieved from /opt/airflow/dags/minio_to_snowflake_dag.py
[2026-07-05T07:32:18.322+0000] {logging_mixin.py:188} INFO - [2026-07-05T07:32:18.322+0000] {dag.py:3089} INFO - Sync 1 DAGs
[2026-07-05T07:32:18.357+0000] {logging_mixin.py:188} INFO - [2026-07-05T07:32:18.357+0000] {dag.py:3947} INFO - Setting next_dagrun for minio_to_snowflake_ecommerce to 2026-07-05 07:31:00+00:00, run_after=2026-07-05 07:32:00+00:00
[2026-07-05T07:32:18.386+0000] {processor.py:183} INFO - Processing /opt/airflow/dags/minio_to_snowflake_dag.py took 0.844 seconds
[2026-07-05T07:32:48.760+0000] {processor.py:161} INFO - Started process (PID=53429) to work on /opt/airflow/dags/minio_to_snowflake_dag.py
[2026-07-05T07:32:48.761+0000] {processor.py:830} INFO - Processing file /opt/airflow/dags/minio_to_snowflake_dag.py for tasks to queue
[2026-07-05T07:32:48.763+0000] {logging_mixin.py:188} INFO - [2026-07-05T07:32:48.763+0000] {dagbag.py:545} INFO - Filling up the DagBag from /opt/airflow/dags/minio_to_snowflake_dag.py
[2026-07-05T07:32:49.285+0000] {processor.py:840} INFO - DAG(s) 'minio_to_snowflake_ecommerce' retrieved from /opt/airflow/dags/minio_to_snowflake_dag.py
[2026-07-05T07:32:49.314+0000] {logging_mixin.py:188} INFO - [2026-07-05T07:32:49.314+0000] {dag.py:3089} INFO - Sync 1 DAGs
[2026-07-05T07:32:49.344+0000] {logging_mixin.py:188} INFO - [2026-07-05T07:32:49.344+0000] {dag.py:3947} INFO - Setting next_dagrun for minio_to_snowflake_ecommerce to 2026-07-05 07:31:00+00:00, run_after=2026-07-05 07:32:00+00:00
[2026-07-05T07:32:49.364+0000] {processor.py:183} INFO - Processing /opt/airflow/dags/minio_to_snowflake_dag.py took 0.610 seconds
[2026-07-05T07:33:19.696+0000] {processor.py:161} INFO - Started process (PID=53433) to work on /opt/airflow/dags/minio_to_snowflake_dag.py
[2026-07-05T07:33:19.697+0000] {processor.py:830} INFO - Processing file /opt/airflow/dags/minio_to_snowflake_dag.py for tasks to queue
[2026-07-05T07:33:19.700+0000] {logging_mixin.py:188} INFO - [2026-07-05T07:33:19.699+0000] {dagbag.py:545} INFO - Filling up the DagBag from /opt/airflow/dags/minio_to_snowflake_dag.py
[2026-07-05T07:33:20.262+0000] {processor.py:840} INFO - DAG(s) 'minio_to_snowflake_ecommerce' retrieved from /opt/airflow/dags/minio_to_snowflake_dag.py
[2026-07-05T07:33:20.295+0000] {logging_mixin.py:188} INFO - [2026-07-05T07:33:20.295+0000] {dag.py:3089} INFO - Sync 1 DAGs
[2026-07-05T07:33:20.327+0000] {logging_mixin.py:188} INFO - [2026-07-05T07:33:20.327+0000] {dag.py:3947} INFO - Setting next_dagrun for minio_to_snowflake_ecommerce to 2026-07-05 07:32:00+00:00, run_after=2026-07-05 07:33:00+00:00
[2026-07-05T07:33:20.530+0000] {processor.py:183} INFO - Processing /opt/airflow/dags/minio_to_snowflake_dag.py took 0.843 seconds
[2026-07-05T07:33:50.943+0000] {processor.py:161} INFO - Started process (PID=53437) to work on /opt/airflow/dags/minio_to_snowflake_dag.py
[2026-07-05T07:33:50.945+0000] {processor.py:830} INFO - Processing file /opt/airflow/dags/minio_to_snowflake_dag.py for tasks to queue
[2026-07-05T07:33:50.947+0000] {logging_mixin.py:188} INFO - [2026-07-05T07:33:50.947+0000] {dagbag.py:545} INFO - Filling up the DagBag from /opt/airflow/dags/minio_to_snowflake_dag.py
[2026-07-05T07:33:51.524+0000] {processor.py:840} INFO - DAG(s) 'minio_to_snowflake_ecommerce' retrieved from /opt/airflow/dags/minio_to_snowflake_dag.py
[2026-07-05T07:33:51.555+0000] {logging_mixin.py:188} INFO - [2026-07-05T07:33:51.554+0000] {dag.py:3089} INFO - Sync 1 DAGs
[2026-07-05T07:33:51.763+0000] {logging_mixin.py:188} INFO - [2026-07-05T07:33:51.763+0000] {dag.py:3947} INFO - Setting next_dagrun for minio_to_snowflake_ecommerce to 2026-07-05 07:32:00+00:00, run_after=2026-07-05 07:33:00+00:00
[2026-07-05T07:33:51.788+0000] {processor.py:183} INFO - Processing /opt/airflow/dags/minio_to_snowflake_dag.py took 0.853 seconds
[2026-07-05T07:34:22.164+0000] {processor.py:161} INFO - Started process (PID=53441) to work on /opt/airflow/dags/minio_to_snowflake_dag.py
[2026-07-05T07:34:22.166+0000] {processor.py:830} INFO - Processing file /opt/airflow/dags/minio_to_snowflake_dag.py for tasks to queue
[2026-07-05T07:34:22.168+0000] {logging_mixin.py:188} INFO - [2026-07-05T07:34:22.168+0000] {dagbag.py:545} INFO - Filling up the DagBag from /opt/airflow/dags/minio_to_snowflake_dag.py
[2026-07-05T07:34:22.729+0000] {processor.py:840} INFO - DAG(s) 'minio_to_snowflake_ecommerce' retrieved from /opt/airflow/dags/minio_to_snowflake_dag.py
[2026-07-05T07:34:22.929+0000] {logging_mixin.py:188} INFO - [2026-07-05T07:34:22.928+0000] {dag.py:3089} INFO - Sync 1 DAGs
[2026-07-05T07:34:22.966+0000] {logging_mixin.py:188} INFO - [2026-07-05T07:34:22.966+0000] {dag.py:3947} INFO - Setting next_dagrun for minio_to_snowflake_ecommerce to 2026-07-05 07:33:00+00:00, run_after=2026-07-05 07:34:00+00:00
[2026-07-05T07:34:22.994+0000] {processor.py:183} INFO - Processing /opt/airflow/dags/minio_to_snowflake_dag.py took 0.838 seconds
[2026-07-05T07:34:53.107+0000] {processor.py:161} INFO - Started process (PID=53445) to work on /opt/airflow/dags/minio_to_snowflake_dag.py
[2026-07-05T07:34:53.108+0000] {processor.py:830} INFO - Processing file /opt/airflow/dags/minio_to_snowflake_dag.py for tasks to queue
[2026-07-05T07:34:53.111+0000] {logging_mixin.py:188} INFO - [2026-07-05T07:34:53.111+0000] {dagbag.py:545} INFO - Filling up the DagBag from /opt/airflow/dags/minio_to_snowflake_dag.py
[2026-07-05T07:34:53.713+0000] {processor.py:840} INFO - DAG(s) 'minio_to_snowflake_ecommerce' retrieved from /opt/airflow/dags/minio_to_snowflake_dag.py
[2026-07-05T07:34:53.903+0000] {logging_mixin.py:188} INFO - [2026-07-05T07:34:53.902+0000] {dag.py:3089} INFO - Sync 1 DAGs
[2026-07-05T07:34:53.936+0000] {logging_mixin.py:188} INFO - [2026-07-05T07:34:53.936+0000] {dag.py:3947} INFO - Setting next_dagrun for minio_to_snowflake_ecommerce to 2026-07-05 07:33:00+00:00, run_after=2026-07-05 07:34:00+00:00
[2026-07-05T07:34:53.961+0000] {processor.py:183} INFO - Processing /opt/airflow/dags/minio_to_snowflake_dag.py took 0.862 seconds
[2026-07-05T07:35:24.350+0000] {processor.py:161} INFO - Started process (PID=53449) to work on /opt/airflow/dags/minio_to_snowflake_dag.py
[2026-07-05T07:35:24.352+0000] {processor.py:830} INFO - Processing file /opt/airflow/dags/minio_to_snowflake_dag.py for tasks to queue
[2026-07-05T07:35:24.354+0000] {logging_mixin.py:188} INFO - [2026-07-05T07:35:24.354+0000] {dagbag.py:545} INFO - Filling up the DagBag from /opt/airflow/dags/minio_to_snowflake_dag.py
[2026-07-05T07:35:24.917+0000] {processor.py:840} INFO - DAG(s) 'minio_to_snowflake_ecommerce' retrieved from /opt/airflow/dags/minio_to_snowflake_dag.py
[2026-07-05T07:35:24.948+0000] {logging_mixin.py:188} INFO - [2026-07-05T07:35:24.947+0000] {dag.py:3089} INFO - Sync 1 DAGs
[2026-07-05T07:35:24.976+0000] {logging_mixin.py:188} INFO - [2026-07-05T07:35:24.975+0000] {dag.py:3947} INFO - Setting next_dagrun for minio_to_snowflake_ecommerce to 2026-07-05 07:34:00+00:00, run_after=2026-07-05 07:35:00+00:00
[2026-07-05T07:35:25.005+0000] {processor.py:183} INFO - Processing /opt/airflow/dags/minio_to_snowflake_dag.py took 0.664 seconds
[2026-07-05T07:35:55.417+0000] {processor.py:161} INFO - Started process (PID=53453) to work on /opt/airflow/dags/minio_to_snowflake_dag.py
[2026-07-05T07:35:55.418+0000] {processor.py:830} INFO - Processing file /opt/airflow/dags/minio_to_snowflake_dag.py for tasks to queue
[2026-07-05T07:35:55.421+0000] {logging_mixin.py:188} INFO - [2026-07-05T07:35:55.421+0000] {dagbag.py:545} INFO - Filling up the DagBag from /opt/airflow/dags/minio_to_snowflake_dag.py
[2026-07-05T07:35:55.956+0000] {processor.py:840} INFO - DAG(s) 'minio_to_snowflake_ecommerce' retrieved from /opt/airflow/dags/minio_to_snowflake_dag.py
[2026-07-05T07:35:55.987+0000] {logging_mixin.py:188} INFO - [2026-07-05T07:35:55.986+0000] {dag.py:3089} INFO - Sync 1 DAGs
[2026-07-05T07:35:56.021+0000] {logging_mixin.py:188} INFO - [2026-07-05T07:35:56.021+0000] {dag.py:3947} INFO - Setting next_dagrun for minio_to_snowflake_ecommerce to 2026-07-05 07:34:00+00:00, run_after=2026-07-05 07:35:00+00:00
[2026-07-05T07:35:56.218+0000] {processor.py:183} INFO - Processing /opt/airflow/dags/minio_to_snowflake_dag.py took 0.809 seconds
[2026-07-05T07:36:26.631+0000] {processor.py:161} INFO - Started process (PID=53457) to work on /opt/airflow/dags/minio_to_snowflake_dag.py
[2026-07-05T07:36:26.632+0000] {processor.py:830} INFO - Processing file /opt/airflow/dags/minio_to_snowflake_dag.py for tasks to queue
[2026-07-05T07:36:26.634+0000] {logging_mixin.py:188} INFO - [2026-07-05T07:36:26.634+0000] {dagbag.py:545} INFO - Filling up the DagBag from /opt/airflow/dags/minio_to_snowflake_dag.py
[2026-07-05T07:36:27.205+0000] {processor.py:840} INFO - DAG(s) 'minio_to_snowflake_ecommerce' retrieved from /opt/airflow/dags/minio_to_snowflake_dag.py
[2026-07-05T07:36:27.237+0000] {logging_mixin.py:188} INFO - [2026-07-05T07:36:27.236+0000] {dag.py:3089} INFO - Sync 1 DAGs
[2026-07-05T07:36:27.449+0000] {logging_mixin.py:188} INFO - [2026-07-05T07:36:27.448+0000] {dag.py:3947} INFO - Setting next_dagrun for minio_to_snowflake_ecommerce to 2026-07-05 07:35:00+00:00, run_after=2026-07-05 07:36:00+00:00
[2026-07-05T07:36:27.483+0000] {processor.py:183} INFO - Processing /opt/airflow/dags/minio_to_snowflake_dag.py took 0.860 seconds
[2026-07-05T07:36:57.931+0000] {processor.py:161} INFO - Started process (PID=53461) to work on /opt/airflow/dags/minio_to_snowflake_dag.py
[2026-07-05T07:36:57.934+0000] {processor.py:830} INFO - Processing file /opt/airflow/dags/minio_to_snowflake_dag.py for tasks to queue
[2026-07-05T07:36:57.955+0000] {logging_mixin.py:188} INFO - [2026-07-05T07:36:57.952+0000] {dagbag.py:545} INFO - Filling up the DagBag from /opt/airflow/dags/minio_to_snowflake_dag.py
[2026-07-05T07:36:59.208+0000] {processor.py:840} INFO - DAG(s) 'minio_to_snowflake_ecommerce' retrieved from /opt/airflow/dags/minio_to_snowflake_dag.py
[2026-07-05T07:37:00.472+0000] {logging_mixin.py:188} INFO - [2026-07-05T07:37:00.471+0000] {dag.py:3089} INFO - Sync 1 DAGs
[2026-07-05T07:37:00.533+0000] {logging_mixin.py:188} INFO - [2026-07-05T07:37:00.532+0000] {dag.py:3947} INFO - Setting next_dagrun for minio_to_snowflake_ecommerce to 2026-07-05 07:36:00+00:00, run_after=2026-07-05 07:37:00+00:00
[2026-07-05T07:37:00.572+0000] {processor.py:183} INFO - Processing /opt/airflow/dags/minio_to_snowflake_dag.py took 2.699 seconds
[2026-07-05T07:37:30.766+0000] {processor.py:161} INFO - Started process (PID=53465) to work on /opt/airflow/dags/minio_to_snowflake_dag.py
[2026-07-05T07:37:30.775+0000] {processor.py:830} INFO - Processing file /opt/airflow/dags/minio_to_snowflake_dag.py for tasks to queue
[2026-07-05T07:37:30.782+0000] {logging_mixin.py:188} INFO - [2026-07-05T07:37:30.781+0000] {dagbag.py:545} INFO - Filling up the DagBag from /opt/airflow/dags/minio_to_snowflake_dag.py
[2026-07-05T07:37:31.368+0000] {processor.py:840} INFO - DAG(s) 'minio_to_snowflake_ecommerce' retrieved from /opt/airflow/dags/minio_to_snowflake_dag.py
[2026-07-05T07:37:31.404+0000] {logging_mixin.py:188} INFO - [2026-07-05T07:37:31.403+0000] {dag.py:3089} INFO - Sync 1 DAGs
[2026-07-05T07:37:31.433+0000] {logging_mixin.py:188} INFO - [2026-07-05T07:37:31.433+0000] {dag.py:3947} INFO - Setting next_dagrun for minio_to_snowflake_ecommerce to 2026-07-05 07:36:00+00:00, run_after=2026-07-05 07:37:00+00:00
[2026-07-05T07:37:31.457+0000] {processor.py:183} INFO - Processing /opt/airflow/dags/minio_to_snowflake_dag.py took 0.698 seconds
[2026-07-05T07:38:01.776+0000] {processor.py:161} INFO - Started process (PID=53469) to work on /opt/airflow/dags/minio_to_snowflake_dag.py
[2026-07-05T07:38:01.777+0000] {processor.py:830} INFO - Processing file /opt/airflow/dags/minio_to_snowflake_dag.py for tasks to queue
[2026-07-05T07:38:01.779+0000] {logging_mixin.py:188} INFO - [2026-07-05T07:38:01.778+0000] {dagbag.py:545} INFO - Filling up the DagBag from /opt/airflow/dags/minio_to_snowflake_dag.py
[2026-07-05T07:38:02.352+0000] {processor.py:840} INFO - DAG(s) 'minio_to_snowflake_ecommerce' retrieved from /opt/airflow/dags/minio_to_snowflake_dag.py
[2026-07-05T07:38:02.384+0000] {logging_mixin.py:188} INFO - [2026-07-05T07:38:02.384+0000] {dag.py:3089} INFO - Sync 1 DAGs
[2026-07-05T07:38:02.416+0000] {logging_mixin.py:188} INFO - [2026-07-05T07:38:02.415+0000] {dag.py:3947} INFO - Setting next_dagrun for minio_to_snowflake_ecommerce to 2026-07-05 07:37:00+00:00, run_after=2026-07-05 07:38:00+00:00
[2026-07-05T07:38:02.838+0000] {processor.py:183} INFO - Processing /opt/airflow/dags/minio_to_snowflake_dag.py took 1.070 seconds
[2026-07-05T07:38:33.050+0000] {processor.py:161} INFO - Started process (PID=53473) to work on /opt/airflow/dags/minio_to_snowflake_dag.py
[2026-07-05T07:38:33.051+0000] {processor.py:830} INFO - Processing file /opt/airflow/dags/minio_to_snowflake_dag.py for tasks to queue
[2026-07-05T07:38:33.054+0000] {logging_mixin.py:188} INFO - [2026-07-05T07:38:33.053+0000] {dagbag.py:545} INFO - Filling up the DagBag from /opt/airflow/dags/minio_to_snowflake_dag.py
[2026-07-05T07:38:33.736+0000] {processor.py:840} INFO - DAG(s) 'minio_to_snowflake_ecommerce' retrieved from /opt/airflow/dags/minio_to_snowflake_dag.py
[2026-07-05T07:38:33.768+0000] {logging_mixin.py:188} INFO - [2026-07-05T07:38:33.768+0000] {dag.py:3089} INFO - Sync 1 DAGs
[2026-07-05T07:38:33.991+0000] {logging_mixin.py:188} INFO - [2026-07-05T07:38:33.991+0000] {dag.py:3947} INFO - Setting next_dagrun for minio_to_snowflake_ecommerce to 2026-07-05 07:37:00+00:00, run_after=2026-07-05 07:38:00+00:00
[2026-07-05T07:38:34.016+0000] {processor.py:183} INFO - Processing /opt/airflow/dags/minio_to_snowflake_dag.py took 0.974 seconds
[2026-07-05T07:39:04.309+0000] {processor.py:161} INFO - Started process (PID=53477) to work on /opt/airflow/dags/minio_to_snowflake_dag.py
[2026-07-05T07:39:04.310+0000] {processor.py:830} INFO - Processing file /opt/airflow/dags/minio_to_snowflake_dag.py for tasks to queue
[2026-07-05T07:39:04.313+0000] {logging_mixin.py:188} INFO - [2026-07-05T07:39:04.313+0000] {dagbag.py:545} INFO - Filling up the DagBag from /opt/airflow/dags/minio_to_snowflake_dag.py
[2026-07-05T07:39:05.016+0000] {processor.py:840} INFO - DAG(s) 'minio_to_snowflake_ecommerce' retrieved from /opt/airflow/dags/minio_to_snowflake_dag.py
[2026-07-05T07:39:05.195+0000] {logging_mixin.py:188} INFO - [2026-07-05T07:39:05.195+0000] {dag.py:3089} INFO - Sync 1 DAGs
[2026-07-05T07:39:05.225+0000] {logging_mixin.py:188} INFO - [2026-07-05T07:39:05.225+0000] {dag.py:3947} INFO - Setting next_dagrun for minio_to_snowflake_ecommerce to 2026-07-05 07:38:00+00:00, run_after=2026-07-05 07:39:00+00:00
[2026-07-05T07:39:05.251+0000] {processor.py:183} INFO - Processing /opt/airflow/dags/minio_to_snowflake_dag.py took 0.950 seconds
[2026-07-05T07:39:35.552+0000] {processor.py:161} INFO - Started process (PID=53481) to work on /opt/airflow/dags/minio_to_snowflake_dag.py
[2026-07-05T07:39:35.553+0000] {processor.py:830} INFO - Processing file /opt/airflow/dags/minio_to_snowflake_dag.py for tasks to queue
[2026-07-05T07:39:35.556+0000] {logging_mixin.py:188} INFO - [2026-07-05T07:39:35.555+0000] {dagbag.py:545} INFO - Filling up the DagBag from /opt/airflow/dags/minio_to_snowflake_dag.py
[2026-07-05T07:39:36.145+0000] {processor.py:840} INFO - DAG(s) 'minio_to_snowflake_ecommerce' retrieved from /opt/airflow/dags/minio_to_snowflake_dag.py
[2026-07-05T07:39:36.176+0000] {logging_mixin.py:188} INFO - [2026-07-05T07:39:36.176+0000] {dag.py:3089} INFO - Sync 1 DAGs
[2026-07-05T07:39:36.205+0000] {logging_mixin.py:188} INFO - [2026-07-05T07:39:36.205+0000] {dag.py:3947} INFO - Setting next_dagrun for minio_to_snowflake_ecommerce to 2026-07-05 07:38:00+00:00, run_after=2026-07-05 07:39:00+00:00
[2026-07-05T07:39:36.230+0000] {processor.py:183} INFO - Processing /opt/airflow/dags/minio_to_snowflake_dag.py took 0.684 seconds
[2026-07-05T07:40:06.510+0000] {processor.py:161} INFO - Started process (PID=53485) to work on /opt/airflow/dags/minio_to_snowflake_dag.py
[2026-07-05T07:40:06.511+0000] {processor.py:830} INFO - Processing file /opt/airflow/dags/minio_to_snowflake_dag.py for tasks to queue
[2026-07-05T07:40:06.513+0000] {logging_mixin.py:188} INFO - [2026-07-05T07:40:06.513+0000] {dagbag.py:545} INFO - Filling up the DagBag from /opt/airflow/dags/minio_to_snowflake_dag.py
[2026-07-05T07:40:07.078+0000] {processor.py:840} INFO - DAG(s) 'minio_to_snowflake_ecommerce' retrieved from /opt/airflow/dags/minio_to_snowflake_dag.py
[2026-07-05T07:40:07.105+0000] {logging_mixin.py:188} INFO - [2026-07-05T07:40:07.104+0000] {dag.py:3089} INFO - Sync 1 DAGs
[2026-07-05T07:40:07.134+0000] {logging_mixin.py:188} INFO - [2026-07-05T07:40:07.134+0000] {dag.py:3947} INFO - Setting next_dagrun for minio_to_snowflake_ecommerce to 2026-07-05 07:39:00+00:00, run_after=2026-07-05 07:40:00+00:00
[2026-07-05T07:40:07.305+0000] {processor.py:183} INFO - Processing /opt/airflow/dags/minio_to_snowflake_dag.py took 0.801 seconds
[2026-07-05T07:40:37.618+0000] {processor.py:161} INFO - Started process (PID=53489) to work on /opt/airflow/dags/minio_to_snowflake_dag.py
[2026-07-05T07:40:37.619+0000] {processor.py:830} INFO - Processing file /opt/airflow/dags/minio_to_snowflake_dag.py for tasks to queue
[2026-07-05T07:40:37.622+0000] {logging_mixin.py:188} INFO - [2026-07-05T07:40:37.622+0000] {dagbag.py:545} INFO - Filling up the DagBag from /opt/airflow/dags/minio_to_snowflake_dag.py
[2026-07-05T07:40:38.281+0000] {processor.py:840} INFO - DAG(s) 'minio_to_snowflake_ecommerce' retrieved from /opt/airflow/dags/minio_to_snowflake_dag.py
[2026-07-05T07:40:38.340+0000] {logging_mixin.py:188} INFO - [2026-07-05T07:40:38.339+0000] {dag.py:3089} INFO - Sync 1 DAGs
[2026-07-05T07:40:38.593+0000] {logging_mixin.py:188} INFO - [2026-07-05T07:40:38.593+0000] {dag.py:3947} INFO - Setting next_dagrun for minio_to_snowflake_ecommerce to 2026-07-05 07:39:00+00:00, run_after=2026-07-05 07:40:00+00:00
[2026-07-05T07:40:38.624+0000] {processor.py:183} INFO - Processing /opt/airflow/dags/minio_to_snowflake_dag.py took 1.014 seconds
[2026-07-05T07:41:08.910+0000] {processor.py:161} INFO - Started process (PID=53493) to work on /opt/airflow/dags/minio_to_snowflake_dag.py
[2026-07-05T07:41:08.911+0000] {processor.py:830} INFO - Processing file /opt/airflow/dags/minio_to_snowflake_dag.py for tasks to queue
[2026-07-05T07:41:08.914+0000] {logging_mixin.py:188} INFO - [2026-07-05T07:41:08.913+0000] {dagbag.py:545} INFO - Filling up the DagBag from /opt/airflow/dags/minio_to_snowflake_dag.py
[2026-07-05T07:41:09.511+0000] {processor.py:840} INFO - DAG(s) 'minio_to_snowflake_ecommerce' retrieved from /opt/airflow/dags/minio_to_snowflake_dag.py
[2026-07-05T07:41:09.702+0000] {logging_mixin.py:188} INFO - [2026-07-05T07:41:09.701+0000] {dag.py:3089} INFO - Sync 1 DAGs
[2026-07-05T07:41:09.733+0000] {logging_mixin.py:188} INFO - [2026-07-05T07:41:09.733+0000] {dag.py:3947} INFO - Setting next_dagrun for minio_to_snowflake_ecommerce to 2026-07-05 07:40:00+00:00, run_after=2026-07-05 07:41:00+00:00
[2026-07-05T07:41:09.755+0000] {processor.py:183} INFO - Processing /opt/airflow/dags/minio_to_snowflake_dag.py took 0.854 seconds
[2026-07-05T07:41:40.088+0000] {processor.py:161} INFO - Started process (PID=53497) to work on /opt/airflow/dags/minio_to_snowflake_dag.py
[2026-07-05T07:41:40.090+0000] {processor.py:830} INFO - Processing file /opt/airflow/dags/minio_to_snowflake_dag.py for tasks to queue
[2026-07-05T07:41:40.092+0000] {logging_mixin.py:188} INFO - [2026-07-05T07:41:40.092+0000] {dagbag.py:545} INFO - Filling up the DagBag from /opt/airflow/dags/minio_to_snowflake_dag.py
[2026-07-05T07:41:41.003+0000] {processor.py:840} INFO - DAG(s) 'minio_to_snowflake_ecommerce' retrieved from /opt/airflow/dags/minio_to_snowflake_dag.py
[2026-07-05T07:41:41.044+0000] {logging_mixin.py:188} INFO - [2026-07-05T07:41:41.043+0000] {dag.py:3089} INFO - Sync 1 DAGs
[2026-07-05T07:41:41.076+0000] {logging_mixin.py:188} INFO - [2026-07-05T07:41:41.075+0000] {dag.py:3947} INFO - Setting next_dagrun for minio_to_snowflake_ecommerce to 2026-07-05 07:40:00+00:00, run_after=2026-07-05 07:41:00+00:00
[2026-07-05T07:41:41.102+0000] {processor.py:183} INFO - Processing /opt/airflow/dags/minio_to_snowflake_dag.py took 1.024 seconds
[2026-07-05T07:42:11.416+0000] {processor.py:161} INFO - Started process (PID=53501) to work on /opt/airflow/dags/minio_to_snowflake_dag.py
[2026-07-05T07:42:11.417+0000] {processor.py:830} INFO - Processing file /opt/airflow/dags/minio_to_snowflake_dag.py for tasks to queue
[2026-07-05T07:42:11.420+0000] {logging_mixin.py:188} INFO - [2026-07-05T07:42:11.420+0000] {dagbag.py:545} INFO - Filling up the DagBag from /opt/airflow/dags/minio_to_snowflake_dag.py
[2026-07-05T07:42:12.046+0000] {processor.py:840} INFO - DAG(s) 'minio_to_snowflake_ecommerce' retrieved from /opt/airflow/dags/minio_to_snowflake_dag.py
[2026-07-05T07:42:12.081+0000] {logging_mixin.py:188} INFO - [2026-07-05T07:42:12.080+0000] {dag.py:3089} INFO - Sync 1 DAGs
[2026-07-05T07:42:12.113+0000] {logging_mixin.py:188} INFO - [2026-07-05T07:42:12.113+0000] {dag.py:3947} INFO - Setting next_dagrun for minio_to_snowflake_ecommerce to 2026-07-05 07:41:00+00:00, run_after=2026-07-05 07:42:00+00:00
[2026-07-05T07:42:12.485+0000] {processor.py:183} INFO - Processing /opt/airflow/dags/minio_to_snowflake_dag.py took 1.076 seconds
[2026-07-05T07:42:42.767+0000] {processor.py:161} INFO - Started process (PID=53505) to work on /opt/airflow/dags/minio_to_snowflake_dag.py
[2026-07-05T07:42:42.769+0000] {processor.py:830} INFO - Processing file /opt/airflow/dags/minio_to_snowflake_dag.py for tasks to queue
[2026-07-05T07:42:42.771+0000] {logging_mixin.py:188} INFO - [2026-07-05T07:42:42.770+0000] {dagbag.py:545} INFO - Filling up the DagBag from /opt/airflow/dags/minio_to_snowflake_dag.py
[2026-07-05T07:42:43.435+0000] {processor.py:840} INFO - DAG(s) 'minio_to_snowflake_ecommerce' retrieved from /opt/airflow/dags/minio_to_snowflake_dag.py
[2026-07-05T07:42:43.475+0000] {logging_mixin.py:188} INFO - [2026-07-05T07:42:43.475+0000] {dag.py:3089} INFO - Sync 1 DAGs
[2026-07-05T07:42:43.674+0000] {logging_mixin.py:188} INFO - [2026-07-05T07:42:43.674+0000] {dag.py:3947} INFO - Setting next_dagrun for minio_to_snowflake_ecommerce to 2026-07-05 07:41:00+00:00, run_after=2026-07-05 07:42:00+00:00
[2026-07-05T07:42:43.702+0000] {processor.py:183} INFO - Processing /opt/airflow/dags/minio_to_snowflake_dag.py took 0.942 seconds
[2026-07-05T07:43:14.114+0000] {processor.py:161} INFO - Started process (PID=53509) to work on /opt/airflow/dags/minio_to_snowflake_dag.py
[2026-07-05T07:43:14.117+0000] {processor.py:830} INFO - Processing file /opt/airflow/dags/minio_to_snowflake_dag.py for tasks to queue
[2026-07-05T07:43:14.120+0000] {logging_mixin.py:188} INFO - [2026-07-05T07:43:14.119+0000] {dagbag.py:545} INFO - Filling up the DagBag from /opt/airflow/dags/minio_to_snowflake_dag.py
[2026-07-05T07:43:14.903+0000] {processor.py:840} INFO - DAG(s) 'minio_to_snowflake_ecommerce' retrieved from /opt/airflow/dags/minio_to_snowflake_dag.py
[2026-07-05T07:43:15.111+0000] {logging_mixin.py:188} INFO - [2026-07-05T07:43:15.110+0000] {dag.py:3089} INFO - Sync 1 DAGs
[2026-07-05T07:43:15.147+0000] {logging_mixin.py:188} INFO - [2026-07-05T07:43:15.147+0000] {dag.py:3947} INFO - Setting next_dagrun for minio_to_snowflake_ecommerce to 2026-07-05 07:42:00+00:00, run_after=2026-07-05 07:43:00+00:00
[2026-07-05T07:43:15.171+0000] {processor.py:183} INFO - Processing /opt/airflow/dags/minio_to_snowflake_dag.py took 1.064 seconds
[2026-07-05T07:43:45.423+0000] {processor.py:161} INFO - Started process (PID=53513) to work on /opt/airflow/dags/minio_to_snowflake_dag.py
[2026-07-05T07:43:45.424+0000] {processor.py:830} INFO - Processing file /opt/airflow/dags/minio_to_snowflake_dag.py for tasks to queue
[2026-07-05T07:43:45.427+0000] {logging_mixin.py:188} INFO - [2026-07-05T07:43:45.426+0000] {dagbag.py:545} INFO - Filling up the DagBag from /opt/airflow/dags/minio_to_snowflake_dag.py
[2026-07-05T07:43:46.205+0000] {processor.py:840} INFO - DAG(s) 'minio_to_snowflake_ecommerce' retrieved from /opt/airflow/dags/minio_to_snowflake_dag.py
[2026-07-05T07:43:46.251+0000] {logging_mixin.py:188} INFO - [2026-07-05T07:43:46.251+0000] {dag.py:3089} INFO - Sync 1 DAGs
[2026-07-05T07:43:46.281+0000] {logging_mixin.py:188} INFO - [2026-07-05T07:43:46.281+0000] {dag.py:3947} INFO - Setting next_dagrun for minio_to_snowflake_ecommerce to 2026-07-05 07:42:00+00:00, run_after=2026-07-05 07:43:00+00:00
[2026-07-05T07:43:46.304+0000] {processor.py:183} INFO - Processing /opt/airflow/dags/minio_to_snowflake_dag.py took 0.887 seconds
[2026-07-05T07:44:16.701+0000] {processor.py:161} INFO - Started process (PID=53517) to work on /opt/airflow/dags/minio_to_snowflake_dag.py
[2026-07-05T07:44:16.702+0000] {processor.py:830} INFO - Processing file /opt/airflow/dags/minio_to_snowflake_dag.py for tasks to queue
[2026-07-05T07:44:16.704+0000] {logging_mixin.py:188} INFO - [2026-07-05T07:44:16.704+0000] {dagbag.py:545} INFO - Filling up the DagBag from /opt/airflow/dags/minio_to_snowflake_dag.py
[2026-07-05T07:44:17.259+0000] {processor.py:840} INFO - DAG(s) 'minio_to_snowflake_ecommerce' retrieved from /opt/airflow/dags/minio_to_snowflake_dag.py
[2026-07-05T07:44:17.288+0000] {logging_mixin.py:188} INFO - [2026-07-05T07:44:17.287+0000] {dag.py:3089} INFO - Sync 1 DAGs
[2026-07-05T07:44:17.317+0000] {logging_mixin.py:188} INFO - [2026-07-05T07:44:17.317+0000] {dag.py:3947} INFO - Setting next_dagrun for minio_to_snowflake_ecommerce to 2026-07-05 07:43:00+00:00, run_after=2026-07-05 07:44:00+00:00
[2026-07-05T07:44:17.482+0000] {processor.py:183} INFO - Processing /opt/airflow/dags/minio_to_snowflake_dag.py took 0.788 seconds
[2026-07-05T07:44:47.993+0000] {processor.py:161} INFO - Started process (PID=53521) to work on /opt/airflow/dags/minio_to_snowflake_dag.py
[2026-07-05T07:44:47.995+0000] {processor.py:830} INFO - Processing file /opt/airflow/dags/minio_to_snowflake_dag.py for tasks to queue
[2026-07-05T07:44:47.997+0000] {logging_mixin.py:188} INFO - [2026-07-05T07:44:47.997+0000] {dagbag.py:545} INFO - Filling up the DagBag from /opt/airflow/dags/minio_to_snowflake_dag.py
[2026-07-05T07:44:48.559+0000] {processor.py:840} INFO - DAG(s) 'minio_to_snowflake_ecommerce' retrieved from /opt/airflow/dags/minio_to_snowflake_dag.py
[2026-07-05T07:44:48.591+0000] {logging_mixin.py:188} INFO - [2026-07-05T07:44:48.591+0000] {dag.py:3089} INFO - Sync 1 DAGs
[2026-07-05T07:44:48.772+0000] {logging_mixin.py:188} INFO - [2026-07-05T07:44:48.771+0000] {dag.py:3947} INFO - Setting next_dagrun for minio_to_snowflake_ecommerce to 2026-07-05 07:43:00+00:00, run_after=2026-07-05 07:44:00+00:00
[2026-07-05T07:44:48.799+0000] {processor.py:183} INFO - Processing /opt/airflow/dags/minio_to_snowflake_dag.py took 0.813 seconds
[2026-07-05T07:45:19.226+0000] {processor.py:161} INFO - Started process (PID=53525) to work on /opt/airflow/dags/minio_to_snowflake_dag.py
[2026-07-05T07:45:19.228+0000] {processor.py:830} INFO - Processing file /opt/airflow/dags/minio_to_snowflake_dag.py for tasks to queue
[2026-07-05T07:45:19.230+0000] {logging_mixin.py:188} INFO - [2026-07-05T07:45:19.230+0000] {dagbag.py:545} INFO - Filling up the DagBag from /opt/airflow/dags/minio_to_snowflake_dag.py
[2026-07-05T07:45:19.745+0000] {processor.py:840} INFO - DAG(s) 'minio_to_snowflake_ecommerce' retrieved from /opt/airflow/dags/minio_to_snowflake_dag.py
[2026-07-05T07:45:19.921+0000] {logging_mixin.py:188} INFO - [2026-07-05T07:45:19.920+0000] {dag.py:3089} INFO - Sync 1 DAGs
[2026-07-05T07:45:19.957+0000] {logging_mixin.py:188} INFO - [2026-07-05T07:45:19.957+0000] {dag.py:3947} INFO - Setting next_dagrun for minio_to_snowflake_ecommerce to 2026-07-05 07:44:00+00:00, run_after=2026-07-05 07:45:00+00:00
[2026-07-05T07:45:19.987+0000] {processor.py:183} INFO - Processing /opt/airflow/dags/minio_to_snowflake_dag.py took 0.768 seconds
[2026-07-05T07:45:50.450+0000] {processor.py:161} INFO - Started process (PID=53529) to work on /opt/airflow/dags/minio_to_snowflake_dag.py
[2026-07-05T07:45:50.451+0000] {processor.py:830} INFO - Processing file /opt/airflow/dags/minio_to_snowflake_dag.py for tasks to queue
[2026-07-05T07:45:50.454+0000] {logging_mixin.py:188} INFO - [2026-07-05T07:45:50.453+0000] {dagbag.py:545} INFO - Filling up the DagBag from /opt/airflow/dags/minio_to_snowflake_dag.py
[2026-07-05T07:45:51.143+0000] {processor.py:840} INFO - DAG(s) 'minio_to_snowflake_ecommerce' retrieved from /opt/airflow/dags/minio_to_snowflake_dag.py
[2026-07-05T07:45:51.184+0000] {logging_mixin.py:188} INFO - [2026-07-05T07:45:51.184+0000] {dag.py:3089} INFO - Sync 1 DAGs
[2026-07-05T07:45:51.213+0000] {logging_mixin.py:188} INFO - [2026-07-05T07:45:51.213+0000] {dag.py:3947} INFO - Setting next_dagrun for minio_to_snowflake_ecommerce to 2026-07-05 07:44:00+00:00, run_after=2026-07-05 07:45:00+00:00
[2026-07-05T07:45:51.236+0000] {processor.py:183} INFO - Processing /opt/airflow/dags/minio_to_snowflake_dag.py took 0.797 seconds
[2026-07-05T07:46:21.597+0000] {processor.py:161} INFO - Started process (PID=53533) to work on /opt/airflow/dags/minio_to_snowflake_dag.py
[2026-07-05T07:46:21.598+0000] {processor.py:830} INFO - Processing file /opt/airflow/dags/minio_to_snowflake_dag.py for tasks to queue
[2026-07-05T07:46:21.600+0000] {logging_mixin.py:188} INFO - [2026-07-05T07:46:21.600+0000] {dagbag.py:545} INFO - Filling up the DagBag from /opt/airflow/dags/minio_to_snowflake_dag.py
[2026-07-05T07:46:22.144+0000] {processor.py:840} INFO - DAG(s) 'minio_to_snowflake_ecommerce' retrieved from /opt/airflow/dags/minio_to_snowflake_dag.py
[2026-07-05T07:46:22.175+0000] {logging_mixin.py:188} INFO - [2026-07-05T07:46:22.174+0000] {dag.py:3089} INFO - Sync 1 DAGs
[2026-07-05T07:46:22.203+0000] {logging_mixin.py:188} INFO - [2026-07-05T07:46:22.203+0000] {dag.py:3947} INFO - Setting next_dagrun for minio_to_snowflake_ecommerce to 2026-07-05 07:45:00+00:00, run_after=2026-07-05 07:46:00+00:00
[2026-07-05T07:46:22.390+0000] {processor.py:183} INFO - Processing /opt/airflow/dags/minio_to_snowflake_dag.py took 0.801 seconds
[2026-07-05T07:46:52.756+0000] {processor.py:161} INFO - Started process (PID=53537) to work on /opt/airflow/dags/minio_to_snowflake_dag.py
[2026-07-05T07:46:52.758+0000] {processor.py:830} INFO - Processing file /opt/airflow/dags/minio_to_snowflake_dag.py for tasks to queue
[2026-07-05T07:46:52.761+0000] {logging_mixin.py:188} INFO - [2026-07-05T07:46:52.760+0000] {dagbag.py:545} INFO - Filling up the DagBag from /opt/airflow/dags/minio_to_snowflake_dag.py
[2026-07-05T07:46:53.383+0000] {processor.py:840} INFO - DAG(s) 'minio_to_snowflake_ecommerce' retrieved from /opt/airflow/dags/minio_to_snowflake_dag.py
[2026-07-05T07:46:53.416+0000] {logging_mixin.py:188} INFO - [2026-07-05T07:46:53.416+0000] {dag.py:3089} INFO - Sync 1 DAGs
[2026-07-05T07:46:53.599+0000] {logging_mixin.py:188} INFO - [2026-07-05T07:46:53.598+0000] {dag.py:3947} INFO - Setting next_dagrun for minio_to_snowflake_ecommerce to 2026-07-05 07:45:00+00:00, run_after=2026-07-05 07:46:00+00:00
[2026-07-05T07:46:53.627+0000] {processor.py:183} INFO - Processing /opt/airflow/dags/minio_to_snowflake_dag.py took 0.879 seconds
[2026-07-05T07:47:23.724+0000] {processor.py:161} INFO - Started process (PID=53541) to work on /opt/airflow/dags/minio_to_snowflake_dag.py
[2026-07-05T07:47:23.726+0000] {processor.py:830} INFO - Processing file /opt/airflow/dags/minio_to_snowflake_dag.py for tasks to queue
[2026-07-05T07:47:23.728+0000] {logging_mixin.py:188} INFO - [2026-07-05T07:47:23.727+0000] {dagbag.py:545} INFO - Filling up the DagBag from /opt/airflow/dags/minio_to_snowflake_dag.py
[2026-07-05T07:47:24.266+0000] {processor.py:840} INFO - DAG(s) 'minio_to_snowflake_ecommerce' retrieved from /opt/airflow/dags/minio_to_snowflake_dag.py
[2026-07-05T07:47:24.480+0000] {logging_mixin.py:188} INFO - [2026-07-05T07:47:24.480+0000] {dag.py:3089} INFO - Sync 1 DAGs
[2026-07-05T07:47:24.517+0000] {logging_mixin.py:188} INFO - [2026-07-05T07:47:24.517+0000] {dag.py:3947} INFO - Setting next_dagrun for minio_to_snowflake_ecommerce to 2026-07-05 07:46:00+00:00, run_after=2026-07-05 07:47:00+00:00
[2026-07-05T07:47:24.543+0000] {processor.py:183} INFO - Processing /opt/airflow/dags/minio_to_snowflake_dag.py took 0.826 seconds
[2026-07-05T07:47:55.040+0000] {processor.py:161} INFO - Started process (PID=53545) to work on /opt/airflow/dags/minio_to_snowflake_dag.py
[2026-07-05T07:47:55.041+0000] {processor.py:830} INFO - Processing file /opt/airflow/dags/minio_to_snowflake_dag.py for tasks to queue
[2026-07-05T07:47:55.045+0000] {logging_mixin.py:188} INFO - [2026-07-05T07:47:55.044+0000] {dagbag.py:545} INFO - Filling up the DagBag from /opt/airflow/dags/minio_to_snowflake_dag.py
[2026-07-05T07:47:55.747+0000] {processor.py:840} INFO - DAG(s) 'minio_to_snowflake_ecommerce' retrieved from /opt/airflow/dags/minio_to_snowflake_dag.py
[2026-07-05T07:47:55.777+0000] {logging_mixin.py:188} INFO - [2026-07-05T07:47:55.776+0000] {dag.py:3089} INFO - Sync 1 DAGs
[2026-07-05T07:47:55.802+0000] {logging_mixin.py:188} INFO - [2026-07-05T07:47:55.802+0000] {dag.py:3947} INFO - Setting next_dagrun for minio_to_snowflake_ecommerce to 2026-07-05 07:46:00+00:00, run_after=2026-07-05 07:47:00+00:00
[2026-07-05T07:47:55.825+0000] {processor.py:183} INFO - Processing /opt/airflow/dags/minio_to_snowflake_dag.py took 0.798 seconds
[2026-07-05T07:48:26.144+0000] {processor.py:161} INFO - Started process (PID=53549) to work on /opt/airflow/dags/minio_to_snowflake_dag.py
[2026-07-05T07:48:26.145+0000] {processor.py:830} INFO - Processing file /opt/airflow/dags/minio_to_snowflake_dag.py for tasks to queue
[2026-07-05T07:48:26.147+0000] {logging_mixin.py:188} INFO - [2026-07-05T07:48:26.146+0000] {dagbag.py:545} INFO - Filling up the DagBag from /opt/airflow/dags/minio_to_snowflake_dag.py
[2026-07-05T07:48:26.682+0000] {processor.py:840} INFO - DAG(s) 'minio_to_snowflake_ecommerce' retrieved from /opt/airflow/dags/minio_to_snowflake_dag.py
[2026-07-05T07:48:26.712+0000] {logging_mixin.py:188} INFO - [2026-07-05T07:48:26.711+0000] {dag.py:3089} INFO - Sync 1 DAGs
[2026-07-05T07:48:26.738+0000] {logging_mixin.py:188} INFO - [2026-07-05T07:48:26.737+0000] {dag.py:3947} INFO - Setting next_dagrun for minio_to_snowflake_ecommerce to 2026-07-05 07:47:00+00:00, run_after=2026-07-05 07:48:00+00:00
[2026-07-05T07:48:26.899+0000] {processor.py:183} INFO - Processing /opt/airflow/dags/minio_to_snowflake_dag.py took 0.762 seconds
[2026-07-05T07:48:56.953+0000] {processor.py:161} INFO - Started process (PID=53553) to work on /opt/airflow/dags/minio_to_snowflake_dag.py
[2026-07-05T07:48:56.954+0000] {processor.py:830} INFO - Processing file /opt/airflow/dags/minio_to_snowflake_dag.py for tasks to queue
[2026-07-05T07:48:56.957+0000] {logging_mixin.py:188} INFO - [2026-07-05T07:48:56.956+0000] {dagbag.py:545} INFO - Filling up the DagBag from /opt/airflow/dags/minio_to_snowflake_dag.py
[2026-07-05T07:48:57.550+0000] {processor.py:840} INFO - DAG(s) 'minio_to_snowflake_ecommerce' retrieved from /opt/airflow/dags/minio_to_snowflake_dag.py
[2026-07-05T07:48:57.585+0000] {logging_mixin.py:188} INFO - [2026-07-05T07:48:57.584+0000] {dag.py:3089} INFO - Sync 1 DAGs
[2026-07-05T07:48:57.782+0000] {logging_mixin.py:188} INFO - [2026-07-05T07:48:57.782+0000] {dag.py:3947} INFO - Setting next_dagrun for minio_to_snowflake_ecommerce to 2026-07-05 07:47:00+00:00, run_after=2026-07-05 07:48:00+00:00
[2026-07-05T07:48:57.812+0000] {processor.py:183} INFO - Processing /opt/airflow/dags/minio_to_snowflake_dag.py took 0.867 seconds
[2026-07-05T07:49:28.164+0000] {processor.py:161} INFO - Started process (PID=53557) to work on /opt/airflow/dags/minio_to_snowflake_dag.py
[2026-07-05T07:49:28.166+0000] {processor.py:830} INFO - Processing file /opt/airflow/dags/minio_to_snowflake_dag.py for tasks to queue
[2026-07-05T07:49:28.168+0000] {logging_mixin.py:188} INFO - [2026-07-05T07:49:28.167+0000] {dagbag.py:545} INFO - Filling up the DagBag from /opt/airflow/dags/minio_to_snowflake_dag.py
[2026-07-05T07:49:28.841+0000] {processor.py:840} INFO - DAG(s) 'minio_to_snowflake_ecommerce' retrieved from /opt/airflow/dags/minio_to_snowflake_dag.py
[2026-07-05T07:49:29.052+0000] {logging_mixin.py:188} INFO - [2026-07-05T07:49:29.052+0000] {dag.py:3089} INFO - Sync 1 DAGs
[2026-07-05T07:49:29.092+0000] {logging_mixin.py:188} INFO - [2026-07-05T07:49:29.091+0000] {dag.py:3947} INFO - Setting next_dagrun for minio_to_snowflake_ecommerce to 2026-07-05 07:48:00+00:00, run_after=2026-07-05 07:49:00+00:00
[2026-07-05T07:49:29.118+0000] {processor.py:183} INFO - Processing /opt/airflow/dags/minio_to_snowflake_dag.py took 0.962 seconds
[2026-07-05T07:49:59.477+0000] {processor.py:161} INFO - Started process (PID=53561) to work on /opt/airflow/dags/minio_to_snowflake_dag.py
[2026-07-05T07:49:59.479+0000] {processor.py:830} INFO - Processing file /opt/airflow/dags/minio_to_snowflake_dag.py for tasks to queue
[2026-07-05T07:49:59.481+0000] {logging_mixin.py:188} INFO - [2026-07-05T07:49:59.481+0000] {dagbag.py:545} INFO - Filling up the DagBag from /opt/airflow/dags/minio_to_snowflake_dag.py
[2026-07-05T07:50:00.259+0000] {processor.py:840} INFO - DAG(s) 'minio_to_snowflake_ecommerce' retrieved from /opt/airflow/dags/minio_to_snowflake_dag.py
[2026-07-05T07:50:00.305+0000] {logging_mixin.py:188} INFO - [2026-07-05T07:50:00.304+0000] {dag.py:3089} INFO - Sync 1 DAGs
[2026-07-05T07:50:00.336+0000] {logging_mixin.py:188} INFO - [2026-07-05T07:50:00.336+0000] {dag.py:3947} INFO - Setting next_dagrun for minio_to_snowflake_ecommerce to 2026-07-05 07:49:00+00:00, run_after=2026-07-05 07:50:00+00:00
[2026-07-05T07:50:00.360+0000] {processor.py:183} INFO - Processing /opt/airflow/dags/minio_to_snowflake_dag.py took 0.890 seconds
[2026-07-05T07:50:30.737+0000] {processor.py:161} INFO - Started process (PID=53565) to work on /opt/airflow/dags/minio_to_snowflake_dag.py
[2026-07-05T07:50:30.738+0000] {processor.py:830} INFO - Processing file /opt/airflow/dags/minio_to_snowflake_dag.py for tasks to queue
[2026-07-05T07:50:30.740+0000] {logging_mixin.py:188} INFO - [2026-07-05T07:50:30.740+0000] {dagbag.py:545} INFO - Filling up the DagBag from /opt/airflow/dags/minio_to_snowflake_dag.py
[2026-07-05T07:50:31.308+0000] {processor.py:840} INFO - DAG(s) 'minio_to_snowflake_ecommerce' retrieved from /opt/airflow/dags/minio_to_snowflake_dag.py
[2026-07-05T07:50:31.342+0000] {logging_mixin.py:188} INFO - [2026-07-05T07:50:31.342+0000] {dag.py:3089} INFO - Sync 1 DAGs
[2026-07-05T07:50:31.372+0000] {logging_mixin.py:188} INFO - [2026-07-05T07:50:31.372+0000] {dag.py:3947} INFO - Setting next_dagrun for minio_to_snowflake_ecommerce to 2026-07-05 07:49:00+00:00, run_after=2026-07-05 07:50:00+00:00
[2026-07-05T07:50:31.554+0000] {processor.py:183} INFO - Processing /opt/airflow/dags/minio_to_snowflake_dag.py took 0.825 seconds
[2026-07-05T07:51:01.790+0000] {processor.py:161} INFO - Started process (PID=53569) to work on /opt/airflow/dags/minio_to_snowflake_dag.py
[2026-07-05T07:51:01.792+0000] {processor.py:830} INFO - Processing file /opt/airflow/dags/minio_to_snowflake_dag.py for tasks to queue
[2026-07-05T07:51:01.794+0000] {logging_mixin.py:188} INFO - [2026-07-05T07:51:01.794+0000] {dagbag.py:545} INFO - Filling up the DagBag from /opt/airflow/dags/minio_to_snowflake_dag.py
[2026-07-05T07:51:02.467+0000] {processor.py:840} INFO - DAG(s) 'minio_to_snowflake_ecommerce' retrieved from /opt/airflow/dags/minio_to_snowflake_dag.py
[2026-07-05T07:51:02.510+0000] {logging_mixin.py:188} INFO - [2026-07-05T07:51:02.509+0000] {dag.py:3089} INFO - Sync 1 DAGs
[2026-07-05T07:51:02.717+0000] {logging_mixin.py:188} INFO - [2026-07-05T07:51:02.717+0000] {dag.py:3947} INFO - Setting next_dagrun for minio_to_snowflake_ecommerce to 2026-07-05 07:50:00+00:00, run_after=2026-07-05 07:51:00+00:00
[2026-07-05T07:51:02.743+0000] {processor.py:183} INFO - Processing /opt/airflow/dags/minio_to_snowflake_dag.py took 0.960 seconds
[2026-07-05T07:51:33.090+0000] {processor.py:161} INFO - Started process (PID=53573) to work on /opt/airflow/dags/minio_to_snowflake_dag.py
[2026-07-05T07:51:33.091+0000] {processor.py:830} INFO - Processing file /opt/airflow/dags/minio_to_snowflake_dag.py for tasks to queue
[2026-07-05T07:51:33.094+0000] {logging_mixin.py:188} INFO - [2026-07-05T07:51:33.093+0000] {dagbag.py:545} INFO - Filling up the DagBag from /opt/airflow/dags/minio_to_snowflake_dag.py
[2026-07-05T07:51:33.650+0000] {processor.py:840} INFO - DAG(s) 'minio_to_snowflake_ecommerce' retrieved from /opt/airflow/dags/minio_to_snowflake_dag.py
[2026-07-05T07:51:33.864+0000] {logging_mixin.py:188} INFO - [2026-07-05T07:51:33.863+0000] {dag.py:3089} INFO - Sync 1 DAGs
[2026-07-05T07:51:33.908+0000] {logging_mixin.py:188} INFO - [2026-07-05T07:51:33.908+0000] {dag.py:3947} INFO - Setting next_dagrun for minio_to_snowflake_ecommerce to 2026-07-05 07:50:00+00:00, run_after=2026-07-05 07:51:00+00:00
[2026-07-05T07:51:33.939+0000] {processor.py:183} INFO - Processing /opt/airflow/dags/minio_to_snowflake_dag.py took 0.856 seconds
[2026-07-05T07:52:04.352+0000] {processor.py:161} INFO - Started process (PID=53577) to work on /opt/airflow/dags/minio_to_snowflake_dag.py
[2026-07-05T07:52:04.354+0000] {processor.py:830} INFO - Processing file /opt/airflow/dags/minio_to_snowflake_dag.py for tasks to queue
[2026-07-05T07:52:04.357+0000] {logging_mixin.py:188} INFO - [2026-07-05T07:52:04.356+0000] {dagbag.py:545} INFO - Filling up the DagBag from /opt/airflow/dags/minio_to_snowflake_dag.py
[2026-07-05T07:52:05.215+0000] {processor.py:840} INFO - DAG(s) 'minio_to_snowflake_ecommerce' retrieved from /opt/airflow/dags/minio_to_snowflake_dag.py
[2026-07-05T07:52:05.256+0000] {logging_mixin.py:188} INFO - [2026-07-05T07:52:05.256+0000] {dag.py:3089} INFO - Sync 1 DAGs
[2026-07-05T07:52:05.288+0000] {logging_mixin.py:188} INFO - [2026-07-05T07:52:05.288+0000] {dag.py:3947} INFO - Setting next_dagrun for minio_to_snowflake_ecommerce to 2026-07-05 07:51:00+00:00, run_after=2026-07-05 07:52:00+00:00
[2026-07-05T07:52:05.314+0000] {processor.py:183} INFO - Processing /opt/airflow/dags/minio_to_snowflake_dag.py took 0.971 seconds
[2026-07-05T07:52:35.705+0000] {processor.py:161} INFO - Started process (PID=53581) to work on /opt/airflow/dags/minio_to_snowflake_dag.py
[2026-07-05T07:52:35.706+0000] {processor.py:830} INFO - Processing file /opt/airflow/dags/minio_to_snowflake_dag.py for tasks to queue
[2026-07-05T07:52:35.709+0000] {logging_mixin.py:188} INFO - [2026-07-05T07:52:35.708+0000] {dagbag.py:545} INFO - Filling up the DagBag from /opt/airflow/dags/minio_to_snowflake_dag.py
[2026-07-05T07:52:36.412+0000] {processor.py:840} INFO - DAG(s) 'minio_to_snowflake_ecommerce' retrieved from /opt/airflow/dags/minio_to_snowflake_dag.py
[2026-07-05T07:52:36.442+0000] {logging_mixin.py:188} INFO - [2026-07-05T07:52:36.442+0000] {dag.py:3089} INFO - Sync 1 DAGs
[2026-07-05T07:52:36.473+0000] {logging_mixin.py:188} INFO - [2026-07-05T07:52:36.473+0000] {dag.py:3947} INFO - Setting next_dagrun for minio_to_snowflake_ecommerce to 2026-07-05 07:51:00+00:00, run_after=2026-07-05 07:52:00+00:00
[2026-07-05T07:52:36.667+0000] {processor.py:183} INFO - Processing /opt/airflow/dags/minio_to_snowflake_dag.py took 0.970 seconds
[2026-07-05T07:53:07.049+0000] {processor.py:161} INFO - Started process (PID=53585) to work on /opt/airflow/dags/minio_to_snowflake_dag.py
[2026-07-05T07:53:07.050+0000] {processor.py:830} INFO - Processing file /opt/airflow/dags/minio_to_snowflake_dag.py for tasks to queue
[2026-07-05T07:53:07.052+0000] {logging_mixin.py:188} INFO - [2026-07-05T07:53:07.052+0000] {dagbag.py:545} INFO - Filling up the DagBag from /opt/airflow/dags/minio_to_snowflake_dag.py
[2026-07-05T07:53:07.612+0000] {processor.py:840} INFO - DAG(s) 'minio_to_snowflake_ecommerce' retrieved from /opt/airflow/dags/minio_to_snowflake_dag.py
[2026-07-05T07:53:07.646+0000] {logging_mixin.py:188} INFO - [2026-07-05T07:53:07.645+0000] {dag.py:3089} INFO - Sync 1 DAGs
[2026-07-05T07:53:07.837+0000] {logging_mixin.py:188} INFO - [2026-07-05T07:53:07.837+0000] {dag.py:3947} INFO - Setting next_dagrun for minio_to_snowflake_ecommerce to 2026-07-05 07:52:00+00:00, run_after=2026-07-05 07:53:00+00:00
[2026-07-05T07:53:07.870+0000] {processor.py:183} INFO - Processing /opt/airflow/dags/minio_to_snowflake_dag.py took 0.828 seconds
[2026-07-05T07:53:38.221+0000] {processor.py:161} INFO - Started process (PID=53589) to work on /opt/airflow/dags/minio_to_snowflake_dag.py
[2026-07-05T07:53:38.222+0000] {processor.py:830} INFO - Processing file /opt/airflow/dags/minio_to_snowflake_dag.py for tasks to queue
[2026-07-05T07:53:38.224+0000] {logging_mixin.py:188} INFO - [2026-07-05T07:53:38.224+0000] {dagbag.py:545} INFO - Filling up the DagBag from /opt/airflow/dags/minio_to_snowflake_dag.py
[2026-07-05T07:53:38.883+0000] {processor.py:840} INFO - DAG(s) 'minio_to_snowflake_ecommerce' retrieved from /opt/airflow/dags/minio_to_snowflake_dag.py
[2026-07-05T07:53:39.126+0000] {logging_mixin.py:188} INFO - [2026-07-05T07:53:39.126+0000] {dag.py:3089} INFO - Sync 1 DAGs
[2026-07-05T07:53:39.165+0000] {logging_mixin.py:188} INFO - [2026-07-05T07:53:39.164+0000] {dag.py:3947} INFO - Setting next_dagrun for minio_to_snowflake_ecommerce to 2026-07-05 07:52:00+00:00, run_after=2026-07-05 07:53:00+00:00
[2026-07-05T07:53:39.193+0000] {processor.py:183} INFO - Processing /opt/airflow/dags/minio_to_snowflake_dag.py took 0.980 seconds
[2026-07-05T07:54:09.440+0000] {processor.py:161} INFO - Started process (PID=53593) to work on /opt/airflow/dags/minio_to_snowflake_dag.py
[2026-07-05T07:54:09.441+0000] {processor.py:830} INFO - Processing file /opt/airflow/dags/minio_to_snowflake_dag.py for tasks to queue
[2026-07-05T07:54:09.444+0000] {logging_mixin.py:188} INFO - [2026-07-05T07:54:09.443+0000] {dagbag.py:545} INFO - Filling up the DagBag from /opt/airflow/dags/minio_to_snowflake_dag.py
[2026-07-05T07:54:10.198+0000] {processor.py:840} INFO - DAG(s) 'minio_to_snowflake_ecommerce' retrieved from /opt/airflow/dags/minio_to_snowflake_dag.py
[2026-07-05T07:54:10.240+0000] {logging_mixin.py:188} INFO - [2026-07-05T07:54:10.239+0000] {dag.py:3089} INFO - Sync 1 DAGs
[2026-07-05T07:54:10.271+0000] {logging_mixin.py:188} INFO - [2026-07-05T07:54:10.271+0000] {dag.py:3947} INFO - Setting next_dagrun for minio_to_snowflake_ecommerce to 2026-07-05 07:53:00+00:00, run_after=2026-07-05 07:54:00+00:00
[2026-07-05T07:54:10.295+0000] {processor.py:183} INFO - Processing /opt/airflow/dags/minio_to_snowflake_dag.py took 0.863 seconds
[2026-07-05T07:54:40.702+0000] {processor.py:161} INFO - Started process (PID=53597) to work on /opt/airflow/dags/minio_to_snowflake_dag.py
[2026-07-05T07:54:40.704+0000] {processor.py:830} INFO - Processing file /opt/airflow/dags/minio_to_snowflake_dag.py for tasks to queue
[2026-07-05T07:54:40.707+0000] {logging_mixin.py:188} INFO - [2026-07-05T07:54:40.706+0000] {dagbag.py:545} INFO - Filling up the DagBag from /opt/airflow/dags/minio_to_snowflake_dag.py
[2026-07-05T07:54:41.447+0000] {processor.py:840} INFO - DAG(s) 'minio_to_snowflake_ecommerce' retrieved from /opt/airflow/dags/minio_to_snowflake_dag.py
[2026-07-05T07:54:41.479+0000] {logging_mixin.py:188} INFO - [2026-07-05T07:54:41.478+0000] {dag.py:3089} INFO - Sync 1 DAGs
[2026-07-05T07:54:41.507+0000] {logging_mixin.py:188} INFO - [2026-07-05T07:54:41.507+0000] {dag.py:3947} INFO - Setting next_dagrun for minio_to_snowflake_ecommerce to 2026-07-05 07:53:00+00:00, run_after=2026-07-05 07:54:00+00:00
[2026-07-05T07:54:41.533+0000] {processor.py:183} INFO - Processing /opt/airflow/dags/minio_to_snowflake_dag.py took 0.840 seconds
[2026-07-05T07:55:11.836+0000] {processor.py:161} INFO - Started process (PID=53601) to work on /opt/airflow/dags/minio_to_snowflake_dag.py
[2026-07-05T07:55:11.837+0000] {processor.py:830} INFO - Processing file /opt/airflow/dags/minio_to_snowflake_dag.py for tasks to queue
[2026-07-05T07:55:11.839+0000] {logging_mixin.py:188} INFO - [2026-07-05T07:55:11.839+0000] {dagbag.py:545} INFO - Filling up the DagBag from /opt/airflow/dags/minio_to_snowflake_dag.py
[2026-07-05T07:55:12.504+0000] {processor.py:840} INFO - DAG(s) 'minio_to_snowflake_ecommerce' retrieved from /opt/airflow/dags/minio_to_snowflake_dag.py
[2026-07-05T07:55:12.531+0000] {logging_mixin.py:188} INFO - [2026-07-05T07:55:12.530+0000] {dag.py:3089} INFO - Sync 1 DAGs
[2026-07-05T07:55:12.723+0000] {logging_mixin.py:188} INFO - [2026-07-05T07:55:12.723+0000] {dag.py:3947} INFO - Setting next_dagrun for minio_to_snowflake_ecommerce to 2026-07-05 07:54:00+00:00, run_after=2026-07-05 07:55:00+00:00
[2026-07-05T07:55:12.753+0000] {processor.py:183} INFO - Processing /opt/airflow/dags/minio_to_snowflake_dag.py took 0.925 seconds
[2026-07-05T07:55:43.006+0000] {processor.py:161} INFO - Started process (PID=53605) to work on /opt/airflow/dags/minio_to_snowflake_dag.py
[2026-07-05T07:55:43.007+0000] {processor.py:830} INFO - Processing file /opt/airflow/dags/minio_to_snowflake_dag.py for tasks to queue
[2026-07-05T07:55:43.009+0000] {logging_mixin.py:188} INFO - [2026-07-05T07:55:43.009+0000] {dagbag.py:545} INFO - Filling up the DagBag from /opt/airflow/dags/minio_to_snowflake_dag.py
[2026-07-05T07:55:43.608+0000] {processor.py:840} INFO - DAG(s) 'minio_to_snowflake_ecommerce' retrieved from /opt/airflow/dags/minio_to_snowflake_dag.py
[2026-07-05T07:55:43.824+0000] {logging_mixin.py:188} INFO - [2026-07-05T07:55:43.823+0000] {dag.py:3089} INFO - Sync 1 DAGs
[2026-07-05T07:55:43.857+0000] {logging_mixin.py:188} INFO - [2026-07-05T07:55:43.857+0000] {dag.py:3947} INFO - Setting next_dagrun for minio_to_snowflake_ecommerce to 2026-07-05 07:54:00+00:00, run_after=2026-07-05 07:55:00+00:00
[2026-07-05T07:55:43.882+0000] {processor.py:183} INFO - Processing /opt/airflow/dags/minio_to_snowflake_dag.py took 0.885 seconds
[2026-07-05T07:56:14.212+0000] {processor.py:161} INFO - Started process (PID=53609) to work on /opt/airflow/dags/minio_to_snowflake_dag.py
[2026-07-05T07:56:14.213+0000] {processor.py:830} INFO - Processing file /opt/airflow/dags/minio_to_snowflake_dag.py for tasks to queue
[2026-07-05T07:56:14.216+0000] {logging_mixin.py:188} INFO - [2026-07-05T07:56:14.215+0000] {dagbag.py:545} INFO - Filling up the DagBag from /opt/airflow/dags/minio_to_snowflake_dag.py
[2026-07-05T07:56:14.968+0000] {processor.py:840} INFO - DAG(s) 'minio_to_snowflake_ecommerce' retrieved from /opt/airflow/dags/minio_to_snowflake_dag.py
[2026-07-05T07:56:15.003+0000] {logging_mixin.py:188} INFO - [2026-07-05T07:56:15.003+0000] {dag.py:3089} INFO - Sync 1 DAGs
[2026-07-05T07:56:15.030+0000] {logging_mixin.py:188} INFO - [2026-07-05T07:56:15.030+0000] {dag.py:3947} INFO - Setting next_dagrun for minio_to_snowflake_ecommerce to 2026-07-05 07:55:00+00:00, run_after=2026-07-05 07:56:00+00:00
[2026-07-05T07:56:15.051+0000] {processor.py:183} INFO - Processing /opt/airflow/dags/minio_to_snowflake_dag.py took 0.846 seconds
[2026-07-05T07:56:45.343+0000] {processor.py:161} INFO - Started process (PID=53613) to work on /opt/airflow/dags/minio_to_snowflake_dag.py
[2026-07-05T07:56:45.344+0000] {processor.py:830} INFO - Processing file /opt/airflow/dags/minio_to_snowflake_dag.py for tasks to queue
[2026-07-05T07:56:45.346+0000] {logging_mixin.py:188} INFO - [2026-07-05T07:56:45.346+0000] {dagbag.py:545} INFO - Filling up the DagBag from /opt/airflow/dags/minio_to_snowflake_dag.py
[2026-07-05T07:56:46.177+0000] {processor.py:840} INFO - DAG(s) 'minio_to_snowflake_ecommerce' retrieved from /opt/airflow/dags/minio_to_snowflake_dag.py
[2026-07-05T07:56:46.208+0000] {logging_mixin.py:188} INFO - [2026-07-05T07:56:46.207+0000] {dag.py:3089} INFO - Sync 1 DAGs
[2026-07-05T07:56:46.233+0000] {logging_mixin.py:188} INFO - [2026-07-05T07:56:46.233+0000] {dag.py:3947} INFO - Setting next_dagrun for minio_to_snowflake_ecommerce to 2026-07-05 07:55:00+00:00, run_after=2026-07-05 07:56:00+00:00
[2026-07-05T07:56:46.256+0000] {processor.py:183} INFO - Processing /opt/airflow/dags/minio_to_snowflake_dag.py took 0.921 seconds
[2026-07-05T07:57:16.559+0000] {processor.py:161} INFO - Started process (PID=53617) to work on /opt/airflow/dags/minio_to_snowflake_dag.py
[2026-07-05T07:57:16.561+0000] {processor.py:830} INFO - Processing file /opt/airflow/dags/minio_to_snowflake_dag.py for tasks to queue
[2026-07-05T07:57:16.563+0000] {logging_mixin.py:188} INFO - [2026-07-05T07:57:16.563+0000] {dagbag.py:545} INFO - Filling up the DagBag from /opt/airflow/dags/minio_to_snowflake_dag.py
[2026-07-05T07:57:17.177+0000] {processor.py:840} INFO - DAG(s) 'minio_to_snowflake_ecommerce' retrieved from /opt/airflow/dags/minio_to_snowflake_dag.py
[2026-07-05T07:57:17.207+0000] {logging_mixin.py:188} INFO - [2026-07-05T07:57:17.206+0000] {dag.py:3089} INFO - Sync 1 DAGs
[2026-07-05T07:57:17.393+0000] {logging_mixin.py:188} INFO - [2026-07-05T07:57:17.393+0000] {dag.py:3947} INFO - Setting next_dagrun for minio_to_snowflake_ecommerce to 2026-07-05 07:56:00+00:00, run_after=2026-07-05 07:57:00+00:00
[2026-07-05T07:57:17.418+0000] {processor.py:183} INFO - Processing /opt/airflow/dags/minio_to_snowflake_dag.py took 0.867 seconds
[2026-07-05T07:57:47.768+0000] {processor.py:161} INFO - Started process (PID=53621) to work on /opt/airflow/dags/minio_to_snowflake_dag.py
[2026-07-05T07:57:47.769+0000] {processor.py:830} INFO - Processing file /opt/airflow/dags/minio_to_snowflake_dag.py for tasks to queue
[2026-07-05T07:57:47.771+0000] {logging_mixin.py:188} INFO - [2026-07-05T07:57:47.771+0000] {dagbag.py:545} INFO - Filling up the DagBag from /opt/airflow/dags/minio_to_snowflake_dag.py
[2026-07-05T07:57:48.341+0000] {processor.py:840} INFO - DAG(s) 'minio_to_snowflake_ecommerce' retrieved from /opt/airflow/dags/minio_to_snowflake_dag.py
[2026-07-05T07:57:48.548+0000] {logging_mixin.py:188} INFO - [2026-07-05T07:57:48.547+0000] {dag.py:3089} INFO - Sync 1 DAGs
[2026-07-05T07:57:48.580+0000] {logging_mixin.py:188} INFO - [2026-07-05T07:57:48.580+0000] {dag.py:3947} INFO - Setting next_dagrun for minio_to_snowflake_ecommerce to 2026-07-05 07:56:00+00:00, run_after=2026-07-05 07:57:00+00:00
[2026-07-05T07:57:48.603+0000] {processor.py:183} INFO - Processing /opt/airflow/dags/minio_to_snowflake_dag.py took 0.842 seconds
[2026-07-05T07:58:18.812+0000] {processor.py:161} INFO - Started process (PID=53625) to work on /opt/airflow/dags/minio_to_snowflake_dag.py
[2026-07-05T07:58:18.814+0000] {processor.py:830} INFO - Processing file /opt/airflow/dags/minio_to_snowflake_dag.py for tasks to queue
[2026-07-05T07:58:18.816+0000] {logging_mixin.py:188} INFO - [2026-07-05T07:58:18.816+0000] {dagbag.py:545} INFO - Filling up the DagBag from /opt/airflow/dags/minio_to_snowflake_dag.py
[2026-07-05T07:58:19.548+0000] {processor.py:840} INFO - DAG(s) 'minio_to_snowflake_ecommerce' retrieved from /opt/airflow/dags/minio_to_snowflake_dag.py
[2026-07-05T07:58:19.593+0000] {logging_mixin.py:188} INFO - [2026-07-05T07:58:19.592+0000] {dag.py:3089} INFO - Sync 1 DAGs
[2026-07-05T07:58:19.625+0000] {logging_mixin.py:188} INFO - [2026-07-05T07:58:19.624+0000] {dag.py:3947} INFO - Setting next_dagrun for minio_to_snowflake_ecommerce to 2026-07-05 07:57:00+00:00, run_after=2026-07-05 07:58:00+00:00
[2026-07-05T07:58:19.650+0000] {processor.py:183} INFO - Processing /opt/airflow/dags/minio_to_snowflake_dag.py took 0.846 seconds
[2026-07-05T07:58:50.102+0000] {processor.py:161} INFO - Started process (PID=53629) to work on /opt/airflow/dags/minio_to_snowflake_dag.py
[2026-07-05T07:58:50.104+0000] {processor.py:830} INFO - Processing file /opt/airflow/dags/minio_to_snowflake_dag.py for tasks to queue
[2026-07-05T07:58:50.106+0000] {logging_mixin.py:188} INFO - [2026-07-05T07:58:50.105+0000] {dagbag.py:545} INFO - Filling up the DagBag from /opt/airflow/dags/minio_to_snowflake_dag.py
[2026-07-05T07:58:50.887+0000] {processor.py:840} INFO - DAG(s) 'minio_to_snowflake_ecommerce' retrieved from /opt/airflow/dags/minio_to_snowflake_dag.py
[2026-07-05T07:58:50.916+0000] {logging_mixin.py:188} INFO - [2026-07-05T07:58:50.915+0000] {dag.py:3089} INFO - Sync 1 DAGs
[2026-07-05T07:58:50.943+0000] {logging_mixin.py:188} INFO - [2026-07-05T07:58:50.942+0000] {dag.py:3947} INFO - Setting next_dagrun for minio_to_snowflake_ecommerce to 2026-07-05 07:57:00+00:00, run_after=2026-07-05 07:58:00+00:00
[2026-07-05T07:58:50.970+0000] {processor.py:183} INFO - Processing /opt/airflow/dags/minio_to_snowflake_dag.py took 0.874 seconds
[2026-07-05T07:59:21.319+0000] {processor.py:161} INFO - Started process (PID=53633) to work on /opt/airflow/dags/minio_to_snowflake_dag.py
[2026-07-05T07:59:21.320+0000] {processor.py:830} INFO - Processing file /opt/airflow/dags/minio_to_snowflake_dag.py for tasks to queue
[2026-07-05T07:59:21.323+0000] {logging_mixin.py:188} INFO - [2026-07-05T07:59:21.322+0000] {dagbag.py:545} INFO - Filling up the DagBag from /opt/airflow/dags/minio_to_snowflake_dag.py
[2026-07-05T07:59:21.910+0000] {processor.py:840} INFO - DAG(s) 'minio_to_snowflake_ecommerce' retrieved from /opt/airflow/dags/minio_to_snowflake_dag.py
[2026-07-05T07:59:21.945+0000] {logging_mixin.py:188} INFO - [2026-07-05T07:59:21.945+0000] {dag.py:3089} INFO - Sync 1 DAGs
[2026-07-05T07:59:22.144+0000] {logging_mixin.py:188} INFO - [2026-07-05T07:59:22.144+0000] {dag.py:3947} INFO - Setting next_dagrun for minio_to_snowflake_ecommerce to 2026-07-05 07:58:00+00:00, run_after=2026-07-05 07:59:00+00:00
[2026-07-05T07:59:22.173+0000] {processor.py:183} INFO - Processing /opt/airflow/dags/minio_to_snowflake_dag.py took 0.861 seconds
[2026-07-05T07:59:52.435+0000] {processor.py:161} INFO - Started process (PID=53637) to work on /opt/airflow/dags/minio_to_snowflake_dag.py
[2026-07-05T07:59:52.436+0000] {processor.py:830} INFO - Processing file /opt/airflow/dags/minio_to_snowflake_dag.py for tasks to queue
[2026-07-05T07:59:52.438+0000] {logging_mixin.py:188} INFO - [2026-07-05T07:59:52.438+0000] {dagbag.py:545} INFO - Filling up the DagBag from /opt/airflow/dags/minio_to_snowflake_dag.py
[2026-07-05T07:59:53.087+0000] {processor.py:840} INFO - DAG(s) 'minio_to_snowflake_ecommerce' retrieved from /opt/airflow/dags/minio_to_snowflake_dag.py
[2026-07-05T07:59:53.299+0000] {logging_mixin.py:188} INFO - [2026-07-05T07:59:53.299+0000] {dag.py:3089} INFO - Sync 1 DAGs
[2026-07-05T07:59:53.337+0000] {logging_mixin.py:188} INFO - [2026-07-05T07:59:53.337+0000] {dag.py:3947} INFO - Setting next_dagrun for minio_to_snowflake_ecommerce to 2026-07-05 07:58:00+00:00, run_after=2026-07-05 07:59:00+00:00
[2026-07-05T07:59:53.363+0000] {processor.py:183} INFO - Processing /opt/airflow/dags/minio_to_snowflake_dag.py took 0.935 seconds
[2026-07-05T08:00:23.694+0000] {processor.py:161} INFO - Started process (PID=53641) to work on /opt/airflow/dags/minio_to_snowflake_dag.py
[2026-07-05T08:00:23.696+0000] {processor.py:830} INFO - Processing file /opt/airflow/dags/minio_to_snowflake_dag.py for tasks to queue
[2026-07-05T08:00:23.700+0000] {logging_mixin.py:188} INFO - [2026-07-05T08:00:23.699+0000] {dagbag.py:545} INFO - Filling up the DagBag from /opt/airflow/dags/minio_to_snowflake_dag.py
[2026-07-05T08:00:24.478+0000] {processor.py:840} INFO - DAG(s) 'minio_to_snowflake_ecommerce' retrieved from /opt/airflow/dags/minio_to_snowflake_dag.py
[2026-07-05T08:00:24.520+0000] {logging_mixin.py:188} INFO - [2026-07-05T08:00:24.519+0000] {dag.py:3089} INFO - Sync 1 DAGs
[2026-07-05T08:00:24.552+0000] {logging_mixin.py:188} INFO - [2026-07-05T08:00:24.552+0000] {dag.py:3947} INFO - Setting next_dagrun for minio_to_snowflake_ecommerce to 2026-07-05 07:59:00+00:00, run_after=2026-07-05 08:00:00+00:00
[2026-07-05T08:00:24.574+0000] {processor.py:183} INFO - Processing /opt/airflow/dags/minio_to_snowflake_dag.py took 0.888 seconds
[2026-07-05T08:00:54.926+0000] {processor.py:161} INFO - Started process (PID=53645) to work on /opt/airflow/dags/minio_to_snowflake_dag.py
[2026-07-05T08:00:54.927+0000] {processor.py:830} INFO - Processing file /opt/airflow/dags/minio_to_snowflake_dag.py for tasks to queue
[2026-07-05T08:00:54.930+0000] {logging_mixin.py:188} INFO - [2026-07-05T08:00:54.929+0000] {dagbag.py:545} INFO - Filling up the DagBag from /opt/airflow/dags/minio_to_snowflake_dag.py
[2026-07-05T08:00:55.857+0000] {processor.py:840} INFO - DAG(s) 'minio_to_snowflake_ecommerce' retrieved from /opt/airflow/dags/minio_to_snowflake_dag.py
[2026-07-05T08:00:55.887+0000] {logging_mixin.py:188} INFO - [2026-07-05T08:00:55.886+0000] {dag.py:3089} INFO - Sync 1 DAGs
[2026-07-05T08:00:55.915+0000] {logging_mixin.py:188} INFO - [2026-07-05T08:00:55.914+0000] {dag.py:3947} INFO - Setting next_dagrun for minio_to_snowflake_ecommerce to 2026-07-05 07:59:00+00:00, run_after=2026-07-05 08:00:00+00:00
[2026-07-05T08:00:55.938+0000] {processor.py:183} INFO - Processing /opt/airflow/dags/minio_to_snowflake_dag.py took 1.021 seconds
[2026-07-05T08:01:26.201+0000] {processor.py:161} INFO - Started process (PID=53649) to work on /opt/airflow/dags/minio_to_snowflake_dag.py
[2026-07-05T08:01:26.202+0000] {processor.py:830} INFO - Processing file /opt/airflow/dags/minio_to_snowflake_dag.py for tasks to queue
[2026-07-05T08:01:26.204+0000] {logging_mixin.py:188} INFO - [2026-07-05T08:01:26.204+0000] {dagbag.py:545} INFO - Filling up the DagBag from /opt/airflow/dags/minio_to_snowflake_dag.py
[2026-07-05T08:01:26.907+0000] {processor.py:840} INFO - DAG(s) 'minio_to_snowflake_ecommerce' retrieved from /opt/airflow/dags/minio_to_snowflake_dag.py
[2026-07-05T08:01:26.943+0000] {logging_mixin.py:188} INFO - [2026-07-05T08:01:26.942+0000] {dag.py:3089} INFO - Sync 1 DAGs
[2026-07-05T08:01:27.158+0000] {logging_mixin.py:188} INFO - [2026-07-05T08:01:27.158+0000] {dag.py:3947} INFO - Setting next_dagrun for minio_to_snowflake_ecommerce to 2026-07-05 08:00:00+00:00, run_after=2026-07-05 08:01:00+00:00
[2026-07-05T08:01:27.190+0000] {processor.py:183} INFO - Processing /opt/airflow/dags/minio_to_snowflake_dag.py took 0.997 seconds
[2026-07-05T08:01:57.570+0000] {processor.py:161} INFO - Started process (PID=53653) to work on /opt/airflow/dags/minio_to_snowflake_dag.py
[2026-07-05T08:01:57.571+0000] {processor.py:830} INFO - Processing file /opt/airflow/dags/minio_to_snowflake_dag.py for tasks to queue
[2026-07-05T08:01:57.574+0000] {logging_mixin.py:188} INFO - [2026-07-05T08:01:57.574+0000] {dagbag.py:545} INFO - Filling up the DagBag from /opt/airflow/dags/minio_to_snowflake_dag.py
[2026-07-05T08:01:58.128+0000] {processor.py:840} INFO - DAG(s) 'minio_to_snowflake_ecommerce' retrieved from /opt/airflow/dags/minio_to_snowflake_dag.py
[2026-07-05T08:01:58.331+0000] {logging_mixin.py:188} INFO - [2026-07-05T08:01:58.331+0000] {dag.py:3089} INFO - Sync 1 DAGs
[2026-07-05T08:01:58.360+0000] {logging_mixin.py:188} INFO - [2026-07-05T08:01:58.360+0000] {dag.py:3947} INFO - Setting next_dagrun for minio_to_snowflake_ecommerce to 2026-07-05 08:00:00+00:00, run_after=2026-07-05 08:01:00+00:00
[2026-07-05T08:01:58.381+0000] {processor.py:183} INFO - Processing /opt/airflow/dags/minio_to_snowflake_dag.py took 0.819 seconds
[2026-07-05T08:02:28.689+0000] {processor.py:161} INFO - Started process (PID=53657) to work on /opt/airflow/dags/minio_to_snowflake_dag.py
[2026-07-05T08:02:28.691+0000] {processor.py:830} INFO - Processing file /opt/airflow/dags/minio_to_snowflake_dag.py for tasks to queue
[2026-07-05T08:02:28.693+0000] {logging_mixin.py:188} INFO - [2026-07-05T08:02:28.693+0000] {dagbag.py:545} INFO - Filling up the DagBag from /opt/airflow/dags/minio_to_snowflake_dag.py
[2026-07-05T08:02:29.444+0000] {processor.py:840} INFO - DAG(s) 'minio_to_snowflake_ecommerce' retrieved from /opt/airflow/dags/minio_to_snowflake_dag.py
[2026-07-05T08:02:29.485+0000] {logging_mixin.py:188} INFO - [2026-07-05T08:02:29.484+0000] {dag.py:3089} INFO - Sync 1 DAGs
[2026-07-05T08:02:29.514+0000] {logging_mixin.py:188} INFO - [2026-07-05T08:02:29.513+0000] {dag.py:3947} INFO - Setting next_dagrun for minio_to_snowflake_ecommerce to 2026-07-05 08:01:00+00:00, run_after=2026-07-05 08:02:00+00:00
[2026-07-05T08:02:29.538+0000] {processor.py:183} INFO - Processing /opt/airflow/dags/minio_to_snowflake_dag.py took 0.857 seconds
[2026-07-05T08:02:59.871+0000] {processor.py:161} INFO - Started process (PID=53661) to work on /opt/airflow/dags/minio_to_snowflake_dag.py
[2026-07-05T08:02:59.872+0000] {processor.py:830} INFO - Processing file /opt/airflow/dags/minio_to_snowflake_dag.py for tasks to queue
[2026-07-05T08:02:59.875+0000] {logging_mixin.py:188} INFO - [2026-07-05T08:02:59.874+0000] {dagbag.py:545} INFO - Filling up the DagBag from /opt/airflow/dags/minio_to_snowflake_dag.py
[2026-07-05T08:03:00.636+0000] {processor.py:840} INFO - DAG(s) 'minio_to_snowflake_ecommerce' retrieved from /opt/airflow/dags/minio_to_snowflake_dag.py
[2026-07-05T08:03:00.669+0000] {logging_mixin.py:188} INFO - [2026-07-05T08:03:00.669+0000] {dag.py:3089} INFO - Sync 1 DAGs
[2026-07-05T08:03:00.696+0000] {logging_mixin.py:188} INFO - [2026-07-05T08:03:00.696+0000] {dag.py:3947} INFO - Setting next_dagrun for minio_to_snowflake_ecommerce to 2026-07-05 08:02:00+00:00, run_after=2026-07-05 08:03:00+00:00
[2026-07-05T08:03:00.721+0000] {processor.py:183} INFO - Processing /opt/airflow/dags/minio_to_snowflake_dag.py took 0.858 seconds
[2026-07-05T08:03:30.974+0000] {processor.py:161} INFO - Started process (PID=53665) to work on /opt/airflow/dags/minio_to_snowflake_dag.py
[2026-07-05T08:03:30.976+0000] {processor.py:830} INFO - Processing file /opt/airflow/dags/minio_to_snowflake_dag.py for tasks to queue
[2026-07-05T08:03:30.978+0000] {logging_mixin.py:188} INFO - [2026-07-05T08:03:30.978+0000] {dagbag.py:545} INFO - Filling up the DagBag from /opt/airflow/dags/minio_to_snowflake_dag.py
[2026-07-05T08:03:31.584+0000] {processor.py:840} INFO - DAG(s) 'minio_to_snowflake_ecommerce' retrieved from /opt/airflow/dags/minio_to_snowflake_dag.py
[2026-07-05T08:03:31.620+0000] {logging_mixin.py:188} INFO - [2026-07-05T08:03:31.619+0000] {dag.py:3089} INFO - Sync 1 DAGs
[2026-07-05T08:03:31.818+0000] {logging_mixin.py:188} INFO - [2026-07-05T08:03:31.818+0000] {dag.py:3947} INFO - Setting next_dagrun for minio_to_snowflake_ecommerce to 2026-07-05 08:02:00+00:00, run_after=2026-07-05 08:03:00+00:00
[2026-07-05T08:03:31.846+0000] {processor.py:183} INFO - Processing /opt/airflow/dags/minio_to_snowflake_dag.py took 0.879 seconds
[2026-07-05T08:04:02.137+0000] {processor.py:161} INFO - Started process (PID=53669) to work on /opt/airflow/dags/minio_to_snowflake_dag.py
[2026-07-05T08:04:02.139+0000] {processor.py:830} INFO - Processing file /opt/airflow/dags/minio_to_snowflake_dag.py for tasks to queue
[2026-07-05T08:04:02.145+0000] {logging_mixin.py:188} INFO - [2026-07-05T08:04:02.143+0000] {dagbag.py:545} INFO - Filling up the DagBag from /opt/airflow/dags/minio_to_snowflake_dag.py
[2026-07-05T08:04:02.787+0000] {processor.py:840} INFO - DAG(s) 'minio_to_snowflake_ecommerce' retrieved from /opt/airflow/dags/minio_to_snowflake_dag.py
[2026-07-05T08:04:02.985+0000] {logging_mixin.py:188} INFO - [2026-07-05T08:04:02.984+0000] {dag.py:3089} INFO - Sync 1 DAGs
[2026-07-05T08:04:03.024+0000] {logging_mixin.py:188} INFO - [2026-07-05T08:04:03.024+0000] {dag.py:3947} INFO - Setting next_dagrun for minio_to_snowflake_ecommerce to 2026-07-05 08:03:00+00:00, run_after=2026-07-05 08:04:00+00:00
[2026-07-05T08:04:03.051+0000] {processor.py:183} INFO - Processing /opt/airflow/dags/minio_to_snowflake_dag.py took 0.922 seconds
[2026-07-05T08:04:33.399+0000] {processor.py:161} INFO - Started process (PID=53673) to work on /opt/airflow/dags/minio_to_snowflake_dag.py
[2026-07-05T08:04:33.401+0000] {processor.py:830} INFO - Processing file /opt/airflow/dags/minio_to_snowflake_dag.py for tasks to queue
[2026-07-05T08:04:33.403+0000] {logging_mixin.py:188} INFO - [2026-07-05T08:04:33.403+0000] {dagbag.py:545} INFO - Filling up the DagBag from /opt/airflow/dags/minio_to_snowflake_dag.py
[2026-07-05T08:04:34.133+0000] {processor.py:840} INFO - DAG(s) 'minio_to_snowflake_ecommerce' retrieved from /opt/airflow/dags/minio_to_snowflake_dag.py
[2026-07-05T08:04:34.173+0000] {logging_mixin.py:188} INFO - [2026-07-05T08:04:34.172+0000] {dag.py:3089} INFO - Sync 1 DAGs
[2026-07-05T08:04:34.201+0000] {logging_mixin.py:188} INFO - [2026-07-05T08:04:34.201+0000] {dag.py:3947} INFO - Setting next_dagrun for minio_to_snowflake_ecommerce to 2026-07-05 08:03:00+00:00, run_after=2026-07-05 08:04:00+00:00
[2026-07-05T08:04:34.223+0000] {processor.py:183} INFO - Processing /opt/airflow/dags/minio_to_snowflake_dag.py took 0.833 seconds
[2026-07-05T08:05:04.511+0000] {processor.py:161} INFO - Started process (PID=53677) to work on /opt/airflow/dags/minio_to_snowflake_dag.py
[2026-07-05T08:05:04.512+0000] {processor.py:830} INFO - Processing file /opt/airflow/dags/minio_to_snowflake_dag.py for tasks to queue
[2026-07-05T08:05:04.514+0000] {logging_mixin.py:188} INFO - [2026-07-05T08:05:04.514+0000] {dagbag.py:545} INFO - Filling up the DagBag from /opt/airflow/dags/minio_to_snowflake_dag.py
[2026-07-05T08:05:05.301+0000] {processor.py:840} INFO - DAG(s) 'minio_to_snowflake_ecommerce' retrieved from /opt/airflow/dags/minio_to_snowflake_dag.py
[2026-07-05T08:05:05.339+0000] {logging_mixin.py:188} INFO - [2026-07-05T08:05:05.339+0000] {dag.py:3089} INFO - Sync 1 DAGs
[2026-07-05T08:05:05.367+0000] {logging_mixin.py:188} INFO - [2026-07-05T08:05:05.366+0000] {dag.py:3947} INFO - Setting next_dagrun for minio_to_snowflake_ecommerce to 2026-07-05 08:04:00+00:00, run_after=2026-07-05 08:05:00+00:00
[2026-07-05T08:05:05.393+0000] {processor.py:183} INFO - Processing /opt/airflow/dags/minio_to_snowflake_dag.py took 0.892 seconds
[2026-07-05T08:05:35.604+0000] {processor.py:161} INFO - Started process (PID=53681) to work on /opt/airflow/dags/minio_to_snowflake_dag.py
[2026-07-05T08:05:35.605+0000] {processor.py:830} INFO - Processing file /opt/airflow/dags/minio_to_snowflake_dag.py for tasks to queue
[2026-07-05T08:05:35.608+0000] {logging_mixin.py:188} INFO - [2026-07-05T08:05:35.607+0000] {dagbag.py:545} INFO - Filling up the DagBag from /opt/airflow/dags/minio_to_snowflake_dag.py
[2026-07-05T08:05:36.189+0000] {processor.py:840} INFO - DAG(s) 'minio_to_snowflake_ecommerce' retrieved from /opt/airflow/dags/minio_to_snowflake_dag.py
[2026-07-05T08:05:36.216+0000] {logging_mixin.py:188} INFO - [2026-07-05T08:05:36.215+0000] {dag.py:3089} INFO - Sync 1 DAGs
[2026-07-05T08:05:36.430+0000] {logging_mixin.py:188} INFO - [2026-07-05T08:05:36.430+0000] {dag.py:3947} INFO - Setting next_dagrun for minio_to_snowflake_ecommerce to 2026-07-05 08:04:00+00:00, run_after=2026-07-05 08:05:00+00:00
[2026-07-05T08:05:36.464+0000] {processor.py:183} INFO - Processing /opt/airflow/dags/minio_to_snowflake_dag.py took 0.867 seconds
[2026-07-05T08:06:06.919+0000] {processor.py:161} INFO - Started process (PID=53685) to work on /opt/airflow/dags/minio_to_snowflake_dag.py
[2026-07-05T08:06:06.921+0000] {processor.py:830} INFO - Processing file /opt/airflow/dags/minio_to_snowflake_dag.py for tasks to queue
[2026-07-05T08:06:06.923+0000] {logging_mixin.py:188} INFO - [2026-07-05T08:06:06.923+0000] {dagbag.py:545} INFO - Filling up the DagBag from /opt/airflow/dags/minio_to_snowflake_dag.py
[2026-07-05T08:06:07.533+0000] {processor.py:840} INFO - DAG(s) 'minio_to_snowflake_ecommerce' retrieved from /opt/airflow/dags/minio_to_snowflake_dag.py
[2026-07-05T08:06:07.741+0000] {logging_mixin.py:188} INFO - [2026-07-05T08:06:07.741+0000] {dag.py:3089} INFO - Sync 1 DAGs
[2026-07-05T08:06:07.779+0000] {logging_mixin.py:188} INFO - [2026-07-05T08:06:07.779+0000] {dag.py:3947} INFO - Setting next_dagrun for minio_to_snowflake_ecommerce to 2026-07-05 08:05:00+00:00, run_after=2026-07-05 08:06:00+00:00
[2026-07-05T08:06:07.810+0000] {processor.py:183} INFO - Processing /opt/airflow/dags/minio_to_snowflake_dag.py took 0.899 seconds
[2026-07-05T08:06:38.184+0000] {processor.py:161} INFO - Started process (PID=53689) to work on /opt/airflow/dags/minio_to_snowflake_dag.py
[2026-07-05T08:06:38.185+0000] {processor.py:830} INFO - Processing file /opt/airflow/dags/minio_to_snowflake_dag.py for tasks to queue
[2026-07-05T08:06:38.187+0000] {logging_mixin.py:188} INFO - [2026-07-05T08:06:38.187+0000] {dagbag.py:545} INFO - Filling up the DagBag from /opt/airflow/dags/minio_to_snowflake_dag.py
[2026-07-05T08:06:39.058+0000] {processor.py:840} INFO - DAG(s) 'minio_to_snowflake_ecommerce' retrieved from /opt/airflow/dags/minio_to_snowflake_dag.py
[2026-07-05T08:06:39.107+0000] {logging_mixin.py:188} INFO - [2026-07-05T08:06:39.106+0000] {dag.py:3089} INFO - Sync 1 DAGs
[2026-07-05T08:06:39.140+0000] {logging_mixin.py:188} INFO - [2026-07-05T08:06:39.140+0000] {dag.py:3947} INFO - Setting next_dagrun for minio_to_snowflake_ecommerce to 2026-07-05 08:05:00+00:00, run_after=2026-07-05 08:06:00+00:00
[2026-07-05T08:06:39.172+0000] {processor.py:183} INFO - Processing /opt/airflow/dags/minio_to_snowflake_dag.py took 0.997 seconds
[2026-07-05T08:07:09.564+0000] {processor.py:161} INFO - Started process (PID=53693) to work on /opt/airflow/dags/minio_to_snowflake_dag.py
[2026-07-05T08:07:09.565+0000] {processor.py:830} INFO - Processing file /opt/airflow/dags/minio_to_snowflake_dag.py for tasks to queue
[2026-07-05T08:07:09.567+0000] {logging_mixin.py:188} INFO - [2026-07-05T08:07:09.567+0000] {dagbag.py:545} INFO - Filling up the DagBag from /opt/airflow/dags/minio_to_snowflake_dag.py
[2026-07-05T08:07:10.294+0000] {processor.py:840} INFO - DAG(s) 'minio_to_snowflake_ecommerce' retrieved from /opt/airflow/dags/minio_to_snowflake_dag.py
[2026-07-05T08:07:10.327+0000] {logging_mixin.py:188} INFO - [2026-07-05T08:07:10.326+0000] {dag.py:3089} INFO - Sync 1 DAGs
[2026-07-05T08:07:10.351+0000] {logging_mixin.py:188} INFO - [2026-07-05T08:07:10.350+0000] {dag.py:3947} INFO - Setting next_dagrun for minio_to_snowflake_ecommerce to 2026-07-05 08:06:00+00:00, run_after=2026-07-05 08:07:00+00:00
[2026-07-05T08:07:10.376+0000] {processor.py:183} INFO - Processing /opt/airflow/dags/minio_to_snowflake_dag.py took 0.821 seconds
[2026-07-05T08:07:40.690+0000] {processor.py:161} INFO - Started process (PID=53697) to work on /opt/airflow/dags/minio_to_snowflake_dag.py
[2026-07-05T08:07:40.692+0000] {processor.py:830} INFO - Processing file /opt/airflow/dags/minio_to_snowflake_dag.py for tasks to queue
[2026-07-05T08:07:40.695+0000] {logging_mixin.py:188} INFO - [2026-07-05T08:07:40.694+0000] {dagbag.py:545} INFO - Filling up the DagBag from /opt/airflow/dags/minio_to_snowflake_dag.py
[2026-07-05T08:07:41.419+0000] {processor.py:840} INFO - DAG(s) 'minio_to_snowflake_ecommerce' retrieved from /opt/airflow/dags/minio_to_snowflake_dag.py
[2026-07-05T08:07:41.453+0000] {logging_mixin.py:188} INFO - [2026-07-05T08:07:41.453+0000] {dag.py:3089} INFO - Sync 1 DAGs
[2026-07-05T08:07:41.844+0000] {logging_mixin.py:188} INFO - [2026-07-05T08:07:41.843+0000] {dag.py:3947} INFO - Setting next_dagrun for minio_to_snowflake_ecommerce to 2026-07-05 08:06:00+00:00, run_after=2026-07-05 08:07:00+00:00
[2026-07-05T08:07:41.872+0000] {processor.py:183} INFO - Processing /opt/airflow/dags/minio_to_snowflake_dag.py took 1.189 seconds
[2026-07-05T08:08:12.248+0000] {processor.py:161} INFO - Started process (PID=53701) to work on /opt/airflow/dags/minio_to_snowflake_dag.py
[2026-07-05T08:08:12.249+0000] {processor.py:830} INFO - Processing file /opt/airflow/dags/minio_to_snowflake_dag.py for tasks to queue
[2026-07-05T08:08:12.252+0000] {logging_mixin.py:188} INFO - [2026-07-05T08:08:12.251+0000] {dagbag.py:545} INFO - Filling up the DagBag from /opt/airflow/dags/minio_to_snowflake_dag.py
[2026-07-05T08:08:12.953+0000] {processor.py:840} INFO - DAG(s) 'minio_to_snowflake_ecommerce' retrieved from /opt/airflow/dags/minio_to_snowflake_dag.py
[2026-07-05T08:08:13.174+0000] {logging_mixin.py:188} INFO - [2026-07-05T08:08:13.173+0000] {dag.py:3089} INFO - Sync 1 DAGs
[2026-07-05T08:08:13.216+0000] {logging_mixin.py:188} INFO - [2026-07-05T08:08:13.215+0000] {dag.py:3947} INFO - Setting next_dagrun for minio_to_snowflake_ecommerce to 2026-07-05 08:07:00+00:00, run_after=2026-07-05 08:08:00+00:00
[2026-07-05T08:08:13.245+0000] {processor.py:183} INFO - Processing /opt/airflow/dags/minio_to_snowflake_dag.py took 1.004 seconds
[2026-07-05T08:08:43.534+0000] {processor.py:161} INFO - Started process (PID=53705) to work on /opt/airflow/dags/minio_to_snowflake_dag.py
[2026-07-05T08:08:43.535+0000] {processor.py:830} INFO - Processing file /opt/airflow/dags/minio_to_snowflake_dag.py for tasks to queue
[2026-07-05T08:08:43.538+0000] {logging_mixin.py:188} INFO - [2026-07-05T08:08:43.537+0000] {dagbag.py:545} INFO - Filling up the DagBag from /opt/airflow/dags/minio_to_snowflake_dag.py
[2026-07-05T08:08:44.331+0000] {processor.py:840} INFO - DAG(s) 'minio_to_snowflake_ecommerce' retrieved from /opt/airflow/dags/minio_to_snowflake_dag.py
[2026-07-05T08:08:44.365+0000] {logging_mixin.py:188} INFO - [2026-07-05T08:08:44.364+0000] {dag.py:3089} INFO - Sync 1 DAGs
[2026-07-05T08:08:44.391+0000] {logging_mixin.py:188} INFO - [2026-07-05T08:08:44.391+0000] {dag.py:3947} INFO - Setting next_dagrun for minio_to_snowflake_ecommerce to 2026-07-05 08:07:00+00:00, run_after=2026-07-05 08:08:00+00:00
[2026-07-05T08:08:44.411+0000] {processor.py:183} INFO - Processing /opt/airflow/dags/minio_to_snowflake_dag.py took 0.883 seconds
[2026-07-05T08:09:14.783+0000] {processor.py:161} INFO - Started process (PID=53709) to work on /opt/airflow/dags/minio_to_snowflake_dag.py
[2026-07-05T08:09:14.785+0000] {processor.py:830} INFO - Processing file /opt/airflow/dags/minio_to_snowflake_dag.py for tasks to queue
[2026-07-05T08:09:14.787+0000] {logging_mixin.py:188} INFO - [2026-07-05T08:09:14.787+0000] {dagbag.py:545} INFO - Filling up the DagBag from /opt/airflow/dags/minio_to_snowflake_dag.py
[2026-07-05T08:09:15.510+0000] {processor.py:840} INFO - DAG(s) 'minio_to_snowflake_ecommerce' retrieved from /opt/airflow/dags/minio_to_snowflake_dag.py
[2026-07-05T08:09:15.546+0000] {logging_mixin.py:188} INFO - [2026-07-05T08:09:15.545+0000] {dag.py:3089} INFO - Sync 1 DAGs
[2026-07-05T08:09:15.573+0000] {logging_mixin.py:188} INFO - [2026-07-05T08:09:15.572+0000] {dag.py:3947} INFO - Setting next_dagrun for minio_to_snowflake_ecommerce to 2026-07-05 08:08:00+00:00, run_after=2026-07-05 08:09:00+00:00
[2026-07-05T08:09:15.599+0000] {processor.py:183} INFO - Processing /opt/airflow/dags/minio_to_snowflake_dag.py took 0.822 seconds
[2026-07-05T08:09:45.909+0000] {processor.py:161} INFO - Started process (PID=53713) to work on /opt/airflow/dags/minio_to_snowflake_dag.py
[2026-07-05T08:09:45.910+0000] {processor.py:830} INFO - Processing file /opt/airflow/dags/minio_to_snowflake_dag.py for tasks to queue
[2026-07-05T08:09:45.912+0000] {logging_mixin.py:188} INFO - [2026-07-05T08:09:45.911+0000] {dagbag.py:545} INFO - Filling up the DagBag from /opt/airflow/dags/minio_to_snowflake_dag.py
[2026-07-05T08:09:46.646+0000] {processor.py:840} INFO - DAG(s) 'minio_to_snowflake_ecommerce' retrieved from /opt/airflow/dags/minio_to_snowflake_dag.py
[2026-07-05T08:09:46.675+0000] {logging_mixin.py:188} INFO - [2026-07-05T08:09:46.674+0000] {dag.py:3089} INFO - Sync 1 DAGs
[2026-07-05T08:09:46.700+0000] {logging_mixin.py:188} INFO - [2026-07-05T08:09:46.699+0000] {dag.py:3947} INFO - Setting next_dagrun for minio_to_snowflake_ecommerce to 2026-07-05 08:08:00+00:00, run_after=2026-07-05 08:09:00+00:00
[2026-07-05T08:09:46.719+0000] {processor.py:183} INFO - Processing /opt/airflow/dags/minio_to_snowflake_dag.py took 0.817 seconds
[2026-07-05T08:10:17.018+0000] {processor.py:161} INFO - Started process (PID=53717) to work on /opt/airflow/dags/minio_to_snowflake_dag.py
[2026-07-05T08:10:17.020+0000] {processor.py:830} INFO - Processing file /opt/airflow/dags/minio_to_snowflake_dag.py for tasks to queue
[2026-07-05T08:10:17.022+0000] {logging_mixin.py:188} INFO - [2026-07-05T08:10:17.022+0000] {dagbag.py:545} INFO - Filling up the DagBag from /opt/airflow/dags/minio_to_snowflake_dag.py
[2026-07-05T08:10:17.600+0000] {processor.py:840} INFO - DAG(s) 'minio_to_snowflake_ecommerce' retrieved from /opt/airflow/dags/minio_to_snowflake_dag.py
[2026-07-05T08:10:17.788+0000] {logging_mixin.py:188} INFO - [2026-07-05T08:10:17.788+0000] {dag.py:3089} INFO - Sync 1 DAGs
[2026-07-05T08:10:17.820+0000] {logging_mixin.py:188} INFO - [2026-07-05T08:10:17.820+0000] {dag.py:3947} INFO - Setting next_dagrun for minio_to_snowflake_ecommerce to 2026-07-05 08:09:00+00:00, run_after=2026-07-05 08:10:00+00:00
[2026-07-05T08:10:17.849+0000] {processor.py:183} INFO - Processing /opt/airflow/dags/minio_to_snowflake_dag.py took 0.838 seconds
[2026-07-05T08:10:48.235+0000] {processor.py:161} INFO - Started process (PID=53721) to work on /opt/airflow/dags/minio_to_snowflake_dag.py
[2026-07-05T08:10:48.236+0000] {processor.py:830} INFO - Processing file /opt/airflow/dags/minio_to_snowflake_dag.py for tasks to queue
[2026-07-05T08:10:48.239+0000] {logging_mixin.py:188} INFO - [2026-07-05T08:10:48.238+0000] {dagbag.py:545} INFO - Filling up the DagBag from /opt/airflow/dags/minio_to_snowflake_dag.py
[2026-07-05T08:10:49.031+0000] {processor.py:840} INFO - DAG(s) 'minio_to_snowflake_ecommerce' retrieved from /opt/airflow/dags/minio_to_snowflake_dag.py
[2026-07-05T08:10:49.073+0000] {logging_mixin.py:188} INFO - [2026-07-05T08:10:49.072+0000] {dag.py:3089} INFO - Sync 1 DAGs
[2026-07-05T08:10:49.104+0000] {logging_mixin.py:188} INFO - [2026-07-05T08:10:49.103+0000] {dag.py:3947} INFO - Setting next_dagrun for minio_to_snowflake_ecommerce to 2026-07-05 08:09:00+00:00, run_after=2026-07-05 08:10:00+00:00
[2026-07-05T08:10:49.127+0000] {processor.py:183} INFO - Processing /opt/airflow/dags/minio_to_snowflake_dag.py took 0.900 seconds
[2026-07-05T08:11:19.453+0000] {processor.py:161} INFO - Started process (PID=53725) to work on /opt/airflow/dags/minio_to_snowflake_dag.py
[2026-07-05T08:11:19.455+0000] {processor.py:830} INFO - Processing file /opt/airflow/dags/minio_to_snowflake_dag.py for tasks to queue
[2026-07-05T08:11:19.457+0000] {logging_mixin.py:188} INFO - [2026-07-05T08:11:19.456+0000] {dagbag.py:545} INFO - Filling up the DagBag from /opt/airflow/dags/minio_to_snowflake_dag.py
[2026-07-05T08:11:20.234+0000] {processor.py:840} INFO - DAG(s) 'minio_to_snowflake_ecommerce' retrieved from /opt/airflow/dags/minio_to_snowflake_dag.py
[2026-07-05T08:11:20.272+0000] {logging_mixin.py:188} INFO - [2026-07-05T08:11:20.272+0000] {dag.py:3089} INFO - Sync 1 DAGs
[2026-07-05T08:11:20.303+0000] {logging_mixin.py:188} INFO - [2026-07-05T08:11:20.303+0000] {dag.py:3947} INFO - Setting next_dagrun for minio_to_snowflake_ecommerce to 2026-07-05 08:10:00+00:00, run_after=2026-07-05 08:11:00+00:00
[2026-07-05T08:11:20.331+0000] {processor.py:183} INFO - Processing /opt/airflow/dags/minio_to_snowflake_dag.py took 0.885 seconds
[2026-07-05T08:11:50.727+0000] {processor.py:161} INFO - Started process (PID=53729) to work on /opt/airflow/dags/minio_to_snowflake_dag.py
[2026-07-05T08:11:50.732+0000] {processor.py:830} INFO - Processing file /opt/airflow/dags/minio_to_snowflake_dag.py for tasks to queue
[2026-07-05T08:11:50.736+0000] {logging_mixin.py:188} INFO - [2026-07-05T08:11:50.736+0000] {dagbag.py:545} INFO - Filling up the DagBag from /opt/airflow/dags/minio_to_snowflake_dag.py
[2026-07-05T08:11:52.976+0000] {processor.py:840} INFO - DAG(s) 'minio_to_snowflake_ecommerce' retrieved from /opt/airflow/dags/minio_to_snowflake_dag.py
[2026-07-05T08:11:53.012+0000] {logging_mixin.py:188} INFO - [2026-07-05T08:11:53.012+0000] {dag.py:3089} INFO - Sync 1 DAGs
[2026-07-05T08:11:53.049+0000] {logging_mixin.py:188} INFO - [2026-07-05T08:11:53.048+0000] {dag.py:3947} INFO - Setting next_dagrun for minio_to_snowflake_ecommerce to 2026-07-05 08:10:00+00:00, run_after=2026-07-05 08:11:00+00:00
[2026-07-05T08:11:53.077+0000] {processor.py:183} INFO - Processing /opt/airflow/dags/minio_to_snowflake_dag.py took 2.368 seconds
[2026-07-05T08:12:23.390+0000] {processor.py:161} INFO - Started process (PID=53733) to work on /opt/airflow/dags/minio_to_snowflake_dag.py
[2026-07-05T08:12:23.391+0000] {processor.py:830} INFO - Processing file /opt/airflow/dags/minio_to_snowflake_dag.py for tasks to queue
[2026-07-05T08:12:23.394+0000] {logging_mixin.py:188} INFO - [2026-07-05T08:12:23.393+0000] {dagbag.py:545} INFO - Filling up the DagBag from /opt/airflow/dags/minio_to_snowflake_dag.py
[2026-07-05T08:12:23.984+0000] {processor.py:840} INFO - DAG(s) 'minio_to_snowflake_ecommerce' retrieved from /opt/airflow/dags/minio_to_snowflake_dag.py
[2026-07-05T08:12:24.185+0000] {logging_mixin.py:188} INFO - [2026-07-05T08:12:24.185+0000] {dag.py:3089} INFO - Sync 1 DAGs
[2026-07-05T08:12:24.223+0000] {logging_mixin.py:188} INFO - [2026-07-05T08:12:24.223+0000] {dag.py:3947} INFO - Setting next_dagrun for minio_to_snowflake_ecommerce to 2026-07-05 08:11:00+00:00, run_after=2026-07-05 08:12:00+00:00
[2026-07-05T08:12:24.250+0000] {processor.py:183} INFO - Processing /opt/airflow/dags/minio_to_snowflake_dag.py took 0.869 seconds
[2026-07-05T08:12:54.605+0000] {processor.py:161} INFO - Started process (PID=53737) to work on /opt/airflow/dags/minio_to_snowflake_dag.py
[2026-07-05T08:12:54.607+0000] {processor.py:830} INFO - Processing file /opt/airflow/dags/minio_to_snowflake_dag.py for tasks to queue
[2026-07-05T08:12:54.609+0000] {logging_mixin.py:188} INFO - [2026-07-05T08:12:54.609+0000] {dagbag.py:545} INFO - Filling up the DagBag from /opt/airflow/dags/minio_to_snowflake_dag.py
[2026-07-05T08:12:55.327+0000] {processor.py:840} INFO - DAG(s) 'minio_to_snowflake_ecommerce' retrieved from /opt/airflow/dags/minio_to_snowflake_dag.py
[2026-07-05T08:12:55.366+0000] {logging_mixin.py:188} INFO - [2026-07-05T08:12:55.366+0000] {dag.py:3089} INFO - Sync 1 DAGs
[2026-07-05T08:12:55.396+0000] {logging_mixin.py:188} INFO - [2026-07-05T08:12:55.396+0000] {dag.py:3947} INFO - Setting next_dagrun for minio_to_snowflake_ecommerce to 2026-07-05 08:11:00+00:00, run_after=2026-07-05 08:12:00+00:00
[2026-07-05T08:12:55.425+0000] {processor.py:183} INFO - Processing /opt/airflow/dags/minio_to_snowflake_dag.py took 0.827 seconds
[2026-07-05T08:13:25.840+0000] {processor.py:161} INFO - Started process (PID=53741) to work on /opt/airflow/dags/minio_to_snowflake_dag.py
[2026-07-05T08:13:25.841+0000] {processor.py:830} INFO - Processing file /opt/airflow/dags/minio_to_snowflake_dag.py for tasks to queue
[2026-07-05T08:13:25.844+0000] {logging_mixin.py:188} INFO - [2026-07-05T08:13:25.843+0000] {dagbag.py:545} INFO - Filling up the DagBag from /opt/airflow/dags/minio_to_snowflake_dag.py
[2026-07-05T08:13:26.682+0000] {processor.py:840} INFO - DAG(s) 'minio_to_snowflake_ecommerce' retrieved from /opt/airflow/dags/minio_to_snowflake_dag.py
[2026-07-05T08:13:26.716+0000] {logging_mixin.py:188} INFO - [2026-07-05T08:13:26.716+0000] {dag.py:3089} INFO - Sync 1 DAGs
[2026-07-05T08:13:26.746+0000] {logging_mixin.py:188} INFO - [2026-07-05T08:13:26.746+0000] {dag.py:3947} INFO - Setting next_dagrun for minio_to_snowflake_ecommerce to 2026-07-05 08:12:00+00:00, run_after=2026-07-05 08:13:00+00:00
[2026-07-05T08:13:26.770+0000] {processor.py:183} INFO - Processing /opt/airflow/dags/minio_to_snowflake_dag.py took 0.938 seconds
[2026-07-05T08:13:57.152+0000] {processor.py:161} INFO - Started process (PID=53745) to work on /opt/airflow/dags/minio_to_snowflake_dag.py
[2026-07-05T08:13:57.153+0000] {processor.py:830} INFO - Processing file /opt/airflow/dags/minio_to_snowflake_dag.py for tasks to queue
[2026-07-05T08:13:57.155+0000] {logging_mixin.py:188} INFO - [2026-07-05T08:13:57.155+0000] {dagbag.py:545} INFO - Filling up the DagBag from /opt/airflow/dags/minio_to_snowflake_dag.py
[2026-07-05T08:13:57.871+0000] {processor.py:840} INFO - DAG(s) 'minio_to_snowflake_ecommerce' retrieved from /opt/airflow/dags/minio_to_snowflake_dag.py
[2026-07-05T08:13:57.899+0000] {logging_mixin.py:188} INFO - [2026-07-05T08:13:57.899+0000] {dag.py:3089} INFO - Sync 1 DAGs
[2026-07-05T08:13:57.926+0000] {logging_mixin.py:188} INFO - [2026-07-05T08:13:57.926+0000] {dag.py:3947} INFO - Setting next_dagrun for minio_to_snowflake_ecommerce to 2026-07-05 08:12:00+00:00, run_after=2026-07-05 08:13:00+00:00
[2026-07-05T08:13:57.946+0000] {processor.py:183} INFO - Processing /opt/airflow/dags/minio_to_snowflake_dag.py took 0.800 seconds
[2026-07-05T08:14:28.294+0000] {processor.py:161} INFO - Started process (PID=53749) to work on /opt/airflow/dags/minio_to_snowflake_dag.py
[2026-07-05T08:14:28.295+0000] {processor.py:830} INFO - Processing file /opt/airflow/dags/minio_to_snowflake_dag.py for tasks to queue
[2026-07-05T08:14:28.298+0000] {logging_mixin.py:188} INFO - [2026-07-05T08:14:28.297+0000] {dagbag.py:545} INFO - Filling up the DagBag from /opt/airflow/dags/minio_to_snowflake_dag.py
[2026-07-05T08:14:28.933+0000] {processor.py:840} INFO - DAG(s) 'minio_to_snowflake_ecommerce' retrieved from /opt/airflow/dags/minio_to_snowflake_dag.py
[2026-07-05T08:14:29.234+0000] {logging_mixin.py:188} INFO - [2026-07-05T08:14:29.233+0000] {dag.py:3089} INFO - Sync 1 DAGs
[2026-07-05T08:14:29.278+0000] {logging_mixin.py:188} INFO - [2026-07-05T08:14:29.278+0000] {dag.py:3947} INFO - Setting next_dagrun for minio_to_snowflake_ecommerce to 2026-07-05 08:13:00+00:00, run_after=2026-07-05 08:14:00+00:00
[2026-07-05T08:14:29.310+0000] {processor.py:183} INFO - Processing /opt/airflow/dags/minio_to_snowflake_dag.py took 1.025 seconds
[2026-07-05T08:14:59.591+0000] {processor.py:161} INFO - Started process (PID=53753) to work on /opt/airflow/dags/minio_to_snowflake_dag.py
[2026-07-05T08:14:59.592+0000] {processor.py:830} INFO - Processing file /opt/airflow/dags/minio_to_snowflake_dag.py for tasks to queue
[2026-07-05T08:14:59.595+0000] {logging_mixin.py:188} INFO - [2026-07-05T08:14:59.594+0000] {dagbag.py:545} INFO - Filling up the DagBag from /opt/airflow/dags/minio_to_snowflake_dag.py
[2026-07-05T08:15:00.419+0000] {processor.py:840} INFO - DAG(s) 'minio_to_snowflake_ecommerce' retrieved from /opt/airflow/dags/minio_to_snowflake_dag.py
[2026-07-05T08:15:00.465+0000] {logging_mixin.py:188} INFO - [2026-07-05T08:15:00.464+0000] {dag.py:3089} INFO - Sync 1 DAGs
[2026-07-05T08:15:00.497+0000] {logging_mixin.py:188} INFO - [2026-07-05T08:15:00.497+0000] {dag.py:3947} INFO - Setting next_dagrun for minio_to_snowflake_ecommerce to 2026-07-05 08:14:00+00:00, run_after=2026-07-05 08:15:00+00:00
[2026-07-05T08:15:00.528+0000] {processor.py:183} INFO - Processing /opt/airflow/dags/minio_to_snowflake_dag.py took 0.943 seconds
[2026-07-05T08:15:30.945+0000] {processor.py:161} INFO - Started process (PID=53757) to work on /opt/airflow/dags/minio_to_snowflake_dag.py
[2026-07-05T08:15:30.947+0000] {processor.py:830} INFO - Processing file /opt/airflow/dags/minio_to_snowflake_dag.py for tasks to queue
[2026-07-05T08:15:30.950+0000] {logging_mixin.py:188} INFO - [2026-07-05T08:15:30.949+0000] {dagbag.py:545} INFO - Filling up the DagBag from /opt/airflow/dags/minio_to_snowflake_dag.py
[2026-07-05T08:15:31.929+0000] {processor.py:840} INFO - DAG(s) 'minio_to_snowflake_ecommerce' retrieved from /opt/airflow/dags/minio_to_snowflake_dag.py
[2026-07-05T08:15:31.961+0000] {logging_mixin.py:188} INFO - [2026-07-05T08:15:31.960+0000] {dag.py:3089} INFO - Sync 1 DAGs
[2026-07-05T08:15:31.987+0000] {logging_mixin.py:188} INFO - [2026-07-05T08:15:31.987+0000] {dag.py:3947} INFO - Setting next_dagrun for minio_to_snowflake_ecommerce to 2026-07-05 08:14:00+00:00, run_after=2026-07-05 08:15:00+00:00
[2026-07-05T08:15:32.011+0000] {processor.py:183} INFO - Processing /opt/airflow/dags/minio_to_snowflake_dag.py took 1.076 seconds
[2026-07-05T08:16:02.282+0000] {processor.py:161} INFO - Started process (PID=53761) to work on /opt/airflow/dags/minio_to_snowflake_dag.py
[2026-07-05T08:16:02.283+0000] {processor.py:830} INFO - Processing file /opt/airflow/dags/minio_to_snowflake_dag.py for tasks to queue
[2026-07-05T08:16:02.286+0000] {logging_mixin.py:188} INFO - [2026-07-05T08:16:02.285+0000] {dagbag.py:545} INFO - Filling up the DagBag from /opt/airflow/dags/minio_to_snowflake_dag.py
[2026-07-05T08:16:03.087+0000] {processor.py:840} INFO - DAG(s) 'minio_to_snowflake_ecommerce' retrieved from /opt/airflow/dags/minio_to_snowflake_dag.py
[2026-07-05T08:16:03.121+0000] {logging_mixin.py:188} INFO - [2026-07-05T08:16:03.121+0000] {dag.py:3089} INFO - Sync 1 DAGs
[2026-07-05T08:16:03.150+0000] {logging_mixin.py:188} INFO - [2026-07-05T08:16:03.149+0000] {dag.py:3947} INFO - Setting next_dagrun for minio_to_snowflake_ecommerce to 2026-07-05 08:15:00+00:00, run_after=2026-07-05 08:16:00+00:00
[2026-07-05T08:16:03.171+0000] {processor.py:183} INFO - Processing /opt/airflow/dags/minio_to_snowflake_dag.py took 0.897 seconds
[2026-07-05T08:16:33.610+0000] {processor.py:161} INFO - Started process (PID=53765) to work on /opt/airflow/dags/minio_to_snowflake_dag.py
[2026-07-05T08:16:33.611+0000] {processor.py:830} INFO - Processing file /opt/airflow/dags/minio_to_snowflake_dag.py for tasks to queue
[2026-07-05T08:16:33.613+0000] {logging_mixin.py:188} INFO - [2026-07-05T08:16:33.613+0000] {dagbag.py:545} INFO - Filling up the DagBag from /opt/airflow/dags/minio_to_snowflake_dag.py
[2026-07-05T08:16:34.193+0000] {processor.py:840} INFO - DAG(s) 'minio_to_snowflake_ecommerce' retrieved from /opt/airflow/dags/minio_to_snowflake_dag.py
[2026-07-05T08:16:34.409+0000] {logging_mixin.py:188} INFO - [2026-07-05T08:16:34.409+0000] {dag.py:3089} INFO - Sync 1 DAGs
[2026-07-05T08:16:34.449+0000] {logging_mixin.py:188} INFO - [2026-07-05T08:16:34.449+0000] {dag.py:3947} INFO - Setting next_dagrun for minio_to_snowflake_ecommerce to 2026-07-05 08:15:00+00:00, run_after=2026-07-05 08:16:00+00:00
[2026-07-05T08:16:34.477+0000] {processor.py:183} INFO - Processing /opt/airflow/dags/minio_to_snowflake_dag.py took 0.874 seconds
[2026-07-05T08:17:04.849+0000] {processor.py:161} INFO - Started process (PID=53769) to work on /opt/airflow/dags/minio_to_snowflake_dag.py
[2026-07-05T08:17:04.850+0000] {processor.py:830} INFO - Processing file /opt/airflow/dags/minio_to_snowflake_dag.py for tasks to queue
[2026-07-05T08:17:04.853+0000] {logging_mixin.py:188} INFO - [2026-07-05T08:17:04.852+0000] {dagbag.py:545} INFO - Filling up the DagBag from /opt/airflow/dags/minio_to_snowflake_dag.py
[2026-07-05T08:17:05.840+0000] {processor.py:840} INFO - DAG(s) 'minio_to_snowflake_ecommerce' retrieved from /opt/airflow/dags/minio_to_snowflake_dag.py
[2026-07-05T08:17:05.879+0000] {logging_mixin.py:188} INFO - [2026-07-05T08:17:05.879+0000] {dag.py:3089} INFO - Sync 1 DAGs
[2026-07-05T08:17:05.910+0000] {logging_mixin.py:188} INFO - [2026-07-05T08:17:05.910+0000] {dag.py:3947} INFO - Setting next_dagrun for minio_to_snowflake_ecommerce to 2026-07-05 08:16:00+00:00, run_after=2026-07-05 08:17:00+00:00
[2026-07-05T08:17:05.933+0000] {processor.py:183} INFO - Processing /opt/airflow/dags/minio_to_snowflake_dag.py took 1.092 seconds
[2026-07-05T08:17:36.292+0000] {processor.py:161} INFO - Started process (PID=53773) to work on /opt/airflow/dags/minio_to_snowflake_dag.py
[2026-07-05T08:17:36.293+0000] {processor.py:830} INFO - Processing file /opt/airflow/dags/minio_to_snowflake_dag.py for tasks to queue
[2026-07-05T08:17:36.296+0000] {logging_mixin.py:188} INFO - [2026-07-05T08:17:36.295+0000] {dagbag.py:545} INFO - Filling up the DagBag from /opt/airflow/dags/minio_to_snowflake_dag.py
[2026-07-05T08:17:37.051+0000] {processor.py:840} INFO - DAG(s) 'minio_to_snowflake_ecommerce' retrieved from /opt/airflow/dags/minio_to_snowflake_dag.py
[2026-07-05T08:17:37.082+0000] {logging_mixin.py:188} INFO - [2026-07-05T08:17:37.081+0000] {dag.py:3089} INFO - Sync 1 DAGs
[2026-07-05T08:17:37.108+0000] {logging_mixin.py:188} INFO - [2026-07-05T08:17:37.108+0000] {dag.py:3947} INFO - Setting next_dagrun for minio_to_snowflake_ecommerce to 2026-07-05 08:16:00+00:00, run_after=2026-07-05 08:17:00+00:00
[2026-07-05T08:17:37.132+0000] {processor.py:183} INFO - Processing /opt/airflow/dags/minio_to_snowflake_dag.py took 0.847 seconds
[2026-07-05T08:18:07.632+0000] {processor.py:161} INFO - Started process (PID=53777) to work on /opt/airflow/dags/minio_to_snowflake_dag.py
[2026-07-05T08:18:07.633+0000] {processor.py:830} INFO - Processing file /opt/airflow/dags/minio_to_snowflake_dag.py for tasks to queue
[2026-07-05T08:18:07.635+0000] {logging_mixin.py:188} INFO - [2026-07-05T08:18:07.635+0000] {dagbag.py:545} INFO - Filling up the DagBag from /opt/airflow/dags/minio_to_snowflake_dag.py
[2026-07-05T08:18:08.357+0000] {processor.py:840} INFO - DAG(s) 'minio_to_snowflake_ecommerce' retrieved from /opt/airflow/dags/minio_to_snowflake_dag.py
[2026-07-05T08:18:08.387+0000] {logging_mixin.py:188} INFO - [2026-07-05T08:18:08.386+0000] {dag.py:3089} INFO - Sync 1 DAGs
[2026-07-05T08:18:08.414+0000] {logging_mixin.py:188} INFO - [2026-07-05T08:18:08.414+0000] {dag.py:3947} INFO - Setting next_dagrun for minio_to_snowflake_ecommerce to 2026-07-05 08:17:00+00:00, run_after=2026-07-05 08:18:00+00:00
[2026-07-05T08:18:08.437+0000] {processor.py:183} INFO - Processing /opt/airflow/dags/minio_to_snowflake_dag.py took 0.813 seconds
[2026-07-05T08:18:38.825+0000] {processor.py:161} INFO - Started process (PID=53781) to work on /opt/airflow/dags/minio_to_snowflake_dag.py
[2026-07-05T08:18:38.827+0000] {processor.py:830} INFO - Processing file /opt/airflow/dags/minio_to_snowflake_dag.py for tasks to queue
[2026-07-05T08:18:38.829+0000] {logging_mixin.py:188} INFO - [2026-07-05T08:18:38.829+0000] {dagbag.py:545} INFO - Filling up the DagBag from /opt/airflow/dags/minio_to_snowflake_dag.py
[2026-07-05T08:18:39.418+0000] {processor.py:840} INFO - DAG(s) 'minio_to_snowflake_ecommerce' retrieved from /opt/airflow/dags/minio_to_snowflake_dag.py
[2026-07-05T08:18:39.615+0000] {logging_mixin.py:188} INFO - [2026-07-05T08:18:39.615+0000] {dag.py:3089} INFO - Sync 1 DAGs
[2026-07-05T08:18:39.656+0000] {logging_mixin.py:188} INFO - [2026-07-05T08:18:39.655+0000] {dag.py:3947} INFO - Setting next_dagrun for minio_to_snowflake_ecommerce to 2026-07-05 08:17:00+00:00, run_after=2026-07-05 08:18:00+00:00
[2026-07-05T08:18:39.688+0000] {processor.py:183} INFO - Processing /opt/airflow/dags/minio_to_snowflake_dag.py took 0.871 seconds
[2026-07-05T08:19:10.040+0000] {processor.py:161} INFO - Started process (PID=53785) to work on /opt/airflow/dags/minio_to_snowflake_dag.py
[2026-07-05T08:19:10.041+0000] {processor.py:830} INFO - Processing file /opt/airflow/dags/minio_to_snowflake_dag.py for tasks to queue
[2026-07-05T08:19:10.044+0000] {logging_mixin.py:188} INFO - [2026-07-05T08:19:10.043+0000] {dagbag.py:545} INFO - Filling up the DagBag from /opt/airflow/dags/minio_to_snowflake_dag.py
[2026-07-05T08:19:10.887+0000] {processor.py:840} INFO - DAG(s) 'minio_to_snowflake_ecommerce' retrieved from /opt/airflow/dags/minio_to_snowflake_dag.py
[2026-07-05T08:19:10.923+0000] {logging_mixin.py:188} INFO - [2026-07-05T08:19:10.922+0000] {dag.py:3089} INFO - Sync 1 DAGs
[2026-07-05T08:19:10.960+0000] {logging_mixin.py:188} INFO - [2026-07-05T08:19:10.960+0000] {dag.py:3947} INFO - Setting next_dagrun for minio_to_snowflake_ecommerce to 2026-07-05 08:18:00+00:00, run_after=2026-07-05 08:19:00+00:00
[2026-07-05T08:19:10.994+0000] {processor.py:183} INFO - Processing /opt/airflow/dags/minio_to_snowflake_dag.py took 0.961 seconds
[2026-07-05T08:19:41.257+0000] {processor.py:161} INFO - Started process (PID=53789) to work on /opt/airflow/dags/minio_to_snowflake_dag.py
[2026-07-05T08:19:41.258+0000] {processor.py:830} INFO - Processing file /opt/airflow/dags/minio_to_snowflake_dag.py for tasks to queue
[2026-07-05T08:19:41.260+0000] {logging_mixin.py:188} INFO - [2026-07-05T08:19:41.260+0000] {dagbag.py:545} INFO - Filling up the DagBag from /opt/airflow/dags/minio_to_snowflake_dag.py
[2026-07-05T08:19:42.034+0000] {processor.py:840} INFO - DAG(s) 'minio_to_snowflake_ecommerce' retrieved from /opt/airflow/dags/minio_to_snowflake_dag.py
[2026-07-05T08:19:42.064+0000] {logging_mixin.py:188} INFO - [2026-07-05T08:19:42.064+0000] {dag.py:3089} INFO - Sync 1 DAGs
[2026-07-05T08:19:42.091+0000] {logging_mixin.py:188} INFO - [2026-07-05T08:19:42.091+0000] {dag.py:3947} INFO - Setting next_dagrun for minio_to_snowflake_ecommerce to 2026-07-05 08:18:00+00:00, run_after=2026-07-05 08:19:00+00:00
[2026-07-05T08:19:42.116+0000] {processor.py:183} INFO - Processing /opt/airflow/dags/minio_to_snowflake_dag.py took 0.865 seconds
[2026-07-05T08:20:12.446+0000] {processor.py:161} INFO - Started process (PID=53793) to work on /opt/airflow/dags/minio_to_snowflake_dag.py
[2026-07-05T08:20:12.447+0000] {processor.py:830} INFO - Processing file /opt/airflow/dags/minio_to_snowflake_dag.py for tasks to queue
[2026-07-05T08:20:12.449+0000] {logging_mixin.py:188} INFO - [2026-07-05T08:20:12.449+0000] {dagbag.py:545} INFO - Filling up the DagBag from /opt/airflow/dags/minio_to_snowflake_dag.py
[2026-07-05T08:20:13.158+0000] {processor.py:840} INFO - DAG(s) 'minio_to_snowflake_ecommerce' retrieved from /opt/airflow/dags/minio_to_snowflake_dag.py
[2026-07-05T08:20:13.190+0000] {logging_mixin.py:188} INFO - [2026-07-05T08:20:13.189+0000] {dag.py:3089} INFO - Sync 1 DAGs
[2026-07-05T08:20:13.215+0000] {logging_mixin.py:188} INFO - [2026-07-05T08:20:13.215+0000] {dag.py:3947} INFO - Setting next_dagrun for minio_to_snowflake_ecommerce to 2026-07-05 08:19:00+00:00, run_after=2026-07-05 08:20:00+00:00
[2026-07-05T08:20:13.240+0000] {processor.py:183} INFO - Processing /opt/airflow/dags/minio_to_snowflake_dag.py took 0.801 seconds
[2026-07-05T08:20:43.579+0000] {processor.py:161} INFO - Started process (PID=53797) to work on /opt/airflow/dags/minio_to_snowflake_dag.py
[2026-07-05T08:20:43.580+0000] {processor.py:830} INFO - Processing file /opt/airflow/dags/minio_to_snowflake_dag.py for tasks to queue
[2026-07-05T08:20:43.582+0000] {logging_mixin.py:188} INFO - [2026-07-05T08:20:43.581+0000] {dagbag.py:545} INFO - Filling up the DagBag from /opt/airflow/dags/minio_to_snowflake_dag.py
[2026-07-05T08:20:44.147+0000] {processor.py:840} INFO - DAG(s) 'minio_to_snowflake_ecommerce' retrieved from /opt/airflow/dags/minio_to_snowflake_dag.py
[2026-07-05T08:20:44.331+0000] {logging_mixin.py:188} INFO - [2026-07-05T08:20:44.330+0000] {dag.py:3089} INFO - Sync 1 DAGs
[2026-07-05T08:20:44.359+0000] {logging_mixin.py:188} INFO - [2026-07-05T08:20:44.359+0000] {dag.py:3947} INFO - Setting next_dagrun for minio_to_snowflake_ecommerce to 2026-07-05 08:19:00+00:00, run_after=2026-07-05 08:20:00+00:00
[2026-07-05T08:20:44.383+0000] {processor.py:183} INFO - Processing /opt/airflow/dags/minio_to_snowflake_dag.py took 0.812 seconds
[2026-07-05T08:21:14.705+0000] {processor.py:161} INFO - Started process (PID=53801) to work on /opt/airflow/dags/minio_to_snowflake_dag.py
[2026-07-05T08:21:14.706+0000] {processor.py:830} INFO - Processing file /opt/airflow/dags/minio_to_snowflake_dag.py for tasks to queue
[2026-07-05T08:21:14.709+0000] {logging_mixin.py:188} INFO - [2026-07-05T08:21:14.708+0000] {dagbag.py:545} INFO - Filling up the DagBag from /opt/airflow/dags/minio_to_snowflake_dag.py
[2026-07-05T08:21:15.505+0000] {processor.py:840} INFO - DAG(s) 'minio_to_snowflake_ecommerce' retrieved from /opt/airflow/dags/minio_to_snowflake_dag.py
[2026-07-05T08:21:15.551+0000] {logging_mixin.py:188} INFO - [2026-07-05T08:21:15.550+0000] {dag.py:3089} INFO - Sync 1 DAGs
[2026-07-05T08:21:15.583+0000] {logging_mixin.py:188} INFO - [2026-07-05T08:21:15.583+0000] {dag.py:3947} INFO - Setting next_dagrun for minio_to_snowflake_ecommerce to 2026-07-05 08:20:00+00:00, run_after=2026-07-05 08:21:00+00:00
[2026-07-05T08:21:15.610+0000] {processor.py:183} INFO - Processing /opt/airflow/dags/minio_to_snowflake_dag.py took 0.915 seconds
[2026-07-05T08:21:45.985+0000] {processor.py:161} INFO - Started process (PID=53805) to work on /opt/airflow/dags/minio_to_snowflake_dag.py
[2026-07-05T08:21:45.986+0000] {processor.py:830} INFO - Processing file /opt/airflow/dags/minio_to_snowflake_dag.py for tasks to queue
[2026-07-05T08:21:45.989+0000] {logging_mixin.py:188} INFO - [2026-07-05T08:21:45.988+0000] {dagbag.py:545} INFO - Filling up the DagBag from /opt/airflow/dags/minio_to_snowflake_dag.py
[2026-07-05T08:21:46.786+0000] {processor.py:840} INFO - DAG(s) 'minio_to_snowflake_ecommerce' retrieved from /opt/airflow/dags/minio_to_snowflake_dag.py
[2026-07-05T08:21:46.823+0000] {logging_mixin.py:188} INFO - [2026-07-05T08:21:46.822+0000] {dag.py:3089} INFO - Sync 1 DAGs
[2026-07-05T08:21:46.854+0000] {logging_mixin.py:188} INFO - [2026-07-05T08:21:46.854+0000] {dag.py:3947} INFO - Setting next_dagrun for minio_to_snowflake_ecommerce to 2026-07-05 08:20:00+00:00, run_after=2026-07-05 08:21:00+00:00
[2026-07-05T08:21:46.879+0000] {processor.py:183} INFO - Processing /opt/airflow/dags/minio_to_snowflake_dag.py took 0.901 seconds
[2026-07-05T08:22:17.242+0000] {processor.py:161} INFO - Started process (PID=53809) to work on /opt/airflow/dags/minio_to_snowflake_dag.py
[2026-07-05T08:22:17.244+0000] {processor.py:830} INFO - Processing file /opt/airflow/dags/minio_to_snowflake_dag.py for tasks to queue
[2026-07-05T08:22:17.246+0000] {logging_mixin.py:188} INFO - [2026-07-05T08:22:17.245+0000] {dagbag.py:545} INFO - Filling up the DagBag from /opt/airflow/dags/minio_to_snowflake_dag.py
[2026-07-05T08:22:17.940+0000] {processor.py:840} INFO - DAG(s) 'minio_to_snowflake_ecommerce' retrieved from /opt/airflow/dags/minio_to_snowflake_dag.py
[2026-07-05T08:22:17.972+0000] {logging_mixin.py:188} INFO - [2026-07-05T08:22:17.971+0000] {dag.py:3089} INFO - Sync 1 DAGs
[2026-07-05T08:22:17.999+0000] {logging_mixin.py:188} INFO - [2026-07-05T08:22:17.999+0000] {dag.py:3947} INFO - Setting next_dagrun for minio_to_snowflake_ecommerce to 2026-07-05 08:21:00+00:00, run_after=2026-07-05 08:22:00+00:00
[2026-07-05T08:22:18.019+0000] {processor.py:183} INFO - Processing /opt/airflow/dags/minio_to_snowflake_dag.py took 0.783 seconds
[2026-07-05T08:22:48.387+0000] {processor.py:161} INFO - Started process (PID=53813) to work on /opt/airflow/dags/minio_to_snowflake_dag.py
[2026-07-05T08:22:48.388+0000] {processor.py:830} INFO - Processing file /opt/airflow/dags/minio_to_snowflake_dag.py for tasks to queue
[2026-07-05T08:22:48.391+0000] {logging_mixin.py:188} INFO - [2026-07-05T08:22:48.390+0000] {dagbag.py:545} INFO - Filling up the DagBag from /opt/airflow/dags/minio_to_snowflake_dag.py
[2026-07-05T08:22:49.179+0000] {processor.py:840} INFO - DAG(s) 'minio_to_snowflake_ecommerce' retrieved from /opt/airflow/dags/minio_to_snowflake_dag.py
[2026-07-05T08:22:49.211+0000] {logging_mixin.py:188} INFO - [2026-07-05T08:22:49.210+0000] {dag.py:3089} INFO - Sync 1 DAGs
[2026-07-05T08:22:49.236+0000] {logging_mixin.py:188} INFO - [2026-07-05T08:22:49.235+0000] {dag.py:3947} INFO - Setting next_dagrun for minio_to_snowflake_ecommerce to 2026-07-05 08:21:00+00:00, run_after=2026-07-05 08:22:00+00:00
[2026-07-05T08:22:49.257+0000] {processor.py:183} INFO - Processing /opt/airflow/dags/minio_to_snowflake_dag.py took 0.878 seconds
[2026-07-05T08:23:19.417+0000] {processor.py:161} INFO - Started process (PID=53817) to work on /opt/airflow/dags/minio_to_snowflake_dag.py
[2026-07-05T08:23:19.418+0000] {processor.py:830} INFO - Processing file /opt/airflow/dags/minio_to_snowflake_dag.py for tasks to queue
[2026-07-05T08:23:19.421+0000] {logging_mixin.py:188} INFO - [2026-07-05T08:23:19.420+0000] {dagbag.py:545} INFO - Filling up the DagBag from /opt/airflow/dags/minio_to_snowflake_dag.py
[2026-07-05T08:23:20.119+0000] {processor.py:840} INFO - DAG(s) 'minio_to_snowflake_ecommerce' retrieved from /opt/airflow/dags/minio_to_snowflake_dag.py
[2026-07-05T08:23:20.158+0000] {logging_mixin.py:188} INFO - [2026-07-05T08:23:20.158+0000] {dag.py:3089} INFO - Sync 1 DAGs
[2026-07-05T08:23:20.187+0000] {logging_mixin.py:188} INFO - [2026-07-05T08:23:20.187+0000] {dag.py:3947} INFO - Setting next_dagrun for minio_to_snowflake_ecommerce to 2026-07-05 08:22:00+00:00, run_after=2026-07-05 08:23:00+00:00
[2026-07-05T08:23:20.213+0000] {processor.py:183} INFO - Processing /opt/airflow/dags/minio_to_snowflake_dag.py took 0.803 seconds
[2026-07-05T08:23:50.632+0000] {processor.py:161} INFO - Started process (PID=53821) to work on /opt/airflow/dags/minio_to_snowflake_dag.py
[2026-07-05T08:23:50.634+0000] {processor.py:830} INFO - Processing file /opt/airflow/dags/minio_to_snowflake_dag.py for tasks to queue
[2026-07-05T08:23:50.637+0000] {logging_mixin.py:188} INFO - [2026-07-05T08:23:50.637+0000] {dagbag.py:545} INFO - Filling up the DagBag from /opt/airflow/dags/minio_to_snowflake_dag.py
[2026-07-05T08:23:51.375+0000] {processor.py:840} INFO - DAG(s) 'minio_to_snowflake_ecommerce' retrieved from /opt/airflow/dags/minio_to_snowflake_dag.py
[2026-07-05T08:23:51.406+0000] {logging_mixin.py:188} INFO - [2026-07-05T08:23:51.405+0000] {dag.py:3089} INFO - Sync 1 DAGs
[2026-07-05T08:23:51.433+0000] {logging_mixin.py:188} INFO - [2026-07-05T08:23:51.433+0000] {dag.py:3947} INFO - Setting next_dagrun for minio_to_snowflake_ecommerce to 2026-07-05 08:22:00+00:00, run_after=2026-07-05 08:23:00+00:00
[2026-07-05T08:23:51.457+0000] {processor.py:183} INFO - Processing /opt/airflow/dags/minio_to_snowflake_dag.py took 0.837 seconds
[2026-07-05T08:24:21.820+0000] {processor.py:161} INFO - Started process (PID=53825) to work on /opt/airflow/dags/minio_to_snowflake_dag.py
[2026-07-05T08:24:21.822+0000] {processor.py:830} INFO - Processing file /opt/airflow/dags/minio_to_snowflake_dag.py for tasks to queue
[2026-07-05T08:24:21.824+0000] {logging_mixin.py:188} INFO - [2026-07-05T08:24:21.824+0000] {dagbag.py:545} INFO - Filling up the DagBag from /opt/airflow/dags/minio_to_snowflake_dag.py
[2026-07-05T08:24:22.526+0000] {processor.py:840} INFO - DAG(s) 'minio_to_snowflake_ecommerce' retrieved from /opt/airflow/dags/minio_to_snowflake_dag.py
[2026-07-05T08:24:22.556+0000] {logging_mixin.py:188} INFO - [2026-07-05T08:24:22.556+0000] {dag.py:3089} INFO - Sync 1 DAGs
[2026-07-05T08:24:22.585+0000] {logging_mixin.py:188} INFO - [2026-07-05T08:24:22.584+0000] {dag.py:3947} INFO - Setting next_dagrun for minio_to_snowflake_ecommerce to 2026-07-05 08:23:00+00:00, run_after=2026-07-05 08:24:00+00:00
[2026-07-05T08:24:22.610+0000] {processor.py:183} INFO - Processing /opt/airflow/dags/minio_to_snowflake_dag.py took 0.798 seconds
[2026-07-05T08:24:52.957+0000] {processor.py:161} INFO - Started process (PID=53829) to work on /opt/airflow/dags/minio_to_snowflake_dag.py
[2026-07-05T08:24:52.958+0000] {processor.py:830} INFO - Processing file /opt/airflow/dags/minio_to_snowflake_dag.py for tasks to queue
[2026-07-05T08:24:52.961+0000] {logging_mixin.py:188} INFO - [2026-07-05T08:24:52.961+0000] {dagbag.py:545} INFO - Filling up the DagBag from /opt/airflow/dags/minio_to_snowflake_dag.py
[2026-07-05T08:24:53.676+0000] {processor.py:840} INFO - DAG(s) 'minio_to_snowflake_ecommerce' retrieved from /opt/airflow/dags/minio_to_snowflake_dag.py
[2026-07-05T08:24:53.709+0000] {logging_mixin.py:188} INFO - [2026-07-05T08:24:53.708+0000] {dag.py:3089} INFO - Sync 1 DAGs
[2026-07-05T08:24:53.736+0000] {logging_mixin.py:188} INFO - [2026-07-05T08:24:53.735+0000] {dag.py:3947} INFO - Setting next_dagrun for minio_to_snowflake_ecommerce to 2026-07-05 08:23:00+00:00, run_after=2026-07-05 08:24:00+00:00
[2026-07-05T08:24:53.758+0000] {processor.py:183} INFO - Processing /opt/airflow/dags/minio_to_snowflake_dag.py took 0.809 seconds
[2026-07-05T08:25:23.961+0000] {processor.py:161} INFO - Started process (PID=53833) to work on /opt/airflow/dags/minio_to_snowflake_dag.py
[2026-07-05T08:25:23.963+0000] {processor.py:830} INFO - Processing file /opt/airflow/dags/minio_to_snowflake_dag.py for tasks to queue
[2026-07-05T08:25:23.965+0000] {logging_mixin.py:188} INFO - [2026-07-05T08:25:23.965+0000] {dagbag.py:545} INFO - Filling up the DagBag from /opt/airflow/dags/minio_to_snowflake_dag.py
[2026-07-05T08:25:24.519+0000] {processor.py:840} INFO - DAG(s) 'minio_to_snowflake_ecommerce' retrieved from /opt/airflow/dags/minio_to_snowflake_dag.py
[2026-07-05T08:25:24.721+0000] {logging_mixin.py:188} INFO - [2026-07-05T08:25:24.721+0000] {dag.py:3089} INFO - Sync 1 DAGs
[2026-07-05T08:25:24.750+0000] {logging_mixin.py:188} INFO - [2026-07-05T08:25:24.750+0000] {dag.py:3947} INFO - Setting next_dagrun for minio_to_snowflake_ecommerce to 2026-07-05 08:24:00+00:00, run_after=2026-07-05 08:25:00+00:00
[2026-07-05T08:25:24.773+0000] {processor.py:183} INFO - Processing /opt/airflow/dags/minio_to_snowflake_dag.py took 0.820 seconds
[2026-07-05T08:25:55.088+0000] {processor.py:161} INFO - Started process (PID=53837) to work on /opt/airflow/dags/minio_to_snowflake_dag.py
[2026-07-05T08:25:55.090+0000] {processor.py:830} INFO - Processing file /opt/airflow/dags/minio_to_snowflake_dag.py for tasks to queue
[2026-07-05T08:25:55.092+0000] {logging_mixin.py:188} INFO - [2026-07-05T08:25:55.091+0000] {dagbag.py:545} INFO - Filling up the DagBag from /opt/airflow/dags/minio_to_snowflake_dag.py
[2026-07-05T08:25:55.804+0000] {processor.py:840} INFO - DAG(s) 'minio_to_snowflake_ecommerce' retrieved from /opt/airflow/dags/minio_to_snowflake_dag.py
[2026-07-05T08:25:55.836+0000] {logging_mixin.py:188} INFO - [2026-07-05T08:25:55.836+0000] {dag.py:3089} INFO - Sync 1 DAGs
[2026-07-05T08:25:55.862+0000] {logging_mixin.py:188} INFO - [2026-07-05T08:25:55.862+0000] {dag.py:3947} INFO - Setting next_dagrun for minio_to_snowflake_ecommerce to 2026-07-05 08:24:00+00:00, run_after=2026-07-05 08:25:00+00:00
[2026-07-05T08:25:55.885+0000] {processor.py:183} INFO - Processing /opt/airflow/dags/minio_to_snowflake_dag.py took 0.803 seconds
[2026-07-05T08:26:26.227+0000] {processor.py:161} INFO - Started process (PID=53841) to work on /opt/airflow/dags/minio_to_snowflake_dag.py
[2026-07-05T08:26:26.228+0000] {processor.py:830} INFO - Processing file /opt/airflow/dags/minio_to_snowflake_dag.py for tasks to queue
[2026-07-05T08:26:26.232+0000] {logging_mixin.py:188} INFO - [2026-07-05T08:26:26.231+0000] {dagbag.py:545} INFO - Filling up the DagBag from /opt/airflow/dags/minio_to_snowflake_dag.py
[2026-07-05T08:26:27.121+0000] {processor.py:840} INFO - DAG(s) 'minio_to_snowflake_ecommerce' retrieved from /opt/airflow/dags/minio_to_snowflake_dag.py
[2026-07-05T08:26:27.151+0000] {logging_mixin.py:188} INFO - [2026-07-05T08:26:27.150+0000] {dag.py:3089} INFO - Sync 1 DAGs
[2026-07-05T08:26:27.178+0000] {logging_mixin.py:188} INFO - [2026-07-05T08:26:27.178+0000] {dag.py:3947} INFO - Setting next_dagrun for minio_to_snowflake_ecommerce to 2026-07-05 08:25:00+00:00, run_after=2026-07-05 08:26:00+00:00
[2026-07-05T08:26:27.205+0000] {processor.py:183} INFO - Processing /opt/airflow/dags/minio_to_snowflake_dag.py took 0.987 seconds
[2026-07-05T08:26:57.518+0000] {processor.py:161} INFO - Started process (PID=53845) to work on /opt/airflow/dags/minio_to_snowflake_dag.py
[2026-07-05T08:26:57.519+0000] {processor.py:830} INFO - Processing file /opt/airflow/dags/minio_to_snowflake_dag.py for tasks to queue
[2026-07-05T08:26:57.522+0000] {logging_mixin.py:188} INFO - [2026-07-05T08:26:57.522+0000] {dagbag.py:545} INFO - Filling up the DagBag from /opt/airflow/dags/minio_to_snowflake_dag.py
[2026-07-05T08:26:58.255+0000] {processor.py:840} INFO - DAG(s) 'minio_to_snowflake_ecommerce' retrieved from /opt/airflow/dags/minio_to_snowflake_dag.py
[2026-07-05T08:26:58.289+0000] {logging_mixin.py:188} INFO - [2026-07-05T08:26:58.289+0000] {dag.py:3089} INFO - Sync 1 DAGs
[2026-07-05T08:26:58.329+0000] {logging_mixin.py:188} INFO - [2026-07-05T08:26:58.328+0000] {dag.py:3947} INFO - Setting next_dagrun for minio_to_snowflake_ecommerce to 2026-07-05 08:25:00+00:00, run_after=2026-07-05 08:26:00+00:00
[2026-07-05T08:26:58.364+0000] {processor.py:183} INFO - Processing /opt/airflow/dags/minio_to_snowflake_dag.py took 0.854 seconds
[2026-07-05T08:27:28.756+0000] {processor.py:161} INFO - Started process (PID=53849) to work on /opt/airflow/dags/minio_to_snowflake_dag.py
[2026-07-05T08:27:28.757+0000] {processor.py:830} INFO - Processing file /opt/airflow/dags/minio_to_snowflake_dag.py for tasks to queue
[2026-07-05T08:27:28.759+0000] {logging_mixin.py:188} INFO - [2026-07-05T08:27:28.759+0000] {dagbag.py:545} INFO - Filling up the DagBag from /opt/airflow/dags/minio_to_snowflake_dag.py
[2026-07-05T08:27:29.322+0000] {processor.py:840} INFO - DAG(s) 'minio_to_snowflake_ecommerce' retrieved from /opt/airflow/dags/minio_to_snowflake_dag.py
[2026-07-05T08:27:29.524+0000] {logging_mixin.py:188} INFO - [2026-07-05T08:27:29.524+0000] {dag.py:3089} INFO - Sync 1 DAGs
[2026-07-05T08:27:29.558+0000] {logging_mixin.py:188} INFO - [2026-07-05T08:27:29.557+0000] {dag.py:3947} INFO - Setting next_dagrun for minio_to_snowflake_ecommerce to 2026-07-05 08:26:00+00:00, run_after=2026-07-05 08:27:00+00:00
[2026-07-05T08:27:29.582+0000] {processor.py:183} INFO - Processing /opt/airflow/dags/minio_to_snowflake_dag.py took 0.833 seconds
[2026-07-05T08:28:00.014+0000] {processor.py:161} INFO - Started process (PID=53853) to work on /opt/airflow/dags/minio_to_snowflake_dag.py
[2026-07-05T08:28:00.016+0000] {processor.py:830} INFO - Processing file /opt/airflow/dags/minio_to_snowflake_dag.py for tasks to queue
[2026-07-05T08:28:00.019+0000] {logging_mixin.py:188} INFO - [2026-07-05T08:28:00.018+0000] {dagbag.py:545} INFO - Filling up the DagBag from /opt/airflow/dags/minio_to_snowflake_dag.py
[2026-07-05T08:28:00.725+0000] {processor.py:840} INFO - DAG(s) 'minio_to_snowflake_ecommerce' retrieved from /opt/airflow/dags/minio_to_snowflake_dag.py
[2026-07-05T08:28:00.755+0000] {logging_mixin.py:188} INFO - [2026-07-05T08:28:00.755+0000] {dag.py:3089} INFO - Sync 1 DAGs
[2026-07-05T08:28:00.785+0000] {logging_mixin.py:188} INFO - [2026-07-05T08:28:00.784+0000] {dag.py:3947} INFO - Setting next_dagrun for minio_to_snowflake_ecommerce to 2026-07-05 08:27:00+00:00, run_after=2026-07-05 08:28:00+00:00
[2026-07-05T08:28:00.812+0000] {processor.py:183} INFO - Processing /opt/airflow/dags/minio_to_snowflake_dag.py took 0.808 seconds
[2026-07-05T08:28:31.165+0000] {processor.py:161} INFO - Started process (PID=53857) to work on /opt/airflow/dags/minio_to_snowflake_dag.py
[2026-07-05T08:28:31.166+0000] {processor.py:830} INFO - Processing file /opt/airflow/dags/minio_to_snowflake_dag.py for tasks to queue
[2026-07-05T08:28:31.169+0000] {logging_mixin.py:188} INFO - [2026-07-05T08:28:31.168+0000] {dagbag.py:545} INFO - Filling up the DagBag from /opt/airflow/dags/minio_to_snowflake_dag.py
[2026-07-05T08:28:31.881+0000] {processor.py:840} INFO - DAG(s) 'minio_to_snowflake_ecommerce' retrieved from /opt/airflow/dags/minio_to_snowflake_dag.py
[2026-07-05T08:28:31.910+0000] {logging_mixin.py:188} INFO - [2026-07-05T08:28:31.910+0000] {dag.py:3089} INFO - Sync 1 DAGs
[2026-07-05T08:28:31.934+0000] {logging_mixin.py:188} INFO - [2026-07-05T08:28:31.934+0000] {dag.py:3947} INFO - Setting next_dagrun for minio_to_snowflake_ecommerce to 2026-07-05 08:27:00+00:00, run_after=2026-07-05 08:28:00+00:00
[2026-07-05T08:28:31.956+0000] {processor.py:183} INFO - Processing /opt/airflow/dags/minio_to_snowflake_dag.py took 0.798 seconds
[2026-07-05T08:29:02.272+0000] {processor.py:161} INFO - Started process (PID=53861) to work on /opt/airflow/dags/minio_to_snowflake_dag.py
[2026-07-05T08:29:02.274+0000] {processor.py:830} INFO - Processing file /opt/airflow/dags/minio_to_snowflake_dag.py for tasks to queue
[2026-07-05T08:29:02.276+0000] {logging_mixin.py:188} INFO - [2026-07-05T08:29:02.275+0000] {dagbag.py:545} INFO - Filling up the DagBag from /opt/airflow/dags/minio_to_snowflake_dag.py
[2026-07-05T08:29:02.995+0000] {processor.py:840} INFO - DAG(s) 'minio_to_snowflake_ecommerce' retrieved from /opt/airflow/dags/minio_to_snowflake_dag.py
[2026-07-05T08:29:03.029+0000] {logging_mixin.py:188} INFO - [2026-07-05T08:29:03.028+0000] {dag.py:3089} INFO - Sync 1 DAGs
[2026-07-05T08:29:03.057+0000] {logging_mixin.py:188} INFO - [2026-07-05T08:29:03.057+0000] {dag.py:3947} INFO - Setting next_dagrun for minio_to_snowflake_ecommerce to 2026-07-05 08:28:00+00:00, run_after=2026-07-05 08:29:00+00:00
[2026-07-05T08:29:03.080+0000] {processor.py:183} INFO - Processing /opt/airflow/dags/minio_to_snowflake_dag.py took 0.815 seconds
[2026-07-05T08:29:33.500+0000] {processor.py:161} INFO - Started process (PID=53865) to work on /opt/airflow/dags/minio_to_snowflake_dag.py
[2026-07-05T08:29:33.502+0000] {processor.py:830} INFO - Processing file /opt/airflow/dags/minio_to_snowflake_dag.py for tasks to queue
[2026-07-05T08:29:33.505+0000] {logging_mixin.py:188} INFO - [2026-07-05T08:29:33.505+0000] {dagbag.py:545} INFO - Filling up the DagBag from /opt/airflow/dags/minio_to_snowflake_dag.py
[2026-07-05T08:29:34.109+0000] {processor.py:840} INFO - DAG(s) 'minio_to_snowflake_ecommerce' retrieved from /opt/airflow/dags/minio_to_snowflake_dag.py
[2026-07-05T08:29:34.292+0000] {logging_mixin.py:188} INFO - [2026-07-05T08:29:34.291+0000] {dag.py:3089} INFO - Sync 1 DAGs
[2026-07-05T08:29:34.323+0000] {logging_mixin.py:188} INFO - [2026-07-05T08:29:34.323+0000] {dag.py:3947} INFO - Setting next_dagrun for minio_to_snowflake_ecommerce to 2026-07-05 08:28:00+00:00, run_after=2026-07-05 08:29:00+00:00
[2026-07-05T08:29:34.348+0000] {processor.py:183} INFO - Processing /opt/airflow/dags/minio_to_snowflake_dag.py took 0.858 seconds
[2026-07-05T08:30:04.706+0000] {processor.py:161} INFO - Started process (PID=53869) to work on /opt/airflow/dags/minio_to_snowflake_dag.py
[2026-07-05T08:30:04.709+0000] {processor.py:830} INFO - Processing file /opt/airflow/dags/minio_to_snowflake_dag.py for tasks to queue
[2026-07-05T08:30:04.711+0000] {logging_mixin.py:188} INFO - [2026-07-05T08:30:04.711+0000] {dagbag.py:545} INFO - Filling up the DagBag from /opt/airflow/dags/minio_to_snowflake_dag.py
[2026-07-05T08:30:05.486+0000] {processor.py:840} INFO - DAG(s) 'minio_to_snowflake_ecommerce' retrieved from /opt/airflow/dags/minio_to_snowflake_dag.py
[2026-07-05T08:30:05.523+0000] {logging_mixin.py:188} INFO - [2026-07-05T08:30:05.522+0000] {dag.py:3089} INFO - Sync 1 DAGs
[2026-07-05T08:30:05.553+0000] {logging_mixin.py:188} INFO - [2026-07-05T08:30:05.553+0000] {dag.py:3947} INFO - Setting next_dagrun for minio_to_snowflake_ecommerce to 2026-07-05 08:29:00+00:00, run_after=2026-07-05 08:30:00+00:00
[2026-07-05T08:30:05.577+0000] {processor.py:183} INFO - Processing /opt/airflow/dags/minio_to_snowflake_dag.py took 0.879 seconds
[2026-07-05T08:30:35.959+0000] {processor.py:161} INFO - Started process (PID=53873) to work on /opt/airflow/dags/minio_to_snowflake_dag.py
[2026-07-05T08:30:35.961+0000] {processor.py:830} INFO - Processing file /opt/airflow/dags/minio_to_snowflake_dag.py for tasks to queue
[2026-07-05T08:30:35.963+0000] {logging_mixin.py:188} INFO - [2026-07-05T08:30:35.963+0000] {dagbag.py:545} INFO - Filling up the DagBag from /opt/airflow/dags/minio_to_snowflake_dag.py
[2026-07-05T08:30:36.866+0000] {processor.py:840} INFO - DAG(s) 'minio_to_snowflake_ecommerce' retrieved from /opt/airflow/dags/minio_to_snowflake_dag.py
[2026-07-05T08:30:36.903+0000] {logging_mixin.py:188} INFO - [2026-07-05T08:30:36.903+0000] {dag.py:3089} INFO - Sync 1 DAGs
[2026-07-05T08:30:36.933+0000] {logging_mixin.py:188} INFO - [2026-07-05T08:30:36.933+0000] {dag.py:3947} INFO - Setting next_dagrun for minio_to_snowflake_ecommerce to 2026-07-05 08:29:00+00:00, run_after=2026-07-05 08:30:00+00:00
[2026-07-05T08:30:36.957+0000] {processor.py:183} INFO - Processing /opt/airflow/dags/minio_to_snowflake_dag.py took 1.006 seconds
[2026-07-05T08:31:07.267+0000] {processor.py:161} INFO - Started process (PID=53877) to work on /opt/airflow/dags/minio_to_snowflake_dag.py
[2026-07-05T08:31:07.268+0000] {processor.py:830} INFO - Processing file /opt/airflow/dags/minio_to_snowflake_dag.py for tasks to queue
[2026-07-05T08:31:07.270+0000] {logging_mixin.py:188} INFO - [2026-07-05T08:31:07.270+0000] {dagbag.py:545} INFO - Filling up the DagBag from /opt/airflow/dags/minio_to_snowflake_dag.py
[2026-07-05T08:31:08.065+0000] {processor.py:840} INFO - DAG(s) 'minio_to_snowflake_ecommerce' retrieved from /opt/airflow/dags/minio_to_snowflake_dag.py
[2026-07-05T08:31:08.111+0000] {logging_mixin.py:188} INFO - [2026-07-05T08:31:08.109+0000] {dag.py:3089} INFO - Sync 1 DAGs
[2026-07-05T08:31:08.160+0000] {logging_mixin.py:188} INFO - [2026-07-05T08:31:08.159+0000] {dag.py:3947} INFO - Setting next_dagrun for minio_to_snowflake_ecommerce to 2026-07-05 08:30:00+00:00, run_after=2026-07-05 08:31:00+00:00
[2026-07-05T08:31:08.182+0000] {processor.py:183} INFO - Processing /opt/airflow/dags/minio_to_snowflake_dag.py took 0.923 seconds
[2026-07-05T08:31:38.596+0000] {processor.py:161} INFO - Started process (PID=53881) to work on /opt/airflow/dags/minio_to_snowflake_dag.py
[2026-07-05T08:31:38.599+0000] {processor.py:830} INFO - Processing file /opt/airflow/dags/minio_to_snowflake_dag.py for tasks to queue
[2026-07-05T08:31:38.605+0000] {logging_mixin.py:188} INFO - [2026-07-05T08:31:38.604+0000] {dagbag.py:545} INFO - Filling up the DagBag from /opt/airflow/dags/minio_to_snowflake_dag.py
[2026-07-05T08:31:39.576+0000] {processor.py:840} INFO - DAG(s) 'minio_to_snowflake_ecommerce' retrieved from /opt/airflow/dags/minio_to_snowflake_dag.py
[2026-07-05T08:31:39.629+0000] {logging_mixin.py:188} INFO - [2026-07-05T08:31:39.628+0000] {dag.py:3089} INFO - Sync 1 DAGs
[2026-07-05T08:31:39.676+0000] {logging_mixin.py:188} INFO - [2026-07-05T08:31:39.676+0000] {dag.py:3947} INFO - Setting next_dagrun for minio_to_snowflake_ecommerce to 2026-07-05 08:30:00+00:00, run_after=2026-07-05 08:31:00+00:00
[2026-07-05T08:31:39.712+0000] {processor.py:183} INFO - Processing /opt/airflow/dags/minio_to_snowflake_dag.py took 1.132 seconds
[2026-07-05T08:32:09.909+0000] {processor.py:161} INFO - Started process (PID=53885) to work on /opt/airflow/dags/minio_to_snowflake_dag.py
[2026-07-05T08:32:09.910+0000] {processor.py:830} INFO - Processing file /opt/airflow/dags/minio_to_snowflake_dag.py for tasks to queue
[2026-07-05T08:32:09.913+0000] {logging_mixin.py:188} INFO - [2026-07-05T08:32:09.912+0000] {dagbag.py:545} INFO - Filling up the DagBag from /opt/airflow/dags/minio_to_snowflake_dag.py
[2026-07-05T08:32:10.711+0000] {processor.py:840} INFO - DAG(s) 'minio_to_snowflake_ecommerce' retrieved from /opt/airflow/dags/minio_to_snowflake_dag.py
[2026-07-05T08:32:10.753+0000] {logging_mixin.py:188} INFO - [2026-07-05T08:32:10.752+0000] {dag.py:3089} INFO - Sync 1 DAGs
[2026-07-05T08:32:10.783+0000] {logging_mixin.py:188} INFO - [2026-07-05T08:32:10.782+0000] {dag.py:3947} INFO - Setting next_dagrun for minio_to_snowflake_ecommerce to 2026-07-05 08:31:00+00:00, run_after=2026-07-05 08:32:00+00:00
[2026-07-05T08:32:10.807+0000] {processor.py:183} INFO - Processing /opt/airflow/dags/minio_to_snowflake_dag.py took 0.908 seconds
[2026-07-05T08:32:41.164+0000] {processor.py:161} INFO - Started process (PID=53889) to work on /opt/airflow/dags/minio_to_snowflake_dag.py
[2026-07-05T08:32:41.166+0000] {processor.py:830} INFO - Processing file /opt/airflow/dags/minio_to_snowflake_dag.py for tasks to queue
[2026-07-05T08:32:41.168+0000] {logging_mixin.py:188} INFO - [2026-07-05T08:32:41.168+0000] {dagbag.py:545} INFO - Filling up the DagBag from /opt/airflow/dags/minio_to_snowflake_dag.py
[2026-07-05T08:32:42.006+0000] {processor.py:840} INFO - DAG(s) 'minio_to_snowflake_ecommerce' retrieved from /opt/airflow/dags/minio_to_snowflake_dag.py
[2026-07-05T08:32:42.037+0000] {logging_mixin.py:188} INFO - [2026-07-05T08:32:42.036+0000] {dag.py:3089} INFO - Sync 1 DAGs
[2026-07-05T08:32:42.064+0000] {logging_mixin.py:188} INFO - [2026-07-05T08:32:42.064+0000] {dag.py:3947} INFO - Setting next_dagrun for minio_to_snowflake_ecommerce to 2026-07-05 08:31:00+00:00, run_after=2026-07-05 08:32:00+00:00
[2026-07-05T08:32:42.088+0000] {processor.py:183} INFO - Processing /opt/airflow/dags/minio_to_snowflake_dag.py took 0.932 seconds
[2026-07-05T08:33:12.434+0000] {processor.py:161} INFO - Started process (PID=53893) to work on /opt/airflow/dags/minio_to_snowflake_dag.py
[2026-07-05T08:33:12.435+0000] {processor.py:830} INFO - Processing file /opt/airflow/dags/minio_to_snowflake_dag.py for tasks to queue
[2026-07-05T08:33:12.437+0000] {logging_mixin.py:188} INFO - [2026-07-05T08:33:12.437+0000] {dagbag.py:545} INFO - Filling up the DagBag from /opt/airflow/dags/minio_to_snowflake_dag.py
[2026-07-05T08:33:13.224+0000] {processor.py:840} INFO - DAG(s) 'minio_to_snowflake_ecommerce' retrieved from /opt/airflow/dags/minio_to_snowflake_dag.py
[2026-07-05T08:33:13.253+0000] {logging_mixin.py:188} INFO - [2026-07-05T08:33:13.252+0000] {dag.py:3089} INFO - Sync 1 DAGs
[2026-07-05T08:33:13.282+0000] {logging_mixin.py:188} INFO - [2026-07-05T08:33:13.282+0000] {dag.py:3947} INFO - Setting next_dagrun for minio_to_snowflake_ecommerce to 2026-07-05 08:32:00+00:00, run_after=2026-07-05 08:33:00+00:00
[2026-07-05T08:33:13.301+0000] {processor.py:183} INFO - Processing /opt/airflow/dags/minio_to_snowflake_dag.py took 0.875 seconds
[2026-07-05T08:33:43.577+0000] {processor.py:161} INFO - Started process (PID=53897) to work on /opt/airflow/dags/minio_to_snowflake_dag.py
[2026-07-05T08:33:43.578+0000] {processor.py:830} INFO - Processing file /opt/airflow/dags/minio_to_snowflake_dag.py for tasks to queue
[2026-07-05T08:33:43.580+0000] {logging_mixin.py:188} INFO - [2026-07-05T08:33:43.580+0000] {dagbag.py:545} INFO - Filling up the DagBag from /opt/airflow/dags/minio_to_snowflake_dag.py
[2026-07-05T08:33:44.414+0000] {processor.py:840} INFO - DAG(s) 'minio_to_snowflake_ecommerce' retrieved from /opt/airflow/dags/minio_to_snowflake_dag.py
[2026-07-05T08:33:44.460+0000] {logging_mixin.py:188} INFO - [2026-07-05T08:33:44.459+0000] {dag.py:3089} INFO - Sync 1 DAGs
[2026-07-05T08:33:44.521+0000] {logging_mixin.py:188} INFO - [2026-07-05T08:33:44.521+0000] {dag.py:3947} INFO - Setting next_dagrun for minio_to_snowflake_ecommerce to 2026-07-05 08:32:00+00:00, run_after=2026-07-05 08:33:00+00:00
[2026-07-05T08:33:44.556+0000] {processor.py:183} INFO - Processing /opt/airflow/dags/minio_to_snowflake_dag.py took 0.986 seconds
[2026-07-05T08:34:14.882+0000] {processor.py:161} INFO - Started process (PID=53901) to work on /opt/airflow/dags/minio_to_snowflake_dag.py
[2026-07-05T08:34:14.883+0000] {processor.py:830} INFO - Processing file /opt/airflow/dags/minio_to_snowflake_dag.py for tasks to queue
[2026-07-05T08:34:14.887+0000] {logging_mixin.py:188} INFO - [2026-07-05T08:34:14.886+0000] {dagbag.py:545} INFO - Filling up the DagBag from /opt/airflow/dags/minio_to_snowflake_dag.py
[2026-07-05T08:34:15.790+0000] {processor.py:840} INFO - DAG(s) 'minio_to_snowflake_ecommerce' retrieved from /opt/airflow/dags/minio_to_snowflake_dag.py
[2026-07-05T08:34:15.826+0000] {logging_mixin.py:188} INFO - [2026-07-05T08:34:15.826+0000] {dag.py:3089} INFO - Sync 1 DAGs
[2026-07-05T08:34:15.858+0000] {logging_mixin.py:188} INFO - [2026-07-05T08:34:15.857+0000] {dag.py:3947} INFO - Setting next_dagrun for minio_to_snowflake_ecommerce to 2026-07-05 08:33:00+00:00, run_after=2026-07-05 08:34:00+00:00
[2026-07-05T08:34:15.878+0000] {processor.py:183} INFO - Processing /opt/airflow/dags/minio_to_snowflake_dag.py took 1.002 seconds
[2026-07-05T08:34:46.264+0000] {processor.py:161} INFO - Started process (PID=53905) to work on /opt/airflow/dags/minio_to_snowflake_dag.py
[2026-07-05T08:34:46.265+0000] {processor.py:830} INFO - Processing file /opt/airflow/dags/minio_to_snowflake_dag.py for tasks to queue
[2026-07-05T08:34:46.268+0000] {logging_mixin.py:188} INFO - [2026-07-05T08:34:46.267+0000] {dagbag.py:545} INFO - Filling up the DagBag from /opt/airflow/dags/minio_to_snowflake_dag.py
[2026-07-05T08:34:46.995+0000] {processor.py:840} INFO - DAG(s) 'minio_to_snowflake_ecommerce' retrieved from /opt/airflow/dags/minio_to_snowflake_dag.py
[2026-07-05T08:34:47.028+0000] {logging_mixin.py:188} INFO - [2026-07-05T08:34:47.028+0000] {dag.py:3089} INFO - Sync 1 DAGs
[2026-07-05T08:34:47.054+0000] {logging_mixin.py:188} INFO - [2026-07-05T08:34:47.054+0000] {dag.py:3947} INFO - Setting next_dagrun for minio_to_snowflake_ecommerce to 2026-07-05 08:33:00+00:00, run_after=2026-07-05 08:34:00+00:00
[2026-07-05T08:34:47.077+0000] {processor.py:183} INFO - Processing /opt/airflow/dags/minio_to_snowflake_dag.py took 0.821 seconds
[2026-07-05T08:35:17.471+0000] {processor.py:161} INFO - Started process (PID=53909) to work on /opt/airflow/dags/minio_to_snowflake_dag.py
[2026-07-05T08:35:17.472+0000] {processor.py:830} INFO - Processing file /opt/airflow/dags/minio_to_snowflake_dag.py for tasks to queue
[2026-07-05T08:35:17.475+0000] {logging_mixin.py:188} INFO - [2026-07-05T08:35:17.475+0000] {dagbag.py:545} INFO - Filling up the DagBag from /opt/airflow/dags/minio_to_snowflake_dag.py
[2026-07-05T08:35:18.223+0000] {processor.py:840} INFO - DAG(s) 'minio_to_snowflake_ecommerce' retrieved from /opt/airflow/dags/minio_to_snowflake_dag.py
[2026-07-05T08:35:18.255+0000] {logging_mixin.py:188} INFO - [2026-07-05T08:35:18.255+0000] {dag.py:3089} INFO - Sync 1 DAGs
[2026-07-05T08:35:18.287+0000] {logging_mixin.py:188} INFO - [2026-07-05T08:35:18.287+0000] {dag.py:3947} INFO - Setting next_dagrun for minio_to_snowflake_ecommerce to 2026-07-05 08:34:00+00:00, run_after=2026-07-05 08:35:00+00:00
[2026-07-05T08:35:18.311+0000] {processor.py:183} INFO - Processing /opt/airflow/dags/minio_to_snowflake_dag.py took 0.849 seconds
[2026-07-05T08:35:48.698+0000] {processor.py:161} INFO - Started process (PID=53913) to work on /opt/airflow/dags/minio_to_snowflake_dag.py
[2026-07-05T08:35:48.699+0000] {processor.py:830} INFO - Processing file /opt/airflow/dags/minio_to_snowflake_dag.py for tasks to queue
[2026-07-05T08:35:48.702+0000] {logging_mixin.py:188} INFO - [2026-07-05T08:35:48.701+0000] {dagbag.py:545} INFO - Filling up the DagBag from /opt/airflow/dags/minio_to_snowflake_dag.py
[2026-07-05T08:35:49.544+0000] {processor.py:840} INFO - DAG(s) 'minio_to_snowflake_ecommerce' retrieved from /opt/airflow/dags/minio_to_snowflake_dag.py
[2026-07-05T08:35:49.581+0000] {logging_mixin.py:188} INFO - [2026-07-05T08:35:49.580+0000] {dag.py:3089} INFO - Sync 1 DAGs
[2026-07-05T08:35:49.611+0000] {logging_mixin.py:188} INFO - [2026-07-05T08:35:49.611+0000] {dag.py:3947} INFO - Setting next_dagrun for minio_to_snowflake_ecommerce to 2026-07-05 08:34:00+00:00, run_after=2026-07-05 08:35:00+00:00
[2026-07-05T08:35:49.639+0000] {processor.py:183} INFO - Processing /opt/airflow/dags/minio_to_snowflake_dag.py took 0.950 seconds
[2026-07-05T08:36:20.011+0000] {processor.py:161} INFO - Started process (PID=53917) to work on /opt/airflow/dags/minio_to_snowflake_dag.py
[2026-07-05T08:36:20.016+0000] {processor.py:830} INFO - Processing file /opt/airflow/dags/minio_to_snowflake_dag.py for tasks to queue
[2026-07-05T08:36:20.019+0000] {logging_mixin.py:188} INFO - [2026-07-05T08:36:20.019+0000] {dagbag.py:545} INFO - Filling up the DagBag from /opt/airflow/dags/minio_to_snowflake_dag.py
[2026-07-05T08:36:20.835+0000] {processor.py:840} INFO - DAG(s) 'minio_to_snowflake_ecommerce' retrieved from /opt/airflow/dags/minio_to_snowflake_dag.py
[2026-07-05T08:36:20.864+0000] {logging_mixin.py:188} INFO - [2026-07-05T08:36:20.863+0000] {dag.py:3089} INFO - Sync 1 DAGs
[2026-07-05T08:36:20.889+0000] {logging_mixin.py:188} INFO - [2026-07-05T08:36:20.889+0000] {dag.py:3947} INFO - Setting next_dagrun for minio_to_snowflake_ecommerce to 2026-07-05 08:35:00+00:00, run_after=2026-07-05 08:36:00+00:00
[2026-07-05T08:36:20.908+0000] {processor.py:183} INFO - Processing /opt/airflow/dags/minio_to_snowflake_dag.py took 0.913 seconds
[2026-07-05T08:36:51.130+0000] {processor.py:161} INFO - Started process (PID=53921) to work on /opt/airflow/dags/minio_to_snowflake_dag.py
[2026-07-05T08:36:51.131+0000] {processor.py:830} INFO - Processing file /opt/airflow/dags/minio_to_snowflake_dag.py for tasks to queue
[2026-07-05T08:36:51.134+0000] {logging_mixin.py:188} INFO - [2026-07-05T08:36:51.133+0000] {dagbag.py:545} INFO - Filling up the DagBag from /opt/airflow/dags/minio_to_snowflake_dag.py
[2026-07-05T08:36:51.825+0000] {processor.py:840} INFO - DAG(s) 'minio_to_snowflake_ecommerce' retrieved from /opt/airflow/dags/minio_to_snowflake_dag.py
[2026-07-05T08:36:51.855+0000] {logging_mixin.py:188} INFO - [2026-07-05T08:36:51.854+0000] {dag.py:3089} INFO - Sync 1 DAGs
[2026-07-05T08:36:51.878+0000] {logging_mixin.py:188} INFO - [2026-07-05T08:36:51.878+0000] {dag.py:3947} INFO - Setting next_dagrun for minio_to_snowflake_ecommerce to 2026-07-05 08:35:00+00:00, run_after=2026-07-05 08:36:00+00:00
[2026-07-05T08:36:51.898+0000] {processor.py:183} INFO - Processing /opt/airflow/dags/minio_to_snowflake_dag.py took 0.777 seconds
[2026-07-05T08:37:22.287+0000] {processor.py:161} INFO - Started process (PID=53925) to work on /opt/airflow/dags/minio_to_snowflake_dag.py
[2026-07-05T08:37:22.288+0000] {processor.py:830} INFO - Processing file /opt/airflow/dags/minio_to_snowflake_dag.py for tasks to queue
[2026-07-05T08:37:22.291+0000] {logging_mixin.py:188} INFO - [2026-07-05T08:37:22.290+0000] {dagbag.py:545} INFO - Filling up the DagBag from /opt/airflow/dags/minio_to_snowflake_dag.py
[2026-07-05T08:37:23.013+0000] {processor.py:840} INFO - DAG(s) 'minio_to_snowflake_ecommerce' retrieved from /opt/airflow/dags/minio_to_snowflake_dag.py
[2026-07-05T08:37:23.051+0000] {logging_mixin.py:188} INFO - [2026-07-05T08:37:23.050+0000] {dag.py:3089} INFO - Sync 1 DAGs
[2026-07-05T08:37:23.080+0000] {logging_mixin.py:188} INFO - [2026-07-05T08:37:23.080+0000] {dag.py:3947} INFO - Setting next_dagrun for minio_to_snowflake_ecommerce to 2026-07-05 08:36:00+00:00, run_after=2026-07-05 08:37:00+00:00
[2026-07-05T08:37:23.102+0000] {processor.py:183} INFO - Processing /opt/airflow/dags/minio_to_snowflake_dag.py took 0.822 seconds
[2026-07-05T08:37:53.494+0000] {processor.py:161} INFO - Started process (PID=53929) to work on /opt/airflow/dags/minio_to_snowflake_dag.py
[2026-07-05T08:37:53.495+0000] {processor.py:830} INFO - Processing file /opt/airflow/dags/minio_to_snowflake_dag.py for tasks to queue
[2026-07-05T08:37:53.497+0000] {logging_mixin.py:188} INFO - [2026-07-05T08:37:53.497+0000] {dagbag.py:545} INFO - Filling up the DagBag from /opt/airflow/dags/minio_to_snowflake_dag.py
[2026-07-05T08:37:54.236+0000] {processor.py:840} INFO - DAG(s) 'minio_to_snowflake_ecommerce' retrieved from /opt/airflow/dags/minio_to_snowflake_dag.py
[2026-07-05T08:37:54.270+0000] {logging_mixin.py:188} INFO - [2026-07-05T08:37:54.270+0000] {dag.py:3089} INFO - Sync 1 DAGs
[2026-07-05T08:37:54.296+0000] {logging_mixin.py:188} INFO - [2026-07-05T08:37:54.296+0000] {dag.py:3947} INFO - Setting next_dagrun for minio_to_snowflake_ecommerce to 2026-07-05 08:36:00+00:00, run_after=2026-07-05 08:37:00+00:00
[2026-07-05T08:37:54.317+0000] {processor.py:183} INFO - Processing /opt/airflow/dags/minio_to_snowflake_dag.py took 0.830 seconds
[2026-07-05T08:38:24.714+0000] {processor.py:161} INFO - Started process (PID=53933) to work on /opt/airflow/dags/minio_to_snowflake_dag.py
[2026-07-05T08:38:24.715+0000] {processor.py:830} INFO - Processing file /opt/airflow/dags/minio_to_snowflake_dag.py for tasks to queue
[2026-07-05T08:38:24.718+0000] {logging_mixin.py:188} INFO - [2026-07-05T08:38:24.717+0000] {dagbag.py:545} INFO - Filling up the DagBag from /opt/airflow/dags/minio_to_snowflake_dag.py
[2026-07-05T08:38:25.566+0000] {processor.py:840} INFO - DAG(s) 'minio_to_snowflake_ecommerce' retrieved from /opt/airflow/dags/minio_to_snowflake_dag.py
[2026-07-05T08:38:25.596+0000] {logging_mixin.py:188} INFO - [2026-07-05T08:38:25.596+0000] {dag.py:3089} INFO - Sync 1 DAGs
[2026-07-05T08:38:25.624+0000] {logging_mixin.py:188} INFO - [2026-07-05T08:38:25.624+0000] {dag.py:3947} INFO - Setting next_dagrun for minio_to_snowflake_ecommerce to 2026-07-05 08:37:00+00:00, run_after=2026-07-05 08:38:00+00:00
[2026-07-05T08:38:25.647+0000] {processor.py:183} INFO - Processing /opt/airflow/dags/minio_to_snowflake_dag.py took 0.940 seconds
[2026-07-05T08:38:55.991+0000] {processor.py:161} INFO - Started process (PID=53937) to work on /opt/airflow/dags/minio_to_snowflake_dag.py
[2026-07-05T08:38:55.992+0000] {processor.py:830} INFO - Processing file /opt/airflow/dags/minio_to_snowflake_dag.py for tasks to queue
[2026-07-05T08:38:55.995+0000] {logging_mixin.py:188} INFO - [2026-07-05T08:38:55.994+0000] {dagbag.py:545} INFO - Filling up the DagBag from /opt/airflow/dags/minio_to_snowflake_dag.py
[2026-07-05T08:38:56.849+0000] {processor.py:840} INFO - DAG(s) 'minio_to_snowflake_ecommerce' retrieved from /opt/airflow/dags/minio_to_snowflake_dag.py
[2026-07-05T08:38:56.883+0000] {logging_mixin.py:188} INFO - [2026-07-05T08:38:56.883+0000] {dag.py:3089} INFO - Sync 1 DAGs
[2026-07-05T08:38:56.917+0000] {logging_mixin.py:188} INFO - [2026-07-05T08:38:56.916+0000] {dag.py:3947} INFO - Setting next_dagrun for minio_to_snowflake_ecommerce to 2026-07-05 08:37:00+00:00, run_after=2026-07-05 08:38:00+00:00
[2026-07-05T08:38:56.949+0000] {processor.py:183} INFO - Processing /opt/airflow/dags/minio_to_snowflake_dag.py took 0.965 seconds
[2026-07-05T08:39:27.286+0000] {processor.py:161} INFO - Started process (PID=53941) to work on /opt/airflow/dags/minio_to_snowflake_dag.py
[2026-07-05T08:39:27.287+0000] {processor.py:830} INFO - Processing file /opt/airflow/dags/minio_to_snowflake_dag.py for tasks to queue
[2026-07-05T08:39:27.290+0000] {logging_mixin.py:188} INFO - [2026-07-05T08:39:27.289+0000] {dagbag.py:545} INFO - Filling up the DagBag from /opt/airflow/dags/minio_to_snowflake_dag.py
[2026-07-05T08:39:28.137+0000] {processor.py:840} INFO - DAG(s) 'minio_to_snowflake_ecommerce' retrieved from /opt/airflow/dags/minio_to_snowflake_dag.py
[2026-07-05T08:39:28.174+0000] {logging_mixin.py:188} INFO - [2026-07-05T08:39:28.173+0000] {dag.py:3089} INFO - Sync 1 DAGs
[2026-07-05T08:39:28.201+0000] {logging_mixin.py:188} INFO - [2026-07-05T08:39:28.200+0000] {dag.py:3947} INFO - Setting next_dagrun for minio_to_snowflake_ecommerce to 2026-07-05 08:38:00+00:00, run_after=2026-07-05 08:39:00+00:00
[2026-07-05T08:39:28.223+0000] {processor.py:183} INFO - Processing /opt/airflow/dags/minio_to_snowflake_dag.py took 0.945 seconds
[2026-07-05T08:39:58.540+0000] {processor.py:161} INFO - Started process (PID=53945) to work on /opt/airflow/dags/minio_to_snowflake_dag.py
[2026-07-05T08:39:58.541+0000] {processor.py:830} INFO - Processing file /opt/airflow/dags/minio_to_snowflake_dag.py for tasks to queue
[2026-07-05T08:39:58.544+0000] {logging_mixin.py:188} INFO - [2026-07-05T08:39:58.543+0000] {dagbag.py:545} INFO - Filling up the DagBag from /opt/airflow/dags/minio_to_snowflake_dag.py
[2026-07-05T08:39:59.421+0000] {processor.py:840} INFO - DAG(s) 'minio_to_snowflake_ecommerce' retrieved from /opt/airflow/dags/minio_to_snowflake_dag.py
[2026-07-05T08:39:59.456+0000] {logging_mixin.py:188} INFO - [2026-07-05T08:39:59.456+0000] {dag.py:3089} INFO - Sync 1 DAGs
[2026-07-05T08:39:59.488+0000] {logging_mixin.py:188} INFO - [2026-07-05T08:39:59.487+0000] {dag.py:3947} INFO - Setting next_dagrun for minio_to_snowflake_ecommerce to 2026-07-05 08:38:00+00:00, run_after=2026-07-05 08:39:00+00:00
[2026-07-05T08:39:59.512+0000] {processor.py:183} INFO - Processing /opt/airflow/dags/minio_to_snowflake_dag.py took 0.979 seconds
[2026-07-05T08:40:29.795+0000] {processor.py:161} INFO - Started process (PID=53949) to work on /opt/airflow/dags/minio_to_snowflake_dag.py
[2026-07-05T08:40:29.796+0000] {processor.py:830} INFO - Processing file /opt/airflow/dags/minio_to_snowflake_dag.py for tasks to queue
[2026-07-05T08:40:29.799+0000] {logging_mixin.py:188} INFO - [2026-07-05T08:40:29.798+0000] {dagbag.py:545} INFO - Filling up the DagBag from /opt/airflow/dags/minio_to_snowflake_dag.py
[2026-07-05T08:40:30.635+0000] {processor.py:840} INFO - DAG(s) 'minio_to_snowflake_ecommerce' retrieved from /opt/airflow/dags/minio_to_snowflake_dag.py
[2026-07-05T08:40:30.669+0000] {logging_mixin.py:188} INFO - [2026-07-05T08:40:30.669+0000] {dag.py:3089} INFO - Sync 1 DAGs
[2026-07-05T08:40:30.699+0000] {logging_mixin.py:188} INFO - [2026-07-05T08:40:30.699+0000] {dag.py:3947} INFO - Setting next_dagrun for minio_to_snowflake_ecommerce to 2026-07-05 08:39:00+00:00, run_after=2026-07-05 08:40:00+00:00
[2026-07-05T08:40:30.724+0000] {processor.py:183} INFO - Processing /opt/airflow/dags/minio_to_snowflake_dag.py took 0.936 seconds
[2026-07-05T08:41:01.056+0000] {processor.py:161} INFO - Started process (PID=53953) to work on /opt/airflow/dags/minio_to_snowflake_dag.py
[2026-07-05T08:41:01.057+0000] {processor.py:830} INFO - Processing file /opt/airflow/dags/minio_to_snowflake_dag.py for tasks to queue
[2026-07-05T08:41:01.060+0000] {logging_mixin.py:188} INFO - [2026-07-05T08:41:01.059+0000] {dagbag.py:545} INFO - Filling up the DagBag from /opt/airflow/dags/minio_to_snowflake_dag.py
[2026-07-05T08:41:01.876+0000] {processor.py:840} INFO - DAG(s) 'minio_to_snowflake_ecommerce' retrieved from /opt/airflow/dags/minio_to_snowflake_dag.py
[2026-07-05T08:41:01.917+0000] {logging_mixin.py:188} INFO - [2026-07-05T08:41:01.916+0000] {dag.py:3089} INFO - Sync 1 DAGs
[2026-07-05T08:41:01.943+0000] {logging_mixin.py:188} INFO - [2026-07-05T08:41:01.943+0000] {dag.py:3947} INFO - Setting next_dagrun for minio_to_snowflake_ecommerce to 2026-07-05 08:40:00+00:00, run_after=2026-07-05 08:41:00+00:00
[2026-07-05T08:41:01.966+0000] {processor.py:183} INFO - Processing /opt/airflow/dags/minio_to_snowflake_dag.py took 0.918 seconds
[2026-07-05T08:41:32.323+0000] {processor.py:161} INFO - Started process (PID=53957) to work on /opt/airflow/dags/minio_to_snowflake_dag.py
[2026-07-05T08:41:32.324+0000] {processor.py:830} INFO - Processing file /opt/airflow/dags/minio_to_snowflake_dag.py for tasks to queue
[2026-07-05T08:41:32.328+0000] {logging_mixin.py:188} INFO - [2026-07-05T08:41:32.328+0000] {dagbag.py:545} INFO - Filling up the DagBag from /opt/airflow/dags/minio_to_snowflake_dag.py
[2026-07-05T08:41:33.084+0000] {processor.py:840} INFO - DAG(s) 'minio_to_snowflake_ecommerce' retrieved from /opt/airflow/dags/minio_to_snowflake_dag.py
[2026-07-05T08:41:33.124+0000] {logging_mixin.py:188} INFO - [2026-07-05T08:41:33.124+0000] {dag.py:3089} INFO - Sync 1 DAGs
[2026-07-05T08:41:33.161+0000] {logging_mixin.py:188} INFO - [2026-07-05T08:41:33.160+0000] {dag.py:3947} INFO - Setting next_dagrun for minio_to_snowflake_ecommerce to 2026-07-05 08:40:00+00:00, run_after=2026-07-05 08:41:00+00:00
[2026-07-05T08:41:33.189+0000] {processor.py:183} INFO - Processing /opt/airflow/dags/minio_to_snowflake_dag.py took 0.874 seconds
[2026-07-05T08:42:03.492+0000] {processor.py:161} INFO - Started process (PID=53961) to work on /opt/airflow/dags/minio_to_snowflake_dag.py
[2026-07-05T08:42:03.496+0000] {processor.py:830} INFO - Processing file /opt/airflow/dags/minio_to_snowflake_dag.py for tasks to queue
[2026-07-05T08:42:03.500+0000] {logging_mixin.py:188} INFO - [2026-07-05T08:42:03.500+0000] {dagbag.py:545} INFO - Filling up the DagBag from /opt/airflow/dags/minio_to_snowflake_dag.py
[2026-07-05T08:42:04.381+0000] {processor.py:840} INFO - DAG(s) 'minio_to_snowflake_ecommerce' retrieved from /opt/airflow/dags/minio_to_snowflake_dag.py
[2026-07-05T08:42:04.422+0000] {logging_mixin.py:188} INFO - [2026-07-05T08:42:04.421+0000] {dag.py:3089} INFO - Sync 1 DAGs
[2026-07-05T08:42:04.451+0000] {logging_mixin.py:188} INFO - [2026-07-05T08:42:04.450+0000] {dag.py:3947} INFO - Setting next_dagrun for minio_to_snowflake_ecommerce to 2026-07-05 08:41:00+00:00, run_after=2026-07-05 08:42:00+00:00
[2026-07-05T08:42:04.472+0000] {processor.py:183} INFO - Processing /opt/airflow/dags/minio_to_snowflake_dag.py took 1.001 seconds
[2026-07-05T08:42:34.748+0000] {processor.py:161} INFO - Started process (PID=53965) to work on /opt/airflow/dags/minio_to_snowflake_dag.py
[2026-07-05T08:42:34.749+0000] {processor.py:830} INFO - Processing file /opt/airflow/dags/minio_to_snowflake_dag.py for tasks to queue
[2026-07-05T08:42:34.751+0000] {logging_mixin.py:188} INFO - [2026-07-05T08:42:34.751+0000] {dagbag.py:545} INFO - Filling up the DagBag from /opt/airflow/dags/minio_to_snowflake_dag.py
[2026-07-05T08:42:35.611+0000] {processor.py:840} INFO - DAG(s) 'minio_to_snowflake_ecommerce' retrieved from /opt/airflow/dags/minio_to_snowflake_dag.py
[2026-07-05T08:42:35.647+0000] {logging_mixin.py:188} INFO - [2026-07-05T08:42:35.646+0000] {dag.py:3089} INFO - Sync 1 DAGs
[2026-07-05T08:42:35.680+0000] {logging_mixin.py:188} INFO - [2026-07-05T08:42:35.680+0000] {dag.py:3947} INFO - Setting next_dagrun for minio_to_snowflake_ecommerce to 2026-07-05 08:41:00+00:00, run_after=2026-07-05 08:42:00+00:00
[2026-07-05T08:42:35.710+0000] {processor.py:183} INFO - Processing /opt/airflow/dags/minio_to_snowflake_dag.py took 0.969 seconds
[2026-07-05T08:43:06.154+0000] {processor.py:161} INFO - Started process (PID=53969) to work on /opt/airflow/dags/minio_to_snowflake_dag.py
[2026-07-05T08:43:06.156+0000] {processor.py:830} INFO - Processing file /opt/airflow/dags/minio_to_snowflake_dag.py for tasks to queue
[2026-07-05T08:43:06.159+0000] {logging_mixin.py:188} INFO - [2026-07-05T08:43:06.159+0000] {dagbag.py:545} INFO - Filling up the DagBag from /opt/airflow/dags/minio_to_snowflake_dag.py
[2026-07-05T08:43:06.918+0000] {processor.py:840} INFO - DAG(s) 'minio_to_snowflake_ecommerce' retrieved from /opt/airflow/dags/minio_to_snowflake_dag.py
[2026-07-05T08:43:06.952+0000] {logging_mixin.py:188} INFO - [2026-07-05T08:43:06.951+0000] {dag.py:3089} INFO - Sync 1 DAGs
[2026-07-05T08:43:06.978+0000] {logging_mixin.py:188} INFO - [2026-07-05T08:43:06.978+0000] {dag.py:3947} INFO - Setting next_dagrun for minio_to_snowflake_ecommerce to 2026-07-05 08:42:00+00:00, run_after=2026-07-05 08:43:00+00:00
[2026-07-05T08:43:07.002+0000] {processor.py:183} INFO - Processing /opt/airflow/dags/minio_to_snowflake_dag.py took 0.858 seconds
[2026-07-05T08:43:37.366+0000] {processor.py:161} INFO - Started process (PID=53973) to work on /opt/airflow/dags/minio_to_snowflake_dag.py
[2026-07-05T08:43:37.368+0000] {processor.py:830} INFO - Processing file /opt/airflow/dags/minio_to_snowflake_dag.py for tasks to queue
[2026-07-05T08:43:37.371+0000] {logging_mixin.py:188} INFO - [2026-07-05T08:43:37.371+0000] {dagbag.py:545} INFO - Filling up the DagBag from /opt/airflow/dags/minio_to_snowflake_dag.py
[2026-07-05T08:43:38.186+0000] {processor.py:840} INFO - DAG(s) 'minio_to_snowflake_ecommerce' retrieved from /opt/airflow/dags/minio_to_snowflake_dag.py
[2026-07-05T08:43:38.215+0000] {logging_mixin.py:188} INFO - [2026-07-05T08:43:38.215+0000] {dag.py:3089} INFO - Sync 1 DAGs
[2026-07-05T08:43:38.245+0000] {logging_mixin.py:188} INFO - [2026-07-05T08:43:38.244+0000] {dag.py:3947} INFO - Setting next_dagrun for minio_to_snowflake_ecommerce to 2026-07-05 08:42:00+00:00, run_after=2026-07-05 08:43:00+00:00
[2026-07-05T08:43:38.269+0000] {processor.py:183} INFO - Processing /opt/airflow/dags/minio_to_snowflake_dag.py took 0.911 seconds
[2026-07-05T08:44:08.597+0000] {processor.py:161} INFO - Started process (PID=53977) to work on /opt/airflow/dags/minio_to_snowflake_dag.py
[2026-07-05T08:44:08.599+0000] {processor.py:830} INFO - Processing file /opt/airflow/dags/minio_to_snowflake_dag.py for tasks to queue
[2026-07-05T08:44:08.601+0000] {logging_mixin.py:188} INFO - [2026-07-05T08:44:08.601+0000] {dagbag.py:545} INFO - Filling up the DagBag from /opt/airflow/dags/minio_to_snowflake_dag.py
[2026-07-05T08:44:09.331+0000] {processor.py:840} INFO - DAG(s) 'minio_to_snowflake_ecommerce' retrieved from /opt/airflow/dags/minio_to_snowflake_dag.py
[2026-07-05T08:44:09.363+0000] {logging_mixin.py:188} INFO - [2026-07-05T08:44:09.363+0000] {dag.py:3089} INFO - Sync 1 DAGs
[2026-07-05T08:44:09.390+0000] {logging_mixin.py:188} INFO - [2026-07-05T08:44:09.390+0000] {dag.py:3947} INFO - Setting next_dagrun for minio_to_snowflake_ecommerce to 2026-07-05 08:43:00+00:00, run_after=2026-07-05 08:44:00+00:00
[2026-07-05T08:44:09.412+0000] {processor.py:183} INFO - Processing /opt/airflow/dags/minio_to_snowflake_dag.py took 0.823 seconds
[2026-07-05T08:44:39.686+0000] {processor.py:161} INFO - Started process (PID=53981) to work on /opt/airflow/dags/minio_to_snowflake_dag.py
[2026-07-05T08:44:39.688+0000] {processor.py:830} INFO - Processing file /opt/airflow/dags/minio_to_snowflake_dag.py for tasks to queue
[2026-07-05T08:44:39.690+0000] {logging_mixin.py:188} INFO - [2026-07-05T08:44:39.690+0000] {dagbag.py:545} INFO - Filling up the DagBag from /opt/airflow/dags/minio_to_snowflake_dag.py
[2026-07-05T08:44:40.468+0000] {processor.py:840} INFO - DAG(s) 'minio_to_snowflake_ecommerce' retrieved from /opt/airflow/dags/minio_to_snowflake_dag.py
[2026-07-05T08:44:40.505+0000] {logging_mixin.py:188} INFO - [2026-07-05T08:44:40.505+0000] {dag.py:3089} INFO - Sync 1 DAGs
[2026-07-05T08:44:40.532+0000] {logging_mixin.py:188} INFO - [2026-07-05T08:44:40.532+0000] {dag.py:3947} INFO - Setting next_dagrun for minio_to_snowflake_ecommerce to 2026-07-05 08:43:00+00:00, run_after=2026-07-05 08:44:00+00:00
[2026-07-05T08:44:40.555+0000] {processor.py:183} INFO - Processing /opt/airflow/dags/minio_to_snowflake_dag.py took 0.879 seconds
[2026-07-05T08:45:10.823+0000] {processor.py:161} INFO - Started process (PID=53985) to work on /opt/airflow/dags/minio_to_snowflake_dag.py
[2026-07-05T08:45:10.825+0000] {processor.py:830} INFO - Processing file /opt/airflow/dags/minio_to_snowflake_dag.py for tasks to queue
[2026-07-05T08:45:10.827+0000] {logging_mixin.py:188} INFO - [2026-07-05T08:45:10.827+0000] {dagbag.py:545} INFO - Filling up the DagBag from /opt/airflow/dags/minio_to_snowflake_dag.py
[2026-07-05T08:45:11.542+0000] {processor.py:840} INFO - DAG(s) 'minio_to_snowflake_ecommerce' retrieved from /opt/airflow/dags/minio_to_snowflake_dag.py
[2026-07-05T08:45:11.580+0000] {logging_mixin.py:188} INFO - [2026-07-05T08:45:11.579+0000] {dag.py:3089} INFO - Sync 1 DAGs
[2026-07-05T08:45:11.608+0000] {logging_mixin.py:188} INFO - [2026-07-05T08:45:11.607+0000] {dag.py:3947} INFO - Setting next_dagrun for minio_to_snowflake_ecommerce to 2026-07-05 08:44:00+00:00, run_after=2026-07-05 08:45:00+00:00
[2026-07-05T08:45:11.629+0000] {processor.py:183} INFO - Processing /opt/airflow/dags/minio_to_snowflake_dag.py took 0.814 seconds
[2026-07-05T08:45:41.907+0000] {processor.py:161} INFO - Started process (PID=53989) to work on /opt/airflow/dags/minio_to_snowflake_dag.py
[2026-07-05T08:45:41.909+0000] {processor.py:830} INFO - Processing file /opt/airflow/dags/minio_to_snowflake_dag.py for tasks to queue
[2026-07-05T08:45:41.913+0000] {logging_mixin.py:188} INFO - [2026-07-05T08:45:41.912+0000] {dagbag.py:545} INFO - Filling up the DagBag from /opt/airflow/dags/minio_to_snowflake_dag.py
[2026-07-05T08:45:42.861+0000] {processor.py:840} INFO - DAG(s) 'minio_to_snowflake_ecommerce' retrieved from /opt/airflow/dags/minio_to_snowflake_dag.py
[2026-07-05T08:45:42.893+0000] {logging_mixin.py:188} INFO - [2026-07-05T08:45:42.893+0000] {dag.py:3089} INFO - Sync 1 DAGs
[2026-07-05T08:45:42.924+0000] {logging_mixin.py:188} INFO - [2026-07-05T08:45:42.924+0000] {dag.py:3947} INFO - Setting next_dagrun for minio_to_snowflake_ecommerce to 2026-07-05 08:44:00+00:00, run_after=2026-07-05 08:45:00+00:00
[2026-07-05T08:45:42.946+0000] {processor.py:183} INFO - Processing /opt/airflow/dags/minio_to_snowflake_dag.py took 1.047 seconds
[2026-07-05T08:46:13.199+0000] {processor.py:161} INFO - Started process (PID=53993) to work on /opt/airflow/dags/minio_to_snowflake_dag.py
[2026-07-05T08:46:13.201+0000] {processor.py:830} INFO - Processing file /opt/airflow/dags/minio_to_snowflake_dag.py for tasks to queue
[2026-07-05T08:46:13.204+0000] {logging_mixin.py:188} INFO - [2026-07-05T08:46:13.203+0000] {dagbag.py:545} INFO - Filling up the DagBag from /opt/airflow/dags/minio_to_snowflake_dag.py
[2026-07-05T08:46:14.053+0000] {processor.py:840} INFO - DAG(s) 'minio_to_snowflake_ecommerce' retrieved from /opt/airflow/dags/minio_to_snowflake_dag.py
[2026-07-05T08:46:14.085+0000] {logging_mixin.py:188} INFO - [2026-07-05T08:46:14.085+0000] {dag.py:3089} INFO - Sync 1 DAGs
[2026-07-05T08:46:14.113+0000] {logging_mixin.py:188} INFO - [2026-07-05T08:46:14.113+0000] {dag.py:3947} INFO - Setting next_dagrun for minio_to_snowflake_ecommerce to 2026-07-05 08:45:00+00:00, run_after=2026-07-05 08:46:00+00:00
[2026-07-05T08:46:14.136+0000] {processor.py:183} INFO - Processing /opt/airflow/dags/minio_to_snowflake_dag.py took 0.947 seconds
[2026-07-05T08:46:44.438+0000] {processor.py:161} INFO - Started process (PID=53997) to work on /opt/airflow/dags/minio_to_snowflake_dag.py
[2026-07-05T08:46:44.439+0000] {processor.py:830} INFO - Processing file /opt/airflow/dags/minio_to_snowflake_dag.py for tasks to queue
[2026-07-05T08:46:44.442+0000] {logging_mixin.py:188} INFO - [2026-07-05T08:46:44.441+0000] {dagbag.py:545} INFO - Filling up the DagBag from /opt/airflow/dags/minio_to_snowflake_dag.py
[2026-07-05T08:46:45.242+0000] {processor.py:840} INFO - DAG(s) 'minio_to_snowflake_ecommerce' retrieved from /opt/airflow/dags/minio_to_snowflake_dag.py
[2026-07-05T08:46:45.271+0000] {logging_mixin.py:188} INFO - [2026-07-05T08:46:45.271+0000] {dag.py:3089} INFO - Sync 1 DAGs
[2026-07-05T08:46:45.298+0000] {logging_mixin.py:188} INFO - [2026-07-05T08:46:45.298+0000] {dag.py:3947} INFO - Setting next_dagrun for minio_to_snowflake_ecommerce to 2026-07-05 08:45:00+00:00, run_after=2026-07-05 08:46:00+00:00
[2026-07-05T08:46:45.321+0000] {processor.py:183} INFO - Processing /opt/airflow/dags/minio_to_snowflake_dag.py took 0.890 seconds
[2026-07-05T08:47:15.635+0000] {processor.py:161} INFO - Started process (PID=54001) to work on /opt/airflow/dags/minio_to_snowflake_dag.py
[2026-07-05T08:47:15.636+0000] {processor.py:830} INFO - Processing file /opt/airflow/dags/minio_to_snowflake_dag.py for tasks to queue
[2026-07-05T08:47:15.638+0000] {logging_mixin.py:188} INFO - [2026-07-05T08:47:15.638+0000] {dagbag.py:545} INFO - Filling up the DagBag from /opt/airflow/dags/minio_to_snowflake_dag.py
[2026-07-05T08:47:16.382+0000] {processor.py:840} INFO - DAG(s) 'minio_to_snowflake_ecommerce' retrieved from /opt/airflow/dags/minio_to_snowflake_dag.py
[2026-07-05T08:47:16.410+0000] {logging_mixin.py:188} INFO - [2026-07-05T08:47:16.409+0000] {dag.py:3089} INFO - Sync 1 DAGs
[2026-07-05T08:47:16.434+0000] {logging_mixin.py:188} INFO - [2026-07-05T08:47:16.434+0000] {dag.py:3947} INFO - Setting next_dagrun for minio_to_snowflake_ecommerce to 2026-07-05 08:46:00+00:00, run_after=2026-07-05 08:47:00+00:00
[2026-07-05T08:47:16.459+0000] {processor.py:183} INFO - Processing /opt/airflow/dags/minio_to_snowflake_dag.py took 0.834 seconds
[2026-07-05T08:47:46.783+0000] {processor.py:161} INFO - Started process (PID=54005) to work on /opt/airflow/dags/minio_to_snowflake_dag.py
[2026-07-05T08:47:46.785+0000] {processor.py:830} INFO - Processing file /opt/airflow/dags/minio_to_snowflake_dag.py for tasks to queue
[2026-07-05T08:47:46.787+0000] {logging_mixin.py:188} INFO - [2026-07-05T08:47:46.787+0000] {dagbag.py:545} INFO - Filling up the DagBag from /opt/airflow/dags/minio_to_snowflake_dag.py
[2026-07-05T08:47:47.526+0000] {processor.py:840} INFO - DAG(s) 'minio_to_snowflake_ecommerce' retrieved from /opt/airflow/dags/minio_to_snowflake_dag.py
[2026-07-05T08:47:47.558+0000] {logging_mixin.py:188} INFO - [2026-07-05T08:47:47.558+0000] {dag.py:3089} INFO - Sync 1 DAGs
[2026-07-05T08:47:47.587+0000] {logging_mixin.py:188} INFO - [2026-07-05T08:47:47.586+0000] {dag.py:3947} INFO - Setting next_dagrun for minio_to_snowflake_ecommerce to 2026-07-05 08:46:00+00:00, run_after=2026-07-05 08:47:00+00:00
[2026-07-05T08:47:47.609+0000] {processor.py:183} INFO - Processing /opt/airflow/dags/minio_to_snowflake_dag.py took 0.834 seconds
[2026-07-05T08:48:18.177+0000] {processor.py:161} INFO - Started process (PID=54009) to work on /opt/airflow/dags/minio_to_snowflake_dag.py
[2026-07-05T08:48:18.186+0000] {processor.py:830} INFO - Processing file /opt/airflow/dags/minio_to_snowflake_dag.py for tasks to queue
[2026-07-05T08:48:18.209+0000] {logging_mixin.py:188} INFO - [2026-07-05T08:48:18.208+0000] {dagbag.py:545} INFO - Filling up the DagBag from /opt/airflow/dags/minio_to_snowflake_dag.py
[2026-07-05T08:48:20.597+0000] {processor.py:840} INFO - DAG(s) 'minio_to_snowflake_ecommerce' retrieved from /opt/airflow/dags/minio_to_snowflake_dag.py
[2026-07-05T08:48:20.633+0000] {logging_mixin.py:188} INFO - [2026-07-05T08:48:20.633+0000] {dag.py:3089} INFO - Sync 1 DAGs
[2026-07-05T08:48:20.660+0000] {logging_mixin.py:188} INFO - [2026-07-05T08:48:20.660+0000] {dag.py:3947} INFO - Setting next_dagrun for minio_to_snowflake_ecommerce to 2026-07-05 08:47:00+00:00, run_after=2026-07-05 08:48:00+00:00
[2026-07-05T08:48:20.682+0000] {processor.py:183} INFO - Processing /opt/airflow/dags/minio_to_snowflake_dag.py took 2.573 seconds
[2026-07-05T08:48:50.774+0000] {processor.py:161} INFO - Started process (PID=54013) to work on /opt/airflow/dags/minio_to_snowflake_dag.py
[2026-07-05T08:48:50.775+0000] {processor.py:830} INFO - Processing file /opt/airflow/dags/minio_to_snowflake_dag.py for tasks to queue
[2026-07-05T08:48:50.777+0000] {logging_mixin.py:188} INFO - [2026-07-05T08:48:50.777+0000] {dagbag.py:545} INFO - Filling up the DagBag from /opt/airflow/dags/minio_to_snowflake_dag.py
[2026-07-05T08:48:51.571+0000] {processor.py:840} INFO - DAG(s) 'minio_to_snowflake_ecommerce' retrieved from /opt/airflow/dags/minio_to_snowflake_dag.py
[2026-07-05T08:48:51.603+0000] {logging_mixin.py:188} INFO - [2026-07-05T08:48:51.602+0000] {dag.py:3089} INFO - Sync 1 DAGs
[2026-07-05T08:48:51.631+0000] {logging_mixin.py:188} INFO - [2026-07-05T08:48:51.631+0000] {dag.py:3947} INFO - Setting next_dagrun for minio_to_snowflake_ecommerce to 2026-07-05 08:47:00+00:00, run_after=2026-07-05 08:48:00+00:00
[2026-07-05T08:48:51.653+0000] {processor.py:183} INFO - Processing /opt/airflow/dags/minio_to_snowflake_dag.py took 0.892 seconds
[2026-07-05T08:49:22.008+0000] {processor.py:161} INFO - Started process (PID=54017) to work on /opt/airflow/dags/minio_to_snowflake_dag.py
[2026-07-05T08:49:22.009+0000] {processor.py:830} INFO - Processing file /opt/airflow/dags/minio_to_snowflake_dag.py for tasks to queue
[2026-07-05T08:49:22.011+0000] {logging_mixin.py:188} INFO - [2026-07-05T08:49:22.011+0000] {dagbag.py:545} INFO - Filling up the DagBag from /opt/airflow/dags/minio_to_snowflake_dag.py
[2026-07-05T08:49:22.823+0000] {processor.py:840} INFO - DAG(s) 'minio_to_snowflake_ecommerce' retrieved from /opt/airflow/dags/minio_to_snowflake_dag.py
[2026-07-05T08:49:22.856+0000] {logging_mixin.py:188} INFO - [2026-07-05T08:49:22.855+0000] {dag.py:3089} INFO - Sync 1 DAGs
[2026-07-05T08:49:22.883+0000] {logging_mixin.py:188} INFO - [2026-07-05T08:49:22.883+0000] {dag.py:3947} INFO - Setting next_dagrun for minio_to_snowflake_ecommerce to 2026-07-05 08:48:00+00:00, run_after=2026-07-05 08:49:00+00:00
[2026-07-05T08:49:22.909+0000] {processor.py:183} INFO - Processing /opt/airflow/dags/minio_to_snowflake_dag.py took 0.911 seconds
[2026-07-05T08:49:53.274+0000] {processor.py:161} INFO - Started process (PID=54021) to work on /opt/airflow/dags/minio_to_snowflake_dag.py
[2026-07-05T08:49:53.276+0000] {processor.py:830} INFO - Processing file /opt/airflow/dags/minio_to_snowflake_dag.py for tasks to queue
[2026-07-05T08:49:53.278+0000] {logging_mixin.py:188} INFO - [2026-07-05T08:49:53.278+0000] {dagbag.py:545} INFO - Filling up the DagBag from /opt/airflow/dags/minio_to_snowflake_dag.py
[2026-07-05T08:49:54.031+0000] {processor.py:840} INFO - DAG(s) 'minio_to_snowflake_ecommerce' retrieved from /opt/airflow/dags/minio_to_snowflake_dag.py
[2026-07-05T08:49:54.065+0000] {logging_mixin.py:188} INFO - [2026-07-05T08:49:54.065+0000] {dag.py:3089} INFO - Sync 1 DAGs
[2026-07-05T08:49:54.095+0000] {logging_mixin.py:188} INFO - [2026-07-05T08:49:54.095+0000] {dag.py:3947} INFO - Setting next_dagrun for minio_to_snowflake_ecommerce to 2026-07-05 08:48:00+00:00, run_after=2026-07-05 08:49:00+00:00
[2026-07-05T08:49:54.120+0000] {processor.py:183} INFO - Processing /opt/airflow/dags/minio_to_snowflake_dag.py took 0.854 seconds
[2026-07-05T08:50:24.506+0000] {processor.py:161} INFO - Started process (PID=54025) to work on /opt/airflow/dags/minio_to_snowflake_dag.py
[2026-07-05T08:50:24.507+0000] {processor.py:830} INFO - Processing file /opt/airflow/dags/minio_to_snowflake_dag.py for tasks to queue
[2026-07-05T08:50:24.510+0000] {logging_mixin.py:188} INFO - [2026-07-05T08:50:24.509+0000] {dagbag.py:545} INFO - Filling up the DagBag from /opt/airflow/dags/minio_to_snowflake_dag.py
[2026-07-05T08:50:25.240+0000] {processor.py:840} INFO - DAG(s) 'minio_to_snowflake_ecommerce' retrieved from /opt/airflow/dags/minio_to_snowflake_dag.py
[2026-07-05T08:50:25.270+0000] {logging_mixin.py:188} INFO - [2026-07-05T08:50:25.270+0000] {dag.py:3089} INFO - Sync 1 DAGs
[2026-07-05T08:50:25.297+0000] {logging_mixin.py:188} INFO - [2026-07-05T08:50:25.297+0000] {dag.py:3947} INFO - Setting next_dagrun for minio_to_snowflake_ecommerce to 2026-07-05 08:49:00+00:00, run_after=2026-07-05 08:50:00+00:00
[2026-07-05T08:50:25.318+0000] {processor.py:183} INFO - Processing /opt/airflow/dags/minio_to_snowflake_dag.py took 0.825 seconds
[2026-07-05T08:50:55.653+0000] {processor.py:161} INFO - Started process (PID=54029) to work on /opt/airflow/dags/minio_to_snowflake_dag.py
[2026-07-05T08:50:55.655+0000] {processor.py:830} INFO - Processing file /opt/airflow/dags/minio_to_snowflake_dag.py for tasks to queue
[2026-07-05T08:50:55.657+0000] {logging_mixin.py:188} INFO - [2026-07-05T08:50:55.657+0000] {dagbag.py:545} INFO - Filling up the DagBag from /opt/airflow/dags/minio_to_snowflake_dag.py
[2026-07-05T08:50:56.414+0000] {processor.py:840} INFO - DAG(s) 'minio_to_snowflake_ecommerce' retrieved from /opt/airflow/dags/minio_to_snowflake_dag.py
[2026-07-05T08:50:56.442+0000] {logging_mixin.py:188} INFO - [2026-07-05T08:50:56.441+0000] {dag.py:3089} INFO - Sync 1 DAGs
[2026-07-05T08:50:56.466+0000] {logging_mixin.py:188} INFO - [2026-07-05T08:50:56.465+0000] {dag.py:3947} INFO - Setting next_dagrun for minio_to_snowflake_ecommerce to 2026-07-05 08:49:00+00:00, run_after=2026-07-05 08:50:00+00:00
[2026-07-05T08:50:56.489+0000] {processor.py:183} INFO - Processing /opt/airflow/dags/minio_to_snowflake_dag.py took 0.843 seconds
[2026-07-05T08:51:26.779+0000] {processor.py:161} INFO - Started process (PID=54033) to work on /opt/airflow/dags/minio_to_snowflake_dag.py
[2026-07-05T08:51:26.781+0000] {processor.py:830} INFO - Processing file /opt/airflow/dags/minio_to_snowflake_dag.py for tasks to queue
[2026-07-05T08:51:26.783+0000] {logging_mixin.py:188} INFO - [2026-07-05T08:51:26.783+0000] {dagbag.py:545} INFO - Filling up the DagBag from /opt/airflow/dags/minio_to_snowflake_dag.py
[2026-07-05T08:51:27.574+0000] {processor.py:840} INFO - DAG(s) 'minio_to_snowflake_ecommerce' retrieved from /opt/airflow/dags/minio_to_snowflake_dag.py
[2026-07-05T08:51:27.599+0000] {logging_mixin.py:188} INFO - [2026-07-05T08:51:27.598+0000] {dag.py:3089} INFO - Sync 1 DAGs
[2026-07-05T08:51:27.623+0000] {logging_mixin.py:188} INFO - [2026-07-05T08:51:27.623+0000] {dag.py:3947} INFO - Setting next_dagrun for minio_to_snowflake_ecommerce to 2026-07-05 08:50:00+00:00, run_after=2026-07-05 08:51:00+00:00
[2026-07-05T08:51:27.646+0000] {processor.py:183} INFO - Processing /opt/airflow/dags/minio_to_snowflake_dag.py took 0.873 seconds
[2026-07-05T08:51:58.057+0000] {processor.py:161} INFO - Started process (PID=54037) to work on /opt/airflow/dags/minio_to_snowflake_dag.py
[2026-07-05T08:51:58.060+0000] {processor.py:830} INFO - Processing file /opt/airflow/dags/minio_to_snowflake_dag.py for tasks to queue
[2026-07-05T08:51:58.063+0000] {logging_mixin.py:188} INFO - [2026-07-05T08:51:58.062+0000] {dagbag.py:545} INFO - Filling up the DagBag from /opt/airflow/dags/minio_to_snowflake_dag.py
[2026-07-05T08:51:58.753+0000] {processor.py:840} INFO - DAG(s) 'minio_to_snowflake_ecommerce' retrieved from /opt/airflow/dags/minio_to_snowflake_dag.py
[2026-07-05T08:51:58.783+0000] {logging_mixin.py:188} INFO - [2026-07-05T08:51:58.783+0000] {dag.py:3089} INFO - Sync 1 DAGs
[2026-07-05T08:51:58.812+0000] {logging_mixin.py:188} INFO - [2026-07-05T08:51:58.812+0000] {dag.py:3947} INFO - Setting next_dagrun for minio_to_snowflake_ecommerce to 2026-07-05 08:50:00+00:00, run_after=2026-07-05 08:51:00+00:00
[2026-07-05T08:51:58.833+0000] {processor.py:183} INFO - Processing /opt/airflow/dags/minio_to_snowflake_dag.py took 0.784 seconds
[2026-07-05T08:52:28.946+0000] {processor.py:161} INFO - Started process (PID=54041) to work on /opt/airflow/dags/minio_to_snowflake_dag.py
[2026-07-05T08:52:28.948+0000] {processor.py:830} INFO - Processing file /opt/airflow/dags/minio_to_snowflake_dag.py for tasks to queue
[2026-07-05T08:52:28.951+0000] {logging_mixin.py:188} INFO - [2026-07-05T08:52:28.950+0000] {dagbag.py:545} INFO - Filling up the DagBag from /opt/airflow/dags/minio_to_snowflake_dag.py
[2026-07-05T08:52:29.665+0000] {processor.py:840} INFO - DAG(s) 'minio_to_snowflake_ecommerce' retrieved from /opt/airflow/dags/minio_to_snowflake_dag.py
[2026-07-05T08:52:29.702+0000] {logging_mixin.py:188} INFO - [2026-07-05T08:52:29.701+0000] {dag.py:3089} INFO - Sync 1 DAGs
[2026-07-05T08:52:29.732+0000] {logging_mixin.py:188} INFO - [2026-07-05T08:52:29.732+0000] {dag.py:3947} INFO - Setting next_dagrun for minio_to_snowflake_ecommerce to 2026-07-05 08:51:00+00:00, run_after=2026-07-05 08:52:00+00:00
[2026-07-05T08:52:29.757+0000] {processor.py:183} INFO - Processing /opt/airflow/dags/minio_to_snowflake_dag.py took 0.818 seconds
[2026-07-05T08:53:00.029+0000] {processor.py:161} INFO - Started process (PID=54045) to work on /opt/airflow/dags/minio_to_snowflake_dag.py
[2026-07-05T08:53:00.032+0000] {processor.py:830} INFO - Processing file /opt/airflow/dags/minio_to_snowflake_dag.py for tasks to queue
[2026-07-05T08:53:00.035+0000] {logging_mixin.py:188} INFO - [2026-07-05T08:53:00.034+0000] {dagbag.py:545} INFO - Filling up the DagBag from /opt/airflow/dags/minio_to_snowflake_dag.py
[2026-07-05T08:53:00.870+0000] {processor.py:840} INFO - DAG(s) 'minio_to_snowflake_ecommerce' retrieved from /opt/airflow/dags/minio_to_snowflake_dag.py
[2026-07-05T08:53:00.900+0000] {logging_mixin.py:188} INFO - [2026-07-05T08:53:00.899+0000] {dag.py:3089} INFO - Sync 1 DAGs
[2026-07-05T08:53:00.925+0000] {logging_mixin.py:188} INFO - [2026-07-05T08:53:00.925+0000] {dag.py:3947} INFO - Setting next_dagrun for minio_to_snowflake_ecommerce to 2026-07-05 08:52:00+00:00, run_after=2026-07-05 08:53:00+00:00
[2026-07-05T08:53:00.947+0000] {processor.py:183} INFO - Processing /opt/airflow/dags/minio_to_snowflake_dag.py took 0.935 seconds
[2026-07-05T08:53:31.268+0000] {processor.py:161} INFO - Started process (PID=54049) to work on /opt/airflow/dags/minio_to_snowflake_dag.py
[2026-07-05T08:53:31.269+0000] {processor.py:830} INFO - Processing file /opt/airflow/dags/minio_to_snowflake_dag.py for tasks to queue
[2026-07-05T08:53:31.272+0000] {logging_mixin.py:188} INFO - [2026-07-05T08:53:31.271+0000] {dagbag.py:545} INFO - Filling up the DagBag from /opt/airflow/dags/minio_to_snowflake_dag.py
[2026-07-05T08:53:32.021+0000] {processor.py:840} INFO - DAG(s) 'minio_to_snowflake_ecommerce' retrieved from /opt/airflow/dags/minio_to_snowflake_dag.py
[2026-07-05T08:53:32.054+0000] {logging_mixin.py:188} INFO - [2026-07-05T08:53:32.053+0000] {dag.py:3089} INFO - Sync 1 DAGs
[2026-07-05T08:53:32.080+0000] {logging_mixin.py:188} INFO - [2026-07-05T08:53:32.079+0000] {dag.py:3947} INFO - Setting next_dagrun for minio_to_snowflake_ecommerce to 2026-07-05 08:52:00+00:00, run_after=2026-07-05 08:53:00+00:00
[2026-07-05T08:53:32.104+0000] {processor.py:183} INFO - Processing /opt/airflow/dags/minio_to_snowflake_dag.py took 0.845 seconds
[2026-07-05T08:54:02.384+0000] {processor.py:161} INFO - Started process (PID=54053) to work on /opt/airflow/dags/minio_to_snowflake_dag.py
[2026-07-05T08:54:02.386+0000] {processor.py:830} INFO - Processing file /opt/airflow/dags/minio_to_snowflake_dag.py for tasks to queue
[2026-07-05T08:54:02.389+0000] {logging_mixin.py:188} INFO - [2026-07-05T08:54:02.389+0000] {dagbag.py:545} INFO - Filling up the DagBag from /opt/airflow/dags/minio_to_snowflake_dag.py
[2026-07-05T08:54:03.212+0000] {processor.py:840} INFO - DAG(s) 'minio_to_snowflake_ecommerce' retrieved from /opt/airflow/dags/minio_to_snowflake_dag.py
[2026-07-05T08:54:03.249+0000] {logging_mixin.py:188} INFO - [2026-07-05T08:54:03.248+0000] {dag.py:3089} INFO - Sync 1 DAGs
[2026-07-05T08:54:03.279+0000] {logging_mixin.py:188} INFO - [2026-07-05T08:54:03.279+0000] {dag.py:3947} INFO - Setting next_dagrun for minio_to_snowflake_ecommerce to 2026-07-05 08:53:00+00:00, run_after=2026-07-05 08:54:00+00:00
[2026-07-05T08:54:03.302+0000] {processor.py:183} INFO - Processing /opt/airflow/dags/minio_to_snowflake_dag.py took 0.926 seconds
[2026-07-05T08:54:33.642+0000] {processor.py:161} INFO - Started process (PID=54057) to work on /opt/airflow/dags/minio_to_snowflake_dag.py
[2026-07-05T08:54:33.643+0000] {processor.py:830} INFO - Processing file /opt/airflow/dags/minio_to_snowflake_dag.py for tasks to queue
[2026-07-05T08:54:33.646+0000] {logging_mixin.py:188} INFO - [2026-07-05T08:54:33.646+0000] {dagbag.py:545} INFO - Filling up the DagBag from /opt/airflow/dags/minio_to_snowflake_dag.py
[2026-07-05T08:54:34.706+0000] {processor.py:840} INFO - DAG(s) 'minio_to_snowflake_ecommerce' retrieved from /opt/airflow/dags/minio_to_snowflake_dag.py
[2026-07-05T08:54:34.768+0000] {logging_mixin.py:188} INFO - [2026-07-05T08:54:34.767+0000] {dag.py:3089} INFO - Sync 1 DAGs
[2026-07-05T08:54:34.821+0000] {logging_mixin.py:188} INFO - [2026-07-05T08:54:34.821+0000] {dag.py:3947} INFO - Setting next_dagrun for minio_to_snowflake_ecommerce to 2026-07-05 08:53:00+00:00, run_after=2026-07-05 08:54:00+00:00
[2026-07-05T08:54:34.856+0000] {processor.py:183} INFO - Processing /opt/airflow/dags/minio_to_snowflake_dag.py took 1.222 seconds
[2026-07-05T08:55:05.134+0000] {processor.py:161} INFO - Started process (PID=54061) to work on /opt/airflow/dags/minio_to_snowflake_dag.py
[2026-07-05T08:55:05.136+0000] {processor.py:830} INFO - Processing file /opt/airflow/dags/minio_to_snowflake_dag.py for tasks to queue
[2026-07-05T08:55:05.139+0000] {logging_mixin.py:188} INFO - [2026-07-05T08:55:05.138+0000] {dagbag.py:545} INFO - Filling up the DagBag from /opt/airflow/dags/minio_to_snowflake_dag.py
[2026-07-05T08:55:05.948+0000] {processor.py:840} INFO - DAG(s) 'minio_to_snowflake_ecommerce' retrieved from /opt/airflow/dags/minio_to_snowflake_dag.py
[2026-07-05T08:55:05.979+0000] {logging_mixin.py:188} INFO - [2026-07-05T08:55:05.978+0000] {dag.py:3089} INFO - Sync 1 DAGs
[2026-07-05T08:55:06.009+0000] {logging_mixin.py:188} INFO - [2026-07-05T08:55:06.008+0000] {dag.py:3947} INFO - Setting next_dagrun for minio_to_snowflake_ecommerce to 2026-07-05 08:54:00+00:00, run_after=2026-07-05 08:55:00+00:00
[2026-07-05T08:55:06.031+0000] {processor.py:183} INFO - Processing /opt/airflow/dags/minio_to_snowflake_dag.py took 0.906 seconds
[2026-07-05T08:55:36.147+0000] {processor.py:161} INFO - Started process (PID=54065) to work on /opt/airflow/dags/minio_to_snowflake_dag.py
[2026-07-05T08:55:36.149+0000] {processor.py:830} INFO - Processing file /opt/airflow/dags/minio_to_snowflake_dag.py for tasks to queue
[2026-07-05T08:55:36.151+0000] {logging_mixin.py:188} INFO - [2026-07-05T08:55:36.151+0000] {dagbag.py:545} INFO - Filling up the DagBag from /opt/airflow/dags/minio_to_snowflake_dag.py
[2026-07-05T08:55:36.955+0000] {processor.py:840} INFO - DAG(s) 'minio_to_snowflake_ecommerce' retrieved from /opt/airflow/dags/minio_to_snowflake_dag.py
[2026-07-05T08:55:36.990+0000] {logging_mixin.py:188} INFO - [2026-07-05T08:55:36.989+0000] {dag.py:3089} INFO - Sync 1 DAGs
[2026-07-05T08:55:37.017+0000] {logging_mixin.py:188} INFO - [2026-07-05T08:55:37.017+0000] {dag.py:3947} INFO - Setting next_dagrun for minio_to_snowflake_ecommerce to 2026-07-05 08:54:00+00:00, run_after=2026-07-05 08:55:00+00:00
[2026-07-05T08:55:37.042+0000] {processor.py:183} INFO - Processing /opt/airflow/dags/minio_to_snowflake_dag.py took 0.903 seconds
[2026-07-05T08:56:07.281+0000] {processor.py:161} INFO - Started process (PID=54069) to work on /opt/airflow/dags/minio_to_snowflake_dag.py
[2026-07-05T08:56:07.283+0000] {processor.py:830} INFO - Processing file /opt/airflow/dags/minio_to_snowflake_dag.py for tasks to queue
[2026-07-05T08:56:07.286+0000] {logging_mixin.py:188} INFO - [2026-07-05T08:56:07.285+0000] {dagbag.py:545} INFO - Filling up the DagBag from /opt/airflow/dags/minio_to_snowflake_dag.py
[2026-07-05T08:56:08.096+0000] {processor.py:840} INFO - DAG(s) 'minio_to_snowflake_ecommerce' retrieved from /opt/airflow/dags/minio_to_snowflake_dag.py
[2026-07-05T08:56:08.130+0000] {logging_mixin.py:188} INFO - [2026-07-05T08:56:08.130+0000] {dag.py:3089} INFO - Sync 1 DAGs
[2026-07-05T08:56:08.163+0000] {logging_mixin.py:188} INFO - [2026-07-05T08:56:08.163+0000] {dag.py:3947} INFO - Setting next_dagrun for minio_to_snowflake_ecommerce to 2026-07-05 08:55:00+00:00, run_after=2026-07-05 08:56:00+00:00
[2026-07-05T08:56:08.188+0000] {processor.py:183} INFO - Processing /opt/airflow/dags/minio_to_snowflake_dag.py took 0.914 seconds
[2026-07-05T08:56:38.514+0000] {processor.py:161} INFO - Started process (PID=54073) to work on /opt/airflow/dags/minio_to_snowflake_dag.py
[2026-07-05T08:56:38.516+0000] {processor.py:830} INFO - Processing file /opt/airflow/dags/minio_to_snowflake_dag.py for tasks to queue
[2026-07-05T08:56:38.520+0000] {logging_mixin.py:188} INFO - [2026-07-05T08:56:38.520+0000] {dagbag.py:545} INFO - Filling up the DagBag from /opt/airflow/dags/minio_to_snowflake_dag.py
[2026-07-05T08:56:40.051+0000] {processor.py:840} INFO - DAG(s) 'minio_to_snowflake_ecommerce' retrieved from /opt/airflow/dags/minio_to_snowflake_dag.py
[2026-07-05T08:56:40.084+0000] {logging_mixin.py:188} INFO - [2026-07-05T08:56:40.083+0000] {dag.py:3089} INFO - Sync 1 DAGs
[2026-07-05T08:56:40.113+0000] {logging_mixin.py:188} INFO - [2026-07-05T08:56:40.113+0000] {dag.py:3947} INFO - Setting next_dagrun for minio_to_snowflake_ecommerce to 2026-07-05 08:55:00+00:00, run_after=2026-07-05 08:56:00+00:00
[2026-07-05T08:56:40.140+0000] {processor.py:183} INFO - Processing /opt/airflow/dags/minio_to_snowflake_dag.py took 1.639 seconds
[2026-07-05T08:57:10.516+0000] {processor.py:161} INFO - Started process (PID=54077) to work on /opt/airflow/dags/minio_to_snowflake_dag.py
[2026-07-05T08:57:10.517+0000] {processor.py:830} INFO - Processing file /opt/airflow/dags/minio_to_snowflake_dag.py for tasks to queue
[2026-07-05T08:57:10.519+0000] {logging_mixin.py:188} INFO - [2026-07-05T08:57:10.519+0000] {dagbag.py:545} INFO - Filling up the DagBag from /opt/airflow/dags/minio_to_snowflake_dag.py
[2026-07-05T08:57:11.292+0000] {processor.py:840} INFO - DAG(s) 'minio_to_snowflake_ecommerce' retrieved from /opt/airflow/dags/minio_to_snowflake_dag.py
[2026-07-05T08:57:11.326+0000] {logging_mixin.py:188} INFO - [2026-07-05T08:57:11.326+0000] {dag.py:3089} INFO - Sync 1 DAGs
[2026-07-05T08:57:11.357+0000] {logging_mixin.py:188} INFO - [2026-07-05T08:57:11.357+0000] {dag.py:3947} INFO - Setting next_dagrun for minio_to_snowflake_ecommerce to 2026-07-05 08:56:00+00:00, run_after=2026-07-05 08:57:00+00:00
[2026-07-05T08:57:11.382+0000] {processor.py:183} INFO - Processing /opt/airflow/dags/minio_to_snowflake_dag.py took 0.874 seconds
[2026-07-05T08:57:41.754+0000] {processor.py:161} INFO - Started process (PID=54081) to work on /opt/airflow/dags/minio_to_snowflake_dag.py
[2026-07-05T08:57:41.756+0000] {processor.py:830} INFO - Processing file /opt/airflow/dags/minio_to_snowflake_dag.py for tasks to queue
[2026-07-05T08:57:41.758+0000] {logging_mixin.py:188} INFO - [2026-07-05T08:57:41.758+0000] {dagbag.py:545} INFO - Filling up the DagBag from /opt/airflow/dags/minio_to_snowflake_dag.py
[2026-07-05T08:57:42.563+0000] {processor.py:840} INFO - DAG(s) 'minio_to_snowflake_ecommerce' retrieved from /opt/airflow/dags/minio_to_snowflake_dag.py
[2026-07-05T08:57:42.593+0000] {logging_mixin.py:188} INFO - [2026-07-05T08:57:42.592+0000] {dag.py:3089} INFO - Sync 1 DAGs
[2026-07-05T08:57:42.618+0000] {logging_mixin.py:188} INFO - [2026-07-05T08:57:42.617+0000] {dag.py:3947} INFO - Setting next_dagrun for minio_to_snowflake_ecommerce to 2026-07-05 08:56:00+00:00, run_after=2026-07-05 08:57:00+00:00
[2026-07-05T08:57:42.639+0000] {processor.py:183} INFO - Processing /opt/airflow/dags/minio_to_snowflake_dag.py took 0.895 seconds
[2026-07-05T08:58:12.976+0000] {processor.py:161} INFO - Started process (PID=54085) to work on /opt/airflow/dags/minio_to_snowflake_dag.py
[2026-07-05T08:58:12.978+0000] {processor.py:830} INFO - Processing file /opt/airflow/dags/minio_to_snowflake_dag.py for tasks to queue
[2026-07-05T08:58:12.980+0000] {logging_mixin.py:188} INFO - [2026-07-05T08:58:12.979+0000] {dagbag.py:545} INFO - Filling up the DagBag from /opt/airflow/dags/minio_to_snowflake_dag.py
[2026-07-05T08:58:13.696+0000] {processor.py:840} INFO - DAG(s) 'minio_to_snowflake_ecommerce' retrieved from /opt/airflow/dags/minio_to_snowflake_dag.py
[2026-07-05T08:58:13.729+0000] {logging_mixin.py:188} INFO - [2026-07-05T08:58:13.729+0000] {dag.py:3089} INFO - Sync 1 DAGs
[2026-07-05T08:58:13.756+0000] {logging_mixin.py:188} INFO - [2026-07-05T08:58:13.756+0000] {dag.py:3947} INFO - Setting next_dagrun for minio_to_snowflake_ecommerce to 2026-07-05 08:57:00+00:00, run_after=2026-07-05 08:58:00+00:00
[2026-07-05T08:58:13.778+0000] {processor.py:183} INFO - Processing /opt/airflow/dags/minio_to_snowflake_dag.py took 0.810 seconds
[2026-07-05T08:58:43.885+0000] {processor.py:161} INFO - Started process (PID=54089) to work on /opt/airflow/dags/minio_to_snowflake_dag.py
[2026-07-05T08:58:43.887+0000] {processor.py:830} INFO - Processing file /opt/airflow/dags/minio_to_snowflake_dag.py for tasks to queue
[2026-07-05T08:58:43.889+0000] {logging_mixin.py:188} INFO - [2026-07-05T08:58:43.888+0000] {dagbag.py:545} INFO - Filling up the DagBag from /opt/airflow/dags/minio_to_snowflake_dag.py
[2026-07-05T08:58:44.614+0000] {processor.py:840} INFO - DAG(s) 'minio_to_snowflake_ecommerce' retrieved from /opt/airflow/dags/minio_to_snowflake_dag.py
[2026-07-05T08:58:44.646+0000] {logging_mixin.py:188} INFO - [2026-07-05T08:58:44.645+0000] {dag.py:3089} INFO - Sync 1 DAGs
[2026-07-05T08:58:44.673+0000] {logging_mixin.py:188} INFO - [2026-07-05T08:58:44.673+0000] {dag.py:3947} INFO - Setting next_dagrun for minio_to_snowflake_ecommerce to 2026-07-05 08:57:00+00:00, run_after=2026-07-05 08:58:00+00:00
[2026-07-05T08:58:44.696+0000] {processor.py:183} INFO - Processing /opt/airflow/dags/minio_to_snowflake_dag.py took 0.819 seconds
[2026-07-05T08:59:15.094+0000] {processor.py:161} INFO - Started process (PID=54093) to work on /opt/airflow/dags/minio_to_snowflake_dag.py
[2026-07-05T08:59:15.095+0000] {processor.py:830} INFO - Processing file /opt/airflow/dags/minio_to_snowflake_dag.py for tasks to queue
[2026-07-05T08:59:15.097+0000] {logging_mixin.py:188} INFO - [2026-07-05T08:59:15.097+0000] {dagbag.py:545} INFO - Filling up the DagBag from /opt/airflow/dags/minio_to_snowflake_dag.py
[2026-07-05T08:59:15.860+0000] {processor.py:840} INFO - DAG(s) 'minio_to_snowflake_ecommerce' retrieved from /opt/airflow/dags/minio_to_snowflake_dag.py
[2026-07-05T08:59:15.890+0000] {logging_mixin.py:188} INFO - [2026-07-05T08:59:15.889+0000] {dag.py:3089} INFO - Sync 1 DAGs
[2026-07-05T08:59:15.915+0000] {logging_mixin.py:188} INFO - [2026-07-05T08:59:15.915+0000] {dag.py:3947} INFO - Setting next_dagrun for minio_to_snowflake_ecommerce to 2026-07-05 08:58:00+00:00, run_after=2026-07-05 08:59:00+00:00
[2026-07-05T08:59:15.937+0000] {processor.py:183} INFO - Processing /opt/airflow/dags/minio_to_snowflake_dag.py took 0.851 seconds
[2026-07-05T08:59:46.289+0000] {processor.py:161} INFO - Started process (PID=54097) to work on /opt/airflow/dags/minio_to_snowflake_dag.py
[2026-07-05T08:59:46.291+0000] {processor.py:830} INFO - Processing file /opt/airflow/dags/minio_to_snowflake_dag.py for tasks to queue
[2026-07-05T08:59:46.293+0000] {logging_mixin.py:188} INFO - [2026-07-05T08:59:46.293+0000] {dagbag.py:545} INFO - Filling up the DagBag from /opt/airflow/dags/minio_to_snowflake_dag.py
[2026-07-05T08:59:47.007+0000] {processor.py:840} INFO - DAG(s) 'minio_to_snowflake_ecommerce' retrieved from /opt/airflow/dags/minio_to_snowflake_dag.py
[2026-07-05T08:59:47.037+0000] {logging_mixin.py:188} INFO - [2026-07-05T08:59:47.037+0000] {dag.py:3089} INFO - Sync 1 DAGs
[2026-07-05T08:59:47.065+0000] {logging_mixin.py:188} INFO - [2026-07-05T08:59:47.064+0000] {dag.py:3947} INFO - Setting next_dagrun for minio_to_snowflake_ecommerce to 2026-07-05 08:58:00+00:00, run_after=2026-07-05 08:59:00+00:00
[2026-07-05T08:59:47.088+0000] {processor.py:183} INFO - Processing /opt/airflow/dags/minio_to_snowflake_dag.py took 0.807 seconds
[2026-07-05T09:00:17.509+0000] {processor.py:161} INFO - Started process (PID=54101) to work on /opt/airflow/dags/minio_to_snowflake_dag.py
[2026-07-05T09:00:17.511+0000] {processor.py:830} INFO - Processing file /opt/airflow/dags/minio_to_snowflake_dag.py for tasks to queue
[2026-07-05T09:00:17.514+0000] {logging_mixin.py:188} INFO - [2026-07-05T09:00:17.514+0000] {dagbag.py:545} INFO - Filling up the DagBag from /opt/airflow/dags/minio_to_snowflake_dag.py
[2026-07-05T09:00:18.263+0000] {processor.py:840} INFO - DAG(s) 'minio_to_snowflake_ecommerce' retrieved from /opt/airflow/dags/minio_to_snowflake_dag.py
[2026-07-05T09:00:18.293+0000] {logging_mixin.py:188} INFO - [2026-07-05T09:00:18.293+0000] {dag.py:3089} INFO - Sync 1 DAGs
[2026-07-05T09:00:18.325+0000] {logging_mixin.py:188} INFO - [2026-07-05T09:00:18.324+0000] {dag.py:3947} INFO - Setting next_dagrun for minio_to_snowflake_ecommerce to 2026-07-05 08:59:00+00:00, run_after=2026-07-05 09:00:00+00:00
[2026-07-05T09:00:18.351+0000] {processor.py:183} INFO - Processing /opt/airflow/dags/minio_to_snowflake_dag.py took 0.848 seconds
[2026-07-05T09:00:48.495+0000] {processor.py:161} INFO - Started process (PID=54105) to work on /opt/airflow/dags/minio_to_snowflake_dag.py
[2026-07-05T09:00:48.496+0000] {processor.py:830} INFO - Processing file /opt/airflow/dags/minio_to_snowflake_dag.py for tasks to queue
[2026-07-05T09:00:48.498+0000] {logging_mixin.py:188} INFO - [2026-07-05T09:00:48.498+0000] {dagbag.py:545} INFO - Filling up the DagBag from /opt/airflow/dags/minio_to_snowflake_dag.py
[2026-07-05T09:00:49.203+0000] {processor.py:840} INFO - DAG(s) 'minio_to_snowflake_ecommerce' retrieved from /opt/airflow/dags/minio_to_snowflake_dag.py
[2026-07-05T09:00:49.239+0000] {logging_mixin.py:188} INFO - [2026-07-05T09:00:49.239+0000] {dag.py:3089} INFO - Sync 1 DAGs
[2026-07-05T09:00:49.269+0000] {logging_mixin.py:188} INFO - [2026-07-05T09:00:49.268+0000] {dag.py:3947} INFO - Setting next_dagrun for minio_to_snowflake_ecommerce to 2026-07-05 08:59:00+00:00, run_after=2026-07-05 09:00:00+00:00
[2026-07-05T09:00:49.293+0000] {processor.py:183} INFO - Processing /opt/airflow/dags/minio_to_snowflake_dag.py took 0.806 seconds
[2026-07-05T09:01:19.719+0000] {processor.py:161} INFO - Started process (PID=54109) to work on /opt/airflow/dags/minio_to_snowflake_dag.py
[2026-07-05T09:01:19.720+0000] {processor.py:830} INFO - Processing file /opt/airflow/dags/minio_to_snowflake_dag.py for tasks to queue
[2026-07-05T09:01:19.722+0000] {logging_mixin.py:188} INFO - [2026-07-05T09:01:19.722+0000] {dagbag.py:545} INFO - Filling up the DagBag from /opt/airflow/dags/minio_to_snowflake_dag.py
[2026-07-05T09:01:20.487+0000] {processor.py:840} INFO - DAG(s) 'minio_to_snowflake_ecommerce' retrieved from /opt/airflow/dags/minio_to_snowflake_dag.py
[2026-07-05T09:01:20.516+0000] {logging_mixin.py:188} INFO - [2026-07-05T09:01:20.515+0000] {dag.py:3089} INFO - Sync 1 DAGs
[2026-07-05T09:01:20.543+0000] {logging_mixin.py:188} INFO - [2026-07-05T09:01:20.542+0000] {dag.py:3947} INFO - Setting next_dagrun for minio_to_snowflake_ecommerce to 2026-07-05 09:00:00+00:00, run_after=2026-07-05 09:01:00+00:00
[2026-07-05T09:01:20.565+0000] {processor.py:183} INFO - Processing /opt/airflow/dags/minio_to_snowflake_dag.py took 0.852 seconds
[2026-07-05T09:01:50.942+0000] {processor.py:161} INFO - Started process (PID=54113) to work on /opt/airflow/dags/minio_to_snowflake_dag.py
[2026-07-05T09:01:50.943+0000] {processor.py:830} INFO - Processing file /opt/airflow/dags/minio_to_snowflake_dag.py for tasks to queue
[2026-07-05T09:01:50.946+0000] {logging_mixin.py:188} INFO - [2026-07-05T09:01:50.945+0000] {dagbag.py:545} INFO - Filling up the DagBag from /opt/airflow/dags/minio_to_snowflake_dag.py
[2026-07-05T09:01:51.621+0000] {processor.py:840} INFO - DAG(s) 'minio_to_snowflake_ecommerce' retrieved from /opt/airflow/dags/minio_to_snowflake_dag.py
[2026-07-05T09:01:51.652+0000] {logging_mixin.py:188} INFO - [2026-07-05T09:01:51.651+0000] {dag.py:3089} INFO - Sync 1 DAGs
[2026-07-05T09:01:51.677+0000] {logging_mixin.py:188} INFO - [2026-07-05T09:01:51.676+0000] {dag.py:3947} INFO - Setting next_dagrun for minio_to_snowflake_ecommerce to 2026-07-05 09:00:00+00:00, run_after=2026-07-05 09:01:00+00:00
[2026-07-05T09:01:51.699+0000] {processor.py:183} INFO - Processing /opt/airflow/dags/minio_to_snowflake_dag.py took 0.768 seconds
[2026-07-05T09:02:22.154+0000] {processor.py:161} INFO - Started process (PID=54117) to work on /opt/airflow/dags/minio_to_snowflake_dag.py
[2026-07-05T09:02:22.155+0000] {processor.py:830} INFO - Processing file /opt/airflow/dags/minio_to_snowflake_dag.py for tasks to queue
[2026-07-05T09:02:22.157+0000] {logging_mixin.py:188} INFO - [2026-07-05T09:02:22.157+0000] {dagbag.py:545} INFO - Filling up the DagBag from /opt/airflow/dags/minio_to_snowflake_dag.py
[2026-07-05T09:02:22.861+0000] {processor.py:840} INFO - DAG(s) 'minio_to_snowflake_ecommerce' retrieved from /opt/airflow/dags/minio_to_snowflake_dag.py
[2026-07-05T09:02:22.890+0000] {logging_mixin.py:188} INFO - [2026-07-05T09:02:22.889+0000] {dag.py:3089} INFO - Sync 1 DAGs
[2026-07-05T09:02:22.918+0000] {logging_mixin.py:188} INFO - [2026-07-05T09:02:22.917+0000] {dag.py:3947} INFO - Setting next_dagrun for minio_to_snowflake_ecommerce to 2026-07-05 09:01:00+00:00, run_after=2026-07-05 09:02:00+00:00
[2026-07-05T09:02:22.937+0000] {processor.py:183} INFO - Processing /opt/airflow/dags/minio_to_snowflake_dag.py took 0.791 seconds
[2026-07-05T09:02:53.159+0000] {processor.py:161} INFO - Started process (PID=54121) to work on /opt/airflow/dags/minio_to_snowflake_dag.py
[2026-07-05T09:02:53.160+0000] {processor.py:830} INFO - Processing file /opt/airflow/dags/minio_to_snowflake_dag.py for tasks to queue
[2026-07-05T09:02:53.162+0000] {logging_mixin.py:188} INFO - [2026-07-05T09:02:53.162+0000] {dagbag.py:545} INFO - Filling up the DagBag from /opt/airflow/dags/minio_to_snowflake_dag.py
[2026-07-05T09:02:53.873+0000] {processor.py:840} INFO - DAG(s) 'minio_to_snowflake_ecommerce' retrieved from /opt/airflow/dags/minio_to_snowflake_dag.py
[2026-07-05T09:02:53.905+0000] {logging_mixin.py:188} INFO - [2026-07-05T09:02:53.905+0000] {dag.py:3089} INFO - Sync 1 DAGs
[2026-07-05T09:02:53.931+0000] {logging_mixin.py:188} INFO - [2026-07-05T09:02:53.931+0000] {dag.py:3947} INFO - Setting next_dagrun for minio_to_snowflake_ecommerce to 2026-07-05 09:01:00+00:00, run_after=2026-07-05 09:02:00+00:00
[2026-07-05T09:02:53.954+0000] {processor.py:183} INFO - Processing /opt/airflow/dags/minio_to_snowflake_dag.py took 0.802 seconds
[2026-07-05T09:03:24.489+0000] {processor.py:161} INFO - Started process (PID=54125) to work on /opt/airflow/dags/minio_to_snowflake_dag.py
[2026-07-05T09:03:24.490+0000] {processor.py:830} INFO - Processing file /opt/airflow/dags/minio_to_snowflake_dag.py for tasks to queue
[2026-07-05T09:03:24.493+0000] {logging_mixin.py:188} INFO - [2026-07-05T09:03:24.492+0000] {dagbag.py:545} INFO - Filling up the DagBag from /opt/airflow/dags/minio_to_snowflake_dag.py
[2026-07-05T09:03:25.185+0000] {processor.py:840} INFO - DAG(s) 'minio_to_snowflake_ecommerce' retrieved from /opt/airflow/dags/minio_to_snowflake_dag.py
[2026-07-05T09:03:25.214+0000] {logging_mixin.py:188} INFO - [2026-07-05T09:03:25.214+0000] {dag.py:3089} INFO - Sync 1 DAGs
[2026-07-05T09:03:25.240+0000] {logging_mixin.py:188} INFO - [2026-07-05T09:03:25.240+0000] {dag.py:3947} INFO - Setting next_dagrun for minio_to_snowflake_ecommerce to 2026-07-05 09:02:00+00:00, run_after=2026-07-05 09:03:00+00:00
[2026-07-05T09:03:25.266+0000] {processor.py:183} INFO - Processing /opt/airflow/dags/minio_to_snowflake_dag.py took 0.784 seconds
[2026-07-05T09:03:55.699+0000] {processor.py:161} INFO - Started process (PID=54129) to work on /opt/airflow/dags/minio_to_snowflake_dag.py
[2026-07-05T09:03:55.700+0000] {processor.py:830} INFO - Processing file /opt/airflow/dags/minio_to_snowflake_dag.py for tasks to queue
[2026-07-05T09:03:55.703+0000] {logging_mixin.py:188} INFO - [2026-07-05T09:03:55.702+0000] {dagbag.py:545} INFO - Filling up the DagBag from /opt/airflow/dags/minio_to_snowflake_dag.py
[2026-07-05T09:03:56.383+0000] {processor.py:840} INFO - DAG(s) 'minio_to_snowflake_ecommerce' retrieved from /opt/airflow/dags/minio_to_snowflake_dag.py
[2026-07-05T09:03:56.414+0000] {logging_mixin.py:188} INFO - [2026-07-05T09:03:56.413+0000] {dag.py:3089} INFO - Sync 1 DAGs
[2026-07-05T09:03:56.440+0000] {logging_mixin.py:188} INFO - [2026-07-05T09:03:56.440+0000] {dag.py:3947} INFO - Setting next_dagrun for minio_to_snowflake_ecommerce to 2026-07-05 09:02:00+00:00, run_after=2026-07-05 09:03:00+00:00
[2026-07-05T09:03:56.462+0000] {processor.py:183} INFO - Processing /opt/airflow/dags/minio_to_snowflake_dag.py took 0.771 seconds
[2026-07-05T09:04:26.949+0000] {processor.py:161} INFO - Started process (PID=54133) to work on /opt/airflow/dags/minio_to_snowflake_dag.py
[2026-07-05T09:04:26.950+0000] {processor.py:830} INFO - Processing file /opt/airflow/dags/minio_to_snowflake_dag.py for tasks to queue
[2026-07-05T09:04:26.952+0000] {logging_mixin.py:188} INFO - [2026-07-05T09:04:26.952+0000] {dagbag.py:545} INFO - Filling up the DagBag from /opt/airflow/dags/minio_to_snowflake_dag.py
[2026-07-05T09:04:27.641+0000] {processor.py:840} INFO - DAG(s) 'minio_to_snowflake_ecommerce' retrieved from /opt/airflow/dags/minio_to_snowflake_dag.py
[2026-07-05T09:04:27.673+0000] {logging_mixin.py:188} INFO - [2026-07-05T09:04:27.672+0000] {dag.py:3089} INFO - Sync 1 DAGs
[2026-07-05T09:04:27.700+0000] {logging_mixin.py:188} INFO - [2026-07-05T09:04:27.699+0000] {dag.py:3947} INFO - Setting next_dagrun for minio_to_snowflake_ecommerce to 2026-07-05 09:03:00+00:00, run_after=2026-07-05 09:04:00+00:00
[2026-07-05T09:04:27.721+0000] {processor.py:183} INFO - Processing /opt/airflow/dags/minio_to_snowflake_dag.py took 0.779 seconds
[2026-07-05T09:04:58.110+0000] {processor.py:161} INFO - Started process (PID=54137) to work on /opt/airflow/dags/minio_to_snowflake_dag.py
[2026-07-05T09:04:58.111+0000] {processor.py:830} INFO - Processing file /opt/airflow/dags/minio_to_snowflake_dag.py for tasks to queue
[2026-07-05T09:04:58.114+0000] {logging_mixin.py:188} INFO - [2026-07-05T09:04:58.113+0000] {dagbag.py:545} INFO - Filling up the DagBag from /opt/airflow/dags/minio_to_snowflake_dag.py
[2026-07-05T09:04:58.811+0000] {processor.py:840} INFO - DAG(s) 'minio_to_snowflake_ecommerce' retrieved from /opt/airflow/dags/minio_to_snowflake_dag.py
[2026-07-05T09:04:58.842+0000] {logging_mixin.py:188} INFO - [2026-07-05T09:04:58.842+0000] {dag.py:3089} INFO - Sync 1 DAGs
[2026-07-05T09:04:58.867+0000] {logging_mixin.py:188} INFO - [2026-07-05T09:04:58.867+0000] {dag.py:3947} INFO - Setting next_dagrun for minio_to_snowflake_ecommerce to 2026-07-05 09:03:00+00:00, run_after=2026-07-05 09:04:00+00:00
[2026-07-05T09:04:58.889+0000] {processor.py:183} INFO - Processing /opt/airflow/dags/minio_to_snowflake_dag.py took 0.785 seconds
[2026-07-05T09:05:29.143+0000] {processor.py:161} INFO - Started process (PID=54141) to work on /opt/airflow/dags/minio_to_snowflake_dag.py
[2026-07-05T09:05:29.144+0000] {processor.py:830} INFO - Processing file /opt/airflow/dags/minio_to_snowflake_dag.py for tasks to queue
[2026-07-05T09:05:29.146+0000] {logging_mixin.py:188} INFO - [2026-07-05T09:05:29.146+0000] {dagbag.py:545} INFO - Filling up the DagBag from /opt/airflow/dags/minio_to_snowflake_dag.py
[2026-07-05T09:05:29.859+0000] {processor.py:840} INFO - DAG(s) 'minio_to_snowflake_ecommerce' retrieved from /opt/airflow/dags/minio_to_snowflake_dag.py
[2026-07-05T09:05:29.890+0000] {logging_mixin.py:188} INFO - [2026-07-05T09:05:29.889+0000] {dag.py:3089} INFO - Sync 1 DAGs
[2026-07-05T09:05:29.915+0000] {logging_mixin.py:188} INFO - [2026-07-05T09:05:29.915+0000] {dag.py:3947} INFO - Setting next_dagrun for minio_to_snowflake_ecommerce to 2026-07-05 09:04:00+00:00, run_after=2026-07-05 09:05:00+00:00
[2026-07-05T09:05:29.936+0000] {processor.py:183} INFO - Processing /opt/airflow/dags/minio_to_snowflake_dag.py took 0.799 seconds
[2026-07-05T09:06:00.345+0000] {processor.py:161} INFO - Started process (PID=54145) to work on /opt/airflow/dags/minio_to_snowflake_dag.py
[2026-07-05T09:06:00.347+0000] {processor.py:830} INFO - Processing file /opt/airflow/dags/minio_to_snowflake_dag.py for tasks to queue
[2026-07-05T09:06:00.349+0000] {logging_mixin.py:188} INFO - [2026-07-05T09:06:00.348+0000] {dagbag.py:545} INFO - Filling up the DagBag from /opt/airflow/dags/minio_to_snowflake_dag.py
[2026-07-05T09:06:01.050+0000] {processor.py:840} INFO - DAG(s) 'minio_to_snowflake_ecommerce' retrieved from /opt/airflow/dags/minio_to_snowflake_dag.py
[2026-07-05T09:06:01.081+0000] {logging_mixin.py:188} INFO - [2026-07-05T09:06:01.081+0000] {dag.py:3089} INFO - Sync 1 DAGs
[2026-07-05T09:06:01.105+0000] {logging_mixin.py:188} INFO - [2026-07-05T09:06:01.105+0000] {dag.py:3947} INFO - Setting next_dagrun for minio_to_snowflake_ecommerce to 2026-07-05 09:05:00+00:00, run_after=2026-07-05 09:06:00+00:00
[2026-07-05T09:06:01.126+0000] {processor.py:183} INFO - Processing /opt/airflow/dags/minio_to_snowflake_dag.py took 0.788 seconds
[2026-07-05T09:06:31.607+0000] {processor.py:161} INFO - Started process (PID=54149) to work on /opt/airflow/dags/minio_to_snowflake_dag.py
[2026-07-05T09:06:31.609+0000] {processor.py:830} INFO - Processing file /opt/airflow/dags/minio_to_snowflake_dag.py for tasks to queue
[2026-07-05T09:06:31.612+0000] {logging_mixin.py:188} INFO - [2026-07-05T09:06:31.611+0000] {dagbag.py:545} INFO - Filling up the DagBag from /opt/airflow/dags/minio_to_snowflake_dag.py
[2026-07-05T09:06:32.312+0000] {processor.py:840} INFO - DAG(s) 'minio_to_snowflake_ecommerce' retrieved from /opt/airflow/dags/minio_to_snowflake_dag.py
[2026-07-05T09:06:32.339+0000] {logging_mixin.py:188} INFO - [2026-07-05T09:06:32.339+0000] {dag.py:3089} INFO - Sync 1 DAGs
[2026-07-05T09:06:32.365+0000] {logging_mixin.py:188} INFO - [2026-07-05T09:06:32.364+0000] {dag.py:3947} INFO - Setting next_dagrun for minio_to_snowflake_ecommerce to 2026-07-05 09:05:00+00:00, run_after=2026-07-05 09:06:00+00:00
[2026-07-05T09:06:32.382+0000] {processor.py:183} INFO - Processing /opt/airflow/dags/minio_to_snowflake_dag.py took 0.783 seconds
[2026-07-05T09:07:02.821+0000] {processor.py:161} INFO - Started process (PID=54153) to work on /opt/airflow/dags/minio_to_snowflake_dag.py
[2026-07-05T09:07:02.823+0000] {processor.py:830} INFO - Processing file /opt/airflow/dags/minio_to_snowflake_dag.py for tasks to queue
[2026-07-05T09:07:02.826+0000] {logging_mixin.py:188} INFO - [2026-07-05T09:07:02.825+0000] {dagbag.py:545} INFO - Filling up the DagBag from /opt/airflow/dags/minio_to_snowflake_dag.py
[2026-07-05T09:07:03.538+0000] {processor.py:840} INFO - DAG(s) 'minio_to_snowflake_ecommerce' retrieved from /opt/airflow/dags/minio_to_snowflake_dag.py
[2026-07-05T09:07:03.571+0000] {logging_mixin.py:188} INFO - [2026-07-05T09:07:03.570+0000] {dag.py:3089} INFO - Sync 1 DAGs
[2026-07-05T09:07:03.598+0000] {logging_mixin.py:188} INFO - [2026-07-05T09:07:03.598+0000] {dag.py:3947} INFO - Setting next_dagrun for minio_to_snowflake_ecommerce to 2026-07-05 09:06:00+00:00, run_after=2026-07-05 09:07:00+00:00
[2026-07-05T09:07:03.620+0000] {processor.py:183} INFO - Processing /opt/airflow/dags/minio_to_snowflake_dag.py took 0.807 seconds
[2026-07-05T09:07:33.667+0000] {processor.py:161} INFO - Started process (PID=54157) to work on /opt/airflow/dags/minio_to_snowflake_dag.py
[2026-07-05T09:07:33.669+0000] {processor.py:830} INFO - Processing file /opt/airflow/dags/minio_to_snowflake_dag.py for tasks to queue
[2026-07-05T09:07:33.671+0000] {logging_mixin.py:188} INFO - [2026-07-05T09:07:33.671+0000] {dagbag.py:545} INFO - Filling up the DagBag from /opt/airflow/dags/minio_to_snowflake_dag.py
[2026-07-05T09:07:34.367+0000] {processor.py:840} INFO - DAG(s) 'minio_to_snowflake_ecommerce' retrieved from /opt/airflow/dags/minio_to_snowflake_dag.py
[2026-07-05T09:07:34.396+0000] {logging_mixin.py:188} INFO - [2026-07-05T09:07:34.396+0000] {dag.py:3089} INFO - Sync 1 DAGs
[2026-07-05T09:07:34.422+0000] {logging_mixin.py:188} INFO - [2026-07-05T09:07:34.422+0000] {dag.py:3947} INFO - Setting next_dagrun for minio_to_snowflake_ecommerce to 2026-07-05 09:06:00+00:00, run_after=2026-07-05 09:07:00+00:00
[2026-07-05T09:07:34.444+0000] {processor.py:183} INFO - Processing /opt/airflow/dags/minio_to_snowflake_dag.py took 0.784 seconds
[2026-07-05T09:08:04.841+0000] {processor.py:161} INFO - Started process (PID=54161) to work on /opt/airflow/dags/minio_to_snowflake_dag.py
[2026-07-05T09:08:04.842+0000] {processor.py:830} INFO - Processing file /opt/airflow/dags/minio_to_snowflake_dag.py for tasks to queue
[2026-07-05T09:08:04.845+0000] {logging_mixin.py:188} INFO - [2026-07-05T09:08:04.844+0000] {dagbag.py:545} INFO - Filling up the DagBag from /opt/airflow/dags/minio_to_snowflake_dag.py
[2026-07-05T09:08:05.572+0000] {processor.py:840} INFO - DAG(s) 'minio_to_snowflake_ecommerce' retrieved from /opt/airflow/dags/minio_to_snowflake_dag.py
[2026-07-05T09:08:05.605+0000] {logging_mixin.py:188} INFO - [2026-07-05T09:08:05.605+0000] {dag.py:3089} INFO - Sync 1 DAGs
[2026-07-05T09:08:05.633+0000] {logging_mixin.py:188} INFO - [2026-07-05T09:08:05.632+0000] {dag.py:3947} INFO - Setting next_dagrun for minio_to_snowflake_ecommerce to 2026-07-05 09:07:00+00:00, run_after=2026-07-05 09:08:00+00:00
[2026-07-05T09:08:05.655+0000] {processor.py:183} INFO - Processing /opt/airflow/dags/minio_to_snowflake_dag.py took 0.821 seconds
[2026-07-05T09:08:35.818+0000] {processor.py:161} INFO - Started process (PID=54165) to work on /opt/airflow/dags/minio_to_snowflake_dag.py
[2026-07-05T09:08:35.820+0000] {processor.py:830} INFO - Processing file /opt/airflow/dags/minio_to_snowflake_dag.py for tasks to queue
[2026-07-05T09:08:35.822+0000] {logging_mixin.py:188} INFO - [2026-07-05T09:08:35.822+0000] {dagbag.py:545} INFO - Filling up the DagBag from /opt/airflow/dags/minio_to_snowflake_dag.py
[2026-07-05T09:08:36.618+0000] {processor.py:840} INFO - DAG(s) 'minio_to_snowflake_ecommerce' retrieved from /opt/airflow/dags/minio_to_snowflake_dag.py
[2026-07-05T09:08:36.651+0000] {logging_mixin.py:188} INFO - [2026-07-05T09:08:36.651+0000] {dag.py:3089} INFO - Sync 1 DAGs
[2026-07-05T09:08:36.680+0000] {logging_mixin.py:188} INFO - [2026-07-05T09:08:36.680+0000] {dag.py:3947} INFO - Setting next_dagrun for minio_to_snowflake_ecommerce to 2026-07-05 09:07:00+00:00, run_after=2026-07-05 09:08:00+00:00
[2026-07-05T09:08:36.705+0000] {processor.py:183} INFO - Processing /opt/airflow/dags/minio_to_snowflake_dag.py took 0.894 seconds
[2026-07-05T09:09:07.035+0000] {processor.py:161} INFO - Started process (PID=54169) to work on /opt/airflow/dags/minio_to_snowflake_dag.py
[2026-07-05T09:09:07.036+0000] {processor.py:830} INFO - Processing file /opt/airflow/dags/minio_to_snowflake_dag.py for tasks to queue
[2026-07-05T09:09:07.039+0000] {logging_mixin.py:188} INFO - [2026-07-05T09:09:07.038+0000] {dagbag.py:545} INFO - Filling up the DagBag from /opt/airflow/dags/minio_to_snowflake_dag.py
[2026-07-05T09:09:07.869+0000] {processor.py:840} INFO - DAG(s) 'minio_to_snowflake_ecommerce' retrieved from /opt/airflow/dags/minio_to_snowflake_dag.py
[2026-07-05T09:09:07.904+0000] {logging_mixin.py:188} INFO - [2026-07-05T09:09:07.904+0000] {dag.py:3089} INFO - Sync 1 DAGs
[2026-07-05T09:09:07.946+0000] {logging_mixin.py:188} INFO - [2026-07-05T09:09:07.945+0000] {dag.py:3947} INFO - Setting next_dagrun for minio_to_snowflake_ecommerce to 2026-07-05 09:08:00+00:00, run_after=2026-07-05 09:09:00+00:00
[2026-07-05T09:09:07.983+0000] {processor.py:183} INFO - Processing /opt/airflow/dags/minio_to_snowflake_dag.py took 0.956 seconds
[2026-07-05T09:09:38.387+0000] {processor.py:161} INFO - Started process (PID=54173) to work on /opt/airflow/dags/minio_to_snowflake_dag.py
[2026-07-05T09:09:38.389+0000] {processor.py:830} INFO - Processing file /opt/airflow/dags/minio_to_snowflake_dag.py for tasks to queue
[2026-07-05T09:09:38.391+0000] {logging_mixin.py:188} INFO - [2026-07-05T09:09:38.391+0000] {dagbag.py:545} INFO - Filling up the DagBag from /opt/airflow/dags/minio_to_snowflake_dag.py
[2026-07-05T09:09:39.498+0000] {processor.py:840} INFO - DAG(s) 'minio_to_snowflake_ecommerce' retrieved from /opt/airflow/dags/minio_to_snowflake_dag.py
[2026-07-05T09:09:39.534+0000] {logging_mixin.py:188} INFO - [2026-07-05T09:09:39.534+0000] {dag.py:3089} INFO - Sync 1 DAGs
[2026-07-05T09:09:39.564+0000] {logging_mixin.py:188} INFO - [2026-07-05T09:09:39.563+0000] {dag.py:3947} INFO - Setting next_dagrun for minio_to_snowflake_ecommerce to 2026-07-05 09:08:00+00:00, run_after=2026-07-05 09:09:00+00:00
[2026-07-05T09:09:39.588+0000] {processor.py:183} INFO - Processing /opt/airflow/dags/minio_to_snowflake_dag.py took 1.209 seconds
[2026-07-05T09:10:09.691+0000] {processor.py:161} INFO - Started process (PID=54177) to work on /opt/airflow/dags/minio_to_snowflake_dag.py
[2026-07-05T09:10:09.692+0000] {processor.py:830} INFO - Processing file /opt/airflow/dags/minio_to_snowflake_dag.py for tasks to queue
[2026-07-05T09:10:09.696+0000] {logging_mixin.py:188} INFO - [2026-07-05T09:10:09.695+0000] {dagbag.py:545} INFO - Filling up the DagBag from /opt/airflow/dags/minio_to_snowflake_dag.py
[2026-07-05T09:10:10.523+0000] {processor.py:840} INFO - DAG(s) 'minio_to_snowflake_ecommerce' retrieved from /opt/airflow/dags/minio_to_snowflake_dag.py
[2026-07-05T09:10:10.552+0000] {logging_mixin.py:188} INFO - [2026-07-05T09:10:10.551+0000] {dag.py:3089} INFO - Sync 1 DAGs
[2026-07-05T09:10:10.579+0000] {logging_mixin.py:188} INFO - [2026-07-05T09:10:10.579+0000] {dag.py:3947} INFO - Setting next_dagrun for minio_to_snowflake_ecommerce to 2026-07-05 09:09:00+00:00, run_after=2026-07-05 09:10:00+00:00
[2026-07-05T09:10:10.607+0000] {processor.py:183} INFO - Processing /opt/airflow/dags/minio_to_snowflake_dag.py took 0.925 seconds
[2026-07-05T09:10:40.919+0000] {processor.py:161} INFO - Started process (PID=54181) to work on /opt/airflow/dags/minio_to_snowflake_dag.py
[2026-07-05T09:10:40.921+0000] {processor.py:830} INFO - Processing file /opt/airflow/dags/minio_to_snowflake_dag.py for tasks to queue
[2026-07-05T09:10:40.926+0000] {logging_mixin.py:188} INFO - [2026-07-05T09:10:40.925+0000] {dagbag.py:545} INFO - Filling up the DagBag from /opt/airflow/dags/minio_to_snowflake_dag.py
[2026-07-05T09:10:42.034+0000] {processor.py:840} INFO - DAG(s) 'minio_to_snowflake_ecommerce' retrieved from /opt/airflow/dags/minio_to_snowflake_dag.py
[2026-07-05T09:10:42.136+0000] {logging_mixin.py:188} INFO - [2026-07-05T09:10:42.135+0000] {dag.py:3089} INFO - Sync 1 DAGs
[2026-07-05T09:10:42.231+0000] {logging_mixin.py:188} INFO - [2026-07-05T09:10:42.230+0000] {dag.py:3947} INFO - Setting next_dagrun for minio_to_snowflake_ecommerce to 2026-07-05 09:09:00+00:00, run_after=2026-07-05 09:10:00+00:00
[2026-07-05T09:10:42.299+0000] {processor.py:183} INFO - Processing /opt/airflow/dags/minio_to_snowflake_dag.py took 1.390 seconds
[2026-07-05T09:11:12.500+0000] {processor.py:161} INFO - Started process (PID=54185) to work on /opt/airflow/dags/minio_to_snowflake_dag.py
[2026-07-05T09:11:12.501+0000] {processor.py:830} INFO - Processing file /opt/airflow/dags/minio_to_snowflake_dag.py for tasks to queue
[2026-07-05T09:11:12.504+0000] {logging_mixin.py:188} INFO - [2026-07-05T09:11:12.504+0000] {dagbag.py:545} INFO - Filling up the DagBag from /opt/airflow/dags/minio_to_snowflake_dag.py
[2026-07-05T09:11:13.245+0000] {processor.py:840} INFO - DAG(s) 'minio_to_snowflake_ecommerce' retrieved from /opt/airflow/dags/minio_to_snowflake_dag.py
[2026-07-05T09:11:13.271+0000] {logging_mixin.py:188} INFO - [2026-07-05T09:11:13.271+0000] {dag.py:3089} INFO - Sync 1 DAGs
[2026-07-05T09:11:13.295+0000] {logging_mixin.py:188} INFO - [2026-07-05T09:11:13.295+0000] {dag.py:3947} INFO - Setting next_dagrun for minio_to_snowflake_ecommerce to 2026-07-05 09:10:00+00:00, run_after=2026-07-05 09:11:00+00:00
[2026-07-05T09:11:13.317+0000] {processor.py:183} INFO - Processing /opt/airflow/dags/minio_to_snowflake_dag.py took 0.826 seconds
[2026-07-05T09:11:43.676+0000] {processor.py:161} INFO - Started process (PID=54189) to work on /opt/airflow/dags/minio_to_snowflake_dag.py
[2026-07-05T09:11:43.678+0000] {processor.py:830} INFO - Processing file /opt/airflow/dags/minio_to_snowflake_dag.py for tasks to queue
[2026-07-05T09:11:43.680+0000] {logging_mixin.py:188} INFO - [2026-07-05T09:11:43.680+0000] {dagbag.py:545} INFO - Filling up the DagBag from /opt/airflow/dags/minio_to_snowflake_dag.py
[2026-07-05T09:11:44.462+0000] {processor.py:840} INFO - DAG(s) 'minio_to_snowflake_ecommerce' retrieved from /opt/airflow/dags/minio_to_snowflake_dag.py
[2026-07-05T09:11:44.491+0000] {logging_mixin.py:188} INFO - [2026-07-05T09:11:44.491+0000] {dag.py:3089} INFO - Sync 1 DAGs
[2026-07-05T09:11:44.520+0000] {logging_mixin.py:188} INFO - [2026-07-05T09:11:44.520+0000] {dag.py:3947} INFO - Setting next_dagrun for minio_to_snowflake_ecommerce to 2026-07-05 09:10:00+00:00, run_after=2026-07-05 09:11:00+00:00
[2026-07-05T09:11:44.542+0000] {processor.py:183} INFO - Processing /opt/airflow/dags/minio_to_snowflake_dag.py took 0.874 seconds
[2026-07-05T09:12:14.881+0000] {processor.py:161} INFO - Started process (PID=54193) to work on /opt/airflow/dags/minio_to_snowflake_dag.py
[2026-07-05T09:12:14.882+0000] {processor.py:830} INFO - Processing file /opt/airflow/dags/minio_to_snowflake_dag.py for tasks to queue
[2026-07-05T09:12:14.885+0000] {logging_mixin.py:188} INFO - [2026-07-05T09:12:14.884+0000] {dagbag.py:545} INFO - Filling up the DagBag from /opt/airflow/dags/minio_to_snowflake_dag.py
[2026-07-05T09:12:15.625+0000] {processor.py:840} INFO - DAG(s) 'minio_to_snowflake_ecommerce' retrieved from /opt/airflow/dags/minio_to_snowflake_dag.py
[2026-07-05T09:12:15.655+0000] {logging_mixin.py:188} INFO - [2026-07-05T09:12:15.655+0000] {dag.py:3089} INFO - Sync 1 DAGs
[2026-07-05T09:12:15.681+0000] {logging_mixin.py:188} INFO - [2026-07-05T09:12:15.681+0000] {dag.py:3947} INFO - Setting next_dagrun for minio_to_snowflake_ecommerce to 2026-07-05 09:11:00+00:00, run_after=2026-07-05 09:12:00+00:00
[2026-07-05T09:12:15.705+0000] {processor.py:183} INFO - Processing /opt/airflow/dags/minio_to_snowflake_dag.py took 0.833 seconds
[2026-07-05T09:12:46.039+0000] {processor.py:161} INFO - Started process (PID=54197) to work on /opt/airflow/dags/minio_to_snowflake_dag.py
[2026-07-05T09:12:46.040+0000] {processor.py:830} INFO - Processing file /opt/airflow/dags/minio_to_snowflake_dag.py for tasks to queue
[2026-07-05T09:12:46.042+0000] {logging_mixin.py:188} INFO - [2026-07-05T09:12:46.042+0000] {dagbag.py:545} INFO - Filling up the DagBag from /opt/airflow/dags/minio_to_snowflake_dag.py
[2026-07-05T09:12:46.776+0000] {processor.py:840} INFO - DAG(s) 'minio_to_snowflake_ecommerce' retrieved from /opt/airflow/dags/minio_to_snowflake_dag.py
[2026-07-05T09:12:46.807+0000] {logging_mixin.py:188} INFO - [2026-07-05T09:12:46.807+0000] {dag.py:3089} INFO - Sync 1 DAGs
[2026-07-05T09:12:46.833+0000] {logging_mixin.py:188} INFO - [2026-07-05T09:12:46.833+0000] {dag.py:3947} INFO - Setting next_dagrun for minio_to_snowflake_ecommerce to 2026-07-05 09:11:00+00:00, run_after=2026-07-05 09:12:00+00:00
[2026-07-05T09:12:46.857+0000] {processor.py:183} INFO - Processing /opt/airflow/dags/minio_to_snowflake_dag.py took 0.826 seconds
[2026-07-05T09:13:17.201+0000] {processor.py:161} INFO - Started process (PID=54201) to work on /opt/airflow/dags/minio_to_snowflake_dag.py
[2026-07-05T09:13:17.202+0000] {processor.py:830} INFO - Processing file /opt/airflow/dags/minio_to_snowflake_dag.py for tasks to queue
[2026-07-05T09:13:17.204+0000] {logging_mixin.py:188} INFO - [2026-07-05T09:13:17.204+0000] {dagbag.py:545} INFO - Filling up the DagBag from /opt/airflow/dags/minio_to_snowflake_dag.py
[2026-07-05T09:13:17.881+0000] {processor.py:840} INFO - DAG(s) 'minio_to_snowflake_ecommerce' retrieved from /opt/airflow/dags/minio_to_snowflake_dag.py
[2026-07-05T09:13:17.912+0000] {logging_mixin.py:188} INFO - [2026-07-05T09:13:17.912+0000] {dag.py:3089} INFO - Sync 1 DAGs
[2026-07-05T09:13:17.938+0000] {logging_mixin.py:188} INFO - [2026-07-05T09:13:17.938+0000] {dag.py:3947} INFO - Setting next_dagrun for minio_to_snowflake_ecommerce to 2026-07-05 09:12:00+00:00, run_after=2026-07-05 09:13:00+00:00
[2026-07-05T09:13:17.959+0000] {processor.py:183} INFO - Processing /opt/airflow/dags/minio_to_snowflake_dag.py took 0.765 seconds
[2026-07-05T09:13:48.081+0000] {processor.py:161} INFO - Started process (PID=54205) to work on /opt/airflow/dags/minio_to_snowflake_dag.py
[2026-07-05T09:13:48.082+0000] {processor.py:830} INFO - Processing file /opt/airflow/dags/minio_to_snowflake_dag.py for tasks to queue
[2026-07-05T09:13:48.084+0000] {logging_mixin.py:188} INFO - [2026-07-05T09:13:48.084+0000] {dagbag.py:545} INFO - Filling up the DagBag from /opt/airflow/dags/minio_to_snowflake_dag.py
[2026-07-05T09:13:48.779+0000] {processor.py:840} INFO - DAG(s) 'minio_to_snowflake_ecommerce' retrieved from /opt/airflow/dags/minio_to_snowflake_dag.py
[2026-07-05T09:13:48.805+0000] {logging_mixin.py:188} INFO - [2026-07-05T09:13:48.805+0000] {dag.py:3089} INFO - Sync 1 DAGs
[2026-07-05T09:13:48.828+0000] {logging_mixin.py:188} INFO - [2026-07-05T09:13:48.828+0000] {dag.py:3947} INFO - Setting next_dagrun for minio_to_snowflake_ecommerce to 2026-07-05 09:12:00+00:00, run_after=2026-07-05 09:13:00+00:00
[2026-07-05T09:13:48.845+0000] {processor.py:183} INFO - Processing /opt/airflow/dags/minio_to_snowflake_dag.py took 0.771 seconds
[2026-07-05T09:14:19.218+0000] {processor.py:161} INFO - Started process (PID=54209) to work on /opt/airflow/dags/minio_to_snowflake_dag.py
[2026-07-05T09:14:19.220+0000] {processor.py:830} INFO - Processing file /opt/airflow/dags/minio_to_snowflake_dag.py for tasks to queue
[2026-07-05T09:14:19.223+0000] {logging_mixin.py:188} INFO - [2026-07-05T09:14:19.222+0000] {dagbag.py:545} INFO - Filling up the DagBag from /opt/airflow/dags/minio_to_snowflake_dag.py
[2026-07-05T09:14:19.935+0000] {processor.py:840} INFO - DAG(s) 'minio_to_snowflake_ecommerce' retrieved from /opt/airflow/dags/minio_to_snowflake_dag.py
[2026-07-05T09:14:19.966+0000] {logging_mixin.py:188} INFO - [2026-07-05T09:14:19.965+0000] {dag.py:3089} INFO - Sync 1 DAGs
[2026-07-05T09:14:19.991+0000] {logging_mixin.py:188} INFO - [2026-07-05T09:14:19.991+0000] {dag.py:3947} INFO - Setting next_dagrun for minio_to_snowflake_ecommerce to 2026-07-05 09:13:00+00:00, run_after=2026-07-05 09:14:00+00:00
[2026-07-05T09:14:20.014+0000] {processor.py:183} INFO - Processing /opt/airflow/dags/minio_to_snowflake_dag.py took 0.810 seconds
[2026-07-05T09:14:50.427+0000] {processor.py:161} INFO - Started process (PID=54213) to work on /opt/airflow/dags/minio_to_snowflake_dag.py
[2026-07-05T09:14:50.429+0000] {processor.py:830} INFO - Processing file /opt/airflow/dags/minio_to_snowflake_dag.py for tasks to queue
[2026-07-05T09:14:50.431+0000] {logging_mixin.py:188} INFO - [2026-07-05T09:14:50.431+0000] {dagbag.py:545} INFO - Filling up the DagBag from /opt/airflow/dags/minio_to_snowflake_dag.py
[2026-07-05T09:14:51.164+0000] {processor.py:840} INFO - DAG(s) 'minio_to_snowflake_ecommerce' retrieved from /opt/airflow/dags/minio_to_snowflake_dag.py
[2026-07-05T09:14:51.193+0000] {logging_mixin.py:188} INFO - [2026-07-05T09:14:51.193+0000] {dag.py:3089} INFO - Sync 1 DAGs
[2026-07-05T09:14:51.217+0000] {logging_mixin.py:188} INFO - [2026-07-05T09:14:51.217+0000] {dag.py:3947} INFO - Setting next_dagrun for minio_to_snowflake_ecommerce to 2026-07-05 09:13:00+00:00, run_after=2026-07-05 09:14:00+00:00
[2026-07-05T09:14:51.238+0000] {processor.py:183} INFO - Processing /opt/airflow/dags/minio_to_snowflake_dag.py took 0.818 seconds
[2026-07-05T09:15:21.629+0000] {processor.py:161} INFO - Started process (PID=54217) to work on /opt/airflow/dags/minio_to_snowflake_dag.py
[2026-07-05T09:15:21.631+0000] {processor.py:830} INFO - Processing file /opt/airflow/dags/minio_to_snowflake_dag.py for tasks to queue
[2026-07-05T09:15:21.633+0000] {logging_mixin.py:188} INFO - [2026-07-05T09:15:21.633+0000] {dagbag.py:545} INFO - Filling up the DagBag from /opt/airflow/dags/minio_to_snowflake_dag.py
[2026-07-05T09:15:22.353+0000] {processor.py:840} INFO - DAG(s) 'minio_to_snowflake_ecommerce' retrieved from /opt/airflow/dags/minio_to_snowflake_dag.py
[2026-07-05T09:15:22.385+0000] {logging_mixin.py:188} INFO - [2026-07-05T09:15:22.385+0000] {dag.py:3089} INFO - Sync 1 DAGs
[2026-07-05T09:15:22.414+0000] {logging_mixin.py:188} INFO - [2026-07-05T09:15:22.413+0000] {dag.py:3947} INFO - Setting next_dagrun for minio_to_snowflake_ecommerce to 2026-07-05 09:14:00+00:00, run_after=2026-07-05 09:15:00+00:00
[2026-07-05T09:15:22.437+0000] {processor.py:183} INFO - Processing /opt/airflow/dags/minio_to_snowflake_dag.py took 0.814 seconds
[2026-07-05T09:15:52.691+0000] {processor.py:161} INFO - Started process (PID=54221) to work on /opt/airflow/dags/minio_to_snowflake_dag.py
[2026-07-05T09:15:52.693+0000] {processor.py:830} INFO - Processing file /opt/airflow/dags/minio_to_snowflake_dag.py for tasks to queue
[2026-07-05T09:15:52.695+0000] {logging_mixin.py:188} INFO - [2026-07-05T09:15:52.695+0000] {dagbag.py:545} INFO - Filling up the DagBag from /opt/airflow/dags/minio_to_snowflake_dag.py
[2026-07-05T09:15:53.553+0000] {processor.py:840} INFO - DAG(s) 'minio_to_snowflake_ecommerce' retrieved from /opt/airflow/dags/minio_to_snowflake_dag.py
[2026-07-05T09:15:53.616+0000] {logging_mixin.py:188} INFO - [2026-07-05T09:15:53.616+0000] {dag.py:3089} INFO - Sync 1 DAGs
[2026-07-05T09:15:53.677+0000] {logging_mixin.py:188} INFO - [2026-07-05T09:15:53.677+0000] {dag.py:3947} INFO - Setting next_dagrun for minio_to_snowflake_ecommerce to 2026-07-05 09:14:00+00:00, run_after=2026-07-05 09:15:00+00:00
[2026-07-05T09:15:53.724+0000] {processor.py:183} INFO - Processing /opt/airflow/dags/minio_to_snowflake_dag.py took 1.039 seconds
[2026-07-05T09:16:23.994+0000] {processor.py:161} INFO - Started process (PID=54225) to work on /opt/airflow/dags/minio_to_snowflake_dag.py
[2026-07-05T09:16:23.996+0000] {processor.py:830} INFO - Processing file /opt/airflow/dags/minio_to_snowflake_dag.py for tasks to queue
[2026-07-05T09:16:23.998+0000] {logging_mixin.py:188} INFO - [2026-07-05T09:16:23.998+0000] {dagbag.py:545} INFO - Filling up the DagBag from /opt/airflow/dags/minio_to_snowflake_dag.py
[2026-07-05T09:16:24.818+0000] {processor.py:840} INFO - DAG(s) 'minio_to_snowflake_ecommerce' retrieved from /opt/airflow/dags/minio_to_snowflake_dag.py
[2026-07-05T09:16:24.849+0000] {logging_mixin.py:188} INFO - [2026-07-05T09:16:24.848+0000] {dag.py:3089} INFO - Sync 1 DAGs
[2026-07-05T09:16:24.875+0000] {logging_mixin.py:188} INFO - [2026-07-05T09:16:24.875+0000] {dag.py:3947} INFO - Setting next_dagrun for minio_to_snowflake_ecommerce to 2026-07-05 09:15:00+00:00, run_after=2026-07-05 09:16:00+00:00
[2026-07-05T09:16:24.899+0000] {processor.py:183} INFO - Processing /opt/airflow/dags/minio_to_snowflake_dag.py took 0.911 seconds
[2026-07-05T09:16:55.314+0000] {processor.py:161} INFO - Started process (PID=54229) to work on /opt/airflow/dags/minio_to_snowflake_dag.py
[2026-07-05T09:16:55.323+0000] {processor.py:830} INFO - Processing file /opt/airflow/dags/minio_to_snowflake_dag.py for tasks to queue
[2026-07-05T09:16:55.345+0000] {logging_mixin.py:188} INFO - [2026-07-05T09:16:55.342+0000] {dagbag.py:545} INFO - Filling up the DagBag from /opt/airflow/dags/minio_to_snowflake_dag.py
[2026-07-05T09:16:57.686+0000] {processor.py:840} INFO - DAG(s) 'minio_to_snowflake_ecommerce' retrieved from /opt/airflow/dags/minio_to_snowflake_dag.py
[2026-07-05T09:16:57.750+0000] {logging_mixin.py:188} INFO - [2026-07-05T09:16:57.750+0000] {dag.py:3089} INFO - Sync 1 DAGs
[2026-07-05T09:16:57.801+0000] {logging_mixin.py:188} INFO - [2026-07-05T09:16:57.800+0000] {dag.py:3947} INFO - Setting next_dagrun for minio_to_snowflake_ecommerce to 2026-07-05 09:15:00+00:00, run_after=2026-07-05 09:16:00+00:00
[2026-07-05T09:16:57.847+0000] {processor.py:183} INFO - Processing /opt/airflow/dags/minio_to_snowflake_dag.py took 2.571 seconds
[2026-07-05T09:17:28.144+0000] {processor.py:161} INFO - Started process (PID=54233) to work on /opt/airflow/dags/minio_to_snowflake_dag.py
[2026-07-05T09:17:28.147+0000] {processor.py:830} INFO - Processing file /opt/airflow/dags/minio_to_snowflake_dag.py for tasks to queue
[2026-07-05T09:17:28.150+0000] {logging_mixin.py:188} INFO - [2026-07-05T09:17:28.149+0000] {dagbag.py:545} INFO - Filling up the DagBag from /opt/airflow/dags/minio_to_snowflake_dag.py
[2026-07-05T09:17:28.924+0000] {processor.py:840} INFO - DAG(s) 'minio_to_snowflake_ecommerce' retrieved from /opt/airflow/dags/minio_to_snowflake_dag.py
[2026-07-05T09:17:28.958+0000] {logging_mixin.py:188} INFO - [2026-07-05T09:17:28.957+0000] {dag.py:3089} INFO - Sync 1 DAGs
[2026-07-05T09:17:28.984+0000] {logging_mixin.py:188} INFO - [2026-07-05T09:17:28.984+0000] {dag.py:3947} INFO - Setting next_dagrun for minio_to_snowflake_ecommerce to 2026-07-05 09:16:00+00:00, run_after=2026-07-05 09:17:00+00:00
[2026-07-05T09:17:29.005+0000] {processor.py:183} INFO - Processing /opt/airflow/dags/minio_to_snowflake_dag.py took 0.870 seconds
[2026-07-05T09:17:59.304+0000] {processor.py:161} INFO - Started process (PID=54237) to work on /opt/airflow/dags/minio_to_snowflake_dag.py
[2026-07-05T09:17:59.306+0000] {processor.py:830} INFO - Processing file /opt/airflow/dags/minio_to_snowflake_dag.py for tasks to queue
[2026-07-05T09:17:59.309+0000] {logging_mixin.py:188} INFO - [2026-07-05T09:17:59.308+0000] {dagbag.py:545} INFO - Filling up the DagBag from /opt/airflow/dags/minio_to_snowflake_dag.py
[2026-07-05T09:18:00.909+0000] {processor.py:840} INFO - DAG(s) 'minio_to_snowflake_ecommerce' retrieved from /opt/airflow/dags/minio_to_snowflake_dag.py
[2026-07-05T09:18:00.965+0000] {logging_mixin.py:188} INFO - [2026-07-05T09:18:00.964+0000] {dag.py:3089} INFO - Sync 1 DAGs
[2026-07-05T09:18:01.000+0000] {logging_mixin.py:188} INFO - [2026-07-05T09:18:00.999+0000] {dag.py:3947} INFO - Setting next_dagrun for minio_to_snowflake_ecommerce to 2026-07-05 09:17:00+00:00, run_after=2026-07-05 09:18:00+00:00
[2026-07-05T09:18:01.028+0000] {processor.py:183} INFO - Processing /opt/airflow/dags/minio_to_snowflake_dag.py took 1.731 seconds
[2026-07-05T09:18:31.185+0000] {processor.py:161} INFO - Started process (PID=54241) to work on /opt/airflow/dags/minio_to_snowflake_dag.py
[2026-07-05T09:18:31.186+0000] {processor.py:830} INFO - Processing file /opt/airflow/dags/minio_to_snowflake_dag.py for tasks to queue
[2026-07-05T09:18:31.188+0000] {logging_mixin.py:188} INFO - [2026-07-05T09:18:31.188+0000] {dagbag.py:545} INFO - Filling up the DagBag from /opt/airflow/dags/minio_to_snowflake_dag.py
[2026-07-05T09:18:31.952+0000] {processor.py:840} INFO - DAG(s) 'minio_to_snowflake_ecommerce' retrieved from /opt/airflow/dags/minio_to_snowflake_dag.py
[2026-07-05T09:18:31.982+0000] {logging_mixin.py:188} INFO - [2026-07-05T09:18:31.981+0000] {dag.py:3089} INFO - Sync 1 DAGs
[2026-07-05T09:18:32.026+0000] {logging_mixin.py:188} INFO - [2026-07-05T09:18:32.026+0000] {dag.py:3947} INFO - Setting next_dagrun for minio_to_snowflake_ecommerce to 2026-07-05 09:17:00+00:00, run_after=2026-07-05 09:18:00+00:00
[2026-07-05T09:18:32.049+0000] {processor.py:183} INFO - Processing /opt/airflow/dags/minio_to_snowflake_dag.py took 0.872 seconds
[2026-07-05T09:19:02.442+0000] {processor.py:161} INFO - Started process (PID=54245) to work on /opt/airflow/dags/minio_to_snowflake_dag.py
[2026-07-05T09:19:02.443+0000] {processor.py:830} INFO - Processing file /opt/airflow/dags/minio_to_snowflake_dag.py for tasks to queue
[2026-07-05T09:19:02.446+0000] {logging_mixin.py:188} INFO - [2026-07-05T09:19:02.445+0000] {dagbag.py:545} INFO - Filling up the DagBag from /opt/airflow/dags/minio_to_snowflake_dag.py
[2026-07-05T09:19:03.214+0000] {processor.py:840} INFO - DAG(s) 'minio_to_snowflake_ecommerce' retrieved from /opt/airflow/dags/minio_to_snowflake_dag.py
[2026-07-05T09:19:03.246+0000] {logging_mixin.py:188} INFO - [2026-07-05T09:19:03.245+0000] {dag.py:3089} INFO - Sync 1 DAGs
[2026-07-05T09:19:03.272+0000] {logging_mixin.py:188} INFO - [2026-07-05T09:19:03.271+0000] {dag.py:3947} INFO - Setting next_dagrun for minio_to_snowflake_ecommerce to 2026-07-05 09:18:00+00:00, run_after=2026-07-05 09:19:00+00:00
[2026-07-05T09:19:03.296+0000] {processor.py:183} INFO - Processing /opt/airflow/dags/minio_to_snowflake_dag.py took 0.862 seconds
[2026-07-05T09:19:33.695+0000] {processor.py:161} INFO - Started process (PID=54249) to work on /opt/airflow/dags/minio_to_snowflake_dag.py
[2026-07-05T09:19:33.698+0000] {processor.py:830} INFO - Processing file /opt/airflow/dags/minio_to_snowflake_dag.py for tasks to queue
[2026-07-05T09:19:33.700+0000] {logging_mixin.py:188} INFO - [2026-07-05T09:19:33.700+0000] {dagbag.py:545} INFO - Filling up the DagBag from /opt/airflow/dags/minio_to_snowflake_dag.py
[2026-07-05T09:19:34.461+0000] {processor.py:840} INFO - DAG(s) 'minio_to_snowflake_ecommerce' retrieved from /opt/airflow/dags/minio_to_snowflake_dag.py
[2026-07-05T09:19:34.491+0000] {logging_mixin.py:188} INFO - [2026-07-05T09:19:34.491+0000] {dag.py:3089} INFO - Sync 1 DAGs
[2026-07-05T09:19:34.519+0000] {logging_mixin.py:188} INFO - [2026-07-05T09:19:34.518+0000] {dag.py:3947} INFO - Setting next_dagrun for minio_to_snowflake_ecommerce to 2026-07-05 09:18:00+00:00, run_after=2026-07-05 09:19:00+00:00
[2026-07-05T09:19:34.542+0000] {processor.py:183} INFO - Processing /opt/airflow/dags/minio_to_snowflake_dag.py took 0.855 seconds
[2026-07-05T09:20:05.472+0000] {processor.py:161} INFO - Started process (PID=54253) to work on /opt/airflow/dags/minio_to_snowflake_dag.py
[2026-07-05T09:20:05.473+0000] {processor.py:830} INFO - Processing file /opt/airflow/dags/minio_to_snowflake_dag.py for tasks to queue
[2026-07-05T09:20:05.475+0000] {logging_mixin.py:188} INFO - [2026-07-05T09:20:05.475+0000] {dagbag.py:545} INFO - Filling up the DagBag from /opt/airflow/dags/minio_to_snowflake_dag.py
[2026-07-05T09:20:06.302+0000] {processor.py:840} INFO - DAG(s) 'minio_to_snowflake_ecommerce' retrieved from /opt/airflow/dags/minio_to_snowflake_dag.py
[2026-07-05T09:20:06.350+0000] {logging_mixin.py:188} INFO - [2026-07-05T09:20:06.349+0000] {dag.py:3089} INFO - Sync 1 DAGs
[2026-07-05T09:20:06.409+0000] {logging_mixin.py:188} INFO - [2026-07-05T09:20:06.409+0000] {dag.py:3947} INFO - Setting next_dagrun for minio_to_snowflake_ecommerce to 2026-07-05 09:19:00+00:00, run_after=2026-07-05 09:20:00+00:00
[2026-07-05T09:20:06.457+0000] {processor.py:183} INFO - Processing /opt/airflow/dags/minio_to_snowflake_dag.py took 0.993 seconds
[2026-07-05T09:20:36.774+0000] {processor.py:161} INFO - Started process (PID=54257) to work on /opt/airflow/dags/minio_to_snowflake_dag.py
[2026-07-05T09:20:36.776+0000] {processor.py:830} INFO - Processing file /opt/airflow/dags/minio_to_snowflake_dag.py for tasks to queue
[2026-07-05T09:20:36.778+0000] {logging_mixin.py:188} INFO - [2026-07-05T09:20:36.778+0000] {dagbag.py:545} INFO - Filling up the DagBag from /opt/airflow/dags/minio_to_snowflake_dag.py
[2026-07-05T09:20:37.559+0000] {processor.py:840} INFO - DAG(s) 'minio_to_snowflake_ecommerce' retrieved from /opt/airflow/dags/minio_to_snowflake_dag.py
[2026-07-05T09:20:37.583+0000] {logging_mixin.py:188} INFO - [2026-07-05T09:20:37.583+0000] {dag.py:3089} INFO - Sync 1 DAGs
[2026-07-05T09:20:37.607+0000] {logging_mixin.py:188} INFO - [2026-07-05T09:20:37.607+0000] {dag.py:3947} INFO - Setting next_dagrun for minio_to_snowflake_ecommerce to 2026-07-05 09:19:00+00:00, run_after=2026-07-05 09:20:00+00:00
[2026-07-05T09:20:37.633+0000] {processor.py:183} INFO - Processing /opt/airflow/dags/minio_to_snowflake_dag.py took 0.867 seconds
[2026-07-05T09:21:07.957+0000] {processor.py:161} INFO - Started process (PID=54261) to work on /opt/airflow/dags/minio_to_snowflake_dag.py
[2026-07-05T09:21:07.958+0000] {processor.py:830} INFO - Processing file /opt/airflow/dags/minio_to_snowflake_dag.py for tasks to queue
[2026-07-05T09:21:07.960+0000] {logging_mixin.py:188} INFO - [2026-07-05T09:21:07.960+0000] {dagbag.py:545} INFO - Filling up the DagBag from /opt/airflow/dags/minio_to_snowflake_dag.py
[2026-07-05T09:21:08.860+0000] {processor.py:840} INFO - DAG(s) 'minio_to_snowflake_ecommerce' retrieved from /opt/airflow/dags/minio_to_snowflake_dag.py
[2026-07-05T09:21:08.906+0000] {logging_mixin.py:188} INFO - [2026-07-05T09:21:08.905+0000] {dag.py:3089} INFO - Sync 1 DAGs
[2026-07-05T09:21:08.950+0000] {logging_mixin.py:188} INFO - [2026-07-05T09:21:08.950+0000] {dag.py:3947} INFO - Setting next_dagrun for minio_to_snowflake_ecommerce to 2026-07-05 09:20:00+00:00, run_after=2026-07-05 09:21:00+00:00
[2026-07-05T09:21:08.985+0000] {processor.py:183} INFO - Processing /opt/airflow/dags/minio_to_snowflake_dag.py took 1.034 seconds
[2026-07-05T09:21:39.345+0000] {processor.py:161} INFO - Started process (PID=54265) to work on /opt/airflow/dags/minio_to_snowflake_dag.py
[2026-07-05T09:21:39.346+0000] {processor.py:830} INFO - Processing file /opt/airflow/dags/minio_to_snowflake_dag.py for tasks to queue
[2026-07-05T09:21:39.349+0000] {logging_mixin.py:188} INFO - [2026-07-05T09:21:39.349+0000] {dagbag.py:545} INFO - Filling up the DagBag from /opt/airflow/dags/minio_to_snowflake_dag.py
[2026-07-05T09:21:40.102+0000] {processor.py:840} INFO - DAG(s) 'minio_to_snowflake_ecommerce' retrieved from /opt/airflow/dags/minio_to_snowflake_dag.py
[2026-07-05T09:21:40.162+0000] {logging_mixin.py:188} INFO - [2026-07-05T09:21:40.161+0000] {dag.py:3089} INFO - Sync 1 DAGs
[2026-07-05T09:21:40.202+0000] {logging_mixin.py:188} INFO - [2026-07-05T09:21:40.202+0000] {dag.py:3947} INFO - Setting next_dagrun for minio_to_snowflake_ecommerce to 2026-07-05 09:20:00+00:00, run_after=2026-07-05 09:21:00+00:00
[2026-07-05T09:21:40.234+0000] {processor.py:183} INFO - Processing /opt/airflow/dags/minio_to_snowflake_dag.py took 0.897 seconds
[2026-07-05T09:22:10.606+0000] {processor.py:161} INFO - Started process (PID=54269) to work on /opt/airflow/dags/minio_to_snowflake_dag.py
[2026-07-05T09:22:10.607+0000] {processor.py:830} INFO - Processing file /opt/airflow/dags/minio_to_snowflake_dag.py for tasks to queue
[2026-07-05T09:22:10.609+0000] {logging_mixin.py:188} INFO - [2026-07-05T09:22:10.609+0000] {dagbag.py:545} INFO - Filling up the DagBag from /opt/airflow/dags/minio_to_snowflake_dag.py
[2026-07-05T09:22:11.383+0000] {processor.py:840} INFO - DAG(s) 'minio_to_snowflake_ecommerce' retrieved from /opt/airflow/dags/minio_to_snowflake_dag.py
[2026-07-05T09:22:11.416+0000] {logging_mixin.py:188} INFO - [2026-07-05T09:22:11.416+0000] {dag.py:3089} INFO - Sync 1 DAGs
[2026-07-05T09:22:11.448+0000] {logging_mixin.py:188} INFO - [2026-07-05T09:22:11.448+0000] {dag.py:3947} INFO - Setting next_dagrun for minio_to_snowflake_ecommerce to 2026-07-05 09:21:00+00:00, run_after=2026-07-05 09:22:00+00:00
[2026-07-05T09:22:11.474+0000] {processor.py:183} INFO - Processing /opt/airflow/dags/minio_to_snowflake_dag.py took 0.882 seconds
[2026-07-05T09:22:41.789+0000] {processor.py:161} INFO - Started process (PID=54273) to work on /opt/airflow/dags/minio_to_snowflake_dag.py
[2026-07-05T09:22:41.791+0000] {processor.py:830} INFO - Processing file /opt/airflow/dags/minio_to_snowflake_dag.py for tasks to queue
[2026-07-05T09:22:41.793+0000] {logging_mixin.py:188} INFO - [2026-07-05T09:22:41.793+0000] {dagbag.py:545} INFO - Filling up the DagBag from /opt/airflow/dags/minio_to_snowflake_dag.py
[2026-07-05T09:22:42.723+0000] {processor.py:840} INFO - DAG(s) 'minio_to_snowflake_ecommerce' retrieved from /opt/airflow/dags/minio_to_snowflake_dag.py
[2026-07-05T09:22:42.755+0000] {logging_mixin.py:188} INFO - [2026-07-05T09:22:42.755+0000] {dag.py:3089} INFO - Sync 1 DAGs
[2026-07-05T09:22:42.785+0000] {logging_mixin.py:188} INFO - [2026-07-05T09:22:42.784+0000] {dag.py:3947} INFO - Setting next_dagrun for minio_to_snowflake_ecommerce to 2026-07-05 09:21:00+00:00, run_after=2026-07-05 09:22:00+00:00
[2026-07-05T09:22:42.812+0000] {processor.py:183} INFO - Processing /opt/airflow/dags/minio_to_snowflake_dag.py took 1.032 seconds
[2026-07-05T09:23:13.140+0000] {processor.py:161} INFO - Started process (PID=54277) to work on /opt/airflow/dags/minio_to_snowflake_dag.py
[2026-07-05T09:23:13.141+0000] {processor.py:830} INFO - Processing file /opt/airflow/dags/minio_to_snowflake_dag.py for tasks to queue
[2026-07-05T09:23:13.144+0000] {logging_mixin.py:188} INFO - [2026-07-05T09:23:13.143+0000] {dagbag.py:545} INFO - Filling up the DagBag from /opt/airflow/dags/minio_to_snowflake_dag.py
[2026-07-05T09:23:13.926+0000] {processor.py:840} INFO - DAG(s) 'minio_to_snowflake_ecommerce' retrieved from /opt/airflow/dags/minio_to_snowflake_dag.py
[2026-07-05T09:23:13.955+0000] {logging_mixin.py:188} INFO - [2026-07-05T09:23:13.955+0000] {dag.py:3089} INFO - Sync 1 DAGs
[2026-07-05T09:23:13.980+0000] {logging_mixin.py:188} INFO - [2026-07-05T09:23:13.980+0000] {dag.py:3947} INFO - Setting next_dagrun for minio_to_snowflake_ecommerce to 2026-07-05 09:22:00+00:00, run_after=2026-07-05 09:23:00+00:00
[2026-07-05T09:23:14.004+0000] {processor.py:183} INFO - Processing /opt/airflow/dags/minio_to_snowflake_dag.py took 0.870 seconds
[2026-07-05T09:23:44.304+0000] {processor.py:161} INFO - Started process (PID=54281) to work on /opt/airflow/dags/minio_to_snowflake_dag.py
[2026-07-05T09:23:44.306+0000] {processor.py:830} INFO - Processing file /opt/airflow/dags/minio_to_snowflake_dag.py for tasks to queue
[2026-07-05T09:23:44.309+0000] {logging_mixin.py:188} INFO - [2026-07-05T09:23:44.308+0000] {dagbag.py:545} INFO - Filling up the DagBag from /opt/airflow/dags/minio_to_snowflake_dag.py
[2026-07-05T09:23:45.108+0000] {processor.py:840} INFO - DAG(s) 'minio_to_snowflake_ecommerce' retrieved from /opt/airflow/dags/minio_to_snowflake_dag.py
[2026-07-05T09:23:45.140+0000] {logging_mixin.py:188} INFO - [2026-07-05T09:23:45.140+0000] {dag.py:3089} INFO - Sync 1 DAGs
[2026-07-05T09:23:45.166+0000] {logging_mixin.py:188} INFO - [2026-07-05T09:23:45.166+0000] {dag.py:3947} INFO - Setting next_dagrun for minio_to_snowflake_ecommerce to 2026-07-05 09:22:00+00:00, run_after=2026-07-05 09:23:00+00:00
[2026-07-05T09:23:45.186+0000] {processor.py:183} INFO - Processing /opt/airflow/dags/minio_to_snowflake_dag.py took 0.890 seconds
[2026-07-05T09:24:15.518+0000] {processor.py:161} INFO - Started process (PID=54285) to work on /opt/airflow/dags/minio_to_snowflake_dag.py
[2026-07-05T09:24:15.519+0000] {processor.py:830} INFO - Processing file /opt/airflow/dags/minio_to_snowflake_dag.py for tasks to queue
[2026-07-05T09:24:15.522+0000] {logging_mixin.py:188} INFO - [2026-07-05T09:24:15.522+0000] {dagbag.py:545} INFO - Filling up the DagBag from /opt/airflow/dags/minio_to_snowflake_dag.py
[2026-07-05T09:24:16.288+0000] {processor.py:840} INFO - DAG(s) 'minio_to_snowflake_ecommerce' retrieved from /opt/airflow/dags/minio_to_snowflake_dag.py
[2026-07-05T09:24:16.316+0000] {logging_mixin.py:188} INFO - [2026-07-05T09:24:16.316+0000] {dag.py:3089} INFO - Sync 1 DAGs
[2026-07-05T09:24:16.343+0000] {logging_mixin.py:188} INFO - [2026-07-05T09:24:16.343+0000] {dag.py:3947} INFO - Setting next_dagrun for minio_to_snowflake_ecommerce to 2026-07-05 09:23:00+00:00, run_after=2026-07-05 09:24:00+00:00
[2026-07-05T09:24:16.364+0000] {processor.py:183} INFO - Processing /opt/airflow/dags/minio_to_snowflake_dag.py took 0.853 seconds
[2026-07-05T09:24:46.684+0000] {processor.py:161} INFO - Started process (PID=54289) to work on /opt/airflow/dags/minio_to_snowflake_dag.py
[2026-07-05T09:24:46.685+0000] {processor.py:830} INFO - Processing file /opt/airflow/dags/minio_to_snowflake_dag.py for tasks to queue
[2026-07-05T09:24:46.687+0000] {logging_mixin.py:188} INFO - [2026-07-05T09:24:46.687+0000] {dagbag.py:545} INFO - Filling up the DagBag from /opt/airflow/dags/minio_to_snowflake_dag.py
[2026-07-05T09:24:47.377+0000] {processor.py:840} INFO - DAG(s) 'minio_to_snowflake_ecommerce' retrieved from /opt/airflow/dags/minio_to_snowflake_dag.py
[2026-07-05T09:24:47.401+0000] {logging_mixin.py:188} INFO - [2026-07-05T09:24:47.400+0000] {dag.py:3089} INFO - Sync 1 DAGs
[2026-07-05T09:24:47.424+0000] {logging_mixin.py:188} INFO - [2026-07-05T09:24:47.424+0000] {dag.py:3947} INFO - Setting next_dagrun for minio_to_snowflake_ecommerce to 2026-07-05 09:23:00+00:00, run_after=2026-07-05 09:24:00+00:00
[2026-07-05T09:24:47.441+0000] {processor.py:183} INFO - Processing /opt/airflow/dags/minio_to_snowflake_dag.py took 0.763 seconds
[2026-07-05T09:25:17.732+0000] {processor.py:161} INFO - Started process (PID=54293) to work on /opt/airflow/dags/minio_to_snowflake_dag.py
[2026-07-05T09:25:17.735+0000] {processor.py:830} INFO - Processing file /opt/airflow/dags/minio_to_snowflake_dag.py for tasks to queue
[2026-07-05T09:25:17.739+0000] {logging_mixin.py:188} INFO - [2026-07-05T09:25:17.739+0000] {dagbag.py:545} INFO - Filling up the DagBag from /opt/airflow/dags/minio_to_snowflake_dag.py
[2026-07-05T09:25:18.602+0000] {processor.py:840} INFO - DAG(s) 'minio_to_snowflake_ecommerce' retrieved from /opt/airflow/dags/minio_to_snowflake_dag.py
[2026-07-05T09:25:18.634+0000] {logging_mixin.py:188} INFO - [2026-07-05T09:25:18.634+0000] {dag.py:3089} INFO - Sync 1 DAGs
[2026-07-05T09:25:18.667+0000] {logging_mixin.py:188} INFO - [2026-07-05T09:25:18.667+0000] {dag.py:3947} INFO - Setting next_dagrun for minio_to_snowflake_ecommerce to 2026-07-05 09:24:00+00:00, run_after=2026-07-05 09:25:00+00:00
[2026-07-05T09:25:18.690+0000] {processor.py:183} INFO - Processing /opt/airflow/dags/minio_to_snowflake_dag.py took 0.967 seconds
[2026-07-05T09:25:49.015+0000] {processor.py:161} INFO - Started process (PID=54297) to work on /opt/airflow/dags/minio_to_snowflake_dag.py
[2026-07-05T09:25:49.016+0000] {processor.py:830} INFO - Processing file /opt/airflow/dags/minio_to_snowflake_dag.py for tasks to queue
[2026-07-05T09:25:49.019+0000] {logging_mixin.py:188} INFO - [2026-07-05T09:25:49.018+0000] {dagbag.py:545} INFO - Filling up the DagBag from /opt/airflow/dags/minio_to_snowflake_dag.py
[2026-07-05T09:25:49.741+0000] {processor.py:840} INFO - DAG(s) 'minio_to_snowflake_ecommerce' retrieved from /opt/airflow/dags/minio_to_snowflake_dag.py
[2026-07-05T09:25:49.774+0000] {logging_mixin.py:188} INFO - [2026-07-05T09:25:49.773+0000] {dag.py:3089} INFO - Sync 1 DAGs
[2026-07-05T09:25:49.804+0000] {logging_mixin.py:188} INFO - [2026-07-05T09:25:49.804+0000] {dag.py:3947} INFO - Setting next_dagrun for minio_to_snowflake_ecommerce to 2026-07-05 09:24:00+00:00, run_after=2026-07-05 09:25:00+00:00
[2026-07-05T09:25:49.829+0000] {processor.py:183} INFO - Processing /opt/airflow/dags/minio_to_snowflake_dag.py took 0.821 seconds
[2026-07-05T09:26:19.931+0000] {processor.py:161} INFO - Started process (PID=54301) to work on /opt/airflow/dags/minio_to_snowflake_dag.py
[2026-07-05T09:26:19.932+0000] {processor.py:830} INFO - Processing file /opt/airflow/dags/minio_to_snowflake_dag.py for tasks to queue
[2026-07-05T09:26:19.934+0000] {logging_mixin.py:188} INFO - [2026-07-05T09:26:19.934+0000] {dagbag.py:545} INFO - Filling up the DagBag from /opt/airflow/dags/minio_to_snowflake_dag.py
[2026-07-05T09:26:20.698+0000] {processor.py:840} INFO - DAG(s) 'minio_to_snowflake_ecommerce' retrieved from /opt/airflow/dags/minio_to_snowflake_dag.py
[2026-07-05T09:26:20.737+0000] {logging_mixin.py:188} INFO - [2026-07-05T09:26:20.737+0000] {dag.py:3089} INFO - Sync 1 DAGs
[2026-07-05T09:26:20.771+0000] {logging_mixin.py:188} INFO - [2026-07-05T09:26:20.770+0000] {dag.py:3947} INFO - Setting next_dagrun for minio_to_snowflake_ecommerce to 2026-07-05 09:25:00+00:00, run_after=2026-07-05 09:26:00+00:00
[2026-07-05T09:26:20.794+0000] {processor.py:183} INFO - Processing /opt/airflow/dags/minio_to_snowflake_dag.py took 0.871 seconds
[2026-07-05T09:26:51.188+0000] {processor.py:161} INFO - Started process (PID=54305) to work on /opt/airflow/dags/minio_to_snowflake_dag.py
[2026-07-05T09:26:51.189+0000] {processor.py:830} INFO - Processing file /opt/airflow/dags/minio_to_snowflake_dag.py for tasks to queue
[2026-07-05T09:26:51.191+0000] {logging_mixin.py:188} INFO - [2026-07-05T09:26:51.191+0000] {dagbag.py:545} INFO - Filling up the DagBag from /opt/airflow/dags/minio_to_snowflake_dag.py
[2026-07-05T09:26:51.885+0000] {processor.py:840} INFO - DAG(s) 'minio_to_snowflake_ecommerce' retrieved from /opt/airflow/dags/minio_to_snowflake_dag.py
[2026-07-05T09:26:51.914+0000] {logging_mixin.py:188} INFO - [2026-07-05T09:26:51.913+0000] {dag.py:3089} INFO - Sync 1 DAGs
[2026-07-05T09:26:51.939+0000] {logging_mixin.py:188} INFO - [2026-07-05T09:26:51.939+0000] {dag.py:3947} INFO - Setting next_dagrun for minio_to_snowflake_ecommerce to 2026-07-05 09:25:00+00:00, run_after=2026-07-05 09:26:00+00:00
[2026-07-05T09:26:51.960+0000] {processor.py:183} INFO - Processing /opt/airflow/dags/minio_to_snowflake_dag.py took 0.782 seconds
[2026-07-05T09:27:22.381+0000] {processor.py:161} INFO - Started process (PID=54309) to work on /opt/airflow/dags/minio_to_snowflake_dag.py
[2026-07-05T09:27:22.382+0000] {processor.py:830} INFO - Processing file /opt/airflow/dags/minio_to_snowflake_dag.py for tasks to queue
[2026-07-05T09:27:22.385+0000] {logging_mixin.py:188} INFO - [2026-07-05T09:27:22.384+0000] {dagbag.py:545} INFO - Filling up the DagBag from /opt/airflow/dags/minio_to_snowflake_dag.py
[2026-07-05T09:27:23.074+0000] {processor.py:840} INFO - DAG(s) 'minio_to_snowflake_ecommerce' retrieved from /opt/airflow/dags/minio_to_snowflake_dag.py
[2026-07-05T09:27:23.098+0000] {logging_mixin.py:188} INFO - [2026-07-05T09:27:23.098+0000] {dag.py:3089} INFO - Sync 1 DAGs
[2026-07-05T09:27:23.123+0000] {logging_mixin.py:188} INFO - [2026-07-05T09:27:23.123+0000] {dag.py:3947} INFO - Setting next_dagrun for minio_to_snowflake_ecommerce to 2026-07-05 09:26:00+00:00, run_after=2026-07-05 09:27:00+00:00
[2026-07-05T09:27:23.147+0000] {processor.py:183} INFO - Processing /opt/airflow/dags/minio_to_snowflake_dag.py took 0.773 seconds
[2026-07-05T09:27:53.242+0000] {processor.py:161} INFO - Started process (PID=54313) to work on /opt/airflow/dags/minio_to_snowflake_dag.py
[2026-07-05T09:27:53.244+0000] {processor.py:830} INFO - Processing file /opt/airflow/dags/minio_to_snowflake_dag.py for tasks to queue
[2026-07-05T09:27:53.247+0000] {logging_mixin.py:188} INFO - [2026-07-05T09:27:53.246+0000] {dagbag.py:545} INFO - Filling up the DagBag from /opt/airflow/dags/minio_to_snowflake_dag.py
[2026-07-05T09:27:54.063+0000] {processor.py:840} INFO - DAG(s) 'minio_to_snowflake_ecommerce' retrieved from /opt/airflow/dags/minio_to_snowflake_dag.py
[2026-07-05T09:27:54.127+0000] {logging_mixin.py:188} INFO - [2026-07-05T09:27:54.126+0000] {dag.py:3089} INFO - Sync 1 DAGs
[2026-07-05T09:27:54.175+0000] {logging_mixin.py:188} INFO - [2026-07-05T09:27:54.175+0000] {dag.py:3947} INFO - Setting next_dagrun for minio_to_snowflake_ecommerce to 2026-07-05 09:26:00+00:00, run_after=2026-07-05 09:27:00+00:00
[2026-07-05T09:27:54.215+0000] {processor.py:183} INFO - Processing /opt/airflow/dags/minio_to_snowflake_dag.py took 0.980 seconds
[2026-07-05T09:28:24.656+0000] {processor.py:161} INFO - Started process (PID=54317) to work on /opt/airflow/dags/minio_to_snowflake_dag.py
[2026-07-05T09:28:24.658+0000] {processor.py:830} INFO - Processing file /opt/airflow/dags/minio_to_snowflake_dag.py for tasks to queue
[2026-07-05T09:28:24.660+0000] {logging_mixin.py:188} INFO - [2026-07-05T09:28:24.660+0000] {dagbag.py:545} INFO - Filling up the DagBag from /opt/airflow/dags/minio_to_snowflake_dag.py
[2026-07-05T09:28:25.404+0000] {processor.py:840} INFO - DAG(s) 'minio_to_snowflake_ecommerce' retrieved from /opt/airflow/dags/minio_to_snowflake_dag.py
[2026-07-05T09:28:25.441+0000] {logging_mixin.py:188} INFO - [2026-07-05T09:28:25.441+0000] {dag.py:3089} INFO - Sync 1 DAGs
[2026-07-05T09:28:25.467+0000] {logging_mixin.py:188} INFO - [2026-07-05T09:28:25.467+0000] {dag.py:3947} INFO - Setting next_dagrun for minio_to_snowflake_ecommerce to 2026-07-05 09:27:00+00:00, run_after=2026-07-05 09:28:00+00:00
[2026-07-05T09:28:25.489+0000] {processor.py:183} INFO - Processing /opt/airflow/dags/minio_to_snowflake_dag.py took 0.841 seconds
[2026-07-05T09:28:55.818+0000] {processor.py:161} INFO - Started process (PID=54321) to work on /opt/airflow/dags/minio_to_snowflake_dag.py
[2026-07-05T09:28:55.820+0000] {processor.py:830} INFO - Processing file /opt/airflow/dags/minio_to_snowflake_dag.py for tasks to queue
[2026-07-05T09:28:55.822+0000] {logging_mixin.py:188} INFO - [2026-07-05T09:28:55.821+0000] {dagbag.py:545} INFO - Filling up the DagBag from /opt/airflow/dags/minio_to_snowflake_dag.py
[2026-07-05T09:28:56.560+0000] {processor.py:840} INFO - DAG(s) 'minio_to_snowflake_ecommerce' retrieved from /opt/airflow/dags/minio_to_snowflake_dag.py
[2026-07-05T09:28:56.591+0000] {logging_mixin.py:188} INFO - [2026-07-05T09:28:56.591+0000] {dag.py:3089} INFO - Sync 1 DAGs
[2026-07-05T09:28:56.617+0000] {logging_mixin.py:188} INFO - [2026-07-05T09:28:56.617+0000] {dag.py:3947} INFO - Setting next_dagrun for minio_to_snowflake_ecommerce to 2026-07-05 09:27:00+00:00, run_after=2026-07-05 09:28:00+00:00
[2026-07-05T09:28:56.638+0000] {processor.py:183} INFO - Processing /opt/airflow/dags/minio_to_snowflake_dag.py took 0.826 seconds
[2026-07-05T09:29:26.988+0000] {processor.py:161} INFO - Started process (PID=54325) to work on /opt/airflow/dags/minio_to_snowflake_dag.py
[2026-07-05T09:29:26.990+0000] {processor.py:830} INFO - Processing file /opt/airflow/dags/minio_to_snowflake_dag.py for tasks to queue
[2026-07-05T09:29:26.993+0000] {logging_mixin.py:188} INFO - [2026-07-05T09:29:26.992+0000] {dagbag.py:545} INFO - Filling up the DagBag from /opt/airflow/dags/minio_to_snowflake_dag.py
[2026-07-05T09:29:27.736+0000] {processor.py:840} INFO - DAG(s) 'minio_to_snowflake_ecommerce' retrieved from /opt/airflow/dags/minio_to_snowflake_dag.py
[2026-07-05T09:29:27.764+0000] {logging_mixin.py:188} INFO - [2026-07-05T09:29:27.763+0000] {dag.py:3089} INFO - Sync 1 DAGs
[2026-07-05T09:29:27.793+0000] {logging_mixin.py:188} INFO - [2026-07-05T09:29:27.793+0000] {dag.py:3947} INFO - Setting next_dagrun for minio_to_snowflake_ecommerce to 2026-07-05 09:28:00+00:00, run_after=2026-07-05 09:29:00+00:00
[2026-07-05T09:29:27.818+0000] {processor.py:183} INFO - Processing /opt/airflow/dags/minio_to_snowflake_dag.py took 0.838 seconds
[2026-07-05T09:29:58.128+0000] {processor.py:161} INFO - Started process (PID=54329) to work on /opt/airflow/dags/minio_to_snowflake_dag.py
[2026-07-05T09:29:58.129+0000] {processor.py:830} INFO - Processing file /opt/airflow/dags/minio_to_snowflake_dag.py for tasks to queue
[2026-07-05T09:29:58.132+0000] {logging_mixin.py:188} INFO - [2026-07-05T09:29:58.131+0000] {dagbag.py:545} INFO - Filling up the DagBag from /opt/airflow/dags/minio_to_snowflake_dag.py
[2026-07-05T09:29:58.892+0000] {processor.py:840} INFO - DAG(s) 'minio_to_snowflake_ecommerce' retrieved from /opt/airflow/dags/minio_to_snowflake_dag.py
[2026-07-05T09:29:58.922+0000] {logging_mixin.py:188} INFO - [2026-07-05T09:29:58.921+0000] {dag.py:3089} INFO - Sync 1 DAGs
[2026-07-05T09:29:58.950+0000] {logging_mixin.py:188} INFO - [2026-07-05T09:29:58.950+0000] {dag.py:3947} INFO - Setting next_dagrun for minio_to_snowflake_ecommerce to 2026-07-05 09:28:00+00:00, run_after=2026-07-05 09:29:00+00:00
[2026-07-05T09:29:59.019+0000] {processor.py:183} INFO - Processing /opt/airflow/dags/minio_to_snowflake_dag.py took 0.900 seconds
[2026-07-05T09:30:29.336+0000] {processor.py:161} INFO - Started process (PID=54333) to work on /opt/airflow/dags/minio_to_snowflake_dag.py
[2026-07-05T09:30:29.337+0000] {processor.py:830} INFO - Processing file /opt/airflow/dags/minio_to_snowflake_dag.py for tasks to queue
[2026-07-05T09:30:29.340+0000] {logging_mixin.py:188} INFO - [2026-07-05T09:30:29.339+0000] {dagbag.py:545} INFO - Filling up the DagBag from /opt/airflow/dags/minio_to_snowflake_dag.py
[2026-07-05T09:30:30.105+0000] {processor.py:840} INFO - DAG(s) 'minio_to_snowflake_ecommerce' retrieved from /opt/airflow/dags/minio_to_snowflake_dag.py
[2026-07-05T09:30:30.140+0000] {logging_mixin.py:188} INFO - [2026-07-05T09:30:30.140+0000] {dag.py:3089} INFO - Sync 1 DAGs
[2026-07-05T09:30:30.169+0000] {logging_mixin.py:188} INFO - [2026-07-05T09:30:30.168+0000] {dag.py:3947} INFO - Setting next_dagrun for minio_to_snowflake_ecommerce to 2026-07-05 09:29:00+00:00, run_after=2026-07-05 09:30:00+00:00
[2026-07-05T09:30:30.193+0000] {processor.py:183} INFO - Processing /opt/airflow/dags/minio_to_snowflake_dag.py took 0.865 seconds
[2026-07-05T09:31:00.472+0000] {processor.py:161} INFO - Started process (PID=54337) to work on /opt/airflow/dags/minio_to_snowflake_dag.py
[2026-07-05T09:31:00.473+0000] {processor.py:830} INFO - Processing file /opt/airflow/dags/minio_to_snowflake_dag.py for tasks to queue
[2026-07-05T09:31:00.476+0000] {logging_mixin.py:188} INFO - [2026-07-05T09:31:00.475+0000] {dagbag.py:545} INFO - Filling up the DagBag from /opt/airflow/dags/minio_to_snowflake_dag.py
[2026-07-05T09:31:01.229+0000] {processor.py:840} INFO - DAG(s) 'minio_to_snowflake_ecommerce' retrieved from /opt/airflow/dags/minio_to_snowflake_dag.py
[2026-07-05T09:31:01.257+0000] {logging_mixin.py:188} INFO - [2026-07-05T09:31:01.256+0000] {dag.py:3089} INFO - Sync 1 DAGs
[2026-07-05T09:31:01.281+0000] {logging_mixin.py:188} INFO - [2026-07-05T09:31:01.281+0000] {dag.py:3947} INFO - Setting next_dagrun for minio_to_snowflake_ecommerce to 2026-07-05 09:30:00+00:00, run_after=2026-07-05 09:31:00+00:00
[2026-07-05T09:31:01.302+0000] {processor.py:183} INFO - Processing /opt/airflow/dags/minio_to_snowflake_dag.py took 0.837 seconds
[2026-07-05T09:31:31.471+0000] {processor.py:161} INFO - Started process (PID=54341) to work on /opt/airflow/dags/minio_to_snowflake_dag.py
[2026-07-05T09:31:31.472+0000] {processor.py:830} INFO - Processing file /opt/airflow/dags/minio_to_snowflake_dag.py for tasks to queue
[2026-07-05T09:31:31.474+0000] {logging_mixin.py:188} INFO - [2026-07-05T09:31:31.474+0000] {dagbag.py:545} INFO - Filling up the DagBag from /opt/airflow/dags/minio_to_snowflake_dag.py
[2026-07-05T09:31:32.544+0000] {processor.py:840} INFO - DAG(s) 'minio_to_snowflake_ecommerce' retrieved from /opt/airflow/dags/minio_to_snowflake_dag.py
[2026-07-05T09:31:32.587+0000] {logging_mixin.py:188} INFO - [2026-07-05T09:31:32.587+0000] {dag.py:3089} INFO - Sync 1 DAGs
[2026-07-05T09:31:32.635+0000] {logging_mixin.py:188} INFO - [2026-07-05T09:31:32.635+0000] {dag.py:3947} INFO - Setting next_dagrun for minio_to_snowflake_ecommerce to 2026-07-05 09:30:00+00:00, run_after=2026-07-05 09:31:00+00:00
[2026-07-05T09:31:32.685+0000] {processor.py:183} INFO - Processing /opt/airflow/dags/minio_to_snowflake_dag.py took 1.223 seconds
[2026-07-05T09:32:02.937+0000] {processor.py:161} INFO - Started process (PID=54345) to work on /opt/airflow/dags/minio_to_snowflake_dag.py
[2026-07-05T09:32:02.938+0000] {processor.py:830} INFO - Processing file /opt/airflow/dags/minio_to_snowflake_dag.py for tasks to queue
[2026-07-05T09:32:02.941+0000] {logging_mixin.py:188} INFO - [2026-07-05T09:32:02.940+0000] {dagbag.py:545} INFO - Filling up the DagBag from /opt/airflow/dags/minio_to_snowflake_dag.py
[2026-07-05T09:32:03.792+0000] {processor.py:840} INFO - DAG(s) 'minio_to_snowflake_ecommerce' retrieved from /opt/airflow/dags/minio_to_snowflake_dag.py
[2026-07-05T09:32:03.824+0000] {logging_mixin.py:188} INFO - [2026-07-05T09:32:03.824+0000] {dag.py:3089} INFO - Sync 1 DAGs
[2026-07-05T09:32:03.853+0000] {logging_mixin.py:188} INFO - [2026-07-05T09:32:03.853+0000] {dag.py:3947} INFO - Setting next_dagrun for minio_to_snowflake_ecommerce to 2026-07-05 09:31:00+00:00, run_after=2026-07-05 09:32:00+00:00
[2026-07-05T09:32:03.876+0000] {processor.py:183} INFO - Processing /opt/airflow/dags/minio_to_snowflake_dag.py took 0.947 seconds
[2026-07-05T09:32:34.287+0000] {processor.py:161} INFO - Started process (PID=54349) to work on /opt/airflow/dags/minio_to_snowflake_dag.py
[2026-07-05T09:32:34.289+0000] {processor.py:830} INFO - Processing file /opt/airflow/dags/minio_to_snowflake_dag.py for tasks to queue
[2026-07-05T09:32:34.291+0000] {logging_mixin.py:188} INFO - [2026-07-05T09:32:34.290+0000] {dagbag.py:545} INFO - Filling up the DagBag from /opt/airflow/dags/minio_to_snowflake_dag.py
[2026-07-05T09:32:35.046+0000] {processor.py:840} INFO - DAG(s) 'minio_to_snowflake_ecommerce' retrieved from /opt/airflow/dags/minio_to_snowflake_dag.py
[2026-07-05T09:32:35.079+0000] {logging_mixin.py:188} INFO - [2026-07-05T09:32:35.078+0000] {dag.py:3089} INFO - Sync 1 DAGs
[2026-07-05T09:32:35.105+0000] {logging_mixin.py:188} INFO - [2026-07-05T09:32:35.105+0000] {dag.py:3947} INFO - Setting next_dagrun for minio_to_snowflake_ecommerce to 2026-07-05 09:31:00+00:00, run_after=2026-07-05 09:32:00+00:00
[2026-07-05T09:32:35.130+0000] {processor.py:183} INFO - Processing /opt/airflow/dags/minio_to_snowflake_dag.py took 0.850 seconds
[2026-07-05T09:33:05.485+0000] {processor.py:161} INFO - Started process (PID=54353) to work on /opt/airflow/dags/minio_to_snowflake_dag.py
[2026-07-05T09:33:05.486+0000] {processor.py:830} INFO - Processing file /opt/airflow/dags/minio_to_snowflake_dag.py for tasks to queue
[2026-07-05T09:33:05.489+0000] {logging_mixin.py:188} INFO - [2026-07-05T09:33:05.489+0000] {dagbag.py:545} INFO - Filling up the DagBag from /opt/airflow/dags/minio_to_snowflake_dag.py
[2026-07-05T09:33:06.316+0000] {processor.py:840} INFO - DAG(s) 'minio_to_snowflake_ecommerce' retrieved from /opt/airflow/dags/minio_to_snowflake_dag.py
[2026-07-05T09:33:06.365+0000] {logging_mixin.py:188} INFO - [2026-07-05T09:33:06.364+0000] {dag.py:3089} INFO - Sync 1 DAGs
[2026-07-05T09:33:06.406+0000] {logging_mixin.py:188} INFO - [2026-07-05T09:33:06.405+0000] {dag.py:3947} INFO - Setting next_dagrun for minio_to_snowflake_ecommerce to 2026-07-05 09:32:00+00:00, run_after=2026-07-05 09:33:00+00:00
[2026-07-05T09:33:06.442+0000] {processor.py:183} INFO - Processing /opt/airflow/dags/minio_to_snowflake_dag.py took 0.965 seconds
[2026-07-05T09:33:36.900+0000] {processor.py:161} INFO - Started process (PID=54357) to work on /opt/airflow/dags/minio_to_snowflake_dag.py
[2026-07-05T09:33:36.901+0000] {processor.py:830} INFO - Processing file /opt/airflow/dags/minio_to_snowflake_dag.py for tasks to queue
[2026-07-05T09:33:36.903+0000] {logging_mixin.py:188} INFO - [2026-07-05T09:33:36.903+0000] {dagbag.py:545} INFO - Filling up the DagBag from /opt/airflow/dags/minio_to_snowflake_dag.py
[2026-07-05T09:33:37.605+0000] {processor.py:840} INFO - DAG(s) 'minio_to_snowflake_ecommerce' retrieved from /opt/airflow/dags/minio_to_snowflake_dag.py
[2026-07-05T09:33:37.640+0000] {logging_mixin.py:188} INFO - [2026-07-05T09:33:37.639+0000] {dag.py:3089} INFO - Sync 1 DAGs
[2026-07-05T09:33:37.667+0000] {logging_mixin.py:188} INFO - [2026-07-05T09:33:37.666+0000] {dag.py:3947} INFO - Setting next_dagrun for minio_to_snowflake_ecommerce to 2026-07-05 09:32:00+00:00, run_after=2026-07-05 09:33:00+00:00
[2026-07-05T09:33:37.689+0000] {processor.py:183} INFO - Processing /opt/airflow/dags/minio_to_snowflake_dag.py took 0.796 seconds
[2026-07-05T09:34:08.127+0000] {processor.py:161} INFO - Started process (PID=54361) to work on /opt/airflow/dags/minio_to_snowflake_dag.py
[2026-07-05T09:34:08.128+0000] {processor.py:830} INFO - Processing file /opt/airflow/dags/minio_to_snowflake_dag.py for tasks to queue
[2026-07-05T09:34:08.131+0000] {logging_mixin.py:188} INFO - [2026-07-05T09:34:08.130+0000] {dagbag.py:545} INFO - Filling up the DagBag from /opt/airflow/dags/minio_to_snowflake_dag.py
[2026-07-05T09:34:08.850+0000] {processor.py:840} INFO - DAG(s) 'minio_to_snowflake_ecommerce' retrieved from /opt/airflow/dags/minio_to_snowflake_dag.py
[2026-07-05T09:34:08.884+0000] {logging_mixin.py:188} INFO - [2026-07-05T09:34:08.883+0000] {dag.py:3089} INFO - Sync 1 DAGs
[2026-07-05T09:34:08.912+0000] {logging_mixin.py:188} INFO - [2026-07-05T09:34:08.912+0000] {dag.py:3947} INFO - Setting next_dagrun for minio_to_snowflake_ecommerce to 2026-07-05 09:33:00+00:00, run_after=2026-07-05 09:34:00+00:00
[2026-07-05T09:34:08.934+0000] {processor.py:183} INFO - Processing /opt/airflow/dags/minio_to_snowflake_dag.py took 0.813 seconds
[2026-07-05T09:34:39.392+0000] {processor.py:161} INFO - Started process (PID=54365) to work on /opt/airflow/dags/minio_to_snowflake_dag.py
[2026-07-05T09:34:39.393+0000] {processor.py:830} INFO - Processing file /opt/airflow/dags/minio_to_snowflake_dag.py for tasks to queue
[2026-07-05T09:34:39.396+0000] {logging_mixin.py:188} INFO - [2026-07-05T09:34:39.395+0000] {dagbag.py:545} INFO - Filling up the DagBag from /opt/airflow/dags/minio_to_snowflake_dag.py
[2026-07-05T09:34:40.075+0000] {processor.py:840} INFO - DAG(s) 'minio_to_snowflake_ecommerce' retrieved from /opt/airflow/dags/minio_to_snowflake_dag.py
[2026-07-05T09:34:40.103+0000] {logging_mixin.py:188} INFO - [2026-07-05T09:34:40.102+0000] {dag.py:3089} INFO - Sync 1 DAGs
[2026-07-05T09:34:40.132+0000] {logging_mixin.py:188} INFO - [2026-07-05T09:34:40.132+0000] {dag.py:3947} INFO - Setting next_dagrun for minio_to_snowflake_ecommerce to 2026-07-05 09:33:00+00:00, run_after=2026-07-05 09:34:00+00:00
[2026-07-05T09:34:40.154+0000] {processor.py:183} INFO - Processing /opt/airflow/dags/minio_to_snowflake_dag.py took 0.769 seconds
[2026-07-05T09:35:10.495+0000] {processor.py:161} INFO - Started process (PID=54369) to work on /opt/airflow/dags/minio_to_snowflake_dag.py
[2026-07-05T09:35:10.496+0000] {processor.py:830} INFO - Processing file /opt/airflow/dags/minio_to_snowflake_dag.py for tasks to queue
[2026-07-05T09:35:10.498+0000] {logging_mixin.py:188} INFO - [2026-07-05T09:35:10.498+0000] {dagbag.py:545} INFO - Filling up the DagBag from /opt/airflow/dags/minio_to_snowflake_dag.py
[2026-07-05T09:35:11.197+0000] {processor.py:840} INFO - DAG(s) 'minio_to_snowflake_ecommerce' retrieved from /opt/airflow/dags/minio_to_snowflake_dag.py
[2026-07-05T09:35:11.225+0000] {logging_mixin.py:188} INFO - [2026-07-05T09:35:11.225+0000] {dag.py:3089} INFO - Sync 1 DAGs
[2026-07-05T09:35:11.248+0000] {logging_mixin.py:188} INFO - [2026-07-05T09:35:11.248+0000] {dag.py:3947} INFO - Setting next_dagrun for minio_to_snowflake_ecommerce to 2026-07-05 09:34:00+00:00, run_after=2026-07-05 09:35:00+00:00
[2026-07-05T09:35:11.268+0000] {processor.py:183} INFO - Processing /opt/airflow/dags/minio_to_snowflake_dag.py took 0.781 seconds
[2026-07-05T09:35:41.645+0000] {processor.py:161} INFO - Started process (PID=54373) to work on /opt/airflow/dags/minio_to_snowflake_dag.py
[2026-07-05T09:35:41.647+0000] {processor.py:830} INFO - Processing file /opt/airflow/dags/minio_to_snowflake_dag.py for tasks to queue
[2026-07-05T09:35:41.650+0000] {logging_mixin.py:188} INFO - [2026-07-05T09:35:41.650+0000] {dagbag.py:545} INFO - Filling up the DagBag from /opt/airflow/dags/minio_to_snowflake_dag.py
[2026-07-05T09:35:42.703+0000] {processor.py:840} INFO - DAG(s) 'minio_to_snowflake_ecommerce' retrieved from /opt/airflow/dags/minio_to_snowflake_dag.py
[2026-07-05T09:35:42.743+0000] {logging_mixin.py:188} INFO - [2026-07-05T09:35:42.743+0000] {dag.py:3089} INFO - Sync 1 DAGs
[2026-07-05T09:35:42.774+0000] {logging_mixin.py:188} INFO - [2026-07-05T09:35:42.774+0000] {dag.py:3947} INFO - Setting next_dagrun for minio_to_snowflake_ecommerce to 2026-07-05 09:34:00+00:00, run_after=2026-07-05 09:35:00+00:00
[2026-07-05T09:35:42.802+0000] {processor.py:183} INFO - Processing /opt/airflow/dags/minio_to_snowflake_dag.py took 1.168 seconds
[2026-07-05T09:36:12.865+0000] {processor.py:161} INFO - Started process (PID=54377) to work on /opt/airflow/dags/minio_to_snowflake_dag.py
[2026-07-05T09:36:12.867+0000] {processor.py:830} INFO - Processing file /opt/airflow/dags/minio_to_snowflake_dag.py for tasks to queue
[2026-07-05T09:36:12.871+0000] {logging_mixin.py:188} INFO - [2026-07-05T09:36:12.870+0000] {dagbag.py:545} INFO - Filling up the DagBag from /opt/airflow/dags/minio_to_snowflake_dag.py
[2026-07-05T09:36:13.855+0000] {processor.py:840} INFO - DAG(s) 'minio_to_snowflake_ecommerce' retrieved from /opt/airflow/dags/minio_to_snowflake_dag.py
[2026-07-05T09:36:13.898+0000] {logging_mixin.py:188} INFO - [2026-07-05T09:36:13.897+0000] {dag.py:3089} INFO - Sync 1 DAGs
[2026-07-05T09:36:13.934+0000] {logging_mixin.py:188} INFO - [2026-07-05T09:36:13.933+0000] {dag.py:3947} INFO - Setting next_dagrun for minio_to_snowflake_ecommerce to 2026-07-05 09:35:00+00:00, run_after=2026-07-05 09:36:00+00:00
[2026-07-05T09:36:13.967+0000] {processor.py:183} INFO - Processing /opt/airflow/dags/minio_to_snowflake_dag.py took 1.110 seconds
[2026-07-05T09:36:44.083+0000] {processor.py:161} INFO - Started process (PID=54381) to work on /opt/airflow/dags/minio_to_snowflake_dag.py
[2026-07-05T09:36:44.084+0000] {processor.py:830} INFO - Processing file /opt/airflow/dags/minio_to_snowflake_dag.py for tasks to queue
[2026-07-05T09:36:44.089+0000] {logging_mixin.py:188} INFO - [2026-07-05T09:36:44.088+0000] {dagbag.py:545} INFO - Filling up the DagBag from /opt/airflow/dags/minio_to_snowflake_dag.py
[2026-07-05T09:36:44.986+0000] {processor.py:840} INFO - DAG(s) 'minio_to_snowflake_ecommerce' retrieved from /opt/airflow/dags/minio_to_snowflake_dag.py
[2026-07-05T09:36:45.035+0000] {logging_mixin.py:188} INFO - [2026-07-05T09:36:45.034+0000] {dag.py:3089} INFO - Sync 1 DAGs
[2026-07-05T09:36:45.075+0000] {logging_mixin.py:188} INFO - [2026-07-05T09:36:45.075+0000] {dag.py:3947} INFO - Setting next_dagrun for minio_to_snowflake_ecommerce to 2026-07-05 09:35:00+00:00, run_after=2026-07-05 09:36:00+00:00
[2026-07-05T09:36:45.103+0000] {processor.py:183} INFO - Processing /opt/airflow/dags/minio_to_snowflake_dag.py took 1.034 seconds
[2026-07-05T09:37:15.383+0000] {processor.py:161} INFO - Started process (PID=54385) to work on /opt/airflow/dags/minio_to_snowflake_dag.py
[2026-07-05T09:37:15.384+0000] {processor.py:830} INFO - Processing file /opt/airflow/dags/minio_to_snowflake_dag.py for tasks to queue
[2026-07-05T09:37:15.386+0000] {logging_mixin.py:188} INFO - [2026-07-05T09:37:15.386+0000] {dagbag.py:545} INFO - Filling up the DagBag from /opt/airflow/dags/minio_to_snowflake_dag.py
[2026-07-05T09:37:16.115+0000] {processor.py:840} INFO - DAG(s) 'minio_to_snowflake_ecommerce' retrieved from /opt/airflow/dags/minio_to_snowflake_dag.py
[2026-07-05T09:37:16.144+0000] {logging_mixin.py:188} INFO - [2026-07-05T09:37:16.144+0000] {dag.py:3089} INFO - Sync 1 DAGs
[2026-07-05T09:37:16.169+0000] {logging_mixin.py:188} INFO - [2026-07-05T09:37:16.169+0000] {dag.py:3947} INFO - Setting next_dagrun for minio_to_snowflake_ecommerce to 2026-07-05 09:36:00+00:00, run_after=2026-07-05 09:37:00+00:00
[2026-07-05T09:37:16.191+0000] {processor.py:183} INFO - Processing /opt/airflow/dags/minio_to_snowflake_dag.py took 0.817 seconds
[2026-07-05T09:37:46.535+0000] {processor.py:161} INFO - Started process (PID=54389) to work on /opt/airflow/dags/minio_to_snowflake_dag.py
[2026-07-05T09:37:46.536+0000] {processor.py:830} INFO - Processing file /opt/airflow/dags/minio_to_snowflake_dag.py for tasks to queue
[2026-07-05T09:37:46.538+0000] {logging_mixin.py:188} INFO - [2026-07-05T09:37:46.538+0000] {dagbag.py:545} INFO - Filling up the DagBag from /opt/airflow/dags/minio_to_snowflake_dag.py
[2026-07-05T09:37:47.791+0000] {processor.py:840} INFO - DAG(s) 'minio_to_snowflake_ecommerce' retrieved from /opt/airflow/dags/minio_to_snowflake_dag.py
[2026-07-05T09:37:47.837+0000] {logging_mixin.py:188} INFO - [2026-07-05T09:37:47.836+0000] {dag.py:3089} INFO - Sync 1 DAGs
[2026-07-05T09:37:47.884+0000] {logging_mixin.py:188} INFO - [2026-07-05T09:37:47.884+0000] {dag.py:3947} INFO - Setting next_dagrun for minio_to_snowflake_ecommerce to 2026-07-05 09:36:00+00:00, run_after=2026-07-05 09:37:00+00:00
[2026-07-05T09:37:47.929+0000] {processor.py:183} INFO - Processing /opt/airflow/dags/minio_to_snowflake_dag.py took 1.402 seconds
[2026-07-05T09:38:18.052+0000] {processor.py:161} INFO - Started process (PID=54393) to work on /opt/airflow/dags/minio_to_snowflake_dag.py
[2026-07-05T09:38:18.054+0000] {processor.py:830} INFO - Processing file /opt/airflow/dags/minio_to_snowflake_dag.py for tasks to queue
[2026-07-05T09:38:18.056+0000] {logging_mixin.py:188} INFO - [2026-07-05T09:38:18.056+0000] {dagbag.py:545} INFO - Filling up the DagBag from /opt/airflow/dags/minio_to_snowflake_dag.py
[2026-07-05T09:38:18.809+0000] {processor.py:840} INFO - DAG(s) 'minio_to_snowflake_ecommerce' retrieved from /opt/airflow/dags/minio_to_snowflake_dag.py
[2026-07-05T09:38:18.839+0000] {logging_mixin.py:188} INFO - [2026-07-05T09:38:18.839+0000] {dag.py:3089} INFO - Sync 1 DAGs
[2026-07-05T09:38:18.874+0000] {logging_mixin.py:188} INFO - [2026-07-05T09:38:18.874+0000] {dag.py:3947} INFO - Setting next_dagrun for minio_to_snowflake_ecommerce to 2026-07-05 09:37:00+00:00, run_after=2026-07-05 09:38:00+00:00
[2026-07-05T09:38:18.902+0000] {processor.py:183} INFO - Processing /opt/airflow/dags/minio_to_snowflake_dag.py took 0.858 seconds
[2026-07-05T09:38:49.268+0000] {processor.py:161} INFO - Started process (PID=54397) to work on /opt/airflow/dags/minio_to_snowflake_dag.py
[2026-07-05T09:38:49.269+0000] {processor.py:830} INFO - Processing file /opt/airflow/dags/minio_to_snowflake_dag.py for tasks to queue
[2026-07-05T09:38:49.271+0000] {logging_mixin.py:188} INFO - [2026-07-05T09:38:49.271+0000] {dagbag.py:545} INFO - Filling up the DagBag from /opt/airflow/dags/minio_to_snowflake_dag.py
[2026-07-05T09:38:50.026+0000] {processor.py:840} INFO - DAG(s) 'minio_to_snowflake_ecommerce' retrieved from /opt/airflow/dags/minio_to_snowflake_dag.py
[2026-07-05T09:38:50.057+0000] {logging_mixin.py:188} INFO - [2026-07-05T09:38:50.056+0000] {dag.py:3089} INFO - Sync 1 DAGs
[2026-07-05T09:38:50.088+0000] {logging_mixin.py:188} INFO - [2026-07-05T09:38:50.088+0000] {dag.py:3947} INFO - Setting next_dagrun for minio_to_snowflake_ecommerce to 2026-07-05 09:37:00+00:00, run_after=2026-07-05 09:38:00+00:00
[2026-07-05T09:38:50.114+0000] {processor.py:183} INFO - Processing /opt/airflow/dags/minio_to_snowflake_dag.py took 0.855 seconds
[2026-07-05T09:39:20.455+0000] {processor.py:161} INFO - Started process (PID=54401) to work on /opt/airflow/dags/minio_to_snowflake_dag.py
[2026-07-05T09:39:20.457+0000] {processor.py:830} INFO - Processing file /opt/airflow/dags/minio_to_snowflake_dag.py for tasks to queue
[2026-07-05T09:39:20.459+0000] {logging_mixin.py:188} INFO - [2026-07-05T09:39:20.459+0000] {dagbag.py:545} INFO - Filling up the DagBag from /opt/airflow/dags/minio_to_snowflake_dag.py
[2026-07-05T09:39:21.266+0000] {processor.py:840} INFO - DAG(s) 'minio_to_snowflake_ecommerce' retrieved from /opt/airflow/dags/minio_to_snowflake_dag.py
[2026-07-05T09:39:21.299+0000] {logging_mixin.py:188} INFO - [2026-07-05T09:39:21.298+0000] {dag.py:3089} INFO - Sync 1 DAGs
[2026-07-05T09:39:21.329+0000] {logging_mixin.py:188} INFO - [2026-07-05T09:39:21.329+0000] {dag.py:3947} INFO - Setting next_dagrun for minio_to_snowflake_ecommerce to 2026-07-05 09:38:00+00:00, run_after=2026-07-05 09:39:00+00:00
[2026-07-05T09:39:21.350+0000] {processor.py:183} INFO - Processing /opt/airflow/dags/minio_to_snowflake_dag.py took 0.903 seconds
[2026-07-05T09:39:51.739+0000] {processor.py:161} INFO - Started process (PID=54405) to work on /opt/airflow/dags/minio_to_snowflake_dag.py
[2026-07-05T09:39:51.741+0000] {processor.py:830} INFO - Processing file /opt/airflow/dags/minio_to_snowflake_dag.py for tasks to queue
[2026-07-05T09:39:51.743+0000] {logging_mixin.py:188} INFO - [2026-07-05T09:39:51.743+0000] {dagbag.py:545} INFO - Filling up the DagBag from /opt/airflow/dags/minio_to_snowflake_dag.py
[2026-07-05T09:39:52.463+0000] {processor.py:840} INFO - DAG(s) 'minio_to_snowflake_ecommerce' retrieved from /opt/airflow/dags/minio_to_snowflake_dag.py
[2026-07-05T09:39:52.492+0000] {logging_mixin.py:188} INFO - [2026-07-05T09:39:52.492+0000] {dag.py:3089} INFO - Sync 1 DAGs
[2026-07-05T09:39:52.521+0000] {logging_mixin.py:188} INFO - [2026-07-05T09:39:52.520+0000] {dag.py:3947} INFO - Setting next_dagrun for minio_to_snowflake_ecommerce to 2026-07-05 09:38:00+00:00, run_after=2026-07-05 09:39:00+00:00
[2026-07-05T09:39:52.544+0000] {processor.py:183} INFO - Processing /opt/airflow/dags/minio_to_snowflake_dag.py took 0.812 seconds
[2026-07-05T09:40:22.876+0000] {processor.py:161} INFO - Started process (PID=54409) to work on /opt/airflow/dags/minio_to_snowflake_dag.py
[2026-07-05T09:40:22.877+0000] {processor.py:830} INFO - Processing file /opt/airflow/dags/minio_to_snowflake_dag.py for tasks to queue
[2026-07-05T09:40:22.879+0000] {logging_mixin.py:188} INFO - [2026-07-05T09:40:22.879+0000] {dagbag.py:545} INFO - Filling up the DagBag from /opt/airflow/dags/minio_to_snowflake_dag.py
[2026-07-05T09:40:23.645+0000] {processor.py:840} INFO - DAG(s) 'minio_to_snowflake_ecommerce' retrieved from /opt/airflow/dags/minio_to_snowflake_dag.py
[2026-07-05T09:40:23.677+0000] {logging_mixin.py:188} INFO - [2026-07-05T09:40:23.677+0000] {dag.py:3089} INFO - Sync 1 DAGs
[2026-07-05T09:40:23.707+0000] {logging_mixin.py:188} INFO - [2026-07-05T09:40:23.707+0000] {dag.py:3947} INFO - Setting next_dagrun for minio_to_snowflake_ecommerce to 2026-07-05 09:39:00+00:00, run_after=2026-07-05 09:40:00+00:00
[2026-07-05T09:40:23.731+0000] {processor.py:183} INFO - Processing /opt/airflow/dags/minio_to_snowflake_dag.py took 0.862 seconds
[2026-07-05T09:40:54.000+0000] {processor.py:161} INFO - Started process (PID=54413) to work on /opt/airflow/dags/minio_to_snowflake_dag.py
[2026-07-05T09:40:54.001+0000] {processor.py:830} INFO - Processing file /opt/airflow/dags/minio_to_snowflake_dag.py for tasks to queue
[2026-07-05T09:40:54.004+0000] {logging_mixin.py:188} INFO - [2026-07-05T09:40:54.003+0000] {dagbag.py:545} INFO - Filling up the DagBag from /opt/airflow/dags/minio_to_snowflake_dag.py
[2026-07-05T09:40:54.813+0000] {processor.py:840} INFO - DAG(s) 'minio_to_snowflake_ecommerce' retrieved from /opt/airflow/dags/minio_to_snowflake_dag.py
[2026-07-05T09:40:54.863+0000] {logging_mixin.py:188} INFO - [2026-07-05T09:40:54.863+0000] {dag.py:3089} INFO - Sync 1 DAGs
[2026-07-05T09:40:54.916+0000] {logging_mixin.py:188} INFO - [2026-07-05T09:40:54.914+0000] {dag.py:3947} INFO - Setting next_dagrun for minio_to_snowflake_ecommerce to 2026-07-05 09:39:00+00:00, run_after=2026-07-05 09:40:00+00:00
[2026-07-05T09:40:55.014+0000] {processor.py:183} INFO - Processing /opt/airflow/dags/minio_to_snowflake_dag.py took 1.021 seconds
[2026-07-05T09:41:25.346+0000] {processor.py:161} INFO - Started process (PID=54417) to work on /opt/airflow/dags/minio_to_snowflake_dag.py
[2026-07-05T09:41:25.348+0000] {processor.py:830} INFO - Processing file /opt/airflow/dags/minio_to_snowflake_dag.py for tasks to queue
[2026-07-05T09:41:25.350+0000] {logging_mixin.py:188} INFO - [2026-07-05T09:41:25.349+0000] {dagbag.py:545} INFO - Filling up the DagBag from /opt/airflow/dags/minio_to_snowflake_dag.py
[2026-07-05T09:41:26.090+0000] {processor.py:840} INFO - DAG(s) 'minio_to_snowflake_ecommerce' retrieved from /opt/airflow/dags/minio_to_snowflake_dag.py
[2026-07-05T09:41:26.123+0000] {logging_mixin.py:188} INFO - [2026-07-05T09:41:26.122+0000] {dag.py:3089} INFO - Sync 1 DAGs
[2026-07-05T09:41:26.150+0000] {logging_mixin.py:188} INFO - [2026-07-05T09:41:26.150+0000] {dag.py:3947} INFO - Setting next_dagrun for minio_to_snowflake_ecommerce to 2026-07-05 09:40:00+00:00, run_after=2026-07-05 09:41:00+00:00
[2026-07-05T09:41:26.173+0000] {processor.py:183} INFO - Processing /opt/airflow/dags/minio_to_snowflake_dag.py took 0.835 seconds
[2026-07-05T09:41:56.503+0000] {processor.py:161} INFO - Started process (PID=54421) to work on /opt/airflow/dags/minio_to_snowflake_dag.py
[2026-07-05T09:41:56.505+0000] {processor.py:830} INFO - Processing file /opt/airflow/dags/minio_to_snowflake_dag.py for tasks to queue
[2026-07-05T09:41:56.507+0000] {logging_mixin.py:188} INFO - [2026-07-05T09:41:56.507+0000] {dagbag.py:545} INFO - Filling up the DagBag from /opt/airflow/dags/minio_to_snowflake_dag.py
[2026-07-05T09:41:57.292+0000] {processor.py:840} INFO - DAG(s) 'minio_to_snowflake_ecommerce' retrieved from /opt/airflow/dags/minio_to_snowflake_dag.py
[2026-07-05T09:41:57.318+0000] {logging_mixin.py:188} INFO - [2026-07-05T09:41:57.318+0000] {dag.py:3089} INFO - Sync 1 DAGs
[2026-07-05T09:41:57.343+0000] {logging_mixin.py:188} INFO - [2026-07-05T09:41:57.343+0000] {dag.py:3947} INFO - Setting next_dagrun for minio_to_snowflake_ecommerce to 2026-07-05 09:40:00+00:00, run_after=2026-07-05 09:41:00+00:00
[2026-07-05T09:41:57.364+0000] {processor.py:183} INFO - Processing /opt/airflow/dags/minio_to_snowflake_dag.py took 0.869 seconds
[2026-07-05T09:42:27.775+0000] {processor.py:161} INFO - Started process (PID=54425) to work on /opt/airflow/dags/minio_to_snowflake_dag.py
[2026-07-05T09:42:27.777+0000] {processor.py:830} INFO - Processing file /opt/airflow/dags/minio_to_snowflake_dag.py for tasks to queue
[2026-07-05T09:42:27.780+0000] {logging_mixin.py:188} INFO - [2026-07-05T09:42:27.779+0000] {dagbag.py:545} INFO - Filling up the DagBag from /opt/airflow/dags/minio_to_snowflake_dag.py
[2026-07-05T09:42:28.527+0000] {processor.py:840} INFO - DAG(s) 'minio_to_snowflake_ecommerce' retrieved from /opt/airflow/dags/minio_to_snowflake_dag.py
[2026-07-05T09:42:28.557+0000] {logging_mixin.py:188} INFO - [2026-07-05T09:42:28.556+0000] {dag.py:3089} INFO - Sync 1 DAGs
[2026-07-05T09:42:28.584+0000] {logging_mixin.py:188} INFO - [2026-07-05T09:42:28.583+0000] {dag.py:3947} INFO - Setting next_dagrun for minio_to_snowflake_ecommerce to 2026-07-05 09:41:00+00:00, run_after=2026-07-05 09:42:00+00:00
[2026-07-05T09:42:28.606+0000] {processor.py:183} INFO - Processing /opt/airflow/dags/minio_to_snowflake_dag.py took 0.839 seconds
[2026-07-05T09:42:58.995+0000] {processor.py:161} INFO - Started process (PID=54429) to work on /opt/airflow/dags/minio_to_snowflake_dag.py
[2026-07-05T09:42:58.996+0000] {processor.py:830} INFO - Processing file /opt/airflow/dags/minio_to_snowflake_dag.py for tasks to queue
[2026-07-05T09:42:58.999+0000] {logging_mixin.py:188} INFO - [2026-07-05T09:42:58.999+0000] {dagbag.py:545} INFO - Filling up the DagBag from /opt/airflow/dags/minio_to_snowflake_dag.py
[2026-07-05T09:42:59.735+0000] {processor.py:840} INFO - DAG(s) 'minio_to_snowflake_ecommerce' retrieved from /opt/airflow/dags/minio_to_snowflake_dag.py
[2026-07-05T09:42:59.764+0000] {logging_mixin.py:188} INFO - [2026-07-05T09:42:59.764+0000] {dag.py:3089} INFO - Sync 1 DAGs
[2026-07-05T09:42:59.792+0000] {logging_mixin.py:188} INFO - [2026-07-05T09:42:59.792+0000] {dag.py:3947} INFO - Setting next_dagrun for minio_to_snowflake_ecommerce to 2026-07-05 09:41:00+00:00, run_after=2026-07-05 09:42:00+00:00
[2026-07-05T09:42:59.815+0000] {processor.py:183} INFO - Processing /opt/airflow/dags/minio_to_snowflake_dag.py took 0.829 seconds
[2026-07-05T09:43:30.080+0000] {processor.py:161} INFO - Started process (PID=54433) to work on /opt/airflow/dags/minio_to_snowflake_dag.py
[2026-07-05T09:43:30.082+0000] {processor.py:830} INFO - Processing file /opt/airflow/dags/minio_to_snowflake_dag.py for tasks to queue
[2026-07-05T09:43:30.085+0000] {logging_mixin.py:188} INFO - [2026-07-05T09:43:30.084+0000] {dagbag.py:545} INFO - Filling up the DagBag from /opt/airflow/dags/minio_to_snowflake_dag.py
[2026-07-05T09:43:30.880+0000] {processor.py:840} INFO - DAG(s) 'minio_to_snowflake_ecommerce' retrieved from /opt/airflow/dags/minio_to_snowflake_dag.py
[2026-07-05T09:43:30.914+0000] {logging_mixin.py:188} INFO - [2026-07-05T09:43:30.914+0000] {dag.py:3089} INFO - Sync 1 DAGs
[2026-07-05T09:43:30.941+0000] {logging_mixin.py:188} INFO - [2026-07-05T09:43:30.941+0000] {dag.py:3947} INFO - Setting next_dagrun for minio_to_snowflake_ecommerce to 2026-07-05 09:42:00+00:00, run_after=2026-07-05 09:43:00+00:00
[2026-07-05T09:43:30.960+0000] {processor.py:183} INFO - Processing /opt/airflow/dags/minio_to_snowflake_dag.py took 0.887 seconds
[2026-07-05T09:44:01.300+0000] {processor.py:161} INFO - Started process (PID=54437) to work on /opt/airflow/dags/minio_to_snowflake_dag.py
[2026-07-05T09:44:01.301+0000] {processor.py:830} INFO - Processing file /opt/airflow/dags/minio_to_snowflake_dag.py for tasks to queue
[2026-07-05T09:44:01.304+0000] {logging_mixin.py:188} INFO - [2026-07-05T09:44:01.304+0000] {dagbag.py:545} INFO - Filling up the DagBag from /opt/airflow/dags/minio_to_snowflake_dag.py
[2026-07-05T09:44:02.125+0000] {processor.py:840} INFO - DAG(s) 'minio_to_snowflake_ecommerce' retrieved from /opt/airflow/dags/minio_to_snowflake_dag.py
[2026-07-05T09:44:02.156+0000] {logging_mixin.py:188} INFO - [2026-07-05T09:44:02.155+0000] {dag.py:3089} INFO - Sync 1 DAGs
[2026-07-05T09:44:02.185+0000] {logging_mixin.py:188} INFO - [2026-07-05T09:44:02.185+0000] {dag.py:3947} INFO - Setting next_dagrun for minio_to_snowflake_ecommerce to 2026-07-05 09:43:00+00:00, run_after=2026-07-05 09:44:00+00:00
[2026-07-05T09:44:02.214+0000] {processor.py:183} INFO - Processing /opt/airflow/dags/minio_to_snowflake_dag.py took 0.925 seconds
[2026-07-05T09:44:32.539+0000] {processor.py:161} INFO - Started process (PID=54441) to work on /opt/airflow/dags/minio_to_snowflake_dag.py
[2026-07-05T09:44:32.540+0000] {processor.py:830} INFO - Processing file /opt/airflow/dags/minio_to_snowflake_dag.py for tasks to queue
[2026-07-05T09:44:32.542+0000] {logging_mixin.py:188} INFO - [2026-07-05T09:44:32.542+0000] {dagbag.py:545} INFO - Filling up the DagBag from /opt/airflow/dags/minio_to_snowflake_dag.py
[2026-07-05T09:44:33.325+0000] {processor.py:840} INFO - DAG(s) 'minio_to_snowflake_ecommerce' retrieved from /opt/airflow/dags/minio_to_snowflake_dag.py
[2026-07-05T09:44:33.353+0000] {logging_mixin.py:188} INFO - [2026-07-05T09:44:33.352+0000] {dag.py:3089} INFO - Sync 1 DAGs
[2026-07-05T09:44:33.381+0000] {logging_mixin.py:188} INFO - [2026-07-05T09:44:33.381+0000] {dag.py:3947} INFO - Setting next_dagrun for minio_to_snowflake_ecommerce to 2026-07-05 09:43:00+00:00, run_after=2026-07-05 09:44:00+00:00
[2026-07-05T09:44:33.408+0000] {processor.py:183} INFO - Processing /opt/airflow/dags/minio_to_snowflake_dag.py took 0.877 seconds
[2026-07-05T09:45:03.671+0000] {processor.py:161} INFO - Started process (PID=54445) to work on /opt/airflow/dags/minio_to_snowflake_dag.py
[2026-07-05T09:45:03.673+0000] {processor.py:830} INFO - Processing file /opt/airflow/dags/minio_to_snowflake_dag.py for tasks to queue
[2026-07-05T09:45:03.677+0000] {logging_mixin.py:188} INFO - [2026-07-05T09:45:03.676+0000] {dagbag.py:545} INFO - Filling up the DagBag from /opt/airflow/dags/minio_to_snowflake_dag.py
[2026-07-05T09:45:04.615+0000] {processor.py:840} INFO - DAG(s) 'minio_to_snowflake_ecommerce' retrieved from /opt/airflow/dags/minio_to_snowflake_dag.py
[2026-07-05T09:45:04.667+0000] {logging_mixin.py:188} INFO - [2026-07-05T09:45:04.667+0000] {dag.py:3089} INFO - Sync 1 DAGs
[2026-07-05T09:45:04.704+0000] {logging_mixin.py:188} INFO - [2026-07-05T09:45:04.704+0000] {dag.py:3947} INFO - Setting next_dagrun for minio_to_snowflake_ecommerce to 2026-07-05 09:44:00+00:00, run_after=2026-07-05 09:45:00+00:00
[2026-07-05T09:45:04.732+0000] {processor.py:183} INFO - Processing /opt/airflow/dags/minio_to_snowflake_dag.py took 1.073 seconds
[2026-07-05T09:45:35.039+0000] {processor.py:161} INFO - Started process (PID=54449) to work on /opt/airflow/dags/minio_to_snowflake_dag.py
[2026-07-05T09:45:35.040+0000] {processor.py:830} INFO - Processing file /opt/airflow/dags/minio_to_snowflake_dag.py for tasks to queue
[2026-07-05T09:45:35.043+0000] {logging_mixin.py:188} INFO - [2026-07-05T09:45:35.042+0000] {dagbag.py:545} INFO - Filling up the DagBag from /opt/airflow/dags/minio_to_snowflake_dag.py
[2026-07-05T09:45:35.809+0000] {processor.py:840} INFO - DAG(s) 'minio_to_snowflake_ecommerce' retrieved from /opt/airflow/dags/minio_to_snowflake_dag.py
[2026-07-05T09:45:35.837+0000] {logging_mixin.py:188} INFO - [2026-07-05T09:45:35.837+0000] {dag.py:3089} INFO - Sync 1 DAGs
[2026-07-05T09:45:35.862+0000] {logging_mixin.py:188} INFO - [2026-07-05T09:45:35.862+0000] {dag.py:3947} INFO - Setting next_dagrun for minio_to_snowflake_ecommerce to 2026-07-05 09:44:00+00:00, run_after=2026-07-05 09:45:00+00:00
[2026-07-05T09:45:35.884+0000] {processor.py:183} INFO - Processing /opt/airflow/dags/minio_to_snowflake_dag.py took 0.852 seconds
[2026-07-05T09:46:06.196+0000] {processor.py:161} INFO - Started process (PID=54453) to work on /opt/airflow/dags/minio_to_snowflake_dag.py
[2026-07-05T09:46:06.197+0000] {processor.py:830} INFO - Processing file /opt/airflow/dags/minio_to_snowflake_dag.py for tasks to queue
[2026-07-05T09:46:06.200+0000] {logging_mixin.py:188} INFO - [2026-07-05T09:46:06.200+0000] {dagbag.py:545} INFO - Filling up the DagBag from /opt/airflow/dags/minio_to_snowflake_dag.py
[2026-07-05T09:46:07.497+0000] {processor.py:840} INFO - DAG(s) 'minio_to_snowflake_ecommerce' retrieved from /opt/airflow/dags/minio_to_snowflake_dag.py
[2026-07-05T09:46:07.548+0000] {logging_mixin.py:188} INFO - [2026-07-05T09:46:07.547+0000] {dag.py:3089} INFO - Sync 1 DAGs
[2026-07-05T09:46:07.592+0000] {logging_mixin.py:188} INFO - [2026-07-05T09:46:07.592+0000] {dag.py:3947} INFO - Setting next_dagrun for minio_to_snowflake_ecommerce to 2026-07-05 09:45:00+00:00, run_after=2026-07-05 09:46:00+00:00
[2026-07-05T09:46:07.628+0000] {processor.py:183} INFO - Processing /opt/airflow/dags/minio_to_snowflake_dag.py took 1.443 seconds
[2026-07-05T09:46:37.967+0000] {processor.py:161} INFO - Started process (PID=54457) to work on /opt/airflow/dags/minio_to_snowflake_dag.py
[2026-07-05T09:46:37.969+0000] {processor.py:830} INFO - Processing file /opt/airflow/dags/minio_to_snowflake_dag.py for tasks to queue
[2026-07-05T09:46:37.972+0000] {logging_mixin.py:188} INFO - [2026-07-05T09:46:37.972+0000] {dagbag.py:545} INFO - Filling up the DagBag from /opt/airflow/dags/minio_to_snowflake_dag.py
[2026-07-05T09:46:38.934+0000] {processor.py:840} INFO - DAG(s) 'minio_to_snowflake_ecommerce' retrieved from /opt/airflow/dags/minio_to_snowflake_dag.py
[2026-07-05T09:46:38.971+0000] {logging_mixin.py:188} INFO - [2026-07-05T09:46:38.970+0000] {dag.py:3089} INFO - Sync 1 DAGs
[2026-07-05T09:46:39.004+0000] {logging_mixin.py:188} INFO - [2026-07-05T09:46:39.003+0000] {dag.py:3947} INFO - Setting next_dagrun for minio_to_snowflake_ecommerce to 2026-07-05 09:45:00+00:00, run_after=2026-07-05 09:46:00+00:00
[2026-07-05T09:46:39.028+0000] {processor.py:183} INFO - Processing /opt/airflow/dags/minio_to_snowflake_dag.py took 1.069 seconds
[2026-07-05T09:47:09.280+0000] {processor.py:161} INFO - Started process (PID=54461) to work on /opt/airflow/dags/minio_to_snowflake_dag.py
[2026-07-05T09:47:09.281+0000] {processor.py:830} INFO - Processing file /opt/airflow/dags/minio_to_snowflake_dag.py for tasks to queue
[2026-07-05T09:47:09.284+0000] {logging_mixin.py:188} INFO - [2026-07-05T09:47:09.284+0000] {dagbag.py:545} INFO - Filling up the DagBag from /opt/airflow/dags/minio_to_snowflake_dag.py
[2026-07-05T09:47:10.210+0000] {processor.py:840} INFO - DAG(s) 'minio_to_snowflake_ecommerce' retrieved from /opt/airflow/dags/minio_to_snowflake_dag.py
[2026-07-05T09:47:10.246+0000] {logging_mixin.py:188} INFO - [2026-07-05T09:47:10.246+0000] {dag.py:3089} INFO - Sync 1 DAGs
[2026-07-05T09:47:10.278+0000] {logging_mixin.py:188} INFO - [2026-07-05T09:47:10.278+0000] {dag.py:3947} INFO - Setting next_dagrun for minio_to_snowflake_ecommerce to 2026-07-05 09:46:00+00:00, run_after=2026-07-05 09:47:00+00:00
[2026-07-05T09:47:10.307+0000] {processor.py:183} INFO - Processing /opt/airflow/dags/minio_to_snowflake_dag.py took 1.037 seconds
[2026-07-05T09:47:40.565+0000] {processor.py:161} INFO - Started process (PID=54465) to work on /opt/airflow/dags/minio_to_snowflake_dag.py
[2026-07-05T09:47:40.567+0000] {processor.py:830} INFO - Processing file /opt/airflow/dags/minio_to_snowflake_dag.py for tasks to queue
[2026-07-05T09:47:40.569+0000] {logging_mixin.py:188} INFO - [2026-07-05T09:47:40.569+0000] {dagbag.py:545} INFO - Filling up the DagBag from /opt/airflow/dags/minio_to_snowflake_dag.py
[2026-07-05T09:47:41.357+0000] {processor.py:840} INFO - DAG(s) 'minio_to_snowflake_ecommerce' retrieved from /opt/airflow/dags/minio_to_snowflake_dag.py
[2026-07-05T09:47:41.384+0000] {logging_mixin.py:188} INFO - [2026-07-05T09:47:41.384+0000] {dag.py:3089} INFO - Sync 1 DAGs
[2026-07-05T09:47:41.409+0000] {logging_mixin.py:188} INFO - [2026-07-05T09:47:41.409+0000] {dag.py:3947} INFO - Setting next_dagrun for minio_to_snowflake_ecommerce to 2026-07-05 09:46:00+00:00, run_after=2026-07-05 09:47:00+00:00
[2026-07-05T09:47:41.428+0000] {processor.py:183} INFO - Processing /opt/airflow/dags/minio_to_snowflake_dag.py took 0.873 seconds
[2026-07-05T09:48:11.849+0000] {processor.py:161} INFO - Started process (PID=54469) to work on /opt/airflow/dags/minio_to_snowflake_dag.py
[2026-07-05T09:48:11.850+0000] {processor.py:830} INFO - Processing file /opt/airflow/dags/minio_to_snowflake_dag.py for tasks to queue
[2026-07-05T09:48:11.853+0000] {logging_mixin.py:188} INFO - [2026-07-05T09:48:11.852+0000] {dagbag.py:545} INFO - Filling up the DagBag from /opt/airflow/dags/minio_to_snowflake_dag.py
[2026-07-05T09:48:12.722+0000] {processor.py:840} INFO - DAG(s) 'minio_to_snowflake_ecommerce' retrieved from /opt/airflow/dags/minio_to_snowflake_dag.py
[2026-07-05T09:48:12.754+0000] {logging_mixin.py:188} INFO - [2026-07-05T09:48:12.754+0000] {dag.py:3089} INFO - Sync 1 DAGs
[2026-07-05T09:48:12.779+0000] {logging_mixin.py:188} INFO - [2026-07-05T09:48:12.779+0000] {dag.py:3947} INFO - Setting next_dagrun for minio_to_snowflake_ecommerce to 2026-07-05 09:47:00+00:00, run_after=2026-07-05 09:48:00+00:00
[2026-07-05T09:48:12.803+0000] {processor.py:183} INFO - Processing /opt/airflow/dags/minio_to_snowflake_dag.py took 0.963 seconds
[2026-07-05T09:48:43.094+0000] {processor.py:161} INFO - Started process (PID=54473) to work on /opt/airflow/dags/minio_to_snowflake_dag.py
[2026-07-05T09:48:43.096+0000] {processor.py:830} INFO - Processing file /opt/airflow/dags/minio_to_snowflake_dag.py for tasks to queue
[2026-07-05T09:48:43.098+0000] {logging_mixin.py:188} INFO - [2026-07-05T09:48:43.098+0000] {dagbag.py:545} INFO - Filling up the DagBag from /opt/airflow/dags/minio_to_snowflake_dag.py
[2026-07-05T09:48:43.983+0000] {processor.py:840} INFO - DAG(s) 'minio_to_snowflake_ecommerce' retrieved from /opt/airflow/dags/minio_to_snowflake_dag.py
[2026-07-05T09:48:44.014+0000] {logging_mixin.py:188} INFO - [2026-07-05T09:48:44.014+0000] {dag.py:3089} INFO - Sync 1 DAGs
[2026-07-05T09:48:44.043+0000] {logging_mixin.py:188} INFO - [2026-07-05T09:48:44.043+0000] {dag.py:3947} INFO - Setting next_dagrun for minio_to_snowflake_ecommerce to 2026-07-05 09:47:00+00:00, run_after=2026-07-05 09:48:00+00:00
[2026-07-05T09:48:44.070+0000] {processor.py:183} INFO - Processing /opt/airflow/dags/minio_to_snowflake_dag.py took 0.984 seconds
[2026-07-05T09:49:14.427+0000] {processor.py:161} INFO - Started process (PID=54477) to work on /opt/airflow/dags/minio_to_snowflake_dag.py
[2026-07-05T09:49:14.429+0000] {processor.py:830} INFO - Processing file /opt/airflow/dags/minio_to_snowflake_dag.py for tasks to queue
[2026-07-05T09:49:14.432+0000] {logging_mixin.py:188} INFO - [2026-07-05T09:49:14.432+0000] {dagbag.py:545} INFO - Filling up the DagBag from /opt/airflow/dags/minio_to_snowflake_dag.py
[2026-07-05T09:49:15.327+0000] {processor.py:840} INFO - DAG(s) 'minio_to_snowflake_ecommerce' retrieved from /opt/airflow/dags/minio_to_snowflake_dag.py
[2026-07-05T09:49:15.367+0000] {logging_mixin.py:188} INFO - [2026-07-05T09:49:15.367+0000] {dag.py:3089} INFO - Sync 1 DAGs
[2026-07-05T09:49:15.399+0000] {logging_mixin.py:188} INFO - [2026-07-05T09:49:15.399+0000] {dag.py:3947} INFO - Setting next_dagrun for minio_to_snowflake_ecommerce to 2026-07-05 09:48:00+00:00, run_after=2026-07-05 09:49:00+00:00
[2026-07-05T09:49:15.423+0000] {processor.py:183} INFO - Processing /opt/airflow/dags/minio_to_snowflake_dag.py took 1.006 seconds
[2026-07-05T09:49:45.740+0000] {processor.py:161} INFO - Started process (PID=54481) to work on /opt/airflow/dags/minio_to_snowflake_dag.py
[2026-07-05T09:49:45.741+0000] {processor.py:830} INFO - Processing file /opt/airflow/dags/minio_to_snowflake_dag.py for tasks to queue
[2026-07-05T09:49:45.743+0000] {logging_mixin.py:188} INFO - [2026-07-05T09:49:45.743+0000] {dagbag.py:545} INFO - Filling up the DagBag from /opt/airflow/dags/minio_to_snowflake_dag.py
[2026-07-05T09:49:46.486+0000] {processor.py:840} INFO - DAG(s) 'minio_to_snowflake_ecommerce' retrieved from /opt/airflow/dags/minio_to_snowflake_dag.py
[2026-07-05T09:49:46.517+0000] {logging_mixin.py:188} INFO - [2026-07-05T09:49:46.516+0000] {dag.py:3089} INFO - Sync 1 DAGs
[2026-07-05T09:49:46.543+0000] {logging_mixin.py:188} INFO - [2026-07-05T09:49:46.542+0000] {dag.py:3947} INFO - Setting next_dagrun for minio_to_snowflake_ecommerce to 2026-07-05 09:48:00+00:00, run_after=2026-07-05 09:49:00+00:00
[2026-07-05T09:49:46.564+0000] {processor.py:183} INFO - Processing /opt/airflow/dags/minio_to_snowflake_dag.py took 0.832 seconds
[2026-07-05T09:50:16.883+0000] {processor.py:161} INFO - Started process (PID=54485) to work on /opt/airflow/dags/minio_to_snowflake_dag.py
[2026-07-05T09:50:16.887+0000] {processor.py:830} INFO - Processing file /opt/airflow/dags/minio_to_snowflake_dag.py for tasks to queue
[2026-07-05T09:50:16.891+0000] {logging_mixin.py:188} INFO - [2026-07-05T09:50:16.890+0000] {dagbag.py:545} INFO - Filling up the DagBag from /opt/airflow/dags/minio_to_snowflake_dag.py
[2026-07-05T09:50:17.804+0000] {processor.py:840} INFO - DAG(s) 'minio_to_snowflake_ecommerce' retrieved from /opt/airflow/dags/minio_to_snowflake_dag.py
[2026-07-05T09:50:17.839+0000] {logging_mixin.py:188} INFO - [2026-07-05T09:50:17.839+0000] {dag.py:3089} INFO - Sync 1 DAGs
[2026-07-05T09:50:17.872+0000] {logging_mixin.py:188} INFO - [2026-07-05T09:50:17.872+0000] {dag.py:3947} INFO - Setting next_dagrun for minio_to_snowflake_ecommerce to 2026-07-05 09:49:00+00:00, run_after=2026-07-05 09:50:00+00:00
[2026-07-05T09:50:17.903+0000] {processor.py:183} INFO - Processing /opt/airflow/dags/minio_to_snowflake_dag.py took 1.029 seconds
[2026-07-05T09:50:48.125+0000] {processor.py:161} INFO - Started process (PID=54489) to work on /opt/airflow/dags/minio_to_snowflake_dag.py
[2026-07-05T09:50:48.127+0000] {processor.py:830} INFO - Processing file /opt/airflow/dags/minio_to_snowflake_dag.py for tasks to queue
[2026-07-05T09:50:48.130+0000] {logging_mixin.py:188} INFO - [2026-07-05T09:50:48.129+0000] {dagbag.py:545} INFO - Filling up the DagBag from /opt/airflow/dags/minio_to_snowflake_dag.py
[2026-07-05T09:50:49.236+0000] {processor.py:840} INFO - DAG(s) 'minio_to_snowflake_ecommerce' retrieved from /opt/airflow/dags/minio_to_snowflake_dag.py
[2026-07-05T09:50:49.278+0000] {logging_mixin.py:188} INFO - [2026-07-05T09:50:49.276+0000] {dag.py:3089} INFO - Sync 1 DAGs
[2026-07-05T09:50:49.317+0000] {logging_mixin.py:188} INFO - [2026-07-05T09:50:49.317+0000] {dag.py:3947} INFO - Setting next_dagrun for minio_to_snowflake_ecommerce to 2026-07-05 09:49:00+00:00, run_after=2026-07-05 09:50:00+00:00
[2026-07-05T09:50:49.348+0000] {processor.py:183} INFO - Processing /opt/airflow/dags/minio_to_snowflake_dag.py took 1.231 seconds
[2026-07-05T09:51:19.407+0000] {processor.py:161} INFO - Started process (PID=54493) to work on /opt/airflow/dags/minio_to_snowflake_dag.py
[2026-07-05T09:51:19.409+0000] {processor.py:830} INFO - Processing file /opt/airflow/dags/minio_to_snowflake_dag.py for tasks to queue
[2026-07-05T09:51:19.411+0000] {logging_mixin.py:188} INFO - [2026-07-05T09:51:19.411+0000] {dagbag.py:545} INFO - Filling up the DagBag from /opt/airflow/dags/minio_to_snowflake_dag.py
[2026-07-05T09:51:20.247+0000] {processor.py:840} INFO - DAG(s) 'minio_to_snowflake_ecommerce' retrieved from /opt/airflow/dags/minio_to_snowflake_dag.py
[2026-07-05T09:51:20.280+0000] {logging_mixin.py:188} INFO - [2026-07-05T09:51:20.280+0000] {dag.py:3089} INFO - Sync 1 DAGs
[2026-07-05T09:51:20.306+0000] {logging_mixin.py:188} INFO - [2026-07-05T09:51:20.306+0000] {dag.py:3947} INFO - Setting next_dagrun for minio_to_snowflake_ecommerce to 2026-07-05 09:50:00+00:00, run_after=2026-07-05 09:51:00+00:00
[2026-07-05T09:51:20.329+0000] {processor.py:183} INFO - Processing /opt/airflow/dags/minio_to_snowflake_dag.py took 0.931 seconds
[2026-07-05T09:51:50.649+0000] {processor.py:161} INFO - Started process (PID=54497) to work on /opt/airflow/dags/minio_to_snowflake_dag.py
[2026-07-05T09:51:50.651+0000] {processor.py:830} INFO - Processing file /opt/airflow/dags/minio_to_snowflake_dag.py for tasks to queue
[2026-07-05T09:51:50.654+0000] {logging_mixin.py:188} INFO - [2026-07-05T09:51:50.654+0000] {dagbag.py:545} INFO - Filling up the DagBag from /opt/airflow/dags/minio_to_snowflake_dag.py
[2026-07-05T09:51:52.123+0000] {processor.py:840} INFO - DAG(s) 'minio_to_snowflake_ecommerce' retrieved from /opt/airflow/dags/minio_to_snowflake_dag.py
[2026-07-05T09:51:52.177+0000] {logging_mixin.py:188} INFO - [2026-07-05T09:51:52.176+0000] {dag.py:3089} INFO - Sync 1 DAGs
[2026-07-05T09:51:52.237+0000] {logging_mixin.py:188} INFO - [2026-07-05T09:51:52.236+0000] {dag.py:3947} INFO - Setting next_dagrun for minio_to_snowflake_ecommerce to 2026-07-05 09:50:00+00:00, run_after=2026-07-05 09:51:00+00:00
[2026-07-05T09:51:52.288+0000] {processor.py:183} INFO - Processing /opt/airflow/dags/minio_to_snowflake_dag.py took 1.658 seconds
[2026-07-05T09:52:22.669+0000] {processor.py:161} INFO - Started process (PID=54501) to work on /opt/airflow/dags/minio_to_snowflake_dag.py
[2026-07-05T09:52:22.671+0000] {processor.py:830} INFO - Processing file /opt/airflow/dags/minio_to_snowflake_dag.py for tasks to queue
[2026-07-05T09:52:22.674+0000] {logging_mixin.py:188} INFO - [2026-07-05T09:52:22.674+0000] {dagbag.py:545} INFO - Filling up the DagBag from /opt/airflow/dags/minio_to_snowflake_dag.py
[2026-07-05T09:52:23.847+0000] {processor.py:840} INFO - DAG(s) 'minio_to_snowflake_ecommerce' retrieved from /opt/airflow/dags/minio_to_snowflake_dag.py
[2026-07-05T09:52:23.889+0000] {logging_mixin.py:188} INFO - [2026-07-05T09:52:23.888+0000] {dag.py:3089} INFO - Sync 1 DAGs
[2026-07-05T09:52:23.930+0000] {logging_mixin.py:188} INFO - [2026-07-05T09:52:23.930+0000] {dag.py:3947} INFO - Setting next_dagrun for minio_to_snowflake_ecommerce to 2026-07-05 09:51:00+00:00, run_after=2026-07-05 09:52:00+00:00
[2026-07-05T09:52:23.968+0000] {processor.py:183} INFO - Processing /opt/airflow/dags/minio_to_snowflake_dag.py took 1.311 seconds
[2026-07-05T09:52:54.251+0000] {processor.py:161} INFO - Started process (PID=54505) to work on /opt/airflow/dags/minio_to_snowflake_dag.py
[2026-07-05T09:52:54.252+0000] {processor.py:830} INFO - Processing file /opt/airflow/dags/minio_to_snowflake_dag.py for tasks to queue
[2026-07-05T09:52:54.255+0000] {logging_mixin.py:188} INFO - [2026-07-05T09:52:54.254+0000] {dagbag.py:545} INFO - Filling up the DagBag from /opt/airflow/dags/minio_to_snowflake_dag.py
[2026-07-05T09:52:55.122+0000] {processor.py:840} INFO - DAG(s) 'minio_to_snowflake_ecommerce' retrieved from /opt/airflow/dags/minio_to_snowflake_dag.py
[2026-07-05T09:52:55.154+0000] {logging_mixin.py:188} INFO - [2026-07-05T09:52:55.154+0000] {dag.py:3089} INFO - Sync 1 DAGs
[2026-07-05T09:52:55.182+0000] {logging_mixin.py:188} INFO - [2026-07-05T09:52:55.181+0000] {dag.py:3947} INFO - Setting next_dagrun for minio_to_snowflake_ecommerce to 2026-07-05 09:51:00+00:00, run_after=2026-07-05 09:52:00+00:00
[2026-07-05T09:52:55.205+0000] {processor.py:183} INFO - Processing /opt/airflow/dags/minio_to_snowflake_dag.py took 0.963 seconds
[2026-07-05T09:53:25.589+0000] {processor.py:161} INFO - Started process (PID=54509) to work on /opt/airflow/dags/minio_to_snowflake_dag.py
[2026-07-05T09:53:25.593+0000] {processor.py:830} INFO - Processing file /opt/airflow/dags/minio_to_snowflake_dag.py for tasks to queue
[2026-07-05T09:53:25.610+0000] {logging_mixin.py:188} INFO - [2026-07-05T09:53:25.609+0000] {dagbag.py:545} INFO - Filling up the DagBag from /opt/airflow/dags/minio_to_snowflake_dag.py
[2026-07-05T09:53:26.515+0000] {processor.py:840} INFO - DAG(s) 'minio_to_snowflake_ecommerce' retrieved from /opt/airflow/dags/minio_to_snowflake_dag.py
[2026-07-05T09:53:26.549+0000] {logging_mixin.py:188} INFO - [2026-07-05T09:53:26.549+0000] {dag.py:3089} INFO - Sync 1 DAGs
[2026-07-05T09:53:26.578+0000] {logging_mixin.py:188} INFO - [2026-07-05T09:53:26.578+0000] {dag.py:3947} INFO - Setting next_dagrun for minio_to_snowflake_ecommerce to 2026-07-05 09:52:00+00:00, run_after=2026-07-05 09:53:00+00:00
[2026-07-05T09:53:26.606+0000] {processor.py:183} INFO - Processing /opt/airflow/dags/minio_to_snowflake_dag.py took 1.030 seconds
[2026-07-05T09:53:56.880+0000] {processor.py:161} INFO - Started process (PID=54513) to work on /opt/airflow/dags/minio_to_snowflake_dag.py
[2026-07-05T09:53:56.882+0000] {processor.py:830} INFO - Processing file /opt/airflow/dags/minio_to_snowflake_dag.py for tasks to queue
[2026-07-05T09:53:56.885+0000] {logging_mixin.py:188} INFO - [2026-07-05T09:53:56.885+0000] {dagbag.py:545} INFO - Filling up the DagBag from /opt/airflow/dags/minio_to_snowflake_dag.py
[2026-07-05T09:53:57.805+0000] {processor.py:840} INFO - DAG(s) 'minio_to_snowflake_ecommerce' retrieved from /opt/airflow/dags/minio_to_snowflake_dag.py
[2026-07-05T09:53:57.837+0000] {logging_mixin.py:188} INFO - [2026-07-05T09:53:57.836+0000] {dag.py:3089} INFO - Sync 1 DAGs
[2026-07-05T09:53:57.867+0000] {logging_mixin.py:188} INFO - [2026-07-05T09:53:57.866+0000] {dag.py:3947} INFO - Setting next_dagrun for minio_to_snowflake_ecommerce to 2026-07-05 09:52:00+00:00, run_after=2026-07-05 09:53:00+00:00
[2026-07-05T09:53:57.891+0000] {processor.py:183} INFO - Processing /opt/airflow/dags/minio_to_snowflake_dag.py took 1.018 seconds
[2026-07-05T09:54:28.230+0000] {processor.py:161} INFO - Started process (PID=54517) to work on /opt/airflow/dags/minio_to_snowflake_dag.py
[2026-07-05T09:54:28.231+0000] {processor.py:830} INFO - Processing file /opt/airflow/dags/minio_to_snowflake_dag.py for tasks to queue
[2026-07-05T09:54:28.234+0000] {logging_mixin.py:188} INFO - [2026-07-05T09:54:28.233+0000] {dagbag.py:545} INFO - Filling up the DagBag from /opt/airflow/dags/minio_to_snowflake_dag.py
[2026-07-05T09:54:29.083+0000] {processor.py:840} INFO - DAG(s) 'minio_to_snowflake_ecommerce' retrieved from /opt/airflow/dags/minio_to_snowflake_dag.py
[2026-07-05T09:54:29.111+0000] {logging_mixin.py:188} INFO - [2026-07-05T09:54:29.110+0000] {dag.py:3089} INFO - Sync 1 DAGs
[2026-07-05T09:54:29.136+0000] {logging_mixin.py:188} INFO - [2026-07-05T09:54:29.136+0000] {dag.py:3947} INFO - Setting next_dagrun for minio_to_snowflake_ecommerce to 2026-07-05 09:53:00+00:00, run_after=2026-07-05 09:54:00+00:00
[2026-07-05T09:54:29.161+0000] {processor.py:183} INFO - Processing /opt/airflow/dags/minio_to_snowflake_dag.py took 0.939 seconds
[2026-07-05T09:54:59.558+0000] {processor.py:161} INFO - Started process (PID=54521) to work on /opt/airflow/dags/minio_to_snowflake_dag.py
[2026-07-05T09:54:59.559+0000] {processor.py:830} INFO - Processing file /opt/airflow/dags/minio_to_snowflake_dag.py for tasks to queue
[2026-07-05T09:54:59.562+0000] {logging_mixin.py:188} INFO - [2026-07-05T09:54:59.562+0000] {dagbag.py:545} INFO - Filling up the DagBag from /opt/airflow/dags/minio_to_snowflake_dag.py
[2026-07-05T09:55:00.405+0000] {processor.py:840} INFO - DAG(s) 'minio_to_snowflake_ecommerce' retrieved from /opt/airflow/dags/minio_to_snowflake_dag.py
[2026-07-05T09:55:00.432+0000] {logging_mixin.py:188} INFO - [2026-07-05T09:55:00.432+0000] {dag.py:3089} INFO - Sync 1 DAGs
[2026-07-05T09:55:00.463+0000] {logging_mixin.py:188} INFO - [2026-07-05T09:55:00.462+0000] {dag.py:3947} INFO - Setting next_dagrun for minio_to_snowflake_ecommerce to 2026-07-05 09:54:00+00:00, run_after=2026-07-05 09:55:00+00:00
[2026-07-05T09:55:00.490+0000] {processor.py:183} INFO - Processing /opt/airflow/dags/minio_to_snowflake_dag.py took 0.939 seconds
[2026-07-05T09:55:30.844+0000] {processor.py:161} INFO - Started process (PID=54525) to work on /opt/airflow/dags/minio_to_snowflake_dag.py
[2026-07-05T09:55:30.844+0000] {processor.py:830} INFO - Processing file /opt/airflow/dags/minio_to_snowflake_dag.py for tasks to queue
[2026-07-05T09:55:30.846+0000] {logging_mixin.py:188} INFO - [2026-07-05T09:55:30.846+0000] {dagbag.py:545} INFO - Filling up the DagBag from /opt/airflow/dags/minio_to_snowflake_dag.py
[2026-07-05T09:55:31.593+0000] {processor.py:840} INFO - DAG(s) 'minio_to_snowflake_ecommerce' retrieved from /opt/airflow/dags/minio_to_snowflake_dag.py
[2026-07-05T09:55:31.622+0000] {logging_mixin.py:188} INFO - [2026-07-05T09:55:31.622+0000] {dag.py:3089} INFO - Sync 1 DAGs
[2026-07-05T09:55:31.648+0000] {logging_mixin.py:188} INFO - [2026-07-05T09:55:31.648+0000] {dag.py:3947} INFO - Setting next_dagrun for minio_to_snowflake_ecommerce to 2026-07-05 09:54:00+00:00, run_after=2026-07-05 09:55:00+00:00
[2026-07-05T09:55:31.669+0000] {processor.py:183} INFO - Processing /opt/airflow/dags/minio_to_snowflake_dag.py took 0.832 seconds
[2026-07-05T09:56:01.973+0000] {processor.py:161} INFO - Started process (PID=54529) to work on /opt/airflow/dags/minio_to_snowflake_dag.py
[2026-07-05T09:56:01.974+0000] {processor.py:830} INFO - Processing file /opt/airflow/dags/minio_to_snowflake_dag.py for tasks to queue
[2026-07-05T09:56:01.977+0000] {logging_mixin.py:188} INFO - [2026-07-05T09:56:01.977+0000] {dagbag.py:545} INFO - Filling up the DagBag from /opt/airflow/dags/minio_to_snowflake_dag.py
[2026-07-05T09:56:02.760+0000] {processor.py:840} INFO - DAG(s) 'minio_to_snowflake_ecommerce' retrieved from /opt/airflow/dags/minio_to_snowflake_dag.py
[2026-07-05T09:56:02.788+0000] {logging_mixin.py:188} INFO - [2026-07-05T09:56:02.788+0000] {dag.py:3089} INFO - Sync 1 DAGs
[2026-07-05T09:56:02.817+0000] {logging_mixin.py:188} INFO - [2026-07-05T09:56:02.816+0000] {dag.py:3947} INFO - Setting next_dagrun for minio_to_snowflake_ecommerce to 2026-07-05 09:55:00+00:00, run_after=2026-07-05 09:56:00+00:00
[2026-07-05T09:56:02.845+0000] {processor.py:183} INFO - Processing /opt/airflow/dags/minio_to_snowflake_dag.py took 0.880 seconds
[2026-07-05T09:56:33.251+0000] {processor.py:161} INFO - Started process (PID=54533) to work on /opt/airflow/dags/minio_to_snowflake_dag.py
[2026-07-05T09:56:33.252+0000] {processor.py:830} INFO - Processing file /opt/airflow/dags/minio_to_snowflake_dag.py for tasks to queue
[2026-07-05T09:56:33.255+0000] {logging_mixin.py:188} INFO - [2026-07-05T09:56:33.255+0000] {dagbag.py:545} INFO - Filling up the DagBag from /opt/airflow/dags/minio_to_snowflake_dag.py
[2026-07-05T09:56:34.056+0000] {processor.py:840} INFO - DAG(s) 'minio_to_snowflake_ecommerce' retrieved from /opt/airflow/dags/minio_to_snowflake_dag.py
[2026-07-05T09:56:34.084+0000] {logging_mixin.py:188} INFO - [2026-07-05T09:56:34.084+0000] {dag.py:3089} INFO - Sync 1 DAGs
[2026-07-05T09:56:34.114+0000] {logging_mixin.py:188} INFO - [2026-07-05T09:56:34.113+0000] {dag.py:3947} INFO - Setting next_dagrun for minio_to_snowflake_ecommerce to 2026-07-05 09:55:00+00:00, run_after=2026-07-05 09:56:00+00:00
[2026-07-05T09:56:34.150+0000] {processor.py:183} INFO - Processing /opt/airflow/dags/minio_to_snowflake_dag.py took 0.906 seconds
[2026-07-05T09:57:04.440+0000] {processor.py:161} INFO - Started process (PID=54537) to work on /opt/airflow/dags/minio_to_snowflake_dag.py
[2026-07-05T09:57:04.441+0000] {processor.py:830} INFO - Processing file /opt/airflow/dags/minio_to_snowflake_dag.py for tasks to queue
[2026-07-05T09:57:04.445+0000] {logging_mixin.py:188} INFO - [2026-07-05T09:57:04.444+0000] {dagbag.py:545} INFO - Filling up the DagBag from /opt/airflow/dags/minio_to_snowflake_dag.py
[2026-07-05T09:57:05.281+0000] {processor.py:840} INFO - DAG(s) 'minio_to_snowflake_ecommerce' retrieved from /opt/airflow/dags/minio_to_snowflake_dag.py
[2026-07-05T09:57:05.320+0000] {logging_mixin.py:188} INFO - [2026-07-05T09:57:05.319+0000] {dag.py:3089} INFO - Sync 1 DAGs
[2026-07-05T09:57:05.347+0000] {logging_mixin.py:188} INFO - [2026-07-05T09:57:05.347+0000] {dag.py:3947} INFO - Setting next_dagrun for minio_to_snowflake_ecommerce to 2026-07-05 09:56:00+00:00, run_after=2026-07-05 09:57:00+00:00
[2026-07-05T09:57:05.369+0000] {processor.py:183} INFO - Processing /opt/airflow/dags/minio_to_snowflake_dag.py took 0.937 seconds
[2026-07-05T09:57:35.699+0000] {processor.py:161} INFO - Started process (PID=54541) to work on /opt/airflow/dags/minio_to_snowflake_dag.py
[2026-07-05T09:57:35.700+0000] {processor.py:830} INFO - Processing file /opt/airflow/dags/minio_to_snowflake_dag.py for tasks to queue
[2026-07-05T09:57:35.703+0000] {logging_mixin.py:188} INFO - [2026-07-05T09:57:35.702+0000] {dagbag.py:545} INFO - Filling up the DagBag from /opt/airflow/dags/minio_to_snowflake_dag.py
[2026-07-05T09:57:36.419+0000] {processor.py:840} INFO - DAG(s) 'minio_to_snowflake_ecommerce' retrieved from /opt/airflow/dags/minio_to_snowflake_dag.py
[2026-07-05T09:57:36.447+0000] {logging_mixin.py:188} INFO - [2026-07-05T09:57:36.446+0000] {dag.py:3089} INFO - Sync 1 DAGs
[2026-07-05T09:57:36.473+0000] {logging_mixin.py:188} INFO - [2026-07-05T09:57:36.473+0000] {dag.py:3947} INFO - Setting next_dagrun for minio_to_snowflake_ecommerce to 2026-07-05 09:56:00+00:00, run_after=2026-07-05 09:57:00+00:00
[2026-07-05T09:57:36.493+0000] {processor.py:183} INFO - Processing /opt/airflow/dags/minio_to_snowflake_dag.py took 0.802 seconds
[2026-07-05T09:58:06.796+0000] {processor.py:161} INFO - Started process (PID=54545) to work on /opt/airflow/dags/minio_to_snowflake_dag.py
[2026-07-05T09:58:06.797+0000] {processor.py:830} INFO - Processing file /opt/airflow/dags/minio_to_snowflake_dag.py for tasks to queue
[2026-07-05T09:58:06.800+0000] {logging_mixin.py:188} INFO - [2026-07-05T09:58:06.800+0000] {dagbag.py:545} INFO - Filling up the DagBag from /opt/airflow/dags/minio_to_snowflake_dag.py
[2026-07-05T09:58:07.607+0000] {processor.py:840} INFO - DAG(s) 'minio_to_snowflake_ecommerce' retrieved from /opt/airflow/dags/minio_to_snowflake_dag.py
[2026-07-05T09:58:07.633+0000] {logging_mixin.py:188} INFO - [2026-07-05T09:58:07.632+0000] {dag.py:3089} INFO - Sync 1 DAGs
[2026-07-05T09:58:07.658+0000] {logging_mixin.py:188} INFO - [2026-07-05T09:58:07.658+0000] {dag.py:3947} INFO - Setting next_dagrun for minio_to_snowflake_ecommerce to 2026-07-05 09:57:00+00:00, run_after=2026-07-05 09:58:00+00:00
[2026-07-05T09:58:07.677+0000] {processor.py:183} INFO - Processing /opt/airflow/dags/minio_to_snowflake_dag.py took 0.890 seconds
[2026-07-05T09:58:37.936+0000] {processor.py:161} INFO - Started process (PID=54549) to work on /opt/airflow/dags/minio_to_snowflake_dag.py
[2026-07-05T09:58:37.938+0000] {processor.py:830} INFO - Processing file /opt/airflow/dags/minio_to_snowflake_dag.py for tasks to queue
[2026-07-05T09:58:37.940+0000] {logging_mixin.py:188} INFO - [2026-07-05T09:58:37.940+0000] {dagbag.py:545} INFO - Filling up the DagBag from /opt/airflow/dags/minio_to_snowflake_dag.py
[2026-07-05T09:58:38.846+0000] {processor.py:840} INFO - DAG(s) 'minio_to_snowflake_ecommerce' retrieved from /opt/airflow/dags/minio_to_snowflake_dag.py
[2026-07-05T09:58:38.887+0000] {logging_mixin.py:188} INFO - [2026-07-05T09:58:38.886+0000] {dag.py:3089} INFO - Sync 1 DAGs
[2026-07-05T09:58:38.915+0000] {logging_mixin.py:188} INFO - [2026-07-05T09:58:38.915+0000] {dag.py:3947} INFO - Setting next_dagrun for minio_to_snowflake_ecommerce to 2026-07-05 09:57:00+00:00, run_after=2026-07-05 09:58:00+00:00
[2026-07-05T09:58:38.944+0000] {processor.py:183} INFO - Processing /opt/airflow/dags/minio_to_snowflake_dag.py took 1.015 seconds
[2026-07-05T09:59:09.245+0000] {processor.py:161} INFO - Started process (PID=54553) to work on /opt/airflow/dags/minio_to_snowflake_dag.py
[2026-07-05T09:59:09.247+0000] {processor.py:830} INFO - Processing file /opt/airflow/dags/minio_to_snowflake_dag.py for tasks to queue
[2026-07-05T09:59:09.250+0000] {logging_mixin.py:188} INFO - [2026-07-05T09:59:09.249+0000] {dagbag.py:545} INFO - Filling up the DagBag from /opt/airflow/dags/minio_to_snowflake_dag.py
[2026-07-05T09:59:10.112+0000] {processor.py:840} INFO - DAG(s) 'minio_to_snowflake_ecommerce' retrieved from /opt/airflow/dags/minio_to_snowflake_dag.py
[2026-07-05T09:59:10.145+0000] {logging_mixin.py:188} INFO - [2026-07-05T09:59:10.144+0000] {dag.py:3089} INFO - Sync 1 DAGs
[2026-07-05T09:59:10.182+0000] {logging_mixin.py:188} INFO - [2026-07-05T09:59:10.182+0000] {dag.py:3947} INFO - Setting next_dagrun for minio_to_snowflake_ecommerce to 2026-07-05 09:58:00+00:00, run_after=2026-07-05 09:59:00+00:00
[2026-07-05T09:59:10.213+0000] {processor.py:183} INFO - Processing /opt/airflow/dags/minio_to_snowflake_dag.py took 0.977 seconds
[2026-07-05T09:59:40.553+0000] {processor.py:161} INFO - Started process (PID=54557) to work on /opt/airflow/dags/minio_to_snowflake_dag.py
[2026-07-05T09:59:40.555+0000] {processor.py:830} INFO - Processing file /opt/airflow/dags/minio_to_snowflake_dag.py for tasks to queue
[2026-07-05T09:59:40.558+0000] {logging_mixin.py:188} INFO - [2026-07-05T09:59:40.558+0000] {dagbag.py:545} INFO - Filling up the DagBag from /opt/airflow/dags/minio_to_snowflake_dag.py
[2026-07-05T09:59:41.400+0000] {processor.py:840} INFO - DAG(s) 'minio_to_snowflake_ecommerce' retrieved from /opt/airflow/dags/minio_to_snowflake_dag.py
[2026-07-05T09:59:41.432+0000] {logging_mixin.py:188} INFO - [2026-07-05T09:59:41.432+0000] {dag.py:3089} INFO - Sync 1 DAGs
[2026-07-05T09:59:41.459+0000] {logging_mixin.py:188} INFO - [2026-07-05T09:59:41.459+0000] {dag.py:3947} INFO - Setting next_dagrun for minio_to_snowflake_ecommerce to 2026-07-05 09:58:00+00:00, run_after=2026-07-05 09:59:00+00:00
[2026-07-05T09:59:41.480+0000] {processor.py:183} INFO - Processing /opt/airflow/dags/minio_to_snowflake_dag.py took 0.939 seconds
[2026-07-05T10:00:11.834+0000] {processor.py:161} INFO - Started process (PID=54561) to work on /opt/airflow/dags/minio_to_snowflake_dag.py
[2026-07-05T10:00:11.836+0000] {processor.py:830} INFO - Processing file /opt/airflow/dags/minio_to_snowflake_dag.py for tasks to queue
[2026-07-05T10:00:11.840+0000] {logging_mixin.py:188} INFO - [2026-07-05T10:00:11.839+0000] {dagbag.py:545} INFO - Filling up the DagBag from /opt/airflow/dags/minio_to_snowflake_dag.py
[2026-07-05T10:00:12.739+0000] {processor.py:840} INFO - DAG(s) 'minio_to_snowflake_ecommerce' retrieved from /opt/airflow/dags/minio_to_snowflake_dag.py
[2026-07-05T10:00:12.769+0000] {logging_mixin.py:188} INFO - [2026-07-05T10:00:12.768+0000] {dag.py:3089} INFO - Sync 1 DAGs
[2026-07-05T10:00:12.795+0000] {logging_mixin.py:188} INFO - [2026-07-05T10:00:12.794+0000] {dag.py:3947} INFO - Setting next_dagrun for minio_to_snowflake_ecommerce to 2026-07-05 09:59:00+00:00, run_after=2026-07-05 10:00:00+00:00
[2026-07-05T10:00:12.817+0000] {processor.py:183} INFO - Processing /opt/airflow/dags/minio_to_snowflake_dag.py took 0.998 seconds
[2026-07-05T10:00:43.139+0000] {processor.py:161} INFO - Started process (PID=54565) to work on /opt/airflow/dags/minio_to_snowflake_dag.py
[2026-07-05T10:00:43.143+0000] {processor.py:830} INFO - Processing file /opt/airflow/dags/minio_to_snowflake_dag.py for tasks to queue
[2026-07-05T10:00:43.147+0000] {logging_mixin.py:188} INFO - [2026-07-05T10:00:43.146+0000] {dagbag.py:545} INFO - Filling up the DagBag from /opt/airflow/dags/minio_to_snowflake_dag.py
[2026-07-05T10:00:44.073+0000] {processor.py:840} INFO - DAG(s) 'minio_to_snowflake_ecommerce' retrieved from /opt/airflow/dags/minio_to_snowflake_dag.py
[2026-07-05T10:00:44.100+0000] {logging_mixin.py:188} INFO - [2026-07-05T10:00:44.099+0000] {dag.py:3089} INFO - Sync 1 DAGs
[2026-07-05T10:00:44.123+0000] {logging_mixin.py:188} INFO - [2026-07-05T10:00:44.123+0000] {dag.py:3947} INFO - Setting next_dagrun for minio_to_snowflake_ecommerce to 2026-07-05 09:59:00+00:00, run_after=2026-07-05 10:00:00+00:00
[2026-07-05T10:00:44.143+0000] {processor.py:183} INFO - Processing /opt/airflow/dags/minio_to_snowflake_dag.py took 1.018 seconds
[2026-07-05T10:01:14.379+0000] {processor.py:161} INFO - Started process (PID=54569) to work on /opt/airflow/dags/minio_to_snowflake_dag.py
[2026-07-05T10:01:14.380+0000] {processor.py:830} INFO - Processing file /opt/airflow/dags/minio_to_snowflake_dag.py for tasks to queue
[2026-07-05T10:01:14.382+0000] {logging_mixin.py:188} INFO - [2026-07-05T10:01:14.382+0000] {dagbag.py:545} INFO - Filling up the DagBag from /opt/airflow/dags/minio_to_snowflake_dag.py
[2026-07-05T10:01:15.129+0000] {processor.py:840} INFO - DAG(s) 'minio_to_snowflake_ecommerce' retrieved from /opt/airflow/dags/minio_to_snowflake_dag.py
[2026-07-05T10:01:15.158+0000] {logging_mixin.py:188} INFO - [2026-07-05T10:01:15.157+0000] {dag.py:3089} INFO - Sync 1 DAGs
[2026-07-05T10:01:15.185+0000] {logging_mixin.py:188} INFO - [2026-07-05T10:01:15.185+0000] {dag.py:3947} INFO - Setting next_dagrun for minio_to_snowflake_ecommerce to 2026-07-05 10:00:00+00:00, run_after=2026-07-05 10:01:00+00:00
[2026-07-05T10:01:15.208+0000] {processor.py:183} INFO - Processing /opt/airflow/dags/minio_to_snowflake_dag.py took 0.836 seconds
[2026-07-05T10:01:45.562+0000] {processor.py:161} INFO - Started process (PID=54573) to work on /opt/airflow/dags/minio_to_snowflake_dag.py
[2026-07-05T10:01:45.563+0000] {processor.py:830} INFO - Processing file /opt/airflow/dags/minio_to_snowflake_dag.py for tasks to queue
[2026-07-05T10:01:45.566+0000] {logging_mixin.py:188} INFO - [2026-07-05T10:01:45.565+0000] {dagbag.py:545} INFO - Filling up the DagBag from /opt/airflow/dags/minio_to_snowflake_dag.py
[2026-07-05T10:01:46.256+0000] {processor.py:840} INFO - DAG(s) 'minio_to_snowflake_ecommerce' retrieved from /opt/airflow/dags/minio_to_snowflake_dag.py
[2026-07-05T10:01:46.283+0000] {logging_mixin.py:188} INFO - [2026-07-05T10:01:46.282+0000] {dag.py:3089} INFO - Sync 1 DAGs
[2026-07-05T10:01:46.306+0000] {logging_mixin.py:188} INFO - [2026-07-05T10:01:46.306+0000] {dag.py:3947} INFO - Setting next_dagrun for minio_to_snowflake_ecommerce to 2026-07-05 10:00:00+00:00, run_after=2026-07-05 10:01:00+00:00
[2026-07-05T10:01:46.324+0000] {processor.py:183} INFO - Processing /opt/airflow/dags/minio_to_snowflake_dag.py took 0.770 seconds
[2026-07-05T10:02:16.684+0000] {processor.py:161} INFO - Started process (PID=54577) to work on /opt/airflow/dags/minio_to_snowflake_dag.py
[2026-07-05T10:02:16.686+0000] {processor.py:830} INFO - Processing file /opt/airflow/dags/minio_to_snowflake_dag.py for tasks to queue
[2026-07-05T10:02:16.691+0000] {logging_mixin.py:188} INFO - [2026-07-05T10:02:16.689+0000] {dagbag.py:545} INFO - Filling up the DagBag from /opt/airflow/dags/minio_to_snowflake_dag.py
[2026-07-05T10:02:17.592+0000] {processor.py:840} INFO - DAG(s) 'minio_to_snowflake_ecommerce' retrieved from /opt/airflow/dags/minio_to_snowflake_dag.py
[2026-07-05T10:02:17.625+0000] {logging_mixin.py:188} INFO - [2026-07-05T10:02:17.625+0000] {dag.py:3089} INFO - Sync 1 DAGs
[2026-07-05T10:02:17.658+0000] {logging_mixin.py:188} INFO - [2026-07-05T10:02:17.658+0000] {dag.py:3947} INFO - Setting next_dagrun for minio_to_snowflake_ecommerce to 2026-07-05 10:01:00+00:00, run_after=2026-07-05 10:02:00+00:00
[2026-07-05T10:02:17.683+0000] {processor.py:183} INFO - Processing /opt/airflow/dags/minio_to_snowflake_dag.py took 1.013 seconds
[2026-07-05T10:02:47.982+0000] {processor.py:161} INFO - Started process (PID=54581) to work on /opt/airflow/dags/minio_to_snowflake_dag.py
[2026-07-05T10:02:47.983+0000] {processor.py:830} INFO - Processing file /opt/airflow/dags/minio_to_snowflake_dag.py for tasks to queue
[2026-07-05T10:02:47.986+0000] {logging_mixin.py:188} INFO - [2026-07-05T10:02:47.985+0000] {dagbag.py:545} INFO - Filling up the DagBag from /opt/airflow/dags/minio_to_snowflake_dag.py
[2026-07-05T10:02:48.906+0000] {processor.py:840} INFO - DAG(s) 'minio_to_snowflake_ecommerce' retrieved from /opt/airflow/dags/minio_to_snowflake_dag.py
[2026-07-05T10:02:48.946+0000] {logging_mixin.py:188} INFO - [2026-07-05T10:02:48.945+0000] {dag.py:3089} INFO - Sync 1 DAGs
[2026-07-05T10:02:48.973+0000] {logging_mixin.py:188} INFO - [2026-07-05T10:02:48.973+0000] {dag.py:3947} INFO - Setting next_dagrun for minio_to_snowflake_ecommerce to 2026-07-05 10:01:00+00:00, run_after=2026-07-05 10:02:00+00:00
[2026-07-05T10:02:48.999+0000] {processor.py:183} INFO - Processing /opt/airflow/dags/minio_to_snowflake_dag.py took 1.023 seconds
[2026-07-05T10:03:19.306+0000] {processor.py:161} INFO - Started process (PID=54585) to work on /opt/airflow/dags/minio_to_snowflake_dag.py
[2026-07-05T10:03:19.308+0000] {processor.py:830} INFO - Processing file /opt/airflow/dags/minio_to_snowflake_dag.py for tasks to queue
[2026-07-05T10:03:19.313+0000] {logging_mixin.py:188} INFO - [2026-07-05T10:03:19.312+0000] {dagbag.py:545} INFO - Filling up the DagBag from /opt/airflow/dags/minio_to_snowflake_dag.py
[2026-07-05T10:03:21.096+0000] {processor.py:840} INFO - DAG(s) 'minio_to_snowflake_ecommerce' retrieved from /opt/airflow/dags/minio_to_snowflake_dag.py
[2026-07-05T10:03:21.220+0000] {logging_mixin.py:188} INFO - [2026-07-05T10:03:21.219+0000] {dag.py:3089} INFO - Sync 1 DAGs
[2026-07-05T10:03:21.293+0000] {logging_mixin.py:188} INFO - [2026-07-05T10:03:21.292+0000] {dag.py:3947} INFO - Setting next_dagrun for minio_to_snowflake_ecommerce to 2026-07-05 10:02:00+00:00, run_after=2026-07-05 10:03:00+00:00
[2026-07-05T10:03:21.322+0000] {processor.py:183} INFO - Processing /opt/airflow/dags/minio_to_snowflake_dag.py took 2.028 seconds
[2026-07-05T10:03:51.582+0000] {processor.py:161} INFO - Started process (PID=54589) to work on /opt/airflow/dags/minio_to_snowflake_dag.py
[2026-07-05T10:03:51.583+0000] {processor.py:830} INFO - Processing file /opt/airflow/dags/minio_to_snowflake_dag.py for tasks to queue
[2026-07-05T10:03:51.585+0000] {logging_mixin.py:188} INFO - [2026-07-05T10:03:51.584+0000] {dagbag.py:545} INFO - Filling up the DagBag from /opt/airflow/dags/minio_to_snowflake_dag.py
[2026-07-05T10:03:52.485+0000] {processor.py:840} INFO - DAG(s) 'minio_to_snowflake_ecommerce' retrieved from /opt/airflow/dags/minio_to_snowflake_dag.py
[2026-07-05T10:03:52.544+0000] {logging_mixin.py:188} INFO - [2026-07-05T10:03:52.544+0000] {dag.py:3089} INFO - Sync 1 DAGs
[2026-07-05T10:03:52.577+0000] {logging_mixin.py:188} INFO - [2026-07-05T10:03:52.576+0000] {dag.py:3947} INFO - Setting next_dagrun for minio_to_snowflake_ecommerce to 2026-07-05 10:02:00+00:00, run_after=2026-07-05 10:03:00+00:00
[2026-07-05T10:03:52.601+0000] {processor.py:183} INFO - Processing /opt/airflow/dags/minio_to_snowflake_dag.py took 1.026 seconds
[2026-07-05T10:04:22.887+0000] {processor.py:161} INFO - Started process (PID=54593) to work on /opt/airflow/dags/minio_to_snowflake_dag.py
[2026-07-05T10:04:22.888+0000] {processor.py:830} INFO - Processing file /opt/airflow/dags/minio_to_snowflake_dag.py for tasks to queue
[2026-07-05T10:04:22.891+0000] {logging_mixin.py:188} INFO - [2026-07-05T10:04:22.890+0000] {dagbag.py:545} INFO - Filling up the DagBag from /opt/airflow/dags/minio_to_snowflake_dag.py
[2026-07-05T10:04:23.656+0000] {processor.py:840} INFO - DAG(s) 'minio_to_snowflake_ecommerce' retrieved from /opt/airflow/dags/minio_to_snowflake_dag.py
[2026-07-05T10:04:23.688+0000] {logging_mixin.py:188} INFO - [2026-07-05T10:04:23.687+0000] {dag.py:3089} INFO - Sync 1 DAGs
[2026-07-05T10:04:23.732+0000] {logging_mixin.py:188} INFO - [2026-07-05T10:04:23.732+0000] {dag.py:3947} INFO - Setting next_dagrun for minio_to_snowflake_ecommerce to 2026-07-05 10:03:00+00:00, run_after=2026-07-05 10:04:00+00:00
[2026-07-05T10:04:23.755+0000] {processor.py:183} INFO - Processing /opt/airflow/dags/minio_to_snowflake_dag.py took 0.875 seconds
[2026-07-05T10:04:54.037+0000] {processor.py:161} INFO - Started process (PID=54597) to work on /opt/airflow/dags/minio_to_snowflake_dag.py
[2026-07-05T10:04:54.039+0000] {processor.py:830} INFO - Processing file /opt/airflow/dags/minio_to_snowflake_dag.py for tasks to queue
[2026-07-05T10:04:54.041+0000] {logging_mixin.py:188} INFO - [2026-07-05T10:04:54.041+0000] {dagbag.py:545} INFO - Filling up the DagBag from /opt/airflow/dags/minio_to_snowflake_dag.py
[2026-07-05T10:04:54.799+0000] {processor.py:840} INFO - DAG(s) 'minio_to_snowflake_ecommerce' retrieved from /opt/airflow/dags/minio_to_snowflake_dag.py
[2026-07-05T10:04:54.828+0000] {logging_mixin.py:188} INFO - [2026-07-05T10:04:54.828+0000] {dag.py:3089} INFO - Sync 1 DAGs
[2026-07-05T10:04:54.854+0000] {logging_mixin.py:188} INFO - [2026-07-05T10:04:54.854+0000] {dag.py:3947} INFO - Setting next_dagrun for minio_to_snowflake_ecommerce to 2026-07-05 10:03:00+00:00, run_after=2026-07-05 10:04:00+00:00
[2026-07-05T10:04:54.875+0000] {processor.py:183} INFO - Processing /opt/airflow/dags/minio_to_snowflake_dag.py took 0.846 seconds
[2026-07-05T10:05:25.394+0000] {processor.py:161} INFO - Started process (PID=54601) to work on /opt/airflow/dags/minio_to_snowflake_dag.py
[2026-07-05T10:05:25.395+0000] {processor.py:830} INFO - Processing file /opt/airflow/dags/minio_to_snowflake_dag.py for tasks to queue
[2026-07-05T10:05:25.397+0000] {logging_mixin.py:188} INFO - [2026-07-05T10:05:25.397+0000] {dagbag.py:545} INFO - Filling up the DagBag from /opt/airflow/dags/minio_to_snowflake_dag.py
[2026-07-05T10:05:26.194+0000] {processor.py:840} INFO - DAG(s) 'minio_to_snowflake_ecommerce' retrieved from /opt/airflow/dags/minio_to_snowflake_dag.py
[2026-07-05T10:05:26.221+0000] {logging_mixin.py:188} INFO - [2026-07-05T10:05:26.220+0000] {dag.py:3089} INFO - Sync 1 DAGs
[2026-07-05T10:05:26.249+0000] {logging_mixin.py:188} INFO - [2026-07-05T10:05:26.249+0000] {dag.py:3947} INFO - Setting next_dagrun for minio_to_snowflake_ecommerce to 2026-07-05 10:04:00+00:00, run_after=2026-07-05 10:05:00+00:00
[2026-07-05T10:05:26.272+0000] {processor.py:183} INFO - Processing /opt/airflow/dags/minio_to_snowflake_dag.py took 0.885 seconds
[2026-07-05T10:05:56.534+0000] {processor.py:161} INFO - Started process (PID=54605) to work on /opt/airflow/dags/minio_to_snowflake_dag.py
[2026-07-05T10:05:56.535+0000] {processor.py:830} INFO - Processing file /opt/airflow/dags/minio_to_snowflake_dag.py for tasks to queue
[2026-07-05T10:05:56.538+0000] {logging_mixin.py:188} INFO - [2026-07-05T10:05:56.537+0000] {dagbag.py:545} INFO - Filling up the DagBag from /opt/airflow/dags/minio_to_snowflake_dag.py
[2026-07-05T10:05:57.296+0000] {processor.py:840} INFO - DAG(s) 'minio_to_snowflake_ecommerce' retrieved from /opt/airflow/dags/minio_to_snowflake_dag.py
[2026-07-05T10:05:57.331+0000] {logging_mixin.py:188} INFO - [2026-07-05T10:05:57.330+0000] {dag.py:3089} INFO - Sync 1 DAGs
[2026-07-05T10:05:57.358+0000] {logging_mixin.py:188} INFO - [2026-07-05T10:05:57.358+0000] {dag.py:3947} INFO - Setting next_dagrun for minio_to_snowflake_ecommerce to 2026-07-05 10:04:00+00:00, run_after=2026-07-05 10:05:00+00:00
[2026-07-05T10:05:57.381+0000] {processor.py:183} INFO - Processing /opt/airflow/dags/minio_to_snowflake_dag.py took 0.857 seconds
[2026-07-05T10:06:27.679+0000] {processor.py:161} INFO - Started process (PID=54609) to work on /opt/airflow/dags/minio_to_snowflake_dag.py
[2026-07-05T10:06:27.681+0000] {processor.py:830} INFO - Processing file /opt/airflow/dags/minio_to_snowflake_dag.py for tasks to queue
[2026-07-05T10:06:27.684+0000] {logging_mixin.py:188} INFO - [2026-07-05T10:06:27.683+0000] {dagbag.py:545} INFO - Filling up the DagBag from /opt/airflow/dags/minio_to_snowflake_dag.py
[2026-07-05T10:06:28.513+0000] {processor.py:840} INFO - DAG(s) 'minio_to_snowflake_ecommerce' retrieved from /opt/airflow/dags/minio_to_snowflake_dag.py
[2026-07-05T10:06:28.541+0000] {logging_mixin.py:188} INFO - [2026-07-05T10:06:28.541+0000] {dag.py:3089} INFO - Sync 1 DAGs
[2026-07-05T10:06:28.568+0000] {logging_mixin.py:188} INFO - [2026-07-05T10:06:28.568+0000] {dag.py:3947} INFO - Setting next_dagrun for minio_to_snowflake_ecommerce to 2026-07-05 10:05:00+00:00, run_after=2026-07-05 10:06:00+00:00
[2026-07-05T10:06:28.592+0000] {processor.py:183} INFO - Processing /opt/airflow/dags/minio_to_snowflake_dag.py took 0.920 seconds
[2026-07-05T10:06:58.880+0000] {processor.py:161} INFO - Started process (PID=54613) to work on /opt/airflow/dags/minio_to_snowflake_dag.py
[2026-07-05T10:06:58.882+0000] {processor.py:830} INFO - Processing file /opt/airflow/dags/minio_to_snowflake_dag.py for tasks to queue
[2026-07-05T10:06:58.885+0000] {logging_mixin.py:188} INFO - [2026-07-05T10:06:58.884+0000] {dagbag.py:545} INFO - Filling up the DagBag from /opt/airflow/dags/minio_to_snowflake_dag.py
[2026-07-05T10:06:59.675+0000] {processor.py:840} INFO - DAG(s) 'minio_to_snowflake_ecommerce' retrieved from /opt/airflow/dags/minio_to_snowflake_dag.py
[2026-07-05T10:06:59.715+0000] {logging_mixin.py:188} INFO - [2026-07-05T10:06:59.714+0000] {dag.py:3089} INFO - Sync 1 DAGs
[2026-07-05T10:06:59.746+0000] {logging_mixin.py:188} INFO - [2026-07-05T10:06:59.746+0000] {dag.py:3947} INFO - Setting next_dagrun for minio_to_snowflake_ecommerce to 2026-07-05 10:05:00+00:00, run_after=2026-07-05 10:06:00+00:00
[2026-07-05T10:06:59.770+0000] {processor.py:183} INFO - Processing /opt/airflow/dags/minio_to_snowflake_dag.py took 0.898 seconds
[2026-07-05T10:07:30.057+0000] {processor.py:161} INFO - Started process (PID=54617) to work on /opt/airflow/dags/minio_to_snowflake_dag.py
[2026-07-05T10:07:30.059+0000] {processor.py:830} INFO - Processing file /opt/airflow/dags/minio_to_snowflake_dag.py for tasks to queue
[2026-07-05T10:07:30.062+0000] {logging_mixin.py:188} INFO - [2026-07-05T10:07:30.062+0000] {dagbag.py:545} INFO - Filling up the DagBag from /opt/airflow/dags/minio_to_snowflake_dag.py
[2026-07-05T10:07:31.331+0000] {processor.py:840} INFO - DAG(s) 'minio_to_snowflake_ecommerce' retrieved from /opt/airflow/dags/minio_to_snowflake_dag.py
[2026-07-05T10:07:31.384+0000] {logging_mixin.py:188} INFO - [2026-07-05T10:07:31.383+0000] {dag.py:3089} INFO - Sync 1 DAGs
[2026-07-05T10:07:31.451+0000] {logging_mixin.py:188} INFO - [2026-07-05T10:07:31.448+0000] {dag.py:3947} INFO - Setting next_dagrun for minio_to_snowflake_ecommerce to 2026-07-05 10:06:00+00:00, run_after=2026-07-05 10:07:00+00:00
[2026-07-05T10:07:31.488+0000] {processor.py:183} INFO - Processing /opt/airflow/dags/minio_to_snowflake_dag.py took 1.440 seconds
[2026-07-05T10:08:01.803+0000] {processor.py:161} INFO - Started process (PID=54621) to work on /opt/airflow/dags/minio_to_snowflake_dag.py
[2026-07-05T10:08:01.804+0000] {processor.py:830} INFO - Processing file /opt/airflow/dags/minio_to_snowflake_dag.py for tasks to queue
[2026-07-05T10:08:01.807+0000] {logging_mixin.py:188} INFO - [2026-07-05T10:08:01.807+0000] {dagbag.py:545} INFO - Filling up the DagBag from /opt/airflow/dags/minio_to_snowflake_dag.py
[2026-07-05T10:08:02.775+0000] {processor.py:840} INFO - DAG(s) 'minio_to_snowflake_ecommerce' retrieved from /opt/airflow/dags/minio_to_snowflake_dag.py
[2026-07-05T10:08:02.811+0000] {logging_mixin.py:188} INFO - [2026-07-05T10:08:02.810+0000] {dag.py:3089} INFO - Sync 1 DAGs
[2026-07-05T10:08:02.847+0000] {logging_mixin.py:188} INFO - [2026-07-05T10:08:02.847+0000] {dag.py:3947} INFO - Setting next_dagrun for minio_to_snowflake_ecommerce to 2026-07-05 10:07:00+00:00, run_after=2026-07-05 10:08:00+00:00
[2026-07-05T10:08:02.874+0000] {processor.py:183} INFO - Processing /opt/airflow/dags/minio_to_snowflake_dag.py took 1.079 seconds
[2026-07-05T10:08:33.191+0000] {processor.py:161} INFO - Started process (PID=54625) to work on /opt/airflow/dags/minio_to_snowflake_dag.py
[2026-07-05T10:08:33.192+0000] {processor.py:830} INFO - Processing file /opt/airflow/dags/minio_to_snowflake_dag.py for tasks to queue
[2026-07-05T10:08:33.194+0000] {logging_mixin.py:188} INFO - [2026-07-05T10:08:33.194+0000] {dagbag.py:545} INFO - Filling up the DagBag from /opt/airflow/dags/minio_to_snowflake_dag.py
[2026-07-05T10:08:33.907+0000] {processor.py:840} INFO - DAG(s) 'minio_to_snowflake_ecommerce' retrieved from /opt/airflow/dags/minio_to_snowflake_dag.py
[2026-07-05T10:08:33.941+0000] {logging_mixin.py:188} INFO - [2026-07-05T10:08:33.940+0000] {dag.py:3089} INFO - Sync 1 DAGs
[2026-07-05T10:08:33.973+0000] {logging_mixin.py:188} INFO - [2026-07-05T10:08:33.972+0000] {dag.py:3947} INFO - Setting next_dagrun for minio_to_snowflake_ecommerce to 2026-07-05 10:07:00+00:00, run_after=2026-07-05 10:08:00+00:00
[2026-07-05T10:08:33.995+0000] {processor.py:183} INFO - Processing /opt/airflow/dags/minio_to_snowflake_dag.py took 0.811 seconds
[2026-07-05T10:09:04.347+0000] {processor.py:161} INFO - Started process (PID=54629) to work on /opt/airflow/dags/minio_to_snowflake_dag.py
[2026-07-05T10:09:04.349+0000] {processor.py:830} INFO - Processing file /opt/airflow/dags/minio_to_snowflake_dag.py for tasks to queue
[2026-07-05T10:09:04.351+0000] {logging_mixin.py:188} INFO - [2026-07-05T10:09:04.351+0000] {dagbag.py:545} INFO - Filling up the DagBag from /opt/airflow/dags/minio_to_snowflake_dag.py
[2026-07-05T10:09:05.078+0000] {processor.py:840} INFO - DAG(s) 'minio_to_snowflake_ecommerce' retrieved from /opt/airflow/dags/minio_to_snowflake_dag.py
[2026-07-05T10:09:05.112+0000] {logging_mixin.py:188} INFO - [2026-07-05T10:09:05.111+0000] {dag.py:3089} INFO - Sync 1 DAGs
[2026-07-05T10:09:05.138+0000] {logging_mixin.py:188} INFO - [2026-07-05T10:09:05.138+0000] {dag.py:3947} INFO - Setting next_dagrun for minio_to_snowflake_ecommerce to 2026-07-05 10:08:00+00:00, run_after=2026-07-05 10:09:00+00:00
[2026-07-05T10:09:05.163+0000] {processor.py:183} INFO - Processing /opt/airflow/dags/minio_to_snowflake_dag.py took 0.823 seconds
[2026-07-05T10:09:35.521+0000] {processor.py:161} INFO - Started process (PID=54633) to work on /opt/airflow/dags/minio_to_snowflake_dag.py
[2026-07-05T10:09:35.522+0000] {processor.py:830} INFO - Processing file /opt/airflow/dags/minio_to_snowflake_dag.py for tasks to queue
[2026-07-05T10:09:35.524+0000] {logging_mixin.py:188} INFO - [2026-07-05T10:09:35.524+0000] {dagbag.py:545} INFO - Filling up the DagBag from /opt/airflow/dags/minio_to_snowflake_dag.py
[2026-07-05T10:09:36.217+0000] {processor.py:840} INFO - DAG(s) 'minio_to_snowflake_ecommerce' retrieved from /opt/airflow/dags/minio_to_snowflake_dag.py
[2026-07-05T10:09:36.242+0000] {logging_mixin.py:188} INFO - [2026-07-05T10:09:36.242+0000] {dag.py:3089} INFO - Sync 1 DAGs
[2026-07-05T10:09:36.267+0000] {logging_mixin.py:188} INFO - [2026-07-05T10:09:36.267+0000] {dag.py:3947} INFO - Setting next_dagrun for minio_to_snowflake_ecommerce to 2026-07-05 10:08:00+00:00, run_after=2026-07-05 10:09:00+00:00
[2026-07-05T10:09:36.289+0000] {processor.py:183} INFO - Processing /opt/airflow/dags/minio_to_snowflake_dag.py took 0.775 seconds
[2026-07-05T10:10:06.631+0000] {processor.py:161} INFO - Started process (PID=54637) to work on /opt/airflow/dags/minio_to_snowflake_dag.py
[2026-07-05T10:10:06.632+0000] {processor.py:830} INFO - Processing file /opt/airflow/dags/minio_to_snowflake_dag.py for tasks to queue
[2026-07-05T10:10:06.635+0000] {logging_mixin.py:188} INFO - [2026-07-05T10:10:06.634+0000] {dagbag.py:545} INFO - Filling up the DagBag from /opt/airflow/dags/minio_to_snowflake_dag.py
[2026-07-05T10:10:07.333+0000] {processor.py:840} INFO - DAG(s) 'minio_to_snowflake_ecommerce' retrieved from /opt/airflow/dags/minio_to_snowflake_dag.py
[2026-07-05T10:10:07.359+0000] {logging_mixin.py:188} INFO - [2026-07-05T10:10:07.359+0000] {dag.py:3089} INFO - Sync 1 DAGs
[2026-07-05T10:10:07.385+0000] {logging_mixin.py:188} INFO - [2026-07-05T10:10:07.385+0000] {dag.py:3947} INFO - Setting next_dagrun for minio_to_snowflake_ecommerce to 2026-07-05 10:09:00+00:00, run_after=2026-07-05 10:10:00+00:00
[2026-07-05T10:10:07.408+0000] {processor.py:183} INFO - Processing /opt/airflow/dags/minio_to_snowflake_dag.py took 0.787 seconds
[2026-07-05T10:10:37.652+0000] {processor.py:161} INFO - Started process (PID=54641) to work on /opt/airflow/dags/minio_to_snowflake_dag.py
[2026-07-05T10:10:37.653+0000] {processor.py:830} INFO - Processing file /opt/airflow/dags/minio_to_snowflake_dag.py for tasks to queue
[2026-07-05T10:10:37.656+0000] {logging_mixin.py:188} INFO - [2026-07-05T10:10:37.655+0000] {dagbag.py:545} INFO - Filling up the DagBag from /opt/airflow/dags/minio_to_snowflake_dag.py
[2026-07-05T10:10:38.428+0000] {processor.py:840} INFO - DAG(s) 'minio_to_snowflake_ecommerce' retrieved from /opt/airflow/dags/minio_to_snowflake_dag.py
[2026-07-05T10:10:38.459+0000] {logging_mixin.py:188} INFO - [2026-07-05T10:10:38.459+0000] {dag.py:3089} INFO - Sync 1 DAGs
[2026-07-05T10:10:38.487+0000] {logging_mixin.py:188} INFO - [2026-07-05T10:10:38.487+0000] {dag.py:3947} INFO - Setting next_dagrun for minio_to_snowflake_ecommerce to 2026-07-05 10:09:00+00:00, run_after=2026-07-05 10:10:00+00:00
[2026-07-05T10:10:38.508+0000] {processor.py:183} INFO - Processing /opt/airflow/dags/minio_to_snowflake_dag.py took 0.864 seconds
[2026-07-05T10:11:08.666+0000] {processor.py:161} INFO - Started process (PID=54645) to work on /opt/airflow/dags/minio_to_snowflake_dag.py
[2026-07-05T10:11:08.667+0000] {processor.py:830} INFO - Processing file /opt/airflow/dags/minio_to_snowflake_dag.py for tasks to queue
[2026-07-05T10:11:08.669+0000] {logging_mixin.py:188} INFO - [2026-07-05T10:11:08.669+0000] {dagbag.py:545} INFO - Filling up the DagBag from /opt/airflow/dags/minio_to_snowflake_dag.py
[2026-07-05T10:11:09.401+0000] {processor.py:840} INFO - DAG(s) 'minio_to_snowflake_ecommerce' retrieved from /opt/airflow/dags/minio_to_snowflake_dag.py
[2026-07-05T10:11:09.430+0000] {logging_mixin.py:188} INFO - [2026-07-05T10:11:09.429+0000] {dag.py:3089} INFO - Sync 1 DAGs
[2026-07-05T10:11:09.456+0000] {logging_mixin.py:188} INFO - [2026-07-05T10:11:09.456+0000] {dag.py:3947} INFO - Setting next_dagrun for minio_to_snowflake_ecommerce to 2026-07-05 10:10:00+00:00, run_after=2026-07-05 10:11:00+00:00
[2026-07-05T10:11:09.479+0000] {processor.py:183} INFO - Processing /opt/airflow/dags/minio_to_snowflake_dag.py took 0.820 seconds
[2026-07-05T10:11:39.760+0000] {processor.py:161} INFO - Started process (PID=54649) to work on /opt/airflow/dags/minio_to_snowflake_dag.py
[2026-07-05T10:11:39.761+0000] {processor.py:830} INFO - Processing file /opt/airflow/dags/minio_to_snowflake_dag.py for tasks to queue
[2026-07-05T10:11:39.764+0000] {logging_mixin.py:188} INFO - [2026-07-05T10:11:39.763+0000] {dagbag.py:545} INFO - Filling up the DagBag from /opt/airflow/dags/minio_to_snowflake_dag.py
[2026-07-05T10:11:40.689+0000] {processor.py:840} INFO - DAG(s) 'minio_to_snowflake_ecommerce' retrieved from /opt/airflow/dags/minio_to_snowflake_dag.py
[2026-07-05T10:11:40.722+0000] {logging_mixin.py:188} INFO - [2026-07-05T10:11:40.721+0000] {dag.py:3089} INFO - Sync 1 DAGs
[2026-07-05T10:11:40.752+0000] {logging_mixin.py:188} INFO - [2026-07-05T10:11:40.751+0000] {dag.py:3947} INFO - Setting next_dagrun for minio_to_snowflake_ecommerce to 2026-07-05 10:10:00+00:00, run_after=2026-07-05 10:11:00+00:00
[2026-07-05T10:11:40.776+0000] {processor.py:183} INFO - Processing /opt/airflow/dags/minio_to_snowflake_dag.py took 1.024 seconds
[2026-07-05T10:12:11.127+0000] {processor.py:161} INFO - Started process (PID=54653) to work on /opt/airflow/dags/minio_to_snowflake_dag.py
[2026-07-05T10:12:11.129+0000] {processor.py:830} INFO - Processing file /opt/airflow/dags/minio_to_snowflake_dag.py for tasks to queue
[2026-07-05T10:12:11.131+0000] {logging_mixin.py:188} INFO - [2026-07-05T10:12:11.130+0000] {dagbag.py:545} INFO - Filling up the DagBag from /opt/airflow/dags/minio_to_snowflake_dag.py
[2026-07-05T10:12:11.842+0000] {processor.py:840} INFO - DAG(s) 'minio_to_snowflake_ecommerce' retrieved from /opt/airflow/dags/minio_to_snowflake_dag.py
[2026-07-05T10:12:11.870+0000] {logging_mixin.py:188} INFO - [2026-07-05T10:12:11.870+0000] {dag.py:3089} INFO - Sync 1 DAGs
[2026-07-05T10:12:11.896+0000] {logging_mixin.py:188} INFO - [2026-07-05T10:12:11.896+0000] {dag.py:3947} INFO - Setting next_dagrun for minio_to_snowflake_ecommerce to 2026-07-05 10:11:00+00:00, run_after=2026-07-05 10:12:00+00:00
[2026-07-05T10:12:11.918+0000] {processor.py:183} INFO - Processing /opt/airflow/dags/minio_to_snowflake_dag.py took 0.798 seconds
[2026-07-05T10:12:42.287+0000] {processor.py:161} INFO - Started process (PID=54657) to work on /opt/airflow/dags/minio_to_snowflake_dag.py
[2026-07-05T10:12:42.288+0000] {processor.py:830} INFO - Processing file /opt/airflow/dags/minio_to_snowflake_dag.py for tasks to queue
[2026-07-05T10:12:42.289+0000] {logging_mixin.py:188} INFO - [2026-07-05T10:12:42.289+0000] {dagbag.py:545} INFO - Filling up the DagBag from /opt/airflow/dags/minio_to_snowflake_dag.py
[2026-07-05T10:12:43.004+0000] {processor.py:840} INFO - DAG(s) 'minio_to_snowflake_ecommerce' retrieved from /opt/airflow/dags/minio_to_snowflake_dag.py
[2026-07-05T10:12:43.030+0000] {logging_mixin.py:188} INFO - [2026-07-05T10:12:43.029+0000] {dag.py:3089} INFO - Sync 1 DAGs
[2026-07-05T10:12:43.054+0000] {logging_mixin.py:188} INFO - [2026-07-05T10:12:43.054+0000] {dag.py:3947} INFO - Setting next_dagrun for minio_to_snowflake_ecommerce to 2026-07-05 10:11:00+00:00, run_after=2026-07-05 10:12:00+00:00
[2026-07-05T10:12:43.072+0000] {processor.py:183} INFO - Processing /opt/airflow/dags/minio_to_snowflake_dag.py took 0.791 seconds
[2026-07-05T10:13:13.408+0000] {processor.py:161} INFO - Started process (PID=54661) to work on /opt/airflow/dags/minio_to_snowflake_dag.py
[2026-07-05T10:13:13.409+0000] {processor.py:830} INFO - Processing file /opt/airflow/dags/minio_to_snowflake_dag.py for tasks to queue
[2026-07-05T10:13:13.412+0000] {logging_mixin.py:188} INFO - [2026-07-05T10:13:13.411+0000] {dagbag.py:545} INFO - Filling up the DagBag from /opt/airflow/dags/minio_to_snowflake_dag.py
[2026-07-05T10:13:14.145+0000] {processor.py:840} INFO - DAG(s) 'minio_to_snowflake_ecommerce' retrieved from /opt/airflow/dags/minio_to_snowflake_dag.py
[2026-07-05T10:13:14.179+0000] {logging_mixin.py:188} INFO - [2026-07-05T10:13:14.178+0000] {dag.py:3089} INFO - Sync 1 DAGs
[2026-07-05T10:13:14.206+0000] {logging_mixin.py:188} INFO - [2026-07-05T10:13:14.206+0000] {dag.py:3947} INFO - Setting next_dagrun for minio_to_snowflake_ecommerce to 2026-07-05 10:12:00+00:00, run_after=2026-07-05 10:13:00+00:00
[2026-07-05T10:13:14.231+0000] {processor.py:183} INFO - Processing /opt/airflow/dags/minio_to_snowflake_dag.py took 0.831 seconds
[2026-07-05T10:13:44.616+0000] {processor.py:161} INFO - Started process (PID=54665) to work on /opt/airflow/dags/minio_to_snowflake_dag.py
[2026-07-05T10:13:44.618+0000] {processor.py:830} INFO - Processing file /opt/airflow/dags/minio_to_snowflake_dag.py for tasks to queue
[2026-07-05T10:13:44.620+0000] {logging_mixin.py:188} INFO - [2026-07-05T10:13:44.620+0000] {dagbag.py:545} INFO - Filling up the DagBag from /opt/airflow/dags/minio_to_snowflake_dag.py
[2026-07-05T10:13:45.378+0000] {processor.py:840} INFO - DAG(s) 'minio_to_snowflake_ecommerce' retrieved from /opt/airflow/dags/minio_to_snowflake_dag.py
[2026-07-05T10:13:45.404+0000] {logging_mixin.py:188} INFO - [2026-07-05T10:13:45.403+0000] {dag.py:3089} INFO - Sync 1 DAGs
[2026-07-05T10:13:45.431+0000] {logging_mixin.py:188} INFO - [2026-07-05T10:13:45.431+0000] {dag.py:3947} INFO - Setting next_dagrun for minio_to_snowflake_ecommerce to 2026-07-05 10:12:00+00:00, run_after=2026-07-05 10:13:00+00:00
[2026-07-05T10:13:45.457+0000] {processor.py:183} INFO - Processing /opt/airflow/dags/minio_to_snowflake_dag.py took 0.849 seconds
[2026-07-05T10:14:15.935+0000] {processor.py:161} INFO - Started process (PID=54669) to work on /opt/airflow/dags/minio_to_snowflake_dag.py
[2026-07-05T10:14:15.936+0000] {processor.py:830} INFO - Processing file /opt/airflow/dags/minio_to_snowflake_dag.py for tasks to queue
[2026-07-05T10:14:15.938+0000] {logging_mixin.py:188} INFO - [2026-07-05T10:14:15.938+0000] {dagbag.py:545} INFO - Filling up the DagBag from /opt/airflow/dags/minio_to_snowflake_dag.py
[2026-07-05T10:14:16.634+0000] {processor.py:840} INFO - DAG(s) 'minio_to_snowflake_ecommerce' retrieved from /opt/airflow/dags/minio_to_snowflake_dag.py
[2026-07-05T10:14:16.662+0000] {logging_mixin.py:188} INFO - [2026-07-05T10:14:16.662+0000] {dag.py:3089} INFO - Sync 1 DAGs
[2026-07-05T10:14:16.689+0000] {logging_mixin.py:188} INFO - [2026-07-05T10:14:16.689+0000] {dag.py:3947} INFO - Setting next_dagrun for minio_to_snowflake_ecommerce to 2026-07-05 10:13:00+00:00, run_after=2026-07-05 10:14:00+00:00
[2026-07-05T10:14:16.716+0000] {processor.py:183} INFO - Processing /opt/airflow/dags/minio_to_snowflake_dag.py took 0.789 seconds
[2026-07-05T10:14:47.018+0000] {processor.py:161} INFO - Started process (PID=54673) to work on /opt/airflow/dags/minio_to_snowflake_dag.py
[2026-07-05T10:14:47.020+0000] {processor.py:830} INFO - Processing file /opt/airflow/dags/minio_to_snowflake_dag.py for tasks to queue
[2026-07-05T10:14:47.022+0000] {logging_mixin.py:188} INFO - [2026-07-05T10:14:47.021+0000] {dagbag.py:545} INFO - Filling up the DagBag from /opt/airflow/dags/minio_to_snowflake_dag.py
[2026-07-05T10:14:47.774+0000] {processor.py:840} INFO - DAG(s) 'minio_to_snowflake_ecommerce' retrieved from /opt/airflow/dags/minio_to_snowflake_dag.py
[2026-07-05T10:14:47.804+0000] {logging_mixin.py:188} INFO - [2026-07-05T10:14:47.803+0000] {dag.py:3089} INFO - Sync 1 DAGs
[2026-07-05T10:14:47.833+0000] {logging_mixin.py:188} INFO - [2026-07-05T10:14:47.833+0000] {dag.py:3947} INFO - Setting next_dagrun for minio_to_snowflake_ecommerce to 2026-07-05 10:13:00+00:00, run_after=2026-07-05 10:14:00+00:00
[2026-07-05T10:14:47.855+0000] {processor.py:183} INFO - Processing /opt/airflow/dags/minio_to_snowflake_dag.py took 0.844 seconds
[2026-07-05T10:15:18.202+0000] {processor.py:161} INFO - Started process (PID=54677) to work on /opt/airflow/dags/minio_to_snowflake_dag.py
[2026-07-05T10:15:18.203+0000] {processor.py:830} INFO - Processing file /opt/airflow/dags/minio_to_snowflake_dag.py for tasks to queue
[2026-07-05T10:15:18.206+0000] {logging_mixin.py:188} INFO - [2026-07-05T10:15:18.205+0000] {dagbag.py:545} INFO - Filling up the DagBag from /opt/airflow/dags/minio_to_snowflake_dag.py
[2026-07-05T10:15:18.965+0000] {processor.py:840} INFO - DAG(s) 'minio_to_snowflake_ecommerce' retrieved from /opt/airflow/dags/minio_to_snowflake_dag.py
[2026-07-05T10:15:18.994+0000] {logging_mixin.py:188} INFO - [2026-07-05T10:15:18.993+0000] {dag.py:3089} INFO - Sync 1 DAGs
[2026-07-05T10:15:19.023+0000] {logging_mixin.py:188} INFO - [2026-07-05T10:15:19.023+0000] {dag.py:3947} INFO - Setting next_dagrun for minio_to_snowflake_ecommerce to 2026-07-05 10:14:00+00:00, run_after=2026-07-05 10:15:00+00:00
[2026-07-05T10:15:19.046+0000] {processor.py:183} INFO - Processing /opt/airflow/dags/minio_to_snowflake_dag.py took 0.851 seconds
[2026-07-05T10:15:49.322+0000] {processor.py:161} INFO - Started process (PID=54681) to work on /opt/airflow/dags/minio_to_snowflake_dag.py
[2026-07-05T10:15:49.324+0000] {processor.py:830} INFO - Processing file /opt/airflow/dags/minio_to_snowflake_dag.py for tasks to queue
[2026-07-05T10:15:49.326+0000] {logging_mixin.py:188} INFO - [2026-07-05T10:15:49.325+0000] {dagbag.py:545} INFO - Filling up the DagBag from /opt/airflow/dags/minio_to_snowflake_dag.py
[2026-07-05T10:15:50.110+0000] {processor.py:840} INFO - DAG(s) 'minio_to_snowflake_ecommerce' retrieved from /opt/airflow/dags/minio_to_snowflake_dag.py
[2026-07-05T10:15:50.138+0000] {logging_mixin.py:188} INFO - [2026-07-05T10:15:50.137+0000] {dag.py:3089} INFO - Sync 1 DAGs
[2026-07-05T10:15:50.167+0000] {logging_mixin.py:188} INFO - [2026-07-05T10:15:50.167+0000] {dag.py:3947} INFO - Setting next_dagrun for minio_to_snowflake_ecommerce to 2026-07-05 10:14:00+00:00, run_after=2026-07-05 10:15:00+00:00
[2026-07-05T10:15:50.193+0000] {processor.py:183} INFO - Processing /opt/airflow/dags/minio_to_snowflake_dag.py took 0.878 seconds
[2026-07-05T10:16:20.379+0000] {processor.py:161} INFO - Started process (PID=54685) to work on /opt/airflow/dags/minio_to_snowflake_dag.py
[2026-07-05T10:16:20.380+0000] {processor.py:830} INFO - Processing file /opt/airflow/dags/minio_to_snowflake_dag.py for tasks to queue
[2026-07-05T10:16:20.383+0000] {logging_mixin.py:188} INFO - [2026-07-05T10:16:20.382+0000] {dagbag.py:545} INFO - Filling up the DagBag from /opt/airflow/dags/minio_to_snowflake_dag.py
[2026-07-05T10:16:21.100+0000] {processor.py:840} INFO - DAG(s) 'minio_to_snowflake_ecommerce' retrieved from /opt/airflow/dags/minio_to_snowflake_dag.py
[2026-07-05T10:16:21.132+0000] {logging_mixin.py:188} INFO - [2026-07-05T10:16:21.131+0000] {dag.py:3089} INFO - Sync 1 DAGs
[2026-07-05T10:16:21.157+0000] {logging_mixin.py:188} INFO - [2026-07-05T10:16:21.157+0000] {dag.py:3947} INFO - Setting next_dagrun for minio_to_snowflake_ecommerce to 2026-07-05 10:15:00+00:00, run_after=2026-07-05 10:16:00+00:00
[2026-07-05T10:16:21.180+0000] {processor.py:183} INFO - Processing /opt/airflow/dags/minio_to_snowflake_dag.py took 0.809 seconds
[2026-07-05T10:16:51.563+0000] {processor.py:161} INFO - Started process (PID=54689) to work on /opt/airflow/dags/minio_to_snowflake_dag.py
[2026-07-05T10:16:51.565+0000] {processor.py:830} INFO - Processing file /opt/airflow/dags/minio_to_snowflake_dag.py for tasks to queue
[2026-07-05T10:16:51.567+0000] {logging_mixin.py:188} INFO - [2026-07-05T10:16:51.567+0000] {dagbag.py:545} INFO - Filling up the DagBag from /opt/airflow/dags/minio_to_snowflake_dag.py
[2026-07-05T10:16:52.270+0000] {processor.py:840} INFO - DAG(s) 'minio_to_snowflake_ecommerce' retrieved from /opt/airflow/dags/minio_to_snowflake_dag.py
[2026-07-05T10:16:52.301+0000] {logging_mixin.py:188} INFO - [2026-07-05T10:16:52.300+0000] {dag.py:3089} INFO - Sync 1 DAGs
[2026-07-05T10:16:52.327+0000] {logging_mixin.py:188} INFO - [2026-07-05T10:16:52.327+0000] {dag.py:3947} INFO - Setting next_dagrun for minio_to_snowflake_ecommerce to 2026-07-05 10:15:00+00:00, run_after=2026-07-05 10:16:00+00:00
[2026-07-05T10:16:52.348+0000] {processor.py:183} INFO - Processing /opt/airflow/dags/minio_to_snowflake_dag.py took 0.796 seconds
[2026-07-05T10:17:22.775+0000] {processor.py:161} INFO - Started process (PID=54693) to work on /opt/airflow/dags/minio_to_snowflake_dag.py
[2026-07-05T10:17:22.779+0000] {processor.py:830} INFO - Processing file /opt/airflow/dags/minio_to_snowflake_dag.py for tasks to queue
[2026-07-05T10:17:22.782+0000] {logging_mixin.py:188} INFO - [2026-07-05T10:17:22.782+0000] {dagbag.py:545} INFO - Filling up the DagBag from /opt/airflow/dags/minio_to_snowflake_dag.py
[2026-07-05T10:17:24.100+0000] {processor.py:840} INFO - DAG(s) 'minio_to_snowflake_ecommerce' retrieved from /opt/airflow/dags/minio_to_snowflake_dag.py
[2026-07-05T10:17:24.133+0000] {logging_mixin.py:188} INFO - [2026-07-05T10:17:24.132+0000] {dag.py:3089} INFO - Sync 1 DAGs
[2026-07-05T10:17:24.160+0000] {logging_mixin.py:188} INFO - [2026-07-05T10:17:24.159+0000] {dag.py:3947} INFO - Setting next_dagrun for minio_to_snowflake_ecommerce to 2026-07-05 10:16:00+00:00, run_after=2026-07-05 10:17:00+00:00
[2026-07-05T10:17:24.185+0000] {processor.py:183} INFO - Processing /opt/airflow/dags/minio_to_snowflake_dag.py took 1.419 seconds
[2026-07-05T10:17:54.357+0000] {processor.py:161} INFO - Started process (PID=54697) to work on /opt/airflow/dags/minio_to_snowflake_dag.py
[2026-07-05T10:17:54.358+0000] {processor.py:830} INFO - Processing file /opt/airflow/dags/minio_to_snowflake_dag.py for tasks to queue
[2026-07-05T10:17:54.360+0000] {logging_mixin.py:188} INFO - [2026-07-05T10:17:54.360+0000] {dagbag.py:545} INFO - Filling up the DagBag from /opt/airflow/dags/minio_to_snowflake_dag.py
[2026-07-05T10:17:55.110+0000] {processor.py:840} INFO - DAG(s) 'minio_to_snowflake_ecommerce' retrieved from /opt/airflow/dags/minio_to_snowflake_dag.py
[2026-07-05T10:17:55.135+0000] {logging_mixin.py:188} INFO - [2026-07-05T10:17:55.135+0000] {dag.py:3089} INFO - Sync 1 DAGs
[2026-07-05T10:17:55.158+0000] {logging_mixin.py:188} INFO - [2026-07-05T10:17:55.157+0000] {dag.py:3947} INFO - Setting next_dagrun for minio_to_snowflake_ecommerce to 2026-07-05 10:16:00+00:00, run_after=2026-07-05 10:17:00+00:00
[2026-07-05T10:17:55.176+0000] {processor.py:183} INFO - Processing /opt/airflow/dags/minio_to_snowflake_dag.py took 0.829 seconds
[2026-07-05T10:18:25.573+0000] {processor.py:161} INFO - Started process (PID=54701) to work on /opt/airflow/dags/minio_to_snowflake_dag.py
[2026-07-05T10:18:25.577+0000] {processor.py:830} INFO - Processing file /opt/airflow/dags/minio_to_snowflake_dag.py for tasks to queue
[2026-07-05T10:18:25.583+0000] {logging_mixin.py:188} INFO - [2026-07-05T10:18:25.582+0000] {dagbag.py:545} INFO - Filling up the DagBag from /opt/airflow/dags/minio_to_snowflake_dag.py
[2026-07-05T10:18:26.896+0000] {processor.py:840} INFO - DAG(s) 'minio_to_snowflake_ecommerce' retrieved from /opt/airflow/dags/minio_to_snowflake_dag.py
[2026-07-05T10:18:26.943+0000] {logging_mixin.py:188} INFO - [2026-07-05T10:18:26.942+0000] {dag.py:3089} INFO - Sync 1 DAGs
[2026-07-05T10:18:26.983+0000] {logging_mixin.py:188} INFO - [2026-07-05T10:18:26.983+0000] {dag.py:3947} INFO - Setting next_dagrun for minio_to_snowflake_ecommerce to 2026-07-05 10:17:00+00:00, run_after=2026-07-05 10:18:00+00:00
[2026-07-05T10:18:27.038+0000] {processor.py:183} INFO - Processing /opt/airflow/dags/minio_to_snowflake_dag.py took 1.482 seconds
[2026-07-05T10:18:57.359+0000] {processor.py:161} INFO - Started process (PID=54705) to work on /opt/airflow/dags/minio_to_snowflake_dag.py
[2026-07-05T10:18:57.360+0000] {processor.py:830} INFO - Processing file /opt/airflow/dags/minio_to_snowflake_dag.py for tasks to queue
[2026-07-05T10:18:57.363+0000] {logging_mixin.py:188} INFO - [2026-07-05T10:18:57.363+0000] {dagbag.py:545} INFO - Filling up the DagBag from /opt/airflow/dags/minio_to_snowflake_dag.py
[2026-07-05T10:18:58.194+0000] {processor.py:840} INFO - DAG(s) 'minio_to_snowflake_ecommerce' retrieved from /opt/airflow/dags/minio_to_snowflake_dag.py
[2026-07-05T10:18:58.239+0000] {logging_mixin.py:188} INFO - [2026-07-05T10:18:58.239+0000] {dag.py:3089} INFO - Sync 1 DAGs
[2026-07-05T10:18:58.287+0000] {logging_mixin.py:188} INFO - [2026-07-05T10:18:58.287+0000] {dag.py:3947} INFO - Setting next_dagrun for minio_to_snowflake_ecommerce to 2026-07-05 10:17:00+00:00, run_after=2026-07-05 10:18:00+00:00
[2026-07-05T10:18:58.315+0000] {processor.py:183} INFO - Processing /opt/airflow/dags/minio_to_snowflake_dag.py took 0.965 seconds
[2026-07-05T10:19:28.660+0000] {processor.py:161} INFO - Started process (PID=54709) to work on /opt/airflow/dags/minio_to_snowflake_dag.py
[2026-07-05T10:19:28.661+0000] {processor.py:830} INFO - Processing file /opt/airflow/dags/minio_to_snowflake_dag.py for tasks to queue
[2026-07-05T10:19:28.663+0000] {logging_mixin.py:188} INFO - [2026-07-05T10:19:28.663+0000] {dagbag.py:545} INFO - Filling up the DagBag from /opt/airflow/dags/minio_to_snowflake_dag.py
[2026-07-05T10:19:29.497+0000] {processor.py:840} INFO - DAG(s) 'minio_to_snowflake_ecommerce' retrieved from /opt/airflow/dags/minio_to_snowflake_dag.py
[2026-07-05T10:19:29.537+0000] {logging_mixin.py:188} INFO - [2026-07-05T10:19:29.537+0000] {dag.py:3089} INFO - Sync 1 DAGs
[2026-07-05T10:19:29.577+0000] {logging_mixin.py:188} INFO - [2026-07-05T10:19:29.577+0000] {dag.py:3947} INFO - Setting next_dagrun for minio_to_snowflake_ecommerce to 2026-07-05 10:18:00+00:00, run_after=2026-07-05 10:19:00+00:00
[2026-07-05T10:19:29.609+0000] {processor.py:183} INFO - Processing /opt/airflow/dags/minio_to_snowflake_dag.py took 0.958 seconds
[2026-07-05T10:19:59.897+0000] {processor.py:161} INFO - Started process (PID=54713) to work on /opt/airflow/dags/minio_to_snowflake_dag.py
[2026-07-05T10:19:59.899+0000] {processor.py:830} INFO - Processing file /opt/airflow/dags/minio_to_snowflake_dag.py for tasks to queue
[2026-07-05T10:19:59.901+0000] {logging_mixin.py:188} INFO - [2026-07-05T10:19:59.900+0000] {dagbag.py:545} INFO - Filling up the DagBag from /opt/airflow/dags/minio_to_snowflake_dag.py
[2026-07-05T10:20:00.670+0000] {processor.py:840} INFO - DAG(s) 'minio_to_snowflake_ecommerce' retrieved from /opt/airflow/dags/minio_to_snowflake_dag.py
[2026-07-05T10:20:00.703+0000] {logging_mixin.py:188} INFO - [2026-07-05T10:20:00.702+0000] {dag.py:3089} INFO - Sync 1 DAGs
[2026-07-05T10:20:00.730+0000] {logging_mixin.py:188} INFO - [2026-07-05T10:20:00.730+0000] {dag.py:3947} INFO - Setting next_dagrun for minio_to_snowflake_ecommerce to 2026-07-05 10:19:00+00:00, run_after=2026-07-05 10:20:00+00:00
[2026-07-05T10:20:00.757+0000] {processor.py:183} INFO - Processing /opt/airflow/dags/minio_to_snowflake_dag.py took 0.866 seconds
[2026-07-05T10:20:31.018+0000] {processor.py:161} INFO - Started process (PID=54717) to work on /opt/airflow/dags/minio_to_snowflake_dag.py
[2026-07-05T10:20:31.019+0000] {processor.py:830} INFO - Processing file /opt/airflow/dags/minio_to_snowflake_dag.py for tasks to queue
[2026-07-05T10:20:31.022+0000] {logging_mixin.py:188} INFO - [2026-07-05T10:20:31.022+0000] {dagbag.py:545} INFO - Filling up the DagBag from /opt/airflow/dags/minio_to_snowflake_dag.py
[2026-07-05T10:20:31.764+0000] {processor.py:840} INFO - DAG(s) 'minio_to_snowflake_ecommerce' retrieved from /opt/airflow/dags/minio_to_snowflake_dag.py
[2026-07-05T10:20:31.794+0000] {logging_mixin.py:188} INFO - [2026-07-05T10:20:31.793+0000] {dag.py:3089} INFO - Sync 1 DAGs
[2026-07-05T10:20:31.818+0000] {logging_mixin.py:188} INFO - [2026-07-05T10:20:31.818+0000] {dag.py:3947} INFO - Setting next_dagrun for minio_to_snowflake_ecommerce to 2026-07-05 10:19:00+00:00, run_after=2026-07-05 10:20:00+00:00
[2026-07-05T10:20:31.838+0000] {processor.py:183} INFO - Processing /opt/airflow/dags/minio_to_snowflake_dag.py took 0.828 seconds
[2026-07-05T10:21:01.937+0000] {processor.py:161} INFO - Started process (PID=54721) to work on /opt/airflow/dags/minio_to_snowflake_dag.py
[2026-07-05T10:21:01.938+0000] {processor.py:830} INFO - Processing file /opt/airflow/dags/minio_to_snowflake_dag.py for tasks to queue
[2026-07-05T10:21:01.941+0000] {logging_mixin.py:188} INFO - [2026-07-05T10:21:01.940+0000] {dagbag.py:545} INFO - Filling up the DagBag from /opt/airflow/dags/minio_to_snowflake_dag.py
[2026-07-05T10:21:02.732+0000] {processor.py:840} INFO - DAG(s) 'minio_to_snowflake_ecommerce' retrieved from /opt/airflow/dags/minio_to_snowflake_dag.py
[2026-07-05T10:21:02.769+0000] {logging_mixin.py:188} INFO - [2026-07-05T10:21:02.768+0000] {dag.py:3089} INFO - Sync 1 DAGs
[2026-07-05T10:21:02.797+0000] {logging_mixin.py:188} INFO - [2026-07-05T10:21:02.796+0000] {dag.py:3947} INFO - Setting next_dagrun for minio_to_snowflake_ecommerce to 2026-07-05 10:20:00+00:00, run_after=2026-07-05 10:21:00+00:00
[2026-07-05T10:21:02.824+0000] {processor.py:183} INFO - Processing /opt/airflow/dags/minio_to_snowflake_dag.py took 0.897 seconds
[2026-07-05T10:21:33.149+0000] {processor.py:161} INFO - Started process (PID=54725) to work on /opt/airflow/dags/minio_to_snowflake_dag.py
[2026-07-05T10:21:33.151+0000] {processor.py:830} INFO - Processing file /opt/airflow/dags/minio_to_snowflake_dag.py for tasks to queue
[2026-07-05T10:21:33.154+0000] {logging_mixin.py:188} INFO - [2026-07-05T10:21:33.154+0000] {dagbag.py:545} INFO - Filling up the DagBag from /opt/airflow/dags/minio_to_snowflake_dag.py
[2026-07-05T10:21:33.925+0000] {processor.py:840} INFO - DAG(s) 'minio_to_snowflake_ecommerce' retrieved from /opt/airflow/dags/minio_to_snowflake_dag.py
[2026-07-05T10:21:33.958+0000] {logging_mixin.py:188} INFO - [2026-07-05T10:21:33.957+0000] {dag.py:3089} INFO - Sync 1 DAGs
[2026-07-05T10:21:33.988+0000] {logging_mixin.py:188} INFO - [2026-07-05T10:21:33.987+0000] {dag.py:3947} INFO - Setting next_dagrun for minio_to_snowflake_ecommerce to 2026-07-05 10:20:00+00:00, run_after=2026-07-05 10:21:00+00:00
[2026-07-05T10:21:34.011+0000] {processor.py:183} INFO - Processing /opt/airflow/dags/minio_to_snowflake_dag.py took 0.868 seconds
[2026-07-05T10:22:04.354+0000] {processor.py:161} INFO - Started process (PID=54729) to work on /opt/airflow/dags/minio_to_snowflake_dag.py
[2026-07-05T10:22:04.355+0000] {processor.py:830} INFO - Processing file /opt/airflow/dags/minio_to_snowflake_dag.py for tasks to queue
[2026-07-05T10:22:04.358+0000] {logging_mixin.py:188} INFO - [2026-07-05T10:22:04.357+0000] {dagbag.py:545} INFO - Filling up the DagBag from /opt/airflow/dags/minio_to_snowflake_dag.py
[2026-07-05T10:22:05.075+0000] {processor.py:840} INFO - DAG(s) 'minio_to_snowflake_ecommerce' retrieved from /opt/airflow/dags/minio_to_snowflake_dag.py
[2026-07-05T10:22:05.107+0000] {logging_mixin.py:188} INFO - [2026-07-05T10:22:05.106+0000] {dag.py:3089} INFO - Sync 1 DAGs
[2026-07-05T10:22:05.132+0000] {logging_mixin.py:188} INFO - [2026-07-05T10:22:05.131+0000] {dag.py:3947} INFO - Setting next_dagrun for minio_to_snowflake_ecommerce to 2026-07-05 10:21:00+00:00, run_after=2026-07-05 10:22:00+00:00
[2026-07-05T10:22:05.153+0000] {processor.py:183} INFO - Processing /opt/airflow/dags/minio_to_snowflake_dag.py took 0.807 seconds
[2026-07-05T10:22:35.518+0000] {processor.py:161} INFO - Started process (PID=54733) to work on /opt/airflow/dags/minio_to_snowflake_dag.py
[2026-07-05T10:22:35.519+0000] {processor.py:830} INFO - Processing file /opt/airflow/dags/minio_to_snowflake_dag.py for tasks to queue
[2026-07-05T10:22:35.521+0000] {logging_mixin.py:188} INFO - [2026-07-05T10:22:35.520+0000] {dagbag.py:545} INFO - Filling up the DagBag from /opt/airflow/dags/minio_to_snowflake_dag.py
[2026-07-05T10:22:36.277+0000] {processor.py:840} INFO - DAG(s) 'minio_to_snowflake_ecommerce' retrieved from /opt/airflow/dags/minio_to_snowflake_dag.py
[2026-07-05T10:22:36.309+0000] {logging_mixin.py:188} INFO - [2026-07-05T10:22:36.309+0000] {dag.py:3089} INFO - Sync 1 DAGs
[2026-07-05T10:22:36.335+0000] {logging_mixin.py:188} INFO - [2026-07-05T10:22:36.335+0000] {dag.py:3947} INFO - Setting next_dagrun for minio_to_snowflake_ecommerce to 2026-07-05 10:21:00+00:00, run_after=2026-07-05 10:22:00+00:00
[2026-07-05T10:22:36.358+0000] {processor.py:183} INFO - Processing /opt/airflow/dags/minio_to_snowflake_dag.py took 0.847 seconds
[2026-07-05T10:23:06.764+0000] {processor.py:161} INFO - Started process (PID=54737) to work on /opt/airflow/dags/minio_to_snowflake_dag.py
[2026-07-05T10:23:06.765+0000] {processor.py:830} INFO - Processing file /opt/airflow/dags/minio_to_snowflake_dag.py for tasks to queue
[2026-07-05T10:23:06.768+0000] {logging_mixin.py:188} INFO - [2026-07-05T10:23:06.767+0000] {dagbag.py:545} INFO - Filling up the DagBag from /opt/airflow/dags/minio_to_snowflake_dag.py
[2026-07-05T10:23:07.485+0000] {processor.py:840} INFO - DAG(s) 'minio_to_snowflake_ecommerce' retrieved from /opt/airflow/dags/minio_to_snowflake_dag.py
[2026-07-05T10:23:07.514+0000] {logging_mixin.py:188} INFO - [2026-07-05T10:23:07.514+0000] {dag.py:3089} INFO - Sync 1 DAGs
[2026-07-05T10:23:07.539+0000] {logging_mixin.py:188} INFO - [2026-07-05T10:23:07.539+0000] {dag.py:3947} INFO - Setting next_dagrun for minio_to_snowflake_ecommerce to 2026-07-05 10:22:00+00:00, run_after=2026-07-05 10:23:00+00:00
[2026-07-05T10:23:07.559+0000] {processor.py:183} INFO - Processing /opt/airflow/dags/minio_to_snowflake_dag.py took 0.803 seconds
[2026-07-05T10:23:37.873+0000] {processor.py:161} INFO - Started process (PID=54741) to work on /opt/airflow/dags/minio_to_snowflake_dag.py
[2026-07-05T10:23:37.874+0000] {processor.py:830} INFO - Processing file /opt/airflow/dags/minio_to_snowflake_dag.py for tasks to queue
[2026-07-05T10:23:37.876+0000] {logging_mixin.py:188} INFO - [2026-07-05T10:23:37.875+0000] {dagbag.py:545} INFO - Filling up the DagBag from /opt/airflow/dags/minio_to_snowflake_dag.py
[2026-07-05T10:23:38.576+0000] {processor.py:840} INFO - DAG(s) 'minio_to_snowflake_ecommerce' retrieved from /opt/airflow/dags/minio_to_snowflake_dag.py
[2026-07-05T10:23:38.605+0000] {logging_mixin.py:188} INFO - [2026-07-05T10:23:38.604+0000] {dag.py:3089} INFO - Sync 1 DAGs
[2026-07-05T10:23:38.631+0000] {logging_mixin.py:188} INFO - [2026-07-05T10:23:38.631+0000] {dag.py:3947} INFO - Setting next_dagrun for minio_to_snowflake_ecommerce to 2026-07-05 10:22:00+00:00, run_after=2026-07-05 10:23:00+00:00
[2026-07-05T10:23:38.653+0000] {processor.py:183} INFO - Processing /opt/airflow/dags/minio_to_snowflake_dag.py took 0.787 seconds
[2026-07-05T10:24:08.980+0000] {processor.py:161} INFO - Started process (PID=54745) to work on /opt/airflow/dags/minio_to_snowflake_dag.py
[2026-07-05T10:24:08.981+0000] {processor.py:830} INFO - Processing file /opt/airflow/dags/minio_to_snowflake_dag.py for tasks to queue
[2026-07-05T10:24:08.983+0000] {logging_mixin.py:188} INFO - [2026-07-05T10:24:08.982+0000] {dagbag.py:545} INFO - Filling up the DagBag from /opt/airflow/dags/minio_to_snowflake_dag.py
[2026-07-05T10:24:09.679+0000] {processor.py:840} INFO - DAG(s) 'minio_to_snowflake_ecommerce' retrieved from /opt/airflow/dags/minio_to_snowflake_dag.py
[2026-07-05T10:24:09.707+0000] {logging_mixin.py:188} INFO - [2026-07-05T10:24:09.707+0000] {dag.py:3089} INFO - Sync 1 DAGs
[2026-07-05T10:24:09.733+0000] {logging_mixin.py:188} INFO - [2026-07-05T10:24:09.733+0000] {dag.py:3947} INFO - Setting next_dagrun for minio_to_snowflake_ecommerce to 2026-07-05 10:23:00+00:00, run_after=2026-07-05 10:24:00+00:00
[2026-07-05T10:24:09.757+0000] {processor.py:183} INFO - Processing /opt/airflow/dags/minio_to_snowflake_dag.py took 0.784 seconds
[2026-07-05T10:24:40.183+0000] {processor.py:161} INFO - Started process (PID=54749) to work on /opt/airflow/dags/minio_to_snowflake_dag.py
[2026-07-05T10:24:40.184+0000] {processor.py:830} INFO - Processing file /opt/airflow/dags/minio_to_snowflake_dag.py for tasks to queue
[2026-07-05T10:24:40.186+0000] {logging_mixin.py:188} INFO - [2026-07-05T10:24:40.186+0000] {dagbag.py:545} INFO - Filling up the DagBag from /opt/airflow/dags/minio_to_snowflake_dag.py
[2026-07-05T10:24:41.353+0000] {processor.py:840} INFO - DAG(s) 'minio_to_snowflake_ecommerce' retrieved from /opt/airflow/dags/minio_to_snowflake_dag.py
[2026-07-05T10:24:41.380+0000] {logging_mixin.py:188} INFO - [2026-07-05T10:24:41.379+0000] {dag.py:3089} INFO - Sync 1 DAGs
[2026-07-05T10:24:41.405+0000] {logging_mixin.py:188} INFO - [2026-07-05T10:24:41.405+0000] {dag.py:3947} INFO - Setting next_dagrun for minio_to_snowflake_ecommerce to 2026-07-05 10:23:00+00:00, run_after=2026-07-05 10:24:00+00:00
[2026-07-05T10:24:41.424+0000] {processor.py:183} INFO - Processing /opt/airflow/dags/minio_to_snowflake_dag.py took 1.250 seconds
[2026-07-05T10:25:11.531+0000] {processor.py:161} INFO - Started process (PID=54753) to work on /opt/airflow/dags/minio_to_snowflake_dag.py
[2026-07-05T10:25:11.533+0000] {processor.py:830} INFO - Processing file /opt/airflow/dags/minio_to_snowflake_dag.py for tasks to queue
[2026-07-05T10:25:11.535+0000] {logging_mixin.py:188} INFO - [2026-07-05T10:25:11.535+0000] {dagbag.py:545} INFO - Filling up the DagBag from /opt/airflow/dags/minio_to_snowflake_dag.py
[2026-07-05T10:25:12.296+0000] {processor.py:840} INFO - DAG(s) 'minio_to_snowflake_ecommerce' retrieved from /opt/airflow/dags/minio_to_snowflake_dag.py
[2026-07-05T10:25:12.326+0000] {logging_mixin.py:188} INFO - [2026-07-05T10:25:12.326+0000] {dag.py:3089} INFO - Sync 1 DAGs
[2026-07-05T10:25:12.353+0000] {logging_mixin.py:188} INFO - [2026-07-05T10:25:12.352+0000] {dag.py:3947} INFO - Setting next_dagrun for minio_to_snowflake_ecommerce to 2026-07-05 10:24:00+00:00, run_after=2026-07-05 10:25:00+00:00
[2026-07-05T10:25:12.375+0000] {processor.py:183} INFO - Processing /opt/airflow/dags/minio_to_snowflake_dag.py took 0.852 seconds
[2026-07-05T10:25:42.781+0000] {processor.py:161} INFO - Started process (PID=54757) to work on /opt/airflow/dags/minio_to_snowflake_dag.py
[2026-07-05T10:25:42.783+0000] {processor.py:830} INFO - Processing file /opt/airflow/dags/minio_to_snowflake_dag.py for tasks to queue
[2026-07-05T10:25:42.785+0000] {logging_mixin.py:188} INFO - [2026-07-05T10:25:42.785+0000] {dagbag.py:545} INFO - Filling up the DagBag from /opt/airflow/dags/minio_to_snowflake_dag.py
[2026-07-05T10:25:43.569+0000] {processor.py:840} INFO - DAG(s) 'minio_to_snowflake_ecommerce' retrieved from /opt/airflow/dags/minio_to_snowflake_dag.py
[2026-07-05T10:25:43.611+0000] {logging_mixin.py:188} INFO - [2026-07-05T10:25:43.610+0000] {dag.py:3089} INFO - Sync 1 DAGs
[2026-07-05T10:25:43.647+0000] {logging_mixin.py:188} INFO - [2026-07-05T10:25:43.647+0000] {dag.py:3947} INFO - Setting next_dagrun for minio_to_snowflake_ecommerce to 2026-07-05 10:24:00+00:00, run_after=2026-07-05 10:25:00+00:00
[2026-07-05T10:25:43.679+0000] {processor.py:183} INFO - Processing /opt/airflow/dags/minio_to_snowflake_dag.py took 0.907 seconds
[2026-07-05T10:26:14.004+0000] {processor.py:161} INFO - Started process (PID=54761) to work on /opt/airflow/dags/minio_to_snowflake_dag.py
[2026-07-05T10:26:14.005+0000] {processor.py:830} INFO - Processing file /opt/airflow/dags/minio_to_snowflake_dag.py for tasks to queue
[2026-07-05T10:26:14.007+0000] {logging_mixin.py:188} INFO - [2026-07-05T10:26:14.007+0000] {dagbag.py:545} INFO - Filling up the DagBag from /opt/airflow/dags/minio_to_snowflake_dag.py
[2026-07-05T10:26:14.704+0000] {processor.py:840} INFO - DAG(s) 'minio_to_snowflake_ecommerce' retrieved from /opt/airflow/dags/minio_to_snowflake_dag.py
[2026-07-05T10:26:14.731+0000] {logging_mixin.py:188} INFO - [2026-07-05T10:26:14.730+0000] {dag.py:3089} INFO - Sync 1 DAGs
[2026-07-05T10:26:14.757+0000] {logging_mixin.py:188} INFO - [2026-07-05T10:26:14.757+0000] {dag.py:3947} INFO - Setting next_dagrun for minio_to_snowflake_ecommerce to 2026-07-05 10:25:00+00:00, run_after=2026-07-05 10:26:00+00:00
[2026-07-05T10:26:14.784+0000] {processor.py:183} INFO - Processing /opt/airflow/dags/minio_to_snowflake_dag.py took 0.787 seconds
[2026-07-05T10:26:45.073+0000] {processor.py:161} INFO - Started process (PID=54765) to work on /opt/airflow/dags/minio_to_snowflake_dag.py
[2026-07-05T10:26:45.075+0000] {processor.py:830} INFO - Processing file /opt/airflow/dags/minio_to_snowflake_dag.py for tasks to queue
[2026-07-05T10:26:45.077+0000] {logging_mixin.py:188} INFO - [2026-07-05T10:26:45.077+0000] {dagbag.py:545} INFO - Filling up the DagBag from /opt/airflow/dags/minio_to_snowflake_dag.py
[2026-07-05T10:26:45.797+0000] {processor.py:840} INFO - DAG(s) 'minio_to_snowflake_ecommerce' retrieved from /opt/airflow/dags/minio_to_snowflake_dag.py
[2026-07-05T10:26:45.829+0000] {logging_mixin.py:188} INFO - [2026-07-05T10:26:45.828+0000] {dag.py:3089} INFO - Sync 1 DAGs
[2026-07-05T10:26:45.858+0000] {logging_mixin.py:188} INFO - [2026-07-05T10:26:45.857+0000] {dag.py:3947} INFO - Setting next_dagrun for minio_to_snowflake_ecommerce to 2026-07-05 10:25:00+00:00, run_after=2026-07-05 10:26:00+00:00
[2026-07-05T10:26:45.878+0000] {processor.py:183} INFO - Processing /opt/airflow/dags/minio_to_snowflake_dag.py took 0.813 seconds
[2026-07-05T10:27:16.259+0000] {processor.py:161} INFO - Started process (PID=54769) to work on /opt/airflow/dags/minio_to_snowflake_dag.py
[2026-07-05T10:27:16.261+0000] {processor.py:830} INFO - Processing file /opt/airflow/dags/minio_to_snowflake_dag.py for tasks to queue
[2026-07-05T10:27:16.263+0000] {logging_mixin.py:188} INFO - [2026-07-05T10:27:16.263+0000] {dagbag.py:545} INFO - Filling up the DagBag from /opt/airflow/dags/minio_to_snowflake_dag.py
[2026-07-05T10:27:16.979+0000] {processor.py:840} INFO - DAG(s) 'minio_to_snowflake_ecommerce' retrieved from /opt/airflow/dags/minio_to_snowflake_dag.py
[2026-07-05T10:27:17.006+0000] {logging_mixin.py:188} INFO - [2026-07-05T10:27:17.006+0000] {dag.py:3089} INFO - Sync 1 DAGs
[2026-07-05T10:27:17.032+0000] {logging_mixin.py:188} INFO - [2026-07-05T10:27:17.032+0000] {dag.py:3947} INFO - Setting next_dagrun for minio_to_snowflake_ecommerce to 2026-07-05 10:26:00+00:00, run_after=2026-07-05 10:27:00+00:00
[2026-07-05T10:27:17.055+0000] {processor.py:183} INFO - Processing /opt/airflow/dags/minio_to_snowflake_dag.py took 0.803 seconds
[2026-07-05T10:27:47.452+0000] {processor.py:161} INFO - Started process (PID=54773) to work on /opt/airflow/dags/minio_to_snowflake_dag.py
[2026-07-05T10:27:47.453+0000] {processor.py:830} INFO - Processing file /opt/airflow/dags/minio_to_snowflake_dag.py for tasks to queue
[2026-07-05T10:27:47.455+0000] {logging_mixin.py:188} INFO - [2026-07-05T10:27:47.455+0000] {dagbag.py:545} INFO - Filling up the DagBag from /opt/airflow/dags/minio_to_snowflake_dag.py
[2026-07-05T10:27:48.255+0000] {processor.py:840} INFO - DAG(s) 'minio_to_snowflake_ecommerce' retrieved from /opt/airflow/dags/minio_to_snowflake_dag.py
[2026-07-05T10:27:48.286+0000] {logging_mixin.py:188} INFO - [2026-07-05T10:27:48.285+0000] {dag.py:3089} INFO - Sync 1 DAGs
[2026-07-05T10:27:48.312+0000] {logging_mixin.py:188} INFO - [2026-07-05T10:27:48.312+0000] {dag.py:3947} INFO - Setting next_dagrun for minio_to_snowflake_ecommerce to 2026-07-05 10:26:00+00:00, run_after=2026-07-05 10:27:00+00:00
[2026-07-05T10:27:48.335+0000] {processor.py:183} INFO - Processing /opt/airflow/dags/minio_to_snowflake_dag.py took 0.890 seconds
[2026-07-05T10:28:18.445+0000] {processor.py:161} INFO - Started process (PID=54777) to work on /opt/airflow/dags/minio_to_snowflake_dag.py
[2026-07-05T10:28:18.446+0000] {processor.py:830} INFO - Processing file /opt/airflow/dags/minio_to_snowflake_dag.py for tasks to queue
[2026-07-05T10:28:18.448+0000] {logging_mixin.py:188} INFO - [2026-07-05T10:28:18.448+0000] {dagbag.py:545} INFO - Filling up the DagBag from /opt/airflow/dags/minio_to_snowflake_dag.py
[2026-07-05T10:28:19.350+0000] {processor.py:840} INFO - DAG(s) 'minio_to_snowflake_ecommerce' retrieved from /opt/airflow/dags/minio_to_snowflake_dag.py
[2026-07-05T10:28:19.395+0000] {logging_mixin.py:188} INFO - [2026-07-05T10:28:19.394+0000] {dag.py:3089} INFO - Sync 1 DAGs
[2026-07-05T10:28:19.439+0000] {logging_mixin.py:188} INFO - [2026-07-05T10:28:19.439+0000] {dag.py:3947} INFO - Setting next_dagrun for minio_to_snowflake_ecommerce to 2026-07-05 10:27:00+00:00, run_after=2026-07-05 10:28:00+00:00
[2026-07-05T10:28:19.476+0000] {processor.py:183} INFO - Processing /opt/airflow/dags/minio_to_snowflake_dag.py took 1.042 seconds
[2026-07-05T10:28:49.689+0000] {processor.py:161} INFO - Started process (PID=54781) to work on /opt/airflow/dags/minio_to_snowflake_dag.py
[2026-07-05T10:28:49.690+0000] {processor.py:830} INFO - Processing file /opt/airflow/dags/minio_to_snowflake_dag.py for tasks to queue
[2026-07-05T10:28:49.692+0000] {logging_mixin.py:188} INFO - [2026-07-05T10:28:49.692+0000] {dagbag.py:545} INFO - Filling up the DagBag from /opt/airflow/dags/minio_to_snowflake_dag.py
[2026-07-05T10:28:50.396+0000] {processor.py:840} INFO - DAG(s) 'minio_to_snowflake_ecommerce' retrieved from /opt/airflow/dags/minio_to_snowflake_dag.py
[2026-07-05T10:28:50.425+0000] {logging_mixin.py:188} INFO - [2026-07-05T10:28:50.425+0000] {dag.py:3089} INFO - Sync 1 DAGs
[2026-07-05T10:28:50.454+0000] {logging_mixin.py:188} INFO - [2026-07-05T10:28:50.454+0000] {dag.py:3947} INFO - Setting next_dagrun for minio_to_snowflake_ecommerce to 2026-07-05 10:27:00+00:00, run_after=2026-07-05 10:28:00+00:00
[2026-07-05T10:28:50.478+0000] {processor.py:183} INFO - Processing /opt/airflow/dags/minio_to_snowflake_dag.py took 0.796 seconds
[2026-07-05T10:29:20.833+0000] {processor.py:161} INFO - Started process (PID=54785) to work on /opt/airflow/dags/minio_to_snowflake_dag.py
[2026-07-05T10:29:20.834+0000] {processor.py:830} INFO - Processing file /opt/airflow/dags/minio_to_snowflake_dag.py for tasks to queue
[2026-07-05T10:29:20.837+0000] {logging_mixin.py:188} INFO - [2026-07-05T10:29:20.836+0000] {dagbag.py:545} INFO - Filling up the DagBag from /opt/airflow/dags/minio_to_snowflake_dag.py
[2026-07-05T10:29:21.535+0000] {processor.py:840} INFO - DAG(s) 'minio_to_snowflake_ecommerce' retrieved from /opt/airflow/dags/minio_to_snowflake_dag.py
[2026-07-05T10:29:21.563+0000] {logging_mixin.py:188} INFO - [2026-07-05T10:29:21.562+0000] {dag.py:3089} INFO - Sync 1 DAGs
[2026-07-05T10:29:21.588+0000] {logging_mixin.py:188} INFO - [2026-07-05T10:29:21.588+0000] {dag.py:3947} INFO - Setting next_dagrun for minio_to_snowflake_ecommerce to 2026-07-05 10:28:00+00:00, run_after=2026-07-05 10:29:00+00:00
[2026-07-05T10:29:21.609+0000] {processor.py:183} INFO - Processing /opt/airflow/dags/minio_to_snowflake_dag.py took 0.784 seconds
[2026-07-05T10:29:51.944+0000] {processor.py:161} INFO - Started process (PID=54789) to work on /opt/airflow/dags/minio_to_snowflake_dag.py
[2026-07-05T10:29:51.945+0000] {processor.py:830} INFO - Processing file /opt/airflow/dags/minio_to_snowflake_dag.py for tasks to queue
[2026-07-05T10:29:51.948+0000] {logging_mixin.py:188} INFO - [2026-07-05T10:29:51.948+0000] {dagbag.py:545} INFO - Filling up the DagBag from /opt/airflow/dags/minio_to_snowflake_dag.py
[2026-07-05T10:29:52.673+0000] {processor.py:840} INFO - DAG(s) 'minio_to_snowflake_ecommerce' retrieved from /opt/airflow/dags/minio_to_snowflake_dag.py
[2026-07-05T10:29:52.702+0000] {logging_mixin.py:188} INFO - [2026-07-05T10:29:52.701+0000] {dag.py:3089} INFO - Sync 1 DAGs
[2026-07-05T10:29:52.728+0000] {logging_mixin.py:188} INFO - [2026-07-05T10:29:52.727+0000] {dag.py:3947} INFO - Setting next_dagrun for minio_to_snowflake_ecommerce to 2026-07-05 10:28:00+00:00, run_after=2026-07-05 10:29:00+00:00
[2026-07-05T10:29:52.747+0000] {processor.py:183} INFO - Processing /opt/airflow/dags/minio_to_snowflake_dag.py took 0.813 seconds
[2026-07-05T10:30:23.034+0000] {processor.py:161} INFO - Started process (PID=54793) to work on /opt/airflow/dags/minio_to_snowflake_dag.py
[2026-07-05T10:30:23.035+0000] {processor.py:830} INFO - Processing file /opt/airflow/dags/minio_to_snowflake_dag.py for tasks to queue
[2026-07-05T10:30:23.037+0000] {logging_mixin.py:188} INFO - [2026-07-05T10:30:23.037+0000] {dagbag.py:545} INFO - Filling up the DagBag from /opt/airflow/dags/minio_to_snowflake_dag.py
[2026-07-05T10:30:23.840+0000] {processor.py:840} INFO - DAG(s) 'minio_to_snowflake_ecommerce' retrieved from /opt/airflow/dags/minio_to_snowflake_dag.py
[2026-07-05T10:30:23.872+0000] {logging_mixin.py:188} INFO - [2026-07-05T10:30:23.871+0000] {dag.py:3089} INFO - Sync 1 DAGs
[2026-07-05T10:30:23.900+0000] {logging_mixin.py:188} INFO - [2026-07-05T10:30:23.900+0000] {dag.py:3947} INFO - Setting next_dagrun for minio_to_snowflake_ecommerce to 2026-07-05 10:29:00+00:00, run_after=2026-07-05 10:30:00+00:00
[2026-07-05T10:30:23.923+0000] {processor.py:183} INFO - Processing /opt/airflow/dags/minio_to_snowflake_dag.py took 0.896 seconds
[2026-07-05T10:30:54.227+0000] {processor.py:161} INFO - Started process (PID=54797) to work on /opt/airflow/dags/minio_to_snowflake_dag.py
[2026-07-05T10:30:54.228+0000] {processor.py:830} INFO - Processing file /opt/airflow/dags/minio_to_snowflake_dag.py for tasks to queue
[2026-07-05T10:30:54.231+0000] {logging_mixin.py:188} INFO - [2026-07-05T10:30:54.230+0000] {dagbag.py:545} INFO - Filling up the DagBag from /opt/airflow/dags/minio_to_snowflake_dag.py
[2026-07-05T10:30:54.961+0000] {processor.py:840} INFO - DAG(s) 'minio_to_snowflake_ecommerce' retrieved from /opt/airflow/dags/minio_to_snowflake_dag.py
[2026-07-05T10:30:54.992+0000] {logging_mixin.py:188} INFO - [2026-07-05T10:30:54.992+0000] {dag.py:3089} INFO - Sync 1 DAGs
[2026-07-05T10:30:55.020+0000] {logging_mixin.py:188} INFO - [2026-07-05T10:30:55.020+0000] {dag.py:3947} INFO - Setting next_dagrun for minio_to_snowflake_ecommerce to 2026-07-05 10:29:00+00:00, run_after=2026-07-05 10:30:00+00:00
[2026-07-05T10:30:55.042+0000] {processor.py:183} INFO - Processing /opt/airflow/dags/minio_to_snowflake_dag.py took 0.823 seconds
[2026-07-05T10:31:25.241+0000] {processor.py:161} INFO - Started process (PID=54801) to work on /opt/airflow/dags/minio_to_snowflake_dag.py
[2026-07-05T10:31:25.242+0000] {processor.py:830} INFO - Processing file /opt/airflow/dags/minio_to_snowflake_dag.py for tasks to queue
[2026-07-05T10:31:25.244+0000] {logging_mixin.py:188} INFO - [2026-07-05T10:31:25.244+0000] {dagbag.py:545} INFO - Filling up the DagBag from /opt/airflow/dags/minio_to_snowflake_dag.py
[2026-07-05T10:31:26.005+0000] {processor.py:840} INFO - DAG(s) 'minio_to_snowflake_ecommerce' retrieved from /opt/airflow/dags/minio_to_snowflake_dag.py
[2026-07-05T10:31:26.034+0000] {logging_mixin.py:188} INFO - [2026-07-05T10:31:26.034+0000] {dag.py:3089} INFO - Sync 1 DAGs
[2026-07-05T10:31:26.061+0000] {logging_mixin.py:188} INFO - [2026-07-05T10:31:26.061+0000] {dag.py:3947} INFO - Setting next_dagrun for minio_to_snowflake_ecommerce to 2026-07-05 10:30:00+00:00, run_after=2026-07-05 10:31:00+00:00
[2026-07-05T10:31:26.085+0000] {processor.py:183} INFO - Processing /opt/airflow/dags/minio_to_snowflake_dag.py took 0.851 seconds
[2026-07-05T10:31:56.369+0000] {processor.py:161} INFO - Started process (PID=54805) to work on /opt/airflow/dags/minio_to_snowflake_dag.py
[2026-07-05T10:31:56.370+0000] {processor.py:830} INFO - Processing file /opt/airflow/dags/minio_to_snowflake_dag.py for tasks to queue
[2026-07-05T10:31:56.372+0000] {logging_mixin.py:188} INFO - [2026-07-05T10:31:56.371+0000] {dagbag.py:545} INFO - Filling up the DagBag from /opt/airflow/dags/minio_to_snowflake_dag.py
[2026-07-05T10:31:57.178+0000] {processor.py:840} INFO - DAG(s) 'minio_to_snowflake_ecommerce' retrieved from /opt/airflow/dags/minio_to_snowflake_dag.py
[2026-07-05T10:31:57.204+0000] {logging_mixin.py:188} INFO - [2026-07-05T10:31:57.204+0000] {dag.py:3089} INFO - Sync 1 DAGs
[2026-07-05T10:31:57.230+0000] {logging_mixin.py:188} INFO - [2026-07-05T10:31:57.230+0000] {dag.py:3947} INFO - Setting next_dagrun for minio_to_snowflake_ecommerce to 2026-07-05 10:30:00+00:00, run_after=2026-07-05 10:31:00+00:00
[2026-07-05T10:31:57.251+0000] {processor.py:183} INFO - Processing /opt/airflow/dags/minio_to_snowflake_dag.py took 0.889 seconds
[2026-07-05T10:32:27.653+0000] {processor.py:161} INFO - Started process (PID=54809) to work on /opt/airflow/dags/minio_to_snowflake_dag.py
[2026-07-05T10:32:27.654+0000] {processor.py:830} INFO - Processing file /opt/airflow/dags/minio_to_snowflake_dag.py for tasks to queue
[2026-07-05T10:32:27.656+0000] {logging_mixin.py:188} INFO - [2026-07-05T10:32:27.656+0000] {dagbag.py:545} INFO - Filling up the DagBag from /opt/airflow/dags/minio_to_snowflake_dag.py
[2026-07-05T10:32:28.370+0000] {processor.py:840} INFO - DAG(s) 'minio_to_snowflake_ecommerce' retrieved from /opt/airflow/dags/minio_to_snowflake_dag.py
[2026-07-05T10:32:28.397+0000] {logging_mixin.py:188} INFO - [2026-07-05T10:32:28.396+0000] {dag.py:3089} INFO - Sync 1 DAGs
[2026-07-05T10:32:28.422+0000] {logging_mixin.py:188} INFO - [2026-07-05T10:32:28.422+0000] {dag.py:3947} INFO - Setting next_dagrun for minio_to_snowflake_ecommerce to 2026-07-05 10:31:00+00:00, run_after=2026-07-05 10:32:00+00:00
[2026-07-05T10:32:28.447+0000] {processor.py:183} INFO - Processing /opt/airflow/dags/minio_to_snowflake_dag.py took 0.802 seconds
[2026-07-05T10:32:58.765+0000] {processor.py:161} INFO - Started process (PID=54813) to work on /opt/airflow/dags/minio_to_snowflake_dag.py
[2026-07-05T10:32:58.767+0000] {processor.py:830} INFO - Processing file /opt/airflow/dags/minio_to_snowflake_dag.py for tasks to queue
[2026-07-05T10:32:58.770+0000] {logging_mixin.py:188} INFO - [2026-07-05T10:32:58.769+0000] {dagbag.py:545} INFO - Filling up the DagBag from /opt/airflow/dags/minio_to_snowflake_dag.py
[2026-07-05T10:32:59.505+0000] {processor.py:840} INFO - DAG(s) 'minio_to_snowflake_ecommerce' retrieved from /opt/airflow/dags/minio_to_snowflake_dag.py
[2026-07-05T10:32:59.532+0000] {logging_mixin.py:188} INFO - [2026-07-05T10:32:59.531+0000] {dag.py:3089} INFO - Sync 1 DAGs
[2026-07-05T10:32:59.560+0000] {logging_mixin.py:188} INFO - [2026-07-05T10:32:59.560+0000] {dag.py:3947} INFO - Setting next_dagrun for minio_to_snowflake_ecommerce to 2026-07-05 10:31:00+00:00, run_after=2026-07-05 10:32:00+00:00
[2026-07-05T10:32:59.583+0000] {processor.py:183} INFO - Processing /opt/airflow/dags/minio_to_snowflake_dag.py took 0.826 seconds
[2026-07-05T10:33:29.940+0000] {processor.py:161} INFO - Started process (PID=54817) to work on /opt/airflow/dags/minio_to_snowflake_dag.py
[2026-07-05T10:33:29.941+0000] {processor.py:830} INFO - Processing file /opt/airflow/dags/minio_to_snowflake_dag.py for tasks to queue
[2026-07-05T10:33:29.944+0000] {logging_mixin.py:188} INFO - [2026-07-05T10:33:29.943+0000] {dagbag.py:545} INFO - Filling up the DagBag from /opt/airflow/dags/minio_to_snowflake_dag.py
[2026-07-05T10:33:30.745+0000] {processor.py:840} INFO - DAG(s) 'minio_to_snowflake_ecommerce' retrieved from /opt/airflow/dags/minio_to_snowflake_dag.py
[2026-07-05T10:33:30.776+0000] {logging_mixin.py:188} INFO - [2026-07-05T10:33:30.775+0000] {dag.py:3089} INFO - Sync 1 DAGs
[2026-07-05T10:33:30.800+0000] {logging_mixin.py:188} INFO - [2026-07-05T10:33:30.800+0000] {dag.py:3947} INFO - Setting next_dagrun for minio_to_snowflake_ecommerce to 2026-07-05 10:32:00+00:00, run_after=2026-07-05 10:33:00+00:00
[2026-07-05T10:33:30.821+0000] {processor.py:183} INFO - Processing /opt/airflow/dags/minio_to_snowflake_dag.py took 0.893 seconds
[2026-07-05T10:34:01.101+0000] {processor.py:161} INFO - Started process (PID=54821) to work on /opt/airflow/dags/minio_to_snowflake_dag.py
[2026-07-05T10:34:01.102+0000] {processor.py:830} INFO - Processing file /opt/airflow/dags/minio_to_snowflake_dag.py for tasks to queue
[2026-07-05T10:34:01.105+0000] {logging_mixin.py:188} INFO - [2026-07-05T10:34:01.104+0000] {dagbag.py:545} INFO - Filling up the DagBag from /opt/airflow/dags/minio_to_snowflake_dag.py
[2026-07-05T10:34:01.836+0000] {processor.py:840} INFO - DAG(s) 'minio_to_snowflake_ecommerce' retrieved from /opt/airflow/dags/minio_to_snowflake_dag.py
[2026-07-05T10:34:01.862+0000] {logging_mixin.py:188} INFO - [2026-07-05T10:34:01.861+0000] {dag.py:3089} INFO - Sync 1 DAGs
[2026-07-05T10:34:01.887+0000] {logging_mixin.py:188} INFO - [2026-07-05T10:34:01.887+0000] {dag.py:3947} INFO - Setting next_dagrun for minio_to_snowflake_ecommerce to 2026-07-05 10:33:00+00:00, run_after=2026-07-05 10:34:00+00:00
[2026-07-05T10:34:01.907+0000] {processor.py:183} INFO - Processing /opt/airflow/dags/minio_to_snowflake_dag.py took 0.813 seconds
[2026-07-05T10:34:32.220+0000] {processor.py:161} INFO - Started process (PID=54825) to work on /opt/airflow/dags/minio_to_snowflake_dag.py
[2026-07-05T10:34:32.221+0000] {processor.py:830} INFO - Processing file /opt/airflow/dags/minio_to_snowflake_dag.py for tasks to queue
[2026-07-05T10:34:32.224+0000] {logging_mixin.py:188} INFO - [2026-07-05T10:34:32.223+0000] {dagbag.py:545} INFO - Filling up the DagBag from /opt/airflow/dags/minio_to_snowflake_dag.py
[2026-07-05T10:34:33.052+0000] {processor.py:840} INFO - DAG(s) 'minio_to_snowflake_ecommerce' retrieved from /opt/airflow/dags/minio_to_snowflake_dag.py
[2026-07-05T10:34:33.083+0000] {logging_mixin.py:188} INFO - [2026-07-05T10:34:33.083+0000] {dag.py:3089} INFO - Sync 1 DAGs
[2026-07-05T10:34:33.109+0000] {logging_mixin.py:188} INFO - [2026-07-05T10:34:33.109+0000] {dag.py:3947} INFO - Setting next_dagrun for minio_to_snowflake_ecommerce to 2026-07-05 10:33:00+00:00, run_after=2026-07-05 10:34:00+00:00
[2026-07-05T10:34:33.132+0000] {processor.py:183} INFO - Processing /opt/airflow/dags/minio_to_snowflake_dag.py took 0.921 seconds
[2026-07-05T10:35:03.445+0000] {processor.py:161} INFO - Started process (PID=54829) to work on /opt/airflow/dags/minio_to_snowflake_dag.py
[2026-07-05T10:35:03.447+0000] {processor.py:830} INFO - Processing file /opt/airflow/dags/minio_to_snowflake_dag.py for tasks to queue
[2026-07-05T10:35:03.449+0000] {logging_mixin.py:188} INFO - [2026-07-05T10:35:03.449+0000] {dagbag.py:545} INFO - Filling up the DagBag from /opt/airflow/dags/minio_to_snowflake_dag.py
[2026-07-05T10:35:04.251+0000] {processor.py:840} INFO - DAG(s) 'minio_to_snowflake_ecommerce' retrieved from /opt/airflow/dags/minio_to_snowflake_dag.py
[2026-07-05T10:35:04.277+0000] {logging_mixin.py:188} INFO - [2026-07-05T10:35:04.277+0000] {dag.py:3089} INFO - Sync 1 DAGs
[2026-07-05T10:35:04.305+0000] {logging_mixin.py:188} INFO - [2026-07-05T10:35:04.304+0000] {dag.py:3947} INFO - Setting next_dagrun for minio_to_snowflake_ecommerce to 2026-07-05 10:34:00+00:00, run_after=2026-07-05 10:35:00+00:00
[2026-07-05T10:35:04.326+0000] {processor.py:183} INFO - Processing /opt/airflow/dags/minio_to_snowflake_dag.py took 0.888 seconds
[2026-07-05T10:35:34.673+0000] {processor.py:161} INFO - Started process (PID=54833) to work on /opt/airflow/dags/minio_to_snowflake_dag.py
[2026-07-05T10:35:34.675+0000] {processor.py:830} INFO - Processing file /opt/airflow/dags/minio_to_snowflake_dag.py for tasks to queue
[2026-07-05T10:35:34.677+0000] {logging_mixin.py:188} INFO - [2026-07-05T10:35:34.677+0000] {dagbag.py:545} INFO - Filling up the DagBag from /opt/airflow/dags/minio_to_snowflake_dag.py
[2026-07-05T10:35:35.462+0000] {processor.py:840} INFO - DAG(s) 'minio_to_snowflake_ecommerce' retrieved from /opt/airflow/dags/minio_to_snowflake_dag.py
[2026-07-05T10:35:35.494+0000] {logging_mixin.py:188} INFO - [2026-07-05T10:35:35.493+0000] {dag.py:3089} INFO - Sync 1 DAGs
[2026-07-05T10:35:35.520+0000] {logging_mixin.py:188} INFO - [2026-07-05T10:35:35.520+0000] {dag.py:3947} INFO - Setting next_dagrun for minio_to_snowflake_ecommerce to 2026-07-05 10:34:00+00:00, run_after=2026-07-05 10:35:00+00:00
[2026-07-05T10:35:35.543+0000] {processor.py:183} INFO - Processing /opt/airflow/dags/minio_to_snowflake_dag.py took 0.878 seconds
[2026-07-05T10:36:05.649+0000] {processor.py:161} INFO - Started process (PID=54837) to work on /opt/airflow/dags/minio_to_snowflake_dag.py
[2026-07-05T10:36:05.650+0000] {processor.py:830} INFO - Processing file /opt/airflow/dags/minio_to_snowflake_dag.py for tasks to queue
[2026-07-05T10:36:05.652+0000] {logging_mixin.py:188} INFO - [2026-07-05T10:36:05.652+0000] {dagbag.py:545} INFO - Filling up the DagBag from /opt/airflow/dags/minio_to_snowflake_dag.py
[2026-07-05T10:36:06.360+0000] {processor.py:840} INFO - DAG(s) 'minio_to_snowflake_ecommerce' retrieved from /opt/airflow/dags/minio_to_snowflake_dag.py
[2026-07-05T10:36:06.390+0000] {logging_mixin.py:188} INFO - [2026-07-05T10:36:06.389+0000] {dag.py:3089} INFO - Sync 1 DAGs
[2026-07-05T10:36:06.416+0000] {logging_mixin.py:188} INFO - [2026-07-05T10:36:06.416+0000] {dag.py:3947} INFO - Setting next_dagrun for minio_to_snowflake_ecommerce to 2026-07-05 10:35:00+00:00, run_after=2026-07-05 10:36:00+00:00
[2026-07-05T10:36:06.440+0000] {processor.py:183} INFO - Processing /opt/airflow/dags/minio_to_snowflake_dag.py took 0.797 seconds
[2026-07-05T10:36:36.796+0000] {processor.py:161} INFO - Started process (PID=54841) to work on /opt/airflow/dags/minio_to_snowflake_dag.py
[2026-07-05T10:36:36.797+0000] {processor.py:830} INFO - Processing file /opt/airflow/dags/minio_to_snowflake_dag.py for tasks to queue
[2026-07-05T10:36:36.800+0000] {logging_mixin.py:188} INFO - [2026-07-05T10:36:36.799+0000] {dagbag.py:545} INFO - Filling up the DagBag from /opt/airflow/dags/minio_to_snowflake_dag.py
[2026-07-05T10:36:37.628+0000] {processor.py:840} INFO - DAG(s) 'minio_to_snowflake_ecommerce' retrieved from /opt/airflow/dags/minio_to_snowflake_dag.py
[2026-07-05T10:36:37.660+0000] {logging_mixin.py:188} INFO - [2026-07-05T10:36:37.659+0000] {dag.py:3089} INFO - Sync 1 DAGs
[2026-07-05T10:36:37.685+0000] {logging_mixin.py:188} INFO - [2026-07-05T10:36:37.685+0000] {dag.py:3947} INFO - Setting next_dagrun for minio_to_snowflake_ecommerce to 2026-07-05 10:35:00+00:00, run_after=2026-07-05 10:36:00+00:00
[2026-07-05T10:36:37.706+0000] {processor.py:183} INFO - Processing /opt/airflow/dags/minio_to_snowflake_dag.py took 0.918 seconds
[2026-07-05T10:37:08.005+0000] {processor.py:161} INFO - Started process (PID=54845) to work on /opt/airflow/dags/minio_to_snowflake_dag.py
[2026-07-05T10:37:08.006+0000] {processor.py:830} INFO - Processing file /opt/airflow/dags/minio_to_snowflake_dag.py for tasks to queue
[2026-07-05T10:37:08.009+0000] {logging_mixin.py:188} INFO - [2026-07-05T10:37:08.008+0000] {dagbag.py:545} INFO - Filling up the DagBag from /opt/airflow/dags/minio_to_snowflake_dag.py
[2026-07-05T10:37:08.742+0000] {processor.py:840} INFO - DAG(s) 'minio_to_snowflake_ecommerce' retrieved from /opt/airflow/dags/minio_to_snowflake_dag.py
[2026-07-05T10:37:08.770+0000] {logging_mixin.py:188} INFO - [2026-07-05T10:37:08.769+0000] {dag.py:3089} INFO - Sync 1 DAGs
[2026-07-05T10:37:08.795+0000] {logging_mixin.py:188} INFO - [2026-07-05T10:37:08.795+0000] {dag.py:3947} INFO - Setting next_dagrun for minio_to_snowflake_ecommerce to 2026-07-05 10:36:00+00:00, run_after=2026-07-05 10:37:00+00:00
[2026-07-05T10:37:08.821+0000] {processor.py:183} INFO - Processing /opt/airflow/dags/minio_to_snowflake_dag.py took 0.823 seconds
[2026-07-05T10:37:39.066+0000] {processor.py:161} INFO - Started process (PID=54849) to work on /opt/airflow/dags/minio_to_snowflake_dag.py
[2026-07-05T10:37:39.068+0000] {processor.py:830} INFO - Processing file /opt/airflow/dags/minio_to_snowflake_dag.py for tasks to queue
[2026-07-05T10:37:39.070+0000] {logging_mixin.py:188} INFO - [2026-07-05T10:37:39.069+0000] {dagbag.py:545} INFO - Filling up the DagBag from /opt/airflow/dags/minio_to_snowflake_dag.py
[2026-07-05T10:37:39.835+0000] {processor.py:840} INFO - DAG(s) 'minio_to_snowflake_ecommerce' retrieved from /opt/airflow/dags/minio_to_snowflake_dag.py
[2026-07-05T10:37:39.874+0000] {logging_mixin.py:188} INFO - [2026-07-05T10:37:39.874+0000] {dag.py:3089} INFO - Sync 1 DAGs
[2026-07-05T10:37:39.906+0000] {logging_mixin.py:188} INFO - [2026-07-05T10:37:39.906+0000] {dag.py:3947} INFO - Setting next_dagrun for minio_to_snowflake_ecommerce to 2026-07-05 10:36:00+00:00, run_after=2026-07-05 10:37:00+00:00
[2026-07-05T10:37:39.929+0000] {processor.py:183} INFO - Processing /opt/airflow/dags/minio_to_snowflake_dag.py took 0.870 seconds
[2026-07-05T10:38:09.993+0000] {processor.py:161} INFO - Started process (PID=54853) to work on /opt/airflow/dags/minio_to_snowflake_dag.py
[2026-07-05T10:38:09.994+0000] {processor.py:830} INFO - Processing file /opt/airflow/dags/minio_to_snowflake_dag.py for tasks to queue
[2026-07-05T10:38:09.997+0000] {logging_mixin.py:188} INFO - [2026-07-05T10:38:09.996+0000] {dagbag.py:545} INFO - Filling up the DagBag from /opt/airflow/dags/minio_to_snowflake_dag.py
[2026-07-05T10:38:10.763+0000] {processor.py:840} INFO - DAG(s) 'minio_to_snowflake_ecommerce' retrieved from /opt/airflow/dags/minio_to_snowflake_dag.py
[2026-07-05T10:38:10.795+0000] {logging_mixin.py:188} INFO - [2026-07-05T10:38:10.794+0000] {dag.py:3089} INFO - Sync 1 DAGs
[2026-07-05T10:38:10.821+0000] {logging_mixin.py:188} INFO - [2026-07-05T10:38:10.821+0000] {dag.py:3947} INFO - Setting next_dagrun for minio_to_snowflake_ecommerce to 2026-07-05 10:37:00+00:00, run_after=2026-07-05 10:38:00+00:00
[2026-07-05T10:38:10.843+0000] {processor.py:183} INFO - Processing /opt/airflow/dags/minio_to_snowflake_dag.py took 0.858 seconds
[2026-07-05T10:38:41.158+0000] {processor.py:161} INFO - Started process (PID=54857) to work on /opt/airflow/dags/minio_to_snowflake_dag.py
[2026-07-05T10:38:41.159+0000] {processor.py:830} INFO - Processing file /opt/airflow/dags/minio_to_snowflake_dag.py for tasks to queue
[2026-07-05T10:38:41.161+0000] {logging_mixin.py:188} INFO - [2026-07-05T10:38:41.161+0000] {dagbag.py:545} INFO - Filling up the DagBag from /opt/airflow/dags/minio_to_snowflake_dag.py
[2026-07-05T10:38:41.934+0000] {processor.py:840} INFO - DAG(s) 'minio_to_snowflake_ecommerce' retrieved from /opt/airflow/dags/minio_to_snowflake_dag.py
[2026-07-05T10:38:41.964+0000] {logging_mixin.py:188} INFO - [2026-07-05T10:38:41.963+0000] {dag.py:3089} INFO - Sync 1 DAGs
[2026-07-05T10:38:41.990+0000] {logging_mixin.py:188} INFO - [2026-07-05T10:38:41.989+0000] {dag.py:3947} INFO - Setting next_dagrun for minio_to_snowflake_ecommerce to 2026-07-05 10:37:00+00:00, run_after=2026-07-05 10:38:00+00:00
[2026-07-05T10:38:42.013+0000] {processor.py:183} INFO - Processing /opt/airflow/dags/minio_to_snowflake_dag.py took 0.864 seconds
[2026-07-05T10:39:12.329+0000] {processor.py:161} INFO - Started process (PID=54861) to work on /opt/airflow/dags/minio_to_snowflake_dag.py
[2026-07-05T10:39:12.330+0000] {processor.py:830} INFO - Processing file /opt/airflow/dags/minio_to_snowflake_dag.py for tasks to queue
[2026-07-05T10:39:12.333+0000] {logging_mixin.py:188} INFO - [2026-07-05T10:39:12.332+0000] {dagbag.py:545} INFO - Filling up the DagBag from /opt/airflow/dags/minio_to_snowflake_dag.py
[2026-07-05T10:39:13.093+0000] {processor.py:840} INFO - DAG(s) 'minio_to_snowflake_ecommerce' retrieved from /opt/airflow/dags/minio_to_snowflake_dag.py
[2026-07-05T10:39:13.132+0000] {logging_mixin.py:188} INFO - [2026-07-05T10:39:13.132+0000] {dag.py:3089} INFO - Sync 1 DAGs
[2026-07-05T10:39:13.170+0000] {logging_mixin.py:188} INFO - [2026-07-05T10:39:13.170+0000] {dag.py:3947} INFO - Setting next_dagrun for minio_to_snowflake_ecommerce to 2026-07-05 10:38:00+00:00, run_after=2026-07-05 10:39:00+00:00
[2026-07-05T10:39:13.207+0000] {processor.py:183} INFO - Processing /opt/airflow/dags/minio_to_snowflake_dag.py took 0.886 seconds
[2026-07-05T10:39:43.607+0000] {processor.py:161} INFO - Started process (PID=54865) to work on /opt/airflow/dags/minio_to_snowflake_dag.py
[2026-07-05T10:39:43.609+0000] {processor.py:830} INFO - Processing file /opt/airflow/dags/minio_to_snowflake_dag.py for tasks to queue
[2026-07-05T10:39:43.611+0000] {logging_mixin.py:188} INFO - [2026-07-05T10:39:43.611+0000] {dagbag.py:545} INFO - Filling up the DagBag from /opt/airflow/dags/minio_to_snowflake_dag.py
[2026-07-05T10:39:44.315+0000] {processor.py:840} INFO - DAG(s) 'minio_to_snowflake_ecommerce' retrieved from /opt/airflow/dags/minio_to_snowflake_dag.py
[2026-07-05T10:39:44.344+0000] {logging_mixin.py:188} INFO - [2026-07-05T10:39:44.343+0000] {dag.py:3089} INFO - Sync 1 DAGs
[2026-07-05T10:39:44.370+0000] {logging_mixin.py:188} INFO - [2026-07-05T10:39:44.369+0000] {dag.py:3947} INFO - Setting next_dagrun for minio_to_snowflake_ecommerce to 2026-07-05 10:38:00+00:00, run_after=2026-07-05 10:39:00+00:00
[2026-07-05T10:39:44.392+0000] {processor.py:183} INFO - Processing /opt/airflow/dags/minio_to_snowflake_dag.py took 0.793 seconds
[2026-07-05T10:40:14.770+0000] {processor.py:161} INFO - Started process (PID=54869) to work on /opt/airflow/dags/minio_to_snowflake_dag.py
[2026-07-05T10:40:14.772+0000] {processor.py:830} INFO - Processing file /opt/airflow/dags/minio_to_snowflake_dag.py for tasks to queue
[2026-07-05T10:40:14.774+0000] {logging_mixin.py:188} INFO - [2026-07-05T10:40:14.774+0000] {dagbag.py:545} INFO - Filling up the DagBag from /opt/airflow/dags/minio_to_snowflake_dag.py
[2026-07-05T10:40:15.460+0000] {processor.py:840} INFO - DAG(s) 'minio_to_snowflake_ecommerce' retrieved from /opt/airflow/dags/minio_to_snowflake_dag.py
[2026-07-05T10:40:15.488+0000] {logging_mixin.py:188} INFO - [2026-07-05T10:40:15.488+0000] {dag.py:3089} INFO - Sync 1 DAGs
[2026-07-05T10:40:15.512+0000] {logging_mixin.py:188} INFO - [2026-07-05T10:40:15.512+0000] {dag.py:3947} INFO - Setting next_dagrun for minio_to_snowflake_ecommerce to 2026-07-05 10:39:00+00:00, run_after=2026-07-05 10:40:00+00:00
[2026-07-05T10:40:15.537+0000] {processor.py:183} INFO - Processing /opt/airflow/dags/minio_to_snowflake_dag.py took 0.776 seconds
[2026-07-05T10:40:45.643+0000] {processor.py:161} INFO - Started process (PID=54873) to work on /opt/airflow/dags/minio_to_snowflake_dag.py
[2026-07-05T10:40:45.645+0000] {processor.py:830} INFO - Processing file /opt/airflow/dags/minio_to_snowflake_dag.py for tasks to queue
[2026-07-05T10:40:45.647+0000] {logging_mixin.py:188} INFO - [2026-07-05T10:40:45.647+0000] {dagbag.py:545} INFO - Filling up the DagBag from /opt/airflow/dags/minio_to_snowflake_dag.py
[2026-07-05T10:40:46.589+0000] {processor.py:840} INFO - DAG(s) 'minio_to_snowflake_ecommerce' retrieved from /opt/airflow/dags/minio_to_snowflake_dag.py
[2026-07-05T10:40:46.616+0000] {logging_mixin.py:188} INFO - [2026-07-05T10:40:46.616+0000] {dag.py:3089} INFO - Sync 1 DAGs
[2026-07-05T10:40:46.641+0000] {logging_mixin.py:188} INFO - [2026-07-05T10:40:46.641+0000] {dag.py:3947} INFO - Setting next_dagrun for minio_to_snowflake_ecommerce to 2026-07-05 10:39:00+00:00, run_after=2026-07-05 10:40:00+00:00
[2026-07-05T10:40:46.665+0000] {processor.py:183} INFO - Processing /opt/airflow/dags/minio_to_snowflake_dag.py took 1.029 seconds
[2026-07-05T10:41:17.032+0000] {processor.py:161} INFO - Started process (PID=54877) to work on /opt/airflow/dags/minio_to_snowflake_dag.py
[2026-07-05T10:41:17.035+0000] {processor.py:830} INFO - Processing file /opt/airflow/dags/minio_to_snowflake_dag.py for tasks to queue
[2026-07-05T10:41:17.037+0000] {logging_mixin.py:188} INFO - [2026-07-05T10:41:17.037+0000] {dagbag.py:545} INFO - Filling up the DagBag from /opt/airflow/dags/minio_to_snowflake_dag.py
[2026-07-05T10:41:17.789+0000] {processor.py:840} INFO - DAG(s) 'minio_to_snowflake_ecommerce' retrieved from /opt/airflow/dags/minio_to_snowflake_dag.py
[2026-07-05T10:41:17.820+0000] {logging_mixin.py:188} INFO - [2026-07-05T10:41:17.819+0000] {dag.py:3089} INFO - Sync 1 DAGs
[2026-07-05T10:41:17.843+0000] {logging_mixin.py:188} INFO - [2026-07-05T10:41:17.842+0000] {dag.py:3947} INFO - Setting next_dagrun for minio_to_snowflake_ecommerce to 2026-07-05 10:40:00+00:00, run_after=2026-07-05 10:41:00+00:00
[2026-07-05T10:41:17.864+0000] {processor.py:183} INFO - Processing /opt/airflow/dags/minio_to_snowflake_dag.py took 0.841 seconds
[2026-07-05T10:41:48.255+0000] {processor.py:161} INFO - Started process (PID=54881) to work on /opt/airflow/dags/minio_to_snowflake_dag.py
[2026-07-05T10:41:48.257+0000] {processor.py:830} INFO - Processing file /opt/airflow/dags/minio_to_snowflake_dag.py for tasks to queue
[2026-07-05T10:41:48.260+0000] {logging_mixin.py:188} INFO - [2026-07-05T10:41:48.259+0000] {dagbag.py:545} INFO - Filling up the DagBag from /opt/airflow/dags/minio_to_snowflake_dag.py
[2026-07-05T10:41:49.040+0000] {processor.py:840} INFO - DAG(s) 'minio_to_snowflake_ecommerce' retrieved from /opt/airflow/dags/minio_to_snowflake_dag.py
[2026-07-05T10:41:49.069+0000] {logging_mixin.py:188} INFO - [2026-07-05T10:41:49.069+0000] {dag.py:3089} INFO - Sync 1 DAGs
[2026-07-05T10:41:49.096+0000] {logging_mixin.py:188} INFO - [2026-07-05T10:41:49.095+0000] {dag.py:3947} INFO - Setting next_dagrun for minio_to_snowflake_ecommerce to 2026-07-05 10:40:00+00:00, run_after=2026-07-05 10:41:00+00:00
[2026-07-05T10:41:49.119+0000] {processor.py:183} INFO - Processing /opt/airflow/dags/minio_to_snowflake_dag.py took 0.875 seconds
[2026-07-05T10:42:19.489+0000] {processor.py:161} INFO - Started process (PID=54885) to work on /opt/airflow/dags/minio_to_snowflake_dag.py
[2026-07-05T10:42:19.491+0000] {processor.py:830} INFO - Processing file /opt/airflow/dags/minio_to_snowflake_dag.py for tasks to queue
[2026-07-05T10:42:19.497+0000] {logging_mixin.py:188} INFO - [2026-07-05T10:42:19.495+0000] {dagbag.py:545} INFO - Filling up the DagBag from /opt/airflow/dags/minio_to_snowflake_dag.py
[2026-07-05T10:42:20.301+0000] {processor.py:840} INFO - DAG(s) 'minio_to_snowflake_ecommerce' retrieved from /opt/airflow/dags/minio_to_snowflake_dag.py
[2026-07-05T10:42:20.334+0000] {logging_mixin.py:188} INFO - [2026-07-05T10:42:20.333+0000] {dag.py:3089} INFO - Sync 1 DAGs
[2026-07-05T10:42:20.361+0000] {logging_mixin.py:188} INFO - [2026-07-05T10:42:20.361+0000] {dag.py:3947} INFO - Setting next_dagrun for minio_to_snowflake_ecommerce to 2026-07-05 10:41:00+00:00, run_after=2026-07-05 10:42:00+00:00
[2026-07-05T10:42:20.386+0000] {processor.py:183} INFO - Processing /opt/airflow/dags/minio_to_snowflake_dag.py took 0.911 seconds
[2026-07-05T10:42:50.804+0000] {processor.py:161} INFO - Started process (PID=54889) to work on /opt/airflow/dags/minio_to_snowflake_dag.py
[2026-07-05T10:42:50.806+0000] {processor.py:830} INFO - Processing file /opt/airflow/dags/minio_to_snowflake_dag.py for tasks to queue
[2026-07-05T10:42:50.809+0000] {logging_mixin.py:188} INFO - [2026-07-05T10:42:50.808+0000] {dagbag.py:545} INFO - Filling up the DagBag from /opt/airflow/dags/minio_to_snowflake_dag.py
[2026-07-05T10:42:51.549+0000] {processor.py:840} INFO - DAG(s) 'minio_to_snowflake_ecommerce' retrieved from /opt/airflow/dags/minio_to_snowflake_dag.py
[2026-07-05T10:42:51.589+0000] {logging_mixin.py:188} INFO - [2026-07-05T10:42:51.588+0000] {dag.py:3089} INFO - Sync 1 DAGs
[2026-07-05T10:42:51.624+0000] {logging_mixin.py:188} INFO - [2026-07-05T10:42:51.624+0000] {dag.py:3947} INFO - Setting next_dagrun for minio_to_snowflake_ecommerce to 2026-07-05 10:41:00+00:00, run_after=2026-07-05 10:42:00+00:00
[2026-07-05T10:42:51.649+0000] {processor.py:183} INFO - Processing /opt/airflow/dags/minio_to_snowflake_dag.py took 0.855 seconds
[2026-07-05T10:43:22.043+0000] {processor.py:161} INFO - Started process (PID=54893) to work on /opt/airflow/dags/minio_to_snowflake_dag.py
[2026-07-05T10:43:22.045+0000] {processor.py:830} INFO - Processing file /opt/airflow/dags/minio_to_snowflake_dag.py for tasks to queue
[2026-07-05T10:43:22.048+0000] {logging_mixin.py:188} INFO - [2026-07-05T10:43:22.047+0000] {dagbag.py:545} INFO - Filling up the DagBag from /opt/airflow/dags/minio_to_snowflake_dag.py
[2026-07-05T10:43:22.828+0000] {processor.py:840} INFO - DAG(s) 'minio_to_snowflake_ecommerce' retrieved from /opt/airflow/dags/minio_to_snowflake_dag.py
[2026-07-05T10:43:22.859+0000] {logging_mixin.py:188} INFO - [2026-07-05T10:43:22.858+0000] {dag.py:3089} INFO - Sync 1 DAGs
[2026-07-05T10:43:22.885+0000] {logging_mixin.py:188} INFO - [2026-07-05T10:43:22.885+0000] {dag.py:3947} INFO - Setting next_dagrun for minio_to_snowflake_ecommerce to 2026-07-05 10:42:00+00:00, run_after=2026-07-05 10:43:00+00:00
[2026-07-05T10:43:22.911+0000] {processor.py:183} INFO - Processing /opt/airflow/dags/minio_to_snowflake_dag.py took 0.876 seconds
[2026-07-05T10:43:53.220+0000] {processor.py:161} INFO - Started process (PID=54897) to work on /opt/airflow/dags/minio_to_snowflake_dag.py
[2026-07-05T10:43:53.221+0000] {processor.py:830} INFO - Processing file /opt/airflow/dags/minio_to_snowflake_dag.py for tasks to queue
[2026-07-05T10:43:53.223+0000] {logging_mixin.py:188} INFO - [2026-07-05T10:43:53.223+0000] {dagbag.py:545} INFO - Filling up the DagBag from /opt/airflow/dags/minio_to_snowflake_dag.py
[2026-07-05T10:43:53.960+0000] {processor.py:840} INFO - DAG(s) 'minio_to_snowflake_ecommerce' retrieved from /opt/airflow/dags/minio_to_snowflake_dag.py
[2026-07-05T10:43:53.993+0000] {logging_mixin.py:188} INFO - [2026-07-05T10:43:53.993+0000] {dag.py:3089} INFO - Sync 1 DAGs
[2026-07-05T10:43:54.021+0000] {logging_mixin.py:188} INFO - [2026-07-05T10:43:54.020+0000] {dag.py:3947} INFO - Setting next_dagrun for minio_to_snowflake_ecommerce to 2026-07-05 10:42:00+00:00, run_after=2026-07-05 10:43:00+00:00
[2026-07-05T10:43:54.042+0000] {processor.py:183} INFO - Processing /opt/airflow/dags/minio_to_snowflake_dag.py took 0.829 seconds
[2026-07-05T10:44:24.484+0000] {processor.py:161} INFO - Started process (PID=54901) to work on /opt/airflow/dags/minio_to_snowflake_dag.py
[2026-07-05T10:44:24.486+0000] {processor.py:830} INFO - Processing file /opt/airflow/dags/minio_to_snowflake_dag.py for tasks to queue
[2026-07-05T10:44:24.488+0000] {logging_mixin.py:188} INFO - [2026-07-05T10:44:24.488+0000] {dagbag.py:545} INFO - Filling up the DagBag from /opt/airflow/dags/minio_to_snowflake_dag.py
[2026-07-05T10:44:25.249+0000] {processor.py:840} INFO - DAG(s) 'minio_to_snowflake_ecommerce' retrieved from /opt/airflow/dags/minio_to_snowflake_dag.py
[2026-07-05T10:44:25.278+0000] {logging_mixin.py:188} INFO - [2026-07-05T10:44:25.277+0000] {dag.py:3089} INFO - Sync 1 DAGs
[2026-07-05T10:44:25.302+0000] {logging_mixin.py:188} INFO - [2026-07-05T10:44:25.302+0000] {dag.py:3947} INFO - Setting next_dagrun for minio_to_snowflake_ecommerce to 2026-07-05 10:43:00+00:00, run_after=2026-07-05 10:44:00+00:00
[2026-07-05T10:44:25.326+0000] {processor.py:183} INFO - Processing /opt/airflow/dags/minio_to_snowflake_dag.py took 0.850 seconds
[2026-07-05T10:44:55.592+0000] {processor.py:161} INFO - Started process (PID=54905) to work on /opt/airflow/dags/minio_to_snowflake_dag.py
[2026-07-05T10:44:55.593+0000] {processor.py:830} INFO - Processing file /opt/airflow/dags/minio_to_snowflake_dag.py for tasks to queue
[2026-07-05T10:44:55.595+0000] {logging_mixin.py:188} INFO - [2026-07-05T10:44:55.595+0000] {dagbag.py:545} INFO - Filling up the DagBag from /opt/airflow/dags/minio_to_snowflake_dag.py
[2026-07-05T10:44:56.441+0000] {processor.py:840} INFO - DAG(s) 'minio_to_snowflake_ecommerce' retrieved from /opt/airflow/dags/minio_to_snowflake_dag.py
[2026-07-05T10:44:56.473+0000] {logging_mixin.py:188} INFO - [2026-07-05T10:44:56.472+0000] {dag.py:3089} INFO - Sync 1 DAGs
[2026-07-05T10:44:56.502+0000] {logging_mixin.py:188} INFO - [2026-07-05T10:44:56.502+0000] {dag.py:3947} INFO - Setting next_dagrun for minio_to_snowflake_ecommerce to 2026-07-05 10:43:00+00:00, run_after=2026-07-05 10:44:00+00:00
[2026-07-05T10:44:56.526+0000] {processor.py:183} INFO - Processing /opt/airflow/dags/minio_to_snowflake_dag.py took 0.941 seconds
[2026-07-05T10:45:26.904+0000] {processor.py:161} INFO - Started process (PID=54909) to work on /opt/airflow/dags/minio_to_snowflake_dag.py
[2026-07-05T10:45:26.906+0000] {processor.py:830} INFO - Processing file /opt/airflow/dags/minio_to_snowflake_dag.py for tasks to queue
[2026-07-05T10:45:26.908+0000] {logging_mixin.py:188} INFO - [2026-07-05T10:45:26.908+0000] {dagbag.py:545} INFO - Filling up the DagBag from /opt/airflow/dags/minio_to_snowflake_dag.py
[2026-07-05T10:45:27.874+0000] {processor.py:840} INFO - DAG(s) 'minio_to_snowflake_ecommerce' retrieved from /opt/airflow/dags/minio_to_snowflake_dag.py
[2026-07-05T10:45:27.907+0000] {logging_mixin.py:188} INFO - [2026-07-05T10:45:27.906+0000] {dag.py:3089} INFO - Sync 1 DAGs
[2026-07-05T10:45:27.937+0000] {logging_mixin.py:188} INFO - [2026-07-05T10:45:27.936+0000] {dag.py:3947} INFO - Setting next_dagrun for minio_to_snowflake_ecommerce to 2026-07-05 10:44:00+00:00, run_after=2026-07-05 10:45:00+00:00
[2026-07-05T10:45:27.960+0000] {processor.py:183} INFO - Processing /opt/airflow/dags/minio_to_snowflake_dag.py took 1.066 seconds
[2026-07-05T10:45:58.260+0000] {processor.py:161} INFO - Started process (PID=54913) to work on /opt/airflow/dags/minio_to_snowflake_dag.py
[2026-07-05T10:45:58.261+0000] {processor.py:830} INFO - Processing file /opt/airflow/dags/minio_to_snowflake_dag.py for tasks to queue
[2026-07-05T10:45:58.264+0000] {logging_mixin.py:188} INFO - [2026-07-05T10:45:58.263+0000] {dagbag.py:545} INFO - Filling up the DagBag from /opt/airflow/dags/minio_to_snowflake_dag.py
[2026-07-05T10:45:59.023+0000] {processor.py:840} INFO - DAG(s) 'minio_to_snowflake_ecommerce' retrieved from /opt/airflow/dags/minio_to_snowflake_dag.py
[2026-07-05T10:45:59.059+0000] {logging_mixin.py:188} INFO - [2026-07-05T10:45:59.059+0000] {dag.py:3089} INFO - Sync 1 DAGs
[2026-07-05T10:45:59.089+0000] {logging_mixin.py:188} INFO - [2026-07-05T10:45:59.089+0000] {dag.py:3947} INFO - Setting next_dagrun for minio_to_snowflake_ecommerce to 2026-07-05 10:44:00+00:00, run_after=2026-07-05 10:45:00+00:00
[2026-07-05T10:45:59.113+0000] {processor.py:183} INFO - Processing /opt/airflow/dags/minio_to_snowflake_dag.py took 0.860 seconds
[2026-07-05T10:46:29.450+0000] {processor.py:161} INFO - Started process (PID=54917) to work on /opt/airflow/dags/minio_to_snowflake_dag.py
[2026-07-05T10:46:29.453+0000] {processor.py:830} INFO - Processing file /opt/airflow/dags/minio_to_snowflake_dag.py for tasks to queue
[2026-07-05T10:46:29.456+0000] {logging_mixin.py:188} INFO - [2026-07-05T10:46:29.455+0000] {dagbag.py:545} INFO - Filling up the DagBag from /opt/airflow/dags/minio_to_snowflake_dag.py
[2026-07-05T10:46:30.772+0000] {processor.py:840} INFO - DAG(s) 'minio_to_snowflake_ecommerce' retrieved from /opt/airflow/dags/minio_to_snowflake_dag.py
[2026-07-05T10:46:30.816+0000] {logging_mixin.py:188} INFO - [2026-07-05T10:46:30.814+0000] {dag.py:3089} INFO - Sync 1 DAGs
[2026-07-05T10:46:30.842+0000] {logging_mixin.py:188} INFO - [2026-07-05T10:46:30.842+0000] {dag.py:3947} INFO - Setting next_dagrun for minio_to_snowflake_ecommerce to 2026-07-05 10:45:00+00:00, run_after=2026-07-05 10:46:00+00:00
[2026-07-05T10:46:30.873+0000] {processor.py:183} INFO - Processing /opt/airflow/dags/minio_to_snowflake_dag.py took 1.435 seconds
[2026-07-05T10:47:01.219+0000] {processor.py:161} INFO - Started process (PID=54921) to work on /opt/airflow/dags/minio_to_snowflake_dag.py
[2026-07-05T10:47:01.220+0000] {processor.py:830} INFO - Processing file /opt/airflow/dags/minio_to_snowflake_dag.py for tasks to queue
[2026-07-05T10:47:01.222+0000] {logging_mixin.py:188} INFO - [2026-07-05T10:47:01.222+0000] {dagbag.py:545} INFO - Filling up the DagBag from /opt/airflow/dags/minio_to_snowflake_dag.py
[2026-07-05T10:47:02.055+0000] {processor.py:840} INFO - DAG(s) 'minio_to_snowflake_ecommerce' retrieved from /opt/airflow/dags/minio_to_snowflake_dag.py
[2026-07-05T10:47:02.090+0000] {logging_mixin.py:188} INFO - [2026-07-05T10:47:02.089+0000] {dag.py:3089} INFO - Sync 1 DAGs
[2026-07-05T10:47:02.121+0000] {logging_mixin.py:188} INFO - [2026-07-05T10:47:02.120+0000] {dag.py:3947} INFO - Setting next_dagrun for minio_to_snowflake_ecommerce to 2026-07-05 10:46:00+00:00, run_after=2026-07-05 10:47:00+00:00
[2026-07-05T10:47:02.147+0000] {processor.py:183} INFO - Processing /opt/airflow/dags/minio_to_snowflake_dag.py took 0.936 seconds
[2026-07-05T10:47:32.227+0000] {processor.py:161} INFO - Started process (PID=54925) to work on /opt/airflow/dags/minio_to_snowflake_dag.py
[2026-07-05T10:47:32.228+0000] {processor.py:830} INFO - Processing file /opt/airflow/dags/minio_to_snowflake_dag.py for tasks to queue
[2026-07-05T10:47:32.230+0000] {logging_mixin.py:188} INFO - [2026-07-05T10:47:32.230+0000] {dagbag.py:545} INFO - Filling up the DagBag from /opt/airflow/dags/minio_to_snowflake_dag.py
[2026-07-05T10:47:32.977+0000] {processor.py:840} INFO - DAG(s) 'minio_to_snowflake_ecommerce' retrieved from /opt/airflow/dags/minio_to_snowflake_dag.py
[2026-07-05T10:47:33.004+0000] {logging_mixin.py:188} INFO - [2026-07-05T10:47:33.004+0000] {dag.py:3089} INFO - Sync 1 DAGs
[2026-07-05T10:47:33.031+0000] {logging_mixin.py:188} INFO - [2026-07-05T10:47:33.031+0000] {dag.py:3947} INFO - Setting next_dagrun for minio_to_snowflake_ecommerce to 2026-07-05 10:46:00+00:00, run_after=2026-07-05 10:47:00+00:00
[2026-07-05T10:47:33.054+0000] {processor.py:183} INFO - Processing /opt/airflow/dags/minio_to_snowflake_dag.py took 0.835 seconds
[2026-07-05T10:48:03.548+0000] {processor.py:161} INFO - Started process (PID=54929) to work on /opt/airflow/dags/minio_to_snowflake_dag.py
[2026-07-05T10:48:03.549+0000] {processor.py:830} INFO - Processing file /opt/airflow/dags/minio_to_snowflake_dag.py for tasks to queue
[2026-07-05T10:48:03.552+0000] {logging_mixin.py:188} INFO - [2026-07-05T10:48:03.551+0000] {dagbag.py:545} INFO - Filling up the DagBag from /opt/airflow/dags/minio_to_snowflake_dag.py
[2026-07-05T10:48:04.317+0000] {processor.py:840} INFO - DAG(s) 'minio_to_snowflake_ecommerce' retrieved from /opt/airflow/dags/minio_to_snowflake_dag.py
[2026-07-05T10:48:04.342+0000] {logging_mixin.py:188} INFO - [2026-07-05T10:48:04.342+0000] {dag.py:3089} INFO - Sync 1 DAGs
[2026-07-05T10:48:04.373+0000] {logging_mixin.py:188} INFO - [2026-07-05T10:48:04.373+0000] {dag.py:3947} INFO - Setting next_dagrun for minio_to_snowflake_ecommerce to 2026-07-05 10:47:00+00:00, run_after=2026-07-05 10:48:00+00:00
[2026-07-05T10:48:04.399+0000] {processor.py:183} INFO - Processing /opt/airflow/dags/minio_to_snowflake_dag.py took 0.860 seconds
[2026-07-05T10:48:34.817+0000] {processor.py:161} INFO - Started process (PID=54933) to work on /opt/airflow/dags/minio_to_snowflake_dag.py
[2026-07-05T10:48:34.819+0000] {processor.py:830} INFO - Processing file /opt/airflow/dags/minio_to_snowflake_dag.py for tasks to queue
[2026-07-05T10:48:34.821+0000] {logging_mixin.py:188} INFO - [2026-07-05T10:48:34.821+0000] {dagbag.py:545} INFO - Filling up the DagBag from /opt/airflow/dags/minio_to_snowflake_dag.py
[2026-07-05T10:48:35.574+0000] {processor.py:840} INFO - DAG(s) 'minio_to_snowflake_ecommerce' retrieved from /opt/airflow/dags/minio_to_snowflake_dag.py
[2026-07-05T10:48:35.607+0000] {logging_mixin.py:188} INFO - [2026-07-05T10:48:35.607+0000] {dag.py:3089} INFO - Sync 1 DAGs
[2026-07-05T10:48:35.639+0000] {logging_mixin.py:188} INFO - [2026-07-05T10:48:35.639+0000] {dag.py:3947} INFO - Setting next_dagrun for minio_to_snowflake_ecommerce to 2026-07-05 10:47:00+00:00, run_after=2026-07-05 10:48:00+00:00
[2026-07-05T10:48:35.661+0000] {processor.py:183} INFO - Processing /opt/airflow/dags/minio_to_snowflake_dag.py took 0.853 seconds
[2026-07-05T10:49:05.939+0000] {processor.py:161} INFO - Started process (PID=54937) to work on /opt/airflow/dags/minio_to_snowflake_dag.py
[2026-07-05T10:49:05.941+0000] {processor.py:830} INFO - Processing file /opt/airflow/dags/minio_to_snowflake_dag.py for tasks to queue
[2026-07-05T10:49:05.943+0000] {logging_mixin.py:188} INFO - [2026-07-05T10:49:05.943+0000] {dagbag.py:545} INFO - Filling up the DagBag from /opt/airflow/dags/minio_to_snowflake_dag.py
[2026-07-05T10:49:06.719+0000] {processor.py:840} INFO - DAG(s) 'minio_to_snowflake_ecommerce' retrieved from /opt/airflow/dags/minio_to_snowflake_dag.py
[2026-07-05T10:49:06.751+0000] {logging_mixin.py:188} INFO - [2026-07-05T10:49:06.750+0000] {dag.py:3089} INFO - Sync 1 DAGs
[2026-07-05T10:49:06.776+0000] {logging_mixin.py:188} INFO - [2026-07-05T10:49:06.776+0000] {dag.py:3947} INFO - Setting next_dagrun for minio_to_snowflake_ecommerce to 2026-07-05 10:48:00+00:00, run_after=2026-07-05 10:49:00+00:00
[2026-07-05T10:49:06.797+0000] {processor.py:183} INFO - Processing /opt/airflow/dags/minio_to_snowflake_dag.py took 0.866 seconds
[2026-07-05T10:49:37.225+0000] {processor.py:161} INFO - Started process (PID=54941) to work on /opt/airflow/dags/minio_to_snowflake_dag.py
[2026-07-05T10:49:37.227+0000] {processor.py:830} INFO - Processing file /opt/airflow/dags/minio_to_snowflake_dag.py for tasks to queue
[2026-07-05T10:49:37.230+0000] {logging_mixin.py:188} INFO - [2026-07-05T10:49:37.229+0000] {dagbag.py:545} INFO - Filling up the DagBag from /opt/airflow/dags/minio_to_snowflake_dag.py
[2026-07-05T10:49:37.947+0000] {processor.py:840} INFO - DAG(s) 'minio_to_snowflake_ecommerce' retrieved from /opt/airflow/dags/minio_to_snowflake_dag.py
[2026-07-05T10:49:37.975+0000] {logging_mixin.py:188} INFO - [2026-07-05T10:49:37.975+0000] {dag.py:3089} INFO - Sync 1 DAGs
[2026-07-05T10:49:38.002+0000] {logging_mixin.py:188} INFO - [2026-07-05T10:49:38.002+0000] {dag.py:3947} INFO - Setting next_dagrun for minio_to_snowflake_ecommerce to 2026-07-05 10:48:00+00:00, run_after=2026-07-05 10:49:00+00:00
[2026-07-05T10:49:38.027+0000] {processor.py:183} INFO - Processing /opt/airflow/dags/minio_to_snowflake_dag.py took 0.810 seconds
[2026-07-05T10:50:08.109+0000] {processor.py:161} INFO - Started process (PID=54945) to work on /opt/airflow/dags/minio_to_snowflake_dag.py
[2026-07-05T10:50:08.110+0000] {processor.py:830} INFO - Processing file /opt/airflow/dags/minio_to_snowflake_dag.py for tasks to queue
[2026-07-05T10:50:08.113+0000] {logging_mixin.py:188} INFO - [2026-07-05T10:50:08.113+0000] {dagbag.py:545} INFO - Filling up the DagBag from /opt/airflow/dags/minio_to_snowflake_dag.py
[2026-07-05T10:50:08.974+0000] {processor.py:840} INFO - DAG(s) 'minio_to_snowflake_ecommerce' retrieved from /opt/airflow/dags/minio_to_snowflake_dag.py
[2026-07-05T10:50:09.005+0000] {logging_mixin.py:188} INFO - [2026-07-05T10:50:09.004+0000] {dag.py:3089} INFO - Sync 1 DAGs
[2026-07-05T10:50:09.033+0000] {logging_mixin.py:188} INFO - [2026-07-05T10:50:09.033+0000] {dag.py:3947} INFO - Setting next_dagrun for minio_to_snowflake_ecommerce to 2026-07-05 10:49:00+00:00, run_after=2026-07-05 10:50:00+00:00
[2026-07-05T10:50:09.056+0000] {processor.py:183} INFO - Processing /opt/airflow/dags/minio_to_snowflake_dag.py took 0.956 seconds
[2026-07-05T10:50:39.484+0000] {processor.py:161} INFO - Started process (PID=54949) to work on /opt/airflow/dags/minio_to_snowflake_dag.py
[2026-07-05T10:50:39.485+0000] {processor.py:830} INFO - Processing file /opt/airflow/dags/minio_to_snowflake_dag.py for tasks to queue
[2026-07-05T10:50:39.487+0000] {logging_mixin.py:188} INFO - [2026-07-05T10:50:39.487+0000] {dagbag.py:545} INFO - Filling up the DagBag from /opt/airflow/dags/minio_to_snowflake_dag.py
[2026-07-05T10:50:40.322+0000] {processor.py:840} INFO - DAG(s) 'minio_to_snowflake_ecommerce' retrieved from /opt/airflow/dags/minio_to_snowflake_dag.py
[2026-07-05T10:50:40.349+0000] {logging_mixin.py:188} INFO - [2026-07-05T10:50:40.349+0000] {dag.py:3089} INFO - Sync 1 DAGs
[2026-07-05T10:50:40.374+0000] {logging_mixin.py:188} INFO - [2026-07-05T10:50:40.373+0000] {dag.py:3947} INFO - Setting next_dagrun for minio_to_snowflake_ecommerce to 2026-07-05 10:49:00+00:00, run_after=2026-07-05 10:50:00+00:00
[2026-07-05T10:50:40.394+0000] {processor.py:183} INFO - Processing /opt/airflow/dags/minio_to_snowflake_dag.py took 0.918 seconds
[2026-07-05T10:51:10.697+0000] {processor.py:161} INFO - Started process (PID=54953) to work on /opt/airflow/dags/minio_to_snowflake_dag.py
[2026-07-05T10:51:10.698+0000] {processor.py:830} INFO - Processing file /opt/airflow/dags/minio_to_snowflake_dag.py for tasks to queue
[2026-07-05T10:51:10.701+0000] {logging_mixin.py:188} INFO - [2026-07-05T10:51:10.700+0000] {dagbag.py:545} INFO - Filling up the DagBag from /opt/airflow/dags/minio_to_snowflake_dag.py
[2026-07-05T10:51:11.492+0000] {processor.py:840} INFO - DAG(s) 'minio_to_snowflake_ecommerce' retrieved from /opt/airflow/dags/minio_to_snowflake_dag.py
[2026-07-05T10:51:11.521+0000] {logging_mixin.py:188} INFO - [2026-07-05T10:51:11.521+0000] {dag.py:3089} INFO - Sync 1 DAGs
[2026-07-05T10:51:11.546+0000] {logging_mixin.py:188} INFO - [2026-07-05T10:51:11.545+0000] {dag.py:3947} INFO - Setting next_dagrun for minio_to_snowflake_ecommerce to 2026-07-05 10:50:00+00:00, run_after=2026-07-05 10:51:00+00:00
[2026-07-05T10:51:11.570+0000] {processor.py:183} INFO - Processing /opt/airflow/dags/minio_to_snowflake_dag.py took 0.880 seconds
[2026-07-05T10:51:41.887+0000] {processor.py:161} INFO - Started process (PID=54957) to work on /opt/airflow/dags/minio_to_snowflake_dag.py
[2026-07-05T10:51:41.888+0000] {processor.py:830} INFO - Processing file /opt/airflow/dags/minio_to_snowflake_dag.py for tasks to queue
[2026-07-05T10:51:41.891+0000] {logging_mixin.py:188} INFO - [2026-07-05T10:51:41.890+0000] {dagbag.py:545} INFO - Filling up the DagBag from /opt/airflow/dags/minio_to_snowflake_dag.py
[2026-07-05T10:51:43.441+0000] {processor.py:840} INFO - DAG(s) 'minio_to_snowflake_ecommerce' retrieved from /opt/airflow/dags/minio_to_snowflake_dag.py
[2026-07-05T10:51:43.508+0000] {logging_mixin.py:188} INFO - [2026-07-05T10:51:43.507+0000] {dag.py:3089} INFO - Sync 1 DAGs
[2026-07-05T10:51:43.562+0000] {logging_mixin.py:188} INFO - [2026-07-05T10:51:43.562+0000] {dag.py:3947} INFO - Setting next_dagrun for minio_to_snowflake_ecommerce to 2026-07-05 10:50:00+00:00, run_after=2026-07-05 10:51:00+00:00
[2026-07-05T10:51:43.619+0000] {processor.py:183} INFO - Processing /opt/airflow/dags/minio_to_snowflake_dag.py took 1.740 seconds
[2026-07-05T10:52:13.944+0000] {processor.py:161} INFO - Started process (PID=54961) to work on /opt/airflow/dags/minio_to_snowflake_dag.py
[2026-07-05T10:52:13.945+0000] {processor.py:830} INFO - Processing file /opt/airflow/dags/minio_to_snowflake_dag.py for tasks to queue
[2026-07-05T10:52:13.948+0000] {logging_mixin.py:188} INFO - [2026-07-05T10:52:13.948+0000] {dagbag.py:545} INFO - Filling up the DagBag from /opt/airflow/dags/minio_to_snowflake_dag.py
[2026-07-05T10:52:14.704+0000] {processor.py:840} INFO - DAG(s) 'minio_to_snowflake_ecommerce' retrieved from /opt/airflow/dags/minio_to_snowflake_dag.py
[2026-07-05T10:52:14.748+0000] {logging_mixin.py:188} INFO - [2026-07-05T10:52:14.747+0000] {dag.py:3089} INFO - Sync 1 DAGs
[2026-07-05T10:52:14.785+0000] {logging_mixin.py:188} INFO - [2026-07-05T10:52:14.784+0000] {dag.py:3947} INFO - Setting next_dagrun for minio_to_snowflake_ecommerce to 2026-07-05 10:51:00+00:00, run_after=2026-07-05 10:52:00+00:00
[2026-07-05T10:52:14.812+0000] {processor.py:183} INFO - Processing /opt/airflow/dags/minio_to_snowflake_dag.py took 0.876 seconds
[2026-07-05T10:52:45.242+0000] {processor.py:161} INFO - Started process (PID=54965) to work on /opt/airflow/dags/minio_to_snowflake_dag.py
[2026-07-05T10:52:45.244+0000] {processor.py:830} INFO - Processing file /opt/airflow/dags/minio_to_snowflake_dag.py for tasks to queue
[2026-07-05T10:52:45.246+0000] {logging_mixin.py:188} INFO - [2026-07-05T10:52:45.246+0000] {dagbag.py:545} INFO - Filling up the DagBag from /opt/airflow/dags/minio_to_snowflake_dag.py
[2026-07-05T10:52:46.053+0000] {processor.py:840} INFO - DAG(s) 'minio_to_snowflake_ecommerce' retrieved from /opt/airflow/dags/minio_to_snowflake_dag.py
[2026-07-05T10:52:46.097+0000] {logging_mixin.py:188} INFO - [2026-07-05T10:52:46.096+0000] {dag.py:3089} INFO - Sync 1 DAGs
[2026-07-05T10:52:46.140+0000] {logging_mixin.py:188} INFO - [2026-07-05T10:52:46.139+0000] {dag.py:3947} INFO - Setting next_dagrun for minio_to_snowflake_ecommerce to 2026-07-05 10:51:00+00:00, run_after=2026-07-05 10:52:00+00:00
[2026-07-05T10:52:46.170+0000] {processor.py:183} INFO - Processing /opt/airflow/dags/minio_to_snowflake_dag.py took 0.935 seconds
[2026-07-05T10:53:16.578+0000] {processor.py:161} INFO - Started process (PID=54969) to work on /opt/airflow/dags/minio_to_snowflake_dag.py
[2026-07-05T10:53:16.580+0000] {processor.py:830} INFO - Processing file /opt/airflow/dags/minio_to_snowflake_dag.py for tasks to queue
[2026-07-05T10:53:16.582+0000] {logging_mixin.py:188} INFO - [2026-07-05T10:53:16.582+0000] {dagbag.py:545} INFO - Filling up the DagBag from /opt/airflow/dags/minio_to_snowflake_dag.py
[2026-07-05T10:53:17.343+0000] {processor.py:840} INFO - DAG(s) 'minio_to_snowflake_ecommerce' retrieved from /opt/airflow/dags/minio_to_snowflake_dag.py
[2026-07-05T10:53:17.374+0000] {logging_mixin.py:188} INFO - [2026-07-05T10:53:17.374+0000] {dag.py:3089} INFO - Sync 1 DAGs
[2026-07-05T10:53:17.400+0000] {logging_mixin.py:188} INFO - [2026-07-05T10:53:17.400+0000] {dag.py:3947} INFO - Setting next_dagrun for minio_to_snowflake_ecommerce to 2026-07-05 10:52:00+00:00, run_after=2026-07-05 10:53:00+00:00
[2026-07-05T10:53:17.424+0000] {processor.py:183} INFO - Processing /opt/airflow/dags/minio_to_snowflake_dag.py took 0.855 seconds
[2026-07-05T10:53:47.807+0000] {processor.py:161} INFO - Started process (PID=54973) to work on /opt/airflow/dags/minio_to_snowflake_dag.py
[2026-07-05T10:53:47.809+0000] {processor.py:830} INFO - Processing file /opt/airflow/dags/minio_to_snowflake_dag.py for tasks to queue
[2026-07-05T10:53:47.811+0000] {logging_mixin.py:188} INFO - [2026-07-05T10:53:47.811+0000] {dagbag.py:545} INFO - Filling up the DagBag from /opt/airflow/dags/minio_to_snowflake_dag.py
[2026-07-05T10:53:48.672+0000] {processor.py:840} INFO - DAG(s) 'minio_to_snowflake_ecommerce' retrieved from /opt/airflow/dags/minio_to_snowflake_dag.py
[2026-07-05T10:53:48.703+0000] {logging_mixin.py:188} INFO - [2026-07-05T10:53:48.702+0000] {dag.py:3089} INFO - Sync 1 DAGs
[2026-07-05T10:53:48.732+0000] {logging_mixin.py:188} INFO - [2026-07-05T10:53:48.732+0000] {dag.py:3947} INFO - Setting next_dagrun for minio_to_snowflake_ecommerce to 2026-07-05 10:52:00+00:00, run_after=2026-07-05 10:53:00+00:00
[2026-07-05T10:53:48.764+0000] {processor.py:183} INFO - Processing /opt/airflow/dags/minio_to_snowflake_dag.py took 0.964 seconds
[2026-07-05T10:54:19.167+0000] {processor.py:161} INFO - Started process (PID=54977) to work on /opt/airflow/dags/minio_to_snowflake_dag.py
[2026-07-05T10:54:19.168+0000] {processor.py:830} INFO - Processing file /opt/airflow/dags/minio_to_snowflake_dag.py for tasks to queue
[2026-07-05T10:54:19.171+0000] {logging_mixin.py:188} INFO - [2026-07-05T10:54:19.170+0000] {dagbag.py:545} INFO - Filling up the DagBag from /opt/airflow/dags/minio_to_snowflake_dag.py
[2026-07-05T10:54:19.918+0000] {processor.py:840} INFO - DAG(s) 'minio_to_snowflake_ecommerce' retrieved from /opt/airflow/dags/minio_to_snowflake_dag.py
[2026-07-05T10:54:19.952+0000] {logging_mixin.py:188} INFO - [2026-07-05T10:54:19.951+0000] {dag.py:3089} INFO - Sync 1 DAGs
[2026-07-05T10:54:19.979+0000] {logging_mixin.py:188} INFO - [2026-07-05T10:54:19.979+0000] {dag.py:3947} INFO - Setting next_dagrun for minio_to_snowflake_ecommerce to 2026-07-05 10:53:00+00:00, run_after=2026-07-05 10:54:00+00:00
[2026-07-05T10:54:20.003+0000] {processor.py:183} INFO - Processing /opt/airflow/dags/minio_to_snowflake_dag.py took 0.845 seconds
[2026-07-05T10:54:50.362+0000] {processor.py:161} INFO - Started process (PID=54981) to work on /opt/airflow/dags/minio_to_snowflake_dag.py
[2026-07-05T10:54:50.363+0000] {processor.py:830} INFO - Processing file /opt/airflow/dags/minio_to_snowflake_dag.py for tasks to queue
[2026-07-05T10:54:50.365+0000] {logging_mixin.py:188} INFO - [2026-07-05T10:54:50.364+0000] {dagbag.py:545} INFO - Filling up the DagBag from /opt/airflow/dags/minio_to_snowflake_dag.py
[2026-07-05T10:54:51.086+0000] {processor.py:840} INFO - DAG(s) 'minio_to_snowflake_ecommerce' retrieved from /opt/airflow/dags/minio_to_snowflake_dag.py
[2026-07-05T10:54:51.119+0000] {logging_mixin.py:188} INFO - [2026-07-05T10:54:51.118+0000] {dag.py:3089} INFO - Sync 1 DAGs
[2026-07-05T10:54:51.147+0000] {logging_mixin.py:188} INFO - [2026-07-05T10:54:51.146+0000] {dag.py:3947} INFO - Setting next_dagrun for minio_to_snowflake_ecommerce to 2026-07-05 10:53:00+00:00, run_after=2026-07-05 10:54:00+00:00
[2026-07-05T10:54:51.168+0000] {processor.py:183} INFO - Processing /opt/airflow/dags/minio_to_snowflake_dag.py took 0.814 seconds
[2026-07-05T10:55:21.554+0000] {processor.py:161} INFO - Started process (PID=54985) to work on /opt/airflow/dags/minio_to_snowflake_dag.py
[2026-07-05T10:55:21.555+0000] {processor.py:830} INFO - Processing file /opt/airflow/dags/minio_to_snowflake_dag.py for tasks to queue
[2026-07-05T10:55:21.558+0000] {logging_mixin.py:188} INFO - [2026-07-05T10:55:21.557+0000] {dagbag.py:545} INFO - Filling up the DagBag from /opt/airflow/dags/minio_to_snowflake_dag.py
[2026-07-05T10:55:22.316+0000] {processor.py:840} INFO - DAG(s) 'minio_to_snowflake_ecommerce' retrieved from /opt/airflow/dags/minio_to_snowflake_dag.py
[2026-07-05T10:55:22.343+0000] {logging_mixin.py:188} INFO - [2026-07-05T10:55:22.343+0000] {dag.py:3089} INFO - Sync 1 DAGs
[2026-07-05T10:55:22.370+0000] {logging_mixin.py:188} INFO - [2026-07-05T10:55:22.370+0000] {dag.py:3947} INFO - Setting next_dagrun for minio_to_snowflake_ecommerce to 2026-07-05 10:54:00+00:00, run_after=2026-07-05 10:55:00+00:00
[2026-07-05T10:55:22.396+0000] {processor.py:183} INFO - Processing /opt/airflow/dags/minio_to_snowflake_dag.py took 0.854 seconds
[2026-07-05T10:55:52.696+0000] {processor.py:161} INFO - Started process (PID=54989) to work on /opt/airflow/dags/minio_to_snowflake_dag.py
[2026-07-05T10:55:52.698+0000] {processor.py:830} INFO - Processing file /opt/airflow/dags/minio_to_snowflake_dag.py for tasks to queue
[2026-07-05T10:55:52.700+0000] {logging_mixin.py:188} INFO - [2026-07-05T10:55:52.700+0000] {dagbag.py:545} INFO - Filling up the DagBag from /opt/airflow/dags/minio_to_snowflake_dag.py
[2026-07-05T10:55:53.508+0000] {processor.py:840} INFO - DAG(s) 'minio_to_snowflake_ecommerce' retrieved from /opt/airflow/dags/minio_to_snowflake_dag.py
[2026-07-05T10:55:53.537+0000] {logging_mixin.py:188} INFO - [2026-07-05T10:55:53.537+0000] {dag.py:3089} INFO - Sync 1 DAGs
[2026-07-05T10:55:53.564+0000] {logging_mixin.py:188} INFO - [2026-07-05T10:55:53.564+0000] {dag.py:3947} INFO - Setting next_dagrun for minio_to_snowflake_ecommerce to 2026-07-05 10:54:00+00:00, run_after=2026-07-05 10:55:00+00:00
[2026-07-05T10:55:53.588+0000] {processor.py:183} INFO - Processing /opt/airflow/dags/minio_to_snowflake_dag.py took 0.899 seconds
[2026-07-05T10:56:23.912+0000] {processor.py:161} INFO - Started process (PID=54993) to work on /opt/airflow/dags/minio_to_snowflake_dag.py
[2026-07-05T10:56:23.914+0000] {processor.py:830} INFO - Processing file /opt/airflow/dags/minio_to_snowflake_dag.py for tasks to queue
[2026-07-05T10:56:23.916+0000] {logging_mixin.py:188} INFO - [2026-07-05T10:56:23.915+0000] {dagbag.py:545} INFO - Filling up the DagBag from /opt/airflow/dags/minio_to_snowflake_dag.py
[2026-07-05T10:56:24.667+0000] {processor.py:840} INFO - DAG(s) 'minio_to_snowflake_ecommerce' retrieved from /opt/airflow/dags/minio_to_snowflake_dag.py
[2026-07-05T10:56:24.697+0000] {logging_mixin.py:188} INFO - [2026-07-05T10:56:24.696+0000] {dag.py:3089} INFO - Sync 1 DAGs
[2026-07-05T10:56:24.731+0000] {logging_mixin.py:188} INFO - [2026-07-05T10:56:24.731+0000] {dag.py:3947} INFO - Setting next_dagrun for minio_to_snowflake_ecommerce to 2026-07-05 10:55:00+00:00, run_after=2026-07-05 10:56:00+00:00
[2026-07-05T10:56:24.755+0000] {processor.py:183} INFO - Processing /opt/airflow/dags/minio_to_snowflake_dag.py took 0.849 seconds
[2026-07-05T10:56:55.127+0000] {processor.py:161} INFO - Started process (PID=54997) to work on /opt/airflow/dags/minio_to_snowflake_dag.py
[2026-07-05T10:56:55.144+0000] {processor.py:830} INFO - Processing file /opt/airflow/dags/minio_to_snowflake_dag.py for tasks to queue
[2026-07-05T10:56:55.176+0000] {logging_mixin.py:188} INFO - [2026-07-05T10:56:55.172+0000] {dagbag.py:545} INFO - Filling up the DagBag from /opt/airflow/dags/minio_to_snowflake_dag.py
[2026-07-05T10:56:56.608+0000] {processor.py:840} INFO - DAG(s) 'minio_to_snowflake_ecommerce' retrieved from /opt/airflow/dags/minio_to_snowflake_dag.py
[2026-07-05T10:56:56.693+0000] {logging_mixin.py:188} INFO - [2026-07-05T10:56:56.692+0000] {dag.py:3089} INFO - Sync 1 DAGs
[2026-07-05T10:56:56.774+0000] {logging_mixin.py:188} INFO - [2026-07-05T10:56:56.773+0000] {dag.py:3947} INFO - Setting next_dagrun for minio_to_snowflake_ecommerce to 2026-07-05 10:55:00+00:00, run_after=2026-07-05 10:56:00+00:00
[2026-07-05T10:56:56.812+0000] {processor.py:183} INFO - Processing /opt/airflow/dags/minio_to_snowflake_dag.py took 1.800 seconds
[2026-07-05T10:57:27.221+0000] {processor.py:161} INFO - Started process (PID=55001) to work on /opt/airflow/dags/minio_to_snowflake_dag.py
[2026-07-05T10:57:27.223+0000] {processor.py:830} INFO - Processing file /opt/airflow/dags/minio_to_snowflake_dag.py for tasks to queue
[2026-07-05T10:57:27.225+0000] {logging_mixin.py:188} INFO - [2026-07-05T10:57:27.225+0000] {dagbag.py:545} INFO - Filling up the DagBag from /opt/airflow/dags/minio_to_snowflake_dag.py
[2026-07-05T10:57:27.999+0000] {processor.py:840} INFO - DAG(s) 'minio_to_snowflake_ecommerce' retrieved from /opt/airflow/dags/minio_to_snowflake_dag.py
[2026-07-05T10:57:28.035+0000] {logging_mixin.py:188} INFO - [2026-07-05T10:57:28.034+0000] {dag.py:3089} INFO - Sync 1 DAGs
[2026-07-05T10:57:28.061+0000] {logging_mixin.py:188} INFO - [2026-07-05T10:57:28.061+0000] {dag.py:3947} INFO - Setting next_dagrun for minio_to_snowflake_ecommerce to 2026-07-05 10:56:00+00:00, run_after=2026-07-05 10:57:00+00:00
[2026-07-05T10:57:28.083+0000] {processor.py:183} INFO - Processing /opt/airflow/dags/minio_to_snowflake_dag.py took 0.872 seconds
[2026-07-05T10:57:58.399+0000] {processor.py:161} INFO - Started process (PID=55005) to work on /opt/airflow/dags/minio_to_snowflake_dag.py
[2026-07-05T10:57:58.400+0000] {processor.py:830} INFO - Processing file /opt/airflow/dags/minio_to_snowflake_dag.py for tasks to queue
[2026-07-05T10:57:58.402+0000] {logging_mixin.py:188} INFO - [2026-07-05T10:57:58.402+0000] {dagbag.py:545} INFO - Filling up the DagBag from /opt/airflow/dags/minio_to_snowflake_dag.py
[2026-07-05T10:57:59.235+0000] {processor.py:840} INFO - DAG(s) 'minio_to_snowflake_ecommerce' retrieved from /opt/airflow/dags/minio_to_snowflake_dag.py
[2026-07-05T10:57:59.265+0000] {logging_mixin.py:188} INFO - [2026-07-05T10:57:59.265+0000] {dag.py:3089} INFO - Sync 1 DAGs
[2026-07-05T10:57:59.293+0000] {logging_mixin.py:188} INFO - [2026-07-05T10:57:59.292+0000] {dag.py:3947} INFO - Setting next_dagrun for minio_to_snowflake_ecommerce to 2026-07-05 10:56:00+00:00, run_after=2026-07-05 10:57:00+00:00
[2026-07-05T10:57:59.318+0000] {processor.py:183} INFO - Processing /opt/airflow/dags/minio_to_snowflake_dag.py took 0.927 seconds
[2026-07-05T10:58:29.656+0000] {processor.py:161} INFO - Started process (PID=55009) to work on /opt/airflow/dags/minio_to_snowflake_dag.py
[2026-07-05T10:58:29.658+0000] {processor.py:830} INFO - Processing file /opt/airflow/dags/minio_to_snowflake_dag.py for tasks to queue
[2026-07-05T10:58:29.660+0000] {logging_mixin.py:188} INFO - [2026-07-05T10:58:29.659+0000] {dagbag.py:545} INFO - Filling up the DagBag from /opt/airflow/dags/minio_to_snowflake_dag.py
[2026-07-05T10:58:30.449+0000] {processor.py:840} INFO - DAG(s) 'minio_to_snowflake_ecommerce' retrieved from /opt/airflow/dags/minio_to_snowflake_dag.py
[2026-07-05T10:58:30.475+0000] {logging_mixin.py:188} INFO - [2026-07-05T10:58:30.475+0000] {dag.py:3089} INFO - Sync 1 DAGs
[2026-07-05T10:58:30.502+0000] {logging_mixin.py:188} INFO - [2026-07-05T10:58:30.502+0000] {dag.py:3947} INFO - Setting next_dagrun for minio_to_snowflake_ecommerce to 2026-07-05 10:57:00+00:00, run_after=2026-07-05 10:58:00+00:00
[2026-07-05T10:58:30.527+0000] {processor.py:183} INFO - Processing /opt/airflow/dags/minio_to_snowflake_dag.py took 0.877 seconds
[2026-07-05T10:59:00.819+0000] {processor.py:161} INFO - Started process (PID=55013) to work on /opt/airflow/dags/minio_to_snowflake_dag.py
[2026-07-05T10:59:00.820+0000] {processor.py:830} INFO - Processing file /opt/airflow/dags/minio_to_snowflake_dag.py for tasks to queue
[2026-07-05T10:59:00.822+0000] {logging_mixin.py:188} INFO - [2026-07-05T10:59:00.822+0000] {dagbag.py:545} INFO - Filling up the DagBag from /opt/airflow/dags/minio_to_snowflake_dag.py
[2026-07-05T10:59:01.602+0000] {processor.py:840} INFO - DAG(s) 'minio_to_snowflake_ecommerce' retrieved from /opt/airflow/dags/minio_to_snowflake_dag.py
[2026-07-05T10:59:01.634+0000] {logging_mixin.py:188} INFO - [2026-07-05T10:59:01.634+0000] {dag.py:3089} INFO - Sync 1 DAGs
[2026-07-05T10:59:01.660+0000] {logging_mixin.py:188} INFO - [2026-07-05T10:59:01.660+0000] {dag.py:3947} INFO - Setting next_dagrun for minio_to_snowflake_ecommerce to 2026-07-05 10:58:00+00:00, run_after=2026-07-05 10:59:00+00:00
[2026-07-05T10:59:01.687+0000] {processor.py:183} INFO - Processing /opt/airflow/dags/minio_to_snowflake_dag.py took 0.875 seconds
[2026-07-05T10:59:32.065+0000] {processor.py:161} INFO - Started process (PID=55017) to work on /opt/airflow/dags/minio_to_snowflake_dag.py
[2026-07-05T10:59:32.066+0000] {processor.py:830} INFO - Processing file /opt/airflow/dags/minio_to_snowflake_dag.py for tasks to queue
[2026-07-05T10:59:32.069+0000] {logging_mixin.py:188} INFO - [2026-07-05T10:59:32.068+0000] {dagbag.py:545} INFO - Filling up the DagBag from /opt/airflow/dags/minio_to_snowflake_dag.py
[2026-07-05T10:59:32.811+0000] {processor.py:840} INFO - DAG(s) 'minio_to_snowflake_ecommerce' retrieved from /opt/airflow/dags/minio_to_snowflake_dag.py
[2026-07-05T10:59:32.839+0000] {logging_mixin.py:188} INFO - [2026-07-05T10:59:32.839+0000] {dag.py:3089} INFO - Sync 1 DAGs
[2026-07-05T10:59:32.865+0000] {logging_mixin.py:188} INFO - [2026-07-05T10:59:32.865+0000] {dag.py:3947} INFO - Setting next_dagrun for minio_to_snowflake_ecommerce to 2026-07-05 10:58:00+00:00, run_after=2026-07-05 10:59:00+00:00
[2026-07-05T10:59:32.887+0000] {processor.py:183} INFO - Processing /opt/airflow/dags/minio_to_snowflake_dag.py took 0.829 seconds
[2026-07-05T11:00:03.207+0000] {processor.py:161} INFO - Started process (PID=55021) to work on /opt/airflow/dags/minio_to_snowflake_dag.py
[2026-07-05T11:00:03.210+0000] {processor.py:830} INFO - Processing file /opt/airflow/dags/minio_to_snowflake_dag.py for tasks to queue
[2026-07-05T11:00:03.212+0000] {logging_mixin.py:188} INFO - [2026-07-05T11:00:03.212+0000] {dagbag.py:545} INFO - Filling up the DagBag from /opt/airflow/dags/minio_to_snowflake_dag.py
[2026-07-05T11:00:03.974+0000] {processor.py:840} INFO - DAG(s) 'minio_to_snowflake_ecommerce' retrieved from /opt/airflow/dags/minio_to_snowflake_dag.py
[2026-07-05T11:00:04.003+0000] {logging_mixin.py:188} INFO - [2026-07-05T11:00:04.002+0000] {dag.py:3089} INFO - Sync 1 DAGs
[2026-07-05T11:00:04.029+0000] {logging_mixin.py:188} INFO - [2026-07-05T11:00:04.028+0000] {dag.py:3947} INFO - Setting next_dagrun for minio_to_snowflake_ecommerce to 2026-07-05 10:59:00+00:00, run_after=2026-07-05 11:00:00+00:00
[2026-07-05T11:00:04.050+0000] {processor.py:183} INFO - Processing /opt/airflow/dags/minio_to_snowflake_dag.py took 0.851 seconds
[2026-07-05T11:00:34.433+0000] {processor.py:161} INFO - Started process (PID=55025) to work on /opt/airflow/dags/minio_to_snowflake_dag.py
[2026-07-05T11:00:34.435+0000] {processor.py:830} INFO - Processing file /opt/airflow/dags/minio_to_snowflake_dag.py for tasks to queue
[2026-07-05T11:00:34.437+0000] {logging_mixin.py:188} INFO - [2026-07-05T11:00:34.437+0000] {dagbag.py:545} INFO - Filling up the DagBag from /opt/airflow/dags/minio_to_snowflake_dag.py
[2026-07-05T11:00:35.271+0000] {processor.py:840} INFO - DAG(s) 'minio_to_snowflake_ecommerce' retrieved from /opt/airflow/dags/minio_to_snowflake_dag.py
[2026-07-05T11:00:35.305+0000] {logging_mixin.py:188} INFO - [2026-07-05T11:00:35.305+0000] {dag.py:3089} INFO - Sync 1 DAGs
[2026-07-05T11:00:35.338+0000] {logging_mixin.py:188} INFO - [2026-07-05T11:00:35.338+0000] {dag.py:3947} INFO - Setting next_dagrun for minio_to_snowflake_ecommerce to 2026-07-05 10:59:00+00:00, run_after=2026-07-05 11:00:00+00:00
[2026-07-05T11:00:35.360+0000] {processor.py:183} INFO - Processing /opt/airflow/dags/minio_to_snowflake_dag.py took 0.935 seconds
[2026-07-05T11:01:05.614+0000] {processor.py:161} INFO - Started process (PID=55029) to work on /opt/airflow/dags/minio_to_snowflake_dag.py
[2026-07-05T11:01:05.615+0000] {processor.py:830} INFO - Processing file /opt/airflow/dags/minio_to_snowflake_dag.py for tasks to queue
[2026-07-05T11:01:05.618+0000] {logging_mixin.py:188} INFO - [2026-07-05T11:01:05.617+0000] {dagbag.py:545} INFO - Filling up the DagBag from /opt/airflow/dags/minio_to_snowflake_dag.py
[2026-07-05T11:01:06.868+0000] {processor.py:840} INFO - DAG(s) 'minio_to_snowflake_ecommerce' retrieved from /opt/airflow/dags/minio_to_snowflake_dag.py
[2026-07-05T11:01:07.508+0000] {logging_mixin.py:188} INFO - [2026-07-05T11:01:07.507+0000] {dag.py:3089} INFO - Sync 1 DAGs
[2026-07-05T11:01:07.703+0000] {logging_mixin.py:188} INFO - [2026-07-05T11:01:07.703+0000] {dag.py:3947} INFO - Setting next_dagrun for minio_to_snowflake_ecommerce to 2026-07-05 11:00:00+00:00, run_after=2026-07-05 11:01:00+00:00
[2026-07-05T11:01:07.883+0000] {processor.py:183} INFO - Processing /opt/airflow/dags/minio_to_snowflake_dag.py took 2.278 seconds
[2026-07-05T11:01:38.320+0000] {processor.py:161} INFO - Started process (PID=55033) to work on /opt/airflow/dags/minio_to_snowflake_dag.py
[2026-07-05T11:01:38.321+0000] {processor.py:830} INFO - Processing file /opt/airflow/dags/minio_to_snowflake_dag.py for tasks to queue
[2026-07-05T11:01:38.324+0000] {logging_mixin.py:188} INFO - [2026-07-05T11:01:38.324+0000] {dagbag.py:545} INFO - Filling up the DagBag from /opt/airflow/dags/minio_to_snowflake_dag.py
[2026-07-05T11:01:39.108+0000] {processor.py:840} INFO - DAG(s) 'minio_to_snowflake_ecommerce' retrieved from /opt/airflow/dags/minio_to_snowflake_dag.py
[2026-07-05T11:01:39.137+0000] {logging_mixin.py:188} INFO - [2026-07-05T11:01:39.137+0000] {dag.py:3089} INFO - Sync 1 DAGs
[2026-07-05T11:01:39.165+0000] {logging_mixin.py:188} INFO - [2026-07-05T11:01:39.165+0000] {dag.py:3947} INFO - Setting next_dagrun for minio_to_snowflake_ecommerce to 2026-07-05 11:00:00+00:00, run_after=2026-07-05 11:01:00+00:00
[2026-07-05T11:01:39.191+0000] {processor.py:183} INFO - Processing /opt/airflow/dags/minio_to_snowflake_dag.py took 0.880 seconds
[2026-07-05T11:02:09.715+0000] {processor.py:161} INFO - Started process (PID=55037) to work on /opt/airflow/dags/minio_to_snowflake_dag.py
[2026-07-05T11:02:09.717+0000] {processor.py:830} INFO - Processing file /opt/airflow/dags/minio_to_snowflake_dag.py for tasks to queue
[2026-07-05T11:02:09.719+0000] {logging_mixin.py:188} INFO - [2026-07-05T11:02:09.719+0000] {dagbag.py:545} INFO - Filling up the DagBag from /opt/airflow/dags/minio_to_snowflake_dag.py
[2026-07-05T11:02:10.622+0000] {processor.py:840} INFO - DAG(s) 'minio_to_snowflake_ecommerce' retrieved from /opt/airflow/dags/minio_to_snowflake_dag.py
[2026-07-05T11:02:10.651+0000] {logging_mixin.py:188} INFO - [2026-07-05T11:02:10.651+0000] {dag.py:3089} INFO - Sync 1 DAGs
[2026-07-05T11:02:10.677+0000] {logging_mixin.py:188} INFO - [2026-07-05T11:02:10.677+0000] {dag.py:3947} INFO - Setting next_dagrun for minio_to_snowflake_ecommerce to 2026-07-05 11:01:00+00:00, run_after=2026-07-05 11:02:00+00:00
[2026-07-05T11:02:10.701+0000] {processor.py:183} INFO - Processing /opt/airflow/dags/minio_to_snowflake_dag.py took 0.993 seconds
[2026-07-05T11:02:41.016+0000] {processor.py:161} INFO - Started process (PID=55041) to work on /opt/airflow/dags/minio_to_snowflake_dag.py
[2026-07-05T11:02:41.017+0000] {processor.py:830} INFO - Processing file /opt/airflow/dags/minio_to_snowflake_dag.py for tasks to queue
[2026-07-05T11:02:41.020+0000] {logging_mixin.py:188} INFO - [2026-07-05T11:02:41.019+0000] {dagbag.py:545} INFO - Filling up the DagBag from /opt/airflow/dags/minio_to_snowflake_dag.py
[2026-07-05T11:02:41.852+0000] {processor.py:840} INFO - DAG(s) 'minio_to_snowflake_ecommerce' retrieved from /opt/airflow/dags/minio_to_snowflake_dag.py
[2026-07-05T11:02:41.922+0000] {logging_mixin.py:188} INFO - [2026-07-05T11:02:41.920+0000] {dag.py:3089} INFO - Sync 1 DAGs
[2026-07-05T11:02:41.987+0000] {logging_mixin.py:188} INFO - [2026-07-05T11:02:41.985+0000] {dag.py:3947} INFO - Setting next_dagrun for minio_to_snowflake_ecommerce to 2026-07-05 11:01:00+00:00, run_after=2026-07-05 11:02:00+00:00
[2026-07-05T11:02:42.056+0000] {processor.py:183} INFO - Processing /opt/airflow/dags/minio_to_snowflake_dag.py took 1.048 seconds
[2026-07-05T11:03:12.383+0000] {processor.py:161} INFO - Started process (PID=55045) to work on /opt/airflow/dags/minio_to_snowflake_dag.py
[2026-07-05T11:03:12.385+0000] {processor.py:830} INFO - Processing file /opt/airflow/dags/minio_to_snowflake_dag.py for tasks to queue
[2026-07-05T11:03:12.389+0000] {logging_mixin.py:188} INFO - [2026-07-05T11:03:12.387+0000] {dagbag.py:545} INFO - Filling up the DagBag from /opt/airflow/dags/minio_to_snowflake_dag.py
[2026-07-05T11:03:13.275+0000] {processor.py:840} INFO - DAG(s) 'minio_to_snowflake_ecommerce' retrieved from /opt/airflow/dags/minio_to_snowflake_dag.py
[2026-07-05T11:03:13.327+0000] {logging_mixin.py:188} INFO - [2026-07-05T11:03:13.327+0000] {dag.py:3089} INFO - Sync 1 DAGs
[2026-07-05T11:03:13.374+0000] {logging_mixin.py:188} INFO - [2026-07-05T11:03:13.374+0000] {dag.py:3947} INFO - Setting next_dagrun for minio_to_snowflake_ecommerce to 2026-07-05 11:02:00+00:00, run_after=2026-07-05 11:03:00+00:00
[2026-07-05T11:03:13.406+0000] {processor.py:183} INFO - Processing /opt/airflow/dags/minio_to_snowflake_dag.py took 1.038 seconds
[2026-07-05T11:03:43.749+0000] {processor.py:161} INFO - Started process (PID=55049) to work on /opt/airflow/dags/minio_to_snowflake_dag.py
[2026-07-05T11:03:43.751+0000] {processor.py:830} INFO - Processing file /opt/airflow/dags/minio_to_snowflake_dag.py for tasks to queue
[2026-07-05T11:03:43.755+0000] {logging_mixin.py:188} INFO - [2026-07-05T11:03:43.754+0000] {dagbag.py:545} INFO - Filling up the DagBag from /opt/airflow/dags/minio_to_snowflake_dag.py
[2026-07-05T11:03:44.498+0000] {processor.py:840} INFO - DAG(s) 'minio_to_snowflake_ecommerce' retrieved from /opt/airflow/dags/minio_to_snowflake_dag.py
[2026-07-05T11:03:44.526+0000] {logging_mixin.py:188} INFO - [2026-07-05T11:03:44.525+0000] {dag.py:3089} INFO - Sync 1 DAGs
[2026-07-05T11:03:44.550+0000] {logging_mixin.py:188} INFO - [2026-07-05T11:03:44.550+0000] {dag.py:3947} INFO - Setting next_dagrun for minio_to_snowflake_ecommerce to 2026-07-05 11:02:00+00:00, run_after=2026-07-05 11:03:00+00:00
[2026-07-05T11:03:44.570+0000] {processor.py:183} INFO - Processing /opt/airflow/dags/minio_to_snowflake_dag.py took 0.829 seconds
[2026-07-05T11:04:14.925+0000] {processor.py:161} INFO - Started process (PID=55053) to work on /opt/airflow/dags/minio_to_snowflake_dag.py
[2026-07-05T11:04:14.926+0000] {processor.py:830} INFO - Processing file /opt/airflow/dags/minio_to_snowflake_dag.py for tasks to queue
[2026-07-05T11:04:14.930+0000] {logging_mixin.py:188} INFO - [2026-07-05T11:04:14.929+0000] {dagbag.py:545} INFO - Filling up the DagBag from /opt/airflow/dags/minio_to_snowflake_dag.py
[2026-07-05T11:04:15.814+0000] {processor.py:840} INFO - DAG(s) 'minio_to_snowflake_ecommerce' retrieved from /opt/airflow/dags/minio_to_snowflake_dag.py
[2026-07-05T11:04:15.849+0000] {logging_mixin.py:188} INFO - [2026-07-05T11:04:15.848+0000] {dag.py:3089} INFO - Sync 1 DAGs
[2026-07-05T11:04:15.876+0000] {logging_mixin.py:188} INFO - [2026-07-05T11:04:15.876+0000] {dag.py:3947} INFO - Setting next_dagrun for minio_to_snowflake_ecommerce to 2026-07-05 11:03:00+00:00, run_after=2026-07-05 11:04:00+00:00
[2026-07-05T11:04:15.900+0000] {processor.py:183} INFO - Processing /opt/airflow/dags/minio_to_snowflake_dag.py took 0.986 seconds
[2026-07-05T11:04:46.180+0000] {processor.py:161} INFO - Started process (PID=55057) to work on /opt/airflow/dags/minio_to_snowflake_dag.py
[2026-07-05T11:04:46.182+0000] {processor.py:830} INFO - Processing file /opt/airflow/dags/minio_to_snowflake_dag.py for tasks to queue
[2026-07-05T11:04:46.184+0000] {logging_mixin.py:188} INFO - [2026-07-05T11:04:46.183+0000] {dagbag.py:545} INFO - Filling up the DagBag from /opt/airflow/dags/minio_to_snowflake_dag.py
[2026-07-05T11:04:46.921+0000] {processor.py:840} INFO - DAG(s) 'minio_to_snowflake_ecommerce' retrieved from /opt/airflow/dags/minio_to_snowflake_dag.py
[2026-07-05T11:04:46.948+0000] {logging_mixin.py:188} INFO - [2026-07-05T11:04:46.947+0000] {dag.py:3089} INFO - Sync 1 DAGs
[2026-07-05T11:04:46.976+0000] {logging_mixin.py:188} INFO - [2026-07-05T11:04:46.976+0000] {dag.py:3947} INFO - Setting next_dagrun for minio_to_snowflake_ecommerce to 2026-07-05 11:03:00+00:00, run_after=2026-07-05 11:04:00+00:00
[2026-07-05T11:04:46.997+0000] {processor.py:183} INFO - Processing /opt/airflow/dags/minio_to_snowflake_dag.py took 0.824 seconds
[2026-07-05T11:05:17.296+0000] {processor.py:161} INFO - Started process (PID=55061) to work on /opt/airflow/dags/minio_to_snowflake_dag.py
[2026-07-05T11:05:17.298+0000] {processor.py:830} INFO - Processing file /opt/airflow/dags/minio_to_snowflake_dag.py for tasks to queue
[2026-07-05T11:05:17.301+0000] {logging_mixin.py:188} INFO - [2026-07-05T11:05:17.300+0000] {dagbag.py:545} INFO - Filling up the DagBag from /opt/airflow/dags/minio_to_snowflake_dag.py
[2026-07-05T11:05:18.235+0000] {processor.py:840} INFO - DAG(s) 'minio_to_snowflake_ecommerce' retrieved from /opt/airflow/dags/minio_to_snowflake_dag.py
[2026-07-05T11:05:18.273+0000] {logging_mixin.py:188} INFO - [2026-07-05T11:05:18.272+0000] {dag.py:3089} INFO - Sync 1 DAGs
[2026-07-05T11:05:18.304+0000] {logging_mixin.py:188} INFO - [2026-07-05T11:05:18.304+0000] {dag.py:3947} INFO - Setting next_dagrun for minio_to_snowflake_ecommerce to 2026-07-05 11:04:00+00:00, run_after=2026-07-05 11:05:00+00:00
[2026-07-05T11:05:18.330+0000] {processor.py:183} INFO - Processing /opt/airflow/dags/minio_to_snowflake_dag.py took 1.044 seconds
[2026-07-05T11:05:48.522+0000] {processor.py:161} INFO - Started process (PID=55065) to work on /opt/airflow/dags/minio_to_snowflake_dag.py
[2026-07-05T11:05:48.524+0000] {processor.py:830} INFO - Processing file /opt/airflow/dags/minio_to_snowflake_dag.py for tasks to queue
[2026-07-05T11:05:48.526+0000] {logging_mixin.py:188} INFO - [2026-07-05T11:05:48.526+0000] {dagbag.py:545} INFO - Filling up the DagBag from /opt/airflow/dags/minio_to_snowflake_dag.py
[2026-07-05T11:05:49.240+0000] {processor.py:840} INFO - DAG(s) 'minio_to_snowflake_ecommerce' retrieved from /opt/airflow/dags/minio_to_snowflake_dag.py
[2026-07-05T11:05:49.276+0000] {logging_mixin.py:188} INFO - [2026-07-05T11:05:49.276+0000] {dag.py:3089} INFO - Sync 1 DAGs
[2026-07-05T11:05:49.301+0000] {logging_mixin.py:188} INFO - [2026-07-05T11:05:49.301+0000] {dag.py:3947} INFO - Setting next_dagrun for minio_to_snowflake_ecommerce to 2026-07-05 11:04:00+00:00, run_after=2026-07-05 11:05:00+00:00
[2026-07-05T11:05:49.322+0000] {processor.py:183} INFO - Processing /opt/airflow/dags/minio_to_snowflake_dag.py took 0.807 seconds
[2026-07-05T11:06:19.651+0000] {processor.py:161} INFO - Started process (PID=55069) to work on /opt/airflow/dags/minio_to_snowflake_dag.py
[2026-07-05T11:06:19.653+0000] {processor.py:830} INFO - Processing file /opt/airflow/dags/minio_to_snowflake_dag.py for tasks to queue
[2026-07-05T11:06:19.655+0000] {logging_mixin.py:188} INFO - [2026-07-05T11:06:19.655+0000] {dagbag.py:545} INFO - Filling up the DagBag from /opt/airflow/dags/minio_to_snowflake_dag.py
[2026-07-05T11:06:20.436+0000] {processor.py:840} INFO - DAG(s) 'minio_to_snowflake_ecommerce' retrieved from /opt/airflow/dags/minio_to_snowflake_dag.py
[2026-07-05T11:06:20.485+0000] {logging_mixin.py:188} INFO - [2026-07-05T11:06:20.485+0000] {dag.py:3089} INFO - Sync 1 DAGs
[2026-07-05T11:06:20.520+0000] {logging_mixin.py:188} INFO - [2026-07-05T11:06:20.519+0000] {dag.py:3947} INFO - Setting next_dagrun for minio_to_snowflake_ecommerce to 2026-07-05 11:05:00+00:00, run_after=2026-07-05 11:06:00+00:00
[2026-07-05T11:06:20.541+0000] {processor.py:183} INFO - Processing /opt/airflow/dags/minio_to_snowflake_dag.py took 0.899 seconds
[2026-07-05T11:06:50.937+0000] {processor.py:161} INFO - Started process (PID=55073) to work on /opt/airflow/dags/minio_to_snowflake_dag.py
[2026-07-05T11:06:50.939+0000] {processor.py:830} INFO - Processing file /opt/airflow/dags/minio_to_snowflake_dag.py for tasks to queue
[2026-07-05T11:06:50.942+0000] {logging_mixin.py:188} INFO - [2026-07-05T11:06:50.941+0000] {dagbag.py:545} INFO - Filling up the DagBag from /opt/airflow/dags/minio_to_snowflake_dag.py
[2026-07-05T11:06:51.718+0000] {processor.py:840} INFO - DAG(s) 'minio_to_snowflake_ecommerce' retrieved from /opt/airflow/dags/minio_to_snowflake_dag.py
[2026-07-05T11:06:51.750+0000] {logging_mixin.py:188} INFO - [2026-07-05T11:06:51.750+0000] {dag.py:3089} INFO - Sync 1 DAGs
[2026-07-05T11:06:51.780+0000] {logging_mixin.py:188} INFO - [2026-07-05T11:06:51.779+0000] {dag.py:3947} INFO - Setting next_dagrun for minio_to_snowflake_ecommerce to 2026-07-05 11:05:00+00:00, run_after=2026-07-05 11:06:00+00:00
[2026-07-05T11:06:51.802+0000] {processor.py:183} INFO - Processing /opt/airflow/dags/minio_to_snowflake_dag.py took 0.877 seconds
[2026-07-05T11:07:22.106+0000] {processor.py:161} INFO - Started process (PID=55077) to work on /opt/airflow/dags/minio_to_snowflake_dag.py
[2026-07-05T11:07:22.108+0000] {processor.py:830} INFO - Processing file /opt/airflow/dags/minio_to_snowflake_dag.py for tasks to queue
[2026-07-05T11:07:22.110+0000] {logging_mixin.py:188} INFO - [2026-07-05T11:07:22.110+0000] {dagbag.py:545} INFO - Filling up the DagBag from /opt/airflow/dags/minio_to_snowflake_dag.py
[2026-07-05T11:07:23.039+0000] {processor.py:840} INFO - DAG(s) 'minio_to_snowflake_ecommerce' retrieved from /opt/airflow/dags/minio_to_snowflake_dag.py
[2026-07-05T11:07:23.072+0000] {logging_mixin.py:188} INFO - [2026-07-05T11:07:23.072+0000] {dag.py:3089} INFO - Sync 1 DAGs
[2026-07-05T11:07:23.100+0000] {logging_mixin.py:188} INFO - [2026-07-05T11:07:23.100+0000] {dag.py:3947} INFO - Setting next_dagrun for minio_to_snowflake_ecommerce to 2026-07-05 11:06:00+00:00, run_after=2026-07-05 11:07:00+00:00
[2026-07-05T11:07:23.123+0000] {processor.py:183} INFO - Processing /opt/airflow/dags/minio_to_snowflake_dag.py took 1.025 seconds
[2026-07-05T11:07:53.445+0000] {processor.py:161} INFO - Started process (PID=55081) to work on /opt/airflow/dags/minio_to_snowflake_dag.py
[2026-07-05T11:07:53.446+0000] {processor.py:830} INFO - Processing file /opt/airflow/dags/minio_to_snowflake_dag.py for tasks to queue
[2026-07-05T11:07:53.448+0000] {logging_mixin.py:188} INFO - [2026-07-05T11:07:53.448+0000] {dagbag.py:545} INFO - Filling up the DagBag from /opt/airflow/dags/minio_to_snowflake_dag.py
[2026-07-05T11:07:54.142+0000] {processor.py:840} INFO - DAG(s) 'minio_to_snowflake_ecommerce' retrieved from /opt/airflow/dags/minio_to_snowflake_dag.py
[2026-07-05T11:07:54.168+0000] {logging_mixin.py:188} INFO - [2026-07-05T11:07:54.167+0000] {dag.py:3089} INFO - Sync 1 DAGs
[2026-07-05T11:07:54.192+0000] {logging_mixin.py:188} INFO - [2026-07-05T11:07:54.191+0000] {dag.py:3947} INFO - Setting next_dagrun for minio_to_snowflake_ecommerce to 2026-07-05 11:06:00+00:00, run_after=2026-07-05 11:07:00+00:00
[2026-07-05T11:07:54.213+0000] {processor.py:183} INFO - Processing /opt/airflow/dags/minio_to_snowflake_dag.py took 0.776 seconds
[2026-07-05T11:08:24.690+0000] {processor.py:161} INFO - Started process (PID=55085) to work on /opt/airflow/dags/minio_to_snowflake_dag.py
[2026-07-05T11:08:24.692+0000] {processor.py:830} INFO - Processing file /opt/airflow/dags/minio_to_snowflake_dag.py for tasks to queue
[2026-07-05T11:08:24.696+0000] {logging_mixin.py:188} INFO - [2026-07-05T11:08:24.695+0000] {dagbag.py:545} INFO - Filling up the DagBag from /opt/airflow/dags/minio_to_snowflake_dag.py
[2026-07-05T11:08:25.485+0000] {processor.py:840} INFO - DAG(s) 'minio_to_snowflake_ecommerce' retrieved from /opt/airflow/dags/minio_to_snowflake_dag.py
[2026-07-05T11:08:25.520+0000] {logging_mixin.py:188} INFO - [2026-07-05T11:08:25.519+0000] {dag.py:3089} INFO - Sync 1 DAGs
[2026-07-05T11:08:25.546+0000] {logging_mixin.py:188} INFO - [2026-07-05T11:08:25.546+0000] {dag.py:3947} INFO - Setting next_dagrun for minio_to_snowflake_ecommerce to 2026-07-05 11:07:00+00:00, run_after=2026-07-05 11:08:00+00:00
[2026-07-05T11:08:25.572+0000] {processor.py:183} INFO - Processing /opt/airflow/dags/minio_to_snowflake_dag.py took 0.890 seconds
[2026-07-05T11:08:55.862+0000] {processor.py:161} INFO - Started process (PID=55089) to work on /opt/airflow/dags/minio_to_snowflake_dag.py
[2026-07-05T11:08:55.863+0000] {processor.py:830} INFO - Processing file /opt/airflow/dags/minio_to_snowflake_dag.py for tasks to queue
[2026-07-05T11:08:55.866+0000] {logging_mixin.py:188} INFO - [2026-07-05T11:08:55.865+0000] {dagbag.py:545} INFO - Filling up the DagBag from /opt/airflow/dags/minio_to_snowflake_dag.py
[2026-07-05T11:08:56.598+0000] {processor.py:840} INFO - DAG(s) 'minio_to_snowflake_ecommerce' retrieved from /opt/airflow/dags/minio_to_snowflake_dag.py
[2026-07-05T11:08:56.626+0000] {logging_mixin.py:188} INFO - [2026-07-05T11:08:56.625+0000] {dag.py:3089} INFO - Sync 1 DAGs
[2026-07-05T11:08:56.651+0000] {logging_mixin.py:188} INFO - [2026-07-05T11:08:56.651+0000] {dag.py:3947} INFO - Setting next_dagrun for minio_to_snowflake_ecommerce to 2026-07-05 11:07:00+00:00, run_after=2026-07-05 11:08:00+00:00
[2026-07-05T11:08:56.674+0000] {processor.py:183} INFO - Processing /opt/airflow/dags/minio_to_snowflake_dag.py took 0.820 seconds
[2026-07-05T11:09:27.011+0000] {processor.py:161} INFO - Started process (PID=55093) to work on /opt/airflow/dags/minio_to_snowflake_dag.py
[2026-07-05T11:09:27.013+0000] {processor.py:830} INFO - Processing file /opt/airflow/dags/minio_to_snowflake_dag.py for tasks to queue
[2026-07-05T11:09:27.015+0000] {logging_mixin.py:188} INFO - [2026-07-05T11:09:27.015+0000] {dagbag.py:545} INFO - Filling up the DagBag from /opt/airflow/dags/minio_to_snowflake_dag.py
[2026-07-05T11:09:27.719+0000] {processor.py:840} INFO - DAG(s) 'minio_to_snowflake_ecommerce' retrieved from /opt/airflow/dags/minio_to_snowflake_dag.py
[2026-07-05T11:09:27.753+0000] {logging_mixin.py:188} INFO - [2026-07-05T11:09:27.752+0000] {dag.py:3089} INFO - Sync 1 DAGs
[2026-07-05T11:09:27.778+0000] {logging_mixin.py:188} INFO - [2026-07-05T11:09:27.778+0000] {dag.py:3947} INFO - Setting next_dagrun for minio_to_snowflake_ecommerce to 2026-07-05 11:08:00+00:00, run_after=2026-07-05 11:09:00+00:00
[2026-07-05T11:09:27.801+0000] {processor.py:183} INFO - Processing /opt/airflow/dags/minio_to_snowflake_dag.py took 0.798 seconds
[2026-07-05T11:09:58.186+0000] {processor.py:161} INFO - Started process (PID=55097) to work on /opt/airflow/dags/minio_to_snowflake_dag.py
[2026-07-05T11:09:58.187+0000] {processor.py:830} INFO - Processing file /opt/airflow/dags/minio_to_snowflake_dag.py for tasks to queue
[2026-07-05T11:09:58.190+0000] {logging_mixin.py:188} INFO - [2026-07-05T11:09:58.189+0000] {dagbag.py:545} INFO - Filling up the DagBag from /opt/airflow/dags/minio_to_snowflake_dag.py
[2026-07-05T11:09:58.904+0000] {processor.py:840} INFO - DAG(s) 'minio_to_snowflake_ecommerce' retrieved from /opt/airflow/dags/minio_to_snowflake_dag.py
[2026-07-05T11:09:58.936+0000] {logging_mixin.py:188} INFO - [2026-07-05T11:09:58.935+0000] {dag.py:3089} INFO - Sync 1 DAGs
[2026-07-05T11:09:58.960+0000] {logging_mixin.py:188} INFO - [2026-07-05T11:09:58.960+0000] {dag.py:3947} INFO - Setting next_dagrun for minio_to_snowflake_ecommerce to 2026-07-05 11:08:00+00:00, run_after=2026-07-05 11:09:00+00:00
[2026-07-05T11:09:58.982+0000] {processor.py:183} INFO - Processing /opt/airflow/dags/minio_to_snowflake_dag.py took 0.804 seconds
[2026-07-05T11:10:29.412+0000] {processor.py:161} INFO - Started process (PID=55101) to work on /opt/airflow/dags/minio_to_snowflake_dag.py
[2026-07-05T11:10:29.413+0000] {processor.py:830} INFO - Processing file /opt/airflow/dags/minio_to_snowflake_dag.py for tasks to queue
[2026-07-05T11:10:29.415+0000] {logging_mixin.py:188} INFO - [2026-07-05T11:10:29.415+0000] {dagbag.py:545} INFO - Filling up the DagBag from /opt/airflow/dags/minio_to_snowflake_dag.py
[2026-07-05T11:10:30.154+0000] {processor.py:840} INFO - DAG(s) 'minio_to_snowflake_ecommerce' retrieved from /opt/airflow/dags/minio_to_snowflake_dag.py
[2026-07-05T11:10:30.180+0000] {logging_mixin.py:188} INFO - [2026-07-05T11:10:30.180+0000] {dag.py:3089} INFO - Sync 1 DAGs
[2026-07-05T11:10:30.205+0000] {logging_mixin.py:188} INFO - [2026-07-05T11:10:30.204+0000] {dag.py:3947} INFO - Setting next_dagrun for minio_to_snowflake_ecommerce to 2026-07-05 11:09:00+00:00, run_after=2026-07-05 11:10:00+00:00
[2026-07-05T11:10:30.228+0000] {processor.py:183} INFO - Processing /opt/airflow/dags/minio_to_snowflake_dag.py took 0.824 seconds
[2026-07-05T11:11:00.529+0000] {processor.py:161} INFO - Started process (PID=55105) to work on /opt/airflow/dags/minio_to_snowflake_dag.py
[2026-07-05T11:11:00.531+0000] {processor.py:830} INFO - Processing file /opt/airflow/dags/minio_to_snowflake_dag.py for tasks to queue
[2026-07-05T11:11:00.534+0000] {logging_mixin.py:188} INFO - [2026-07-05T11:11:00.533+0000] {dagbag.py:545} INFO - Filling up the DagBag from /opt/airflow/dags/minio_to_snowflake_dag.py
[2026-07-05T11:11:01.262+0000] {processor.py:840} INFO - DAG(s) 'minio_to_snowflake_ecommerce' retrieved from /opt/airflow/dags/minio_to_snowflake_dag.py
[2026-07-05T11:11:01.298+0000] {logging_mixin.py:188} INFO - [2026-07-05T11:11:01.298+0000] {dag.py:3089} INFO - Sync 1 DAGs
[2026-07-05T11:11:01.327+0000] {logging_mixin.py:188} INFO - [2026-07-05T11:11:01.327+0000] {dag.py:3947} INFO - Setting next_dagrun for minio_to_snowflake_ecommerce to 2026-07-05 11:10:00+00:00, run_after=2026-07-05 11:11:00+00:00
[2026-07-05T11:11:01.347+0000] {processor.py:183} INFO - Processing /opt/airflow/dags/minio_to_snowflake_dag.py took 0.825 seconds
[2026-07-05T11:11:31.513+0000] {processor.py:161} INFO - Started process (PID=55109) to work on /opt/airflow/dags/minio_to_snowflake_dag.py
[2026-07-05T11:11:31.514+0000] {processor.py:830} INFO - Processing file /opt/airflow/dags/minio_to_snowflake_dag.py for tasks to queue
[2026-07-05T11:11:31.516+0000] {logging_mixin.py:188} INFO - [2026-07-05T11:11:31.516+0000] {dagbag.py:545} INFO - Filling up the DagBag from /opt/airflow/dags/minio_to_snowflake_dag.py
[2026-07-05T11:11:32.256+0000] {processor.py:840} INFO - DAG(s) 'minio_to_snowflake_ecommerce' retrieved from /opt/airflow/dags/minio_to_snowflake_dag.py
[2026-07-05T11:11:32.286+0000] {logging_mixin.py:188} INFO - [2026-07-05T11:11:32.286+0000] {dag.py:3089} INFO - Sync 1 DAGs
[2026-07-05T11:11:32.311+0000] {logging_mixin.py:188} INFO - [2026-07-05T11:11:32.311+0000] {dag.py:3947} INFO - Setting next_dagrun for minio_to_snowflake_ecommerce to 2026-07-05 11:10:00+00:00, run_after=2026-07-05 11:11:00+00:00
[2026-07-05T11:11:32.331+0000] {processor.py:183} INFO - Processing /opt/airflow/dags/minio_to_snowflake_dag.py took 0.826 seconds
[2026-07-05T15:44:21.634+0000] {processor.py:161} INFO - Started process (PID=55113) to work on /opt/airflow/dags/minio_to_snowflake_dag.py
[2026-07-05T15:44:21.655+0000] {processor.py:830} INFO - Processing file /opt/airflow/dags/minio_to_snowflake_dag.py for tasks to queue
[2026-07-05T15:44:21.709+0000] {logging_mixin.py:188} INFO - [2026-07-05T15:44:21.703+0000] {dagbag.py:545} INFO - Filling up the DagBag from /opt/airflow/dags/minio_to_snowflake_dag.py
[2026-07-05T15:44:27.749+0000] {processor.py:840} INFO - DAG(s) 'minio_to_snowflake_ecommerce' retrieved from /opt/airflow/dags/minio_to_snowflake_dag.py
[2026-07-05T15:44:28.143+0000] {logging_mixin.py:188} INFO - [2026-07-05T15:44:28.141+0000] {dag.py:3089} INFO - Sync 1 DAGs
[2026-07-05T15:44:28.223+0000] {logging_mixin.py:188} INFO - [2026-07-05T15:44:28.222+0000] {dag.py:3947} INFO - Setting next_dagrun for minio_to_snowflake_ecommerce to 2026-07-05 15:43:00+00:00, run_after=2026-07-05 15:44:00+00:00
[2026-07-05T15:44:28.275+0000] {processor.py:183} INFO - Processing /opt/airflow/dags/minio_to_snowflake_dag.py took 7.045 seconds
[2026-07-05T15:44:58.630+0000] {processor.py:161} INFO - Started process (PID=55117) to work on /opt/airflow/dags/minio_to_snowflake_dag.py
[2026-07-05T15:44:58.631+0000] {processor.py:830} INFO - Processing file /opt/airflow/dags/minio_to_snowflake_dag.py for tasks to queue
[2026-07-05T15:44:58.640+0000] {logging_mixin.py:188} INFO - [2026-07-05T15:44:58.639+0000] {dagbag.py:545} INFO - Filling up the DagBag from /opt/airflow/dags/minio_to_snowflake_dag.py
[2026-07-05T15:44:59.559+0000] {processor.py:840} INFO - DAG(s) 'minio_to_snowflake_ecommerce' retrieved from /opt/airflow/dags/minio_to_snowflake_dag.py
[2026-07-05T15:44:59.588+0000] {logging_mixin.py:188} INFO - [2026-07-05T15:44:59.587+0000] {dag.py:3089} INFO - Sync 1 DAGs
[2026-07-05T15:44:59.611+0000] {logging_mixin.py:188} INFO - [2026-07-05T15:44:59.611+0000] {dag.py:3947} INFO - Setting next_dagrun for minio_to_snowflake_ecommerce to 2026-07-05 15:43:00+00:00, run_after=2026-07-05 15:44:00+00:00
[2026-07-05T15:44:59.632+0000] {processor.py:183} INFO - Processing /opt/airflow/dags/minio_to_snowflake_dag.py took 1.024 seconds
[2026-07-05T15:45:29.821+0000] {processor.py:161} INFO - Started process (PID=55121) to work on /opt/airflow/dags/minio_to_snowflake_dag.py
[2026-07-05T15:45:29.823+0000] {processor.py:830} INFO - Processing file /opt/airflow/dags/minio_to_snowflake_dag.py for tasks to queue
[2026-07-05T15:45:29.824+0000] {logging_mixin.py:188} INFO - [2026-07-05T15:45:29.824+0000] {dagbag.py:545} INFO - Filling up the DagBag from /opt/airflow/dags/minio_to_snowflake_dag.py
[2026-07-05T15:45:30.528+0000] {processor.py:840} INFO - DAG(s) 'minio_to_snowflake_ecommerce' retrieved from /opt/airflow/dags/minio_to_snowflake_dag.py
[2026-07-05T15:45:30.555+0000] {logging_mixin.py:188} INFO - [2026-07-05T15:45:30.555+0000] {dag.py:3089} INFO - Sync 1 DAGs
[2026-07-05T15:45:30.578+0000] {logging_mixin.py:188} INFO - [2026-07-05T15:45:30.578+0000] {dag.py:3947} INFO - Setting next_dagrun for minio_to_snowflake_ecommerce to 2026-07-05 15:44:00+00:00, run_after=2026-07-05 15:45:00+00:00
[2026-07-05T15:45:30.600+0000] {processor.py:183} INFO - Processing /opt/airflow/dags/minio_to_snowflake_dag.py took 0.784 seconds
[2026-07-05T15:46:01.067+0000] {processor.py:161} INFO - Started process (PID=55125) to work on /opt/airflow/dags/minio_to_snowflake_dag.py
[2026-07-05T15:46:01.069+0000] {processor.py:830} INFO - Processing file /opt/airflow/dags/minio_to_snowflake_dag.py for tasks to queue
[2026-07-05T15:46:01.072+0000] {logging_mixin.py:188} INFO - [2026-07-05T15:46:01.071+0000] {dagbag.py:545} INFO - Filling up the DagBag from /opt/airflow/dags/minio_to_snowflake_dag.py
[2026-07-05T15:46:01.791+0000] {processor.py:840} INFO - DAG(s) 'minio_to_snowflake_ecommerce' retrieved from /opt/airflow/dags/minio_to_snowflake_dag.py
[2026-07-05T15:46:01.819+0000] {logging_mixin.py:188} INFO - [2026-07-05T15:46:01.819+0000] {dag.py:3089} INFO - Sync 1 DAGs
[2026-07-05T15:46:01.845+0000] {logging_mixin.py:188} INFO - [2026-07-05T15:46:01.845+0000] {dag.py:3947} INFO - Setting next_dagrun for minio_to_snowflake_ecommerce to 2026-07-05 15:45:00+00:00, run_after=2026-07-05 15:46:00+00:00
[2026-07-05T15:46:01.866+0000] {processor.py:183} INFO - Processing /opt/airflow/dags/minio_to_snowflake_dag.py took 0.807 seconds
[2026-07-05T15:46:32.291+0000] {processor.py:161} INFO - Started process (PID=55129) to work on /opt/airflow/dags/minio_to_snowflake_dag.py
[2026-07-05T15:46:32.293+0000] {processor.py:830} INFO - Processing file /opt/airflow/dags/minio_to_snowflake_dag.py for tasks to queue
[2026-07-05T15:46:32.296+0000] {logging_mixin.py:188} INFO - [2026-07-05T15:46:32.295+0000] {dagbag.py:545} INFO - Filling up the DagBag from /opt/airflow/dags/minio_to_snowflake_dag.py
[2026-07-05T15:46:32.984+0000] {processor.py:840} INFO - DAG(s) 'minio_to_snowflake_ecommerce' retrieved from /opt/airflow/dags/minio_to_snowflake_dag.py
[2026-07-05T15:46:33.014+0000] {logging_mixin.py:188} INFO - [2026-07-05T15:46:33.013+0000] {dag.py:3089} INFO - Sync 1 DAGs
[2026-07-05T15:46:33.039+0000] {logging_mixin.py:188} INFO - [2026-07-05T15:46:33.038+0000] {dag.py:3947} INFO - Setting next_dagrun for minio_to_snowflake_ecommerce to 2026-07-05 15:45:00+00:00, run_after=2026-07-05 15:46:00+00:00
[2026-07-05T15:46:33.060+0000] {processor.py:183} INFO - Processing /opt/airflow/dags/minio_to_snowflake_dag.py took 0.777 seconds
[2026-07-05T15:47:03.472+0000] {processor.py:161} INFO - Started process (PID=55133) to work on /opt/airflow/dags/minio_to_snowflake_dag.py
[2026-07-05T15:47:03.474+0000] {processor.py:830} INFO - Processing file /opt/airflow/dags/minio_to_snowflake_dag.py for tasks to queue
[2026-07-05T15:47:03.476+0000] {logging_mixin.py:188} INFO - [2026-07-05T15:47:03.475+0000] {dagbag.py:545} INFO - Filling up the DagBag from /opt/airflow/dags/minio_to_snowflake_dag.py
[2026-07-05T15:47:04.169+0000] {processor.py:840} INFO - DAG(s) 'minio_to_snowflake_ecommerce' retrieved from /opt/airflow/dags/minio_to_snowflake_dag.py
[2026-07-05T15:47:04.196+0000] {logging_mixin.py:188} INFO - [2026-07-05T15:47:04.195+0000] {dag.py:3089} INFO - Sync 1 DAGs
[2026-07-05T15:47:04.221+0000] {logging_mixin.py:188} INFO - [2026-07-05T15:47:04.220+0000] {dag.py:3947} INFO - Setting next_dagrun for minio_to_snowflake_ecommerce to 2026-07-05 15:46:00+00:00, run_after=2026-07-05 15:47:00+00:00
[2026-07-05T15:47:04.242+0000] {processor.py:183} INFO - Processing /opt/airflow/dags/minio_to_snowflake_dag.py took 0.778 seconds
[2026-07-05T15:47:34.635+0000] {processor.py:161} INFO - Started process (PID=55137) to work on /opt/airflow/dags/minio_to_snowflake_dag.py
[2026-07-05T15:47:34.636+0000] {processor.py:830} INFO - Processing file /opt/airflow/dags/minio_to_snowflake_dag.py for tasks to queue
[2026-07-05T15:47:34.638+0000] {logging_mixin.py:188} INFO - [2026-07-05T15:47:34.638+0000] {dagbag.py:545} INFO - Filling up the DagBag from /opt/airflow/dags/minio_to_snowflake_dag.py
[2026-07-05T15:47:35.363+0000] {processor.py:840} INFO - DAG(s) 'minio_to_snowflake_ecommerce' retrieved from /opt/airflow/dags/minio_to_snowflake_dag.py
[2026-07-05T15:47:35.394+0000] {logging_mixin.py:188} INFO - [2026-07-05T15:47:35.393+0000] {dag.py:3089} INFO - Sync 1 DAGs
[2026-07-05T15:47:35.419+0000] {logging_mixin.py:188} INFO - [2026-07-05T15:47:35.419+0000] {dag.py:3947} INFO - Setting next_dagrun for minio_to_snowflake_ecommerce to 2026-07-05 15:46:00+00:00, run_after=2026-07-05 15:47:00+00:00
[2026-07-05T15:47:35.445+0000] {processor.py:183} INFO - Processing /opt/airflow/dags/minio_to_snowflake_dag.py took 0.818 seconds
[2026-07-05T15:48:05.521+0000] {processor.py:161} INFO - Started process (PID=55141) to work on /opt/airflow/dags/minio_to_snowflake_dag.py
[2026-07-05T15:48:05.522+0000] {processor.py:830} INFO - Processing file /opt/airflow/dags/minio_to_snowflake_dag.py for tasks to queue
[2026-07-05T15:48:05.524+0000] {logging_mixin.py:188} INFO - [2026-07-05T15:48:05.524+0000] {dagbag.py:545} INFO - Filling up the DagBag from /opt/airflow/dags/minio_to_snowflake_dag.py
[2026-07-05T15:48:06.215+0000] {processor.py:840} INFO - DAG(s) 'minio_to_snowflake_ecommerce' retrieved from /opt/airflow/dags/minio_to_snowflake_dag.py
[2026-07-05T15:48:06.245+0000] {logging_mixin.py:188} INFO - [2026-07-05T15:48:06.244+0000] {dag.py:3089} INFO - Sync 1 DAGs
[2026-07-05T15:48:06.271+0000] {logging_mixin.py:188} INFO - [2026-07-05T15:48:06.271+0000] {dag.py:3947} INFO - Setting next_dagrun for minio_to_snowflake_ecommerce to 2026-07-05 15:47:00+00:00, run_after=2026-07-05 15:48:00+00:00
[2026-07-05T15:48:06.291+0000] {processor.py:183} INFO - Processing /opt/airflow/dags/minio_to_snowflake_dag.py took 0.777 seconds
[2026-07-05T15:48:36.743+0000] {processor.py:161} INFO - Started process (PID=55145) to work on /opt/airflow/dags/minio_to_snowflake_dag.py
[2026-07-05T15:48:36.745+0000] {processor.py:830} INFO - Processing file /opt/airflow/dags/minio_to_snowflake_dag.py for tasks to queue
[2026-07-05T15:48:36.747+0000] {logging_mixin.py:188} INFO - [2026-07-05T15:48:36.747+0000] {dagbag.py:545} INFO - Filling up the DagBag from /opt/airflow/dags/minio_to_snowflake_dag.py
[2026-07-05T15:48:37.411+0000] {processor.py:840} INFO - DAG(s) 'minio_to_snowflake_ecommerce' retrieved from /opt/airflow/dags/minio_to_snowflake_dag.py
[2026-07-05T15:48:37.445+0000] {logging_mixin.py:188} INFO - [2026-07-05T15:48:37.444+0000] {dag.py:3089} INFO - Sync 1 DAGs
[2026-07-05T15:48:37.470+0000] {logging_mixin.py:188} INFO - [2026-07-05T15:48:37.470+0000] {dag.py:3947} INFO - Setting next_dagrun for minio_to_snowflake_ecommerce to 2026-07-05 15:47:00+00:00, run_after=2026-07-05 15:48:00+00:00
[2026-07-05T15:48:37.492+0000] {processor.py:183} INFO - Processing /opt/airflow/dags/minio_to_snowflake_dag.py took 0.757 seconds
[2026-07-05T15:49:07.783+0000] {processor.py:161} INFO - Started process (PID=55149) to work on /opt/airflow/dags/minio_to_snowflake_dag.py
[2026-07-05T15:49:07.784+0000] {processor.py:830} INFO - Processing file /opt/airflow/dags/minio_to_snowflake_dag.py for tasks to queue
[2026-07-05T15:49:07.787+0000] {logging_mixin.py:188} INFO - [2026-07-05T15:49:07.786+0000] {dagbag.py:545} INFO - Filling up the DagBag from /opt/airflow/dags/minio_to_snowflake_dag.py
[2026-07-05T15:49:08.483+0000] {processor.py:840} INFO - DAG(s) 'minio_to_snowflake_ecommerce' retrieved from /opt/airflow/dags/minio_to_snowflake_dag.py
[2026-07-05T15:49:08.507+0000] {logging_mixin.py:188} INFO - [2026-07-05T15:49:08.506+0000] {dag.py:3089} INFO - Sync 1 DAGs
[2026-07-05T15:49:08.531+0000] {logging_mixin.py:188} INFO - [2026-07-05T15:49:08.530+0000] {dag.py:3947} INFO - Setting next_dagrun for minio_to_snowflake_ecommerce to 2026-07-05 15:48:00+00:00, run_after=2026-07-05 15:49:00+00:00
[2026-07-05T15:49:08.551+0000] {processor.py:183} INFO - Processing /opt/airflow/dags/minio_to_snowflake_dag.py took 0.776 seconds
[2026-07-05T15:49:38.804+0000] {processor.py:161} INFO - Started process (PID=55153) to work on /opt/airflow/dags/minio_to_snowflake_dag.py
[2026-07-05T15:49:38.805+0000] {processor.py:830} INFO - Processing file /opt/airflow/dags/minio_to_snowflake_dag.py for tasks to queue
[2026-07-05T15:49:38.808+0000] {logging_mixin.py:188} INFO - [2026-07-05T15:49:38.807+0000] {dagbag.py:545} INFO - Filling up the DagBag from /opt/airflow/dags/minio_to_snowflake_dag.py
[2026-07-05T15:49:39.492+0000] {processor.py:840} INFO - DAG(s) 'minio_to_snowflake_ecommerce' retrieved from /opt/airflow/dags/minio_to_snowflake_dag.py
[2026-07-05T15:49:39.522+0000] {logging_mixin.py:188} INFO - [2026-07-05T15:49:39.522+0000] {dag.py:3089} INFO - Sync 1 DAGs
[2026-07-05T15:49:39.551+0000] {logging_mixin.py:188} INFO - [2026-07-05T15:49:39.550+0000] {dag.py:3947} INFO - Setting next_dagrun for minio_to_snowflake_ecommerce to 2026-07-05 15:48:00+00:00, run_after=2026-07-05 15:49:00+00:00
[2026-07-05T15:49:39.575+0000] {processor.py:183} INFO - Processing /opt/airflow/dags/minio_to_snowflake_dag.py took 0.778 seconds
[2026-07-05T15:50:09.990+0000] {processor.py:161} INFO - Started process (PID=55157) to work on /opt/airflow/dags/minio_to_snowflake_dag.py
[2026-07-05T15:50:09.992+0000] {processor.py:830} INFO - Processing file /opt/airflow/dags/minio_to_snowflake_dag.py for tasks to queue
[2026-07-05T15:50:09.994+0000] {logging_mixin.py:188} INFO - [2026-07-05T15:50:09.994+0000] {dagbag.py:545} INFO - Filling up the DagBag from /opt/airflow/dags/minio_to_snowflake_dag.py
[2026-07-05T15:50:10.718+0000] {processor.py:840} INFO - DAG(s) 'minio_to_snowflake_ecommerce' retrieved from /opt/airflow/dags/minio_to_snowflake_dag.py
[2026-07-05T15:50:10.747+0000] {logging_mixin.py:188} INFO - [2026-07-05T15:50:10.746+0000] {dag.py:3089} INFO - Sync 1 DAGs
[2026-07-05T15:50:10.773+0000] {logging_mixin.py:188} INFO - [2026-07-05T15:50:10.772+0000] {dag.py:3947} INFO - Setting next_dagrun for minio_to_snowflake_ecommerce to 2026-07-05 15:49:00+00:00, run_after=2026-07-05 15:50:00+00:00
[2026-07-05T15:50:10.795+0000] {processor.py:183} INFO - Processing /opt/airflow/dags/minio_to_snowflake_dag.py took 0.814 seconds
[2026-07-05T15:50:41.244+0000] {processor.py:161} INFO - Started process (PID=55161) to work on /opt/airflow/dags/minio_to_snowflake_dag.py
[2026-07-05T15:50:41.245+0000] {processor.py:830} INFO - Processing file /opt/airflow/dags/minio_to_snowflake_dag.py for tasks to queue
[2026-07-05T15:50:41.248+0000] {logging_mixin.py:188} INFO - [2026-07-05T15:50:41.247+0000] {dagbag.py:545} INFO - Filling up the DagBag from /opt/airflow/dags/minio_to_snowflake_dag.py
[2026-07-05T15:50:41.916+0000] {processor.py:840} INFO - DAG(s) 'minio_to_snowflake_ecommerce' retrieved from /opt/airflow/dags/minio_to_snowflake_dag.py
[2026-07-05T15:50:41.942+0000] {logging_mixin.py:188} INFO - [2026-07-05T15:50:41.941+0000] {dag.py:3089} INFO - Sync 1 DAGs
[2026-07-05T15:50:41.966+0000] {logging_mixin.py:188} INFO - [2026-07-05T15:50:41.965+0000] {dag.py:3947} INFO - Setting next_dagrun for minio_to_snowflake_ecommerce to 2026-07-05 15:49:00+00:00, run_after=2026-07-05 15:50:00+00:00
[2026-07-05T15:50:41.990+0000] {processor.py:183} INFO - Processing /opt/airflow/dags/minio_to_snowflake_dag.py took 0.754 seconds
[2026-07-05T15:51:12.440+0000] {processor.py:161} INFO - Started process (PID=55165) to work on /opt/airflow/dags/minio_to_snowflake_dag.py
[2026-07-05T15:51:12.441+0000] {processor.py:830} INFO - Processing file /opt/airflow/dags/minio_to_snowflake_dag.py for tasks to queue
[2026-07-05T15:51:12.444+0000] {logging_mixin.py:188} INFO - [2026-07-05T15:51:12.443+0000] {dagbag.py:545} INFO - Filling up the DagBag from /opt/airflow/dags/minio_to_snowflake_dag.py
[2026-07-05T15:51:13.136+0000] {processor.py:840} INFO - DAG(s) 'minio_to_snowflake_ecommerce' retrieved from /opt/airflow/dags/minio_to_snowflake_dag.py
[2026-07-05T15:51:13.168+0000] {logging_mixin.py:188} INFO - [2026-07-05T15:51:13.167+0000] {dag.py:3089} INFO - Sync 1 DAGs
[2026-07-05T15:51:13.193+0000] {logging_mixin.py:188} INFO - [2026-07-05T15:51:13.193+0000] {dag.py:3947} INFO - Setting next_dagrun for minio_to_snowflake_ecommerce to 2026-07-05 15:50:00+00:00, run_after=2026-07-05 15:51:00+00:00
[2026-07-05T15:51:13.214+0000] {processor.py:183} INFO - Processing /opt/airflow/dags/minio_to_snowflake_dag.py took 0.782 seconds
[2026-07-05T15:51:43.678+0000] {processor.py:161} INFO - Started process (PID=55169) to work on /opt/airflow/dags/minio_to_snowflake_dag.py
[2026-07-05T15:51:43.679+0000] {processor.py:830} INFO - Processing file /opt/airflow/dags/minio_to_snowflake_dag.py for tasks to queue
[2026-07-05T15:51:43.682+0000] {logging_mixin.py:188} INFO - [2026-07-05T15:51:43.681+0000] {dagbag.py:545} INFO - Filling up the DagBag from /opt/airflow/dags/minio_to_snowflake_dag.py
[2026-07-05T15:51:44.353+0000] {processor.py:840} INFO - DAG(s) 'minio_to_snowflake_ecommerce' retrieved from /opt/airflow/dags/minio_to_snowflake_dag.py
[2026-07-05T15:51:44.378+0000] {logging_mixin.py:188} INFO - [2026-07-05T15:51:44.377+0000] {dag.py:3089} INFO - Sync 1 DAGs
[2026-07-05T15:51:44.402+0000] {logging_mixin.py:188} INFO - [2026-07-05T15:51:44.402+0000] {dag.py:3947} INFO - Setting next_dagrun for minio_to_snowflake_ecommerce to 2026-07-05 15:50:00+00:00, run_after=2026-07-05 15:51:00+00:00
[2026-07-05T15:51:44.429+0000] {processor.py:183} INFO - Processing /opt/airflow/dags/minio_to_snowflake_dag.py took 0.759 seconds
[2026-07-05T15:52:14.566+0000] {processor.py:161} INFO - Started process (PID=55173) to work on /opt/airflow/dags/minio_to_snowflake_dag.py
[2026-07-05T15:52:14.568+0000] {processor.py:830} INFO - Processing file /opt/airflow/dags/minio_to_snowflake_dag.py for tasks to queue
[2026-07-05T15:52:14.569+0000] {logging_mixin.py:188} INFO - [2026-07-05T15:52:14.569+0000] {dagbag.py:545} INFO - Filling up the DagBag from /opt/airflow/dags/minio_to_snowflake_dag.py
[2026-07-05T15:52:15.223+0000] {processor.py:840} INFO - DAG(s) 'minio_to_snowflake_ecommerce' retrieved from /opt/airflow/dags/minio_to_snowflake_dag.py
[2026-07-05T15:52:15.252+0000] {logging_mixin.py:188} INFO - [2026-07-05T15:52:15.252+0000] {dag.py:3089} INFO - Sync 1 DAGs
[2026-07-05T15:52:15.278+0000] {logging_mixin.py:188} INFO - [2026-07-05T15:52:15.278+0000] {dag.py:3947} INFO - Setting next_dagrun for minio_to_snowflake_ecommerce to 2026-07-05 15:51:00+00:00, run_after=2026-07-05 15:52:00+00:00
[2026-07-05T15:52:15.299+0000] {processor.py:183} INFO - Processing /opt/airflow/dags/minio_to_snowflake_dag.py took 0.739 seconds
[2026-07-05T15:52:45.718+0000] {processor.py:161} INFO - Started process (PID=55177) to work on /opt/airflow/dags/minio_to_snowflake_dag.py
[2026-07-05T15:52:45.719+0000] {processor.py:830} INFO - Processing file /opt/airflow/dags/minio_to_snowflake_dag.py for tasks to queue
[2026-07-05T15:52:45.722+0000] {logging_mixin.py:188} INFO - [2026-07-05T15:52:45.721+0000] {dagbag.py:545} INFO - Filling up the DagBag from /opt/airflow/dags/minio_to_snowflake_dag.py
[2026-07-05T15:52:46.346+0000] {processor.py:840} INFO - DAG(s) 'minio_to_snowflake_ecommerce' retrieved from /opt/airflow/dags/minio_to_snowflake_dag.py
[2026-07-05T15:52:46.373+0000] {logging_mixin.py:188} INFO - [2026-07-05T15:52:46.372+0000] {dag.py:3089} INFO - Sync 1 DAGs
[2026-07-05T15:52:46.395+0000] {logging_mixin.py:188} INFO - [2026-07-05T15:52:46.395+0000] {dag.py:3947} INFO - Setting next_dagrun for minio_to_snowflake_ecommerce to 2026-07-05 15:51:00+00:00, run_after=2026-07-05 15:52:00+00:00
[2026-07-05T15:52:46.413+0000] {processor.py:183} INFO - Processing /opt/airflow/dags/minio_to_snowflake_dag.py took 0.702 seconds
[2026-07-05T15:53:16.744+0000] {processor.py:161} INFO - Started process (PID=55181) to work on /opt/airflow/dags/minio_to_snowflake_dag.py
[2026-07-05T15:53:16.745+0000] {processor.py:830} INFO - Processing file /opt/airflow/dags/minio_to_snowflake_dag.py for tasks to queue
[2026-07-05T15:53:16.748+0000] {logging_mixin.py:188} INFO - [2026-07-05T15:53:16.748+0000] {dagbag.py:545} INFO - Filling up the DagBag from /opt/airflow/dags/minio_to_snowflake_dag.py
[2026-07-05T15:53:17.436+0000] {processor.py:840} INFO - DAG(s) 'minio_to_snowflake_ecommerce' retrieved from /opt/airflow/dags/minio_to_snowflake_dag.py
[2026-07-05T15:53:17.463+0000] {logging_mixin.py:188} INFO - [2026-07-05T15:53:17.463+0000] {dag.py:3089} INFO - Sync 1 DAGs
[2026-07-05T15:53:17.489+0000] {logging_mixin.py:188} INFO - [2026-07-05T15:53:17.489+0000] {dag.py:3947} INFO - Setting next_dagrun for minio_to_snowflake_ecommerce to 2026-07-05 15:52:00+00:00, run_after=2026-07-05 15:53:00+00:00
[2026-07-05T15:53:17.513+0000] {processor.py:183} INFO - Processing /opt/airflow/dags/minio_to_snowflake_dag.py took 0.778 seconds
[2026-07-05T15:53:47.774+0000] {processor.py:161} INFO - Started process (PID=55185) to work on /opt/airflow/dags/minio_to_snowflake_dag.py
[2026-07-05T15:53:47.775+0000] {processor.py:830} INFO - Processing file /opt/airflow/dags/minio_to_snowflake_dag.py for tasks to queue
[2026-07-05T15:53:47.778+0000] {logging_mixin.py:188} INFO - [2026-07-05T15:53:47.777+0000] {dagbag.py:545} INFO - Filling up the DagBag from /opt/airflow/dags/minio_to_snowflake_dag.py
[2026-07-05T15:53:48.498+0000] {processor.py:840} INFO - DAG(s) 'minio_to_snowflake_ecommerce' retrieved from /opt/airflow/dags/minio_to_snowflake_dag.py
[2026-07-05T15:53:48.524+0000] {logging_mixin.py:188} INFO - [2026-07-05T15:53:48.524+0000] {dag.py:3089} INFO - Sync 1 DAGs
[2026-07-05T15:53:48.549+0000] {logging_mixin.py:188} INFO - [2026-07-05T15:53:48.549+0000] {dag.py:3947} INFO - Setting next_dagrun for minio_to_snowflake_ecommerce to 2026-07-05 15:52:00+00:00, run_after=2026-07-05 15:53:00+00:00
[2026-07-05T15:53:48.571+0000] {processor.py:183} INFO - Processing /opt/airflow/dags/minio_to_snowflake_dag.py took 0.804 seconds
[2026-07-05T15:54:18.983+0000] {processor.py:161} INFO - Started process (PID=55189) to work on /opt/airflow/dags/minio_to_snowflake_dag.py
[2026-07-05T15:54:18.985+0000] {processor.py:830} INFO - Processing file /opt/airflow/dags/minio_to_snowflake_dag.py for tasks to queue
[2026-07-05T15:54:18.987+0000] {logging_mixin.py:188} INFO - [2026-07-05T15:54:18.987+0000] {dagbag.py:545} INFO - Filling up the DagBag from /opt/airflow/dags/minio_to_snowflake_dag.py
[2026-07-05T15:54:19.694+0000] {processor.py:840} INFO - DAG(s) 'minio_to_snowflake_ecommerce' retrieved from /opt/airflow/dags/minio_to_snowflake_dag.py
[2026-07-05T15:54:19.722+0000] {logging_mixin.py:188} INFO - [2026-07-05T15:54:19.722+0000] {dag.py:3089} INFO - Sync 1 DAGs
[2026-07-05T15:54:19.749+0000] {logging_mixin.py:188} INFO - [2026-07-05T15:54:19.749+0000] {dag.py:3947} INFO - Setting next_dagrun for minio_to_snowflake_ecommerce to 2026-07-05 15:53:00+00:00, run_after=2026-07-05 15:54:00+00:00
[2026-07-05T15:54:19.771+0000] {processor.py:183} INFO - Processing /opt/airflow/dags/minio_to_snowflake_dag.py took 0.795 seconds
[2026-07-05T15:54:50.183+0000] {processor.py:161} INFO - Started process (PID=55193) to work on /opt/airflow/dags/minio_to_snowflake_dag.py
[2026-07-05T15:54:50.184+0000] {processor.py:830} INFO - Processing file /opt/airflow/dags/minio_to_snowflake_dag.py for tasks to queue
[2026-07-05T15:54:50.186+0000] {logging_mixin.py:188} INFO - [2026-07-05T15:54:50.186+0000] {dagbag.py:545} INFO - Filling up the DagBag from /opt/airflow/dags/minio_to_snowflake_dag.py
[2026-07-05T15:54:50.887+0000] {processor.py:840} INFO - DAG(s) 'minio_to_snowflake_ecommerce' retrieved from /opt/airflow/dags/minio_to_snowflake_dag.py
[2026-07-05T15:54:50.915+0000] {logging_mixin.py:188} INFO - [2026-07-05T15:54:50.915+0000] {dag.py:3089} INFO - Sync 1 DAGs
[2026-07-05T15:54:50.941+0000] {logging_mixin.py:188} INFO - [2026-07-05T15:54:50.941+0000] {dag.py:3947} INFO - Setting next_dagrun for minio_to_snowflake_ecommerce to 2026-07-05 15:53:00+00:00, run_after=2026-07-05 15:54:00+00:00
[2026-07-05T15:54:50.962+0000] {processor.py:183} INFO - Processing /opt/airflow/dags/minio_to_snowflake_dag.py took 0.786 seconds
[2026-07-05T15:55:21.382+0000] {processor.py:161} INFO - Started process (PID=55197) to work on /opt/airflow/dags/minio_to_snowflake_dag.py
[2026-07-05T15:55:21.383+0000] {processor.py:830} INFO - Processing file /opt/airflow/dags/minio_to_snowflake_dag.py for tasks to queue
[2026-07-05T15:55:21.386+0000] {logging_mixin.py:188} INFO - [2026-07-05T15:55:21.386+0000] {dagbag.py:545} INFO - Filling up the DagBag from /opt/airflow/dags/minio_to_snowflake_dag.py
[2026-07-05T15:55:22.093+0000] {processor.py:840} INFO - DAG(s) 'minio_to_snowflake_ecommerce' retrieved from /opt/airflow/dags/minio_to_snowflake_dag.py
[2026-07-05T15:55:22.120+0000] {logging_mixin.py:188} INFO - [2026-07-05T15:55:22.119+0000] {dag.py:3089} INFO - Sync 1 DAGs
[2026-07-05T15:55:22.146+0000] {logging_mixin.py:188} INFO - [2026-07-05T15:55:22.145+0000] {dag.py:3947} INFO - Setting next_dagrun for minio_to_snowflake_ecommerce to 2026-07-05 15:54:00+00:00, run_after=2026-07-05 15:55:00+00:00
[2026-07-05T15:55:22.168+0000] {processor.py:183} INFO - Processing /opt/airflow/dags/minio_to_snowflake_dag.py took 0.794 seconds
[2026-07-05T15:55:52.503+0000] {processor.py:161} INFO - Started process (PID=55201) to work on /opt/airflow/dags/minio_to_snowflake_dag.py
[2026-07-05T15:55:52.505+0000] {processor.py:830} INFO - Processing file /opt/airflow/dags/minio_to_snowflake_dag.py for tasks to queue
[2026-07-05T15:55:52.507+0000] {logging_mixin.py:188} INFO - [2026-07-05T15:55:52.507+0000] {dagbag.py:545} INFO - Filling up the DagBag from /opt/airflow/dags/minio_to_snowflake_dag.py
[2026-07-05T15:55:53.266+0000] {processor.py:840} INFO - DAG(s) 'minio_to_snowflake_ecommerce' retrieved from /opt/airflow/dags/minio_to_snowflake_dag.py
[2026-07-05T15:55:53.295+0000] {logging_mixin.py:188} INFO - [2026-07-05T15:55:53.294+0000] {dag.py:3089} INFO - Sync 1 DAGs
[2026-07-05T15:55:53.321+0000] {logging_mixin.py:188} INFO - [2026-07-05T15:55:53.321+0000] {dag.py:3947} INFO - Setting next_dagrun for minio_to_snowflake_ecommerce to 2026-07-05 15:54:00+00:00, run_after=2026-07-05 15:55:00+00:00
[2026-07-05T15:55:53.340+0000] {processor.py:183} INFO - Processing /opt/airflow/dags/minio_to_snowflake_dag.py took 0.844 seconds
[2026-07-05T15:56:23.745+0000] {processor.py:161} INFO - Started process (PID=55205) to work on /opt/airflow/dags/minio_to_snowflake_dag.py
[2026-07-05T15:56:23.747+0000] {processor.py:830} INFO - Processing file /opt/airflow/dags/minio_to_snowflake_dag.py for tasks to queue
[2026-07-05T15:56:23.753+0000] {logging_mixin.py:188} INFO - [2026-07-05T15:56:23.752+0000] {dagbag.py:545} INFO - Filling up the DagBag from /opt/airflow/dags/minio_to_snowflake_dag.py
[2026-07-05T15:56:24.673+0000] {processor.py:840} INFO - DAG(s) 'minio_to_snowflake_ecommerce' retrieved from /opt/airflow/dags/minio_to_snowflake_dag.py
[2026-07-05T15:56:24.706+0000] {logging_mixin.py:188} INFO - [2026-07-05T15:56:24.706+0000] {dag.py:3089} INFO - Sync 1 DAGs
[2026-07-05T15:56:24.737+0000] {logging_mixin.py:188} INFO - [2026-07-05T15:56:24.737+0000] {dag.py:3947} INFO - Setting next_dagrun for minio_to_snowflake_ecommerce to 2026-07-05 15:55:00+00:00, run_after=2026-07-05 15:56:00+00:00
[2026-07-05T15:56:24.765+0000] {processor.py:183} INFO - Processing /opt/airflow/dags/minio_to_snowflake_dag.py took 1.034 seconds
[2026-07-05T15:56:55.132+0000] {processor.py:161} INFO - Started process (PID=55209) to work on /opt/airflow/dags/minio_to_snowflake_dag.py
[2026-07-05T15:56:55.134+0000] {processor.py:830} INFO - Processing file /opt/airflow/dags/minio_to_snowflake_dag.py for tasks to queue
[2026-07-05T15:56:55.137+0000] {logging_mixin.py:188} INFO - [2026-07-05T15:56:55.137+0000] {dagbag.py:545} INFO - Filling up the DagBag from /opt/airflow/dags/minio_to_snowflake_dag.py
[2026-07-05T15:56:55.950+0000] {processor.py:840} INFO - DAG(s) 'minio_to_snowflake_ecommerce' retrieved from /opt/airflow/dags/minio_to_snowflake_dag.py
[2026-07-05T15:56:55.980+0000] {logging_mixin.py:188} INFO - [2026-07-05T15:56:55.979+0000] {dag.py:3089} INFO - Sync 1 DAGs
[2026-07-05T15:56:56.009+0000] {logging_mixin.py:188} INFO - [2026-07-05T15:56:56.009+0000] {dag.py:3947} INFO - Setting next_dagrun for minio_to_snowflake_ecommerce to 2026-07-05 15:55:00+00:00, run_after=2026-07-05 15:56:00+00:00
[2026-07-05T15:56:56.036+0000] {processor.py:183} INFO - Processing /opt/airflow/dags/minio_to_snowflake_dag.py took 0.912 seconds
[2026-07-05T15:57:26.442+0000] {processor.py:161} INFO - Started process (PID=55213) to work on /opt/airflow/dags/minio_to_snowflake_dag.py
[2026-07-05T15:57:26.444+0000] {processor.py:830} INFO - Processing file /opt/airflow/dags/minio_to_snowflake_dag.py for tasks to queue
[2026-07-05T15:57:26.447+0000] {logging_mixin.py:188} INFO - [2026-07-05T15:57:26.446+0000] {dagbag.py:545} INFO - Filling up the DagBag from /opt/airflow/dags/minio_to_snowflake_dag.py
[2026-07-05T15:57:27.216+0000] {processor.py:840} INFO - DAG(s) 'minio_to_snowflake_ecommerce' retrieved from /opt/airflow/dags/minio_to_snowflake_dag.py
[2026-07-05T15:57:27.245+0000] {logging_mixin.py:188} INFO - [2026-07-05T15:57:27.245+0000] {dag.py:3089} INFO - Sync 1 DAGs
[2026-07-05T15:57:27.270+0000] {logging_mixin.py:188} INFO - [2026-07-05T15:57:27.270+0000] {dag.py:3947} INFO - Setting next_dagrun for minio_to_snowflake_ecommerce to 2026-07-05 15:56:00+00:00, run_after=2026-07-05 15:57:00+00:00
[2026-07-05T15:57:27.293+0000] {processor.py:183} INFO - Processing /opt/airflow/dags/minio_to_snowflake_dag.py took 0.859 seconds
[2026-07-05T15:57:57.633+0000] {processor.py:161} INFO - Started process (PID=55217) to work on /opt/airflow/dags/minio_to_snowflake_dag.py
[2026-07-05T15:57:57.634+0000] {processor.py:830} INFO - Processing file /opt/airflow/dags/minio_to_snowflake_dag.py for tasks to queue
[2026-07-05T15:57:57.636+0000] {logging_mixin.py:188} INFO - [2026-07-05T15:57:57.636+0000] {dagbag.py:545} INFO - Filling up the DagBag from /opt/airflow/dags/minio_to_snowflake_dag.py
[2026-07-05T15:57:58.394+0000] {processor.py:840} INFO - DAG(s) 'minio_to_snowflake_ecommerce' retrieved from /opt/airflow/dags/minio_to_snowflake_dag.py
[2026-07-05T15:57:58.420+0000] {logging_mixin.py:188} INFO - [2026-07-05T15:57:58.420+0000] {dag.py:3089} INFO - Sync 1 DAGs
[2026-07-05T15:57:58.447+0000] {logging_mixin.py:188} INFO - [2026-07-05T15:57:58.446+0000] {dag.py:3947} INFO - Setting next_dagrun for minio_to_snowflake_ecommerce to 2026-07-05 15:56:00+00:00, run_after=2026-07-05 15:57:00+00:00
[2026-07-05T15:57:58.470+0000] {processor.py:183} INFO - Processing /opt/airflow/dags/minio_to_snowflake_dag.py took 0.843 seconds
[2026-07-05T15:58:28.892+0000] {processor.py:161} INFO - Started process (PID=55221) to work on /opt/airflow/dags/minio_to_snowflake_dag.py
[2026-07-05T15:58:28.894+0000] {processor.py:830} INFO - Processing file /opt/airflow/dags/minio_to_snowflake_dag.py for tasks to queue
[2026-07-05T15:58:28.896+0000] {logging_mixin.py:188} INFO - [2026-07-05T15:58:28.896+0000] {dagbag.py:545} INFO - Filling up the DagBag from /opt/airflow/dags/minio_to_snowflake_dag.py
[2026-07-05T15:58:29.774+0000] {processor.py:840} INFO - DAG(s) 'minio_to_snowflake_ecommerce' retrieved from /opt/airflow/dags/minio_to_snowflake_dag.py
[2026-07-05T15:58:29.800+0000] {logging_mixin.py:188} INFO - [2026-07-05T15:58:29.800+0000] {dag.py:3089} INFO - Sync 1 DAGs
[2026-07-05T15:58:29.830+0000] {logging_mixin.py:188} INFO - [2026-07-05T15:58:29.829+0000] {dag.py:3947} INFO - Setting next_dagrun for minio_to_snowflake_ecommerce to 2026-07-05 15:57:00+00:00, run_after=2026-07-05 15:58:00+00:00
[2026-07-05T15:58:29.850+0000] {processor.py:183} INFO - Processing /opt/airflow/dags/minio_to_snowflake_dag.py took 0.966 seconds
[2026-07-05T15:59:00.220+0000] {processor.py:161} INFO - Started process (PID=55225) to work on /opt/airflow/dags/minio_to_snowflake_dag.py
[2026-07-05T15:59:00.221+0000] {processor.py:830} INFO - Processing file /opt/airflow/dags/minio_to_snowflake_dag.py for tasks to queue
[2026-07-05T15:59:00.224+0000] {logging_mixin.py:188} INFO - [2026-07-05T15:59:00.223+0000] {dagbag.py:545} INFO - Filling up the DagBag from /opt/airflow/dags/minio_to_snowflake_dag.py
[2026-07-05T15:59:01.354+0000] {processor.py:840} INFO - DAG(s) 'minio_to_snowflake_ecommerce' retrieved from /opt/airflow/dags/minio_to_snowflake_dag.py
[2026-07-05T15:59:01.381+0000] {logging_mixin.py:188} INFO - [2026-07-05T15:59:01.381+0000] {dag.py:3089} INFO - Sync 1 DAGs
[2026-07-05T15:59:01.406+0000] {logging_mixin.py:188} INFO - [2026-07-05T15:59:01.406+0000] {dag.py:3947} INFO - Setting next_dagrun for minio_to_snowflake_ecommerce to 2026-07-05 15:58:00+00:00, run_after=2026-07-05 15:59:00+00:00
[2026-07-05T15:59:01.428+0000] {processor.py:183} INFO - Processing /opt/airflow/dags/minio_to_snowflake_dag.py took 1.216 seconds
[2026-07-05T15:59:31.661+0000] {processor.py:161} INFO - Started process (PID=55229) to work on /opt/airflow/dags/minio_to_snowflake_dag.py
[2026-07-05T15:59:31.662+0000] {processor.py:830} INFO - Processing file /opt/airflow/dags/minio_to_snowflake_dag.py for tasks to queue
[2026-07-05T15:59:31.664+0000] {logging_mixin.py:188} INFO - [2026-07-05T15:59:31.664+0000] {dagbag.py:545} INFO - Filling up the DagBag from /opt/airflow/dags/minio_to_snowflake_dag.py
[2026-07-05T15:59:32.442+0000] {processor.py:840} INFO - DAG(s) 'minio_to_snowflake_ecommerce' retrieved from /opt/airflow/dags/minio_to_snowflake_dag.py
[2026-07-05T15:59:32.514+0000] {logging_mixin.py:188} INFO - [2026-07-05T15:59:32.513+0000] {dag.py:3089} INFO - Sync 1 DAGs
[2026-07-05T15:59:32.562+0000] {logging_mixin.py:188} INFO - [2026-07-05T15:59:32.562+0000] {dag.py:3947} INFO - Setting next_dagrun for minio_to_snowflake_ecommerce to 2026-07-05 15:58:00+00:00, run_after=2026-07-05 15:59:00+00:00
[2026-07-05T15:59:32.598+0000] {processor.py:183} INFO - Processing /opt/airflow/dags/minio_to_snowflake_dag.py took 0.944 seconds
[2026-07-05T16:00:03.003+0000] {processor.py:161} INFO - Started process (PID=55233) to work on /opt/airflow/dags/minio_to_snowflake_dag.py
[2026-07-05T16:00:03.004+0000] {processor.py:830} INFO - Processing file /opt/airflow/dags/minio_to_snowflake_dag.py for tasks to queue
[2026-07-05T16:00:03.007+0000] {logging_mixin.py:188} INFO - [2026-07-05T16:00:03.007+0000] {dagbag.py:545} INFO - Filling up the DagBag from /opt/airflow/dags/minio_to_snowflake_dag.py
[2026-07-05T16:00:03.750+0000] {processor.py:840} INFO - DAG(s) 'minio_to_snowflake_ecommerce' retrieved from /opt/airflow/dags/minio_to_snowflake_dag.py
[2026-07-05T16:00:03.778+0000] {logging_mixin.py:188} INFO - [2026-07-05T16:00:03.778+0000] {dag.py:3089} INFO - Sync 1 DAGs
[2026-07-05T16:00:03.809+0000] {logging_mixin.py:188} INFO - [2026-07-05T16:00:03.808+0000] {dag.py:3947} INFO - Setting next_dagrun for minio_to_snowflake_ecommerce to 2026-07-05 15:59:00+00:00, run_after=2026-07-05 16:00:00+00:00
[2026-07-05T16:00:03.833+0000] {processor.py:183} INFO - Processing /opt/airflow/dags/minio_to_snowflake_dag.py took 0.838 seconds
[2026-07-05T16:00:34.284+0000] {processor.py:161} INFO - Started process (PID=55237) to work on /opt/airflow/dags/minio_to_snowflake_dag.py
[2026-07-05T16:00:34.285+0000] {processor.py:830} INFO - Processing file /opt/airflow/dags/minio_to_snowflake_dag.py for tasks to queue
[2026-07-05T16:00:34.288+0000] {logging_mixin.py:188} INFO - [2026-07-05T16:00:34.288+0000] {dagbag.py:545} INFO - Filling up the DagBag from /opt/airflow/dags/minio_to_snowflake_dag.py
[2026-07-05T16:00:35.289+0000] {processor.py:840} INFO - DAG(s) 'minio_to_snowflake_ecommerce' retrieved from /opt/airflow/dags/minio_to_snowflake_dag.py
[2026-07-05T16:00:35.321+0000] {logging_mixin.py:188} INFO - [2026-07-05T16:00:35.321+0000] {dag.py:3089} INFO - Sync 1 DAGs
[2026-07-05T16:00:35.352+0000] {logging_mixin.py:188} INFO - [2026-07-05T16:00:35.352+0000] {dag.py:3947} INFO - Setting next_dagrun for minio_to_snowflake_ecommerce to 2026-07-05 15:59:00+00:00, run_after=2026-07-05 16:00:00+00:00
[2026-07-05T16:00:35.375+0000] {processor.py:183} INFO - Processing /opt/airflow/dags/minio_to_snowflake_dag.py took 1.102 seconds
[2026-07-05T16:01:05.649+0000] {processor.py:161} INFO - Started process (PID=55241) to work on /opt/airflow/dags/minio_to_snowflake_dag.py
[2026-07-05T16:01:05.651+0000] {processor.py:830} INFO - Processing file /opt/airflow/dags/minio_to_snowflake_dag.py for tasks to queue
[2026-07-05T16:01:05.653+0000] {logging_mixin.py:188} INFO - [2026-07-05T16:01:05.652+0000] {dagbag.py:545} INFO - Filling up the DagBag from /opt/airflow/dags/minio_to_snowflake_dag.py
[2026-07-05T16:01:06.356+0000] {processor.py:840} INFO - DAG(s) 'minio_to_snowflake_ecommerce' retrieved from /opt/airflow/dags/minio_to_snowflake_dag.py
[2026-07-05T16:01:06.385+0000] {logging_mixin.py:188} INFO - [2026-07-05T16:01:06.385+0000] {dag.py:3089} INFO - Sync 1 DAGs
[2026-07-05T16:01:06.416+0000] {logging_mixin.py:188} INFO - [2026-07-05T16:01:06.416+0000] {dag.py:3947} INFO - Setting next_dagrun for minio_to_snowflake_ecommerce to 2026-07-05 16:00:00+00:00, run_after=2026-07-05 16:01:00+00:00
[2026-07-05T16:01:06.437+0000] {processor.py:183} INFO - Processing /opt/airflow/dags/minio_to_snowflake_dag.py took 0.794 seconds
[2026-07-05T16:01:36.749+0000] {processor.py:161} INFO - Started process (PID=55245) to work on /opt/airflow/dags/minio_to_snowflake_dag.py
[2026-07-05T16:01:36.750+0000] {processor.py:830} INFO - Processing file /opt/airflow/dags/minio_to_snowflake_dag.py for tasks to queue
[2026-07-05T16:01:36.753+0000] {logging_mixin.py:188} INFO - [2026-07-05T16:01:36.753+0000] {dagbag.py:545} INFO - Filling up the DagBag from /opt/airflow/dags/minio_to_snowflake_dag.py
[2026-07-05T16:01:37.528+0000] {processor.py:840} INFO - DAG(s) 'minio_to_snowflake_ecommerce' retrieved from /opt/airflow/dags/minio_to_snowflake_dag.py
[2026-07-05T16:01:37.561+0000] {logging_mixin.py:188} INFO - [2026-07-05T16:01:37.561+0000] {dag.py:3089} INFO - Sync 1 DAGs
[2026-07-05T16:01:37.588+0000] {logging_mixin.py:188} INFO - [2026-07-05T16:01:37.588+0000] {dag.py:3947} INFO - Setting next_dagrun for minio_to_snowflake_ecommerce to 2026-07-05 16:00:00+00:00, run_after=2026-07-05 16:01:00+00:00
[2026-07-05T16:01:37.611+0000] {processor.py:183} INFO - Processing /opt/airflow/dags/minio_to_snowflake_dag.py took 0.872 seconds
[2026-07-05T16:02:07.962+0000] {processor.py:161} INFO - Started process (PID=55249) to work on /opt/airflow/dags/minio_to_snowflake_dag.py
[2026-07-05T16:02:07.963+0000] {processor.py:830} INFO - Processing file /opt/airflow/dags/minio_to_snowflake_dag.py for tasks to queue
[2026-07-05T16:02:07.966+0000] {logging_mixin.py:188} INFO - [2026-07-05T16:02:07.965+0000] {dagbag.py:545} INFO - Filling up the DagBag from /opt/airflow/dags/minio_to_snowflake_dag.py
[2026-07-05T16:02:08.678+0000] {processor.py:840} INFO - DAG(s) 'minio_to_snowflake_ecommerce' retrieved from /opt/airflow/dags/minio_to_snowflake_dag.py
[2026-07-05T16:02:08.712+0000] {logging_mixin.py:188} INFO - [2026-07-05T16:02:08.711+0000] {dag.py:3089} INFO - Sync 1 DAGs
[2026-07-05T16:02:08.738+0000] {logging_mixin.py:188} INFO - [2026-07-05T16:02:08.738+0000] {dag.py:3947} INFO - Setting next_dagrun for minio_to_snowflake_ecommerce to 2026-07-05 16:01:00+00:00, run_after=2026-07-05 16:02:00+00:00
[2026-07-05T16:02:08.761+0000] {processor.py:183} INFO - Processing /opt/airflow/dags/minio_to_snowflake_dag.py took 0.807 seconds
[2026-07-05T16:02:39.115+0000] {processor.py:161} INFO - Started process (PID=55253) to work on /opt/airflow/dags/minio_to_snowflake_dag.py
[2026-07-05T16:02:39.117+0000] {processor.py:830} INFO - Processing file /opt/airflow/dags/minio_to_snowflake_dag.py for tasks to queue
[2026-07-05T16:02:39.121+0000] {logging_mixin.py:188} INFO - [2026-07-05T16:02:39.120+0000] {dagbag.py:545} INFO - Filling up the DagBag from /opt/airflow/dags/minio_to_snowflake_dag.py
[2026-07-05T16:02:39.911+0000] {processor.py:840} INFO - DAG(s) 'minio_to_snowflake_ecommerce' retrieved from /opt/airflow/dags/minio_to_snowflake_dag.py
[2026-07-05T16:02:39.939+0000] {logging_mixin.py:188} INFO - [2026-07-05T16:02:39.939+0000] {dag.py:3089} INFO - Sync 1 DAGs
[2026-07-05T16:02:39.965+0000] {logging_mixin.py:188} INFO - [2026-07-05T16:02:39.965+0000] {dag.py:3947} INFO - Setting next_dagrun for minio_to_snowflake_ecommerce to 2026-07-05 16:01:00+00:00, run_after=2026-07-05 16:02:00+00:00
[2026-07-05T16:02:39.986+0000] {processor.py:183} INFO - Processing /opt/airflow/dags/minio_to_snowflake_dag.py took 0.880 seconds
[2026-07-05T16:03:10.355+0000] {processor.py:161} INFO - Started process (PID=55257) to work on /opt/airflow/dags/minio_to_snowflake_dag.py
[2026-07-05T16:03:10.357+0000] {processor.py:830} INFO - Processing file /opt/airflow/dags/minio_to_snowflake_dag.py for tasks to queue
[2026-07-05T16:03:10.359+0000] {logging_mixin.py:188} INFO - [2026-07-05T16:03:10.359+0000] {dagbag.py:545} INFO - Filling up the DagBag from /opt/airflow/dags/minio_to_snowflake_dag.py
[2026-07-05T16:03:11.097+0000] {processor.py:840} INFO - DAG(s) 'minio_to_snowflake_ecommerce' retrieved from /opt/airflow/dags/minio_to_snowflake_dag.py
[2026-07-05T16:03:11.129+0000] {logging_mixin.py:188} INFO - [2026-07-05T16:03:11.129+0000] {dag.py:3089} INFO - Sync 1 DAGs
[2026-07-05T16:03:11.157+0000] {logging_mixin.py:188} INFO - [2026-07-05T16:03:11.157+0000] {dag.py:3947} INFO - Setting next_dagrun for minio_to_snowflake_ecommerce to 2026-07-05 16:02:00+00:00, run_after=2026-07-05 16:03:00+00:00
[2026-07-05T16:03:11.196+0000] {processor.py:183} INFO - Processing /opt/airflow/dags/minio_to_snowflake_dag.py took 0.850 seconds
[2026-07-05T16:03:41.608+0000] {processor.py:161} INFO - Started process (PID=55261) to work on /opt/airflow/dags/minio_to_snowflake_dag.py
[2026-07-05T16:03:41.609+0000] {processor.py:830} INFO - Processing file /opt/airflow/dags/minio_to_snowflake_dag.py for tasks to queue
[2026-07-05T16:03:41.612+0000] {logging_mixin.py:188} INFO - [2026-07-05T16:03:41.611+0000] {dagbag.py:545} INFO - Filling up the DagBag from /opt/airflow/dags/minio_to_snowflake_dag.py
[2026-07-05T16:03:42.383+0000] {processor.py:840} INFO - DAG(s) 'minio_to_snowflake_ecommerce' retrieved from /opt/airflow/dags/minio_to_snowflake_dag.py
[2026-07-05T16:03:42.412+0000] {logging_mixin.py:188} INFO - [2026-07-05T16:03:42.412+0000] {dag.py:3089} INFO - Sync 1 DAGs
[2026-07-05T16:03:42.439+0000] {logging_mixin.py:188} INFO - [2026-07-05T16:03:42.439+0000] {dag.py:3947} INFO - Setting next_dagrun for minio_to_snowflake_ecommerce to 2026-07-05 16:02:00+00:00, run_after=2026-07-05 16:03:00+00:00
[2026-07-05T16:03:42.461+0000] {processor.py:183} INFO - Processing /opt/airflow/dags/minio_to_snowflake_dag.py took 0.862 seconds
[2026-07-05T16:04:12.780+0000] {processor.py:161} INFO - Started process (PID=55265) to work on /opt/airflow/dags/minio_to_snowflake_dag.py
[2026-07-05T16:04:12.781+0000] {processor.py:830} INFO - Processing file /opt/airflow/dags/minio_to_snowflake_dag.py for tasks to queue
[2026-07-05T16:04:12.783+0000] {logging_mixin.py:188} INFO - [2026-07-05T16:04:12.783+0000] {dagbag.py:545} INFO - Filling up the DagBag from /opt/airflow/dags/minio_to_snowflake_dag.py
[2026-07-05T16:04:13.740+0000] {processor.py:840} INFO - DAG(s) 'minio_to_snowflake_ecommerce' retrieved from /opt/airflow/dags/minio_to_snowflake_dag.py
[2026-07-05T16:04:13.770+0000] {logging_mixin.py:188} INFO - [2026-07-05T16:04:13.769+0000] {dag.py:3089} INFO - Sync 1 DAGs
[2026-07-05T16:04:13.795+0000] {logging_mixin.py:188} INFO - [2026-07-05T16:04:13.794+0000] {dag.py:3947} INFO - Setting next_dagrun for minio_to_snowflake_ecommerce to 2026-07-05 16:03:00+00:00, run_after=2026-07-05 16:04:00+00:00
[2026-07-05T16:04:13.823+0000] {processor.py:183} INFO - Processing /opt/airflow/dags/minio_to_snowflake_dag.py took 1.054 seconds
[2026-07-05T16:04:44.251+0000] {processor.py:161} INFO - Started process (PID=55269) to work on /opt/airflow/dags/minio_to_snowflake_dag.py
[2026-07-05T16:04:44.254+0000] {processor.py:830} INFO - Processing file /opt/airflow/dags/minio_to_snowflake_dag.py for tasks to queue
[2026-07-05T16:04:44.261+0000] {logging_mixin.py:188} INFO - [2026-07-05T16:04:44.261+0000] {dagbag.py:545} INFO - Filling up the DagBag from /opt/airflow/dags/minio_to_snowflake_dag.py
[2026-07-05T16:04:45.286+0000] {processor.py:840} INFO - DAG(s) 'minio_to_snowflake_ecommerce' retrieved from /opt/airflow/dags/minio_to_snowflake_dag.py
[2026-07-05T16:04:45.320+0000] {logging_mixin.py:188} INFO - [2026-07-05T16:04:45.320+0000] {dag.py:3089} INFO - Sync 1 DAGs
[2026-07-05T16:04:45.351+0000] {logging_mixin.py:188} INFO - [2026-07-05T16:04:45.351+0000] {dag.py:3947} INFO - Setting next_dagrun for minio_to_snowflake_ecommerce to 2026-07-05 16:03:00+00:00, run_after=2026-07-05 16:04:00+00:00
[2026-07-05T16:04:45.374+0000] {processor.py:183} INFO - Processing /opt/airflow/dags/minio_to_snowflake_dag.py took 1.134 seconds
[2026-07-05T16:05:15.505+0000] {processor.py:161} INFO - Started process (PID=55273) to work on /opt/airflow/dags/minio_to_snowflake_dag.py
[2026-07-05T16:05:15.506+0000] {processor.py:830} INFO - Processing file /opt/airflow/dags/minio_to_snowflake_dag.py for tasks to queue
[2026-07-05T16:05:15.509+0000] {logging_mixin.py:188} INFO - [2026-07-05T16:05:15.508+0000] {dagbag.py:545} INFO - Filling up the DagBag from /opt/airflow/dags/minio_to_snowflake_dag.py
[2026-07-05T16:05:16.345+0000] {processor.py:840} INFO - DAG(s) 'minio_to_snowflake_ecommerce' retrieved from /opt/airflow/dags/minio_to_snowflake_dag.py
[2026-07-05T16:05:16.386+0000] {logging_mixin.py:188} INFO - [2026-07-05T16:05:16.385+0000] {dag.py:3089} INFO - Sync 1 DAGs
[2026-07-05T16:05:16.418+0000] {logging_mixin.py:188} INFO - [2026-07-05T16:05:16.418+0000] {dag.py:3947} INFO - Setting next_dagrun for minio_to_snowflake_ecommerce to 2026-07-05 16:04:00+00:00, run_after=2026-07-05 16:05:00+00:00
[2026-07-05T16:05:16.447+0000] {processor.py:183} INFO - Processing /opt/airflow/dags/minio_to_snowflake_dag.py took 0.950 seconds
[2026-07-05T16:05:46.717+0000] {processor.py:161} INFO - Started process (PID=55277) to work on /opt/airflow/dags/minio_to_snowflake_dag.py
[2026-07-05T16:05:46.718+0000] {processor.py:830} INFO - Processing file /opt/airflow/dags/minio_to_snowflake_dag.py for tasks to queue
[2026-07-05T16:05:46.721+0000] {logging_mixin.py:188} INFO - [2026-07-05T16:05:46.721+0000] {dagbag.py:545} INFO - Filling up the DagBag from /opt/airflow/dags/minio_to_snowflake_dag.py
[2026-07-05T16:05:47.477+0000] {processor.py:840} INFO - DAG(s) 'minio_to_snowflake_ecommerce' retrieved from /opt/airflow/dags/minio_to_snowflake_dag.py
[2026-07-05T16:05:47.504+0000] {logging_mixin.py:188} INFO - [2026-07-05T16:05:47.504+0000] {dag.py:3089} INFO - Sync 1 DAGs
[2026-07-05T16:05:47.530+0000] {logging_mixin.py:188} INFO - [2026-07-05T16:05:47.530+0000] {dag.py:3947} INFO - Setting next_dagrun for minio_to_snowflake_ecommerce to 2026-07-05 16:04:00+00:00, run_after=2026-07-05 16:05:00+00:00
[2026-07-05T16:05:47.551+0000] {processor.py:183} INFO - Processing /opt/airflow/dags/minio_to_snowflake_dag.py took 0.843 seconds
[2026-07-05T16:06:17.891+0000] {processor.py:161} INFO - Started process (PID=55281) to work on /opt/airflow/dags/minio_to_snowflake_dag.py
[2026-07-05T16:06:17.892+0000] {processor.py:830} INFO - Processing file /opt/airflow/dags/minio_to_snowflake_dag.py for tasks to queue
[2026-07-05T16:06:17.895+0000] {logging_mixin.py:188} INFO - [2026-07-05T16:06:17.894+0000] {dagbag.py:545} INFO - Filling up the DagBag from /opt/airflow/dags/minio_to_snowflake_dag.py
[2026-07-05T16:06:18.639+0000] {processor.py:840} INFO - DAG(s) 'minio_to_snowflake_ecommerce' retrieved from /opt/airflow/dags/minio_to_snowflake_dag.py
[2026-07-05T16:06:18.675+0000] {logging_mixin.py:188} INFO - [2026-07-05T16:06:18.675+0000] {dag.py:3089} INFO - Sync 1 DAGs
[2026-07-05T16:06:18.700+0000] {logging_mixin.py:188} INFO - [2026-07-05T16:06:18.700+0000] {dag.py:3947} INFO - Setting next_dagrun for minio_to_snowflake_ecommerce to 2026-07-05 16:05:00+00:00, run_after=2026-07-05 16:06:00+00:00
[2026-07-05T16:06:18.725+0000] {processor.py:183} INFO - Processing /opt/airflow/dags/minio_to_snowflake_dag.py took 0.842 seconds
[2026-07-05T16:06:49.161+0000] {processor.py:161} INFO - Started process (PID=55285) to work on /opt/airflow/dags/minio_to_snowflake_dag.py
[2026-07-05T16:06:49.163+0000] {processor.py:830} INFO - Processing file /opt/airflow/dags/minio_to_snowflake_dag.py for tasks to queue
[2026-07-05T16:06:49.166+0000] {logging_mixin.py:188} INFO - [2026-07-05T16:06:49.165+0000] {dagbag.py:545} INFO - Filling up the DagBag from /opt/airflow/dags/minio_to_snowflake_dag.py
[2026-07-05T16:06:49.949+0000] {processor.py:840} INFO - DAG(s) 'minio_to_snowflake_ecommerce' retrieved from /opt/airflow/dags/minio_to_snowflake_dag.py
[2026-07-05T16:06:49.980+0000] {logging_mixin.py:188} INFO - [2026-07-05T16:06:49.980+0000] {dag.py:3089} INFO - Sync 1 DAGs
[2026-07-05T16:06:50.009+0000] {logging_mixin.py:188} INFO - [2026-07-05T16:06:50.009+0000] {dag.py:3947} INFO - Setting next_dagrun for minio_to_snowflake_ecommerce to 2026-07-05 16:05:00+00:00, run_after=2026-07-05 16:06:00+00:00
[2026-07-05T16:06:50.035+0000] {processor.py:183} INFO - Processing /opt/airflow/dags/minio_to_snowflake_dag.py took 0.883 seconds
[2026-07-05T16:07:20.420+0000] {processor.py:161} INFO - Started process (PID=55289) to work on /opt/airflow/dags/minio_to_snowflake_dag.py
[2026-07-05T16:07:20.421+0000] {processor.py:830} INFO - Processing file /opt/airflow/dags/minio_to_snowflake_dag.py for tasks to queue
[2026-07-05T16:07:20.423+0000] {logging_mixin.py:188} INFO - [2026-07-05T16:07:20.423+0000] {dagbag.py:545} INFO - Filling up the DagBag from /opt/airflow/dags/minio_to_snowflake_dag.py
[2026-07-05T16:07:21.245+0000] {processor.py:840} INFO - DAG(s) 'minio_to_snowflake_ecommerce' retrieved from /opt/airflow/dags/minio_to_snowflake_dag.py
[2026-07-05T16:07:21.273+0000] {logging_mixin.py:188} INFO - [2026-07-05T16:07:21.273+0000] {dag.py:3089} INFO - Sync 1 DAGs
[2026-07-05T16:07:21.298+0000] {logging_mixin.py:188} INFO - [2026-07-05T16:07:21.298+0000] {dag.py:3947} INFO - Setting next_dagrun for minio_to_snowflake_ecommerce to 2026-07-05 16:06:00+00:00, run_after=2026-07-05 16:07:00+00:00
[2026-07-05T16:07:21.319+0000] {processor.py:183} INFO - Processing /opt/airflow/dags/minio_to_snowflake_dag.py took 0.913 seconds
[2026-07-05T16:07:51.628+0000] {processor.py:161} INFO - Started process (PID=55293) to work on /opt/airflow/dags/minio_to_snowflake_dag.py
[2026-07-05T16:07:51.629+0000] {processor.py:830} INFO - Processing file /opt/airflow/dags/minio_to_snowflake_dag.py for tasks to queue
[2026-07-05T16:07:51.631+0000] {logging_mixin.py:188} INFO - [2026-07-05T16:07:51.631+0000] {dagbag.py:545} INFO - Filling up the DagBag from /opt/airflow/dags/minio_to_snowflake_dag.py
[2026-07-05T16:07:52.370+0000] {processor.py:840} INFO - DAG(s) 'minio_to_snowflake_ecommerce' retrieved from /opt/airflow/dags/minio_to_snowflake_dag.py
[2026-07-05T16:07:52.400+0000] {logging_mixin.py:188} INFO - [2026-07-05T16:07:52.399+0000] {dag.py:3089} INFO - Sync 1 DAGs
[2026-07-05T16:07:52.428+0000] {logging_mixin.py:188} INFO - [2026-07-05T16:07:52.427+0000] {dag.py:3947} INFO - Setting next_dagrun for minio_to_snowflake_ecommerce to 2026-07-05 16:06:00+00:00, run_after=2026-07-05 16:07:00+00:00
[2026-07-05T16:07:52.450+0000] {processor.py:183} INFO - Processing /opt/airflow/dags/minio_to_snowflake_dag.py took 0.831 seconds
[2026-07-05T16:08:22.793+0000] {processor.py:161} INFO - Started process (PID=55297) to work on /opt/airflow/dags/minio_to_snowflake_dag.py
[2026-07-05T16:08:22.794+0000] {processor.py:830} INFO - Processing file /opt/airflow/dags/minio_to_snowflake_dag.py for tasks to queue
[2026-07-05T16:08:22.797+0000] {logging_mixin.py:188} INFO - [2026-07-05T16:08:22.796+0000] {dagbag.py:545} INFO - Filling up the DagBag from /opt/airflow/dags/minio_to_snowflake_dag.py
[2026-07-05T16:08:23.523+0000] {processor.py:840} INFO - DAG(s) 'minio_to_snowflake_ecommerce' retrieved from /opt/airflow/dags/minio_to_snowflake_dag.py
[2026-07-05T16:08:23.549+0000] {logging_mixin.py:188} INFO - [2026-07-05T16:08:23.549+0000] {dag.py:3089} INFO - Sync 1 DAGs
[2026-07-05T16:08:23.574+0000] {logging_mixin.py:188} INFO - [2026-07-05T16:08:23.574+0000] {dag.py:3947} INFO - Setting next_dagrun for minio_to_snowflake_ecommerce to 2026-07-05 16:07:00+00:00, run_after=2026-07-05 16:08:00+00:00
[2026-07-05T16:08:23.599+0000] {processor.py:183} INFO - Processing /opt/airflow/dags/minio_to_snowflake_dag.py took 0.814 seconds
[2026-07-05T16:08:53.881+0000] {processor.py:161} INFO - Started process (PID=55301) to work on /opt/airflow/dags/minio_to_snowflake_dag.py
[2026-07-05T16:08:53.883+0000] {processor.py:830} INFO - Processing file /opt/airflow/dags/minio_to_snowflake_dag.py for tasks to queue
[2026-07-05T16:08:53.886+0000] {logging_mixin.py:188} INFO - [2026-07-05T16:08:53.886+0000] {dagbag.py:545} INFO - Filling up the DagBag from /opt/airflow/dags/minio_to_snowflake_dag.py
[2026-07-05T16:08:54.757+0000] {processor.py:840} INFO - DAG(s) 'minio_to_snowflake_ecommerce' retrieved from /opt/airflow/dags/minio_to_snowflake_dag.py
[2026-07-05T16:08:54.790+0000] {logging_mixin.py:188} INFO - [2026-07-05T16:08:54.789+0000] {dag.py:3089} INFO - Sync 1 DAGs
[2026-07-05T16:08:54.823+0000] {logging_mixin.py:188} INFO - [2026-07-05T16:08:54.822+0000] {dag.py:3947} INFO - Setting next_dagrun for minio_to_snowflake_ecommerce to 2026-07-05 16:07:00+00:00, run_after=2026-07-05 16:08:00+00:00
[2026-07-05T16:08:54.850+0000] {processor.py:183} INFO - Processing /opt/airflow/dags/minio_to_snowflake_dag.py took 0.977 seconds
[2026-07-05T16:09:25.162+0000] {processor.py:161} INFO - Started process (PID=55305) to work on /opt/airflow/dags/minio_to_snowflake_dag.py
[2026-07-05T16:09:25.163+0000] {processor.py:830} INFO - Processing file /opt/airflow/dags/minio_to_snowflake_dag.py for tasks to queue
[2026-07-05T16:09:25.167+0000] {logging_mixin.py:188} INFO - [2026-07-05T16:09:25.166+0000] {dagbag.py:545} INFO - Filling up the DagBag from /opt/airflow/dags/minio_to_snowflake_dag.py
[2026-07-05T16:09:25.942+0000] {processor.py:840} INFO - DAG(s) 'minio_to_snowflake_ecommerce' retrieved from /opt/airflow/dags/minio_to_snowflake_dag.py
[2026-07-05T16:09:25.974+0000] {logging_mixin.py:188} INFO - [2026-07-05T16:09:25.974+0000] {dag.py:3089} INFO - Sync 1 DAGs
[2026-07-05T16:09:26.003+0000] {logging_mixin.py:188} INFO - [2026-07-05T16:09:26.002+0000] {dag.py:3947} INFO - Setting next_dagrun for minio_to_snowflake_ecommerce to 2026-07-05 16:08:00+00:00, run_after=2026-07-05 16:09:00+00:00
[2026-07-05T16:09:26.026+0000] {processor.py:183} INFO - Processing /opt/airflow/dags/minio_to_snowflake_dag.py took 0.874 seconds
[2026-07-05T16:09:56.248+0000] {processor.py:161} INFO - Started process (PID=55309) to work on /opt/airflow/dags/minio_to_snowflake_dag.py
[2026-07-05T16:09:56.249+0000] {processor.py:830} INFO - Processing file /opt/airflow/dags/minio_to_snowflake_dag.py for tasks to queue
[2026-07-05T16:09:56.251+0000] {logging_mixin.py:188} INFO - [2026-07-05T16:09:56.251+0000] {dagbag.py:545} INFO - Filling up the DagBag from /opt/airflow/dags/minio_to_snowflake_dag.py
[2026-07-05T16:09:56.948+0000] {processor.py:840} INFO - DAG(s) 'minio_to_snowflake_ecommerce' retrieved from /opt/airflow/dags/minio_to_snowflake_dag.py
[2026-07-05T16:09:56.976+0000] {logging_mixin.py:188} INFO - [2026-07-05T16:09:56.975+0000] {dag.py:3089} INFO - Sync 1 DAGs
[2026-07-05T16:09:56.998+0000] {logging_mixin.py:188} INFO - [2026-07-05T16:09:56.998+0000] {dag.py:3947} INFO - Setting next_dagrun for minio_to_snowflake_ecommerce to 2026-07-05 16:08:00+00:00, run_after=2026-07-05 16:09:00+00:00
[2026-07-05T16:09:57.019+0000] {processor.py:183} INFO - Processing /opt/airflow/dags/minio_to_snowflake_dag.py took 0.779 seconds
[2026-07-05T16:10:27.347+0000] {processor.py:161} INFO - Started process (PID=55313) to work on /opt/airflow/dags/minio_to_snowflake_dag.py
[2026-07-05T16:10:27.349+0000] {processor.py:830} INFO - Processing file /opt/airflow/dags/minio_to_snowflake_dag.py for tasks to queue
[2026-07-05T16:10:27.352+0000] {logging_mixin.py:188} INFO - [2026-07-05T16:10:27.351+0000] {dagbag.py:545} INFO - Filling up the DagBag from /opt/airflow/dags/minio_to_snowflake_dag.py
[2026-07-05T16:10:28.088+0000] {processor.py:840} INFO - DAG(s) 'minio_to_snowflake_ecommerce' retrieved from /opt/airflow/dags/minio_to_snowflake_dag.py
[2026-07-05T16:10:28.115+0000] {logging_mixin.py:188} INFO - [2026-07-05T16:10:28.114+0000] {dag.py:3089} INFO - Sync 1 DAGs
[2026-07-05T16:10:28.142+0000] {logging_mixin.py:188} INFO - [2026-07-05T16:10:28.142+0000] {dag.py:3947} INFO - Setting next_dagrun for minio_to_snowflake_ecommerce to 2026-07-05 16:09:00+00:00, run_after=2026-07-05 16:10:00+00:00
[2026-07-05T16:10:28.165+0000] {processor.py:183} INFO - Processing /opt/airflow/dags/minio_to_snowflake_dag.py took 0.827 seconds
[2026-07-05T16:10:58.409+0000] {processor.py:161} INFO - Started process (PID=55317) to work on /opt/airflow/dags/minio_to_snowflake_dag.py
[2026-07-05T16:10:58.410+0000] {processor.py:830} INFO - Processing file /opt/airflow/dags/minio_to_snowflake_dag.py for tasks to queue
[2026-07-05T16:10:58.413+0000] {logging_mixin.py:188} INFO - [2026-07-05T16:10:58.412+0000] {dagbag.py:545} INFO - Filling up the DagBag from /opt/airflow/dags/minio_to_snowflake_dag.py
[2026-07-05T16:10:59.198+0000] {processor.py:840} INFO - DAG(s) 'minio_to_snowflake_ecommerce' retrieved from /opt/airflow/dags/minio_to_snowflake_dag.py
[2026-07-05T16:10:59.233+0000] {logging_mixin.py:188} INFO - [2026-07-05T16:10:59.232+0000] {dag.py:3089} INFO - Sync 1 DAGs
[2026-07-05T16:10:59.274+0000] {logging_mixin.py:188} INFO - [2026-07-05T16:10:59.274+0000] {dag.py:3947} INFO - Setting next_dagrun for minio_to_snowflake_ecommerce to 2026-07-05 16:09:00+00:00, run_after=2026-07-05 16:10:00+00:00
[2026-07-05T16:10:59.299+0000] {processor.py:183} INFO - Processing /opt/airflow/dags/minio_to_snowflake_dag.py took 0.898 seconds
[2026-07-05T16:11:29.693+0000] {processor.py:161} INFO - Started process (PID=55321) to work on /opt/airflow/dags/minio_to_snowflake_dag.py
[2026-07-05T16:11:29.694+0000] {processor.py:830} INFO - Processing file /opt/airflow/dags/minio_to_snowflake_dag.py for tasks to queue
[2026-07-05T16:11:29.697+0000] {logging_mixin.py:188} INFO - [2026-07-05T16:11:29.697+0000] {dagbag.py:545} INFO - Filling up the DagBag from /opt/airflow/dags/minio_to_snowflake_dag.py
[2026-07-05T16:11:30.430+0000] {processor.py:840} INFO - DAG(s) 'minio_to_snowflake_ecommerce' retrieved from /opt/airflow/dags/minio_to_snowflake_dag.py
[2026-07-05T16:11:30.459+0000] {logging_mixin.py:188} INFO - [2026-07-05T16:11:30.458+0000] {dag.py:3089} INFO - Sync 1 DAGs
[2026-07-05T16:11:30.483+0000] {logging_mixin.py:188} INFO - [2026-07-05T16:11:30.483+0000] {dag.py:3947} INFO - Setting next_dagrun for minio_to_snowflake_ecommerce to 2026-07-05 16:10:00+00:00, run_after=2026-07-05 16:11:00+00:00
[2026-07-05T16:11:30.503+0000] {processor.py:183} INFO - Processing /opt/airflow/dags/minio_to_snowflake_dag.py took 0.821 seconds
[2026-07-05T16:12:00.786+0000] {processor.py:161} INFO - Started process (PID=55325) to work on /opt/airflow/dags/minio_to_snowflake_dag.py
[2026-07-05T16:12:00.788+0000] {processor.py:830} INFO - Processing file /opt/airflow/dags/minio_to_snowflake_dag.py for tasks to queue
[2026-07-05T16:12:00.791+0000] {logging_mixin.py:188} INFO - [2026-07-05T16:12:00.791+0000] {dagbag.py:545} INFO - Filling up the DagBag from /opt/airflow/dags/minio_to_snowflake_dag.py
[2026-07-05T16:12:01.525+0000] {processor.py:840} INFO - DAG(s) 'minio_to_snowflake_ecommerce' retrieved from /opt/airflow/dags/minio_to_snowflake_dag.py
[2026-07-05T16:12:01.552+0000] {logging_mixin.py:188} INFO - [2026-07-05T16:12:01.552+0000] {dag.py:3089} INFO - Sync 1 DAGs
[2026-07-05T16:12:01.579+0000] {logging_mixin.py:188} INFO - [2026-07-05T16:12:01.579+0000] {dag.py:3947} INFO - Setting next_dagrun for minio_to_snowflake_ecommerce to 2026-07-05 16:11:00+00:00, run_after=2026-07-05 16:12:00+00:00
[2026-07-05T16:12:01.602+0000] {processor.py:183} INFO - Processing /opt/airflow/dags/minio_to_snowflake_dag.py took 0.825 seconds
[2026-07-05T16:12:32.058+0000] {processor.py:161} INFO - Started process (PID=55329) to work on /opt/airflow/dags/minio_to_snowflake_dag.py
[2026-07-05T16:12:32.059+0000] {processor.py:830} INFO - Processing file /opt/airflow/dags/minio_to_snowflake_dag.py for tasks to queue
[2026-07-05T16:12:32.062+0000] {logging_mixin.py:188} INFO - [2026-07-05T16:12:32.061+0000] {dagbag.py:545} INFO - Filling up the DagBag from /opt/airflow/dags/minio_to_snowflake_dag.py
[2026-07-05T16:12:32.758+0000] {processor.py:840} INFO - DAG(s) 'minio_to_snowflake_ecommerce' retrieved from /opt/airflow/dags/minio_to_snowflake_dag.py
[2026-07-05T16:12:32.791+0000] {logging_mixin.py:188} INFO - [2026-07-05T16:12:32.790+0000] {dag.py:3089} INFO - Sync 1 DAGs
[2026-07-05T16:12:32.818+0000] {logging_mixin.py:188} INFO - [2026-07-05T16:12:32.817+0000] {dag.py:3947} INFO - Setting next_dagrun for minio_to_snowflake_ecommerce to 2026-07-05 16:11:00+00:00, run_after=2026-07-05 16:12:00+00:00
[2026-07-05T16:12:32.841+0000] {processor.py:183} INFO - Processing /opt/airflow/dags/minio_to_snowflake_dag.py took 0.792 seconds
[2026-07-05T16:13:03.173+0000] {processor.py:161} INFO - Started process (PID=55333) to work on /opt/airflow/dags/minio_to_snowflake_dag.py
[2026-07-05T16:13:03.175+0000] {processor.py:830} INFO - Processing file /opt/airflow/dags/minio_to_snowflake_dag.py for tasks to queue
[2026-07-05T16:13:03.177+0000] {logging_mixin.py:188} INFO - [2026-07-05T16:13:03.177+0000] {dagbag.py:545} INFO - Filling up the DagBag from /opt/airflow/dags/minio_to_snowflake_dag.py
[2026-07-05T16:13:04.029+0000] {processor.py:840} INFO - DAG(s) 'minio_to_snowflake_ecommerce' retrieved from /opt/airflow/dags/minio_to_snowflake_dag.py
[2026-07-05T16:13:04.059+0000] {logging_mixin.py:188} INFO - [2026-07-05T16:13:04.058+0000] {dag.py:3089} INFO - Sync 1 DAGs
[2026-07-05T16:13:04.086+0000] {logging_mixin.py:188} INFO - [2026-07-05T16:13:04.085+0000] {dag.py:3947} INFO - Setting next_dagrun for minio_to_snowflake_ecommerce to 2026-07-05 16:12:00+00:00, run_after=2026-07-05 16:13:00+00:00
[2026-07-05T16:13:04.108+0000] {processor.py:183} INFO - Processing /opt/airflow/dags/minio_to_snowflake_dag.py took 0.944 seconds
[2026-07-05T16:13:34.491+0000] {processor.py:161} INFO - Started process (PID=55337) to work on /opt/airflow/dags/minio_to_snowflake_dag.py
[2026-07-05T16:13:34.492+0000] {processor.py:830} INFO - Processing file /opt/airflow/dags/minio_to_snowflake_dag.py for tasks to queue
[2026-07-05T16:13:34.495+0000] {logging_mixin.py:188} INFO - [2026-07-05T16:13:34.494+0000] {dagbag.py:545} INFO - Filling up the DagBag from /opt/airflow/dags/minio_to_snowflake_dag.py
[2026-07-05T16:13:35.227+0000] {processor.py:840} INFO - DAG(s) 'minio_to_snowflake_ecommerce' retrieved from /opt/airflow/dags/minio_to_snowflake_dag.py
[2026-07-05T16:13:35.251+0000] {logging_mixin.py:188} INFO - [2026-07-05T16:13:35.251+0000] {dag.py:3089} INFO - Sync 1 DAGs
[2026-07-05T16:13:35.275+0000] {logging_mixin.py:188} INFO - [2026-07-05T16:13:35.275+0000] {dag.py:3947} INFO - Setting next_dagrun for minio_to_snowflake_ecommerce to 2026-07-05 16:12:00+00:00, run_after=2026-07-05 16:13:00+00:00
[2026-07-05T16:13:35.296+0000] {processor.py:183} INFO - Processing /opt/airflow/dags/minio_to_snowflake_dag.py took 0.813 seconds
[2026-07-05T16:14:05.721+0000] {processor.py:161} INFO - Started process (PID=55341) to work on /opt/airflow/dags/minio_to_snowflake_dag.py
[2026-07-05T16:14:05.722+0000] {processor.py:830} INFO - Processing file /opt/airflow/dags/minio_to_snowflake_dag.py for tasks to queue
[2026-07-05T16:14:05.724+0000] {logging_mixin.py:188} INFO - [2026-07-05T16:14:05.724+0000] {dagbag.py:545} INFO - Filling up the DagBag from /opt/airflow/dags/minio_to_snowflake_dag.py
[2026-07-05T16:14:06.502+0000] {processor.py:840} INFO - DAG(s) 'minio_to_snowflake_ecommerce' retrieved from /opt/airflow/dags/minio_to_snowflake_dag.py
[2026-07-05T16:14:06.530+0000] {logging_mixin.py:188} INFO - [2026-07-05T16:14:06.529+0000] {dag.py:3089} INFO - Sync 1 DAGs
[2026-07-05T16:14:06.554+0000] {logging_mixin.py:188} INFO - [2026-07-05T16:14:06.553+0000] {dag.py:3947} INFO - Setting next_dagrun for minio_to_snowflake_ecommerce to 2026-07-05 16:13:00+00:00, run_after=2026-07-05 16:14:00+00:00
[2026-07-05T16:14:06.571+0000] {processor.py:183} INFO - Processing /opt/airflow/dags/minio_to_snowflake_dag.py took 0.857 seconds
[2026-07-05T16:14:36.973+0000] {processor.py:161} INFO - Started process (PID=55345) to work on /opt/airflow/dags/minio_to_snowflake_dag.py
[2026-07-05T16:14:36.974+0000] {processor.py:830} INFO - Processing file /opt/airflow/dags/minio_to_snowflake_dag.py for tasks to queue
[2026-07-05T16:14:36.976+0000] {logging_mixin.py:188} INFO - [2026-07-05T16:14:36.976+0000] {dagbag.py:545} INFO - Filling up the DagBag from /opt/airflow/dags/minio_to_snowflake_dag.py
[2026-07-05T16:14:37.769+0000] {processor.py:840} INFO - DAG(s) 'minio_to_snowflake_ecommerce' retrieved from /opt/airflow/dags/minio_to_snowflake_dag.py
[2026-07-05T16:14:37.797+0000] {logging_mixin.py:188} INFO - [2026-07-05T16:14:37.797+0000] {dag.py:3089} INFO - Sync 1 DAGs
[2026-07-05T16:14:37.825+0000] {logging_mixin.py:188} INFO - [2026-07-05T16:14:37.824+0000] {dag.py:3947} INFO - Setting next_dagrun for minio_to_snowflake_ecommerce to 2026-07-05 16:13:00+00:00, run_after=2026-07-05 16:14:00+00:00
[2026-07-05T16:14:37.847+0000] {processor.py:183} INFO - Processing /opt/airflow/dags/minio_to_snowflake_dag.py took 0.883 seconds
[2026-07-05T16:15:08.300+0000] {processor.py:161} INFO - Started process (PID=55349) to work on /opt/airflow/dags/minio_to_snowflake_dag.py
[2026-07-05T16:15:08.302+0000] {processor.py:830} INFO - Processing file /opt/airflow/dags/minio_to_snowflake_dag.py for tasks to queue
[2026-07-05T16:15:08.304+0000] {logging_mixin.py:188} INFO - [2026-07-05T16:15:08.304+0000] {dagbag.py:545} INFO - Filling up the DagBag from /opt/airflow/dags/minio_to_snowflake_dag.py
[2026-07-05T16:15:08.992+0000] {processor.py:840} INFO - DAG(s) 'minio_to_snowflake_ecommerce' retrieved from /opt/airflow/dags/minio_to_snowflake_dag.py
[2026-07-05T16:15:09.017+0000] {logging_mixin.py:188} INFO - [2026-07-05T16:15:09.016+0000] {dag.py:3089} INFO - Sync 1 DAGs
[2026-07-05T16:15:09.043+0000] {logging_mixin.py:188} INFO - [2026-07-05T16:15:09.042+0000] {dag.py:3947} INFO - Setting next_dagrun for minio_to_snowflake_ecommerce to 2026-07-05 16:14:00+00:00, run_after=2026-07-05 16:15:00+00:00
[2026-07-05T16:15:09.064+0000] {processor.py:183} INFO - Processing /opt/airflow/dags/minio_to_snowflake_dag.py took 0.772 seconds
[2026-07-05T16:15:39.462+0000] {processor.py:161} INFO - Started process (PID=55353) to work on /opt/airflow/dags/minio_to_snowflake_dag.py
[2026-07-05T16:15:39.463+0000] {processor.py:830} INFO - Processing file /opt/airflow/dags/minio_to_snowflake_dag.py for tasks to queue
[2026-07-05T16:15:39.465+0000] {logging_mixin.py:188} INFO - [2026-07-05T16:15:39.465+0000] {dagbag.py:545} INFO - Filling up the DagBag from /opt/airflow/dags/minio_to_snowflake_dag.py
[2026-07-05T16:15:40.223+0000] {processor.py:840} INFO - DAG(s) 'minio_to_snowflake_ecommerce' retrieved from /opt/airflow/dags/minio_to_snowflake_dag.py
[2026-07-05T16:15:40.251+0000] {logging_mixin.py:188} INFO - [2026-07-05T16:15:40.251+0000] {dag.py:3089} INFO - Sync 1 DAGs
[2026-07-05T16:15:40.277+0000] {logging_mixin.py:188} INFO - [2026-07-05T16:15:40.277+0000] {dag.py:3947} INFO - Setting next_dagrun for minio_to_snowflake_ecommerce to 2026-07-05 16:14:00+00:00, run_after=2026-07-05 16:15:00+00:00
[2026-07-05T16:15:40.299+0000] {processor.py:183} INFO - Processing /opt/airflow/dags/minio_to_snowflake_dag.py took 0.845 seconds
[2026-07-05T16:16:10.624+0000] {processor.py:161} INFO - Started process (PID=55357) to work on /opt/airflow/dags/minio_to_snowflake_dag.py
[2026-07-05T16:16:10.626+0000] {processor.py:830} INFO - Processing file /opt/airflow/dags/minio_to_snowflake_dag.py for tasks to queue
[2026-07-05T16:16:10.628+0000] {logging_mixin.py:188} INFO - [2026-07-05T16:16:10.627+0000] {dagbag.py:545} INFO - Filling up the DagBag from /opt/airflow/dags/minio_to_snowflake_dag.py
[2026-07-05T16:16:11.372+0000] {processor.py:840} INFO - DAG(s) 'minio_to_snowflake_ecommerce' retrieved from /opt/airflow/dags/minio_to_snowflake_dag.py
[2026-07-05T16:16:11.401+0000] {logging_mixin.py:188} INFO - [2026-07-05T16:16:11.401+0000] {dag.py:3089} INFO - Sync 1 DAGs
[2026-07-05T16:16:11.428+0000] {logging_mixin.py:188} INFO - [2026-07-05T16:16:11.427+0000] {dag.py:3947} INFO - Setting next_dagrun for minio_to_snowflake_ecommerce to 2026-07-05 16:15:00+00:00, run_after=2026-07-05 16:16:00+00:00
[2026-07-05T16:16:11.448+0000] {processor.py:183} INFO - Processing /opt/airflow/dags/minio_to_snowflake_dag.py took 0.833 seconds
[2026-07-05T16:16:41.597+0000] {processor.py:161} INFO - Started process (PID=55361) to work on /opt/airflow/dags/minio_to_snowflake_dag.py
[2026-07-05T16:16:41.599+0000] {processor.py:830} INFO - Processing file /opt/airflow/dags/minio_to_snowflake_dag.py for tasks to queue
[2026-07-05T16:16:41.601+0000] {logging_mixin.py:188} INFO - [2026-07-05T16:16:41.600+0000] {dagbag.py:545} INFO - Filling up the DagBag from /opt/airflow/dags/minio_to_snowflake_dag.py
[2026-07-05T16:16:42.376+0000] {processor.py:840} INFO - DAG(s) 'minio_to_snowflake_ecommerce' retrieved from /opt/airflow/dags/minio_to_snowflake_dag.py
[2026-07-05T16:16:42.412+0000] {logging_mixin.py:188} INFO - [2026-07-05T16:16:42.411+0000] {dag.py:3089} INFO - Sync 1 DAGs
[2026-07-05T16:16:42.440+0000] {logging_mixin.py:188} INFO - [2026-07-05T16:16:42.440+0000] {dag.py:3947} INFO - Setting next_dagrun for minio_to_snowflake_ecommerce to 2026-07-05 16:15:00+00:00, run_after=2026-07-05 16:16:00+00:00
[2026-07-05T16:16:42.466+0000] {processor.py:183} INFO - Processing /opt/airflow/dags/minio_to_snowflake_dag.py took 0.877 seconds
[2026-07-05T16:17:12.865+0000] {processor.py:161} INFO - Started process (PID=55365) to work on /opt/airflow/dags/minio_to_snowflake_dag.py
[2026-07-05T16:17:12.867+0000] {processor.py:830} INFO - Processing file /opt/airflow/dags/minio_to_snowflake_dag.py for tasks to queue
[2026-07-05T16:17:12.869+0000] {logging_mixin.py:188} INFO - [2026-07-05T16:17:12.869+0000] {dagbag.py:545} INFO - Filling up the DagBag from /opt/airflow/dags/minio_to_snowflake_dag.py
[2026-07-05T16:17:13.640+0000] {processor.py:840} INFO - DAG(s) 'minio_to_snowflake_ecommerce' retrieved from /opt/airflow/dags/minio_to_snowflake_dag.py
[2026-07-05T16:17:13.668+0000] {logging_mixin.py:188} INFO - [2026-07-05T16:17:13.667+0000] {dag.py:3089} INFO - Sync 1 DAGs
[2026-07-05T16:17:13.694+0000] {logging_mixin.py:188} INFO - [2026-07-05T16:17:13.694+0000] {dag.py:3947} INFO - Setting next_dagrun for minio_to_snowflake_ecommerce to 2026-07-05 16:16:00+00:00, run_after=2026-07-05 16:17:00+00:00
[2026-07-05T16:17:13.716+0000] {processor.py:183} INFO - Processing /opt/airflow/dags/minio_to_snowflake_dag.py took 0.859 seconds
[2026-07-05T16:17:44.099+0000] {processor.py:161} INFO - Started process (PID=55369) to work on /opt/airflow/dags/minio_to_snowflake_dag.py
[2026-07-05T16:17:44.100+0000] {processor.py:830} INFO - Processing file /opt/airflow/dags/minio_to_snowflake_dag.py for tasks to queue
[2026-07-05T16:17:44.104+0000] {logging_mixin.py:188} INFO - [2026-07-05T16:17:44.103+0000] {dagbag.py:545} INFO - Filling up the DagBag from /opt/airflow/dags/minio_to_snowflake_dag.py
[2026-07-05T16:17:44.966+0000] {processor.py:840} INFO - DAG(s) 'minio_to_snowflake_ecommerce' retrieved from /opt/airflow/dags/minio_to_snowflake_dag.py
[2026-07-05T16:17:45.012+0000] {logging_mixin.py:188} INFO - [2026-07-05T16:17:45.012+0000] {dag.py:3089} INFO - Sync 1 DAGs
[2026-07-05T16:17:45.044+0000] {logging_mixin.py:188} INFO - [2026-07-05T16:17:45.044+0000] {dag.py:3947} INFO - Setting next_dagrun for minio_to_snowflake_ecommerce to 2026-07-05 16:16:00+00:00, run_after=2026-07-05 16:17:00+00:00
[2026-07-05T16:17:45.067+0000] {processor.py:183} INFO - Processing /opt/airflow/dags/minio_to_snowflake_dag.py took 0.976 seconds
[2026-07-05T16:18:15.364+0000] {processor.py:161} INFO - Started process (PID=55373) to work on /opt/airflow/dags/minio_to_snowflake_dag.py
[2026-07-05T16:18:15.368+0000] {processor.py:830} INFO - Processing file /opt/airflow/dags/minio_to_snowflake_dag.py for tasks to queue
[2026-07-05T16:18:15.378+0000] {logging_mixin.py:188} INFO - [2026-07-05T16:18:15.376+0000] {dagbag.py:545} INFO - Filling up the DagBag from /opt/airflow/dags/minio_to_snowflake_dag.py
[2026-07-05T16:18:16.127+0000] {processor.py:840} INFO - DAG(s) 'minio_to_snowflake_ecommerce' retrieved from /opt/airflow/dags/minio_to_snowflake_dag.py
[2026-07-05T16:18:16.158+0000] {logging_mixin.py:188} INFO - [2026-07-05T16:18:16.158+0000] {dag.py:3089} INFO - Sync 1 DAGs
[2026-07-05T16:18:16.185+0000] {logging_mixin.py:188} INFO - [2026-07-05T16:18:16.184+0000] {dag.py:3947} INFO - Setting next_dagrun for minio_to_snowflake_ecommerce to 2026-07-05 16:17:00+00:00, run_after=2026-07-05 16:18:00+00:00
[2026-07-05T16:18:16.206+0000] {processor.py:183} INFO - Processing /opt/airflow/dags/minio_to_snowflake_dag.py took 0.862 seconds
[2026-07-05T16:18:46.548+0000] {processor.py:161} INFO - Started process (PID=55377) to work on /opt/airflow/dags/minio_to_snowflake_dag.py
[2026-07-05T16:18:46.549+0000] {processor.py:830} INFO - Processing file /opt/airflow/dags/minio_to_snowflake_dag.py for tasks to queue
[2026-07-05T16:18:46.552+0000] {logging_mixin.py:188} INFO - [2026-07-05T16:18:46.551+0000] {dagbag.py:545} INFO - Filling up the DagBag from /opt/airflow/dags/minio_to_snowflake_dag.py
[2026-07-05T16:18:47.404+0000] {processor.py:840} INFO - DAG(s) 'minio_to_snowflake_ecommerce' retrieved from /opt/airflow/dags/minio_to_snowflake_dag.py
[2026-07-05T16:18:47.438+0000] {logging_mixin.py:188} INFO - [2026-07-05T16:18:47.437+0000] {dag.py:3089} INFO - Sync 1 DAGs
[2026-07-05T16:18:47.467+0000] {logging_mixin.py:188} INFO - [2026-07-05T16:18:47.466+0000] {dag.py:3947} INFO - Setting next_dagrun for minio_to_snowflake_ecommerce to 2026-07-05 16:17:00+00:00, run_after=2026-07-05 16:18:00+00:00
[2026-07-05T16:18:47.491+0000] {processor.py:183} INFO - Processing /opt/airflow/dags/minio_to_snowflake_dag.py took 0.951 seconds
[2026-07-05T16:19:17.884+0000] {processor.py:161} INFO - Started process (PID=55381) to work on /opt/airflow/dags/minio_to_snowflake_dag.py
[2026-07-05T16:19:17.886+0000] {processor.py:830} INFO - Processing file /opt/airflow/dags/minio_to_snowflake_dag.py for tasks to queue
[2026-07-05T16:19:17.888+0000] {logging_mixin.py:188} INFO - [2026-07-05T16:19:17.888+0000] {dagbag.py:545} INFO - Filling up the DagBag from /opt/airflow/dags/minio_to_snowflake_dag.py
[2026-07-05T16:19:18.613+0000] {processor.py:840} INFO - DAG(s) 'minio_to_snowflake_ecommerce' retrieved from /opt/airflow/dags/minio_to_snowflake_dag.py
[2026-07-05T16:19:18.645+0000] {logging_mixin.py:188} INFO - [2026-07-05T16:19:18.644+0000] {dag.py:3089} INFO - Sync 1 DAGs
[2026-07-05T16:19:18.675+0000] {logging_mixin.py:188} INFO - [2026-07-05T16:19:18.674+0000] {dag.py:3947} INFO - Setting next_dagrun for minio_to_snowflake_ecommerce to 2026-07-05 16:18:00+00:00, run_after=2026-07-05 16:19:00+00:00
[2026-07-05T16:19:18.699+0000] {processor.py:183} INFO - Processing /opt/airflow/dags/minio_to_snowflake_dag.py took 0.825 seconds
[2026-07-05T16:19:49.115+0000] {processor.py:161} INFO - Started process (PID=55385) to work on /opt/airflow/dags/minio_to_snowflake_dag.py
[2026-07-05T16:19:49.118+0000] {processor.py:830} INFO - Processing file /opt/airflow/dags/minio_to_snowflake_dag.py for tasks to queue
[2026-07-05T16:19:49.120+0000] {logging_mixin.py:188} INFO - [2026-07-05T16:19:49.120+0000] {dagbag.py:545} INFO - Filling up the DagBag from /opt/airflow/dags/minio_to_snowflake_dag.py
[2026-07-05T16:19:49.857+0000] {processor.py:840} INFO - DAG(s) 'minio_to_snowflake_ecommerce' retrieved from /opt/airflow/dags/minio_to_snowflake_dag.py
[2026-07-05T16:19:49.886+0000] {logging_mixin.py:188} INFO - [2026-07-05T16:19:49.886+0000] {dag.py:3089} INFO - Sync 1 DAGs
[2026-07-05T16:19:49.912+0000] {logging_mixin.py:188} INFO - [2026-07-05T16:19:49.911+0000] {dag.py:3947} INFO - Setting next_dagrun for minio_to_snowflake_ecommerce to 2026-07-05 16:18:00+00:00, run_after=2026-07-05 16:19:00+00:00
[2026-07-05T16:19:49.932+0000] {processor.py:183} INFO - Processing /opt/airflow/dags/minio_to_snowflake_dag.py took 0.825 seconds
[2026-07-05T16:20:20.284+0000] {processor.py:161} INFO - Started process (PID=55389) to work on /opt/airflow/dags/minio_to_snowflake_dag.py
[2026-07-05T16:20:20.286+0000] {processor.py:830} INFO - Processing file /opt/airflow/dags/minio_to_snowflake_dag.py for tasks to queue
[2026-07-05T16:20:20.288+0000] {logging_mixin.py:188} INFO - [2026-07-05T16:20:20.287+0000] {dagbag.py:545} INFO - Filling up the DagBag from /opt/airflow/dags/minio_to_snowflake_dag.py
[2026-07-05T16:20:21.042+0000] {processor.py:840} INFO - DAG(s) 'minio_to_snowflake_ecommerce' retrieved from /opt/airflow/dags/minio_to_snowflake_dag.py
[2026-07-05T16:20:21.072+0000] {logging_mixin.py:188} INFO - [2026-07-05T16:20:21.071+0000] {dag.py:3089} INFO - Sync 1 DAGs
[2026-07-05T16:20:21.104+0000] {logging_mixin.py:188} INFO - [2026-07-05T16:20:21.103+0000] {dag.py:3947} INFO - Setting next_dagrun for minio_to_snowflake_ecommerce to 2026-07-05 16:19:00+00:00, run_after=2026-07-05 16:20:00+00:00
[2026-07-05T16:20:21.131+0000] {processor.py:183} INFO - Processing /opt/airflow/dags/minio_to_snowflake_dag.py took 0.854 seconds
[2026-07-05T16:20:51.483+0000] {processor.py:161} INFO - Started process (PID=55393) to work on /opt/airflow/dags/minio_to_snowflake_dag.py
[2026-07-05T16:20:51.484+0000] {processor.py:830} INFO - Processing file /opt/airflow/dags/minio_to_snowflake_dag.py for tasks to queue
[2026-07-05T16:20:51.487+0000] {logging_mixin.py:188} INFO - [2026-07-05T16:20:51.486+0000] {dagbag.py:545} INFO - Filling up the DagBag from /opt/airflow/dags/minio_to_snowflake_dag.py
[2026-07-05T16:20:52.201+0000] {processor.py:840} INFO - DAG(s) 'minio_to_snowflake_ecommerce' retrieved from /opt/airflow/dags/minio_to_snowflake_dag.py
[2026-07-05T16:20:52.241+0000] {logging_mixin.py:188} INFO - [2026-07-05T16:20:52.241+0000] {dag.py:3089} INFO - Sync 1 DAGs
[2026-07-05T16:20:52.278+0000] {logging_mixin.py:188} INFO - [2026-07-05T16:20:52.277+0000] {dag.py:3947} INFO - Setting next_dagrun for minio_to_snowflake_ecommerce to 2026-07-05 16:19:00+00:00, run_after=2026-07-05 16:20:00+00:00
[2026-07-05T16:20:52.304+0000] {processor.py:183} INFO - Processing /opt/airflow/dags/minio_to_snowflake_dag.py took 0.828 seconds
[2026-07-05T16:21:22.600+0000] {processor.py:161} INFO - Started process (PID=55397) to work on /opt/airflow/dags/minio_to_snowflake_dag.py
[2026-07-05T16:21:22.602+0000] {processor.py:830} INFO - Processing file /opt/airflow/dags/minio_to_snowflake_dag.py for tasks to queue
[2026-07-05T16:21:22.604+0000] {logging_mixin.py:188} INFO - [2026-07-05T16:21:22.604+0000] {dagbag.py:545} INFO - Filling up the DagBag from /opt/airflow/dags/minio_to_snowflake_dag.py
[2026-07-05T16:21:23.358+0000] {processor.py:840} INFO - DAG(s) 'minio_to_snowflake_ecommerce' retrieved from /opt/airflow/dags/minio_to_snowflake_dag.py
[2026-07-05T16:21:23.398+0000] {logging_mixin.py:188} INFO - [2026-07-05T16:21:23.397+0000] {dag.py:3089} INFO - Sync 1 DAGs
[2026-07-05T16:21:23.427+0000] {logging_mixin.py:188} INFO - [2026-07-05T16:21:23.427+0000] {dag.py:3947} INFO - Setting next_dagrun for minio_to_snowflake_ecommerce to 2026-07-05 16:20:00+00:00, run_after=2026-07-05 16:21:00+00:00
[2026-07-05T16:21:23.447+0000] {processor.py:183} INFO - Processing /opt/airflow/dags/minio_to_snowflake_dag.py took 0.854 seconds
[2026-07-05T16:21:53.697+0000] {processor.py:161} INFO - Started process (PID=55401) to work on /opt/airflow/dags/minio_to_snowflake_dag.py
[2026-07-05T16:21:53.699+0000] {processor.py:830} INFO - Processing file /opt/airflow/dags/minio_to_snowflake_dag.py for tasks to queue
[2026-07-05T16:21:53.701+0000] {logging_mixin.py:188} INFO - [2026-07-05T16:21:53.701+0000] {dagbag.py:545} INFO - Filling up the DagBag from /opt/airflow/dags/minio_to_snowflake_dag.py
[2026-07-05T16:21:54.424+0000] {processor.py:840} INFO - DAG(s) 'minio_to_snowflake_ecommerce' retrieved from /opt/airflow/dags/minio_to_snowflake_dag.py
[2026-07-05T16:21:54.457+0000] {logging_mixin.py:188} INFO - [2026-07-05T16:21:54.456+0000] {dag.py:3089} INFO - Sync 1 DAGs
[2026-07-05T16:21:54.484+0000] {logging_mixin.py:188} INFO - [2026-07-05T16:21:54.484+0000] {dag.py:3947} INFO - Setting next_dagrun for minio_to_snowflake_ecommerce to 2026-07-05 16:20:00+00:00, run_after=2026-07-05 16:21:00+00:00
[2026-07-05T16:21:54.508+0000] {processor.py:183} INFO - Processing /opt/airflow/dags/minio_to_snowflake_dag.py took 0.820 seconds
[2026-07-05T16:22:24.827+0000] {processor.py:161} INFO - Started process (PID=55405) to work on /opt/airflow/dags/minio_to_snowflake_dag.py
[2026-07-05T16:22:24.829+0000] {processor.py:830} INFO - Processing file /opt/airflow/dags/minio_to_snowflake_dag.py for tasks to queue
[2026-07-05T16:22:24.831+0000] {logging_mixin.py:188} INFO - [2026-07-05T16:22:24.831+0000] {dagbag.py:545} INFO - Filling up the DagBag from /opt/airflow/dags/minio_to_snowflake_dag.py
[2026-07-05T16:22:25.590+0000] {processor.py:840} INFO - DAG(s) 'minio_to_snowflake_ecommerce' retrieved from /opt/airflow/dags/minio_to_snowflake_dag.py
[2026-07-05T16:22:25.621+0000] {logging_mixin.py:188} INFO - [2026-07-05T16:22:25.621+0000] {dag.py:3089} INFO - Sync 1 DAGs
[2026-07-05T16:22:25.650+0000] {logging_mixin.py:188} INFO - [2026-07-05T16:22:25.650+0000] {dag.py:3947} INFO - Setting next_dagrun for minio_to_snowflake_ecommerce to 2026-07-05 16:21:00+00:00, run_after=2026-07-05 16:22:00+00:00
[2026-07-05T16:22:25.675+0000] {processor.py:183} INFO - Processing /opt/airflow/dags/minio_to_snowflake_dag.py took 0.856 seconds
[2026-07-05T16:22:55.939+0000] {processor.py:161} INFO - Started process (PID=55409) to work on /opt/airflow/dags/minio_to_snowflake_dag.py
[2026-07-05T16:22:55.940+0000] {processor.py:830} INFO - Processing file /opt/airflow/dags/minio_to_snowflake_dag.py for tasks to queue
[2026-07-05T16:22:55.942+0000] {logging_mixin.py:188} INFO - [2026-07-05T16:22:55.942+0000] {dagbag.py:545} INFO - Filling up the DagBag from /opt/airflow/dags/minio_to_snowflake_dag.py
[2026-07-05T16:22:56.744+0000] {processor.py:840} INFO - DAG(s) 'minio_to_snowflake_ecommerce' retrieved from /opt/airflow/dags/minio_to_snowflake_dag.py
[2026-07-05T16:22:56.772+0000] {logging_mixin.py:188} INFO - [2026-07-05T16:22:56.771+0000] {dag.py:3089} INFO - Sync 1 DAGs
[2026-07-05T16:22:56.797+0000] {logging_mixin.py:188} INFO - [2026-07-05T16:22:56.797+0000] {dag.py:3947} INFO - Setting next_dagrun for minio_to_snowflake_ecommerce to 2026-07-05 16:21:00+00:00, run_after=2026-07-05 16:22:00+00:00
[2026-07-05T16:22:56.818+0000] {processor.py:183} INFO - Processing /opt/airflow/dags/minio_to_snowflake_dag.py took 0.885 seconds
[2026-07-05T16:23:27.014+0000] {processor.py:161} INFO - Started process (PID=55413) to work on /opt/airflow/dags/minio_to_snowflake_dag.py
[2026-07-05T16:23:27.015+0000] {processor.py:830} INFO - Processing file /opt/airflow/dags/minio_to_snowflake_dag.py for tasks to queue
[2026-07-05T16:23:27.018+0000] {logging_mixin.py:188} INFO - [2026-07-05T16:23:27.018+0000] {dagbag.py:545} INFO - Filling up the DagBag from /opt/airflow/dags/minio_to_snowflake_dag.py
[2026-07-05T16:23:27.820+0000] {processor.py:840} INFO - DAG(s) 'minio_to_snowflake_ecommerce' retrieved from /opt/airflow/dags/minio_to_snowflake_dag.py
[2026-07-05T16:23:27.850+0000] {logging_mixin.py:188} INFO - [2026-07-05T16:23:27.849+0000] {dag.py:3089} INFO - Sync 1 DAGs
[2026-07-05T16:23:27.880+0000] {logging_mixin.py:188} INFO - [2026-07-05T16:23:27.880+0000] {dag.py:3947} INFO - Setting next_dagrun for minio_to_snowflake_ecommerce to 2026-07-05 16:22:00+00:00, run_after=2026-07-05 16:23:00+00:00
[2026-07-05T16:23:27.899+0000] {processor.py:183} INFO - Processing /opt/airflow/dags/minio_to_snowflake_dag.py took 0.893 seconds
[2026-07-05T16:23:58.259+0000] {processor.py:161} INFO - Started process (PID=55417) to work on /opt/airflow/dags/minio_to_snowflake_dag.py
[2026-07-05T16:23:58.261+0000] {processor.py:830} INFO - Processing file /opt/airflow/dags/minio_to_snowflake_dag.py for tasks to queue
[2026-07-05T16:23:58.265+0000] {logging_mixin.py:188} INFO - [2026-07-05T16:23:58.264+0000] {dagbag.py:545} INFO - Filling up the DagBag from /opt/airflow/dags/minio_to_snowflake_dag.py
[2026-07-05T16:23:59.169+0000] {processor.py:840} INFO - DAG(s) 'minio_to_snowflake_ecommerce' retrieved from /opt/airflow/dags/minio_to_snowflake_dag.py
[2026-07-05T16:23:59.201+0000] {logging_mixin.py:188} INFO - [2026-07-05T16:23:59.200+0000] {dag.py:3089} INFO - Sync 1 DAGs
[2026-07-05T16:23:59.227+0000] {logging_mixin.py:188} INFO - [2026-07-05T16:23:59.227+0000] {dag.py:3947} INFO - Setting next_dagrun for minio_to_snowflake_ecommerce to 2026-07-05 16:22:00+00:00, run_after=2026-07-05 16:23:00+00:00
[2026-07-05T16:23:59.254+0000] {processor.py:183} INFO - Processing /opt/airflow/dags/minio_to_snowflake_dag.py took 1.010 seconds
[2026-07-05T16:24:29.643+0000] {processor.py:161} INFO - Started process (PID=55421) to work on /opt/airflow/dags/minio_to_snowflake_dag.py
[2026-07-05T16:24:29.644+0000] {processor.py:830} INFO - Processing file /opt/airflow/dags/minio_to_snowflake_dag.py for tasks to queue
[2026-07-05T16:24:29.646+0000] {logging_mixin.py:188} INFO - [2026-07-05T16:24:29.646+0000] {dagbag.py:545} INFO - Filling up the DagBag from /opt/airflow/dags/minio_to_snowflake_dag.py
[2026-07-05T16:24:30.384+0000] {processor.py:840} INFO - DAG(s) 'minio_to_snowflake_ecommerce' retrieved from /opt/airflow/dags/minio_to_snowflake_dag.py
[2026-07-05T16:24:30.413+0000] {logging_mixin.py:188} INFO - [2026-07-05T16:24:30.412+0000] {dag.py:3089} INFO - Sync 1 DAGs
[2026-07-05T16:24:30.438+0000] {logging_mixin.py:188} INFO - [2026-07-05T16:24:30.438+0000] {dag.py:3947} INFO - Setting next_dagrun for minio_to_snowflake_ecommerce to 2026-07-05 16:23:00+00:00, run_after=2026-07-05 16:24:00+00:00
[2026-07-05T16:24:30.461+0000] {processor.py:183} INFO - Processing /opt/airflow/dags/minio_to_snowflake_dag.py took 0.829 seconds
[2026-07-05T16:25:00.865+0000] {processor.py:161} INFO - Started process (PID=55425) to work on /opt/airflow/dags/minio_to_snowflake_dag.py
[2026-07-05T16:25:00.867+0000] {processor.py:830} INFO - Processing file /opt/airflow/dags/minio_to_snowflake_dag.py for tasks to queue
[2026-07-05T16:25:00.869+0000] {logging_mixin.py:188} INFO - [2026-07-05T16:25:00.869+0000] {dagbag.py:545} INFO - Filling up the DagBag from /opt/airflow/dags/minio_to_snowflake_dag.py
[2026-07-05T16:25:01.664+0000] {processor.py:840} INFO - DAG(s) 'minio_to_snowflake_ecommerce' retrieved from /opt/airflow/dags/minio_to_snowflake_dag.py
[2026-07-05T16:25:01.694+0000] {logging_mixin.py:188} INFO - [2026-07-05T16:25:01.693+0000] {dag.py:3089} INFO - Sync 1 DAGs
[2026-07-05T16:25:01.720+0000] {logging_mixin.py:188} INFO - [2026-07-05T16:25:01.720+0000] {dag.py:3947} INFO - Setting next_dagrun for minio_to_snowflake_ecommerce to 2026-07-05 16:24:00+00:00, run_after=2026-07-05 16:25:00+00:00
[2026-07-05T16:25:01.745+0000] {processor.py:183} INFO - Processing /opt/airflow/dags/minio_to_snowflake_dag.py took 0.887 seconds
[2026-07-05T16:25:32.181+0000] {processor.py:161} INFO - Started process (PID=55429) to work on /opt/airflow/dags/minio_to_snowflake_dag.py
[2026-07-05T16:25:32.183+0000] {processor.py:830} INFO - Processing file /opt/airflow/dags/minio_to_snowflake_dag.py for tasks to queue
[2026-07-05T16:25:32.187+0000] {logging_mixin.py:188} INFO - [2026-07-05T16:25:32.186+0000] {dagbag.py:545} INFO - Filling up the DagBag from /opt/airflow/dags/minio_to_snowflake_dag.py
[2026-07-05T16:25:32.895+0000] {processor.py:840} INFO - DAG(s) 'minio_to_snowflake_ecommerce' retrieved from /opt/airflow/dags/minio_to_snowflake_dag.py
[2026-07-05T16:25:32.921+0000] {logging_mixin.py:188} INFO - [2026-07-05T16:25:32.920+0000] {dag.py:3089} INFO - Sync 1 DAGs
[2026-07-05T16:25:32.947+0000] {logging_mixin.py:188} INFO - [2026-07-05T16:25:32.947+0000] {dag.py:3947} INFO - Setting next_dagrun for minio_to_snowflake_ecommerce to 2026-07-05 16:24:00+00:00, run_after=2026-07-05 16:25:00+00:00
[2026-07-05T16:25:32.969+0000] {processor.py:183} INFO - Processing /opt/airflow/dags/minio_to_snowflake_dag.py took 0.796 seconds
[2026-07-05T16:26:03.240+0000] {processor.py:161} INFO - Started process (PID=55433) to work on /opt/airflow/dags/minio_to_snowflake_dag.py
[2026-07-05T16:26:03.241+0000] {processor.py:830} INFO - Processing file /opt/airflow/dags/minio_to_snowflake_dag.py for tasks to queue
[2026-07-05T16:26:03.244+0000] {logging_mixin.py:188} INFO - [2026-07-05T16:26:03.244+0000] {dagbag.py:545} INFO - Filling up the DagBag from /opt/airflow/dags/minio_to_snowflake_dag.py
[2026-07-05T16:26:04.009+0000] {processor.py:840} INFO - DAG(s) 'minio_to_snowflake_ecommerce' retrieved from /opt/airflow/dags/minio_to_snowflake_dag.py
[2026-07-05T16:26:04.043+0000] {logging_mixin.py:188} INFO - [2026-07-05T16:26:04.042+0000] {dag.py:3089} INFO - Sync 1 DAGs
[2026-07-05T16:26:04.068+0000] {logging_mixin.py:188} INFO - [2026-07-05T16:26:04.068+0000] {dag.py:3947} INFO - Setting next_dagrun for minio_to_snowflake_ecommerce to 2026-07-05 16:25:00+00:00, run_after=2026-07-05 16:26:00+00:00
[2026-07-05T16:26:04.090+0000] {processor.py:183} INFO - Processing /opt/airflow/dags/minio_to_snowflake_dag.py took 0.859 seconds
[2026-07-05T16:26:34.380+0000] {processor.py:161} INFO - Started process (PID=55437) to work on /opt/airflow/dags/minio_to_snowflake_dag.py
[2026-07-05T16:26:34.382+0000] {processor.py:830} INFO - Processing file /opt/airflow/dags/minio_to_snowflake_dag.py for tasks to queue
[2026-07-05T16:26:34.385+0000] {logging_mixin.py:188} INFO - [2026-07-05T16:26:34.385+0000] {dagbag.py:545} INFO - Filling up the DagBag from /opt/airflow/dags/minio_to_snowflake_dag.py
[2026-07-05T16:26:35.129+0000] {processor.py:840} INFO - DAG(s) 'minio_to_snowflake_ecommerce' retrieved from /opt/airflow/dags/minio_to_snowflake_dag.py
[2026-07-05T16:26:35.172+0000] {logging_mixin.py:188} INFO - [2026-07-05T16:26:35.171+0000] {dag.py:3089} INFO - Sync 1 DAGs
[2026-07-05T16:26:35.203+0000] {logging_mixin.py:188} INFO - [2026-07-05T16:26:35.203+0000] {dag.py:3947} INFO - Setting next_dagrun for minio_to_snowflake_ecommerce to 2026-07-05 16:25:00+00:00, run_after=2026-07-05 16:26:00+00:00
[2026-07-05T16:26:35.232+0000] {processor.py:183} INFO - Processing /opt/airflow/dags/minio_to_snowflake_dag.py took 0.859 seconds
[2026-07-05T16:27:05.511+0000] {processor.py:161} INFO - Started process (PID=55441) to work on /opt/airflow/dags/minio_to_snowflake_dag.py
[2026-07-05T16:27:05.512+0000] {processor.py:830} INFO - Processing file /opt/airflow/dags/minio_to_snowflake_dag.py for tasks to queue
[2026-07-05T16:27:05.514+0000] {logging_mixin.py:188} INFO - [2026-07-05T16:27:05.514+0000] {dagbag.py:545} INFO - Filling up the DagBag from /opt/airflow/dags/minio_to_snowflake_dag.py
[2026-07-05T16:27:06.322+0000] {processor.py:840} INFO - DAG(s) 'minio_to_snowflake_ecommerce' retrieved from /opt/airflow/dags/minio_to_snowflake_dag.py
[2026-07-05T16:27:06.359+0000] {logging_mixin.py:188} INFO - [2026-07-05T16:27:06.359+0000] {dag.py:3089} INFO - Sync 1 DAGs
[2026-07-05T16:27:06.389+0000] {logging_mixin.py:188} INFO - [2026-07-05T16:27:06.388+0000] {dag.py:3947} INFO - Setting next_dagrun for minio_to_snowflake_ecommerce to 2026-07-05 16:26:00+00:00, run_after=2026-07-05 16:27:00+00:00
[2026-07-05T16:27:06.412+0000] {processor.py:183} INFO - Processing /opt/airflow/dags/minio_to_snowflake_dag.py took 0.909 seconds
[2026-07-05T16:27:36.747+0000] {processor.py:161} INFO - Started process (PID=55445) to work on /opt/airflow/dags/minio_to_snowflake_dag.py
[2026-07-05T16:27:36.751+0000] {processor.py:830} INFO - Processing file /opt/airflow/dags/minio_to_snowflake_dag.py for tasks to queue
[2026-07-05T16:27:36.755+0000] {logging_mixin.py:188} INFO - [2026-07-05T16:27:36.755+0000] {dagbag.py:545} INFO - Filling up the DagBag from /opt/airflow/dags/minio_to_snowflake_dag.py
[2026-07-05T16:27:37.665+0000] {processor.py:840} INFO - DAG(s) 'minio_to_snowflake_ecommerce' retrieved from /opt/airflow/dags/minio_to_snowflake_dag.py
[2026-07-05T16:27:37.695+0000] {logging_mixin.py:188} INFO - [2026-07-05T16:27:37.695+0000] {dag.py:3089} INFO - Sync 1 DAGs
[2026-07-05T16:27:37.725+0000] {logging_mixin.py:188} INFO - [2026-07-05T16:27:37.725+0000] {dag.py:3947} INFO - Setting next_dagrun for minio_to_snowflake_ecommerce to 2026-07-05 16:26:00+00:00, run_after=2026-07-05 16:27:00+00:00
[2026-07-05T16:27:37.748+0000] {processor.py:183} INFO - Processing /opt/airflow/dags/minio_to_snowflake_dag.py took 1.009 seconds
[2026-07-05T16:28:08.064+0000] {processor.py:161} INFO - Started process (PID=55449) to work on /opt/airflow/dags/minio_to_snowflake_dag.py
[2026-07-05T16:28:08.066+0000] {processor.py:830} INFO - Processing file /opt/airflow/dags/minio_to_snowflake_dag.py for tasks to queue
[2026-07-05T16:28:08.069+0000] {logging_mixin.py:188} INFO - [2026-07-05T16:28:08.068+0000] {dagbag.py:545} INFO - Filling up the DagBag from /opt/airflow/dags/minio_to_snowflake_dag.py
[2026-07-05T16:28:08.867+0000] {processor.py:840} INFO - DAG(s) 'minio_to_snowflake_ecommerce' retrieved from /opt/airflow/dags/minio_to_snowflake_dag.py
[2026-07-05T16:28:08.904+0000] {logging_mixin.py:188} INFO - [2026-07-05T16:28:08.904+0000] {dag.py:3089} INFO - Sync 1 DAGs
[2026-07-05T16:28:08.935+0000] {logging_mixin.py:188} INFO - [2026-07-05T16:28:08.934+0000] {dag.py:3947} INFO - Setting next_dagrun for minio_to_snowflake_ecommerce to 2026-07-05 16:27:00+00:00, run_after=2026-07-05 16:28:00+00:00
[2026-07-05T16:28:08.958+0000] {processor.py:183} INFO - Processing /opt/airflow/dags/minio_to_snowflake_dag.py took 0.901 seconds
[2026-07-05T16:28:39.335+0000] {processor.py:161} INFO - Started process (PID=55453) to work on /opt/airflow/dags/minio_to_snowflake_dag.py
[2026-07-05T16:28:39.336+0000] {processor.py:830} INFO - Processing file /opt/airflow/dags/minio_to_snowflake_dag.py for tasks to queue
[2026-07-05T16:28:39.338+0000] {logging_mixin.py:188} INFO - [2026-07-05T16:28:39.338+0000] {dagbag.py:545} INFO - Filling up the DagBag from /opt/airflow/dags/minio_to_snowflake_dag.py
[2026-07-05T16:28:40.074+0000] {processor.py:840} INFO - DAG(s) 'minio_to_snowflake_ecommerce' retrieved from /opt/airflow/dags/minio_to_snowflake_dag.py
[2026-07-05T16:28:40.108+0000] {logging_mixin.py:188} INFO - [2026-07-05T16:28:40.108+0000] {dag.py:3089} INFO - Sync 1 DAGs
[2026-07-05T16:28:40.149+0000] {logging_mixin.py:188} INFO - [2026-07-05T16:28:40.149+0000] {dag.py:3947} INFO - Setting next_dagrun for minio_to_snowflake_ecommerce to 2026-07-05 16:27:00+00:00, run_after=2026-07-05 16:28:00+00:00
[2026-07-05T16:28:40.173+0000] {processor.py:183} INFO - Processing /opt/airflow/dags/minio_to_snowflake_dag.py took 0.846 seconds
[2026-07-05T16:29:10.465+0000] {processor.py:161} INFO - Started process (PID=55457) to work on /opt/airflow/dags/minio_to_snowflake_dag.py
[2026-07-05T16:29:10.467+0000] {processor.py:830} INFO - Processing file /opt/airflow/dags/minio_to_snowflake_dag.py for tasks to queue
[2026-07-05T16:29:10.471+0000] {logging_mixin.py:188} INFO - [2026-07-05T16:29:10.470+0000] {dagbag.py:545} INFO - Filling up the DagBag from /opt/airflow/dags/minio_to_snowflake_dag.py
[2026-07-05T16:29:11.223+0000] {processor.py:840} INFO - DAG(s) 'minio_to_snowflake_ecommerce' retrieved from /opt/airflow/dags/minio_to_snowflake_dag.py
[2026-07-05T16:29:11.252+0000] {logging_mixin.py:188} INFO - [2026-07-05T16:29:11.251+0000] {dag.py:3089} INFO - Sync 1 DAGs
[2026-07-05T16:29:11.281+0000] {logging_mixin.py:188} INFO - [2026-07-05T16:29:11.280+0000] {dag.py:3947} INFO - Setting next_dagrun for minio_to_snowflake_ecommerce to 2026-07-05 16:28:00+00:00, run_after=2026-07-05 16:29:00+00:00
[2026-07-05T16:29:11.310+0000] {processor.py:183} INFO - Processing /opt/airflow/dags/minio_to_snowflake_dag.py took 0.853 seconds
[2026-07-05T16:29:41.652+0000] {processor.py:161} INFO - Started process (PID=55461) to work on /opt/airflow/dags/minio_to_snowflake_dag.py
[2026-07-05T16:29:41.653+0000] {processor.py:830} INFO - Processing file /opt/airflow/dags/minio_to_snowflake_dag.py for tasks to queue
[2026-07-05T16:29:41.655+0000] {logging_mixin.py:188} INFO - [2026-07-05T16:29:41.655+0000] {dagbag.py:545} INFO - Filling up the DagBag from /opt/airflow/dags/minio_to_snowflake_dag.py
[2026-07-05T16:29:42.516+0000] {processor.py:840} INFO - DAG(s) 'minio_to_snowflake_ecommerce' retrieved from /opt/airflow/dags/minio_to_snowflake_dag.py
[2026-07-05T16:29:42.542+0000] {logging_mixin.py:188} INFO - [2026-07-05T16:29:42.542+0000] {dag.py:3089} INFO - Sync 1 DAGs
[2026-07-05T16:29:42.570+0000] {logging_mixin.py:188} INFO - [2026-07-05T16:29:42.570+0000] {dag.py:3947} INFO - Setting next_dagrun for minio_to_snowflake_ecommerce to 2026-07-05 16:28:00+00:00, run_after=2026-07-05 16:29:00+00:00
[2026-07-05T16:29:42.593+0000] {processor.py:183} INFO - Processing /opt/airflow/dags/minio_to_snowflake_dag.py took 0.948 seconds
[2026-07-05T16:30:12.897+0000] {processor.py:161} INFO - Started process (PID=55465) to work on /opt/airflow/dags/minio_to_snowflake_dag.py
[2026-07-05T16:30:12.898+0000] {processor.py:830} INFO - Processing file /opt/airflow/dags/minio_to_snowflake_dag.py for tasks to queue
[2026-07-05T16:30:12.900+0000] {logging_mixin.py:188} INFO - [2026-07-05T16:30:12.900+0000] {dagbag.py:545} INFO - Filling up the DagBag from /opt/airflow/dags/minio_to_snowflake_dag.py
[2026-07-05T16:30:13.613+0000] {processor.py:840} INFO - DAG(s) 'minio_to_snowflake_ecommerce' retrieved from /opt/airflow/dags/minio_to_snowflake_dag.py
[2026-07-05T16:30:13.641+0000] {logging_mixin.py:188} INFO - [2026-07-05T16:30:13.641+0000] {dag.py:3089} INFO - Sync 1 DAGs
[2026-07-05T16:30:13.668+0000] {logging_mixin.py:188} INFO - [2026-07-05T16:30:13.668+0000] {dag.py:3947} INFO - Setting next_dagrun for minio_to_snowflake_ecommerce to 2026-07-05 16:29:00+00:00, run_after=2026-07-05 16:30:00+00:00
[2026-07-05T16:30:13.689+0000] {processor.py:183} INFO - Processing /opt/airflow/dags/minio_to_snowflake_dag.py took 0.800 seconds
[2026-07-05T16:30:44.015+0000] {processor.py:161} INFO - Started process (PID=55469) to work on /opt/airflow/dags/minio_to_snowflake_dag.py
[2026-07-05T16:30:44.017+0000] {processor.py:830} INFO - Processing file /opt/airflow/dags/minio_to_snowflake_dag.py for tasks to queue
[2026-07-05T16:30:44.019+0000] {logging_mixin.py:188} INFO - [2026-07-05T16:30:44.019+0000] {dagbag.py:545} INFO - Filling up the DagBag from /opt/airflow/dags/minio_to_snowflake_dag.py
[2026-07-05T16:30:44.830+0000] {processor.py:840} INFO - DAG(s) 'minio_to_snowflake_ecommerce' retrieved from /opt/airflow/dags/minio_to_snowflake_dag.py
[2026-07-05T16:30:44.859+0000] {logging_mixin.py:188} INFO - [2026-07-05T16:30:44.858+0000] {dag.py:3089} INFO - Sync 1 DAGs
[2026-07-05T16:30:44.885+0000] {logging_mixin.py:188} INFO - [2026-07-05T16:30:44.885+0000] {dag.py:3947} INFO - Setting next_dagrun for minio_to_snowflake_ecommerce to 2026-07-05 16:29:00+00:00, run_after=2026-07-05 16:30:00+00:00
[2026-07-05T16:30:44.908+0000] {processor.py:183} INFO - Processing /opt/airflow/dags/minio_to_snowflake_dag.py took 0.903 seconds
[2026-07-05T16:31:15.179+0000] {processor.py:161} INFO - Started process (PID=55473) to work on /opt/airflow/dags/minio_to_snowflake_dag.py
[2026-07-05T16:31:15.180+0000] {processor.py:830} INFO - Processing file /opt/airflow/dags/minio_to_snowflake_dag.py for tasks to queue
[2026-07-05T16:31:15.183+0000] {logging_mixin.py:188} INFO - [2026-07-05T16:31:15.182+0000] {dagbag.py:545} INFO - Filling up the DagBag from /opt/airflow/dags/minio_to_snowflake_dag.py
[2026-07-05T16:31:15.939+0000] {processor.py:840} INFO - DAG(s) 'minio_to_snowflake_ecommerce' retrieved from /opt/airflow/dags/minio_to_snowflake_dag.py
[2026-07-05T16:31:15.966+0000] {logging_mixin.py:188} INFO - [2026-07-05T16:31:15.966+0000] {dag.py:3089} INFO - Sync 1 DAGs
[2026-07-05T16:31:15.995+0000] {logging_mixin.py:188} INFO - [2026-07-05T16:31:15.994+0000] {dag.py:3947} INFO - Setting next_dagrun for minio_to_snowflake_ecommerce to 2026-07-05 16:30:00+00:00, run_after=2026-07-05 16:31:00+00:00
[2026-07-05T16:31:16.019+0000] {processor.py:183} INFO - Processing /opt/airflow/dags/minio_to_snowflake_dag.py took 0.848 seconds
[2026-07-05T16:31:46.377+0000] {processor.py:161} INFO - Started process (PID=55477) to work on /opt/airflow/dags/minio_to_snowflake_dag.py
[2026-07-05T16:31:46.379+0000] {processor.py:830} INFO - Processing file /opt/airflow/dags/minio_to_snowflake_dag.py for tasks to queue
[2026-07-05T16:31:46.381+0000] {logging_mixin.py:188} INFO - [2026-07-05T16:31:46.381+0000] {dagbag.py:545} INFO - Filling up the DagBag from /opt/airflow/dags/minio_to_snowflake_dag.py
[2026-07-05T16:31:47.139+0000] {processor.py:840} INFO - DAG(s) 'minio_to_snowflake_ecommerce' retrieved from /opt/airflow/dags/minio_to_snowflake_dag.py
[2026-07-05T16:31:47.166+0000] {logging_mixin.py:188} INFO - [2026-07-05T16:31:47.166+0000] {dag.py:3089} INFO - Sync 1 DAGs
[2026-07-05T16:31:47.192+0000] {logging_mixin.py:188} INFO - [2026-07-05T16:31:47.191+0000] {dag.py:3947} INFO - Setting next_dagrun for minio_to_snowflake_ecommerce to 2026-07-05 16:30:00+00:00, run_after=2026-07-05 16:31:00+00:00
[2026-07-05T16:31:47.214+0000] {processor.py:183} INFO - Processing /opt/airflow/dags/minio_to_snowflake_dag.py took 0.846 seconds
[2026-07-05T16:32:17.297+0000] {processor.py:161} INFO - Started process (PID=55481) to work on /opt/airflow/dags/minio_to_snowflake_dag.py
[2026-07-05T16:32:17.298+0000] {processor.py:830} INFO - Processing file /opt/airflow/dags/minio_to_snowflake_dag.py for tasks to queue
[2026-07-05T16:32:17.302+0000] {logging_mixin.py:188} INFO - [2026-07-05T16:32:17.301+0000] {dagbag.py:545} INFO - Filling up the DagBag from /opt/airflow/dags/minio_to_snowflake_dag.py
[2026-07-05T16:32:18.112+0000] {processor.py:840} INFO - DAG(s) 'minio_to_snowflake_ecommerce' retrieved from /opt/airflow/dags/minio_to_snowflake_dag.py
[2026-07-05T16:32:18.140+0000] {logging_mixin.py:188} INFO - [2026-07-05T16:32:18.140+0000] {dag.py:3089} INFO - Sync 1 DAGs
[2026-07-05T16:32:18.168+0000] {logging_mixin.py:188} INFO - [2026-07-05T16:32:18.168+0000] {dag.py:3947} INFO - Setting next_dagrun for minio_to_snowflake_ecommerce to 2026-07-05 16:31:00+00:00, run_after=2026-07-05 16:32:00+00:00
[2026-07-05T16:32:18.191+0000] {processor.py:183} INFO - Processing /opt/airflow/dags/minio_to_snowflake_dag.py took 0.903 seconds
[2026-07-05T16:32:48.479+0000] {processor.py:161} INFO - Started process (PID=55485) to work on /opt/airflow/dags/minio_to_snowflake_dag.py
[2026-07-05T16:32:48.481+0000] {processor.py:830} INFO - Processing file /opt/airflow/dags/minio_to_snowflake_dag.py for tasks to queue
[2026-07-05T16:32:48.482+0000] {logging_mixin.py:188} INFO - [2026-07-05T16:32:48.482+0000] {dagbag.py:545} INFO - Filling up the DagBag from /opt/airflow/dags/minio_to_snowflake_dag.py
[2026-07-05T16:32:49.292+0000] {processor.py:840} INFO - DAG(s) 'minio_to_snowflake_ecommerce' retrieved from /opt/airflow/dags/minio_to_snowflake_dag.py
[2026-07-05T16:32:49.320+0000] {logging_mixin.py:188} INFO - [2026-07-05T16:32:49.320+0000] {dag.py:3089} INFO - Sync 1 DAGs
[2026-07-05T16:32:49.347+0000] {logging_mixin.py:188} INFO - [2026-07-05T16:32:49.347+0000] {dag.py:3947} INFO - Setting next_dagrun for minio_to_snowflake_ecommerce to 2026-07-05 16:31:00+00:00, run_after=2026-07-05 16:32:00+00:00
[2026-07-05T16:32:49.368+0000] {processor.py:183} INFO - Processing /opt/airflow/dags/minio_to_snowflake_dag.py took 0.897 seconds
[2026-07-05T16:33:19.754+0000] {processor.py:161} INFO - Started process (PID=55489) to work on /opt/airflow/dags/minio_to_snowflake_dag.py
[2026-07-05T16:33:19.756+0000] {processor.py:830} INFO - Processing file /opt/airflow/dags/minio_to_snowflake_dag.py for tasks to queue
[2026-07-05T16:33:19.758+0000] {logging_mixin.py:188} INFO - [2026-07-05T16:33:19.758+0000] {dagbag.py:545} INFO - Filling up the DagBag from /opt/airflow/dags/minio_to_snowflake_dag.py
[2026-07-05T16:33:20.498+0000] {processor.py:840} INFO - DAG(s) 'minio_to_snowflake_ecommerce' retrieved from /opt/airflow/dags/minio_to_snowflake_dag.py
[2026-07-05T16:33:20.524+0000] {logging_mixin.py:188} INFO - [2026-07-05T16:33:20.524+0000] {dag.py:3089} INFO - Sync 1 DAGs
[2026-07-05T16:33:20.549+0000] {logging_mixin.py:188} INFO - [2026-07-05T16:33:20.549+0000] {dag.py:3947} INFO - Setting next_dagrun for minio_to_snowflake_ecommerce to 2026-07-05 16:32:00+00:00, run_after=2026-07-05 16:33:00+00:00
[2026-07-05T16:33:20.573+0000] {processor.py:183} INFO - Processing /opt/airflow/dags/minio_to_snowflake_dag.py took 0.826 seconds
[2026-07-05T16:33:50.979+0000] {processor.py:161} INFO - Started process (PID=55493) to work on /opt/airflow/dags/minio_to_snowflake_dag.py
[2026-07-05T16:33:50.980+0000] {processor.py:830} INFO - Processing file /opt/airflow/dags/minio_to_snowflake_dag.py for tasks to queue
[2026-07-05T16:33:50.983+0000] {logging_mixin.py:188} INFO - [2026-07-05T16:33:50.982+0000] {dagbag.py:545} INFO - Filling up the DagBag from /opt/airflow/dags/minio_to_snowflake_dag.py
[2026-07-05T16:33:51.718+0000] {processor.py:840} INFO - DAG(s) 'minio_to_snowflake_ecommerce' retrieved from /opt/airflow/dags/minio_to_snowflake_dag.py
[2026-07-05T16:33:51.754+0000] {logging_mixin.py:188} INFO - [2026-07-05T16:33:51.754+0000] {dag.py:3089} INFO - Sync 1 DAGs
[2026-07-05T16:33:51.784+0000] {logging_mixin.py:188} INFO - [2026-07-05T16:33:51.783+0000] {dag.py:3947} INFO - Setting next_dagrun for minio_to_snowflake_ecommerce to 2026-07-05 16:32:00+00:00, run_after=2026-07-05 16:33:00+00:00
[2026-07-05T16:33:51.807+0000] {processor.py:183} INFO - Processing /opt/airflow/dags/minio_to_snowflake_dag.py took 0.835 seconds
[2026-07-05T16:34:22.167+0000] {processor.py:161} INFO - Started process (PID=55497) to work on /opt/airflow/dags/minio_to_snowflake_dag.py
[2026-07-05T16:34:22.168+0000] {processor.py:830} INFO - Processing file /opt/airflow/dags/minio_to_snowflake_dag.py for tasks to queue
[2026-07-05T16:34:22.170+0000] {logging_mixin.py:188} INFO - [2026-07-05T16:34:22.170+0000] {dagbag.py:545} INFO - Filling up the DagBag from /opt/airflow/dags/minio_to_snowflake_dag.py
[2026-07-05T16:34:22.910+0000] {processor.py:840} INFO - DAG(s) 'minio_to_snowflake_ecommerce' retrieved from /opt/airflow/dags/minio_to_snowflake_dag.py
[2026-07-05T16:34:22.938+0000] {logging_mixin.py:188} INFO - [2026-07-05T16:34:22.937+0000] {dag.py:3089} INFO - Sync 1 DAGs
[2026-07-05T16:34:22.964+0000] {logging_mixin.py:188} INFO - [2026-07-05T16:34:22.963+0000] {dag.py:3947} INFO - Setting next_dagrun for minio_to_snowflake_ecommerce to 2026-07-05 16:33:00+00:00, run_after=2026-07-05 16:34:00+00:00
[2026-07-05T16:34:22.987+0000] {processor.py:183} INFO - Processing /opt/airflow/dags/minio_to_snowflake_dag.py took 0.828 seconds
[2026-07-05T16:34:53.071+0000] {processor.py:161} INFO - Started process (PID=55501) to work on /opt/airflow/dags/minio_to_snowflake_dag.py
[2026-07-05T16:34:53.072+0000] {processor.py:830} INFO - Processing file /opt/airflow/dags/minio_to_snowflake_dag.py for tasks to queue
[2026-07-05T16:34:53.074+0000] {logging_mixin.py:188} INFO - [2026-07-05T16:34:53.074+0000] {dagbag.py:545} INFO - Filling up the DagBag from /opt/airflow/dags/minio_to_snowflake_dag.py
[2026-07-05T16:34:53.850+0000] {processor.py:840} INFO - DAG(s) 'minio_to_snowflake_ecommerce' retrieved from /opt/airflow/dags/minio_to_snowflake_dag.py
[2026-07-05T16:34:53.884+0000] {logging_mixin.py:188} INFO - [2026-07-05T16:34:53.883+0000] {dag.py:3089} INFO - Sync 1 DAGs
[2026-07-05T16:34:53.911+0000] {logging_mixin.py:188} INFO - [2026-07-05T16:34:53.911+0000] {dag.py:3947} INFO - Setting next_dagrun for minio_to_snowflake_ecommerce to 2026-07-05 16:33:00+00:00, run_after=2026-07-05 16:34:00+00:00
[2026-07-05T16:34:53.933+0000] {processor.py:183} INFO - Processing /opt/airflow/dags/minio_to_snowflake_dag.py took 0.871 seconds
[2026-07-05T16:35:24.345+0000] {processor.py:161} INFO - Started process (PID=55505) to work on /opt/airflow/dags/minio_to_snowflake_dag.py
[2026-07-05T16:35:24.347+0000] {processor.py:830} INFO - Processing file /opt/airflow/dags/minio_to_snowflake_dag.py for tasks to queue
[2026-07-05T16:35:24.349+0000] {logging_mixin.py:188} INFO - [2026-07-05T16:35:24.348+0000] {dagbag.py:545} INFO - Filling up the DagBag from /opt/airflow/dags/minio_to_snowflake_dag.py
[2026-07-05T16:35:25.080+0000] {processor.py:840} INFO - DAG(s) 'minio_to_snowflake_ecommerce' retrieved from /opt/airflow/dags/minio_to_snowflake_dag.py
[2026-07-05T16:35:25.109+0000] {logging_mixin.py:188} INFO - [2026-07-05T16:35:25.109+0000] {dag.py:3089} INFO - Sync 1 DAGs
[2026-07-05T16:35:25.134+0000] {logging_mixin.py:188} INFO - [2026-07-05T16:35:25.134+0000] {dag.py:3947} INFO - Setting next_dagrun for minio_to_snowflake_ecommerce to 2026-07-05 16:34:00+00:00, run_after=2026-07-05 16:35:00+00:00
[2026-07-05T16:35:25.155+0000] {processor.py:183} INFO - Processing /opt/airflow/dags/minio_to_snowflake_dag.py took 0.818 seconds
[2026-07-05T16:35:55.543+0000] {processor.py:161} INFO - Started process (PID=55509) to work on /opt/airflow/dags/minio_to_snowflake_dag.py
[2026-07-05T16:35:55.544+0000] {processor.py:830} INFO - Processing file /opt/airflow/dags/minio_to_snowflake_dag.py for tasks to queue
[2026-07-05T16:35:55.548+0000] {logging_mixin.py:188} INFO - [2026-07-05T16:35:55.547+0000] {dagbag.py:545} INFO - Filling up the DagBag from /opt/airflow/dags/minio_to_snowflake_dag.py
[2026-07-05T16:35:56.323+0000] {processor.py:840} INFO - DAG(s) 'minio_to_snowflake_ecommerce' retrieved from /opt/airflow/dags/minio_to_snowflake_dag.py
[2026-07-05T16:35:56.355+0000] {logging_mixin.py:188} INFO - [2026-07-05T16:35:56.354+0000] {dag.py:3089} INFO - Sync 1 DAGs
[2026-07-05T16:35:56.381+0000] {logging_mixin.py:188} INFO - [2026-07-05T16:35:56.381+0000] {dag.py:3947} INFO - Setting next_dagrun for minio_to_snowflake_ecommerce to 2026-07-05 16:34:00+00:00, run_after=2026-07-05 16:35:00+00:00
[2026-07-05T16:35:56.404+0000] {processor.py:183} INFO - Processing /opt/airflow/dags/minio_to_snowflake_dag.py took 0.869 seconds
[2026-07-05T16:36:26.790+0000] {processor.py:161} INFO - Started process (PID=55513) to work on /opt/airflow/dags/minio_to_snowflake_dag.py
[2026-07-05T16:36:26.791+0000] {processor.py:830} INFO - Processing file /opt/airflow/dags/minio_to_snowflake_dag.py for tasks to queue
[2026-07-05T16:36:26.793+0000] {logging_mixin.py:188} INFO - [2026-07-05T16:36:26.793+0000] {dagbag.py:545} INFO - Filling up the DagBag from /opt/airflow/dags/minio_to_snowflake_dag.py
[2026-07-05T16:36:27.567+0000] {processor.py:840} INFO - DAG(s) 'minio_to_snowflake_ecommerce' retrieved from /opt/airflow/dags/minio_to_snowflake_dag.py
[2026-07-05T16:36:27.598+0000] {logging_mixin.py:188} INFO - [2026-07-05T16:36:27.598+0000] {dag.py:3089} INFO - Sync 1 DAGs
[2026-07-05T16:36:27.626+0000] {logging_mixin.py:188} INFO - [2026-07-05T16:36:27.625+0000] {dag.py:3947} INFO - Setting next_dagrun for minio_to_snowflake_ecommerce to 2026-07-05 16:35:00+00:00, run_after=2026-07-05 16:36:00+00:00
[2026-07-05T16:36:27.651+0000] {processor.py:183} INFO - Processing /opt/airflow/dags/minio_to_snowflake_dag.py took 0.868 seconds
[2026-07-05T16:36:57.981+0000] {processor.py:161} INFO - Started process (PID=55517) to work on /opt/airflow/dags/minio_to_snowflake_dag.py
[2026-07-05T16:36:57.982+0000] {processor.py:830} INFO - Processing file /opt/airflow/dags/minio_to_snowflake_dag.py for tasks to queue
[2026-07-05T16:36:57.985+0000] {logging_mixin.py:188} INFO - [2026-07-05T16:36:57.985+0000] {dagbag.py:545} INFO - Filling up the DagBag from /opt/airflow/dags/minio_to_snowflake_dag.py
[2026-07-05T16:36:58.773+0000] {processor.py:840} INFO - DAG(s) 'minio_to_snowflake_ecommerce' retrieved from /opt/airflow/dags/minio_to_snowflake_dag.py
[2026-07-05T16:36:58.805+0000] {logging_mixin.py:188} INFO - [2026-07-05T16:36:58.805+0000] {dag.py:3089} INFO - Sync 1 DAGs
[2026-07-05T16:36:58.841+0000] {logging_mixin.py:188} INFO - [2026-07-05T16:36:58.841+0000] {dag.py:3947} INFO - Setting next_dagrun for minio_to_snowflake_ecommerce to 2026-07-05 16:35:00+00:00, run_after=2026-07-05 16:36:00+00:00
[2026-07-05T16:36:58.863+0000] {processor.py:183} INFO - Processing /opt/airflow/dags/minio_to_snowflake_dag.py took 0.890 seconds
[2026-07-05T16:37:28.963+0000] {processor.py:161} INFO - Started process (PID=55521) to work on /opt/airflow/dags/minio_to_snowflake_dag.py
[2026-07-05T16:37:28.965+0000] {processor.py:830} INFO - Processing file /opt/airflow/dags/minio_to_snowflake_dag.py for tasks to queue
[2026-07-05T16:37:28.967+0000] {logging_mixin.py:188} INFO - [2026-07-05T16:37:28.966+0000] {dagbag.py:545} INFO - Filling up the DagBag from /opt/airflow/dags/minio_to_snowflake_dag.py
[2026-07-05T16:37:29.704+0000] {processor.py:840} INFO - DAG(s) 'minio_to_snowflake_ecommerce' retrieved from /opt/airflow/dags/minio_to_snowflake_dag.py
[2026-07-05T16:37:29.736+0000] {logging_mixin.py:188} INFO - [2026-07-05T16:37:29.736+0000] {dag.py:3089} INFO - Sync 1 DAGs
[2026-07-05T16:37:29.760+0000] {logging_mixin.py:188} INFO - [2026-07-05T16:37:29.760+0000] {dag.py:3947} INFO - Setting next_dagrun for minio_to_snowflake_ecommerce to 2026-07-05 16:36:00+00:00, run_after=2026-07-05 16:37:00+00:00
[2026-07-05T16:37:29.782+0000] {processor.py:183} INFO - Processing /opt/airflow/dags/minio_to_snowflake_dag.py took 0.826 seconds
[2026-07-05T16:38:00.168+0000] {processor.py:161} INFO - Started process (PID=55525) to work on /opt/airflow/dags/minio_to_snowflake_dag.py
[2026-07-05T16:38:00.170+0000] {processor.py:830} INFO - Processing file /opt/airflow/dags/minio_to_snowflake_dag.py for tasks to queue
[2026-07-05T16:38:00.172+0000] {logging_mixin.py:188} INFO - [2026-07-05T16:38:00.172+0000] {dagbag.py:545} INFO - Filling up the DagBag from /opt/airflow/dags/minio_to_snowflake_dag.py
[2026-07-05T16:38:01.021+0000] {processor.py:840} INFO - DAG(s) 'minio_to_snowflake_ecommerce' retrieved from /opt/airflow/dags/minio_to_snowflake_dag.py
[2026-07-05T16:38:01.051+0000] {logging_mixin.py:188} INFO - [2026-07-05T16:38:01.050+0000] {dag.py:3089} INFO - Sync 1 DAGs
[2026-07-05T16:38:01.080+0000] {logging_mixin.py:188} INFO - [2026-07-05T16:38:01.079+0000] {dag.py:3947} INFO - Setting next_dagrun for minio_to_snowflake_ecommerce to 2026-07-05 16:37:00+00:00, run_after=2026-07-05 16:38:00+00:00
[2026-07-05T16:38:01.105+0000] {processor.py:183} INFO - Processing /opt/airflow/dags/minio_to_snowflake_dag.py took 0.946 seconds
[2026-07-05T16:38:31.416+0000] {processor.py:161} INFO - Started process (PID=55529) to work on /opt/airflow/dags/minio_to_snowflake_dag.py
[2026-07-05T16:38:31.418+0000] {processor.py:830} INFO - Processing file /opt/airflow/dags/minio_to_snowflake_dag.py for tasks to queue
[2026-07-05T16:38:31.421+0000] {logging_mixin.py:188} INFO - [2026-07-05T16:38:31.420+0000] {dagbag.py:545} INFO - Filling up the DagBag from /opt/airflow/dags/minio_to_snowflake_dag.py
[2026-07-05T16:38:32.194+0000] {processor.py:840} INFO - DAG(s) 'minio_to_snowflake_ecommerce' retrieved from /opt/airflow/dags/minio_to_snowflake_dag.py
[2026-07-05T16:38:32.227+0000] {logging_mixin.py:188} INFO - [2026-07-05T16:38:32.227+0000] {dag.py:3089} INFO - Sync 1 DAGs
[2026-07-05T16:38:32.254+0000] {logging_mixin.py:188} INFO - [2026-07-05T16:38:32.253+0000] {dag.py:3947} INFO - Setting next_dagrun for minio_to_snowflake_ecommerce to 2026-07-05 16:37:00+00:00, run_after=2026-07-05 16:38:00+00:00
[2026-07-05T16:38:32.275+0000] {processor.py:183} INFO - Processing /opt/airflow/dags/minio_to_snowflake_dag.py took 0.867 seconds
[2026-07-05T16:39:02.686+0000] {processor.py:161} INFO - Started process (PID=55533) to work on /opt/airflow/dags/minio_to_snowflake_dag.py
[2026-07-05T16:39:02.687+0000] {processor.py:830} INFO - Processing file /opt/airflow/dags/minio_to_snowflake_dag.py for tasks to queue
[2026-07-05T16:39:02.689+0000] {logging_mixin.py:188} INFO - [2026-07-05T16:39:02.689+0000] {dagbag.py:545} INFO - Filling up the DagBag from /opt/airflow/dags/minio_to_snowflake_dag.py
[2026-07-05T16:39:03.406+0000] {processor.py:840} INFO - DAG(s) 'minio_to_snowflake_ecommerce' retrieved from /opt/airflow/dags/minio_to_snowflake_dag.py
[2026-07-05T16:39:03.435+0000] {logging_mixin.py:188} INFO - [2026-07-05T16:39:03.434+0000] {dag.py:3089} INFO - Sync 1 DAGs
[2026-07-05T16:39:03.462+0000] {logging_mixin.py:188} INFO - [2026-07-05T16:39:03.462+0000] {dag.py:3947} INFO - Setting next_dagrun for minio_to_snowflake_ecommerce to 2026-07-05 16:38:00+00:00, run_after=2026-07-05 16:39:00+00:00
[2026-07-05T16:39:03.483+0000] {processor.py:183} INFO - Processing /opt/airflow/dags/minio_to_snowflake_dag.py took 0.804 seconds
[2026-07-05T16:39:33.826+0000] {processor.py:161} INFO - Started process (PID=55537) to work on /opt/airflow/dags/minio_to_snowflake_dag.py
[2026-07-05T16:39:33.828+0000] {processor.py:830} INFO - Processing file /opt/airflow/dags/minio_to_snowflake_dag.py for tasks to queue
[2026-07-05T16:39:33.831+0000] {logging_mixin.py:188} INFO - [2026-07-05T16:39:33.830+0000] {dagbag.py:545} INFO - Filling up the DagBag from /opt/airflow/dags/minio_to_snowflake_dag.py
[2026-07-05T16:39:34.551+0000] {processor.py:840} INFO - DAG(s) 'minio_to_snowflake_ecommerce' retrieved from /opt/airflow/dags/minio_to_snowflake_dag.py
[2026-07-05T16:39:34.583+0000] {logging_mixin.py:188} INFO - [2026-07-05T16:39:34.583+0000] {dag.py:3089} INFO - Sync 1 DAGs
[2026-07-05T16:39:34.613+0000] {logging_mixin.py:188} INFO - [2026-07-05T16:39:34.613+0000] {dag.py:3947} INFO - Setting next_dagrun for minio_to_snowflake_ecommerce to 2026-07-05 16:38:00+00:00, run_after=2026-07-05 16:39:00+00:00
[2026-07-05T16:39:34.638+0000] {processor.py:183} INFO - Processing /opt/airflow/dags/minio_to_snowflake_dag.py took 0.820 seconds
[2026-07-05T16:40:04.776+0000] {processor.py:161} INFO - Started process (PID=55541) to work on /opt/airflow/dags/minio_to_snowflake_dag.py
[2026-07-05T16:40:04.777+0000] {processor.py:830} INFO - Processing file /opt/airflow/dags/minio_to_snowflake_dag.py for tasks to queue
[2026-07-05T16:40:04.781+0000] {logging_mixin.py:188} INFO - [2026-07-05T16:40:04.781+0000] {dagbag.py:545} INFO - Filling up the DagBag from /opt/airflow/dags/minio_to_snowflake_dag.py
[2026-07-05T16:40:05.575+0000] {processor.py:840} INFO - DAG(s) 'minio_to_snowflake_ecommerce' retrieved from /opt/airflow/dags/minio_to_snowflake_dag.py
[2026-07-05T16:40:05.611+0000] {logging_mixin.py:188} INFO - [2026-07-05T16:40:05.610+0000] {dag.py:3089} INFO - Sync 1 DAGs
[2026-07-05T16:40:05.639+0000] {logging_mixin.py:188} INFO - [2026-07-05T16:40:05.639+0000] {dag.py:3947} INFO - Setting next_dagrun for minio_to_snowflake_ecommerce to 2026-07-05 16:39:00+00:00, run_after=2026-07-05 16:40:00+00:00
[2026-07-05T16:40:05.661+0000] {processor.py:183} INFO - Processing /opt/airflow/dags/minio_to_snowflake_dag.py took 0.894 seconds
[2026-07-05T16:40:36.037+0000] {processor.py:161} INFO - Started process (PID=55545) to work on /opt/airflow/dags/minio_to_snowflake_dag.py
[2026-07-05T16:40:36.038+0000] {processor.py:830} INFO - Processing file /opt/airflow/dags/minio_to_snowflake_dag.py for tasks to queue
[2026-07-05T16:40:36.041+0000] {logging_mixin.py:188} INFO - [2026-07-05T16:40:36.040+0000] {dagbag.py:545} INFO - Filling up the DagBag from /opt/airflow/dags/minio_to_snowflake_dag.py
[2026-07-05T16:40:36.752+0000] {processor.py:840} INFO - DAG(s) 'minio_to_snowflake_ecommerce' retrieved from /opt/airflow/dags/minio_to_snowflake_dag.py
[2026-07-05T16:40:36.781+0000] {logging_mixin.py:188} INFO - [2026-07-05T16:40:36.781+0000] {dag.py:3089} INFO - Sync 1 DAGs
[2026-07-05T16:40:36.807+0000] {logging_mixin.py:188} INFO - [2026-07-05T16:40:36.807+0000] {dag.py:3947} INFO - Setting next_dagrun for minio_to_snowflake_ecommerce to 2026-07-05 16:39:00+00:00, run_after=2026-07-05 16:40:00+00:00
[2026-07-05T16:40:36.830+0000] {processor.py:183} INFO - Processing /opt/airflow/dags/minio_to_snowflake_dag.py took 0.801 seconds
[2026-07-05T16:41:07.143+0000] {processor.py:161} INFO - Started process (PID=55549) to work on /opt/airflow/dags/minio_to_snowflake_dag.py
[2026-07-05T16:41:07.144+0000] {processor.py:830} INFO - Processing file /opt/airflow/dags/minio_to_snowflake_dag.py for tasks to queue
[2026-07-05T16:41:07.147+0000] {logging_mixin.py:188} INFO - [2026-07-05T16:41:07.147+0000] {dagbag.py:545} INFO - Filling up the DagBag from /opt/airflow/dags/minio_to_snowflake_dag.py
[2026-07-05T16:41:07.874+0000] {processor.py:840} INFO - DAG(s) 'minio_to_snowflake_ecommerce' retrieved from /opt/airflow/dags/minio_to_snowflake_dag.py
[2026-07-05T16:41:07.903+0000] {logging_mixin.py:188} INFO - [2026-07-05T16:41:07.903+0000] {dag.py:3089} INFO - Sync 1 DAGs
[2026-07-05T16:41:07.931+0000] {logging_mixin.py:188} INFO - [2026-07-05T16:41:07.931+0000] {dag.py:3947} INFO - Setting next_dagrun for minio_to_snowflake_ecommerce to 2026-07-05 16:40:00+00:00, run_after=2026-07-05 16:41:00+00:00
[2026-07-05T16:41:07.955+0000] {processor.py:183} INFO - Processing /opt/airflow/dags/minio_to_snowflake_dag.py took 0.819 seconds
[2026-07-05T16:41:38.288+0000] {processor.py:161} INFO - Started process (PID=55553) to work on /opt/airflow/dags/minio_to_snowflake_dag.py
[2026-07-05T16:41:38.289+0000] {processor.py:830} INFO - Processing file /opt/airflow/dags/minio_to_snowflake_dag.py for tasks to queue
[2026-07-05T16:41:38.292+0000] {logging_mixin.py:188} INFO - [2026-07-05T16:41:38.292+0000] {dagbag.py:545} INFO - Filling up the DagBag from /opt/airflow/dags/minio_to_snowflake_dag.py
[2026-07-05T16:41:39.022+0000] {processor.py:840} INFO - DAG(s) 'minio_to_snowflake_ecommerce' retrieved from /opt/airflow/dags/minio_to_snowflake_dag.py
[2026-07-05T16:41:39.051+0000] {logging_mixin.py:188} INFO - [2026-07-05T16:41:39.050+0000] {dag.py:3089} INFO - Sync 1 DAGs
[2026-07-05T16:41:39.084+0000] {logging_mixin.py:188} INFO - [2026-07-05T16:41:39.084+0000] {dag.py:3947} INFO - Setting next_dagrun for minio_to_snowflake_ecommerce to 2026-07-05 16:40:00+00:00, run_after=2026-07-05 16:41:00+00:00
[2026-07-05T16:41:39.112+0000] {processor.py:183} INFO - Processing /opt/airflow/dags/minio_to_snowflake_dag.py took 0.832 seconds
[2026-07-05T16:42:09.381+0000] {processor.py:161} INFO - Started process (PID=55557) to work on /opt/airflow/dags/minio_to_snowflake_dag.py
[2026-07-05T16:42:09.382+0000] {processor.py:830} INFO - Processing file /opt/airflow/dags/minio_to_snowflake_dag.py for tasks to queue
[2026-07-05T16:42:09.385+0000] {logging_mixin.py:188} INFO - [2026-07-05T16:42:09.384+0000] {dagbag.py:545} INFO - Filling up the DagBag from /opt/airflow/dags/minio_to_snowflake_dag.py
[2026-07-05T16:42:10.126+0000] {processor.py:840} INFO - DAG(s) 'minio_to_snowflake_ecommerce' retrieved from /opt/airflow/dags/minio_to_snowflake_dag.py
[2026-07-05T16:42:10.155+0000] {logging_mixin.py:188} INFO - [2026-07-05T16:42:10.154+0000] {dag.py:3089} INFO - Sync 1 DAGs
[2026-07-05T16:42:10.188+0000] {logging_mixin.py:188} INFO - [2026-07-05T16:42:10.187+0000] {dag.py:3947} INFO - Setting next_dagrun for minio_to_snowflake_ecommerce to 2026-07-05 16:41:00+00:00, run_after=2026-07-05 16:42:00+00:00
[2026-07-05T16:42:10.214+0000] {processor.py:183} INFO - Processing /opt/airflow/dags/minio_to_snowflake_dag.py took 0.840 seconds
[2026-07-05T16:42:40.307+0000] {processor.py:161} INFO - Started process (PID=55561) to work on /opt/airflow/dags/minio_to_snowflake_dag.py
[2026-07-05T16:42:40.309+0000] {processor.py:830} INFO - Processing file /opt/airflow/dags/minio_to_snowflake_dag.py for tasks to queue
[2026-07-05T16:42:40.311+0000] {logging_mixin.py:188} INFO - [2026-07-05T16:42:40.311+0000] {dagbag.py:545} INFO - Filling up the DagBag from /opt/airflow/dags/minio_to_snowflake_dag.py
[2026-07-05T16:42:41.032+0000] {processor.py:840} INFO - DAG(s) 'minio_to_snowflake_ecommerce' retrieved from /opt/airflow/dags/minio_to_snowflake_dag.py
[2026-07-05T16:42:41.059+0000] {logging_mixin.py:188} INFO - [2026-07-05T16:42:41.059+0000] {dag.py:3089} INFO - Sync 1 DAGs
[2026-07-05T16:42:41.084+0000] {logging_mixin.py:188} INFO - [2026-07-05T16:42:41.084+0000] {dag.py:3947} INFO - Setting next_dagrun for minio_to_snowflake_ecommerce to 2026-07-05 16:41:00+00:00, run_after=2026-07-05 16:42:00+00:00
[2026-07-05T16:42:41.106+0000] {processor.py:183} INFO - Processing /opt/airflow/dags/minio_to_snowflake_dag.py took 0.808 seconds
[2026-07-05T16:43:11.512+0000] {processor.py:161} INFO - Started process (PID=55565) to work on /opt/airflow/dags/minio_to_snowflake_dag.py
[2026-07-05T16:43:11.514+0000] {processor.py:830} INFO - Processing file /opt/airflow/dags/minio_to_snowflake_dag.py for tasks to queue
[2026-07-05T16:43:11.517+0000] {logging_mixin.py:188} INFO - [2026-07-05T16:43:11.516+0000] {dagbag.py:545} INFO - Filling up the DagBag from /opt/airflow/dags/minio_to_snowflake_dag.py
[2026-07-05T16:43:12.280+0000] {processor.py:840} INFO - DAG(s) 'minio_to_snowflake_ecommerce' retrieved from /opt/airflow/dags/minio_to_snowflake_dag.py
[2026-07-05T16:43:12.313+0000] {logging_mixin.py:188} INFO - [2026-07-05T16:43:12.312+0000] {dag.py:3089} INFO - Sync 1 DAGs
[2026-07-05T16:43:12.339+0000] {logging_mixin.py:188} INFO - [2026-07-05T16:43:12.339+0000] {dag.py:3947} INFO - Setting next_dagrun for minio_to_snowflake_ecommerce to 2026-07-05 16:42:00+00:00, run_after=2026-07-05 16:43:00+00:00
[2026-07-05T16:43:12.362+0000] {processor.py:183} INFO - Processing /opt/airflow/dags/minio_to_snowflake_dag.py took 0.858 seconds
[2026-07-05T16:43:42.765+0000] {processor.py:161} INFO - Started process (PID=55569) to work on /opt/airflow/dags/minio_to_snowflake_dag.py
[2026-07-05T16:43:42.766+0000] {processor.py:830} INFO - Processing file /opt/airflow/dags/minio_to_snowflake_dag.py for tasks to queue
[2026-07-05T16:43:42.768+0000] {logging_mixin.py:188} INFO - [2026-07-05T16:43:42.768+0000] {dagbag.py:545} INFO - Filling up the DagBag from /opt/airflow/dags/minio_to_snowflake_dag.py
[2026-07-05T16:43:43.481+0000] {processor.py:840} INFO - DAG(s) 'minio_to_snowflake_ecommerce' retrieved from /opt/airflow/dags/minio_to_snowflake_dag.py
[2026-07-05T16:43:43.510+0000] {logging_mixin.py:188} INFO - [2026-07-05T16:43:43.509+0000] {dag.py:3089} INFO - Sync 1 DAGs
[2026-07-05T16:43:43.536+0000] {logging_mixin.py:188} INFO - [2026-07-05T16:43:43.536+0000] {dag.py:3947} INFO - Setting next_dagrun for minio_to_snowflake_ecommerce to 2026-07-05 16:42:00+00:00, run_after=2026-07-05 16:43:00+00:00
[2026-07-05T16:43:43.559+0000] {processor.py:183} INFO - Processing /opt/airflow/dags/minio_to_snowflake_dag.py took 0.802 seconds
[2026-07-05T16:44:13.894+0000] {processor.py:161} INFO - Started process (PID=55573) to work on /opt/airflow/dags/minio_to_snowflake_dag.py
[2026-07-05T16:44:13.895+0000] {processor.py:830} INFO - Processing file /opt/airflow/dags/minio_to_snowflake_dag.py for tasks to queue
[2026-07-05T16:44:13.897+0000] {logging_mixin.py:188} INFO - [2026-07-05T16:44:13.897+0000] {dagbag.py:545} INFO - Filling up the DagBag from /opt/airflow/dags/minio_to_snowflake_dag.py
[2026-07-05T16:44:14.630+0000] {processor.py:840} INFO - DAG(s) 'minio_to_snowflake_ecommerce' retrieved from /opt/airflow/dags/minio_to_snowflake_dag.py
[2026-07-05T16:44:14.664+0000] {logging_mixin.py:188} INFO - [2026-07-05T16:44:14.663+0000] {dag.py:3089} INFO - Sync 1 DAGs
[2026-07-05T16:44:14.693+0000] {logging_mixin.py:188} INFO - [2026-07-05T16:44:14.693+0000] {dag.py:3947} INFO - Setting next_dagrun for minio_to_snowflake_ecommerce to 2026-07-05 16:43:00+00:00, run_after=2026-07-05 16:44:00+00:00
[2026-07-05T16:44:14.720+0000] {processor.py:183} INFO - Processing /opt/airflow/dags/minio_to_snowflake_dag.py took 0.835 seconds
[2026-07-05T16:44:45.031+0000] {processor.py:161} INFO - Started process (PID=55577) to work on /opt/airflow/dags/minio_to_snowflake_dag.py
[2026-07-05T16:44:45.033+0000] {processor.py:830} INFO - Processing file /opt/airflow/dags/minio_to_snowflake_dag.py for tasks to queue
[2026-07-05T16:44:45.035+0000] {logging_mixin.py:188} INFO - [2026-07-05T16:44:45.034+0000] {dagbag.py:545} INFO - Filling up the DagBag from /opt/airflow/dags/minio_to_snowflake_dag.py
[2026-07-05T16:44:45.743+0000] {processor.py:840} INFO - DAG(s) 'minio_to_snowflake_ecommerce' retrieved from /opt/airflow/dags/minio_to_snowflake_dag.py
[2026-07-05T16:44:45.768+0000] {logging_mixin.py:188} INFO - [2026-07-05T16:44:45.768+0000] {dag.py:3089} INFO - Sync 1 DAGs
[2026-07-05T16:44:45.793+0000] {logging_mixin.py:188} INFO - [2026-07-05T16:44:45.792+0000] {dag.py:3947} INFO - Setting next_dagrun for minio_to_snowflake_ecommerce to 2026-07-05 16:43:00+00:00, run_after=2026-07-05 16:44:00+00:00
[2026-07-05T16:44:45.817+0000] {processor.py:183} INFO - Processing /opt/airflow/dags/minio_to_snowflake_dag.py took 0.792 seconds
[2026-07-05T16:45:16.230+0000] {processor.py:161} INFO - Started process (PID=55581) to work on /opt/airflow/dags/minio_to_snowflake_dag.py
[2026-07-05T16:45:16.231+0000] {processor.py:830} INFO - Processing file /opt/airflow/dags/minio_to_snowflake_dag.py for tasks to queue
[2026-07-05T16:45:16.234+0000] {logging_mixin.py:188} INFO - [2026-07-05T16:45:16.233+0000] {dagbag.py:545} INFO - Filling up the DagBag from /opt/airflow/dags/minio_to_snowflake_dag.py
[2026-07-05T16:45:16.957+0000] {processor.py:840} INFO - DAG(s) 'minio_to_snowflake_ecommerce' retrieved from /opt/airflow/dags/minio_to_snowflake_dag.py
[2026-07-05T16:45:16.984+0000] {logging_mixin.py:188} INFO - [2026-07-05T16:45:16.984+0000] {dag.py:3089} INFO - Sync 1 DAGs
[2026-07-05T16:45:17.012+0000] {logging_mixin.py:188} INFO - [2026-07-05T16:45:17.012+0000] {dag.py:3947} INFO - Setting next_dagrun for minio_to_snowflake_ecommerce to 2026-07-05 16:44:00+00:00, run_after=2026-07-05 16:45:00+00:00
[2026-07-05T16:45:17.036+0000] {processor.py:183} INFO - Processing /opt/airflow/dags/minio_to_snowflake_dag.py took 0.814 seconds
[2026-07-05T16:45:47.215+0000] {processor.py:161} INFO - Started process (PID=55585) to work on /opt/airflow/dags/minio_to_snowflake_dag.py
[2026-07-05T16:45:47.216+0000] {processor.py:830} INFO - Processing file /opt/airflow/dags/minio_to_snowflake_dag.py for tasks to queue
[2026-07-05T16:45:47.218+0000] {logging_mixin.py:188} INFO - [2026-07-05T16:45:47.218+0000] {dagbag.py:545} INFO - Filling up the DagBag from /opt/airflow/dags/minio_to_snowflake_dag.py
[2026-07-05T16:45:47.916+0000] {processor.py:840} INFO - DAG(s) 'minio_to_snowflake_ecommerce' retrieved from /opt/airflow/dags/minio_to_snowflake_dag.py
[2026-07-05T16:45:47.941+0000] {logging_mixin.py:188} INFO - [2026-07-05T16:45:47.941+0000] {dag.py:3089} INFO - Sync 1 DAGs
[2026-07-05T16:45:47.963+0000] {logging_mixin.py:188} INFO - [2026-07-05T16:45:47.963+0000] {dag.py:3947} INFO - Setting next_dagrun for minio_to_snowflake_ecommerce to 2026-07-05 16:44:00+00:00, run_after=2026-07-05 16:45:00+00:00
[2026-07-05T16:45:47.982+0000] {processor.py:183} INFO - Processing /opt/airflow/dags/minio_to_snowflake_dag.py took 0.773 seconds
[2026-07-05T16:46:18.424+0000] {processor.py:161} INFO - Started process (PID=55589) to work on /opt/airflow/dags/minio_to_snowflake_dag.py
[2026-07-05T16:46:18.426+0000] {processor.py:830} INFO - Processing file /opt/airflow/dags/minio_to_snowflake_dag.py for tasks to queue
[2026-07-05T16:46:18.428+0000] {logging_mixin.py:188} INFO - [2026-07-05T16:46:18.428+0000] {dagbag.py:545} INFO - Filling up the DagBag from /opt/airflow/dags/minio_to_snowflake_dag.py
[2026-07-05T16:46:19.227+0000] {processor.py:840} INFO - DAG(s) 'minio_to_snowflake_ecommerce' retrieved from /opt/airflow/dags/minio_to_snowflake_dag.py
[2026-07-05T16:46:19.254+0000] {logging_mixin.py:188} INFO - [2026-07-05T16:46:19.253+0000] {dag.py:3089} INFO - Sync 1 DAGs
[2026-07-05T16:46:19.278+0000] {logging_mixin.py:188} INFO - [2026-07-05T16:46:19.278+0000] {dag.py:3947} INFO - Setting next_dagrun for minio_to_snowflake_ecommerce to 2026-07-05 16:45:00+00:00, run_after=2026-07-05 16:46:00+00:00
[2026-07-05T16:46:19.299+0000] {processor.py:183} INFO - Processing /opt/airflow/dags/minio_to_snowflake_dag.py took 0.882 seconds
[2026-07-05T16:46:49.617+0000] {processor.py:161} INFO - Started process (PID=55593) to work on /opt/airflow/dags/minio_to_snowflake_dag.py
[2026-07-05T16:46:49.618+0000] {processor.py:830} INFO - Processing file /opt/airflow/dags/minio_to_snowflake_dag.py for tasks to queue
[2026-07-05T16:46:49.620+0000] {logging_mixin.py:188} INFO - [2026-07-05T16:46:49.620+0000] {dagbag.py:545} INFO - Filling up the DagBag from /opt/airflow/dags/minio_to_snowflake_dag.py
[2026-07-05T16:46:50.326+0000] {processor.py:840} INFO - DAG(s) 'minio_to_snowflake_ecommerce' retrieved from /opt/airflow/dags/minio_to_snowflake_dag.py
[2026-07-05T16:46:50.354+0000] {logging_mixin.py:188} INFO - [2026-07-05T16:46:50.353+0000] {dag.py:3089} INFO - Sync 1 DAGs
[2026-07-05T16:46:50.379+0000] {logging_mixin.py:188} INFO - [2026-07-05T16:46:50.378+0000] {dag.py:3947} INFO - Setting next_dagrun for minio_to_snowflake_ecommerce to 2026-07-05 16:45:00+00:00, run_after=2026-07-05 16:46:00+00:00
[2026-07-05T16:46:50.401+0000] {processor.py:183} INFO - Processing /opt/airflow/dags/minio_to_snowflake_dag.py took 0.792 seconds
[2026-07-05T16:47:20.744+0000] {processor.py:161} INFO - Started process (PID=55597) to work on /opt/airflow/dags/minio_to_snowflake_dag.py
[2026-07-05T16:47:20.746+0000] {processor.py:830} INFO - Processing file /opt/airflow/dags/minio_to_snowflake_dag.py for tasks to queue
[2026-07-05T16:47:20.750+0000] {logging_mixin.py:188} INFO - [2026-07-05T16:47:20.749+0000] {dagbag.py:545} INFO - Filling up the DagBag from /opt/airflow/dags/minio_to_snowflake_dag.py
[2026-07-05T16:47:21.432+0000] {processor.py:840} INFO - DAG(s) 'minio_to_snowflake_ecommerce' retrieved from /opt/airflow/dags/minio_to_snowflake_dag.py
[2026-07-05T16:47:21.460+0000] {logging_mixin.py:188} INFO - [2026-07-05T16:47:21.459+0000] {dag.py:3089} INFO - Sync 1 DAGs
[2026-07-05T16:47:21.481+0000] {logging_mixin.py:188} INFO - [2026-07-05T16:47:21.481+0000] {dag.py:3947} INFO - Setting next_dagrun for minio_to_snowflake_ecommerce to 2026-07-05 16:46:00+00:00, run_after=2026-07-05 16:47:00+00:00
[2026-07-05T16:47:21.500+0000] {processor.py:183} INFO - Processing /opt/airflow/dags/minio_to_snowflake_dag.py took 0.765 seconds
[2026-07-05T16:47:51.576+0000] {processor.py:161} INFO - Started process (PID=55601) to work on /opt/airflow/dags/minio_to_snowflake_dag.py
[2026-07-05T16:47:51.577+0000] {processor.py:830} INFO - Processing file /opt/airflow/dags/minio_to_snowflake_dag.py for tasks to queue
[2026-07-05T16:47:51.579+0000] {logging_mixin.py:188} INFO - [2026-07-05T16:47:51.579+0000] {dagbag.py:545} INFO - Filling up the DagBag from /opt/airflow/dags/minio_to_snowflake_dag.py
[2026-07-05T16:47:52.288+0000] {processor.py:840} INFO - DAG(s) 'minio_to_snowflake_ecommerce' retrieved from /opt/airflow/dags/minio_to_snowflake_dag.py
[2026-07-05T16:47:52.315+0000] {logging_mixin.py:188} INFO - [2026-07-05T16:47:52.314+0000] {dag.py:3089} INFO - Sync 1 DAGs
[2026-07-05T16:47:52.340+0000] {logging_mixin.py:188} INFO - [2026-07-05T16:47:52.339+0000] {dag.py:3947} INFO - Setting next_dagrun for minio_to_snowflake_ecommerce to 2026-07-05 16:46:00+00:00, run_after=2026-07-05 16:47:00+00:00
[2026-07-05T16:47:52.369+0000] {processor.py:183} INFO - Processing /opt/airflow/dags/minio_to_snowflake_dag.py took 0.800 seconds
[2026-07-05T16:48:22.732+0000] {processor.py:161} INFO - Started process (PID=55605) to work on /opt/airflow/dags/minio_to_snowflake_dag.py
[2026-07-05T16:48:22.733+0000] {processor.py:830} INFO - Processing file /opt/airflow/dags/minio_to_snowflake_dag.py for tasks to queue
[2026-07-05T16:48:22.736+0000] {logging_mixin.py:188} INFO - [2026-07-05T16:48:22.735+0000] {dagbag.py:545} INFO - Filling up the DagBag from /opt/airflow/dags/minio_to_snowflake_dag.py
[2026-07-05T16:48:23.460+0000] {processor.py:840} INFO - DAG(s) 'minio_to_snowflake_ecommerce' retrieved from /opt/airflow/dags/minio_to_snowflake_dag.py
[2026-07-05T16:48:23.498+0000] {logging_mixin.py:188} INFO - [2026-07-05T16:48:23.497+0000] {dag.py:3089} INFO - Sync 1 DAGs
[2026-07-05T16:48:23.526+0000] {logging_mixin.py:188} INFO - [2026-07-05T16:48:23.526+0000] {dag.py:3947} INFO - Setting next_dagrun for minio_to_snowflake_ecommerce to 2026-07-05 16:47:00+00:00, run_after=2026-07-05 16:48:00+00:00
[2026-07-05T16:48:23.549+0000] {processor.py:183} INFO - Processing /opt/airflow/dags/minio_to_snowflake_dag.py took 0.826 seconds
[2026-07-05T16:48:53.886+0000] {processor.py:161} INFO - Started process (PID=55609) to work on /opt/airflow/dags/minio_to_snowflake_dag.py
[2026-07-05T16:48:53.888+0000] {processor.py:830} INFO - Processing file /opt/airflow/dags/minio_to_snowflake_dag.py for tasks to queue
[2026-07-05T16:48:53.890+0000] {logging_mixin.py:188} INFO - [2026-07-05T16:48:53.890+0000] {dagbag.py:545} INFO - Filling up the DagBag from /opt/airflow/dags/minio_to_snowflake_dag.py
[2026-07-05T16:48:54.585+0000] {processor.py:840} INFO - DAG(s) 'minio_to_snowflake_ecommerce' retrieved from /opt/airflow/dags/minio_to_snowflake_dag.py
[2026-07-05T16:48:54.613+0000] {logging_mixin.py:188} INFO - [2026-07-05T16:48:54.613+0000] {dag.py:3089} INFO - Sync 1 DAGs
[2026-07-05T16:48:54.639+0000] {logging_mixin.py:188} INFO - [2026-07-05T16:48:54.638+0000] {dag.py:3947} INFO - Setting next_dagrun for minio_to_snowflake_ecommerce to 2026-07-05 16:47:00+00:00, run_after=2026-07-05 16:48:00+00:00
[2026-07-05T16:48:54.661+0000] {processor.py:183} INFO - Processing /opt/airflow/dags/minio_to_snowflake_dag.py took 0.783 seconds
[2026-07-05T16:49:25.043+0000] {processor.py:161} INFO - Started process (PID=55613) to work on /opt/airflow/dags/minio_to_snowflake_dag.py
[2026-07-05T16:49:25.044+0000] {processor.py:830} INFO - Processing file /opt/airflow/dags/minio_to_snowflake_dag.py for tasks to queue
[2026-07-05T16:49:25.047+0000] {logging_mixin.py:188} INFO - [2026-07-05T16:49:25.046+0000] {dagbag.py:545} INFO - Filling up the DagBag from /opt/airflow/dags/minio_to_snowflake_dag.py
[2026-07-05T16:49:25.746+0000] {processor.py:840} INFO - DAG(s) 'minio_to_snowflake_ecommerce' retrieved from /opt/airflow/dags/minio_to_snowflake_dag.py
[2026-07-05T16:49:25.771+0000] {logging_mixin.py:188} INFO - [2026-07-05T16:49:25.770+0000] {dag.py:3089} INFO - Sync 1 DAGs
[2026-07-05T16:49:25.798+0000] {logging_mixin.py:188} INFO - [2026-07-05T16:49:25.797+0000] {dag.py:3947} INFO - Setting next_dagrun for minio_to_snowflake_ecommerce to 2026-07-05 16:48:00+00:00, run_after=2026-07-05 16:49:00+00:00
[2026-07-05T16:49:25.820+0000] {processor.py:183} INFO - Processing /opt/airflow/dags/minio_to_snowflake_dag.py took 0.784 seconds
[2026-07-05T16:49:56.242+0000] {processor.py:161} INFO - Started process (PID=55617) to work on /opt/airflow/dags/minio_to_snowflake_dag.py
[2026-07-05T16:49:56.244+0000] {processor.py:830} INFO - Processing file /opt/airflow/dags/minio_to_snowflake_dag.py for tasks to queue
[2026-07-05T16:49:56.246+0000] {logging_mixin.py:188} INFO - [2026-07-05T16:49:56.246+0000] {dagbag.py:545} INFO - Filling up the DagBag from /opt/airflow/dags/minio_to_snowflake_dag.py
[2026-07-05T16:49:56.934+0000] {processor.py:840} INFO - DAG(s) 'minio_to_snowflake_ecommerce' retrieved from /opt/airflow/dags/minio_to_snowflake_dag.py
[2026-07-05T16:49:56.964+0000] {logging_mixin.py:188} INFO - [2026-07-05T16:49:56.964+0000] {dag.py:3089} INFO - Sync 1 DAGs
[2026-07-05T16:49:56.990+0000] {logging_mixin.py:188} INFO - [2026-07-05T16:49:56.990+0000] {dag.py:3947} INFO - Setting next_dagrun for minio_to_snowflake_ecommerce to 2026-07-05 16:48:00+00:00, run_after=2026-07-05 16:49:00+00:00
[2026-07-05T16:49:57.015+0000] {processor.py:183} INFO - Processing /opt/airflow/dags/minio_to_snowflake_dag.py took 0.779 seconds
[2026-07-05T16:50:27.471+0000] {processor.py:161} INFO - Started process (PID=55621) to work on /opt/airflow/dags/minio_to_snowflake_dag.py
[2026-07-05T16:50:27.473+0000] {processor.py:830} INFO - Processing file /opt/airflow/dags/minio_to_snowflake_dag.py for tasks to queue
[2026-07-05T16:50:27.475+0000] {logging_mixin.py:188} INFO - [2026-07-05T16:50:27.474+0000] {dagbag.py:545} INFO - Filling up the DagBag from /opt/airflow/dags/minio_to_snowflake_dag.py
[2026-07-05T16:50:28.255+0000] {processor.py:840} INFO - DAG(s) 'minio_to_snowflake_ecommerce' retrieved from /opt/airflow/dags/minio_to_snowflake_dag.py
[2026-07-05T16:50:28.287+0000] {logging_mixin.py:188} INFO - [2026-07-05T16:50:28.286+0000] {dag.py:3089} INFO - Sync 1 DAGs
[2026-07-05T16:50:28.316+0000] {logging_mixin.py:188} INFO - [2026-07-05T16:50:28.316+0000] {dag.py:3947} INFO - Setting next_dagrun for minio_to_snowflake_ecommerce to 2026-07-05 16:49:00+00:00, run_after=2026-07-05 16:50:00+00:00
[2026-07-05T16:50:28.341+0000] {processor.py:183} INFO - Processing /opt/airflow/dags/minio_to_snowflake_dag.py took 0.877 seconds
[2026-07-05T16:50:58.703+0000] {processor.py:161} INFO - Started process (PID=55625) to work on /opt/airflow/dags/minio_to_snowflake_dag.py
[2026-07-05T16:50:58.704+0000] {processor.py:830} INFO - Processing file /opt/airflow/dags/minio_to_snowflake_dag.py for tasks to queue
[2026-07-05T16:50:58.707+0000] {logging_mixin.py:188} INFO - [2026-07-05T16:50:58.706+0000] {dagbag.py:545} INFO - Filling up the DagBag from /opt/airflow/dags/minio_to_snowflake_dag.py
[2026-07-05T16:50:59.419+0000] {processor.py:840} INFO - DAG(s) 'minio_to_snowflake_ecommerce' retrieved from /opt/airflow/dags/minio_to_snowflake_dag.py
[2026-07-05T16:50:59.449+0000] {logging_mixin.py:188} INFO - [2026-07-05T16:50:59.448+0000] {dag.py:3089} INFO - Sync 1 DAGs
[2026-07-05T16:50:59.475+0000] {logging_mixin.py:188} INFO - [2026-07-05T16:50:59.475+0000] {dag.py:3947} INFO - Setting next_dagrun for minio_to_snowflake_ecommerce to 2026-07-05 16:49:00+00:00, run_after=2026-07-05 16:50:00+00:00
[2026-07-05T16:50:59.497+0000] {processor.py:183} INFO - Processing /opt/airflow/dags/minio_to_snowflake_dag.py took 0.804 seconds
[2026-07-05T16:51:29.893+0000] {processor.py:161} INFO - Started process (PID=55629) to work on /opt/airflow/dags/minio_to_snowflake_dag.py
[2026-07-05T16:51:29.894+0000] {processor.py:830} INFO - Processing file /opt/airflow/dags/minio_to_snowflake_dag.py for tasks to queue
[2026-07-05T16:51:29.896+0000] {logging_mixin.py:188} INFO - [2026-07-05T16:51:29.896+0000] {dagbag.py:545} INFO - Filling up the DagBag from /opt/airflow/dags/minio_to_snowflake_dag.py
[2026-07-05T16:51:30.638+0000] {processor.py:840} INFO - DAG(s) 'minio_to_snowflake_ecommerce' retrieved from /opt/airflow/dags/minio_to_snowflake_dag.py
[2026-07-05T16:51:30.669+0000] {logging_mixin.py:188} INFO - [2026-07-05T16:51:30.668+0000] {dag.py:3089} INFO - Sync 1 DAGs
[2026-07-05T16:51:30.700+0000] {logging_mixin.py:188} INFO - [2026-07-05T16:51:30.700+0000] {dag.py:3947} INFO - Setting next_dagrun for minio_to_snowflake_ecommerce to 2026-07-05 16:50:00+00:00, run_after=2026-07-05 16:51:00+00:00
[2026-07-05T16:51:30.728+0000] {processor.py:183} INFO - Processing /opt/airflow/dags/minio_to_snowflake_dag.py took 0.846 seconds
[2026-07-05T16:52:01.151+0000] {processor.py:161} INFO - Started process (PID=55633) to work on /opt/airflow/dags/minio_to_snowflake_dag.py
[2026-07-05T16:52:01.153+0000] {processor.py:830} INFO - Processing file /opt/airflow/dags/minio_to_snowflake_dag.py for tasks to queue
[2026-07-05T16:52:01.155+0000] {logging_mixin.py:188} INFO - [2026-07-05T16:52:01.154+0000] {dagbag.py:545} INFO - Filling up the DagBag from /opt/airflow/dags/minio_to_snowflake_dag.py
[2026-07-05T16:52:01.865+0000] {processor.py:840} INFO - DAG(s) 'minio_to_snowflake_ecommerce' retrieved from /opt/airflow/dags/minio_to_snowflake_dag.py
[2026-07-05T16:52:01.891+0000] {logging_mixin.py:188} INFO - [2026-07-05T16:52:01.891+0000] {dag.py:3089} INFO - Sync 1 DAGs
[2026-07-05T16:52:01.919+0000] {logging_mixin.py:188} INFO - [2026-07-05T16:52:01.918+0000] {dag.py:3947} INFO - Setting next_dagrun for minio_to_snowflake_ecommerce to 2026-07-05 16:51:00+00:00, run_after=2026-07-05 16:52:00+00:00
[2026-07-05T16:52:01.942+0000] {processor.py:183} INFO - Processing /opt/airflow/dags/minio_to_snowflake_dag.py took 0.799 seconds
[2026-07-05T16:52:32.365+0000] {processor.py:161} INFO - Started process (PID=55637) to work on /opt/airflow/dags/minio_to_snowflake_dag.py
[2026-07-05T16:52:32.367+0000] {processor.py:830} INFO - Processing file /opt/airflow/dags/minio_to_snowflake_dag.py for tasks to queue
[2026-07-05T16:52:32.370+0000] {logging_mixin.py:188} INFO - [2026-07-05T16:52:32.369+0000] {dagbag.py:545} INFO - Filling up the DagBag from /opt/airflow/dags/minio_to_snowflake_dag.py
[2026-07-05T16:52:33.165+0000] {processor.py:840} INFO - DAG(s) 'minio_to_snowflake_ecommerce' retrieved from /opt/airflow/dags/minio_to_snowflake_dag.py
[2026-07-05T16:52:33.191+0000] {logging_mixin.py:188} INFO - [2026-07-05T16:52:33.191+0000] {dag.py:3089} INFO - Sync 1 DAGs
[2026-07-05T16:52:33.215+0000] {logging_mixin.py:188} INFO - [2026-07-05T16:52:33.215+0000] {dag.py:3947} INFO - Setting next_dagrun for minio_to_snowflake_ecommerce to 2026-07-05 16:51:00+00:00, run_after=2026-07-05 16:52:00+00:00
[2026-07-05T16:52:33.239+0000] {processor.py:183} INFO - Processing /opt/airflow/dags/minio_to_snowflake_dag.py took 0.885 seconds
[2026-07-05T16:53:03.543+0000] {processor.py:161} INFO - Started process (PID=55641) to work on /opt/airflow/dags/minio_to_snowflake_dag.py
[2026-07-05T16:53:03.544+0000] {processor.py:830} INFO - Processing file /opt/airflow/dags/minio_to_snowflake_dag.py for tasks to queue
[2026-07-05T16:53:03.547+0000] {logging_mixin.py:188} INFO - [2026-07-05T16:53:03.546+0000] {dagbag.py:545} INFO - Filling up the DagBag from /opt/airflow/dags/minio_to_snowflake_dag.py
[2026-07-05T16:53:04.264+0000] {processor.py:840} INFO - DAG(s) 'minio_to_snowflake_ecommerce' retrieved from /opt/airflow/dags/minio_to_snowflake_dag.py
[2026-07-05T16:53:04.294+0000] {logging_mixin.py:188} INFO - [2026-07-05T16:53:04.294+0000] {dag.py:3089} INFO - Sync 1 DAGs
[2026-07-05T16:53:04.319+0000] {logging_mixin.py:188} INFO - [2026-07-05T16:53:04.319+0000] {dag.py:3947} INFO - Setting next_dagrun for minio_to_snowflake_ecommerce to 2026-07-05 16:52:00+00:00, run_after=2026-07-05 16:53:00+00:00
[2026-07-05T16:53:04.339+0000] {processor.py:183} INFO - Processing /opt/airflow/dags/minio_to_snowflake_dag.py took 0.805 seconds
[2026-07-05T16:53:34.494+0000] {processor.py:161} INFO - Started process (PID=55645) to work on /opt/airflow/dags/minio_to_snowflake_dag.py
[2026-07-05T16:53:34.495+0000] {processor.py:830} INFO - Processing file /opt/airflow/dags/minio_to_snowflake_dag.py for tasks to queue
[2026-07-05T16:53:34.498+0000] {logging_mixin.py:188} INFO - [2026-07-05T16:53:34.497+0000] {dagbag.py:545} INFO - Filling up the DagBag from /opt/airflow/dags/minio_to_snowflake_dag.py
[2026-07-05T16:53:35.258+0000] {processor.py:840} INFO - DAG(s) 'minio_to_snowflake_ecommerce' retrieved from /opt/airflow/dags/minio_to_snowflake_dag.py
[2026-07-05T16:53:35.289+0000] {logging_mixin.py:188} INFO - [2026-07-05T16:53:35.288+0000] {dag.py:3089} INFO - Sync 1 DAGs
[2026-07-05T16:53:35.315+0000] {logging_mixin.py:188} INFO - [2026-07-05T16:53:35.315+0000] {dag.py:3947} INFO - Setting next_dagrun for minio_to_snowflake_ecommerce to 2026-07-05 16:52:00+00:00, run_after=2026-07-05 16:53:00+00:00
[2026-07-05T16:53:35.338+0000] {processor.py:183} INFO - Processing /opt/airflow/dags/minio_to_snowflake_dag.py took 0.851 seconds
[2026-07-05T16:54:05.732+0000] {processor.py:161} INFO - Started process (PID=55649) to work on /opt/airflow/dags/minio_to_snowflake_dag.py
[2026-07-05T16:54:05.734+0000] {processor.py:830} INFO - Processing file /opt/airflow/dags/minio_to_snowflake_dag.py for tasks to queue
[2026-07-05T16:54:05.736+0000] {logging_mixin.py:188} INFO - [2026-07-05T16:54:05.736+0000] {dagbag.py:545} INFO - Filling up the DagBag from /opt/airflow/dags/minio_to_snowflake_dag.py
[2026-07-05T16:54:06.427+0000] {processor.py:840} INFO - DAG(s) 'minio_to_snowflake_ecommerce' retrieved from /opt/airflow/dags/minio_to_snowflake_dag.py
[2026-07-05T16:54:06.451+0000] {logging_mixin.py:188} INFO - [2026-07-05T16:54:06.450+0000] {dag.py:3089} INFO - Sync 1 DAGs
[2026-07-05T16:54:06.476+0000] {logging_mixin.py:188} INFO - [2026-07-05T16:54:06.476+0000] {dag.py:3947} INFO - Setting next_dagrun for minio_to_snowflake_ecommerce to 2026-07-05 16:53:00+00:00, run_after=2026-07-05 16:54:00+00:00
[2026-07-05T16:54:06.498+0000] {processor.py:183} INFO - Processing /opt/airflow/dags/minio_to_snowflake_dag.py took 0.775 seconds
[2026-07-05T16:54:36.918+0000] {processor.py:161} INFO - Started process (PID=55653) to work on /opt/airflow/dags/minio_to_snowflake_dag.py
[2026-07-05T16:54:36.919+0000] {processor.py:830} INFO - Processing file /opt/airflow/dags/minio_to_snowflake_dag.py for tasks to queue
[2026-07-05T16:54:36.921+0000] {logging_mixin.py:188} INFO - [2026-07-05T16:54:36.921+0000] {dagbag.py:545} INFO - Filling up the DagBag from /opt/airflow/dags/minio_to_snowflake_dag.py
[2026-07-05T16:54:37.704+0000] {processor.py:840} INFO - DAG(s) 'minio_to_snowflake_ecommerce' retrieved from /opt/airflow/dags/minio_to_snowflake_dag.py
[2026-07-05T16:54:37.734+0000] {logging_mixin.py:188} INFO - [2026-07-05T16:54:37.734+0000] {dag.py:3089} INFO - Sync 1 DAGs
[2026-07-05T16:54:37.759+0000] {logging_mixin.py:188} INFO - [2026-07-05T16:54:37.759+0000] {dag.py:3947} INFO - Setting next_dagrun for minio_to_snowflake_ecommerce to 2026-07-05 16:53:00+00:00, run_after=2026-07-05 16:54:00+00:00
[2026-07-05T16:54:37.783+0000] {processor.py:183} INFO - Processing /opt/airflow/dags/minio_to_snowflake_dag.py took 0.872 seconds
[2026-07-05T16:55:08.102+0000] {processor.py:161} INFO - Started process (PID=55657) to work on /opt/airflow/dags/minio_to_snowflake_dag.py
[2026-07-05T16:55:08.104+0000] {processor.py:830} INFO - Processing file /opt/airflow/dags/minio_to_snowflake_dag.py for tasks to queue
[2026-07-05T16:55:08.106+0000] {logging_mixin.py:188} INFO - [2026-07-05T16:55:08.106+0000] {dagbag.py:545} INFO - Filling up the DagBag from /opt/airflow/dags/minio_to_snowflake_dag.py
[2026-07-05T16:55:08.816+0000] {processor.py:840} INFO - DAG(s) 'minio_to_snowflake_ecommerce' retrieved from /opt/airflow/dags/minio_to_snowflake_dag.py
[2026-07-05T16:55:08.842+0000] {logging_mixin.py:188} INFO - [2026-07-05T16:55:08.841+0000] {dag.py:3089} INFO - Sync 1 DAGs
[2026-07-05T16:55:08.870+0000] {logging_mixin.py:188} INFO - [2026-07-05T16:55:08.869+0000] {dag.py:3947} INFO - Setting next_dagrun for minio_to_snowflake_ecommerce to 2026-07-05 16:54:00+00:00, run_after=2026-07-05 16:55:00+00:00
[2026-07-05T16:55:08.893+0000] {processor.py:183} INFO - Processing /opt/airflow/dags/minio_to_snowflake_dag.py took 0.798 seconds
[2026-07-05T16:55:39.327+0000] {processor.py:161} INFO - Started process (PID=55661) to work on /opt/airflow/dags/minio_to_snowflake_dag.py
[2026-07-05T16:55:39.329+0000] {processor.py:830} INFO - Processing file /opt/airflow/dags/minio_to_snowflake_dag.py for tasks to queue
[2026-07-05T16:55:39.331+0000] {logging_mixin.py:188} INFO - [2026-07-05T16:55:39.330+0000] {dagbag.py:545} INFO - Filling up the DagBag from /opt/airflow/dags/minio_to_snowflake_dag.py
[2026-07-05T16:55:40.087+0000] {processor.py:840} INFO - DAG(s) 'minio_to_snowflake_ecommerce' retrieved from /opt/airflow/dags/minio_to_snowflake_dag.py
[2026-07-05T16:55:40.116+0000] {logging_mixin.py:188} INFO - [2026-07-05T16:55:40.116+0000] {dag.py:3089} INFO - Sync 1 DAGs
[2026-07-05T16:55:40.143+0000] {logging_mixin.py:188} INFO - [2026-07-05T16:55:40.143+0000] {dag.py:3947} INFO - Setting next_dagrun for minio_to_snowflake_ecommerce to 2026-07-05 16:54:00+00:00, run_after=2026-07-05 16:55:00+00:00
[2026-07-05T16:55:40.164+0000] {processor.py:183} INFO - Processing /opt/airflow/dags/minio_to_snowflake_dag.py took 0.844 seconds
[2026-07-05T16:56:10.287+0000] {processor.py:161} INFO - Started process (PID=55665) to work on /opt/airflow/dags/minio_to_snowflake_dag.py
[2026-07-05T16:56:10.288+0000] {processor.py:830} INFO - Processing file /opt/airflow/dags/minio_to_snowflake_dag.py for tasks to queue
[2026-07-05T16:56:10.290+0000] {logging_mixin.py:188} INFO - [2026-07-05T16:56:10.290+0000] {dagbag.py:545} INFO - Filling up the DagBag from /opt/airflow/dags/minio_to_snowflake_dag.py
[2026-07-05T16:56:11.184+0000] {processor.py:840} INFO - DAG(s) 'minio_to_snowflake_ecommerce' retrieved from /opt/airflow/dags/minio_to_snowflake_dag.py
[2026-07-05T16:56:11.239+0000] {logging_mixin.py:188} INFO - [2026-07-05T16:56:11.238+0000] {dag.py:3089} INFO - Sync 1 DAGs
[2026-07-05T16:56:11.273+0000] {logging_mixin.py:188} INFO - [2026-07-05T16:56:11.273+0000] {dag.py:3947} INFO - Setting next_dagrun for minio_to_snowflake_ecommerce to 2026-07-05 16:55:00+00:00, run_after=2026-07-05 16:56:00+00:00
[2026-07-05T16:56:11.297+0000] {processor.py:183} INFO - Processing /opt/airflow/dags/minio_to_snowflake_dag.py took 1.017 seconds
[2026-07-05T16:56:41.681+0000] {processor.py:161} INFO - Started process (PID=55669) to work on /opt/airflow/dags/minio_to_snowflake_dag.py
[2026-07-05T16:56:41.683+0000] {processor.py:830} INFO - Processing file /opt/airflow/dags/minio_to_snowflake_dag.py for tasks to queue
[2026-07-05T16:56:41.686+0000] {logging_mixin.py:188} INFO - [2026-07-05T16:56:41.686+0000] {dagbag.py:545} INFO - Filling up the DagBag from /opt/airflow/dags/minio_to_snowflake_dag.py
[2026-07-05T16:56:42.423+0000] {processor.py:840} INFO - DAG(s) 'minio_to_snowflake_ecommerce' retrieved from /opt/airflow/dags/minio_to_snowflake_dag.py
[2026-07-05T16:56:42.451+0000] {logging_mixin.py:188} INFO - [2026-07-05T16:56:42.451+0000] {dag.py:3089} INFO - Sync 1 DAGs
[2026-07-05T16:56:42.480+0000] {logging_mixin.py:188} INFO - [2026-07-05T16:56:42.480+0000] {dag.py:3947} INFO - Setting next_dagrun for minio_to_snowflake_ecommerce to 2026-07-05 16:55:00+00:00, run_after=2026-07-05 16:56:00+00:00
[2026-07-05T16:56:42.502+0000] {processor.py:183} INFO - Processing /opt/airflow/dags/minio_to_snowflake_dag.py took 0.827 seconds
[2026-07-05T16:57:12.837+0000] {processor.py:161} INFO - Started process (PID=55673) to work on /opt/airflow/dags/minio_to_snowflake_dag.py
[2026-07-05T16:57:12.838+0000] {processor.py:830} INFO - Processing file /opt/airflow/dags/minio_to_snowflake_dag.py for tasks to queue
[2026-07-05T16:57:12.841+0000] {logging_mixin.py:188} INFO - [2026-07-05T16:57:12.840+0000] {dagbag.py:545} INFO - Filling up the DagBag from /opt/airflow/dags/minio_to_snowflake_dag.py
[2026-07-05T16:57:13.707+0000] {processor.py:840} INFO - DAG(s) 'minio_to_snowflake_ecommerce' retrieved from /opt/airflow/dags/minio_to_snowflake_dag.py
[2026-07-05T16:57:13.737+0000] {logging_mixin.py:188} INFO - [2026-07-05T16:57:13.736+0000] {dag.py:3089} INFO - Sync 1 DAGs
[2026-07-05T16:57:13.767+0000] {logging_mixin.py:188} INFO - [2026-07-05T16:57:13.766+0000] {dag.py:3947} INFO - Setting next_dagrun for minio_to_snowflake_ecommerce to 2026-07-05 16:56:00+00:00, run_after=2026-07-05 16:57:00+00:00
[2026-07-05T16:57:13.793+0000] {processor.py:183} INFO - Processing /opt/airflow/dags/minio_to_snowflake_dag.py took 0.964 seconds
[2026-07-05T16:57:44.228+0000] {processor.py:161} INFO - Started process (PID=55677) to work on /opt/airflow/dags/minio_to_snowflake_dag.py
[2026-07-05T16:57:44.229+0000] {processor.py:830} INFO - Processing file /opt/airflow/dags/minio_to_snowflake_dag.py for tasks to queue
[2026-07-05T16:57:44.232+0000] {logging_mixin.py:188} INFO - [2026-07-05T16:57:44.231+0000] {dagbag.py:545} INFO - Filling up the DagBag from /opt/airflow/dags/minio_to_snowflake_dag.py
[2026-07-05T16:57:44.949+0000] {processor.py:840} INFO - DAG(s) 'minio_to_snowflake_ecommerce' retrieved from /opt/airflow/dags/minio_to_snowflake_dag.py
[2026-07-05T16:57:44.982+0000] {logging_mixin.py:188} INFO - [2026-07-05T16:57:44.981+0000] {dag.py:3089} INFO - Sync 1 DAGs
[2026-07-05T16:57:45.008+0000] {logging_mixin.py:188} INFO - [2026-07-05T16:57:45.007+0000] {dag.py:3947} INFO - Setting next_dagrun for minio_to_snowflake_ecommerce to 2026-07-05 16:56:00+00:00, run_after=2026-07-05 16:57:00+00:00
[2026-07-05T16:57:45.028+0000] {processor.py:183} INFO - Processing /opt/airflow/dags/minio_to_snowflake_dag.py took 0.807 seconds
[2026-07-05T16:58:15.385+0000] {processor.py:161} INFO - Started process (PID=55681) to work on /opt/airflow/dags/minio_to_snowflake_dag.py
[2026-07-05T16:58:15.386+0000] {processor.py:830} INFO - Processing file /opt/airflow/dags/minio_to_snowflake_dag.py for tasks to queue
[2026-07-05T16:58:15.389+0000] {logging_mixin.py:188} INFO - [2026-07-05T16:58:15.389+0000] {dagbag.py:545} INFO - Filling up the DagBag from /opt/airflow/dags/minio_to_snowflake_dag.py
[2026-07-05T16:58:16.088+0000] {processor.py:840} INFO - DAG(s) 'minio_to_snowflake_ecommerce' retrieved from /opt/airflow/dags/minio_to_snowflake_dag.py
[2026-07-05T16:58:16.114+0000] {logging_mixin.py:188} INFO - [2026-07-05T16:58:16.114+0000] {dag.py:3089} INFO - Sync 1 DAGs
[2026-07-05T16:58:16.138+0000] {logging_mixin.py:188} INFO - [2026-07-05T16:58:16.138+0000] {dag.py:3947} INFO - Setting next_dagrun for minio_to_snowflake_ecommerce to 2026-07-05 16:57:00+00:00, run_after=2026-07-05 16:58:00+00:00
[2026-07-05T16:58:16.158+0000] {processor.py:183} INFO - Processing /opt/airflow/dags/minio_to_snowflake_dag.py took 0.781 seconds
[2026-07-05T16:58:46.450+0000] {processor.py:161} INFO - Started process (PID=55685) to work on /opt/airflow/dags/minio_to_snowflake_dag.py
[2026-07-05T16:58:46.451+0000] {processor.py:830} INFO - Processing file /opt/airflow/dags/minio_to_snowflake_dag.py for tasks to queue
[2026-07-05T16:58:46.454+0000] {logging_mixin.py:188} INFO - [2026-07-05T16:58:46.453+0000] {dagbag.py:545} INFO - Filling up the DagBag from /opt/airflow/dags/minio_to_snowflake_dag.py
[2026-07-05T16:58:47.257+0000] {processor.py:840} INFO - DAG(s) 'minio_to_snowflake_ecommerce' retrieved from /opt/airflow/dags/minio_to_snowflake_dag.py
[2026-07-05T16:58:47.287+0000] {logging_mixin.py:188} INFO - [2026-07-05T16:58:47.287+0000] {dag.py:3089} INFO - Sync 1 DAGs
[2026-07-05T16:58:47.313+0000] {logging_mixin.py:188} INFO - [2026-07-05T16:58:47.313+0000] {dag.py:3947} INFO - Setting next_dagrun for minio_to_snowflake_ecommerce to 2026-07-05 16:57:00+00:00, run_after=2026-07-05 16:58:00+00:00
[2026-07-05T16:58:47.338+0000] {processor.py:183} INFO - Processing /opt/airflow/dags/minio_to_snowflake_dag.py took 0.896 seconds
[2026-07-05T16:59:17.652+0000] {processor.py:161} INFO - Started process (PID=55689) to work on /opt/airflow/dags/minio_to_snowflake_dag.py
[2026-07-05T16:59:17.654+0000] {processor.py:830} INFO - Processing file /opt/airflow/dags/minio_to_snowflake_dag.py for tasks to queue
[2026-07-05T16:59:17.656+0000] {logging_mixin.py:188} INFO - [2026-07-05T16:59:17.656+0000] {dagbag.py:545} INFO - Filling up the DagBag from /opt/airflow/dags/minio_to_snowflake_dag.py
[2026-07-05T16:59:18.398+0000] {processor.py:840} INFO - DAG(s) 'minio_to_snowflake_ecommerce' retrieved from /opt/airflow/dags/minio_to_snowflake_dag.py
[2026-07-05T16:59:18.437+0000] {logging_mixin.py:188} INFO - [2026-07-05T16:59:18.436+0000] {dag.py:3089} INFO - Sync 1 DAGs
[2026-07-05T16:59:18.478+0000] {logging_mixin.py:188} INFO - [2026-07-05T16:59:18.477+0000] {dag.py:3947} INFO - Setting next_dagrun for minio_to_snowflake_ecommerce to 2026-07-05 16:58:00+00:00, run_after=2026-07-05 16:59:00+00:00
[2026-07-05T16:59:18.501+0000] {processor.py:183} INFO - Processing /opt/airflow/dags/minio_to_snowflake_dag.py took 0.857 seconds
[2026-07-05T16:59:48.941+0000] {processor.py:161} INFO - Started process (PID=55693) to work on /opt/airflow/dags/minio_to_snowflake_dag.py
[2026-07-05T16:59:48.942+0000] {processor.py:830} INFO - Processing file /opt/airflow/dags/minio_to_snowflake_dag.py for tasks to queue
[2026-07-05T16:59:48.945+0000] {logging_mixin.py:188} INFO - [2026-07-05T16:59:48.944+0000] {dagbag.py:545} INFO - Filling up the DagBag from /opt/airflow/dags/minio_to_snowflake_dag.py
[2026-07-05T16:59:49.686+0000] {processor.py:840} INFO - DAG(s) 'minio_to_snowflake_ecommerce' retrieved from /opt/airflow/dags/minio_to_snowflake_dag.py
[2026-07-05T16:59:49.728+0000] {logging_mixin.py:188} INFO - [2026-07-05T16:59:49.727+0000] {dag.py:3089} INFO - Sync 1 DAGs
[2026-07-05T16:59:49.757+0000] {logging_mixin.py:188} INFO - [2026-07-05T16:59:49.757+0000] {dag.py:3947} INFO - Setting next_dagrun for minio_to_snowflake_ecommerce to 2026-07-05 16:58:00+00:00, run_after=2026-07-05 16:59:00+00:00
[2026-07-05T16:59:49.780+0000] {processor.py:183} INFO - Processing /opt/airflow/dags/minio_to_snowflake_dag.py took 0.847 seconds
[2026-07-05T17:00:20.057+0000] {processor.py:161} INFO - Started process (PID=55697) to work on /opt/airflow/dags/minio_to_snowflake_dag.py
[2026-07-05T17:00:20.059+0000] {processor.py:830} INFO - Processing file /opt/airflow/dags/minio_to_snowflake_dag.py for tasks to queue
[2026-07-05T17:00:20.062+0000] {logging_mixin.py:188} INFO - [2026-07-05T17:00:20.062+0000] {dagbag.py:545} INFO - Filling up the DagBag from /opt/airflow/dags/minio_to_snowflake_dag.py
[2026-07-05T17:00:21.028+0000] {processor.py:840} INFO - DAG(s) 'minio_to_snowflake_ecommerce' retrieved from /opt/airflow/dags/minio_to_snowflake_dag.py
[2026-07-05T17:00:21.066+0000] {logging_mixin.py:188} INFO - [2026-07-05T17:00:21.066+0000] {dag.py:3089} INFO - Sync 1 DAGs
[2026-07-05T17:00:21.097+0000] {logging_mixin.py:188} INFO - [2026-07-05T17:00:21.096+0000] {dag.py:3947} INFO - Setting next_dagrun for minio_to_snowflake_ecommerce to 2026-07-05 16:59:00+00:00, run_after=2026-07-05 17:00:00+00:00
[2026-07-05T17:00:21.123+0000] {processor.py:183} INFO - Processing /opt/airflow/dags/minio_to_snowflake_dag.py took 1.074 seconds
[2026-07-05T17:00:51.401+0000] {processor.py:161} INFO - Started process (PID=55701) to work on /opt/airflow/dags/minio_to_snowflake_dag.py
[2026-07-05T17:00:51.403+0000] {processor.py:830} INFO - Processing file /opt/airflow/dags/minio_to_snowflake_dag.py for tasks to queue
[2026-07-05T17:00:51.406+0000] {logging_mixin.py:188} INFO - [2026-07-05T17:00:51.406+0000] {dagbag.py:545} INFO - Filling up the DagBag from /opt/airflow/dags/minio_to_snowflake_dag.py
[2026-07-05T17:00:52.202+0000] {processor.py:840} INFO - DAG(s) 'minio_to_snowflake_ecommerce' retrieved from /opt/airflow/dags/minio_to_snowflake_dag.py
[2026-07-05T17:00:52.234+0000] {logging_mixin.py:188} INFO - [2026-07-05T17:00:52.234+0000] {dag.py:3089} INFO - Sync 1 DAGs
[2026-07-05T17:00:52.265+0000] {logging_mixin.py:188} INFO - [2026-07-05T17:00:52.264+0000] {dag.py:3947} INFO - Setting next_dagrun for minio_to_snowflake_ecommerce to 2026-07-05 16:59:00+00:00, run_after=2026-07-05 17:00:00+00:00
[2026-07-05T17:00:52.292+0000] {processor.py:183} INFO - Processing /opt/airflow/dags/minio_to_snowflake_dag.py took 0.901 seconds
[2026-07-05T17:01:22.660+0000] {processor.py:161} INFO - Started process (PID=55705) to work on /opt/airflow/dags/minio_to_snowflake_dag.py
[2026-07-05T17:01:22.662+0000] {processor.py:830} INFO - Processing file /opt/airflow/dags/minio_to_snowflake_dag.py for tasks to queue
[2026-07-05T17:01:22.665+0000] {logging_mixin.py:188} INFO - [2026-07-05T17:01:22.665+0000] {dagbag.py:545} INFO - Filling up the DagBag from /opt/airflow/dags/minio_to_snowflake_dag.py
[2026-07-05T17:01:23.441+0000] {processor.py:840} INFO - DAG(s) 'minio_to_snowflake_ecommerce' retrieved from /opt/airflow/dags/minio_to_snowflake_dag.py
[2026-07-05T17:01:23.473+0000] {logging_mixin.py:188} INFO - [2026-07-05T17:01:23.472+0000] {dag.py:3089} INFO - Sync 1 DAGs
[2026-07-05T17:01:23.503+0000] {logging_mixin.py:188} INFO - [2026-07-05T17:01:23.503+0000] {dag.py:3947} INFO - Setting next_dagrun for minio_to_snowflake_ecommerce to 2026-07-05 17:00:00+00:00, run_after=2026-07-05 17:01:00+00:00
[2026-07-05T17:01:23.524+0000] {processor.py:183} INFO - Processing /opt/airflow/dags/minio_to_snowflake_dag.py took 0.873 seconds
[2026-07-05T17:01:53.912+0000] {processor.py:161} INFO - Started process (PID=55709) to work on /opt/airflow/dags/minio_to_snowflake_dag.py
[2026-07-05T17:01:53.913+0000] {processor.py:830} INFO - Processing file /opt/airflow/dags/minio_to_snowflake_dag.py for tasks to queue
[2026-07-05T17:01:53.916+0000] {logging_mixin.py:188} INFO - [2026-07-05T17:01:53.915+0000] {dagbag.py:545} INFO - Filling up the DagBag from /opt/airflow/dags/minio_to_snowflake_dag.py
[2026-07-05T17:01:54.626+0000] {processor.py:840} INFO - DAG(s) 'minio_to_snowflake_ecommerce' retrieved from /opt/airflow/dags/minio_to_snowflake_dag.py
[2026-07-05T17:01:54.656+0000] {logging_mixin.py:188} INFO - [2026-07-05T17:01:54.655+0000] {dag.py:3089} INFO - Sync 1 DAGs
[2026-07-05T17:01:54.682+0000] {logging_mixin.py:188} INFO - [2026-07-05T17:01:54.682+0000] {dag.py:3947} INFO - Setting next_dagrun for minio_to_snowflake_ecommerce to 2026-07-05 17:00:00+00:00, run_after=2026-07-05 17:01:00+00:00
[2026-07-05T17:01:54.703+0000] {processor.py:183} INFO - Processing /opt/airflow/dags/minio_to_snowflake_dag.py took 0.799 seconds
[2026-07-05T17:02:25.014+0000] {processor.py:161} INFO - Started process (PID=55713) to work on /opt/airflow/dags/minio_to_snowflake_dag.py
[2026-07-05T17:02:25.015+0000] {processor.py:830} INFO - Processing file /opt/airflow/dags/minio_to_snowflake_dag.py for tasks to queue
[2026-07-05T17:02:25.017+0000] {logging_mixin.py:188} INFO - [2026-07-05T17:02:25.016+0000] {dagbag.py:545} INFO - Filling up the DagBag from /opt/airflow/dags/minio_to_snowflake_dag.py
[2026-07-05T17:02:25.794+0000] {processor.py:840} INFO - DAG(s) 'minio_to_snowflake_ecommerce' retrieved from /opt/airflow/dags/minio_to_snowflake_dag.py
[2026-07-05T17:02:25.827+0000] {logging_mixin.py:188} INFO - [2026-07-05T17:02:25.826+0000] {dag.py:3089} INFO - Sync 1 DAGs
[2026-07-05T17:02:25.855+0000] {logging_mixin.py:188} INFO - [2026-07-05T17:02:25.855+0000] {dag.py:3947} INFO - Setting next_dagrun for minio_to_snowflake_ecommerce to 2026-07-05 17:01:00+00:00, run_after=2026-07-05 17:02:00+00:00
[2026-07-05T17:02:25.879+0000] {processor.py:183} INFO - Processing /opt/airflow/dags/minio_to_snowflake_dag.py took 0.874 seconds
[2026-07-05T17:02:56.245+0000] {processor.py:161} INFO - Started process (PID=55717) to work on /opt/airflow/dags/minio_to_snowflake_dag.py
[2026-07-05T17:02:56.247+0000] {processor.py:830} INFO - Processing file /opt/airflow/dags/minio_to_snowflake_dag.py for tasks to queue
[2026-07-05T17:02:56.251+0000] {logging_mixin.py:188} INFO - [2026-07-05T17:02:56.250+0000] {dagbag.py:545} INFO - Filling up the DagBag from /opt/airflow/dags/minio_to_snowflake_dag.py
[2026-07-05T17:02:57.156+0000] {processor.py:840} INFO - DAG(s) 'minio_to_snowflake_ecommerce' retrieved from /opt/airflow/dags/minio_to_snowflake_dag.py
[2026-07-05T17:02:57.188+0000] {logging_mixin.py:188} INFO - [2026-07-05T17:02:57.187+0000] {dag.py:3089} INFO - Sync 1 DAGs
[2026-07-05T17:02:57.215+0000] {logging_mixin.py:188} INFO - [2026-07-05T17:02:57.215+0000] {dag.py:3947} INFO - Setting next_dagrun for minio_to_snowflake_ecommerce to 2026-07-05 17:01:00+00:00, run_after=2026-07-05 17:02:00+00:00
[2026-07-05T17:02:57.240+0000] {processor.py:183} INFO - Processing /opt/airflow/dags/minio_to_snowflake_dag.py took 1.005 seconds
[2026-07-05T17:03:27.570+0000] {processor.py:161} INFO - Started process (PID=55721) to work on /opt/airflow/dags/minio_to_snowflake_dag.py
[2026-07-05T17:03:27.571+0000] {processor.py:830} INFO - Processing file /opt/airflow/dags/minio_to_snowflake_dag.py for tasks to queue
[2026-07-05T17:03:27.574+0000] {logging_mixin.py:188} INFO - [2026-07-05T17:03:27.573+0000] {dagbag.py:545} INFO - Filling up the DagBag from /opt/airflow/dags/minio_to_snowflake_dag.py
[2026-07-05T17:03:28.338+0000] {processor.py:840} INFO - DAG(s) 'minio_to_snowflake_ecommerce' retrieved from /opt/airflow/dags/minio_to_snowflake_dag.py
[2026-07-05T17:03:28.368+0000] {logging_mixin.py:188} INFO - [2026-07-05T17:03:28.367+0000] {dag.py:3089} INFO - Sync 1 DAGs
[2026-07-05T17:03:28.395+0000] {logging_mixin.py:188} INFO - [2026-07-05T17:03:28.395+0000] {dag.py:3947} INFO - Setting next_dagrun for minio_to_snowflake_ecommerce to 2026-07-05 17:02:00+00:00, run_after=2026-07-05 17:03:00+00:00
[2026-07-05T17:03:28.415+0000] {processor.py:183} INFO - Processing /opt/airflow/dags/minio_to_snowflake_dag.py took 0.855 seconds
[2026-07-05T17:03:58.712+0000] {processor.py:161} INFO - Started process (PID=55725) to work on /opt/airflow/dags/minio_to_snowflake_dag.py
[2026-07-05T17:03:58.715+0000] {processor.py:830} INFO - Processing file /opt/airflow/dags/minio_to_snowflake_dag.py for tasks to queue
[2026-07-05T17:03:58.722+0000] {logging_mixin.py:188} INFO - [2026-07-05T17:03:58.721+0000] {dagbag.py:545} INFO - Filling up the DagBag from /opt/airflow/dags/minio_to_snowflake_dag.py
[2026-07-05T17:03:59.492+0000] {processor.py:840} INFO - DAG(s) 'minio_to_snowflake_ecommerce' retrieved from /opt/airflow/dags/minio_to_snowflake_dag.py
[2026-07-05T17:03:59.523+0000] {logging_mixin.py:188} INFO - [2026-07-05T17:03:59.523+0000] {dag.py:3089} INFO - Sync 1 DAGs
[2026-07-05T17:03:59.548+0000] {logging_mixin.py:188} INFO - [2026-07-05T17:03:59.548+0000] {dag.py:3947} INFO - Setting next_dagrun for minio_to_snowflake_ecommerce to 2026-07-05 17:02:00+00:00, run_after=2026-07-05 17:03:00+00:00
[2026-07-05T17:03:59.566+0000] {processor.py:183} INFO - Processing /opt/airflow/dags/minio_to_snowflake_dag.py took 0.863 seconds
[2026-07-05T17:04:30.006+0000] {processor.py:161} INFO - Started process (PID=55729) to work on /opt/airflow/dags/minio_to_snowflake_dag.py
[2026-07-05T17:04:30.008+0000] {processor.py:830} INFO - Processing file /opt/airflow/dags/minio_to_snowflake_dag.py for tasks to queue
[2026-07-05T17:04:30.010+0000] {logging_mixin.py:188} INFO - [2026-07-05T17:04:30.010+0000] {dagbag.py:545} INFO - Filling up the DagBag from /opt/airflow/dags/minio_to_snowflake_dag.py
[2026-07-05T17:04:30.759+0000] {processor.py:840} INFO - DAG(s) 'minio_to_snowflake_ecommerce' retrieved from /opt/airflow/dags/minio_to_snowflake_dag.py
[2026-07-05T17:04:30.795+0000] {logging_mixin.py:188} INFO - [2026-07-05T17:04:30.794+0000] {dag.py:3089} INFO - Sync 1 DAGs
[2026-07-05T17:04:30.820+0000] {logging_mixin.py:188} INFO - [2026-07-05T17:04:30.820+0000] {dag.py:3947} INFO - Setting next_dagrun for minio_to_snowflake_ecommerce to 2026-07-05 17:03:00+00:00, run_after=2026-07-05 17:04:00+00:00
[2026-07-05T17:04:30.840+0000] {processor.py:183} INFO - Processing /opt/airflow/dags/minio_to_snowflake_dag.py took 0.844 seconds
[2026-07-05T17:05:01.285+0000] {processor.py:161} INFO - Started process (PID=55733) to work on /opt/airflow/dags/minio_to_snowflake_dag.py
[2026-07-05T17:05:01.287+0000] {processor.py:830} INFO - Processing file /opt/airflow/dags/minio_to_snowflake_dag.py for tasks to queue
[2026-07-05T17:05:01.290+0000] {logging_mixin.py:188} INFO - [2026-07-05T17:05:01.289+0000] {dagbag.py:545} INFO - Filling up the DagBag from /opt/airflow/dags/minio_to_snowflake_dag.py
[2026-07-05T17:05:02.008+0000] {processor.py:840} INFO - DAG(s) 'minio_to_snowflake_ecommerce' retrieved from /opt/airflow/dags/minio_to_snowflake_dag.py
[2026-07-05T17:05:02.037+0000] {logging_mixin.py:188} INFO - [2026-07-05T17:05:02.036+0000] {dag.py:3089} INFO - Sync 1 DAGs
[2026-07-05T17:05:02.061+0000] {logging_mixin.py:188} INFO - [2026-07-05T17:05:02.061+0000] {dag.py:3947} INFO - Setting next_dagrun for minio_to_snowflake_ecommerce to 2026-07-05 17:04:00+00:00, run_after=2026-07-05 17:05:00+00:00
[2026-07-05T17:05:02.086+0000] {processor.py:183} INFO - Processing /opt/airflow/dags/minio_to_snowflake_dag.py took 0.809 seconds
[2026-07-05T17:05:32.533+0000] {processor.py:161} INFO - Started process (PID=55737) to work on /opt/airflow/dags/minio_to_snowflake_dag.py
[2026-07-05T17:05:32.534+0000] {processor.py:830} INFO - Processing file /opt/airflow/dags/minio_to_snowflake_dag.py for tasks to queue
[2026-07-05T17:05:32.536+0000] {logging_mixin.py:188} INFO - [2026-07-05T17:05:32.536+0000] {dagbag.py:545} INFO - Filling up the DagBag from /opt/airflow/dags/minio_to_snowflake_dag.py
[2026-07-05T17:05:33.235+0000] {processor.py:840} INFO - DAG(s) 'minio_to_snowflake_ecommerce' retrieved from /opt/airflow/dags/minio_to_snowflake_dag.py
[2026-07-05T17:05:33.264+0000] {logging_mixin.py:188} INFO - [2026-07-05T17:05:33.263+0000] {dag.py:3089} INFO - Sync 1 DAGs
[2026-07-05T17:05:33.290+0000] {logging_mixin.py:188} INFO - [2026-07-05T17:05:33.290+0000] {dag.py:3947} INFO - Setting next_dagrun for minio_to_snowflake_ecommerce to 2026-07-05 17:04:00+00:00, run_after=2026-07-05 17:05:00+00:00
[2026-07-05T17:05:33.310+0000] {processor.py:183} INFO - Processing /opt/airflow/dags/minio_to_snowflake_dag.py took 0.785 seconds
[2026-07-05T17:06:03.705+0000] {processor.py:161} INFO - Started process (PID=55741) to work on /opt/airflow/dags/minio_to_snowflake_dag.py
[2026-07-05T17:06:03.709+0000] {processor.py:830} INFO - Processing file /opt/airflow/dags/minio_to_snowflake_dag.py for tasks to queue
[2026-07-05T17:06:03.717+0000] {logging_mixin.py:188} INFO - [2026-07-05T17:06:03.716+0000] {dagbag.py:545} INFO - Filling up the DagBag from /opt/airflow/dags/minio_to_snowflake_dag.py
[2026-07-05T17:06:04.487+0000] {processor.py:840} INFO - DAG(s) 'minio_to_snowflake_ecommerce' retrieved from /opt/airflow/dags/minio_to_snowflake_dag.py
[2026-07-05T17:06:04.541+0000] {logging_mixin.py:188} INFO - [2026-07-05T17:06:04.540+0000] {dag.py:3089} INFO - Sync 1 DAGs
[2026-07-05T17:06:04.568+0000] {logging_mixin.py:188} INFO - [2026-07-05T17:06:04.568+0000] {dag.py:3947} INFO - Setting next_dagrun for minio_to_snowflake_ecommerce to 2026-07-05 17:05:00+00:00, run_after=2026-07-05 17:06:00+00:00
[2026-07-05T17:06:04.591+0000] {processor.py:183} INFO - Processing /opt/airflow/dags/minio_to_snowflake_dag.py took 0.903 seconds
