[2026-07-04T15:11:51.768+0000] {local_task_job_runner.py:120} INFO - ::group::Pre task execution logs
[2026-07-04T15:11:51.799+0000] {taskinstance.py:2076} INFO - Dependencies all met for dep_context=non-requeueable deps ti=<TaskInstance: minio_to_snowflake_ecommerce.load_snowflake scheduled__2026-07-04T14:31:00+00:00 [queued]>
[2026-07-04T15:11:51.809+0000] {taskinstance.py:2076} INFO - Dependencies all met for dep_context=requeueable deps ti=<TaskInstance: minio_to_snowflake_ecommerce.load_snowflake scheduled__2026-07-04T14:31:00+00:00 [queued]>
[2026-07-04T15:11:51.810+0000] {taskinstance.py:2306} INFO - Starting attempt 1 of 2
[2026-07-04T15:11:51.823+0000] {taskinstance.py:2330} INFO - Executing <Task(PythonOperator): load_snowflake> on 2026-07-04 14:31:00+00:00
[2026-07-04T15:11:51.832+0000] {standard_task_runner.py:90} INFO - Running: ['***', 'tasks', 'run', 'minio_to_snowflake_ecommerce', 'load_snowflake', 'scheduled__2026-07-04T14:31:00+00:00', '--job-id', '48', '--raw', '--subdir', 'DAGS_FOLDER/minio_to_snowflake_dag.py', '--cfg-path', '/tmp/tmp3lu2jsoq']
[2026-07-04T15:11:51.835+0000] {standard_task_runner.py:91} INFO - Job 48: Subtask load_snowflake
[2026-07-04T15:11:51.835+0000] {logging_mixin.py:188} WARNING - /home/***/.local/lib/python3.12/site-packages/***/task/task_runner/standard_task_runner.py:62 DeprecationWarning: This process (pid=48719) is multi-threaded, use of fork() may lead to deadlocks in the child.
[2026-07-04T15:11:51.836+0000] {standard_task_runner.py:64} INFO - Started process 48727 to run task
[2026-07-04T15:11:51.896+0000] {task_command.py:426} INFO - Running <TaskInstance: minio_to_snowflake_ecommerce.load_snowflake scheduled__2026-07-04T14:31:00+00:00 [running]> on host 791512f83421
[2026-07-04T15:11:52.002+0000] {taskinstance.py:2648} INFO - Exporting env vars: AIRFLOW_CTX_DAG_OWNER='***' AIRFLOW_CTX_DAG_ID='minio_to_snowflake_ecommerce' AIRFLOW_CTX_TASK_ID='load_snowflake' AIRFLOW_CTX_EXECUTION_DATE='2026-07-04T14:31:00+00:00' AIRFLOW_CTX_TRY_NUMBER='1' AIRFLOW_CTX_DAG_RUN_ID='scheduled__2026-07-04T14:31:00+00:00'
[2026-07-04T15:11:52.003+0000] {taskinstance.py:430} INFO - ::endgroup::
[2026-07-04T15:11:52.209+0000] {connection.py:638} INFO - Snowflake Connector for Python Version: 4.6.0, Python Version: 3.12.4, Platform: Linux-5.15.167.4-microsoft-standard-WSL2-x86_64-with-glibc2.36
[2026-07-04T15:11:52.210+0000] {connection.py:1760} INFO - Connecting to GLOBAL Snowflake domain
[2026-07-04T15:11:55.278+0000] {logging_mixin.py:188} INFO - Uploaded /tmp/minio_downloads/customers_190118474101.parquet -> @customers stage
[2026-07-04T15:11:55.766+0000] {logging_mixin.py:188} INFO - Uploaded /tmp/minio_downloads/customers_190118558805.parquet -> @customers stage
[2026-07-04T15:11:56.279+0000] {logging_mixin.py:188} INFO - Uploaded /tmp/minio_downloads/customers_190118637451.parquet -> @customers stage
[2026-07-04T15:11:56.689+0000] {logging_mixin.py:188} INFO - Uploaded /tmp/minio_downloads/customers_190118704077.parquet -> @customers stage
[2026-07-04T15:11:57.100+0000] {logging_mixin.py:188} INFO - Uploaded /tmp/minio_downloads/customers_190118757294.parquet -> @customers stage
[2026-07-04T15:11:57.610+0000] {logging_mixin.py:188} INFO - Uploaded /tmp/minio_downloads/customers_190118804450.parquet -> @customers stage
[2026-07-04T15:11:58.121+0000] {logging_mixin.py:188} INFO - Uploaded /tmp/minio_downloads/customers_190118859377.parquet -> @customers stage
[2026-07-04T15:11:58.633+0000] {logging_mixin.py:188} INFO - Uploaded /tmp/minio_downloads/customers_190118909807.parquet -> @customers stage
[2026-07-04T15:11:59.142+0000] {logging_mixin.py:188} INFO - Uploaded /tmp/minio_downloads/customers_190118962070.parquet -> @customers stage
[2026-07-04T15:11:59.556+0000] {logging_mixin.py:188} INFO - Uploaded /tmp/minio_downloads/customers_190119013345.parquet -> @customers stage
[2026-07-04T15:11:59.966+0000] {logging_mixin.py:188} INFO - Uploaded /tmp/minio_downloads/customers_190119066490.parquet -> @customers stage
[2026-07-04T15:12:00.449+0000] {logging_mixin.py:188} INFO - Uploaded /tmp/minio_downloads/customers_190119139754.parquet -> @customers stage
[2026-07-04T15:12:00.892+0000] {logging_mixin.py:188} INFO - Uploaded /tmp/minio_downloads/customers_190119263543.parquet -> @customers stage
[2026-07-04T15:12:01.285+0000] {logging_mixin.py:188} INFO - Uploaded /tmp/minio_downloads/customers_190119390209.parquet -> @customers stage
[2026-07-04T15:12:01.803+0000] {logging_mixin.py:188} INFO - Uploaded /tmp/minio_downloads/customers_190119463358.parquet -> @customers stage
[2026-07-04T15:12:02.315+0000] {logging_mixin.py:188} INFO - Uploaded /tmp/minio_downloads/customers_190119548561.parquet -> @customers stage
[2026-07-04T15:12:02.725+0000] {logging_mixin.py:188} INFO - Uploaded /tmp/minio_downloads/customers_190119628300.parquet -> @customers stage
[2026-07-04T15:12:03.134+0000] {logging_mixin.py:188} INFO - Uploaded /tmp/minio_downloads/customers_190119731265.parquet -> @customers stage
[2026-07-04T15:12:03.507+0000] {logging_mixin.py:188} INFO - Uploaded /tmp/minio_downloads/customers_190119816203.parquet -> @customers stage
[2026-07-04T15:12:03.953+0000] {logging_mixin.py:188} INFO - Uploaded /tmp/minio_downloads/customers_190119905698.parquet -> @customers stage
[2026-07-04T15:12:04.363+0000] {logging_mixin.py:188} INFO - Uploaded /tmp/minio_downloads/customers_190120040271.parquet -> @customers stage
[2026-07-04T15:12:04.773+0000] {logging_mixin.py:188} INFO - Uploaded /tmp/minio_downloads/customers_190120132786.parquet -> @customers stage
[2026-07-04T15:12:05.183+0000] {logging_mixin.py:188} INFO - Uploaded /tmp/minio_downloads/customers_190120201937.parquet -> @customers stage
[2026-07-04T15:12:05.592+0000] {logging_mixin.py:188} INFO - Uploaded /tmp/minio_downloads/customers_190120279098.parquet -> @customers stage
[2026-07-04T15:12:06.106+0000] {logging_mixin.py:188} INFO - Uploaded /tmp/minio_downloads/customers_190120349697.parquet -> @customers stage
[2026-07-04T15:12:06.506+0000] {logging_mixin.py:188} INFO - Uploaded /tmp/minio_downloads/customers_190120432051.parquet -> @customers stage
[2026-07-04T15:12:06.925+0000] {logging_mixin.py:188} INFO - Uploaded /tmp/minio_downloads/customers_190120568706.parquet -> @customers stage
[2026-07-04T15:12:07.335+0000] {logging_mixin.py:188} INFO - Uploaded /tmp/minio_downloads/customers_190120649298.parquet -> @customers stage
[2026-07-04T15:12:07.744+0000] {logging_mixin.py:188} INFO - Uploaded /tmp/minio_downloads/customers_190120717788.parquet -> @customers stage
[2026-07-04T15:12:08.252+0000] {logging_mixin.py:188} INFO - Uploaded /tmp/minio_downloads/customers_190120785337.parquet -> @customers stage
[2026-07-04T15:12:08.877+0000] {logging_mixin.py:188} INFO - Uploaded /tmp/minio_downloads/customers_190120832918.parquet -> @customers stage
[2026-07-04T15:12:09.394+0000] {logging_mixin.py:188} INFO - Uploaded /tmp/minio_downloads/customers_190120902521.parquet -> @customers stage
[2026-07-04T15:12:09.784+0000] {logging_mixin.py:188} INFO - Uploaded /tmp/minio_downloads/customers_190120964409.parquet -> @customers stage
[2026-07-04T15:12:10.198+0000] {logging_mixin.py:188} INFO - Uploaded /tmp/minio_downloads/customers_190121020503.parquet -> @customers stage
[2026-07-04T15:12:10.577+0000] {logging_mixin.py:188} INFO - Uploaded /tmp/minio_downloads/customers_190121089337.parquet -> @customers stage
[2026-07-04T15:12:11.016+0000] {logging_mixin.py:188} INFO - Uploaded /tmp/minio_downloads/customers_190121147140.parquet -> @customers stage
[2026-07-04T15:12:11.528+0000] {logging_mixin.py:188} INFO - Uploaded /tmp/minio_downloads/customers_190121236766.parquet -> @customers stage
[2026-07-04T15:12:12.042+0000] {logging_mixin.py:188} INFO - Uploaded /tmp/minio_downloads/customers_190121314374.parquet -> @customers stage
[2026-07-04T15:12:12.552+0000] {logging_mixin.py:188} INFO - Uploaded /tmp/minio_downloads/customers_190121389208.parquet -> @customers stage
[2026-07-04T15:12:13.174+0000] {logging_mixin.py:188} INFO - Uploaded /tmp/minio_downloads/customers_190121470589.parquet -> @customers stage
[2026-07-04T15:12:13.552+0000] {logging_mixin.py:188} INFO - Uploaded /tmp/minio_downloads/customers_190121557173.parquet -> @customers stage
[2026-07-04T15:12:13.987+0000] {logging_mixin.py:188} INFO - Uploaded /tmp/minio_downloads/customers_190121635672.parquet -> @customers stage
[2026-07-04T15:12:14.498+0000] {logging_mixin.py:188} INFO - Uploaded /tmp/minio_downloads/customers_190121708765.parquet -> @customers stage
[2026-07-04T15:12:14.908+0000] {logging_mixin.py:188} INFO - Uploaded /tmp/minio_downloads/customers_190121774496.parquet -> @customers stage
[2026-07-04T15:12:15.421+0000] {logging_mixin.py:188} INFO - Uploaded /tmp/minio_downloads/customers_190121828872.parquet -> @customers stage
[2026-07-04T15:12:15.829+0000] {logging_mixin.py:188} INFO - Uploaded /tmp/minio_downloads/customers_190121884665.parquet -> @customers stage
[2026-07-04T15:12:16.239+0000] {logging_mixin.py:188} INFO - Uploaded /tmp/minio_downloads/customers_190121936133.parquet -> @customers stage
[2026-07-04T15:12:16.624+0000] {logging_mixin.py:188} INFO - Uploaded /tmp/minio_downloads/customers_190121986968.parquet -> @customers stage
[2026-07-04T15:12:17.061+0000] {logging_mixin.py:188} INFO - Uploaded /tmp/minio_downloads/customers_190122038502.parquet -> @customers stage
[2026-07-04T15:12:17.456+0000] {logging_mixin.py:188} INFO - Uploaded /tmp/minio_downloads/customers_190122087552.parquet -> @customers stage
[2026-07-04T15:12:17.826+0000] {logging_mixin.py:188} INFO - Uploaded /tmp/minio_downloads/customers_190122199861.parquet -> @customers stage
[2026-07-04T15:12:18.200+0000] {logging_mixin.py:188} INFO - Uploaded /tmp/minio_downloads/customers_190122288107.parquet -> @customers stage
[2026-07-04T15:12:18.591+0000] {logging_mixin.py:188} INFO - Uploaded /tmp/minio_downloads/customers_190122362702.parquet -> @customers stage
[2026-07-04T15:12:19.005+0000] {logging_mixin.py:188} INFO - Uploaded /tmp/minio_downloads/customers_190122426397.parquet -> @customers stage
[2026-07-04T15:12:19.413+0000] {logging_mixin.py:188} INFO - Uploaded /tmp/minio_downloads/customers_190122496594.parquet -> @customers stage
[2026-07-04T15:12:19.823+0000] {logging_mixin.py:188} INFO - Uploaded /tmp/minio_downloads/customers_190122575921.parquet -> @customers stage
[2026-07-04T15:12:20.305+0000] {logging_mixin.py:188} INFO - Uploaded /tmp/minio_downloads/customers_190122666732.parquet -> @customers stage
[2026-07-04T15:12:20.669+0000] {logging_mixin.py:188} INFO - Uploaded /tmp/minio_downloads/customers_190122744017.parquet -> @customers stage
[2026-07-04T15:12:21.047+0000] {logging_mixin.py:188} INFO - Uploaded /tmp/minio_downloads/customers_190122803790.parquet -> @customers stage
[2026-07-04T15:12:21.434+0000] {logging_mixin.py:188} INFO - Uploaded /tmp/minio_downloads/customers_190122866720.parquet -> @customers stage
[2026-07-04T15:12:21.874+0000] {logging_mixin.py:188} INFO - Uploaded /tmp/minio_downloads/customers_190122917755.parquet -> @customers stage
[2026-07-04T15:12:22.239+0000] {logging_mixin.py:188} INFO - Uploaded /tmp/minio_downloads/customers_190122965839.parquet -> @customers stage
[2026-07-04T15:12:22.704+0000] {logging_mixin.py:188} INFO - Uploaded /tmp/minio_downloads/customers_190123017563.parquet -> @customers stage
[2026-07-04T15:12:23.106+0000] {logging_mixin.py:188} INFO - Uploaded /tmp/minio_downloads/customers_190123087773.parquet -> @customers stage
[2026-07-04T15:12:23.518+0000] {logging_mixin.py:188} INFO - Uploaded /tmp/minio_downloads/customers_190123155911.parquet -> @customers stage
[2026-07-04T15:12:24.000+0000] {logging_mixin.py:188} INFO - Uploaded /tmp/minio_downloads/customers_190123225422.parquet -> @customers stage
[2026-07-04T15:12:24.435+0000] {logging_mixin.py:188} INFO - Uploaded /tmp/minio_downloads/customers_190123295060.parquet -> @customers stage
[2026-07-04T15:12:24.819+0000] {logging_mixin.py:188} INFO - Uploaded /tmp/minio_downloads/customers_190123375883.parquet -> @customers stage
[2026-07-04T15:12:25.252+0000] {logging_mixin.py:188} INFO - Uploaded /tmp/minio_downloads/customers_190123461445.parquet -> @customers stage
[2026-07-04T15:12:25.722+0000] {logging_mixin.py:188} INFO - Uploaded /tmp/minio_downloads/customers_190123549403.parquet -> @customers stage
[2026-07-04T15:12:26.086+0000] {logging_mixin.py:188} INFO - Uploaded /tmp/minio_downloads/customers_190123629735.parquet -> @customers stage
[2026-07-04T15:12:26.583+0000] {logging_mixin.py:188} INFO - Uploaded /tmp/minio_downloads/customers_190123712537.parquet -> @customers stage
[2026-07-04T15:12:27.099+0000] {logging_mixin.py:188} INFO - Uploaded /tmp/minio_downloads/customers_190123785855.parquet -> @customers stage
[2026-07-04T15:12:27.511+0000] {logging_mixin.py:188} INFO - Uploaded /tmp/minio_downloads/customers_190123852768.parquet -> @customers stage
[2026-07-04T15:12:28.016+0000] {logging_mixin.py:188} INFO - Uploaded /tmp/minio_downloads/customers_190123936501.parquet -> @customers stage
[2026-07-04T15:12:28.528+0000] {logging_mixin.py:188} INFO - Uploaded /tmp/minio_downloads/customers_190124033849.parquet -> @customers stage
[2026-07-04T15:12:28.900+0000] {logging_mixin.py:188} INFO - Uploaded /tmp/minio_downloads/customers_190124166322.parquet -> @customers stage
[2026-07-04T15:12:29.327+0000] {logging_mixin.py:188} INFO - Uploaded /tmp/minio_downloads/customers_190124239295.parquet -> @customers stage
[2026-07-04T15:12:29.769+0000] {logging_mixin.py:188} INFO - Uploaded /tmp/minio_downloads/customers_190124308641.parquet -> @customers stage
[2026-07-04T15:12:30.235+0000] {logging_mixin.py:188} INFO - Uploaded /tmp/minio_downloads/customers_190124367126.parquet -> @customers stage
[2026-07-04T15:12:30.638+0000] {logging_mixin.py:188} INFO - Uploaded /tmp/minio_downloads/customers_190124438120.parquet -> @customers stage
[2026-07-04T15:12:31.009+0000] {logging_mixin.py:188} INFO - Uploaded /tmp/minio_downloads/customers_190124506813.parquet -> @customers stage
[2026-07-04T15:12:31.375+0000] {logging_mixin.py:188} INFO - Uploaded /tmp/minio_downloads/customers_190124577918.parquet -> @customers stage
[2026-07-04T15:12:31.753+0000] {logging_mixin.py:188} INFO - Uploaded /tmp/minio_downloads/customers_190124645052.parquet -> @customers stage
[2026-07-04T15:12:32.141+0000] {logging_mixin.py:188} INFO - Uploaded /tmp/minio_downloads/customers_190124698144.parquet -> @customers stage
[2026-07-04T15:12:32.512+0000] {logging_mixin.py:188} INFO - Uploaded /tmp/minio_downloads/customers_190124750698.parquet -> @customers stage
[2026-07-04T15:12:32.926+0000] {logging_mixin.py:188} INFO - Uploaded /tmp/minio_downloads/customers_190124860523.parquet -> @customers stage
[2026-07-04T15:12:33.345+0000] {logging_mixin.py:188} INFO - Uploaded /tmp/minio_downloads/customers_190124942262.parquet -> @customers stage
[2026-07-04T15:12:33.761+0000] {logging_mixin.py:188} INFO - Uploaded /tmp/minio_downloads/customers_190125013131.parquet -> @customers stage
[2026-07-04T15:12:34.265+0000] {logging_mixin.py:188} INFO - Uploaded /tmp/minio_downloads/customers_190125105286.parquet -> @customers stage
[2026-07-04T15:12:34.641+0000] {logging_mixin.py:188} INFO - Uploaded /tmp/minio_downloads/customers_190125202440.parquet -> @customers stage
[2026-07-04T15:12:35.011+0000] {logging_mixin.py:188} INFO - Uploaded /tmp/minio_downloads/customers_190125298099.parquet -> @customers stage
[2026-07-04T15:12:35.493+0000] {logging_mixin.py:188} INFO - Uploaded /tmp/minio_downloads/customers_190125375584.parquet -> @customers stage
[2026-07-04T15:12:35.864+0000] {logging_mixin.py:188} INFO - Uploaded /tmp/minio_downloads/customers_190125437993.parquet -> @customers stage
[2026-07-04T15:12:36.260+0000] {logging_mixin.py:188} INFO - Uploaded /tmp/minio_downloads/customers_190125502586.parquet -> @customers stage
[2026-07-04T15:12:36.723+0000] {logging_mixin.py:188} INFO - Uploaded /tmp/minio_downloads/customers_190125580897.parquet -> @customers stage
[2026-07-04T15:12:37.234+0000] {logging_mixin.py:188} INFO - Uploaded /tmp/minio_downloads/customers_190125642474.parquet -> @customers stage
[2026-07-04T15:12:37.746+0000] {logging_mixin.py:188} INFO - Uploaded /tmp/minio_downloads/customers_190125701048.parquet -> @customers stage
[2026-07-04T15:12:38.260+0000] {logging_mixin.py:188} INFO - Uploaded /tmp/minio_downloads/customers_190125761080.parquet -> @customers stage
[2026-07-04T15:12:38.771+0000] {logging_mixin.py:188} INFO - Uploaded /tmp/minio_downloads/customers_190125833530.parquet -> @customers stage
[2026-07-04T15:12:39.280+0000] {logging_mixin.py:188} INFO - Uploaded /tmp/minio_downloads/customers_190125898658.parquet -> @customers stage
[2026-07-04T15:12:39.798+0000] {logging_mixin.py:188} INFO - Uploaded /tmp/minio_downloads/customers_190125975991.parquet -> @customers stage
[2026-07-04T15:12:40.166+0000] {logging_mixin.py:188} INFO - Uploaded /tmp/minio_downloads/customers_190126066822.parquet -> @customers stage
[2026-07-04T15:12:40.542+0000] {logging_mixin.py:188} INFO - Uploaded /tmp/minio_downloads/customers_190126198505.parquet -> @customers stage
[2026-07-04T15:12:40.930+0000] {logging_mixin.py:188} INFO - Uploaded /tmp/minio_downloads/customers_190126301475.parquet -> @customers stage
[2026-07-04T15:12:41.430+0000] {logging_mixin.py:188} INFO - Uploaded /tmp/minio_downloads/customers_190126398593.parquet -> @customers stage
[2026-07-04T15:12:41.946+0000] {logging_mixin.py:188} INFO - Uploaded /tmp/minio_downloads/customers_190126533501.parquet -> @customers stage
[2026-07-04T15:12:42.430+0000] {logging_mixin.py:188} INFO - Uploaded /tmp/minio_downloads/customers_190126611796.parquet -> @customers stage
[2026-07-04T15:12:42.864+0000] {logging_mixin.py:188} INFO - Uploaded /tmp/minio_downloads/customers_190126673708.parquet -> @customers stage
[2026-07-04T15:12:43.268+0000] {logging_mixin.py:188} INFO - Uploaded /tmp/minio_downloads/customers_190126725267.parquet -> @customers stage
[2026-07-04T15:12:43.642+0000] {logging_mixin.py:188} INFO - Uploaded /tmp/minio_downloads/customers_190126787313.parquet -> @customers stage
[2026-07-04T15:12:44.055+0000] {logging_mixin.py:188} INFO - Uploaded /tmp/minio_downloads/customers_190126855392.parquet -> @customers stage
[2026-07-04T15:12:44.471+0000] {logging_mixin.py:188} INFO - Uploaded /tmp/minio_downloads/customers_190126906171.parquet -> @customers stage
[2026-07-04T15:12:44.861+0000] {logging_mixin.py:188} INFO - Uploaded /tmp/minio_downloads/customers_190126961049.parquet -> @customers stage
[2026-07-04T15:12:45.324+0000] {logging_mixin.py:188} INFO - Uploaded /tmp/minio_downloads/customers_190127014299.parquet -> @customers stage
[2026-07-04T15:12:45.835+0000] {logging_mixin.py:188} INFO - Uploaded /tmp/minio_downloads/customers_190127077863.parquet -> @customers stage
[2026-07-04T15:12:46.347+0000] {logging_mixin.py:188} INFO - Uploaded /tmp/minio_downloads/customers_190127230270.parquet -> @customers stage
[2026-07-04T15:12:46.758+0000] {logging_mixin.py:188} INFO - Uploaded /tmp/minio_downloads/customers_190127379217.parquet -> @customers stage
[2026-07-04T15:12:47.157+0000] {logging_mixin.py:188} INFO - Uploaded /tmp/minio_downloads/customers_190127480731.parquet -> @customers stage
[2026-07-04T15:12:47.761+0000] {logging_mixin.py:188} INFO - Uploaded /tmp/minio_downloads/customers_190127588343.parquet -> @customers stage
[2026-07-04T15:12:48.151+0000] {logging_mixin.py:188} INFO - Uploaded /tmp/minio_downloads/customers_190127655023.parquet -> @customers stage
[2026-07-04T15:12:48.606+0000] {logging_mixin.py:188} INFO - Uploaded /tmp/minio_downloads/customers_190127718661.parquet -> @customers stage
[2026-07-04T15:12:49.529+0000] {logging_mixin.py:188} INFO - Uploaded /tmp/minio_downloads/customers_190127807503.parquet -> @customers stage
[2026-07-04T15:12:49.934+0000] {logging_mixin.py:188} INFO - Uploaded /tmp/minio_downloads/customers_190127875342.parquet -> @customers stage
[2026-07-04T15:12:50.445+0000] {logging_mixin.py:188} INFO - Uploaded /tmp/minio_downloads/customers_190127934037.parquet -> @customers stage
[2026-07-04T15:12:50.955+0000] {logging_mixin.py:188} INFO - Uploaded /tmp/minio_downloads/customers_190127986063.parquet -> @customers stage
[2026-07-04T15:12:51.469+0000] {logging_mixin.py:188} INFO - Uploaded /tmp/minio_downloads/customers_190128037403.parquet -> @customers stage
[2026-07-04T15:12:51.880+0000] {logging_mixin.py:188} INFO - Uploaded /tmp/minio_downloads/customers_190128094155.parquet -> @customers stage
[2026-07-04T15:12:52.389+0000] {logging_mixin.py:188} INFO - Uploaded /tmp/minio_downloads/customers_190128153350.parquet -> @customers stage
[2026-07-04T15:12:52.799+0000] {logging_mixin.py:188} INFO - Uploaded /tmp/minio_downloads/customers_190128208574.parquet -> @customers stage
[2026-07-04T15:12:53.313+0000] {logging_mixin.py:188} INFO - Uploaded /tmp/minio_downloads/customers_190128269321.parquet -> @customers stage
[2026-07-04T15:12:53.728+0000] {logging_mixin.py:188} INFO - Uploaded /tmp/minio_downloads/customers_190128431709.parquet -> @customers stage
[2026-07-04T15:12:54.231+0000] {logging_mixin.py:188} INFO - Uploaded /tmp/minio_downloads/customers_190128531915.parquet -> @customers stage
[2026-07-04T15:12:54.745+0000] {logging_mixin.py:188} INFO - Uploaded /tmp/minio_downloads/customers_190128627723.parquet -> @customers stage
[2026-07-04T15:12:55.219+0000] {logging_mixin.py:188} INFO - Uploaded /tmp/minio_downloads/customers_190128728340.parquet -> @customers stage
[2026-07-04T15:12:55.665+0000] {logging_mixin.py:188} INFO - Uploaded /tmp/minio_downloads/customers_190128798458.parquet -> @customers stage
[2026-07-04T15:12:56.177+0000] {logging_mixin.py:188} INFO - Uploaded /tmp/minio_downloads/customers_190128859676.parquet -> @customers stage
[2026-07-04T15:12:56.590+0000] {logging_mixin.py:188} INFO - Uploaded /tmp/minio_downloads/customers_190128933072.parquet -> @customers stage
[2026-07-04T15:12:57.101+0000] {logging_mixin.py:188} INFO - Uploaded /tmp/minio_downloads/customers_190129009410.parquet -> @customers stage
[2026-07-04T15:12:57.614+0000] {logging_mixin.py:188} INFO - Uploaded /tmp/minio_downloads/customers_190129066318.parquet -> @customers stage
[2026-07-04T15:12:58.127+0000] {logging_mixin.py:188} INFO - Uploaded /tmp/minio_downloads/customers_190129134200.parquet -> @customers stage
[2026-07-04T15:12:58.542+0000] {logging_mixin.py:188} INFO - Uploaded /tmp/minio_downloads/customers_190129228717.parquet -> @customers stage
[2026-07-04T15:12:59.010+0000] {logging_mixin.py:188} INFO - Uploaded /tmp/minio_downloads/customers_190129346180.parquet -> @customers stage
[2026-07-04T15:12:59.456+0000] {logging_mixin.py:188} INFO - Uploaded /tmp/minio_downloads/customers_190129451553.parquet -> @customers stage
[2026-07-04T15:12:59.866+0000] {logging_mixin.py:188} INFO - Uploaded /tmp/minio_downloads/customers_190129526392.parquet -> @customers stage
[2026-07-04T15:13:00.376+0000] {logging_mixin.py:188} INFO - Uploaded /tmp/minio_downloads/customers_190129605212.parquet -> @customers stage
[2026-07-04T15:13:00.794+0000] {logging_mixin.py:188} INFO - Uploaded /tmp/minio_downloads/customers_190129695196.parquet -> @customers stage
[2026-07-04T15:13:01.197+0000] {logging_mixin.py:188} INFO - Uploaded /tmp/minio_downloads/customers_190129776918.parquet -> @customers stage
[2026-07-04T15:13:01.606+0000] {logging_mixin.py:188} INFO - Uploaded /tmp/minio_downloads/customers_190129832175.parquet -> @customers stage
[2026-07-04T15:13:02.124+0000] {logging_mixin.py:188} INFO - Uploaded /tmp/minio_downloads/customers_190129890474.parquet -> @customers stage
[2026-07-04T15:13:02.528+0000] {logging_mixin.py:188} INFO - Uploaded /tmp/minio_downloads/customers_190129953507.parquet -> @customers stage
[2026-07-04T15:13:02.940+0000] {logging_mixin.py:188} INFO - Uploaded /tmp/minio_downloads/customers_190130013760.parquet -> @customers stage
[2026-07-04T15:13:03.408+0000] {logging_mixin.py:188} INFO - Uploaded /tmp/minio_downloads/customers_190130073802.parquet -> @customers stage
[2026-07-04T15:13:03.863+0000] {logging_mixin.py:188} INFO - Uploaded /tmp/minio_downloads/customers_190130138955.parquet -> @customers stage
[2026-07-04T15:13:04.270+0000] {logging_mixin.py:188} INFO - Uploaded /tmp/minio_downloads/customers_190130228190.parquet -> @customers stage
[2026-07-04T15:13:04.780+0000] {logging_mixin.py:188} INFO - Uploaded /tmp/minio_downloads/customers_190130320235.parquet -> @customers stage
[2026-07-04T15:13:05.292+0000] {logging_mixin.py:188} INFO - Uploaded /tmp/minio_downloads/customers_190130463414.parquet -> @customers stage
[2026-07-04T15:13:05.784+0000] {logging_mixin.py:188} INFO - Uploaded /tmp/minio_downloads/customers_190130642884.parquet -> @customers stage
[2026-07-04T15:13:06.217+0000] {logging_mixin.py:188} INFO - Uploaded /tmp/minio_downloads/customers_190130717184.parquet -> @customers stage
[2026-07-04T15:13:06.734+0000] {logging_mixin.py:188} INFO - Uploaded /tmp/minio_downloads/customers_190130808820.parquet -> @customers stage
[2026-07-04T15:13:07.141+0000] {logging_mixin.py:188} INFO - Uploaded /tmp/minio_downloads/customers_190130916199.parquet -> @customers stage
[2026-07-04T15:13:07.511+0000] {logging_mixin.py:188} INFO - Uploaded /tmp/minio_downloads/customers_190131003963.parquet -> @customers stage
[2026-07-04T15:13:07.950+0000] {logging_mixin.py:188} INFO - Uploaded /tmp/minio_downloads/customers_190131072490.parquet -> @customers stage
[2026-07-04T15:13:08.430+0000] {logging_mixin.py:188} INFO - Uploaded /tmp/minio_downloads/customers_190131132290.parquet -> @customers stage
[2026-07-04T15:13:08.877+0000] {logging_mixin.py:188} INFO - Uploaded /tmp/minio_downloads/customers_190131197231.parquet -> @customers stage
[2026-07-04T15:13:09.385+0000] {logging_mixin.py:188} INFO - Uploaded /tmp/minio_downloads/customers_190131284048.parquet -> @customers stage
[2026-07-04T15:13:09.774+0000] {logging_mixin.py:188} INFO - Uploaded /tmp/minio_downloads/customers_190131351632.parquet -> @customers stage
[2026-07-04T15:13:10.146+0000] {logging_mixin.py:188} INFO - Uploaded /tmp/minio_downloads/customers_190131412820.parquet -> @customers stage
[2026-07-04T15:13:10.614+0000] {logging_mixin.py:188} INFO - Uploaded /tmp/minio_downloads/customers_190131477522.parquet -> @customers stage
[2026-07-04T15:13:11.026+0000] {logging_mixin.py:188} INFO - Uploaded /tmp/minio_downloads/customers_190131556821.parquet -> @customers stage
[2026-07-04T15:13:11.433+0000] {logging_mixin.py:188} INFO - Uploaded /tmp/minio_downloads/customers_190131630829.parquet -> @customers stage
[2026-07-04T15:13:11.809+0000] {logging_mixin.py:188} INFO - Uploaded /tmp/minio_downloads/customers_190131759153.parquet -> @customers stage
[2026-07-04T15:13:12.229+0000] {logging_mixin.py:188} INFO - Uploaded /tmp/minio_downloads/customers_190131874052.parquet -> @customers stage
[2026-07-04T15:13:12.649+0000] {logging_mixin.py:188} INFO - Uploaded /tmp/minio_downloads/customers_190131957224.parquet -> @customers stage
[2026-07-04T15:13:13.060+0000] {logging_mixin.py:188} INFO - Uploaded /tmp/minio_downloads/customers_190132020731.parquet -> @customers stage
[2026-07-04T15:13:13.484+0000] {logging_mixin.py:188} INFO - Uploaded /tmp/minio_downloads/customers_190132095530.parquet -> @customers stage
[2026-07-04T15:13:13.894+0000] {logging_mixin.py:188} INFO - Uploaded /tmp/minio_downloads/customers_190132190842.parquet -> @customers stage
[2026-07-04T15:13:14.281+0000] {logging_mixin.py:188} INFO - Uploaded /tmp/minio_downloads/customers_190132257908.parquet -> @customers stage
[2026-07-04T15:13:14.695+0000] {logging_mixin.py:188} INFO - Uploaded /tmp/minio_downloads/customers_190132336735.parquet -> @customers stage
[2026-07-04T15:13:15.081+0000] {logging_mixin.py:188} INFO - Uploaded /tmp/minio_downloads/customers_190132397476.parquet -> @customers stage
[2026-07-04T15:13:15.534+0000] {logging_mixin.py:188} INFO - Uploaded /tmp/minio_downloads/customers_190132457332.parquet -> @customers stage
[2026-07-04T15:13:16.040+0000] {logging_mixin.py:188} INFO - Uploaded /tmp/minio_downloads/customers_190132511945.parquet -> @customers stage
[2026-07-04T15:13:16.440+0000] {logging_mixin.py:188} INFO - Uploaded /tmp/minio_downloads/customers_190132569070.parquet -> @customers stage
[2026-07-04T15:13:16.821+0000] {logging_mixin.py:188} INFO - Uploaded /tmp/minio_downloads/customers_190132629049.parquet -> @customers stage
[2026-07-04T15:13:17.278+0000] {logging_mixin.py:188} INFO - Uploaded /tmp/minio_downloads/customers_190132688276.parquet -> @customers stage
[2026-07-04T15:13:17.689+0000] {logging_mixin.py:188} INFO - Uploaded /tmp/minio_downloads/customers_190132778792.parquet -> @customers stage
[2026-07-04T15:13:18.201+0000] {logging_mixin.py:188} INFO - Uploaded /tmp/minio_downloads/customers_190132897929.parquet -> @customers stage
[2026-07-04T15:13:18.705+0000] {logging_mixin.py:188} INFO - Uploaded /tmp/minio_downloads/customers_190132989487.parquet -> @customers stage
[2026-07-04T15:13:19.191+0000] {logging_mixin.py:188} INFO - Uploaded /tmp/minio_downloads/customers_190133056824.parquet -> @customers stage
[2026-07-04T15:13:19.594+0000] {logging_mixin.py:188} INFO - Uploaded /tmp/minio_downloads/customers_190133121817.parquet -> @customers stage
[2026-07-04T15:13:19.982+0000] {logging_mixin.py:188} INFO - Uploaded /tmp/minio_downloads/customers_190133207008.parquet -> @customers stage
[2026-07-04T15:13:20.453+0000] {logging_mixin.py:188} INFO - Uploaded /tmp/minio_downloads/customers_190133294815.parquet -> @customers stage
[2026-07-04T15:13:20.957+0000] {logging_mixin.py:188} INFO - Uploaded /tmp/minio_downloads/customers_190133373555.parquet -> @customers stage
[2026-07-04T15:13:21.425+0000] {logging_mixin.py:188} INFO - Uploaded /tmp/minio_downloads/customers_190133435257.parquet -> @customers stage
[2026-07-04T15:13:21.808+0000] {logging_mixin.py:188} INFO - Uploaded /tmp/minio_downloads/customers_190133483896.parquet -> @customers stage
[2026-07-04T15:13:22.185+0000] {logging_mixin.py:188} INFO - Uploaded /tmp/minio_downloads/customers_190133536221.parquet -> @customers stage
[2026-07-04T15:13:22.556+0000] {logging_mixin.py:188} INFO - Uploaded /tmp/minio_downloads/customers_190133607984.parquet -> @customers stage
[2026-07-04T15:13:22.965+0000] {logging_mixin.py:188} INFO - Uploaded /tmp/minio_downloads/customers_190133687814.parquet -> @customers stage
[2026-07-04T15:13:23.421+0000] {logging_mixin.py:188} INFO - Uploaded /tmp/minio_downloads/customers_190133755829.parquet -> @customers stage
[2026-07-04T15:13:23.831+0000] {logging_mixin.py:188} INFO - Uploaded /tmp/minio_downloads/customers_190133820634.parquet -> @customers stage
[2026-07-04T15:13:24.337+0000] {logging_mixin.py:188} INFO - Uploaded /tmp/minio_downloads/customers_190133887302.parquet -> @customers stage
[2026-07-04T15:13:24.853+0000] {logging_mixin.py:188} INFO - Uploaded /tmp/minio_downloads/customers_190133997058.parquet -> @customers stage
[2026-07-04T15:13:25.259+0000] {logging_mixin.py:188} INFO - Uploaded /tmp/minio_downloads/customers_190134107120.parquet -> @customers stage
[2026-07-04T15:13:25.676+0000] {logging_mixin.py:188} INFO - Uploaded /tmp/minio_downloads/customers_190134177669.parquet -> @customers stage
[2026-07-04T15:13:26.186+0000] {logging_mixin.py:188} INFO - Uploaded /tmp/minio_downloads/customers_190134250035.parquet -> @customers stage
[2026-07-04T15:13:26.691+0000] {logging_mixin.py:188} INFO - Uploaded /tmp/minio_downloads/customers_190134360713.parquet -> @customers stage
[2026-07-04T15:13:27.205+0000] {logging_mixin.py:188} INFO - Uploaded /tmp/minio_downloads/customers_190134433874.parquet -> @customers stage
[2026-07-04T15:13:27.718+0000] {logging_mixin.py:188} INFO - Uploaded /tmp/minio_downloads/customers_190134494634.parquet -> @customers stage
[2026-07-04T15:13:28.132+0000] {logging_mixin.py:188} INFO - Uploaded /tmp/minio_downloads/customers_190134552884.parquet -> @customers stage
[2026-07-04T15:13:28.544+0000] {logging_mixin.py:188} INFO - Uploaded /tmp/minio_downloads/customers_190134677072.parquet -> @customers stage
[2026-07-04T15:13:28.955+0000] {logging_mixin.py:188} INFO - Uploaded /tmp/minio_downloads/customers_190134754871.parquet -> @customers stage
[2026-07-04T15:13:29.465+0000] {logging_mixin.py:188} INFO - Uploaded /tmp/minio_downloads/customers_190134813898.parquet -> @customers stage
[2026-07-04T15:13:29.869+0000] {logging_mixin.py:188} INFO - Uploaded /tmp/minio_downloads/customers_190134868592.parquet -> @customers stage
[2026-07-04T15:13:30.278+0000] {logging_mixin.py:188} INFO - Uploaded /tmp/minio_downloads/customers_190134926130.parquet -> @customers stage
[2026-07-04T15:13:30.695+0000] {logging_mixin.py:188} INFO - Uploaded /tmp/minio_downloads/customers_190134999617.parquet -> @customers stage
[2026-07-04T15:13:31.198+0000] {logging_mixin.py:188} INFO - Uploaded /tmp/minio_downloads/customers_190135107340.parquet -> @customers stage
[2026-07-04T15:13:31.607+0000] {logging_mixin.py:188} INFO - Uploaded /tmp/minio_downloads/customers_190135172475.parquet -> @customers stage
[2026-07-04T15:13:32.087+0000] {logging_mixin.py:188} INFO - Uploaded /tmp/minio_downloads/customers_190135244286.parquet -> @customers stage
[2026-07-04T15:13:32.530+0000] {logging_mixin.py:188} INFO - Uploaded /tmp/minio_downloads/customers_190135325711.parquet -> @customers stage
[2026-07-04T15:13:33.045+0000] {logging_mixin.py:188} INFO - Uploaded /tmp/minio_downloads/customers_190135429417.parquet -> @customers stage
[2026-07-04T15:13:33.553+0000] {logging_mixin.py:188} INFO - Uploaded /tmp/minio_downloads/customers_190135510140.parquet -> @customers stage
[2026-07-04T15:13:33.928+0000] {logging_mixin.py:188} INFO - Uploaded /tmp/minio_downloads/customers_190135568172.parquet -> @customers stage
[2026-07-04T15:13:34.375+0000] {logging_mixin.py:188} INFO - Uploaded /tmp/minio_downloads/customers_190135623504.parquet -> @customers stage
[2026-07-04T15:13:34.785+0000] {logging_mixin.py:188} INFO - Uploaded /tmp/minio_downloads/customers_190135674345.parquet -> @customers stage
[2026-07-04T15:13:35.301+0000] {logging_mixin.py:188} INFO - Uploaded /tmp/minio_downloads/customers_190135739430.parquet -> @customers stage
[2026-07-04T15:13:35.810+0000] {logging_mixin.py:188} INFO - Uploaded /tmp/minio_downloads/customers_190135807360.parquet -> @customers stage
[2026-07-04T15:13:36.287+0000] {logging_mixin.py:188} INFO - Uploaded /tmp/minio_downloads/customers_190135888235.parquet -> @customers stage
[2026-07-04T15:13:36.731+0000] {logging_mixin.py:188} INFO - Uploaded /tmp/minio_downloads/customers_190135947589.parquet -> @customers stage
[2026-07-04T15:13:37.246+0000] {logging_mixin.py:188} INFO - Uploaded /tmp/minio_downloads/customers_190135998103.parquet -> @customers stage
[2026-07-04T15:13:37.753+0000] {logging_mixin.py:188} INFO - Uploaded /tmp/minio_downloads/customers_190136061849.parquet -> @customers stage
[2026-07-04T15:13:38.269+0000] {logging_mixin.py:188} INFO - Uploaded /tmp/minio_downloads/customers_190136167996.parquet -> @customers stage
[2026-07-04T15:13:39.120+0000] {logging_mixin.py:188} INFO - Uploaded /tmp/minio_downloads/customers_190136257354.parquet -> @customers stage
[2026-07-04T15:13:39.074+0000] {logging_mixin.py:188} INFO - Uploaded /tmp/minio_downloads/customers_190136337224.parquet -> @customers stage
[2026-07-04T15:13:39.452+0000] {logging_mixin.py:188} INFO - Uploaded /tmp/minio_downloads/customers_190136431571.parquet -> @customers stage
[2026-07-04T15:13:39.869+0000] {logging_mixin.py:188} INFO - Uploaded /tmp/minio_downloads/customers_190136503854.parquet -> @customers stage
[2026-07-04T15:13:40.240+0000] {logging_mixin.py:188} INFO - Uploaded /tmp/minio_downloads/customers_190136560538.parquet -> @customers stage
[2026-07-04T15:13:42.351+0000] {logging_mixin.py:188} INFO - Uploaded /tmp/minio_downloads/customers_190136621534.parquet -> @customers stage
[2026-07-04T15:13:42.734+0000] {logging_mixin.py:188} INFO - Uploaded /tmp/minio_downloads/customers_190136680399.parquet -> @customers stage
[2026-07-04T15:13:43.172+0000] {logging_mixin.py:188} INFO - Uploaded /tmp/minio_downloads/customers_190136741933.parquet -> @customers stage
[2026-07-04T15:13:43.685+0000] {logging_mixin.py:188} INFO - Uploaded /tmp/minio_downloads/customers_190136820157.parquet -> @customers stage
[2026-07-04T15:13:44.197+0000] {logging_mixin.py:188} INFO - Uploaded /tmp/minio_downloads/customers_190136887851.parquet -> @customers stage
[2026-07-04T15:13:44.707+0000] {logging_mixin.py:188} INFO - Uploaded /tmp/minio_downloads/customers_190136946066.parquet -> @customers stage
[2026-07-04T15:13:45.218+0000] {logging_mixin.py:188} INFO - Uploaded /tmp/minio_downloads/customers_190137004434.parquet -> @customers stage
[2026-07-04T15:13:45.629+0000] {logging_mixin.py:188} INFO - Uploaded /tmp/minio_downloads/customers_190137101677.parquet -> @customers stage
[2026-07-04T15:13:46.140+0000] {logging_mixin.py:188} INFO - Uploaded /tmp/minio_downloads/customers_190137255608.parquet -> @customers stage
[2026-07-04T15:13:46.549+0000] {logging_mixin.py:188} INFO - Uploaded /tmp/minio_downloads/customers_190137346229.parquet -> @customers stage
[2026-07-04T15:13:46.961+0000] {logging_mixin.py:188} INFO - Uploaded /tmp/minio_downloads/customers_190137423200.parquet -> @customers stage
[2026-07-04T15:13:47.367+0000] {logging_mixin.py:188} INFO - Uploaded /tmp/minio_downloads/customers_190137525213.parquet -> @customers stage
[2026-07-04T15:13:47.782+0000] {logging_mixin.py:188} INFO - Uploaded /tmp/minio_downloads/customers_190137610662.parquet -> @customers stage
[2026-07-04T15:13:48.190+0000] {logging_mixin.py:188} INFO - Uploaded /tmp/minio_downloads/customers_190137678559.parquet -> @customers stage
[2026-07-04T15:13:48.666+0000] {logging_mixin.py:188} INFO - Uploaded /tmp/minio_downloads/customers_190137736461.parquet -> @customers stage
[2026-07-04T15:13:49.121+0000] {logging_mixin.py:188} INFO - Uploaded /tmp/minio_downloads/customers_190137787947.parquet -> @customers stage
[2026-07-04T15:13:49.627+0000] {logging_mixin.py:188} INFO - Uploaded /tmp/minio_downloads/customers_190137839219.parquet -> @customers stage
[2026-07-04T15:13:50.136+0000] {logging_mixin.py:188} INFO - Uploaded /tmp/minio_downloads/customers_190137888382.parquet -> @customers stage
[2026-07-04T15:13:50.648+0000] {logging_mixin.py:188} INFO - Uploaded /tmp/minio_downloads/customers_190137935832.parquet -> @customers stage
[2026-07-04T15:13:51.062+0000] {logging_mixin.py:188} INFO - Uploaded /tmp/minio_downloads/customers_190137986486.parquet -> @customers stage
[2026-07-04T15:13:51.574+0000] {logging_mixin.py:188} INFO - Uploaded /tmp/minio_downloads/customers_190138038505.parquet -> @customers stage
[2026-07-04T15:13:52.083+0000] {logging_mixin.py:188} INFO - Uploaded /tmp/minio_downloads/customers_190138107616.parquet -> @customers stage
[2026-07-04T15:13:52.594+0000] {logging_mixin.py:188} INFO - Uploaded /tmp/minio_downloads/customers_190138169555.parquet -> @customers stage
[2026-07-04T15:13:53.004+0000] {logging_mixin.py:188} INFO - Uploaded /tmp/minio_downloads/customers_190138226465.parquet -> @customers stage
[2026-07-04T15:13:53.411+0000] {logging_mixin.py:188} INFO - Uploaded /tmp/minio_downloads/customers_190138304921.parquet -> @customers stage
[2026-07-04T15:13:53.925+0000] {logging_mixin.py:188} INFO - Uploaded /tmp/minio_downloads/customers_190138364174.parquet -> @customers stage
[2026-07-04T15:13:54.334+0000] {logging_mixin.py:188} INFO - Uploaded /tmp/minio_downloads/customers_190138432863.parquet -> @customers stage
[2026-07-04T15:13:54.848+0000] {logging_mixin.py:188} INFO - Uploaded /tmp/minio_downloads/customers_190138495682.parquet -> @customers stage
[2026-07-04T15:13:55.278+0000] {logging_mixin.py:188} INFO - Uploaded /tmp/minio_downloads/customers_190138578969.parquet -> @customers stage
[2026-07-04T15:13:55.776+0000] {logging_mixin.py:188} INFO - Uploaded /tmp/minio_downloads/customers_190138651839.parquet -> @customers stage
[2026-07-04T15:13:56.384+0000] {logging_mixin.py:188} INFO - Uploaded /tmp/minio_downloads/customers_190138721874.parquet -> @customers stage
[2026-07-04T15:13:56.900+0000] {logging_mixin.py:188} INFO - Uploaded /tmp/minio_downloads/customers_190138789535.parquet -> @customers stage
[2026-07-04T15:13:57.415+0000] {logging_mixin.py:188} INFO - Uploaded /tmp/minio_downloads/customers_190138845434.parquet -> @customers stage
[2026-07-04T15:13:57.922+0000] {logging_mixin.py:188} INFO - Uploaded /tmp/minio_downloads/customers_190138905662.parquet -> @customers stage
[2026-07-04T15:13:58.540+0000] {logging_mixin.py:188} INFO - Uploaded /tmp/minio_downloads/customers_190138968687.parquet -> @customers stage
[2026-07-04T15:13:59.055+0000] {logging_mixin.py:188} INFO - Uploaded /tmp/minio_downloads/customers_190139031810.parquet -> @customers stage
[2026-07-04T15:13:59.665+0000] {logging_mixin.py:188} INFO - Uploaded /tmp/minio_downloads/customers_190139087380.parquet -> @customers stage
[2026-07-04T15:14:00.164+0000] {logging_mixin.py:188} INFO - Uploaded /tmp/minio_downloads/customers_190139142629.parquet -> @customers stage
[2026-07-04T15:14:00.684+0000] {logging_mixin.py:188} INFO - Uploaded /tmp/minio_downloads/customers_190139224460.parquet -> @customers stage
[2026-07-04T15:14:01.200+0000] {logging_mixin.py:188} INFO - Uploaded /tmp/minio_downloads/customers_190139336847.parquet -> @customers stage
[2026-07-04T15:14:01.716+0000] {logging_mixin.py:188} INFO - Uploaded /tmp/minio_downloads/customers_190139446805.parquet -> @customers stage
[2026-07-04T15:14:02.228+0000] {logging_mixin.py:188} INFO - Uploaded /tmp/minio_downloads/customers_190139537292.parquet -> @customers stage
[2026-07-04T15:14:02.739+0000] {logging_mixin.py:188} INFO - Uploaded /tmp/minio_downloads/customers_190139614237.parquet -> @customers stage
[2026-07-04T15:14:03.347+0000] {logging_mixin.py:188} INFO - Uploaded /tmp/minio_downloads/customers_190139685084.parquet -> @customers stage
[2026-07-04T15:14:03.859+0000] {logging_mixin.py:188} INFO - Uploaded /tmp/minio_downloads/customers_190139752979.parquet -> @customers stage
[2026-07-04T15:14:04.622+0000] {logging_mixin.py:188} INFO - Uploaded /tmp/minio_downloads/customers_190139809536.parquet -> @customers stage
[2026-07-04T15:14:05.092+0000] {logging_mixin.py:188} INFO - Uploaded /tmp/minio_downloads/customers_190139865207.parquet -> @customers stage
[2026-07-04T15:14:05.588+0000] {logging_mixin.py:188} INFO - Uploaded /tmp/minio_downloads/customers_190139920838.parquet -> @customers stage
[2026-07-04T15:14:06.020+0000] {logging_mixin.py:188} INFO - Uploaded /tmp/minio_downloads/customers_190140018171.parquet -> @customers stage
[2026-07-04T15:14:06.532+0000] {logging_mixin.py:188} INFO - Uploaded /tmp/minio_downloads/customers_190140106906.parquet -> @customers stage
[2026-07-04T15:14:07.039+0000] {logging_mixin.py:188} INFO - Uploaded /tmp/minio_downloads/customers_190140180645.parquet -> @customers stage
[2026-07-04T15:14:07.546+0000] {logging_mixin.py:188} INFO - Uploaded /tmp/minio_downloads/customers_190140245926.parquet -> @customers stage
[2026-07-04T15:14:08.167+0000] {logging_mixin.py:188} INFO - Uploaded /tmp/minio_downloads/customers_190140303625.parquet -> @customers stage
[2026-07-04T15:14:09.802+0000] {logging_mixin.py:188} INFO - Uploaded /tmp/minio_downloads/customers_190140373289.parquet -> @customers stage
[2026-07-04T15:14:10.310+0000] {logging_mixin.py:188} INFO - Uploaded /tmp/minio_downloads/customers_190140482555.parquet -> @customers stage
[2026-07-04T15:14:10.842+0000] {logging_mixin.py:188} INFO - Uploaded /tmp/minio_downloads/customers_190140574962.parquet -> @customers stage
[2026-07-04T15:14:11.419+0000] {logging_mixin.py:188} INFO - Uploaded /tmp/minio_downloads/customers_190140645381.parquet -> @customers stage
[2026-07-04T15:14:11.854+0000] {logging_mixin.py:188} INFO - Uploaded /tmp/minio_downloads/customers_190140714886.parquet -> @customers stage
[2026-07-04T15:14:12.553+0000] {logging_mixin.py:188} INFO - Uploaded /tmp/minio_downloads/customers_190140792916.parquet -> @customers stage
[2026-07-04T15:14:13.039+0000] {logging_mixin.py:188} INFO - Uploaded /tmp/minio_downloads/customers_190140855292.parquet -> @customers stage
[2026-07-04T15:14:13.486+0000] {logging_mixin.py:188} INFO - Uploaded /tmp/minio_downloads/customers_190140915544.parquet -> @customers stage
[2026-07-04T15:14:13.930+0000] {logging_mixin.py:188} INFO - Uploaded /tmp/minio_downloads/customers_190140970565.parquet -> @customers stage
[2026-07-04T15:14:14.413+0000] {logging_mixin.py:188} INFO - Uploaded /tmp/minio_downloads/customers_190141025800.parquet -> @customers stage
[2026-07-04T15:14:14.927+0000] {logging_mixin.py:188} INFO - Uploaded /tmp/minio_downloads/customers_190141085798.parquet -> @customers stage
[2026-07-04T15:14:15.431+0000] {logging_mixin.py:188} INFO - Uploaded /tmp/minio_downloads/customers_190141143360.parquet -> @customers stage
[2026-07-04T15:14:15.951+0000] {logging_mixin.py:188} INFO - Uploaded /tmp/minio_downloads/customers_190141207606.parquet -> @customers stage
[2026-07-04T15:14:16.464+0000] {logging_mixin.py:188} INFO - Uploaded /tmp/minio_downloads/customers_190141272924.parquet -> @customers stage
[2026-07-04T15:14:16.950+0000] {logging_mixin.py:188} INFO - Uploaded /tmp/minio_downloads/customers_190141331653.parquet -> @customers stage
[2026-07-04T15:14:17.387+0000] {logging_mixin.py:188} INFO - Uploaded /tmp/minio_downloads/customers_190141384064.parquet -> @customers stage
[2026-07-04T15:14:17.897+0000] {logging_mixin.py:188} INFO - Uploaded /tmp/minio_downloads/customers_190141452758.parquet -> @customers stage
[2026-07-04T15:14:18.411+0000] {logging_mixin.py:188} INFO - Uploaded /tmp/minio_downloads/customers_190141523955.parquet -> @customers stage
[2026-07-04T15:14:18.917+0000] {logging_mixin.py:188} INFO - Uploaded /tmp/minio_downloads/customers_190141601091.parquet -> @customers stage
[2026-07-04T15:14:19.534+0000] {logging_mixin.py:188} INFO - Uploaded /tmp/minio_downloads/customers_190141666860.parquet -> @customers stage
[2026-07-04T15:14:20.042+0000] {logging_mixin.py:188} INFO - Uploaded /tmp/minio_downloads/customers_190141734317.parquet -> @customers stage
[2026-07-04T15:14:20.561+0000] {logging_mixin.py:188} INFO - Uploaded /tmp/minio_downloads/customers_190141797223.parquet -> @customers stage
[2026-07-04T15:14:21.070+0000] {logging_mixin.py:188} INFO - Uploaded /tmp/minio_downloads/customers_190141855437.parquet -> @customers stage
[2026-07-04T15:14:21.569+0000] {logging_mixin.py:188} INFO - Uploaded /tmp/minio_downloads/customers_190141909809.parquet -> @customers stage
[2026-07-04T15:14:22.095+0000] {logging_mixin.py:188} INFO - Uploaded /tmp/minio_downloads/customers_190141963132.parquet -> @customers stage
[2026-07-04T15:14:22.708+0000] {logging_mixin.py:188} INFO - Uploaded /tmp/minio_downloads/customers_190142031820.parquet -> @customers stage
[2026-07-04T15:14:23.126+0000] {logging_mixin.py:188} INFO - Uploaded /tmp/minio_downloads/customers_190142133562.parquet -> @customers stage
[2026-07-04T15:14:23.731+0000] {logging_mixin.py:188} INFO - Uploaded /tmp/minio_downloads/customers_190142200156.parquet -> @customers stage
[2026-07-04T15:14:24.264+0000] {logging_mixin.py:188} INFO - Uploaded /tmp/minio_downloads/customers_190142276412.parquet -> @customers stage
[2026-07-04T15:14:24.863+0000] {logging_mixin.py:188} INFO - Uploaded /tmp/minio_downloads/customers_190142357783.parquet -> @customers stage
[2026-07-04T15:14:25.360+0000] {logging_mixin.py:188} INFO - Uploaded /tmp/minio_downloads/customers_190142437611.parquet -> @customers stage
[2026-07-04T15:14:25.884+0000] {logging_mixin.py:188} INFO - Uploaded /tmp/minio_downloads/customers_190142517058.parquet -> @customers stage
[2026-07-04T15:14:26.392+0000] {logging_mixin.py:188} INFO - Uploaded /tmp/minio_downloads/customers_190142591045.parquet -> @customers stage
[2026-07-04T15:14:26.902+0000] {logging_mixin.py:188} INFO - Uploaded /tmp/minio_downloads/customers_190142671609.parquet -> @customers stage
[2026-07-04T15:14:27.416+0000] {logging_mixin.py:188} INFO - Uploaded /tmp/minio_downloads/customers_190142733046.parquet -> @customers stage
[2026-07-04T15:14:27.833+0000] {logging_mixin.py:188} INFO - Uploaded /tmp/minio_downloads/customers_190142868857.parquet -> @customers stage
[2026-07-04T15:14:28.337+0000] {logging_mixin.py:188} INFO - Uploaded /tmp/minio_downloads/customers_190143012723.parquet -> @customers stage
[2026-07-04T15:14:28.849+0000] {logging_mixin.py:188} INFO - Uploaded /tmp/minio_downloads/customers_190143114526.parquet -> @customers stage
[2026-07-04T15:14:29.361+0000] {logging_mixin.py:188} INFO - Uploaded /tmp/minio_downloads/customers_190143210657.parquet -> @customers stage
[2026-07-04T15:14:29.879+0000] {logging_mixin.py:188} INFO - Uploaded /tmp/minio_downloads/customers_190143266079.parquet -> @customers stage
[2026-07-04T15:14:30.300+0000] {logging_mixin.py:188} INFO - Uploaded /tmp/minio_downloads/customers_190143342983.parquet -> @customers stage
[2026-07-04T15:14:30.805+0000] {logging_mixin.py:188} INFO - Uploaded /tmp/minio_downloads/customers_190143422918.parquet -> @customers stage
[2026-07-04T15:14:31.307+0000] {logging_mixin.py:188} INFO - Uploaded /tmp/minio_downloads/customers_190143486297.parquet -> @customers stage
[2026-07-04T15:14:31.826+0000] {logging_mixin.py:188} INFO - Uploaded /tmp/minio_downloads/customers_190143554839.parquet -> @customers stage
[2026-07-04T15:14:32.435+0000] {logging_mixin.py:188} INFO - Uploaded /tmp/minio_downloads/customers_190143631809.parquet -> @customers stage
[2026-07-04T15:14:32.946+0000] {logging_mixin.py:188} INFO - Uploaded /tmp/minio_downloads/customers_190143720153.parquet -> @customers stage
[2026-07-04T15:14:33.564+0000] {logging_mixin.py:188} INFO - Uploaded /tmp/minio_downloads/customers_190143814757.parquet -> @customers stage
[2026-07-04T15:14:34.079+0000] {logging_mixin.py:188} INFO - Uploaded /tmp/minio_downloads/customers_190143914687.parquet -> @customers stage
[2026-07-04T15:14:34.591+0000] {logging_mixin.py:188} INFO - Uploaded /tmp/minio_downloads/customers_190144016870.parquet -> @customers stage
[2026-07-04T15:14:35.107+0000] {logging_mixin.py:188} INFO - Uploaded /tmp/minio_downloads/customers_190144097760.parquet -> @customers stage
[2026-07-04T15:14:35.613+0000] {logging_mixin.py:188} INFO - Uploaded /tmp/minio_downloads/customers_190144165362.parquet -> @customers stage
[2026-07-04T15:14:36.029+0000] {logging_mixin.py:188} INFO - Uploaded /tmp/minio_downloads/customers_190144219895.parquet -> @customers stage
[2026-07-04T15:14:36.539+0000] {logging_mixin.py:188} INFO - Uploaded /tmp/minio_downloads/customers_190144276140.parquet -> @customers stage
[2026-07-04T15:14:36.964+0000] {logging_mixin.py:188} INFO - Uploaded /tmp/minio_downloads/customers_190144335636.parquet -> @customers stage
[2026-07-04T15:14:37.563+0000] {logging_mixin.py:188} INFO - Uploaded /tmp/minio_downloads/customers_190144391424.parquet -> @customers stage
[2026-07-04T15:14:38.074+0000] {logging_mixin.py:188} INFO - Uploaded /tmp/minio_downloads/customers_190144468677.parquet -> @customers stage
[2026-07-04T15:14:38.582+0000] {logging_mixin.py:188} INFO - Uploaded /tmp/minio_downloads/customers_190144557018.parquet -> @customers stage
[2026-07-04T15:14:39.093+0000] {logging_mixin.py:188} INFO - Uploaded /tmp/minio_downloads/customers_190144678194.parquet -> @customers stage
[2026-07-04T15:14:39.575+0000] {logging_mixin.py:188} INFO - Uploaded /tmp/minio_downloads/customers_190144790046.parquet -> @customers stage
[2026-07-04T15:14:39.992+0000] {logging_mixin.py:188} INFO - Uploaded /tmp/minio_downloads/customers_190144876994.parquet -> @customers stage
[2026-07-04T15:14:40.524+0000] {logging_mixin.py:188} INFO - Uploaded /tmp/minio_downloads/customers_190144948552.parquet -> @customers stage
[2026-07-04T15:14:41.035+0000] {logging_mixin.py:188} INFO - Uploaded /tmp/minio_downloads/customers_190145016670.parquet -> @customers stage
[2026-07-04T15:14:41.446+0000] {logging_mixin.py:188} INFO - Uploaded /tmp/minio_downloads/customers_190145082851.parquet -> @customers stage
[2026-07-04T15:14:41.961+0000] {logging_mixin.py:188} INFO - Uploaded /tmp/minio_downloads/customers_190145145106.parquet -> @customers stage
[2026-07-04T15:14:42.469+0000] {logging_mixin.py:188} INFO - Uploaded /tmp/minio_downloads/customers_190145209849.parquet -> @customers stage
[2026-07-04T15:14:42.883+0000] {logging_mixin.py:188} INFO - Uploaded /tmp/minio_downloads/customers_190145274355.parquet -> @customers stage
[2026-07-04T15:14:43.390+0000] {logging_mixin.py:188} INFO - Uploaded /tmp/minio_downloads/customers_190145335174.parquet -> @customers stage
[2026-07-04T15:14:43.802+0000] {logging_mixin.py:188} INFO - Uploaded /tmp/minio_downloads/customers_190145391987.parquet -> @customers stage
[2026-07-04T15:14:44.311+0000] {logging_mixin.py:188} INFO - Uploaded /tmp/minio_downloads/customers_190145449141.parquet -> @customers stage
[2026-07-04T15:14:44.824+0000] {logging_mixin.py:188} INFO - Uploaded /tmp/minio_downloads/customers_190145517234.parquet -> @customers stage
[2026-07-04T15:14:45.269+0000] {logging_mixin.py:188} INFO - Uploaded /tmp/minio_downloads/customers_190145574072.parquet -> @customers stage
[2026-07-04T15:14:45.747+0000] {logging_mixin.py:188} INFO - Uploaded /tmp/minio_downloads/customers_190145633431.parquet -> @customers stage
[2026-07-04T15:14:46.135+0000] {logging_mixin.py:188} INFO - Uploaded /tmp/minio_downloads/customers_190534056791.parquet -> @customers stage
[2026-07-04T15:14:46.566+0000] {logging_mixin.py:188} INFO - Uploaded /tmp/minio_downloads/customers_190534138913.parquet -> @customers stage
[2026-07-04T15:14:46.978+0000] {logging_mixin.py:188} INFO - Uploaded /tmp/minio_downloads/customers_190534229894.parquet -> @customers stage
[2026-07-04T15:14:47.488+0000] {logging_mixin.py:188} INFO - Uploaded /tmp/minio_downloads/customers_190534306790.parquet -> @customers stage
[2026-07-04T15:14:47.880+0000] {logging_mixin.py:188} INFO - Uploaded /tmp/minio_downloads/customers_190534388373.parquet -> @customers stage
[2026-07-04T15:14:48.308+0000] {logging_mixin.py:188} INFO - Uploaded /tmp/minio_downloads/customers_190534488935.parquet -> @customers stage
[2026-07-04T15:14:48.920+0000] {logging_mixin.py:188} INFO - Uploaded /tmp/minio_downloads/customers_190534569834.parquet -> @customers stage
[2026-07-04T15:14:49.326+0000] {logging_mixin.py:188} INFO - Uploaded /tmp/minio_downloads/customers_190534670967.parquet -> @customers stage
[2026-07-04T15:14:49.706+0000] {logging_mixin.py:188} INFO - Uploaded /tmp/minio_downloads/customers_190534749320.parquet -> @customers stage
[2026-07-04T15:14:50.150+0000] {logging_mixin.py:188} INFO - Uploaded /tmp/minio_downloads/customers_190534820934.parquet -> @customers stage
[2026-07-04T15:14:50.700+0000] {logging_mixin.py:188} INFO - Uploaded /tmp/minio_downloads/customers_190534904719.parquet -> @customers stage
[2026-07-04T15:14:51.311+0000] {logging_mixin.py:188} INFO - Uploaded /tmp/minio_downloads/customers_190534971629.parquet -> @customers stage
[2026-07-04T15:14:51.711+0000] {logging_mixin.py:188} INFO - Uploaded /tmp/minio_downloads/customers_190535042505.parquet -> @customers stage
[2026-07-04T15:14:52.199+0000] {logging_mixin.py:188} INFO - Uploaded /tmp/minio_downloads/customers_190535119196.parquet -> @customers stage
[2026-07-04T15:14:52.609+0000] {logging_mixin.py:188} INFO - Uploaded /tmp/minio_downloads/customers_190535229129.parquet -> @customers stage
[2026-07-04T15:14:53.124+0000] {logging_mixin.py:188} INFO - Uploaded /tmp/minio_downloads/customers_190535309317.parquet -> @customers stage
[2026-07-04T15:14:53.735+0000] {logging_mixin.py:188} INFO - Uploaded /tmp/minio_downloads/customers_190535384613.parquet -> @customers stage
[2026-07-04T15:14:54.868+0000] {logging_mixin.py:188} INFO - Uploaded /tmp/minio_downloads/customers_190535464854.parquet -> @customers stage
[2026-07-04T15:14:55.375+0000] {logging_mixin.py:188} INFO - Uploaded /tmp/minio_downloads/customers_190535532848.parquet -> @customers stage
[2026-07-04T15:14:55.785+0000] {logging_mixin.py:188} INFO - Uploaded /tmp/minio_downloads/customers_190535602948.parquet -> @customers stage
[2026-07-04T15:14:56.191+0000] {logging_mixin.py:188} INFO - Uploaded /tmp/minio_downloads/customers_190535690478.parquet -> @customers stage
[2026-07-04T15:14:56.541+0000] {logging_mixin.py:188} INFO - Uploaded /tmp/minio_downloads/customers_190535780849.parquet -> @customers stage
[2026-07-04T15:14:56.934+0000] {logging_mixin.py:188} INFO - Uploaded /tmp/minio_downloads/customers_190535851658.parquet -> @customers stage
[2026-07-04T15:14:57.319+0000] {logging_mixin.py:188} INFO - Uploaded /tmp/minio_downloads/customers_190535925295.parquet -> @customers stage
[2026-07-04T15:14:57.692+0000] {logging_mixin.py:188} INFO - Uploaded /tmp/minio_downloads/customers_190535997859.parquet -> @customers stage
[2026-07-04T15:14:58.098+0000] {logging_mixin.py:188} INFO - Uploaded /tmp/minio_downloads/customers_190536086075.parquet -> @customers stage
[2026-07-04T15:14:58.508+0000] {logging_mixin.py:188} INFO - Uploaded /tmp/minio_downloads/customers_190536180505.parquet -> @customers stage
[2026-07-04T15:14:58.963+0000] {logging_mixin.py:188} INFO - Uploaded /tmp/minio_downloads/customers_190536278448.parquet -> @customers stage
[2026-07-04T15:14:59.447+0000] {logging_mixin.py:188} INFO - Uploaded /tmp/minio_downloads/customers_190536373125.parquet -> @customers stage
[2026-07-04T15:14:59.807+0000] {logging_mixin.py:188} INFO - Uploaded /tmp/minio_downloads/customers_190536467464.parquet -> @customers stage
[2026-07-04T15:15:00.179+0000] {logging_mixin.py:188} INFO - Uploaded /tmp/minio_downloads/customers_190536549057.parquet -> @customers stage
[2026-07-04T15:15:00.704+0000] {logging_mixin.py:188} INFO - Uploaded /tmp/minio_downloads/customers_190536620054.parquet -> @customers stage
[2026-07-04T15:15:01.109+0000] {logging_mixin.py:188} INFO - Uploaded /tmp/minio_downloads/customers_190536699784.parquet -> @customers stage
[2026-07-04T15:15:01.519+0000] {logging_mixin.py:188} INFO - Uploaded /tmp/minio_downloads/customers_190536806645.parquet -> @customers stage
[2026-07-04T15:15:01.929+0000] {logging_mixin.py:188} INFO - Uploaded /tmp/minio_downloads/customers_190536898613.parquet -> @customers stage
[2026-07-04T15:15:02.339+0000] {logging_mixin.py:188} INFO - Uploaded /tmp/minio_downloads/customers_190536988001.parquet -> @customers stage
[2026-07-04T15:15:02.743+0000] {logging_mixin.py:188} INFO - Uploaded /tmp/minio_downloads/customers_190537077442.parquet -> @customers stage
[2026-07-04T15:15:03.158+0000] {logging_mixin.py:188} INFO - Uploaded /tmp/minio_downloads/customers_190537171845.parquet -> @customers stage
[2026-07-04T15:15:03.570+0000] {logging_mixin.py:188} INFO - Uploaded /tmp/minio_downloads/customers_190537264699.parquet -> @customers stage
[2026-07-04T15:15:04.081+0000] {logging_mixin.py:188} INFO - Uploaded /tmp/minio_downloads/customers_190537351041.parquet -> @customers stage
[2026-07-04T15:15:04.493+0000] {logging_mixin.py:188} INFO - Uploaded /tmp/minio_downloads/customers_190537453087.parquet -> @customers stage
[2026-07-04T15:15:04.895+0000] {logging_mixin.py:188} INFO - Uploaded /tmp/minio_downloads/customers_190537539317.parquet -> @customers stage
[2026-07-04T15:15:05.311+0000] {logging_mixin.py:188} INFO - Uploaded /tmp/minio_downloads/customers_190537628958.parquet -> @customers stage
[2026-07-04T15:15:05.715+0000] {logging_mixin.py:188} INFO - Uploaded /tmp/minio_downloads/customers_190537698926.parquet -> @customers stage
[2026-07-04T15:15:06.129+0000] {logging_mixin.py:188} INFO - Uploaded /tmp/minio_downloads/customers_190537782859.parquet -> @customers stage
[2026-07-04T15:15:06.538+0000] {logging_mixin.py:188} INFO - Uploaded /tmp/minio_downloads/customers_190537864698.parquet -> @customers stage
[2026-07-04T15:15:06.947+0000] {logging_mixin.py:188} INFO - Uploaded /tmp/minio_downloads/customers_190537966412.parquet -> @customers stage
[2026-07-04T15:15:07.326+0000] {logging_mixin.py:188} INFO - Uploaded /tmp/minio_downloads/customers_190538051554.parquet -> @customers stage
[2026-07-04T15:15:07.766+0000] {logging_mixin.py:188} INFO - Uploaded /tmp/minio_downloads/customers_190538139232.parquet -> @customers stage
[2026-07-04T15:15:08.175+0000] {logging_mixin.py:188} INFO - Uploaded /tmp/minio_downloads/customers_190538238838.parquet -> @customers stage
[2026-07-04T15:15:08.586+0000] {logging_mixin.py:188} INFO - Uploaded /tmp/minio_downloads/customers_190538319208.parquet -> @customers stage
[2026-07-04T15:15:08.997+0000] {logging_mixin.py:188} INFO - Uploaded /tmp/minio_downloads/customers_190538401542.parquet -> @customers stage
[2026-07-04T15:15:09.406+0000] {logging_mixin.py:188} INFO - Uploaded /tmp/minio_downloads/customers_190538520453.parquet -> @customers stage
[2026-07-04T15:15:09.814+0000] {logging_mixin.py:188} INFO - Uploaded /tmp/minio_downloads/customers_190538622560.parquet -> @customers stage
[2026-07-04T15:15:10.325+0000] {logging_mixin.py:188} INFO - Uploaded /tmp/minio_downloads/customers_190538754722.parquet -> @customers stage
[2026-07-04T15:15:10.834+0000] {logging_mixin.py:188} INFO - Uploaded /tmp/minio_downloads/customers_190538851756.parquet -> @customers stage
[2026-07-04T15:15:11.241+0000] {logging_mixin.py:188} INFO - Uploaded /tmp/minio_downloads/customers_190538932465.parquet -> @customers stage
[2026-07-04T15:15:11.652+0000] {logging_mixin.py:188} INFO - Uploaded /tmp/minio_downloads/customers_190539034113.parquet -> @customers stage
[2026-07-04T15:15:12.062+0000] {logging_mixin.py:188} INFO - Uploaded /tmp/minio_downloads/customers_190539123794.parquet -> @customers stage
[2026-07-04T15:15:12.475+0000] {logging_mixin.py:188} INFO - Uploaded /tmp/minio_downloads/customers_190539218906.parquet -> @customers stage
[2026-07-04T15:15:12.879+0000] {logging_mixin.py:188} INFO - Uploaded /tmp/minio_downloads/customers_190539305398.parquet -> @customers stage
[2026-07-04T15:15:13.295+0000] {logging_mixin.py:188} INFO - Uploaded /tmp/minio_downloads/customers_190539398328.parquet -> @customers stage
[2026-07-04T15:15:13.708+0000] {logging_mixin.py:188} INFO - Uploaded /tmp/minio_downloads/customers_190539485603.parquet -> @customers stage
[2026-07-04T15:15:14.085+0000] {logging_mixin.py:188} INFO - Uploaded /tmp/minio_downloads/customers_190539545725.parquet -> @customers stage
[2026-07-04T15:15:14.460+0000] {logging_mixin.py:188} INFO - Uploaded /tmp/minio_downloads/customers_190539631258.parquet -> @customers stage
[2026-07-04T15:15:14.933+0000] {logging_mixin.py:188} INFO - Uploaded /tmp/minio_downloads/customers_190539702957.parquet -> @customers stage
[2026-07-04T15:15:15.343+0000] {logging_mixin.py:188} INFO - Uploaded /tmp/minio_downloads/customers_190539810453.parquet -> @customers stage
[2026-07-04T15:15:15.748+0000] {logging_mixin.py:188} INFO - Uploaded /tmp/minio_downloads/customers_190539891072.parquet -> @customers stage
[2026-07-04T15:15:16.168+0000] {logging_mixin.py:188} INFO - Uploaded /tmp/minio_downloads/customers_190539966747.parquet -> @customers stage
[2026-07-04T15:15:16.675+0000] {logging_mixin.py:188} INFO - Uploaded /tmp/minio_downloads/customers_190540032826.parquet -> @customers stage
[2026-07-04T15:15:17.187+0000] {logging_mixin.py:188} INFO - Uploaded /tmp/minio_downloads/customers_190540094324.parquet -> @customers stage
[2026-07-04T15:15:17.914+0000] {logging_mixin.py:188} INFO - Uploaded /tmp/minio_downloads/customers_190540145473.parquet -> @customers stage
[2026-07-04T15:15:18.319+0000] {logging_mixin.py:188} INFO - Uploaded /tmp/minio_downloads/customers_190540218333.parquet -> @customers stage
[2026-07-04T15:15:18.821+0000] {logging_mixin.py:188} INFO - Uploaded /tmp/minio_downloads/customers_190540297881.parquet -> @customers stage
[2026-07-04T15:15:19.237+0000] {logging_mixin.py:188} INFO - Uploaded /tmp/minio_downloads/customers_190540431964.parquet -> @customers stage
[2026-07-04T15:15:19.638+0000] {logging_mixin.py:188} INFO - Uploaded /tmp/minio_downloads/customers_190540532109.parquet -> @customers stage
[2026-07-04T15:15:20.010+0000] {logging_mixin.py:188} INFO - Uploaded /tmp/minio_downloads/customers_190540632663.parquet -> @customers stage
[2026-07-04T15:15:20.421+0000] {logging_mixin.py:188} INFO - Uploaded /tmp/minio_downloads/customers_190540698435.parquet -> @customers stage
[2026-07-04T15:15:20.825+0000] {logging_mixin.py:188} INFO - Uploaded /tmp/minio_downloads/customers_190540788621.parquet -> @customers stage
[2026-07-04T15:15:21.212+0000] {logging_mixin.py:188} INFO - Uploaded /tmp/minio_downloads/customers_190540897663.parquet -> @customers stage
[2026-07-04T15:15:21.669+0000] {logging_mixin.py:188} INFO - Uploaded /tmp/minio_downloads/customers_190540987831.parquet -> @customers stage
[2026-07-04T15:15:22.096+0000] {logging_mixin.py:188} INFO - Uploaded /tmp/minio_downloads/customers_190541083808.parquet -> @customers stage
[2026-07-04T15:15:22.506+0000] {logging_mixin.py:188} INFO - Uploaded /tmp/minio_downloads/customers_190541180385.parquet -> @customers stage
[2026-07-04T15:15:22.926+0000] {logging_mixin.py:188} INFO - Uploaded /tmp/minio_downloads/customers_190541250391.parquet -> @customers stage
[2026-07-04T15:15:23.427+0000] {logging_mixin.py:188} INFO - Uploaded /tmp/minio_downloads/customers_190541326247.parquet -> @customers stage
[2026-07-04T15:15:23.814+0000] {logging_mixin.py:188} INFO - Uploaded /tmp/minio_downloads/customers_190541417928.parquet -> @customers stage
[2026-07-04T15:15:24.215+0000] {logging_mixin.py:188} INFO - Uploaded /tmp/minio_downloads/customers_190541508020.parquet -> @customers stage
[2026-07-04T15:15:24.660+0000] {logging_mixin.py:188} INFO - Uploaded /tmp/minio_downloads/customers_190541605258.parquet -> @customers stage
[2026-07-04T15:15:25.074+0000] {logging_mixin.py:188} INFO - Uploaded /tmp/minio_downloads/customers_190541704160.parquet -> @customers stage
[2026-07-04T15:15:25.480+0000] {logging_mixin.py:188} INFO - Uploaded /tmp/minio_downloads/customers_190541809177.parquet -> @customers stage
[2026-07-04T15:15:25.892+0000] {logging_mixin.py:188} INFO - Uploaded /tmp/minio_downloads/customers_190541890253.parquet -> @customers stage
[2026-07-04T15:15:26.301+0000] {logging_mixin.py:188} INFO - Uploaded /tmp/minio_downloads/customers_190541975527.parquet -> @customers stage
[2026-07-04T15:15:26.708+0000] {logging_mixin.py:188} INFO - Uploaded /tmp/minio_downloads/customers_190542069653.parquet -> @customers stage
[2026-07-04T15:15:27.118+0000] {logging_mixin.py:188} INFO - Uploaded /tmp/minio_downloads/customers_190542158324.parquet -> @customers stage
[2026-07-04T15:15:27.526+0000] {logging_mixin.py:188} INFO - Uploaded /tmp/minio_downloads/customers_190542256906.parquet -> @customers stage
[2026-07-04T15:15:27.936+0000] {logging_mixin.py:188} INFO - Uploaded /tmp/minio_downloads/customers_190542327925.parquet -> @customers stage
[2026-07-04T15:15:28.345+0000] {logging_mixin.py:188} INFO - Uploaded /tmp/minio_downloads/customers_190542420735.parquet -> @customers stage
[2026-07-04T15:15:28.753+0000] {logging_mixin.py:188} INFO - Uploaded /tmp/minio_downloads/customers_190542520754.parquet -> @customers stage
[2026-07-04T15:15:29.164+0000] {logging_mixin.py:188} INFO - Uploaded /tmp/minio_downloads/customers_190542616822.parquet -> @customers stage
[2026-07-04T15:15:29.572+0000] {logging_mixin.py:188} INFO - Uploaded /tmp/minio_downloads/customers_190542700221.parquet -> @customers stage
[2026-07-04T15:15:29.984+0000] {logging_mixin.py:188} INFO - Uploaded /tmp/minio_downloads/customers_190542791697.parquet -> @customers stage
[2026-07-04T15:15:30.392+0000] {logging_mixin.py:188} INFO - Uploaded /tmp/minio_downloads/customers_190542885597.parquet -> @customers stage
[2026-07-04T15:15:30.810+0000] {logging_mixin.py:188} INFO - Uploaded /tmp/minio_downloads/customers_190542986434.parquet -> @customers stage
[2026-07-04T15:15:31.214+0000] {logging_mixin.py:188} INFO - Uploaded /tmp/minio_downloads/customers_190543076927.parquet -> @customers stage
[2026-07-04T15:15:31.623+0000] {logging_mixin.py:188} INFO - Uploaded /tmp/minio_downloads/customers_190543158006.parquet -> @customers stage
[2026-07-04T15:15:32.034+0000] {logging_mixin.py:188} INFO - Uploaded /tmp/minio_downloads/customers_190543253590.parquet -> @customers stage
[2026-07-04T15:15:32.417+0000] {logging_mixin.py:188} INFO - Uploaded /tmp/minio_downloads/customers_190543347569.parquet -> @customers stage
[2026-07-04T15:15:32.851+0000] {logging_mixin.py:188} INFO - Uploaded /tmp/minio_downloads/customers_190543450649.parquet -> @customers stage
[2026-07-04T15:15:33.261+0000] {logging_mixin.py:188} INFO - Uploaded /tmp/minio_downloads/customers_190543527911.parquet -> @customers stage
[2026-07-04T15:15:33.675+0000] {logging_mixin.py:188} INFO - Uploaded /tmp/minio_downloads/customers_190543616646.parquet -> @customers stage
[2026-07-04T15:15:34.056+0000] {logging_mixin.py:188} INFO - Uploaded /tmp/minio_downloads/customers_190543675363.parquet -> @customers stage
[2026-07-04T15:15:34.490+0000] {logging_mixin.py:188} INFO - Uploaded /tmp/minio_downloads/customers_190543752703.parquet -> @customers stage
[2026-07-04T15:15:34.905+0000] {logging_mixin.py:188} INFO - Uploaded /tmp/minio_downloads/customers_190543830423.parquet -> @customers stage
[2026-07-04T15:15:35.310+0000] {logging_mixin.py:188} INFO - Uploaded /tmp/minio_downloads/customers_190543903971.parquet -> @customers stage
[2026-07-04T15:15:35.726+0000] {logging_mixin.py:188} INFO - Uploaded /tmp/minio_downloads/customers_190544000846.parquet -> @customers stage
[2026-07-04T15:15:36.129+0000] {logging_mixin.py:188} INFO - Uploaded /tmp/minio_downloads/customers_190544281094.parquet -> @customers stage
[2026-07-04T15:15:36.545+0000] {logging_mixin.py:188} INFO - Uploaded /tmp/minio_downloads/customers_190544373713.parquet -> @customers stage
[2026-07-04T15:15:36.953+0000] {logging_mixin.py:188} INFO - Uploaded /tmp/minio_downloads/customers_190544483521.parquet -> @customers stage
[2026-07-04T15:15:37.462+0000] {logging_mixin.py:188} INFO - Uploaded /tmp/minio_downloads/customers_190544579549.parquet -> @customers stage
[2026-07-04T15:15:37.875+0000] {logging_mixin.py:188} INFO - Uploaded /tmp/minio_downloads/customers_190544676498.parquet -> @customers stage
[2026-07-04T15:15:38.283+0000] {logging_mixin.py:188} INFO - Uploaded /tmp/minio_downloads/customers_190544796803.parquet -> @customers stage
[2026-07-04T15:15:38.694+0000] {logging_mixin.py:188} INFO - Uploaded /tmp/minio_downloads/customers_190544882394.parquet -> @customers stage
[2026-07-04T15:15:39.103+0000] {logging_mixin.py:188} INFO - Uploaded /tmp/minio_downloads/customers_190544979467.parquet -> @customers stage
[2026-07-04T15:15:39.506+0000] {logging_mixin.py:188} INFO - Uploaded /tmp/minio_downloads/customers_190545064056.parquet -> @customers stage
[2026-07-04T15:15:39.917+0000] {logging_mixin.py:188} INFO - Uploaded /tmp/minio_downloads/customers_190545142528.parquet -> @customers stage
[2026-07-04T15:15:40.310+0000] {logging_mixin.py:188} INFO - Uploaded /tmp/minio_downloads/customers_190545231464.parquet -> @customers stage
[2026-07-04T15:15:40.735+0000] {logging_mixin.py:188} INFO - Uploaded /tmp/minio_downloads/customers_190545320319.parquet -> @customers stage
[2026-07-04T15:15:41.131+0000] {logging_mixin.py:188} INFO - Uploaded /tmp/minio_downloads/customers_190545414688.parquet -> @customers stage
[2026-07-04T15:15:41.552+0000] {logging_mixin.py:188} INFO - Uploaded /tmp/minio_downloads/customers_190545504552.parquet -> @customers stage
[2026-07-04T15:15:41.966+0000] {logging_mixin.py:188} INFO - Uploaded /tmp/minio_downloads/customers_190545592817.parquet -> @customers stage
[2026-07-04T15:15:42.328+0000] {logging_mixin.py:188} INFO - Uploaded /tmp/minio_downloads/customers_190545677112.parquet -> @customers stage
[2026-07-04T15:15:42.785+0000] {logging_mixin.py:188} INFO - Uploaded /tmp/minio_downloads/customers_190545762209.parquet -> @customers stage
[2026-07-04T15:15:43.191+0000] {logging_mixin.py:188} INFO - Uploaded /tmp/minio_downloads/customers_190545857188.parquet -> @customers stage
[2026-07-04T15:15:43.612+0000] {logging_mixin.py:188} INFO - Uploaded /tmp/minio_downloads/customers_190545941631.parquet -> @customers stage
[2026-07-04T15:15:44.018+0000] {logging_mixin.py:188} INFO - Uploaded /tmp/minio_downloads/customers_190546066925.parquet -> @customers stage
[2026-07-04T15:15:44.534+0000] {logging_mixin.py:188} INFO - Uploaded /tmp/minio_downloads/customers_190546200445.parquet -> @customers stage
[2026-07-04T15:15:44.936+0000] {logging_mixin.py:188} INFO - Uploaded /tmp/minio_downloads/customers_190546401040.parquet -> @customers stage
[2026-07-04T15:15:45.352+0000] {logging_mixin.py:188} INFO - Uploaded /tmp/minio_downloads/customers_190546534721.parquet -> @customers stage
[2026-07-04T15:15:45.757+0000] {logging_mixin.py:188} INFO - Uploaded /tmp/minio_downloads/customers_190546650046.parquet -> @customers stage
[2026-07-04T15:15:46.161+0000] {logging_mixin.py:188} INFO - Uploaded /tmp/minio_downloads/customers_190546730740.parquet -> @customers stage
[2026-07-04T15:15:46.570+0000] {logging_mixin.py:188} INFO - Uploaded /tmp/minio_downloads/customers_190546821615.parquet -> @customers stage
[2026-07-04T15:15:46.984+0000] {logging_mixin.py:188} INFO - Uploaded /tmp/minio_downloads/customers_190546967196.parquet -> @customers stage
[2026-07-04T15:15:47.392+0000] {logging_mixin.py:188} INFO - Uploaded /tmp/minio_downloads/customers_190547069169.parquet -> @customers stage
[2026-07-04T15:15:47.803+0000] {logging_mixin.py:188} INFO - Uploaded /tmp/minio_downloads/customers_190547180349.parquet -> @customers stage
[2026-07-04T15:15:48.207+0000] {logging_mixin.py:188} INFO - Uploaded /tmp/minio_downloads/customers_190547298924.parquet -> @customers stage
[2026-07-04T15:15:48.619+0000] {logging_mixin.py:188} INFO - Uploaded /tmp/minio_downloads/customers_190547397974.parquet -> @customers stage
[2026-07-04T15:15:49.033+0000] {logging_mixin.py:188} INFO - Uploaded /tmp/minio_downloads/customers_190547490619.parquet -> @customers stage
[2026-07-04T15:15:49.442+0000] {logging_mixin.py:188} INFO - Uploaded /tmp/minio_downloads/customers_190547572865.parquet -> @customers stage
[2026-07-04T15:15:49.851+0000] {logging_mixin.py:188} INFO - Uploaded /tmp/minio_downloads/customers_190547704148.parquet -> @customers stage
[2026-07-04T15:15:50.259+0000] {logging_mixin.py:188} INFO - Uploaded /tmp/minio_downloads/customers_190547807274.parquet -> @customers stage
[2026-07-04T15:15:50.643+0000] {logging_mixin.py:188} INFO - Uploaded /tmp/minio_downloads/customers_190547917145.parquet -> @customers stage
[2026-07-04T15:15:51.076+0000] {logging_mixin.py:188} INFO - Uploaded /tmp/minio_downloads/customers_190548029999.parquet -> @customers stage
[2026-07-04T15:15:51.451+0000] {logging_mixin.py:188} INFO - Uploaded /tmp/minio_downloads/customers_190548266308.parquet -> @customers stage
[2026-07-04T15:15:51.899+0000] {logging_mixin.py:188} INFO - Uploaded /tmp/minio_downloads/customers_190548394163.parquet -> @customers stage
[2026-07-04T15:15:52.259+0000] {logging_mixin.py:188} INFO - Uploaded /tmp/minio_downloads/customers_190548536088.parquet -> @customers stage
[2026-07-04T15:15:52.713+0000] {logging_mixin.py:188} INFO - Uploaded /tmp/minio_downloads/customers_190548676002.parquet -> @customers stage
[2026-07-04T15:15:53.124+0000] {logging_mixin.py:188} INFO - Uploaded /tmp/minio_downloads/customers_190548771118.parquet -> @customers stage
[2026-07-04T15:15:53.488+0000] {logging_mixin.py:188} INFO - Uploaded /tmp/minio_downloads/customers_190548892969.parquet -> @customers stage
[2026-07-04T15:15:53.932+0000] {logging_mixin.py:188} INFO - Uploaded /tmp/minio_downloads/customers_190549033306.parquet -> @customers stage
[2026-07-04T15:15:54.303+0000] {logging_mixin.py:188} INFO - Uploaded /tmp/minio_downloads/customers_190549230903.parquet -> @customers stage
[2026-07-04T15:15:54.768+0000] {logging_mixin.py:188} INFO - Uploaded /tmp/minio_downloads/customers_190549462742.parquet -> @customers stage
[2026-07-04T15:15:55.173+0000] {logging_mixin.py:188} INFO - Uploaded /tmp/minio_downloads/customers_190549619471.parquet -> @customers stage
[2026-07-04T15:15:55.586+0000] {logging_mixin.py:188} INFO - Uploaded /tmp/minio_downloads/customers_190549770486.parquet -> @customers stage
[2026-07-04T15:15:55.993+0000] {logging_mixin.py:188} INFO - Uploaded /tmp/minio_downloads/customers_190549876529.parquet -> @customers stage
[2026-07-04T15:15:56.406+0000] {logging_mixin.py:188} INFO - Uploaded /tmp/minio_downloads/customers_190549971353.parquet -> @customers stage
[2026-07-04T15:15:56.810+0000] {logging_mixin.py:188} INFO - Uploaded /tmp/minio_downloads/customers_190550068702.parquet -> @customers stage
[2026-07-04T15:15:57.222+0000] {logging_mixin.py:188} INFO - Uploaded /tmp/minio_downloads/customers_190550194333.parquet -> @customers stage
[2026-07-04T15:15:57.629+0000] {logging_mixin.py:188} INFO - Uploaded /tmp/minio_downloads/customers_190550294357.parquet -> @customers stage
[2026-07-04T15:15:58.044+0000] {logging_mixin.py:188} INFO - Uploaded /tmp/minio_downloads/customers_190550397429.parquet -> @customers stage
[2026-07-04T15:15:58.458+0000] {logging_mixin.py:188} INFO - Uploaded /tmp/minio_downloads/customers_190550501208.parquet -> @customers stage
[2026-07-04T15:15:58.866+0000] {logging_mixin.py:188} INFO - Uploaded /tmp/minio_downloads/customers_190550607851.parquet -> @customers stage
[2026-07-04T15:15:59.271+0000] {logging_mixin.py:188} INFO - Uploaded /tmp/minio_downloads/customers_190550700394.parquet -> @customers stage
[2026-07-04T15:15:59.679+0000] {logging_mixin.py:188} INFO - Uploaded /tmp/minio_downloads/customers_190550794280.parquet -> @customers stage
[2026-07-04T15:16:00.089+0000] {logging_mixin.py:188} INFO - Uploaded /tmp/minio_downloads/customers_190550891503.parquet -> @customers stage
[2026-07-04T15:16:00.497+0000] {logging_mixin.py:188} INFO - Uploaded /tmp/minio_downloads/customers_190550994311.parquet -> @customers stage
[2026-07-04T15:16:00.906+0000] {logging_mixin.py:188} INFO - Uploaded /tmp/minio_downloads/customers_190551088520.parquet -> @customers stage
[2026-07-04T15:16:01.317+0000] {logging_mixin.py:188} INFO - Uploaded /tmp/minio_downloads/customers_190551191279.parquet -> @customers stage
[2026-07-04T15:16:01.727+0000] {logging_mixin.py:188} INFO - Uploaded /tmp/minio_downloads/customers_190551320015.parquet -> @customers stage
[2026-07-04T15:16:02.137+0000] {logging_mixin.py:188} INFO - Uploaded /tmp/minio_downloads/customers_190551566283.parquet -> @customers stage
[2026-07-04T15:16:02.548+0000] {logging_mixin.py:188} INFO - Uploaded /tmp/minio_downloads/customers_190551703347.parquet -> @customers stage
[2026-07-04T15:16:02.955+0000] {logging_mixin.py:188} INFO - Uploaded /tmp/minio_downloads/customers_190551812591.parquet -> @customers stage
[2026-07-04T15:16:03.328+0000] {logging_mixin.py:188} INFO - Uploaded /tmp/minio_downloads/customers_190551904318.parquet -> @customers stage
[2026-07-04T15:16:03.776+0000] {logging_mixin.py:188} INFO - Uploaded /tmp/minio_downloads/customers_190552004461.parquet -> @customers stage
[2026-07-04T15:16:04.188+0000] {logging_mixin.py:188} INFO - Uploaded /tmp/minio_downloads/customers_190552097320.parquet -> @customers stage
[2026-07-04T15:16:05.111+0000] {logging_mixin.py:188} INFO - Uploaded /tmp/minio_downloads/customers_190552188541.parquet -> @customers stage
[2026-07-04T15:16:05.518+0000] {logging_mixin.py:188} INFO - Uploaded /tmp/minio_downloads/customers_190552271018.parquet -> @customers stage
[2026-07-04T15:16:05.927+0000] {logging_mixin.py:188} INFO - Uploaded /tmp/minio_downloads/customers_190552375917.parquet -> @customers stage
[2026-07-04T15:16:06.338+0000] {logging_mixin.py:188} INFO - Uploaded /tmp/minio_downloads/customers_190552470373.parquet -> @customers stage
[2026-07-04T15:16:06.746+0000] {logging_mixin.py:188} INFO - Uploaded /tmp/minio_downloads/customers_190552566985.parquet -> @customers stage
[2026-07-04T15:16:07.157+0000] {logging_mixin.py:188} INFO - Uploaded /tmp/minio_downloads/customers_190552655317.parquet -> @customers stage
[2026-07-04T15:16:07.520+0000] {logging_mixin.py:188} INFO - Uploaded /tmp/minio_downloads/customers_190552740056.parquet -> @customers stage
[2026-07-04T15:16:07.977+0000] {logging_mixin.py:188} INFO - Uploaded /tmp/minio_downloads/customers_190552818721.parquet -> @customers stage
[2026-07-04T15:16:08.353+0000] {logging_mixin.py:188} INFO - Uploaded /tmp/minio_downloads/customers_190552890918.parquet -> @customers stage
[2026-07-04T15:16:08.752+0000] {logging_mixin.py:188} INFO - Uploaded /tmp/minio_downloads/customers_190552982498.parquet -> @customers stage
[2026-07-04T15:16:09.612+0000] {logging_mixin.py:188} INFO - Uploaded /tmp/minio_downloads/customers_190553083327.parquet -> @customers stage
[2026-07-04T15:16:10.019+0000] {logging_mixin.py:188} INFO - Uploaded /tmp/minio_downloads/customers_190553154570.parquet -> @customers stage
[2026-07-04T15:16:10.434+0000] {logging_mixin.py:188} INFO - Uploaded /tmp/minio_downloads/customers_190553244293.parquet -> @customers stage
[2026-07-04T15:16:10.809+0000] {logging_mixin.py:188} INFO - Uploaded /tmp/minio_downloads/customers_190553323904.parquet -> @customers stage
[2026-07-04T15:16:11.249+0000] {logging_mixin.py:188} INFO - Uploaded /tmp/minio_downloads/customers_190553400034.parquet -> @customers stage
[2026-07-04T15:16:11.660+0000] {logging_mixin.py:188} INFO - Uploaded /tmp/minio_downloads/customers_190553482689.parquet -> @customers stage
[2026-07-04T15:16:12.073+0000] {logging_mixin.py:188} INFO - Uploaded /tmp/minio_downloads/customers_190553616146.parquet -> @customers stage
[2026-07-04T15:16:12.454+0000] {logging_mixin.py:188} INFO - Uploaded /tmp/minio_downloads/customers_190553728893.parquet -> @customers stage
[2026-07-04T15:16:12.900+0000] {logging_mixin.py:188} INFO - Uploaded /tmp/minio_downloads/customers_190553847463.parquet -> @customers stage
[2026-07-04T15:16:13.297+0000] {logging_mixin.py:188} INFO - Uploaded /tmp/minio_downloads/customers_190553943930.parquet -> @customers stage
[2026-07-04T15:16:13.711+0000] {logging_mixin.py:188} INFO - Uploaded /tmp/minio_downloads/customers_190554040796.parquet -> @customers stage
[2026-07-04T15:16:14.116+0000] {logging_mixin.py:188} INFO - Uploaded /tmp/minio_downloads/customers_190554124900.parquet -> @customers stage
[2026-07-04T15:16:14.527+0000] {logging_mixin.py:188} INFO - Uploaded /tmp/minio_downloads/customers_190554206575.parquet -> @customers stage
[2026-07-04T15:16:14.937+0000] {logging_mixin.py:188} INFO - Uploaded /tmp/minio_downloads/customers_190554290204.parquet -> @customers stage
[2026-07-04T15:16:15.348+0000] {logging_mixin.py:188} INFO - Uploaded /tmp/minio_downloads/customers_190554369148.parquet -> @customers stage
[2026-07-04T15:16:15.756+0000] {logging_mixin.py:188} INFO - Uploaded /tmp/minio_downloads/customers_190554445379.parquet -> @customers stage
[2026-07-04T15:16:16.165+0000] {logging_mixin.py:188} INFO - Uploaded /tmp/minio_downloads/customers_190554526571.parquet -> @customers stage
[2026-07-04T15:16:16.581+0000] {logging_mixin.py:188} INFO - Uploaded /tmp/minio_downloads/customers_190554602653.parquet -> @customers stage
[2026-07-04T15:16:16.988+0000] {logging_mixin.py:188} INFO - Uploaded /tmp/minio_downloads/customers_190554683879.parquet -> @customers stage
[2026-07-04T15:16:17.394+0000] {logging_mixin.py:188} INFO - Uploaded /tmp/minio_downloads/customers_190554773602.parquet -> @customers stage
[2026-07-04T15:16:17.803+0000] {logging_mixin.py:188} INFO - Uploaded /tmp/minio_downloads/customers_190554933217.parquet -> @customers stage
[2026-07-04T15:16:18.316+0000] {logging_mixin.py:188} INFO - Uploaded /tmp/minio_downloads/customers_190555005715.parquet -> @customers stage
[2026-07-04T15:16:18.726+0000] {logging_mixin.py:188} INFO - Uploaded /tmp/minio_downloads/customers_190555089851.parquet -> @customers stage
[2026-07-04T15:16:19.121+0000] {logging_mixin.py:188} INFO - Uploaded /tmp/minio_downloads/customers_190555161408.parquet -> @customers stage
[2026-07-04T15:16:19.543+0000] {logging_mixin.py:188} INFO - Uploaded /tmp/minio_downloads/customers_190555256911.parquet -> @customers stage
[2026-07-04T15:16:19.959+0000] {logging_mixin.py:188} INFO - Uploaded /tmp/minio_downloads/customers_190555353917.parquet -> @customers stage
[2026-07-04T15:16:20.364+0000] {logging_mixin.py:188} INFO - Uploaded /tmp/minio_downloads/customers_190555431817.parquet -> @customers stage
[2026-07-04T15:16:20.741+0000] {logging_mixin.py:188} INFO - Uploaded /tmp/minio_downloads/customers_190555499395.parquet -> @customers stage
[2026-07-04T15:16:21.185+0000] {logging_mixin.py:188} INFO - Uploaded /tmp/minio_downloads/customers_190555586984.parquet -> @customers stage
[2026-07-04T15:16:21.595+0000] {logging_mixin.py:188} INFO - Uploaded /tmp/minio_downloads/customers_190555668631.parquet -> @customers stage
[2026-07-04T15:16:22.010+0000] {logging_mixin.py:188} INFO - Uploaded /tmp/minio_downloads/customers_190555751900.parquet -> @customers stage
[2026-07-04T15:16:22.418+0000] {logging_mixin.py:188} INFO - Uploaded /tmp/minio_downloads/customers_190555819915.parquet -> @customers stage
[2026-07-04T15:16:22.824+0000] {logging_mixin.py:188} INFO - Uploaded /tmp/minio_downloads/customers_190555925301.parquet -> @customers stage
[2026-07-04T15:16:23.234+0000] {logging_mixin.py:188} INFO - Uploaded /tmp/minio_downloads/customers_190556047856.parquet -> @customers stage
[2026-07-04T15:16:23.622+0000] {logging_mixin.py:188} INFO - Uploaded /tmp/minio_downloads/customers_190556143987.parquet -> @customers stage
[2026-07-04T15:16:24.053+0000] {logging_mixin.py:188} INFO - Uploaded /tmp/minio_downloads/customers_190556253700.parquet -> @customers stage
[2026-07-04T15:16:24.466+0000] {logging_mixin.py:188} INFO - Uploaded /tmp/minio_downloads/customers_190556338588.parquet -> @customers stage
[2026-07-04T15:16:24.873+0000] {logging_mixin.py:188} INFO - Uploaded /tmp/minio_downloads/customers_190556440622.parquet -> @customers stage
[2026-07-04T15:16:25.284+0000] {logging_mixin.py:188} INFO - Uploaded /tmp/minio_downloads/customers_190556537359.parquet -> @customers stage
[2026-07-04T15:16:25.691+0000] {logging_mixin.py:188} INFO - Uploaded /tmp/minio_downloads/customers_190556621103.parquet -> @customers stage
[2026-07-04T15:16:26.715+0000] {logging_mixin.py:188} INFO - Uploaded /tmp/minio_downloads/customers_190556706405.parquet -> @customers stage
[2026-07-04T15:16:27.126+0000] {logging_mixin.py:188} INFO - Uploaded /tmp/minio_downloads/customers_190556796662.parquet -> @customers stage
[2026-07-04T15:16:27.535+0000] {logging_mixin.py:188} INFO - Uploaded /tmp/minio_downloads/customers_190556890154.parquet -> @customers stage
[2026-07-04T15:16:27.944+0000] {logging_mixin.py:188} INFO - Uploaded /tmp/minio_downloads/customers_190556969691.parquet -> @customers stage
[2026-07-04T15:16:28.333+0000] {logging_mixin.py:188} INFO - Uploaded /tmp/minio_downloads/customers_190557052913.parquet -> @customers stage
[2026-07-04T15:16:28.769+0000] {logging_mixin.py:188} INFO - Uploaded /tmp/minio_downloads/customers_190557134088.parquet -> @customers stage
[2026-07-04T15:16:29.177+0000] {logging_mixin.py:188} INFO - Uploaded /tmp/minio_downloads/customers_190557235739.parquet -> @customers stage
[2026-07-04T15:16:29.587+0000] {logging_mixin.py:188} INFO - Uploaded /tmp/minio_downloads/customers_190557322343.parquet -> @customers stage
[2026-07-04T15:16:29.995+0000] {logging_mixin.py:188} INFO - Uploaded /tmp/minio_downloads/customers_190557415782.parquet -> @customers stage
[2026-07-04T15:16:30.387+0000] {logging_mixin.py:188} INFO - Uploaded /tmp/minio_downloads/customers_190557512593.parquet -> @customers stage
[2026-07-04T15:16:30.816+0000] {logging_mixin.py:188} INFO - Uploaded /tmp/minio_downloads/customers_190557597119.parquet -> @customers stage
[2026-07-04T15:16:31.221+0000] {logging_mixin.py:188} INFO - Uploaded /tmp/minio_downloads/customers_190557690572.parquet -> @customers stage
[2026-07-04T15:16:31.635+0000] {logging_mixin.py:188} INFO - Uploaded /tmp/minio_downloads/customers_190557790451.parquet -> @customers stage
[2026-07-04T15:16:32.038+0000] {logging_mixin.py:188} INFO - Uploaded /tmp/minio_downloads/customers_190557884076.parquet -> @customers stage
[2026-07-04T15:16:32.455+0000] {logging_mixin.py:188} INFO - Uploaded /tmp/minio_downloads/customers_190557952718.parquet -> @customers stage
[2026-07-04T15:16:32.859+0000] {logging_mixin.py:188} INFO - Uploaded /tmp/minio_downloads/customers_190558043136.parquet -> @customers stage
[2026-07-04T15:16:33.268+0000] {logging_mixin.py:188} INFO - Uploaded /tmp/minio_downloads/customers_190558136663.parquet -> @customers stage
[2026-07-04T15:16:33.682+0000] {logging_mixin.py:188} INFO - Uploaded /tmp/minio_downloads/customers_190558241585.parquet -> @customers stage
[2026-07-04T15:16:34.095+0000] {logging_mixin.py:188} INFO - Uploaded /tmp/minio_downloads/customers_190558350426.parquet -> @customers stage
[2026-07-04T15:16:34.461+0000] {logging_mixin.py:188} INFO - Uploaded /tmp/minio_downloads/customers_190558444960.parquet -> @customers stage
[2026-07-04T15:16:34.911+0000] {logging_mixin.py:188} INFO - Uploaded /tmp/minio_downloads/customers_190558539041.parquet -> @customers stage
[2026-07-04T15:16:35.323+0000] {logging_mixin.py:188} INFO - Uploaded /tmp/minio_downloads/customers_190558630829.parquet -> @customers stage
[2026-07-04T15:16:35.833+0000] {logging_mixin.py:188} INFO - Uploaded /tmp/minio_downloads/customers_190558717625.parquet -> @customers stage
[2026-07-04T15:16:36.243+0000] {logging_mixin.py:188} INFO - Uploaded /tmp/minio_downloads/customers_190558792850.parquet -> @customers stage
[2026-07-04T15:16:36.654+0000] {logging_mixin.py:188} INFO - Uploaded /tmp/minio_downloads/customers_190558901725.parquet -> @customers stage
[2026-07-04T15:16:37.069+0000] {logging_mixin.py:188} INFO - Uploaded /tmp/minio_downloads/customers_190559015858.parquet -> @customers stage
[2026-07-04T15:16:37.473+0000] {logging_mixin.py:188} INFO - Uploaded /tmp/minio_downloads/customers_190559103649.parquet -> @customers stage
[2026-07-04T15:16:37.879+0000] {logging_mixin.py:188} INFO - Uploaded /tmp/minio_downloads/customers_190559196766.parquet -> @customers stage
[2026-07-04T15:16:38.292+0000] {logging_mixin.py:188} INFO - Uploaded /tmp/minio_downloads/customers_190559293720.parquet -> @customers stage
[2026-07-04T15:16:38.681+0000] {logging_mixin.py:188} INFO - Uploaded /tmp/minio_downloads/customers_190559374608.parquet -> @customers stage
[2026-07-04T15:16:39.066+0000] {logging_mixin.py:188} INFO - Uploaded /tmp/minio_downloads/customers_190559468836.parquet -> @customers stage
[2026-07-04T15:16:39.517+0000] {logging_mixin.py:188} INFO - Uploaded /tmp/minio_downloads/customers_190559580870.parquet -> @customers stage
[2026-07-04T15:16:39.922+0000] {logging_mixin.py:188} INFO - Uploaded /tmp/minio_downloads/customers_190559682140.parquet -> @customers stage
[2026-07-04T15:16:40.335+0000] {logging_mixin.py:188} INFO - Uploaded /tmp/minio_downloads/customers_190559763988.parquet -> @customers stage
[2026-07-04T15:16:40.745+0000] {logging_mixin.py:188} INFO - Uploaded /tmp/minio_downloads/customers_190559852149.parquet -> @customers stage
[2026-07-04T15:16:41.155+0000] {logging_mixin.py:188} INFO - Uploaded /tmp/minio_downloads/customers_190559937093.parquet -> @customers stage
[2026-07-04T15:16:41.561+0000] {logging_mixin.py:188} INFO - Uploaded /tmp/minio_downloads/customers_190600058927.parquet -> @customers stage
[2026-07-04T15:16:41.976+0000] {logging_mixin.py:188} INFO - Uploaded /tmp/minio_downloads/customers_190600150855.parquet -> @customers stage
[2026-07-04T15:16:42.339+0000] {logging_mixin.py:188} INFO - Uploaded /tmp/minio_downloads/customers_190600259701.parquet -> @customers stage
[2026-07-04T15:16:42.794+0000] {logging_mixin.py:188} INFO - Uploaded /tmp/minio_downloads/customers_190600371122.parquet -> @customers stage
[2026-07-04T15:16:43.200+0000] {logging_mixin.py:188} INFO - Uploaded /tmp/minio_downloads/customers_190600449337.parquet -> @customers stage
[2026-07-04T15:16:43.614+0000] {logging_mixin.py:188} INFO - Uploaded /tmp/minio_downloads/customers_190600552087.parquet -> @customers stage
[2026-07-04T15:16:44.018+0000] {logging_mixin.py:188} INFO - Uploaded /tmp/minio_downloads/customers_190600644467.parquet -> @customers stage
[2026-07-04T15:16:44.432+0000] {logging_mixin.py:188} INFO - Uploaded /tmp/minio_downloads/customers_190600737678.parquet -> @customers stage
[2026-07-04T15:16:44.837+0000] {logging_mixin.py:188} INFO - Uploaded /tmp/minio_downloads/customers_190600838623.parquet -> @customers stage
[2026-07-04T15:16:45.219+0000] {logging_mixin.py:188} INFO - Uploaded /tmp/minio_downloads/customers_190600920539.parquet -> @customers stage
[2026-07-04T15:16:45.660+0000] {logging_mixin.py:188} INFO - Uploaded /tmp/minio_downloads/customers_190601010696.parquet -> @customers stage
[2026-07-04T15:16:46.070+0000] {logging_mixin.py:188} INFO - Uploaded /tmp/minio_downloads/customers_190601088803.parquet -> @customers stage
[2026-07-04T15:16:46.479+0000] {logging_mixin.py:188} INFO - Uploaded /tmp/minio_downloads/customers_190601188047.parquet -> @customers stage
[2026-07-04T15:16:46.890+0000] {logging_mixin.py:188} INFO - Uploaded /tmp/minio_downloads/customers_190601264029.parquet -> @customers stage
[2026-07-04T15:16:47.295+0000] {logging_mixin.py:188} INFO - Uploaded /tmp/minio_downloads/customers_190601380956.parquet -> @customers stage
[2026-07-04T15:16:47.705+0000] {logging_mixin.py:188} INFO - Uploaded /tmp/minio_downloads/customers_190601476373.parquet -> @customers stage
[2026-07-04T15:16:48.119+0000] {logging_mixin.py:188} INFO - Uploaded /tmp/minio_downloads/customers_190601577554.parquet -> @customers stage
[2026-07-04T15:16:48.527+0000] {logging_mixin.py:188} INFO - Uploaded /tmp/minio_downloads/customers_190601685124.parquet -> @customers stage
[2026-07-04T15:16:48.940+0000] {logging_mixin.py:188} INFO - Uploaded /tmp/minio_downloads/customers_190601764878.parquet -> @customers stage
[2026-07-04T15:16:49.347+0000] {logging_mixin.py:188} INFO - Uploaded /tmp/minio_downloads/customers_190601852702.parquet -> @customers stage
[2026-07-04T15:16:49.755+0000] {logging_mixin.py:188} INFO - Uploaded /tmp/minio_downloads/customers_190601940269.parquet -> @customers stage
[2026-07-04T15:16:50.132+0000] {logging_mixin.py:188} INFO - Uploaded /tmp/minio_downloads/customers_190602033750.parquet -> @customers stage
[2026-07-04T15:16:50.576+0000] {logging_mixin.py:188} INFO - Uploaded /tmp/minio_downloads/customers_190602126486.parquet -> @customers stage
[2026-07-04T15:16:50.987+0000] {logging_mixin.py:188} INFO - Uploaded /tmp/minio_downloads/customers_190602227982.parquet -> @customers stage
[2026-07-04T15:16:51.396+0000] {logging_mixin.py:188} INFO - Uploaded /tmp/minio_downloads/customers_190602332080.parquet -> @customers stage
[2026-07-04T15:16:51.805+0000] {logging_mixin.py:188} INFO - Uploaded /tmp/minio_downloads/customers_190602407815.parquet -> @customers stage
[2026-07-04T15:16:52.216+0000] {logging_mixin.py:188} INFO - Uploaded /tmp/minio_downloads/customers_190602507554.parquet -> @customers stage
[2026-07-04T15:16:52.583+0000] {logging_mixin.py:188} INFO - Uploaded /tmp/minio_downloads/customers_190602606187.parquet -> @customers stage
[2026-07-04T15:16:53.035+0000] {logging_mixin.py:188} INFO - Uploaded /tmp/minio_downloads/customers_190602713957.parquet -> @customers stage
[2026-07-04T15:16:53.446+0000] {logging_mixin.py:188} INFO - Uploaded /tmp/minio_downloads/customers_190602803821.parquet -> @customers stage
[2026-07-04T15:16:53.838+0000] {logging_mixin.py:188} INFO - Uploaded /tmp/minio_downloads/customers_190602892941.parquet -> @customers stage
[2026-07-04T15:16:54.260+0000] {logging_mixin.py:188} INFO - Uploaded /tmp/minio_downloads/customers_190602976217.parquet -> @customers stage
[2026-07-04T15:16:54.673+0000] {logging_mixin.py:188} INFO - Uploaded /tmp/minio_downloads/customers_190603061176.parquet -> @customers stage
[2026-07-04T15:16:55.081+0000] {logging_mixin.py:188} INFO - Uploaded /tmp/minio_downloads/customers_190603164697.parquet -> @customers stage
[2026-07-04T15:16:55.600+0000] {logging_mixin.py:188} INFO - Uploaded /tmp/minio_downloads/customers_190603285424.parquet -> @customers stage
[2026-07-04T15:16:56.008+0000] {logging_mixin.py:188} INFO - Uploaded /tmp/minio_downloads/customers_190603398352.parquet -> @customers stage
[2026-07-04T15:16:56.376+0000] {logging_mixin.py:188} INFO - Uploaded /tmp/minio_downloads/customers_190603488359.parquet -> @customers stage
[2026-07-04T15:16:56.821+0000] {logging_mixin.py:188} INFO - Uploaded /tmp/minio_downloads/customers_190603597418.parquet -> @customers stage
[2026-07-04T15:16:57.231+0000] {logging_mixin.py:188} INFO - Uploaded /tmp/minio_downloads/customers_190603692834.parquet -> @customers stage
[2026-07-04T15:16:57.584+0000] {logging_mixin.py:188} INFO - Uploaded /tmp/minio_downloads/customers_190603796704.parquet -> @customers stage
[2026-07-04T15:16:58.049+0000] {logging_mixin.py:188} INFO - Uploaded /tmp/minio_downloads/customers_190603881793.parquet -> @customers stage
[2026-07-04T15:16:58.464+0000] {logging_mixin.py:188} INFO - Uploaded /tmp/minio_downloads/customers_190603963319.parquet -> @customers stage
[2026-07-04T15:16:58.874+0000] {logging_mixin.py:188} INFO - Uploaded /tmp/minio_downloads/customers_190604047318.parquet -> @customers stage
[2026-07-04T15:16:59.283+0000] {logging_mixin.py:188} INFO - Uploaded /tmp/minio_downloads/customers_190604147440.parquet -> @customers stage
[2026-07-04T15:16:59.693+0000] {logging_mixin.py:188} INFO - Uploaded /tmp/minio_downloads/customers_190604238914.parquet -> @customers stage
[2026-07-04T15:17:00.066+0000] {logging_mixin.py:188} INFO - Uploaded /tmp/minio_downloads/customers_190604336354.parquet -> @customers stage
[2026-07-04T15:17:00.487+0000] {logging_mixin.py:188} INFO - Uploaded /tmp/minio_downloads/customers_190604431344.parquet -> @customers stage
[2026-07-04T15:17:00.923+0000] {logging_mixin.py:188} INFO - Uploaded /tmp/minio_downloads/customers_190604532238.parquet -> @customers stage
[2026-07-04T15:17:01.330+0000] {logging_mixin.py:188} INFO - Uploaded /tmp/minio_downloads/customers_190604640638.parquet -> @customers stage
[2026-07-04T15:17:01.842+0000] {logging_mixin.py:188} INFO - Uploaded /tmp/minio_downloads/customers_190604745426.parquet -> @customers stage
[2026-07-04T15:17:02.259+0000] {logging_mixin.py:188} INFO - Uploaded /tmp/minio_downloads/customers_190604853795.parquet -> @customers stage
[2026-07-04T15:17:02.661+0000] {logging_mixin.py:188} INFO - Uploaded /tmp/minio_downloads/customers_190604949876.parquet -> @customers stage
[2026-07-04T15:17:03.069+0000] {logging_mixin.py:188} INFO - Uploaded /tmp/minio_downloads/customers_190605047664.parquet -> @customers stage
[2026-07-04T15:17:03.478+0000] {logging_mixin.py:188} INFO - Uploaded /tmp/minio_downloads/customers_190605151340.parquet -> @customers stage
[2026-07-04T15:17:03.892+0000] {logging_mixin.py:188} INFO - Uploaded /tmp/minio_downloads/customers_190605242379.parquet -> @customers stage
[2026-07-04T15:17:04.295+0000] {logging_mixin.py:188} INFO - Uploaded /tmp/minio_downloads/customers_190605328123.parquet -> @customers stage
[2026-07-04T15:17:04.705+0000] {logging_mixin.py:188} INFO - Uploaded /tmp/minio_downloads/customers_190605429788.parquet -> @customers stage
[2026-07-04T15:17:05.118+0000] {logging_mixin.py:188} INFO - Uploaded /tmp/minio_downloads/customers_190605514488.parquet -> @customers stage
[2026-07-04T15:17:05.527+0000] {logging_mixin.py:188} INFO - Uploaded /tmp/minio_downloads/customers_190605675520.parquet -> @customers stage
[2026-07-04T15:17:05.945+0000] {logging_mixin.py:188} INFO - Uploaded /tmp/minio_downloads/customers_190605766443.parquet -> @customers stage
[2026-07-04T15:17:06.345+0000] {logging_mixin.py:188} INFO - Uploaded /tmp/minio_downloads/customers_190605861566.parquet -> @customers stage
[2026-07-04T15:17:06.758+0000] {logging_mixin.py:188} INFO - Uploaded /tmp/minio_downloads/customers_190605946062.parquet -> @customers stage
[2026-07-04T15:17:07.370+0000] {logging_mixin.py:188} INFO - Uploaded /tmp/minio_downloads/customers_190606011561.parquet -> @customers stage
[2026-07-04T15:17:07.783+0000] {logging_mixin.py:188} INFO - Uploaded /tmp/minio_downloads/customers_190606111886.parquet -> @customers stage
[2026-07-04T15:17:08.194+0000] {logging_mixin.py:188} INFO - Uploaded /tmp/minio_downloads/customers_190606214230.parquet -> @customers stage
[2026-07-04T15:17:08.602+0000] {logging_mixin.py:188} INFO - Uploaded /tmp/minio_downloads/customers_190606301360.parquet -> @customers stage
[2026-07-04T15:17:09.015+0000] {logging_mixin.py:188} INFO - Uploaded /tmp/minio_downloads/customers_190606396157.parquet -> @customers stage
[2026-07-04T15:17:09.416+0000] {logging_mixin.py:188} INFO - Uploaded /tmp/minio_downloads/customers_190606472720.parquet -> @customers stage
[2026-07-04T15:17:09.830+0000] {logging_mixin.py:188} INFO - Uploaded /tmp/minio_downloads/customers_190606558971.parquet -> @customers stage
[2026-07-04T15:17:10.234+0000] {logging_mixin.py:188} INFO - Uploaded /tmp/minio_downloads/customers_190606651803.parquet -> @customers stage
[2026-07-04T15:17:10.646+0000] {logging_mixin.py:188} INFO - Uploaded /tmp/minio_downloads/customers_190606758259.parquet -> @customers stage
[2026-07-04T15:17:11.055+0000] {logging_mixin.py:188} INFO - Uploaded /tmp/minio_downloads/customers_190606905015.parquet -> @customers stage
[2026-07-04T15:17:11.976+0000] {logging_mixin.py:188} INFO - Uploaded /tmp/minio_downloads/customers_190606999522.parquet -> @customers stage
[2026-07-04T15:17:12.384+0000] {logging_mixin.py:188} INFO - Uploaded /tmp/minio_downloads/customers_190607098445.parquet -> @customers stage
[2026-07-04T15:17:12.803+0000] {logging_mixin.py:188} INFO - Uploaded /tmp/minio_downloads/customers_190607219767.parquet -> @customers stage
[2026-07-04T15:17:13.202+0000] {logging_mixin.py:188} INFO - Uploaded /tmp/minio_downloads/customers_190607332437.parquet -> @customers stage
[2026-07-04T15:17:13.615+0000] {logging_mixin.py:188} INFO - Uploaded /tmp/minio_downloads/customers_190607429683.parquet -> @customers stage
[2026-07-04T15:17:14.024+0000] {logging_mixin.py:188} INFO - Uploaded /tmp/minio_downloads/customers_190607544099.parquet -> @customers stage
[2026-07-04T15:17:14.434+0000] {logging_mixin.py:188} INFO - Uploaded /tmp/minio_downloads/customers_190607679582.parquet -> @customers stage
[2026-07-04T15:17:14.844+0000] {logging_mixin.py:188} INFO - Uploaded /tmp/minio_downloads/customers_190607821362.parquet -> @customers stage
[2026-07-04T15:17:15.255+0000] {logging_mixin.py:188} INFO - Uploaded /tmp/minio_downloads/customers_190608018780.parquet -> @customers stage
[2026-07-04T15:17:15.663+0000] {logging_mixin.py:188} INFO - Uploaded /tmp/minio_downloads/customers_190608136287.parquet -> @customers stage
[2026-07-04T15:17:16.074+0000] {logging_mixin.py:188} INFO - Uploaded /tmp/minio_downloads/customers_190608245277.parquet -> @customers stage
[2026-07-04T15:17:16.479+0000] {logging_mixin.py:188} INFO - Uploaded /tmp/minio_downloads/customers_190608355024.parquet -> @customers stage
[2026-07-04T15:17:16.892+0000] {logging_mixin.py:188} INFO - Uploaded /tmp/minio_downloads/customers_190608472379.parquet -> @customers stage
[2026-07-04T15:17:17.402+0000] {logging_mixin.py:188} INFO - Uploaded /tmp/minio_downloads/customers_190608572915.parquet -> @customers stage
[2026-07-04T15:17:17.814+0000] {logging_mixin.py:188} INFO - Uploaded /tmp/minio_downloads/customers_190608659517.parquet -> @customers stage
[2026-07-04T15:17:18.328+0000] {logging_mixin.py:188} INFO - Uploaded /tmp/minio_downloads/customers_190608756216.parquet -> @customers stage
[2026-07-04T15:17:18.841+0000] {logging_mixin.py:188} INFO - Uploaded /tmp/minio_downloads/customers_190608849431.parquet -> @customers stage
[2026-07-04T15:17:19.212+0000] {logging_mixin.py:188} INFO - Uploaded /tmp/minio_downloads/customers_190608959528.parquet -> @customers stage
[2026-07-04T15:17:19.760+0000] {logging_mixin.py:188} INFO - Data loaded into customers
[2026-07-04T15:17:20.171+0000] {logging_mixin.py:188} INFO - Uploaded /tmp/minio_downloads/employee_190145692574.parquet -> @employee stage
[2026-07-04T15:17:20.578+0000] {logging_mixin.py:188} INFO - Uploaded /tmp/minio_downloads/employee_190145762981.parquet -> @employee stage
[2026-07-04T15:17:20.991+0000] {logging_mixin.py:188} INFO - Uploaded /tmp/minio_downloads/employee_190145868452.parquet -> @employee stage
[2026-07-04T15:17:21.394+0000] {logging_mixin.py:188} INFO - Uploaded /tmp/minio_downloads/employee_190145954881.parquet -> @employee stage
[2026-07-04T15:17:21.809+0000] {logging_mixin.py:188} INFO - Uploaded /tmp/minio_downloads/employee_190146033939.parquet -> @employee stage
[2026-07-04T15:17:22.217+0000] {logging_mixin.py:188} INFO - Uploaded /tmp/minio_downloads/employee_190146130942.parquet -> @employee stage
[2026-07-04T15:17:22.598+0000] {logging_mixin.py:188} INFO - Uploaded /tmp/minio_downloads/employee_190146207834.parquet -> @employee stage
[2026-07-04T15:17:23.039+0000] {logging_mixin.py:188} INFO - Uploaded /tmp/minio_downloads/employee_190146278037.parquet -> @employee stage
[2026-07-04T15:17:23.449+0000] {logging_mixin.py:188} INFO - Uploaded /tmp/minio_downloads/employee_190146337126.parquet -> @employee stage
[2026-07-04T15:17:23.856+0000] {logging_mixin.py:188} INFO - Uploaded /tmp/minio_downloads/employee_190146392857.parquet -> @employee stage
[2026-07-04T15:17:24.268+0000] {logging_mixin.py:188} INFO - Uploaded /tmp/minio_downloads/employee_190146447575.parquet -> @employee stage
[2026-07-04T15:17:24.678+0000] {logging_mixin.py:188} INFO - Uploaded /tmp/minio_downloads/employee_190146501204.parquet -> @employee stage
[2026-07-04T15:17:25.061+0000] {logging_mixin.py:188} INFO - Uploaded /tmp/minio_downloads/employee_190146558390.parquet -> @employee stage
[2026-07-04T15:17:25.498+0000] {logging_mixin.py:188} INFO - Uploaded /tmp/minio_downloads/employee_190146614441.parquet -> @employee stage
[2026-07-04T15:17:26.008+0000] {logging_mixin.py:188} INFO - Uploaded /tmp/minio_downloads/employee_190146681848.parquet -> @employee stage
[2026-07-04T15:17:26.420+0000] {logging_mixin.py:188} INFO - Uploaded /tmp/minio_downloads/employee_190146738669.parquet -> @employee stage
[2026-07-04T15:17:26.825+0000] {logging_mixin.py:188} INFO - Uploaded /tmp/minio_downloads/employee_190146798734.parquet -> @employee stage
[2026-07-04T15:17:27.233+0000] {logging_mixin.py:188} INFO - Uploaded /tmp/minio_downloads/employee_190146875427.parquet -> @employee stage
[2026-07-04T15:17:27.644+0000] {logging_mixin.py:188} INFO - Uploaded /tmp/minio_downloads/employee_190146939955.parquet -> @employee stage
[2026-07-04T15:17:28.054+0000] {logging_mixin.py:188} INFO - Uploaded /tmp/minio_downloads/employee_190147025286.parquet -> @employee stage
[2026-07-04T15:17:28.465+0000] {logging_mixin.py:188} INFO - Uploaded /tmp/minio_downloads/employee_190147111665.parquet -> @employee stage
[2026-07-04T15:17:28.883+0000] {logging_mixin.py:188} INFO - Uploaded /tmp/minio_downloads/employee_190147203777.parquet -> @employee stage
[2026-07-04T15:17:29.283+0000] {logging_mixin.py:188} INFO - Uploaded /tmp/minio_downloads/employee_190147290890.parquet -> @employee stage
[2026-07-04T15:17:29.698+0000] {logging_mixin.py:188} INFO - Uploaded /tmp/minio_downloads/employee_190147370952.parquet -> @employee stage
[2026-07-04T15:17:30.106+0000] {logging_mixin.py:188} INFO - Uploaded /tmp/minio_downloads/employee_190147437638.parquet -> @employee stage
[2026-07-04T15:17:30.516+0000] {logging_mixin.py:188} INFO - Uploaded /tmp/minio_downloads/employee_190147511911.parquet -> @employee stage
[2026-07-04T15:17:30.925+0000] {logging_mixin.py:188} INFO - Uploaded /tmp/minio_downloads/employee_190147591427.parquet -> @employee stage
[2026-07-04T15:17:31.333+0000] {logging_mixin.py:188} INFO - Uploaded /tmp/minio_downloads/employee_190147656130.parquet -> @employee stage
[2026-07-04T15:17:31.742+0000] {logging_mixin.py:188} INFO - Uploaded /tmp/minio_downloads/employee_190147713350.parquet -> @employee stage
[2026-07-04T15:17:32.151+0000] {logging_mixin.py:188} INFO - Uploaded /tmp/minio_downloads/employee_190147766996.parquet -> @employee stage
[2026-07-04T15:17:32.564+0000] {logging_mixin.py:188} INFO - Uploaded /tmp/minio_downloads/employee_190147840850.parquet -> @employee stage
[2026-07-04T15:17:32.977+0000] {logging_mixin.py:188} INFO - Uploaded /tmp/minio_downloads/employee_190147915555.parquet -> @employee stage
[2026-07-04T15:17:33.380+0000] {logging_mixin.py:188} INFO - Uploaded /tmp/minio_downloads/employee_190148105868.parquet -> @employee stage
[2026-07-04T15:17:33.792+0000] {logging_mixin.py:188} INFO - Uploaded /tmp/minio_downloads/employee_190148259066.parquet -> @employee stage
[2026-07-04T15:17:34.203+0000] {logging_mixin.py:188} INFO - Uploaded /tmp/minio_downloads/employee_190148333210.parquet -> @employee stage
[2026-07-04T15:17:34.609+0000] {logging_mixin.py:188} INFO - Uploaded /tmp/minio_downloads/employee_190148396941.parquet -> @employee stage
[2026-07-04T15:17:35.022+0000] {logging_mixin.py:188} INFO - Uploaded /tmp/minio_downloads/employee_190148458740.parquet -> @employee stage
[2026-07-04T15:17:35.429+0000] {logging_mixin.py:188} INFO - Uploaded /tmp/minio_downloads/employee_190148519465.parquet -> @employee stage
[2026-07-04T15:17:35.844+0000] {logging_mixin.py:188} INFO - Uploaded /tmp/minio_downloads/employee_190148585562.parquet -> @employee stage
[2026-07-04T15:17:36.246+0000] {logging_mixin.py:188} INFO - Uploaded /tmp/minio_downloads/employee_190148667358.parquet -> @employee stage
[2026-07-04T15:17:36.657+0000] {logging_mixin.py:188} INFO - Uploaded /tmp/minio_downloads/employee_190148754428.parquet -> @employee stage
[2026-07-04T15:17:37.066+0000] {logging_mixin.py:188} INFO - Uploaded /tmp/minio_downloads/employee_190148876974.parquet -> @employee stage
[2026-07-04T15:17:37.479+0000] {logging_mixin.py:188} INFO - Uploaded /tmp/minio_downloads/employee_190148978072.parquet -> @employee stage
[2026-07-04T15:17:37.891+0000] {logging_mixin.py:188} INFO - Uploaded /tmp/minio_downloads/employee_190149060218.parquet -> @employee stage
[2026-07-04T15:17:38.299+0000] {logging_mixin.py:188} INFO - Uploaded /tmp/minio_downloads/employee_190149121306.parquet -> @employee stage
[2026-07-04T15:17:38.704+0000] {logging_mixin.py:188} INFO - Uploaded /tmp/minio_downloads/employee_190149185569.parquet -> @employee stage
[2026-07-04T15:17:39.100+0000] {logging_mixin.py:188} INFO - Uploaded /tmp/minio_downloads/employee_190149242077.parquet -> @employee stage
[2026-07-04T15:17:39.523+0000] {logging_mixin.py:188} INFO - Uploaded /tmp/minio_downloads/employee_190149320301.parquet -> @employee stage
[2026-07-04T15:17:39.929+0000] {logging_mixin.py:188} INFO - Uploaded /tmp/minio_downloads/employee_190149407418.parquet -> @employee stage
[2026-07-04T15:17:40.339+0000] {logging_mixin.py:188} INFO - Uploaded /tmp/minio_downloads/employee_190149471699.parquet -> @employee stage
[2026-07-04T15:17:40.748+0000] {logging_mixin.py:188} INFO - Uploaded /tmp/minio_downloads/employee_190149546505.parquet -> @employee stage
[2026-07-04T15:17:41.163+0000] {logging_mixin.py:188} INFO - Uploaded /tmp/minio_downloads/employee_190149666505.parquet -> @employee stage
[2026-07-04T15:17:41.567+0000] {logging_mixin.py:188} INFO - Uploaded /tmp/minio_downloads/employee_190149760192.parquet -> @employee stage
[2026-07-04T15:17:41.982+0000] {logging_mixin.py:188} INFO - Uploaded /tmp/minio_downloads/employee_190149842904.parquet -> @employee stage
[2026-07-04T15:17:42.344+0000] {logging_mixin.py:188} INFO - Uploaded /tmp/minio_downloads/employee_190149918085.parquet -> @employee stage
[2026-07-04T15:17:42.806+0000] {logging_mixin.py:188} INFO - Uploaded /tmp/minio_downloads/employee_190150048036.parquet -> @employee stage
[2026-07-04T15:17:43.205+0000] {logging_mixin.py:188} INFO - Uploaded /tmp/minio_downloads/employee_190150192520.parquet -> @employee stage
[2026-07-04T15:17:43.620+0000] {logging_mixin.py:188} INFO - Uploaded /tmp/minio_downloads/employee_190150273176.parquet -> @employee stage
[2026-07-04T15:17:44.026+0000] {logging_mixin.py:188} INFO - Uploaded /tmp/minio_downloads/employee_190150335796.parquet -> @employee stage
[2026-07-04T15:17:44.438+0000] {logging_mixin.py:188} INFO - Uploaded /tmp/minio_downloads/employee_190150397686.parquet -> @employee stage
[2026-07-04T15:17:44.848+0000] {logging_mixin.py:188} INFO - Uploaded /tmp/minio_downloads/employee_190150494772.parquet -> @employee stage
[2026-07-04T15:17:45.356+0000] {logging_mixin.py:188} INFO - Uploaded /tmp/minio_downloads/employee_190150583129.parquet -> @employee stage
[2026-07-04T15:17:45.770+0000] {logging_mixin.py:188} INFO - Uploaded /tmp/minio_downloads/employee_190150638016.parquet -> @employee stage
[2026-07-04T15:17:46.181+0000] {logging_mixin.py:188} INFO - Uploaded /tmp/minio_downloads/employee_190150693773.parquet -> @employee stage
[2026-07-04T15:17:46.586+0000] {logging_mixin.py:188} INFO - Uploaded /tmp/minio_downloads/employee_190150751563.parquet -> @employee stage
[2026-07-04T15:17:46.995+0000] {logging_mixin.py:188} INFO - Uploaded /tmp/minio_downloads/employee_190150806688.parquet -> @employee stage
[2026-07-04T15:17:47.413+0000] {logging_mixin.py:188} INFO - Uploaded /tmp/minio_downloads/employee_190150875873.parquet -> @employee stage
[2026-07-04T15:17:47.820+0000] {logging_mixin.py:188} INFO - Uploaded /tmp/minio_downloads/employee_190150938217.parquet -> @employee stage
[2026-07-04T15:17:48.330+0000] {logging_mixin.py:188} INFO - Uploaded /tmp/minio_downloads/employee_190151004819.parquet -> @employee stage
[2026-07-04T15:17:48.737+0000] {logging_mixin.py:188} INFO - Uploaded /tmp/minio_downloads/employee_190151068399.parquet -> @employee stage
[2026-07-04T15:17:49.147+0000] {logging_mixin.py:188} INFO - Uploaded /tmp/minio_downloads/employee_190151176055.parquet -> @employee stage
[2026-07-04T15:17:49.560+0000] {logging_mixin.py:188} INFO - Uploaded /tmp/minio_downloads/employee_190151259005.parquet -> @employee stage
[2026-07-04T15:17:49.970+0000] {logging_mixin.py:188} INFO - Uploaded /tmp/minio_downloads/employee_190151342384.parquet -> @employee stage
[2026-07-04T15:17:50.379+0000] {logging_mixin.py:188} INFO - Uploaded /tmp/minio_downloads/employee_190151412241.parquet -> @employee stage
[2026-07-04T15:17:50.790+0000] {logging_mixin.py:188} INFO - Uploaded /tmp/minio_downloads/employee_190151489212.parquet -> @employee stage
[2026-07-04T15:17:51.196+0000] {logging_mixin.py:188} INFO - Uploaded /tmp/minio_downloads/employee_190151577444.parquet -> @employee stage
[2026-07-04T15:17:51.613+0000] {logging_mixin.py:188} INFO - Uploaded /tmp/minio_downloads/employee_190151643685.parquet -> @employee stage
[2026-07-04T15:17:52.014+0000] {logging_mixin.py:188} INFO - Uploaded /tmp/minio_downloads/employee_190151704149.parquet -> @employee stage
[2026-07-04T15:17:52.426+0000] {logging_mixin.py:188} INFO - Uploaded /tmp/minio_downloads/employee_190151759396.parquet -> @employee stage
[2026-07-04T15:17:52.833+0000] {logging_mixin.py:188} INFO - Uploaded /tmp/minio_downloads/employee_190151827403.parquet -> @employee stage
[2026-07-04T15:17:53.244+0000] {logging_mixin.py:188} INFO - Uploaded /tmp/minio_downloads/employee_190151895188.parquet -> @employee stage
[2026-07-04T15:17:53.602+0000] {logging_mixin.py:188} INFO - Uploaded /tmp/minio_downloads/employee_190151975128.parquet -> @employee stage
[2026-07-04T15:17:54.065+0000] {logging_mixin.py:188} INFO - Uploaded /tmp/minio_downloads/employee_190152050455.parquet -> @employee stage
[2026-07-04T15:17:54.478+0000] {logging_mixin.py:188} INFO - Uploaded /tmp/minio_downloads/employee_190152131794.parquet -> @employee stage
[2026-07-04T15:17:54.883+0000] {logging_mixin.py:188} INFO - Uploaded /tmp/minio_downloads/employee_190152207623.parquet -> @employee stage
[2026-07-04T15:17:56.012+0000] {logging_mixin.py:188} INFO - Uploaded /tmp/minio_downloads/employee_190152340774.parquet -> @employee stage
[2026-07-04T15:17:56.393+0000] {logging_mixin.py:188} INFO - Uploaded /tmp/minio_downloads/employee_190152433687.parquet -> @employee stage
[2026-07-04T15:17:56.786+0000] {logging_mixin.py:188} INFO - Uploaded /tmp/minio_downloads/employee_190152521177.parquet -> @employee stage
[2026-07-04T15:17:57.239+0000] {logging_mixin.py:188} INFO - Uploaded /tmp/minio_downloads/employee_190152610125.parquet -> @employee stage
[2026-07-04T15:17:57.719+0000] {logging_mixin.py:188} INFO - Uploaded /tmp/minio_downloads/employee_190152676606.parquet -> @employee stage
[2026-07-04T15:17:58.158+0000] {logging_mixin.py:188} INFO - Uploaded /tmp/minio_downloads/employee_190152729579.parquet -> @employee stage
[2026-07-04T15:17:58.568+0000] {logging_mixin.py:188} INFO - Uploaded /tmp/minio_downloads/employee_190152784699.parquet -> @employee stage
[2026-07-04T15:17:58.980+0000] {logging_mixin.py:188} INFO - Uploaded /tmp/minio_downloads/employee_190152836212.parquet -> @employee stage
[2026-07-04T15:17:59.393+0000] {logging_mixin.py:188} INFO - Uploaded /tmp/minio_downloads/employee_190152888926.parquet -> @employee stage
[2026-07-04T15:17:59.905+0000] {logging_mixin.py:188} INFO - Uploaded /tmp/minio_downloads/employee_190152939048.parquet -> @employee stage
[2026-07-04T15:18:00.310+0000] {logging_mixin.py:188} INFO - Uploaded /tmp/minio_downloads/employee_190152994457.parquet -> @employee stage
[2026-07-04T15:18:00.724+0000] {logging_mixin.py:188} INFO - Uploaded /tmp/minio_downloads/employee_190153054467.parquet -> @employee stage
[2026-07-04T15:18:01.235+0000] {logging_mixin.py:188} INFO - Uploaded /tmp/minio_downloads/employee_190153117863.parquet -> @employee stage
[2026-07-04T15:18:01.743+0000] {logging_mixin.py:188} INFO - Uploaded /tmp/minio_downloads/employee_190153170361.parquet -> @employee stage
[2026-07-04T15:18:02.154+0000] {logging_mixin.py:188} INFO - Uploaded /tmp/minio_downloads/employee_190153223695.parquet -> @employee stage
[2026-07-04T15:18:02.670+0000] {logging_mixin.py:188} INFO - Uploaded /tmp/minio_downloads/employee_190153288399.parquet -> @employee stage
[2026-07-04T15:18:03.080+0000] {logging_mixin.py:188} INFO - Uploaded /tmp/minio_downloads/employee_190153364151.parquet -> @employee stage
[2026-07-04T15:18:03.588+0000] {logging_mixin.py:188} INFO - Uploaded /tmp/minio_downloads/employee_190153431670.parquet -> @employee stage
[2026-07-04T15:18:03.996+0000] {logging_mixin.py:188} INFO - Uploaded /tmp/minio_downloads/employee_190153505292.parquet -> @employee stage
[2026-07-04T15:18:04.410+0000] {logging_mixin.py:188} INFO - Uploaded /tmp/minio_downloads/employee_190153573741.parquet -> @employee stage
[2026-07-04T15:18:04.922+0000] {logging_mixin.py:188} INFO - Uploaded /tmp/minio_downloads/employee_190153653847.parquet -> @employee stage
[2026-07-04T15:18:05.435+0000] {logging_mixin.py:188} INFO - Uploaded /tmp/minio_downloads/employee_190153733896.parquet -> @employee stage
[2026-07-04T15:18:05.943+0000] {logging_mixin.py:188} INFO - Uploaded /tmp/minio_downloads/employee_190153800539.parquet -> @employee stage
[2026-07-04T15:18:06.459+0000] {logging_mixin.py:188} INFO - Uploaded /tmp/minio_downloads/employee_190153854710.parquet -> @employee stage
[2026-07-04T15:18:06.864+0000] {logging_mixin.py:188} INFO - Uploaded /tmp/minio_downloads/employee_190153907894.parquet -> @employee stage
[2026-07-04T15:18:07.273+0000] {logging_mixin.py:188} INFO - Uploaded /tmp/minio_downloads/employee_190153963385.parquet -> @employee stage
[2026-07-04T15:18:07.682+0000] {logging_mixin.py:188} INFO - Uploaded /tmp/minio_downloads/employee_190154023502.parquet -> @employee stage
[2026-07-04T15:18:08.099+0000] {logging_mixin.py:188} INFO - Uploaded /tmp/minio_downloads/employee_190154073173.parquet -> @employee stage
[2026-07-04T15:18:08.609+0000] {logging_mixin.py:188} INFO - Uploaded /tmp/minio_downloads/employee_190154133924.parquet -> @employee stage
[2026-07-04T15:18:09.016+0000] {logging_mixin.py:188} INFO - Uploaded /tmp/minio_downloads/employee_190154186609.parquet -> @employee stage
[2026-07-04T15:18:09.428+0000] {logging_mixin.py:188} INFO - Uploaded /tmp/minio_downloads/employee_190154239277.parquet -> @employee stage
[2026-07-04T15:18:09.934+0000] {logging_mixin.py:188} INFO - Uploaded /tmp/minio_downloads/employee_190154294238.parquet -> @employee stage
[2026-07-04T15:18:10.454+0000] {logging_mixin.py:188} INFO - Uploaded /tmp/minio_downloads/employee_190154428971.parquet -> @employee stage
[2026-07-04T15:18:10.962+0000] {logging_mixin.py:188} INFO - Uploaded /tmp/minio_downloads/employee_190154550888.parquet -> @employee stage
[2026-07-04T15:18:11.473+0000] {logging_mixin.py:188} INFO - Uploaded /tmp/minio_downloads/employee_190154636619.parquet -> @employee stage
[2026-07-04T15:18:11.984+0000] {logging_mixin.py:188} INFO - Uploaded /tmp/minio_downloads/employee_190154715504.parquet -> @employee stage
[2026-07-04T15:18:12.497+0000] {logging_mixin.py:188} INFO - Uploaded /tmp/minio_downloads/employee_190154782171.parquet -> @employee stage
[2026-07-04T15:18:13.008+0000] {logging_mixin.py:188} INFO - Uploaded /tmp/minio_downloads/employee_190154845824.parquet -> @employee stage
[2026-07-04T15:18:13.521+0000] {logging_mixin.py:188} INFO - Uploaded /tmp/minio_downloads/employee_190154911010.parquet -> @employee stage
[2026-07-04T15:18:14.032+0000] {logging_mixin.py:188} INFO - Uploaded /tmp/minio_downloads/employee_190154967119.parquet -> @employee stage
[2026-07-04T15:18:14.645+0000] {logging_mixin.py:188} INFO - Uploaded /tmp/minio_downloads/employee_190155021623.parquet -> @employee stage
[2026-07-04T15:18:15.053+0000] {logging_mixin.py:188} INFO - Uploaded /tmp/minio_downloads/employee_190155076089.parquet -> @employee stage
[2026-07-04T15:18:15.465+0000] {logging_mixin.py:188} INFO - Uploaded /tmp/minio_downloads/employee_190155132764.parquet -> @employee stage
[2026-07-04T15:18:15.977+0000] {logging_mixin.py:188} INFO - Uploaded /tmp/minio_downloads/employee_190155197937.parquet -> @employee stage
[2026-07-04T15:18:16.468+0000] {logging_mixin.py:188} INFO - Uploaded /tmp/minio_downloads/employee_190155259242.parquet -> @employee stage
[2026-07-04T15:18:16.877+0000] {logging_mixin.py:188} INFO - Uploaded /tmp/minio_downloads/employee_190155316695.parquet -> @employee stage
[2026-07-04T15:18:17.310+0000] {logging_mixin.py:188} INFO - Uploaded /tmp/minio_downloads/employee_190155379259.parquet -> @employee stage
[2026-07-04T15:18:17.786+0000] {logging_mixin.py:188} INFO - Uploaded /tmp/minio_downloads/employee_190155445525.parquet -> @employee stage
[2026-07-04T15:18:18.227+0000] {logging_mixin.py:188} INFO - Uploaded /tmp/minio_downloads/employee_190155514218.parquet -> @employee stage
[2026-07-04T15:18:18.637+0000] {logging_mixin.py:188} INFO - Uploaded /tmp/minio_downloads/employee_190155579951.parquet -> @employee stage
[2026-07-04T15:18:19.047+0000] {logging_mixin.py:188} INFO - Uploaded /tmp/minio_downloads/employee_190155703475.parquet -> @employee stage
[2026-07-04T15:18:19.457+0000] {logging_mixin.py:188} INFO - Uploaded /tmp/minio_downloads/employee_190155915956.parquet -> @employee stage
[2026-07-04T15:18:19.867+0000] {logging_mixin.py:188} INFO - Uploaded /tmp/minio_downloads/employee_190156042507.parquet -> @employee stage
[2026-07-04T15:18:20.277+0000] {logging_mixin.py:188} INFO - Uploaded /tmp/minio_downloads/employee_190156129115.parquet -> @employee stage
[2026-07-04T15:18:20.793+0000] {logging_mixin.py:188} INFO - Uploaded /tmp/minio_downloads/employee_190156648086.parquet -> @employee stage
[2026-07-04T15:18:21.200+0000] {logging_mixin.py:188} INFO - Uploaded /tmp/minio_downloads/employee_190156718011.parquet -> @employee stage
[2026-07-04T15:18:21.714+0000] {logging_mixin.py:188} INFO - Uploaded /tmp/minio_downloads/employee_190156773655.parquet -> @employee stage
[2026-07-04T15:18:22.225+0000] {logging_mixin.py:188} INFO - Uploaded /tmp/minio_downloads/employee_190156829763.parquet -> @employee stage
[2026-07-04T15:18:22.600+0000] {logging_mixin.py:188} INFO - Uploaded /tmp/minio_downloads/employee_190156907142.parquet -> @employee stage
[2026-07-04T15:18:23.048+0000] {logging_mixin.py:188} INFO - Uploaded /tmp/minio_downloads/employee_190156970853.parquet -> @employee stage
[2026-07-04T15:18:23.560+0000] {logging_mixin.py:188} INFO - Uploaded /tmp/minio_downloads/employee_190157053636.parquet -> @employee stage
[2026-07-04T15:18:23.964+0000] {logging_mixin.py:188} INFO - Uploaded /tmp/minio_downloads/employee_190157136056.parquet -> @employee stage
[2026-07-04T15:18:24.481+0000] {logging_mixin.py:188} INFO - Uploaded /tmp/minio_downloads/employee_190157219068.parquet -> @employee stage
[2026-07-04T15:18:24.992+0000] {logging_mixin.py:188} INFO - Uploaded /tmp/minio_downloads/employee_190157263796.parquet -> @employee stage
[2026-07-04T15:18:25.501+0000] {logging_mixin.py:188} INFO - Uploaded /tmp/minio_downloads/employee_190157332503.parquet -> @employee stage
[2026-07-04T15:18:25.911+0000] {logging_mixin.py:188} INFO - Uploaded /tmp/minio_downloads/employee_190157383194.parquet -> @employee stage
[2026-07-04T15:18:26.326+0000] {logging_mixin.py:188} INFO - Uploaded /tmp/minio_downloads/employee_190157430507.parquet -> @employee stage
[2026-07-04T15:18:26.832+0000] {logging_mixin.py:188} INFO - Uploaded /tmp/minio_downloads/employee_190157499330.parquet -> @employee stage
[2026-07-04T15:18:27.344+0000] {logging_mixin.py:188} INFO - Uploaded /tmp/minio_downloads/employee_190157552455.parquet -> @employee stage
[2026-07-04T15:18:27.858+0000] {logging_mixin.py:188} INFO - Uploaded /tmp/minio_downloads/employee_190157611392.parquet -> @employee stage
[2026-07-04T15:18:28.268+0000] {logging_mixin.py:188} INFO - Uploaded /tmp/minio_downloads/employee_190157659326.parquet -> @employee stage
[2026-07-04T15:18:28.761+0000] {logging_mixin.py:188} INFO - Uploaded /tmp/minio_downloads/employee_190157728444.parquet -> @employee stage
[2026-07-04T15:18:29.121+0000] {logging_mixin.py:188} INFO - Uploaded /tmp/minio_downloads/employee_190157819182.parquet -> @employee stage
[2026-07-04T15:18:29.601+0000] {logging_mixin.py:188} INFO - Uploaded /tmp/minio_downloads/employee_190157899249.parquet -> @employee stage
[2026-07-04T15:18:30.012+0000] {logging_mixin.py:188} INFO - Uploaded /tmp/minio_downloads/employee_190157972007.parquet -> @employee stage
[2026-07-04T15:18:30.529+0000] {logging_mixin.py:188} INFO - Uploaded /tmp/minio_downloads/employee_190158034529.parquet -> @employee stage
[2026-07-04T15:18:30.929+0000] {logging_mixin.py:188} INFO - Uploaded /tmp/minio_downloads/employee_190158132639.parquet -> @employee stage
[2026-07-04T15:18:31.443+0000] {logging_mixin.py:188} INFO - Uploaded /tmp/minio_downloads/employee_190158217409.parquet -> @employee stage
[2026-07-04T15:18:31.953+0000] {logging_mixin.py:188} INFO - Uploaded /tmp/minio_downloads/employee_190158280323.parquet -> @employee stage
[2026-07-04T15:18:32.469+0000] {logging_mixin.py:188} INFO - Uploaded /tmp/minio_downloads/employee_190158347963.parquet -> @employee stage
[2026-07-04T15:18:32.878+0000] {logging_mixin.py:188} INFO - Uploaded /tmp/minio_downloads/employee_190158400082.parquet -> @employee stage
[2026-07-04T15:18:33.294+0000] {logging_mixin.py:188} INFO - Uploaded /tmp/minio_downloads/employee_190158460061.parquet -> @employee stage
[2026-07-04T15:18:33.800+0000] {logging_mixin.py:188} INFO - Uploaded /tmp/minio_downloads/employee_190158513552.parquet -> @employee stage
[2026-07-04T15:18:34.307+0000] {logging_mixin.py:188} INFO - Uploaded /tmp/minio_downloads/employee_190158569088.parquet -> @employee stage
[2026-07-04T15:18:34.821+0000] {logging_mixin.py:188} INFO - Uploaded /tmp/minio_downloads/employee_190158630288.parquet -> @employee stage
[2026-07-04T15:18:35.231+0000] {logging_mixin.py:188} INFO - Uploaded /tmp/minio_downloads/employee_190158683455.parquet -> @employee stage
[2026-07-04T15:18:35.640+0000] {logging_mixin.py:188} INFO - Uploaded /tmp/minio_downloads/employee_190158751637.parquet -> @employee stage
[2026-07-04T15:18:36.060+0000] {logging_mixin.py:188} INFO - Uploaded /tmp/minio_downloads/employee_190158835269.parquet -> @employee stage
[2026-07-04T15:18:36.566+0000] {logging_mixin.py:188} INFO - Uploaded /tmp/minio_downloads/employee_190158911562.parquet -> @employee stage
[2026-07-04T15:18:36.977+0000] {logging_mixin.py:188} INFO - Uploaded /tmp/minio_downloads/employee_190158975075.parquet -> @employee stage
[2026-07-04T15:18:37.483+0000] {logging_mixin.py:188} INFO - Uploaded /tmp/minio_downloads/employee_190159036807.parquet -> @employee stage
[2026-07-04T15:18:37.893+0000] {logging_mixin.py:188} INFO - Uploaded /tmp/minio_downloads/employee_190159100635.parquet -> @employee stage
[2026-07-04T15:18:38.404+0000] {logging_mixin.py:188} INFO - Uploaded /tmp/minio_downloads/employee_190159163711.parquet -> @employee stage
[2026-07-04T15:18:38.812+0000] {logging_mixin.py:188} INFO - Uploaded /tmp/minio_downloads/employee_190159220486.parquet -> @employee stage
[2026-07-04T15:18:39.223+0000] {logging_mixin.py:188} INFO - Uploaded /tmp/minio_downloads/employee_190159272610.parquet -> @employee stage
[2026-07-04T15:18:39.632+0000] {logging_mixin.py:188} INFO - Uploaded /tmp/minio_downloads/employee_190159325801.parquet -> @employee stage
[2026-07-04T15:18:40.144+0000] {logging_mixin.py:188} INFO - Uploaded /tmp/minio_downloads/employee_190159378992.parquet -> @employee stage
[2026-07-04T15:18:40.654+0000] {logging_mixin.py:188} INFO - Uploaded /tmp/minio_downloads/employee_190159431121.parquet -> @employee stage
[2026-07-04T15:18:41.168+0000] {logging_mixin.py:188} INFO - Uploaded /tmp/minio_downloads/employee_190159493936.parquet -> @employee stage
[2026-07-04T15:18:41.677+0000] {logging_mixin.py:188} INFO - Uploaded /tmp/minio_downloads/employee_190159553877.parquet -> @employee stage
[2026-07-04T15:18:42.092+0000] {logging_mixin.py:188} INFO - Uploaded /tmp/minio_downloads/employee_190159621723.parquet -> @employee stage
[2026-07-04T15:18:42.599+0000] {logging_mixin.py:188} INFO - Uploaded /tmp/minio_downloads/employee_190159686217.parquet -> @employee stage
[2026-07-04T15:18:43.010+0000] {logging_mixin.py:188} INFO - Uploaded /tmp/minio_downloads/employee_190159749692.parquet -> @employee stage
[2026-07-04T15:18:43.424+0000] {logging_mixin.py:188} INFO - Uploaded /tmp/minio_downloads/employee_190159805756.parquet -> @employee stage
[2026-07-04T15:18:44.036+0000] {logging_mixin.py:188} INFO - Uploaded /tmp/minio_downloads/employee_190159880524.parquet -> @employee stage
[2026-07-04T15:18:44.447+0000] {logging_mixin.py:188} INFO - Uploaded /tmp/minio_downloads/employee_190159956293.parquet -> @employee stage
[2026-07-04T15:18:44.852+0000] {logging_mixin.py:188} INFO - Uploaded /tmp/minio_downloads/employee_190200029554.parquet -> @employee stage
[2026-07-04T15:18:45.371+0000] {logging_mixin.py:188} INFO - Uploaded /tmp/minio_downloads/employee_190200100098.parquet -> @employee stage
[2026-07-04T15:18:45.880+0000] {logging_mixin.py:188} INFO - Uploaded /tmp/minio_downloads/employee_190200163706.parquet -> @employee stage
[2026-07-04T15:18:46.388+0000] {logging_mixin.py:188} INFO - Uploaded /tmp/minio_downloads/employee_190200223334.parquet -> @employee stage
[2026-07-04T15:18:46.798+0000] {logging_mixin.py:188} INFO - Uploaded /tmp/minio_downloads/employee_190200286259.parquet -> @employee stage
[2026-07-04T15:18:47.212+0000] {logging_mixin.py:188} INFO - Uploaded /tmp/minio_downloads/employee_190200355795.parquet -> @employee stage
[2026-07-04T15:18:47.724+0000] {logging_mixin.py:188} INFO - Uploaded /tmp/minio_downloads/employee_190200446254.parquet -> @employee stage
[2026-07-04T15:18:48.237+0000] {logging_mixin.py:188} INFO - Uploaded /tmp/minio_downloads/employee_190200554902.parquet -> @employee stage
[2026-07-04T15:18:48.752+0000] {logging_mixin.py:188} INFO - Uploaded /tmp/minio_downloads/employee_190200642263.parquet -> @employee stage
[2026-07-04T15:18:49.259+0000] {logging_mixin.py:188} INFO - Uploaded /tmp/minio_downloads/employee_190200699345.parquet -> @employee stage
[2026-07-04T15:18:49.670+0000] {logging_mixin.py:188} INFO - Uploaded /tmp/minio_downloads/employee_190200764477.parquet -> @employee stage
[2026-07-04T15:18:50.182+0000] {logging_mixin.py:188} INFO - Uploaded /tmp/minio_downloads/employee_190200830574.parquet -> @employee stage
[2026-07-04T15:18:50.690+0000] {logging_mixin.py:188} INFO - Uploaded /tmp/minio_downloads/employee_190200895662.parquet -> @employee stage
[2026-07-04T15:18:51.202+0000] {logging_mixin.py:188} INFO - Uploaded /tmp/minio_downloads/employee_190200964703.parquet -> @employee stage
[2026-07-04T15:18:51.714+0000] {logging_mixin.py:188} INFO - Uploaded /tmp/minio_downloads/employee_190201030829.parquet -> @employee stage
[2026-07-04T15:18:52.226+0000] {logging_mixin.py:188} INFO - Uploaded /tmp/minio_downloads/employee_190201089586.parquet -> @employee stage
[2026-07-04T15:18:52.738+0000] {logging_mixin.py:188} INFO - Uploaded /tmp/minio_downloads/employee_190201150448.parquet -> @employee stage
[2026-07-04T15:18:53.250+0000] {logging_mixin.py:188} INFO - Uploaded /tmp/minio_downloads/employee_190201217292.parquet -> @employee stage
[2026-07-04T15:18:53.664+0000] {logging_mixin.py:188} INFO - Uploaded /tmp/minio_downloads/employee_190201294160.parquet -> @employee stage
[2026-07-04T15:18:54.178+0000] {logging_mixin.py:188} INFO - Uploaded /tmp/minio_downloads/employee_190201357739.parquet -> @employee stage
[2026-07-04T15:18:54.583+0000] {logging_mixin.py:188} INFO - Uploaded /tmp/minio_downloads/employee_190201417675.parquet -> @employee stage
[2026-07-04T15:18:54.996+0000] {logging_mixin.py:188} INFO - Uploaded /tmp/minio_downloads/employee_190201484075.parquet -> @employee stage
[2026-07-04T15:18:55.507+0000] {logging_mixin.py:188} INFO - Uploaded /tmp/minio_downloads/employee_190201555708.parquet -> @employee stage
[2026-07-04T15:18:55.917+0000] {logging_mixin.py:188} INFO - Uploaded /tmp/minio_downloads/employee_190201645465.parquet -> @employee stage
[2026-07-04T15:18:56.428+0000] {logging_mixin.py:188} INFO - Uploaded /tmp/minio_downloads/employee_190201713203.parquet -> @employee stage
[2026-07-04T15:18:56.835+0000] {logging_mixin.py:188} INFO - Uploaded /tmp/minio_downloads/employee_190201787222.parquet -> @employee stage
[2026-07-04T15:18:57.245+0000] {logging_mixin.py:188} INFO - Uploaded /tmp/minio_downloads/employee_190201877221.parquet -> @employee stage
[2026-07-04T15:18:57.663+0000] {logging_mixin.py:188} INFO - Uploaded /tmp/minio_downloads/employee_190201967911.parquet -> @employee stage
[2026-07-04T15:18:58.069+0000] {logging_mixin.py:188} INFO - Uploaded /tmp/minio_downloads/employee_190202048215.parquet -> @employee stage
[2026-07-04T15:18:58.457+0000] {logging_mixin.py:188} INFO - Uploaded /tmp/minio_downloads/employee_190202141987.parquet -> @employee stage
[2026-07-04T15:18:58.835+0000] {logging_mixin.py:188} INFO - Uploaded /tmp/minio_downloads/employee_190202213680.parquet -> @employee stage
[2026-07-04T15:18:59.294+0000] {logging_mixin.py:188} INFO - Uploaded /tmp/minio_downloads/employee_190202297905.parquet -> @employee stage
[2026-07-04T15:18:59.703+0000] {logging_mixin.py:188} INFO - Uploaded /tmp/minio_downloads/employee_190202380311.parquet -> @employee stage
[2026-07-04T15:19:00.625+0000] {logging_mixin.py:188} INFO - Uploaded /tmp/minio_downloads/employee_190202444934.parquet -> @employee stage
[2026-07-04T15:19:01.039+0000] {logging_mixin.py:188} INFO - Uploaded /tmp/minio_downloads/employee_190202514345.parquet -> @employee stage
[2026-07-04T15:19:01.444+0000] {logging_mixin.py:188} INFO - Uploaded /tmp/minio_downloads/employee_190202576732.parquet -> @employee stage
[2026-07-04T15:19:01.853+0000] {logging_mixin.py:188} INFO - Uploaded /tmp/minio_downloads/employee_190202654504.parquet -> @employee stage
[2026-07-04T15:19:02.267+0000] {logging_mixin.py:188} INFO - Uploaded /tmp/minio_downloads/employee_190202734094.parquet -> @employee stage
[2026-07-04T15:19:02.779+0000] {logging_mixin.py:188} INFO - Uploaded /tmp/minio_downloads/employee_190202812439.parquet -> @employee stage
[2026-07-04T15:19:03.290+0000] {logging_mixin.py:188} INFO - Uploaded /tmp/minio_downloads/employee_190202886165.parquet -> @employee stage
[2026-07-04T15:19:03.701+0000] {logging_mixin.py:188} INFO - Uploaded /tmp/minio_downloads/employee_190202963861.parquet -> @employee stage
[2026-07-04T15:19:04.107+0000] {logging_mixin.py:188} INFO - Uploaded /tmp/minio_downloads/employee_190203036278.parquet -> @employee stage
[2026-07-04T15:19:04.517+0000] {logging_mixin.py:188} INFO - Uploaded /tmp/minio_downloads/employee_190203114550.parquet -> @employee stage
[2026-07-04T15:19:05.028+0000] {logging_mixin.py:188} INFO - Uploaded /tmp/minio_downloads/employee_190203223519.parquet -> @employee stage
[2026-07-04T15:19:05.436+0000] {logging_mixin.py:188} INFO - Uploaded /tmp/minio_downloads/employee_190203319893.parquet -> @employee stage
[2026-07-04T15:19:05.848+0000] {logging_mixin.py:188} INFO - Uploaded /tmp/minio_downloads/employee_190203405321.parquet -> @employee stage
[2026-07-04T15:19:06.259+0000] {logging_mixin.py:188} INFO - Uploaded /tmp/minio_downloads/employee_190203490272.parquet -> @employee stage
[2026-07-04T15:19:06.774+0000] {logging_mixin.py:188} INFO - Uploaded /tmp/minio_downloads/employee_190203571285.parquet -> @employee stage
[2026-07-04T15:19:07.180+0000] {logging_mixin.py:188} INFO - Uploaded /tmp/minio_downloads/employee_190203652824.parquet -> @employee stage
[2026-07-04T15:19:07.692+0000] {logging_mixin.py:188} INFO - Uploaded /tmp/minio_downloads/employee_190203774989.parquet -> @employee stage
[2026-07-04T15:19:08.206+0000] {logging_mixin.py:188} INFO - Uploaded /tmp/minio_downloads/employee_190203877218.parquet -> @employee stage
[2026-07-04T15:19:08.718+0000] {logging_mixin.py:188} INFO - Uploaded /tmp/minio_downloads/employee_190203956597.parquet -> @employee stage
[2026-07-04T15:19:09.227+0000] {logging_mixin.py:188} INFO - Uploaded /tmp/minio_downloads/employee_190204045509.parquet -> @employee stage
[2026-07-04T15:19:09.632+0000] {logging_mixin.py:188} INFO - Uploaded /tmp/minio_downloads/employee_190204145393.parquet -> @employee stage
[2026-07-04T15:19:10.040+0000] {logging_mixin.py:188} INFO - Uploaded /tmp/minio_downloads/employee_190204339396.parquet -> @employee stage
[2026-07-04T15:19:10.551+0000] {logging_mixin.py:188} INFO - Uploaded /tmp/minio_downloads/employee_190204470281.parquet -> @employee stage
[2026-07-04T15:19:10.967+0000] {logging_mixin.py:188} INFO - Uploaded /tmp/minio_downloads/employee_190204555268.parquet -> @employee stage
[2026-07-04T15:19:11.475+0000] {logging_mixin.py:188} INFO - Uploaded /tmp/minio_downloads/employee_190204647451.parquet -> @employee stage
[2026-07-04T15:19:11.992+0000] {logging_mixin.py:188} INFO - Uploaded /tmp/minio_downloads/employee_190204739447.parquet -> @employee stage
[2026-07-04T15:19:12.400+0000] {logging_mixin.py:188} INFO - Uploaded /tmp/minio_downloads/employee_190204829744.parquet -> @employee stage
[2026-07-04T15:19:12.910+0000] {logging_mixin.py:188} INFO - Uploaded /tmp/minio_downloads/employee_190204914570.parquet -> @employee stage
[2026-07-04T15:19:13.422+0000] {logging_mixin.py:188} INFO - Uploaded /tmp/minio_downloads/employee_190205005508.parquet -> @employee stage
[2026-07-04T15:19:13.838+0000] {logging_mixin.py:188} INFO - Uploaded /tmp/minio_downloads/employee_190205092068.parquet -> @employee stage
[2026-07-04T15:19:14.343+0000] {logging_mixin.py:188} INFO - Uploaded /tmp/minio_downloads/employee_190205182770.parquet -> @employee stage
[2026-07-04T15:19:14.753+0000] {logging_mixin.py:188} INFO - Uploaded /tmp/minio_downloads/employee_190205264201.parquet -> @employee stage
[2026-07-04T15:19:15.266+0000] {logging_mixin.py:188} INFO - Uploaded /tmp/minio_downloads/employee_190205353171.parquet -> @employee stage
[2026-07-04T15:19:15.677+0000] {logging_mixin.py:188} INFO - Uploaded /tmp/minio_downloads/employee_190205446954.parquet -> @employee stage
[2026-07-04T15:19:16.190+0000] {logging_mixin.py:188} INFO - Uploaded /tmp/minio_downloads/employee_190205531132.parquet -> @employee stage
[2026-07-04T15:19:16.697+0000] {logging_mixin.py:188} INFO - Uploaded /tmp/minio_downloads/employee_190205615696.parquet -> @employee stage
[2026-07-04T15:19:17.112+0000] {logging_mixin.py:188} INFO - Uploaded /tmp/minio_downloads/employee_190205718039.parquet -> @employee stage
[2026-07-04T15:19:17.522+0000] {logging_mixin.py:188} INFO - Uploaded /tmp/minio_downloads/employee_190205807414.parquet -> @employee stage
[2026-07-04T15:19:17.931+0000] {logging_mixin.py:188} INFO - Uploaded /tmp/minio_downloads/employee_190205888993.parquet -> @employee stage
[2026-07-04T15:19:18.442+0000] {logging_mixin.py:188} INFO - Uploaded /tmp/minio_downloads/employee_190205984434.parquet -> @employee stage
[2026-07-04T15:19:18.950+0000] {logging_mixin.py:188} INFO - Uploaded /tmp/minio_downloads/employee_190206086367.parquet -> @employee stage
[2026-07-04T15:19:19.365+0000] {logging_mixin.py:188} INFO - Uploaded /tmp/minio_downloads/employee_190206172789.parquet -> @employee stage
[2026-07-04T15:19:19.775+0000] {logging_mixin.py:188} INFO - Uploaded /tmp/minio_downloads/employee_190206259958.parquet -> @employee stage
[2026-07-04T15:19:20.286+0000] {logging_mixin.py:188} INFO - Uploaded /tmp/minio_downloads/employee_190206349570.parquet -> @employee stage
[2026-07-04T15:19:20.696+0000] {logging_mixin.py:188} INFO - Uploaded /tmp/minio_downloads/employee_190206442993.parquet -> @employee stage
[2026-07-04T15:19:21.103+0000] {logging_mixin.py:188} INFO - Uploaded /tmp/minio_downloads/employee_190206581479.parquet -> @employee stage
[2026-07-04T15:19:21.513+0000] {logging_mixin.py:188} INFO - Uploaded /tmp/minio_downloads/employee_190206718007.parquet -> @employee stage
[2026-07-04T15:19:22.025+0000] {logging_mixin.py:188} INFO - Uploaded /tmp/minio_downloads/employee_190206836597.parquet -> @employee stage
[2026-07-04T15:19:22.539+0000] {logging_mixin.py:188} INFO - Uploaded /tmp/minio_downloads/employee_190206931361.parquet -> @employee stage
[2026-07-04T15:19:23.051+0000] {logging_mixin.py:188} INFO - Uploaded /tmp/minio_downloads/employee_190207004304.parquet -> @employee stage
[2026-07-04T15:19:23.562+0000] {logging_mixin.py:188} INFO - Uploaded /tmp/minio_downloads/employee_190207123765.parquet -> @employee stage
[2026-07-04T15:19:24.077+0000] {logging_mixin.py:188} INFO - Uploaded /tmp/minio_downloads/employee_190207249812.parquet -> @employee stage
[2026-07-04T15:19:24.497+0000] {logging_mixin.py:188} INFO - Uploaded /tmp/minio_downloads/employee_190207339858.parquet -> @employee stage
[2026-07-04T15:19:25.001+0000] {logging_mixin.py:188} INFO - Uploaded /tmp/minio_downloads/employee_190207429221.parquet -> @employee stage
[2026-07-04T15:19:25.509+0000] {logging_mixin.py:188} INFO - Uploaded /tmp/minio_downloads/employee_190207522608.parquet -> @employee stage
[2026-07-04T15:19:25.920+0000] {logging_mixin.py:188} INFO - Uploaded /tmp/minio_downloads/employee_190207687415.parquet -> @employee stage
[2026-07-04T15:19:26.397+0000] {logging_mixin.py:188} INFO - Uploaded /tmp/minio_downloads/employee_190207770879.parquet -> @employee stage
[2026-07-04T15:19:26.843+0000] {logging_mixin.py:188} INFO - Uploaded /tmp/minio_downloads/employee_190207879182.parquet -> @employee stage
[2026-07-04T15:19:27.352+0000] {logging_mixin.py:188} INFO - Uploaded /tmp/minio_downloads/employee_190207963983.parquet -> @employee stage
[2026-07-04T15:19:27.867+0000] {logging_mixin.py:188} INFO - Uploaded /tmp/minio_downloads/employee_190208031932.parquet -> @employee stage
[2026-07-04T15:19:28.380+0000] {logging_mixin.py:188} INFO - Uploaded /tmp/minio_downloads/employee_190208122316.parquet -> @employee stage
[2026-07-04T15:19:28.888+0000] {logging_mixin.py:188} INFO - Uploaded /tmp/minio_downloads/employee_190208203028.parquet -> @employee stage
[2026-07-04T15:19:29.379+0000] {logging_mixin.py:188} INFO - Uploaded /tmp/minio_downloads/employee_190208273011.parquet -> @employee stage
[2026-07-04T15:19:29.813+0000] {logging_mixin.py:188} INFO - Uploaded /tmp/minio_downloads/employee_190208337717.parquet -> @employee stage
[2026-07-04T15:19:30.325+0000] {logging_mixin.py:188} INFO - Uploaded /tmp/minio_downloads/employee_190208438964.parquet -> @employee stage
[2026-07-04T15:19:30.731+0000] {logging_mixin.py:188} INFO - Uploaded /tmp/minio_downloads/employee_190208512878.parquet -> @employee stage
[2026-07-04T15:19:31.145+0000] {logging_mixin.py:188} INFO - Uploaded /tmp/minio_downloads/employee_190208614046.parquet -> @employee stage
[2026-07-04T15:19:31.550+0000] {logging_mixin.py:188} INFO - Uploaded /tmp/minio_downloads/employee_190208737256.parquet -> @employee stage
[2026-07-04T15:19:31.960+0000] {logging_mixin.py:188} INFO - Uploaded /tmp/minio_downloads/employee_190208827984.parquet -> @employee stage
[2026-07-04T15:19:32.374+0000] {logging_mixin.py:188} INFO - Uploaded /tmp/minio_downloads/employee_190208941107.parquet -> @employee stage
[2026-07-04T15:19:32.881+0000] {logging_mixin.py:188} INFO - Uploaded /tmp/minio_downloads/employee_190209030304.parquet -> @employee stage
[2026-07-04T15:19:33.291+0000] {logging_mixin.py:188} INFO - Uploaded /tmp/minio_downloads/employee_190209110086.parquet -> @employee stage
[2026-07-04T15:19:33.706+0000] {logging_mixin.py:188} INFO - Uploaded /tmp/minio_downloads/employee_190209181174.parquet -> @employee stage
[2026-07-04T15:19:34.222+0000] {logging_mixin.py:188} INFO - Uploaded /tmp/minio_downloads/employee_190209266508.parquet -> @employee stage
[2026-07-04T15:19:34.724+0000] {logging_mixin.py:188} INFO - Uploaded /tmp/minio_downloads/employee_190209355145.parquet -> @employee stage
[2026-07-04T15:19:35.135+0000] {logging_mixin.py:188} INFO - Uploaded /tmp/minio_downloads/employee_190209445559.parquet -> @employee stage
[2026-07-04T15:19:35.549+0000] {logging_mixin.py:188} INFO - Uploaded /tmp/minio_downloads/employee_190209525562.parquet -> @employee stage
[2026-07-04T15:19:35.957+0000] {logging_mixin.py:188} INFO - Uploaded /tmp/minio_downloads/employee_190209631219.parquet -> @employee stage
[2026-07-04T15:19:36.367+0000] {logging_mixin.py:188} INFO - Uploaded /tmp/minio_downloads/employee_190209723861.parquet -> @employee stage
[2026-07-04T15:19:36.880+0000] {logging_mixin.py:188} INFO - Uploaded /tmp/minio_downloads/employee_190209814318.parquet -> @employee stage
[2026-07-04T15:19:37.389+0000] {logging_mixin.py:188} INFO - Uploaded /tmp/minio_downloads/employee_190209902643.parquet -> @employee stage
[2026-07-04T15:19:37.800+0000] {logging_mixin.py:188} INFO - Uploaded /tmp/minio_downloads/employee_190209972474.parquet -> @employee stage
[2026-07-04T15:19:38.309+0000] {logging_mixin.py:188} INFO - Uploaded /tmp/minio_downloads/employee_190210068452.parquet -> @employee stage
[2026-07-04T15:19:38.821+0000] {logging_mixin.py:188} INFO - Uploaded /tmp/minio_downloads/employee_190210172528.parquet -> @employee stage
[2026-07-04T15:19:39.231+0000] {logging_mixin.py:188} INFO - Uploaded /tmp/minio_downloads/employee_190210254560.parquet -> @employee stage
[2026-07-04T15:19:39.738+0000] {logging_mixin.py:188} INFO - Uploaded /tmp/minio_downloads/employee_190210338178.parquet -> @employee stage
[2026-07-04T15:19:40.151+0000] {logging_mixin.py:188} INFO - Uploaded /tmp/minio_downloads/employee_190210418713.parquet -> @employee stage
[2026-07-04T15:19:40.661+0000] {logging_mixin.py:188} INFO - Uploaded /tmp/minio_downloads/employee_190210539657.parquet -> @employee stage
[2026-07-04T15:19:41.076+0000] {logging_mixin.py:188} INFO - Uploaded /tmp/minio_downloads/employee_190210647156.parquet -> @employee stage
[2026-07-04T15:19:41.581+0000] {logging_mixin.py:188} INFO - Uploaded /tmp/minio_downloads/employee_190210774995.parquet -> @employee stage
[2026-07-04T15:19:41.993+0000] {logging_mixin.py:188} INFO - Uploaded /tmp/minio_downloads/employee_190210895294.parquet -> @employee stage
[2026-07-04T15:19:42.505+0000] {logging_mixin.py:188} INFO - Uploaded /tmp/minio_downloads/employee_190211002061.parquet -> @employee stage
[2026-07-04T15:19:43.019+0000] {logging_mixin.py:188} INFO - Uploaded /tmp/minio_downloads/employee_190211092649.parquet -> @employee stage
[2026-07-04T15:19:43.430+0000] {logging_mixin.py:188} INFO - Uploaded /tmp/minio_downloads/employee_190211194312.parquet -> @employee stage
[2026-07-04T15:19:43.941+0000] {logging_mixin.py:188} INFO - Uploaded /tmp/minio_downloads/employee_190211326550.parquet -> @employee stage
[2026-07-04T15:19:44.450+0000] {logging_mixin.py:188} INFO - Uploaded /tmp/minio_downloads/employee_190211439633.parquet -> @employee stage
[2026-07-04T15:19:44.863+0000] {logging_mixin.py:188} INFO - Uploaded /tmp/minio_downloads/employee_190211544189.parquet -> @employee stage
[2026-07-04T15:19:45.273+0000] {logging_mixin.py:188} INFO - Uploaded /tmp/minio_downloads/employee_190211645552.parquet -> @employee stage
[2026-07-04T15:19:45.779+0000] {logging_mixin.py:188} INFO - Uploaded /tmp/minio_downloads/employee_190211723678.parquet -> @employee stage
[2026-07-04T15:19:46.195+0000] {logging_mixin.py:188} INFO - Uploaded /tmp/minio_downloads/employee_190211823458.parquet -> @employee stage
[2026-07-04T15:19:46.706+0000] {logging_mixin.py:188} INFO - Uploaded /tmp/minio_downloads/employee_190211925688.parquet -> @employee stage
[2026-07-04T15:19:47.215+0000] {logging_mixin.py:188} INFO - Uploaded /tmp/minio_downloads/employee_190212020760.parquet -> @employee stage
[2026-07-04T15:19:47.629+0000] {logging_mixin.py:188} INFO - Uploaded /tmp/minio_downloads/employee_190212125436.parquet -> @employee stage
[2026-07-04T15:19:48.138+0000] {logging_mixin.py:188} INFO - Uploaded /tmp/minio_downloads/employee_190212225797.parquet -> @employee stage
[2026-07-04T15:19:48.555+0000] {logging_mixin.py:188} INFO - Uploaded /tmp/minio_downloads/employee_190212309222.parquet -> @employee stage
[2026-07-04T15:19:49.065+0000] {logging_mixin.py:188} INFO - Uploaded /tmp/minio_downloads/employee_190212402085.parquet -> @employee stage
[2026-07-04T15:19:49.575+0000] {logging_mixin.py:188} INFO - Uploaded /tmp/minio_downloads/employee_190212488574.parquet -> @employee stage
[2026-07-04T15:19:50.083+0000] {logging_mixin.py:188} INFO - Uploaded /tmp/minio_downloads/employee_190212575002.parquet -> @employee stage
[2026-07-04T15:19:50.497+0000] {logging_mixin.py:188} INFO - Uploaded /tmp/minio_downloads/employee_190212717491.parquet -> @employee stage
[2026-07-04T15:19:51.009+0000] {logging_mixin.py:188} INFO - Uploaded /tmp/minio_downloads/employee_190212884957.parquet -> @employee stage
[2026-07-04T15:19:51.420+0000] {logging_mixin.py:188} INFO - Uploaded /tmp/minio_downloads/employee_190213000680.parquet -> @employee stage
[2026-07-04T15:19:51.825+0000] {logging_mixin.py:188} INFO - Uploaded /tmp/minio_downloads/employee_190213105531.parquet -> @employee stage
[2026-07-04T15:19:52.234+0000] {logging_mixin.py:188} INFO - Uploaded /tmp/minio_downloads/employee_190213267676.parquet -> @employee stage
[2026-07-04T15:19:52.750+0000] {logging_mixin.py:188} INFO - Uploaded /tmp/minio_downloads/employee_190213406443.parquet -> @employee stage
[2026-07-04T15:19:53.260+0000] {logging_mixin.py:188} INFO - Uploaded /tmp/minio_downloads/employee_190213526810.parquet -> @employee stage
[2026-07-04T15:19:53.775+0000] {logging_mixin.py:188} INFO - Uploaded /tmp/minio_downloads/employee_190213646342.parquet -> @employee stage
[2026-07-04T15:19:54.287+0000] {logging_mixin.py:188} INFO - Uploaded /tmp/minio_downloads/employee_190213827789.parquet -> @employee stage
[2026-07-04T15:19:54.795+0000] {logging_mixin.py:188} INFO - Uploaded /tmp/minio_downloads/employee_190213973566.parquet -> @employee stage
[2026-07-04T15:19:55.307+0000] {logging_mixin.py:188} INFO - Uploaded /tmp/minio_downloads/employee_190214089993.parquet -> @employee stage
[2026-07-04T15:19:55.721+0000] {logging_mixin.py:188} INFO - Uploaded /tmp/minio_downloads/employee_190214198610.parquet -> @employee stage
[2026-07-04T15:19:56.233+0000] {logging_mixin.py:188} INFO - Uploaded /tmp/minio_downloads/employee_190214301444.parquet -> @employee stage
[2026-07-04T15:19:56.641+0000] {logging_mixin.py:188} INFO - Uploaded /tmp/minio_downloads/employee_190214438690.parquet -> @employee stage
[2026-07-04T15:19:57.153+0000] {logging_mixin.py:188} INFO - Uploaded /tmp/minio_downloads/employee_190214554130.parquet -> @employee stage
[2026-07-04T15:19:57.666+0000] {logging_mixin.py:188} INFO - Uploaded /tmp/minio_downloads/employee_190214663705.parquet -> @employee stage
[2026-07-04T15:19:58.073+0000] {logging_mixin.py:188} INFO - Uploaded /tmp/minio_downloads/employee_190214773113.parquet -> @employee stage
[2026-07-04T15:19:58.584+0000] {logging_mixin.py:188} INFO - Uploaded /tmp/minio_downloads/employee_190214870295.parquet -> @employee stage
[2026-07-04T15:19:58.975+0000] {logging_mixin.py:188} INFO - Uploaded /tmp/minio_downloads/employee_190609068916.parquet -> @employee stage
[2026-07-04T15:19:59.408+0000] {logging_mixin.py:188} INFO - Uploaded /tmp/minio_downloads/employee_190609164336.parquet -> @employee stage
[2026-07-04T15:19:59.920+0000] {logging_mixin.py:188} INFO - Uploaded /tmp/minio_downloads/employee_190609257229.parquet -> @employee stage
[2026-07-04T15:20:00.332+0000] {logging_mixin.py:188} INFO - Uploaded /tmp/minio_downloads/employee_190609368070.parquet -> @employee stage
[2026-07-04T15:20:00.837+0000] {logging_mixin.py:188} INFO - Uploaded /tmp/minio_downloads/employee_190609465890.parquet -> @employee stage
[2026-07-04T15:20:01.250+0000] {logging_mixin.py:188} INFO - Uploaded /tmp/minio_downloads/employee_190609588596.parquet -> @employee stage
[2026-07-04T15:20:01.758+0000] {logging_mixin.py:188} INFO - Uploaded /tmp/minio_downloads/employee_190609757392.parquet -> @employee stage
[2026-07-04T15:20:02.168+0000] {logging_mixin.py:188} INFO - Uploaded /tmp/minio_downloads/employee_190609875181.parquet -> @employee stage
[2026-07-04T15:20:02.680+0000] {logging_mixin.py:188} INFO - Uploaded /tmp/minio_downloads/employee_190609979371.parquet -> @employee stage
[2026-07-04T15:20:03.093+0000] {logging_mixin.py:188} INFO - Uploaded /tmp/minio_downloads/employee_190610075138.parquet -> @employee stage
[2026-07-04T15:20:03.500+0000] {logging_mixin.py:188} INFO - Uploaded /tmp/minio_downloads/employee_190610209329.parquet -> @employee stage
[2026-07-04T15:20:04.015+0000] {logging_mixin.py:188} INFO - Uploaded /tmp/minio_downloads/employee_190610311274.parquet -> @employee stage
[2026-07-04T15:20:04.421+0000] {logging_mixin.py:188} INFO - Uploaded /tmp/minio_downloads/employee_190610404259.parquet -> @employee stage
[2026-07-04T15:20:04.936+0000] {logging_mixin.py:188} INFO - Uploaded /tmp/minio_downloads/employee_190610495018.parquet -> @employee stage
[2026-07-04T15:20:05.448+0000] {logging_mixin.py:188} INFO - Uploaded /tmp/minio_downloads/employee_190610585819.parquet -> @employee stage
[2026-07-04T15:20:05.955+0000] {logging_mixin.py:188} INFO - Uploaded /tmp/minio_downloads/employee_190610679953.parquet -> @employee stage
[2026-07-04T15:20:06.367+0000] {logging_mixin.py:188} INFO - Uploaded /tmp/minio_downloads/employee_190610769828.parquet -> @employee stage
[2026-07-04T15:20:06.881+0000] {logging_mixin.py:188} INFO - Uploaded /tmp/minio_downloads/employee_190610865292.parquet -> @employee stage
[2026-07-04T15:20:07.392+0000] {logging_mixin.py:188} INFO - Uploaded /tmp/minio_downloads/employee_190610935936.parquet -> @employee stage
[2026-07-04T15:20:07.799+0000] {logging_mixin.py:188} INFO - Uploaded /tmp/minio_downloads/employee_190611021823.parquet -> @employee stage
[2026-07-04T15:20:08.317+0000] {logging_mixin.py:188} INFO - Uploaded /tmp/minio_downloads/employee_190611130993.parquet -> @employee stage
[2026-07-04T15:20:08.836+0000] {logging_mixin.py:188} INFO - Uploaded /tmp/minio_downloads/employee_190611243062.parquet -> @employee stage
[2026-07-04T15:20:09.337+0000] {logging_mixin.py:188} INFO - Uploaded /tmp/minio_downloads/employee_190611320295.parquet -> @employee stage
[2026-07-04T15:20:09.746+0000] {logging_mixin.py:188} INFO - Uploaded /tmp/minio_downloads/employee_190611421932.parquet -> @employee stage
[2026-07-04T15:20:10.254+0000] {logging_mixin.py:188} INFO - Uploaded /tmp/minio_downloads/employee_190611509176.parquet -> @employee stage
[2026-07-04T15:20:10.771+0000] {logging_mixin.py:188} INFO - Uploaded /tmp/minio_downloads/employee_190611588666.parquet -> @employee stage
[2026-07-04T15:20:11.282+0000] {logging_mixin.py:188} INFO - Uploaded /tmp/minio_downloads/employee_190611680672.parquet -> @employee stage
[2026-07-04T15:20:11.691+0000] {logging_mixin.py:188} INFO - Uploaded /tmp/minio_downloads/employee_190611776485.parquet -> @employee stage
[2026-07-04T15:20:12.100+0000] {logging_mixin.py:188} INFO - Uploaded /tmp/minio_downloads/employee_190611890133.parquet -> @employee stage
[2026-07-04T15:20:12.508+0000] {logging_mixin.py:188} INFO - Uploaded /tmp/minio_downloads/employee_190612087882.parquet -> @employee stage
[2026-07-04T15:20:12.917+0000] {logging_mixin.py:188} INFO - Uploaded /tmp/minio_downloads/employee_190612202315.parquet -> @employee stage
[2026-07-04T15:20:13.427+0000] {logging_mixin.py:188} INFO - Uploaded /tmp/minio_downloads/employee_190612289535.parquet -> @employee stage
[2026-07-04T15:20:13.838+0000] {logging_mixin.py:188} INFO - Uploaded /tmp/minio_downloads/employee_190612371758.parquet -> @employee stage
[2026-07-04T15:20:14.251+0000] {logging_mixin.py:188} INFO - Uploaded /tmp/minio_downloads/employee_190612489381.parquet -> @employee stage
[2026-07-04T15:20:14.711+0000] {logging_mixin.py:188} INFO - Uploaded /tmp/minio_downloads/employee_190612588988.parquet -> @employee stage
[2026-07-04T15:20:15.172+0000] {logging_mixin.py:188} INFO - Uploaded /tmp/minio_downloads/employee_190612691700.parquet -> @employee stage
[2026-07-04T15:20:15.787+0000] {logging_mixin.py:188} INFO - Uploaded /tmp/minio_downloads/employee_190612779692.parquet -> @employee stage
[2026-07-04T15:20:16.301+0000] {logging_mixin.py:188} INFO - Uploaded /tmp/minio_downloads/employee_190612879344.parquet -> @employee stage
[2026-07-04T15:20:16.709+0000] {logging_mixin.py:188} INFO - Uploaded /tmp/minio_downloads/employee_190612999426.parquet -> @employee stage
[2026-07-04T15:20:17.222+0000] {logging_mixin.py:188} INFO - Uploaded /tmp/minio_downloads/employee_190613104338.parquet -> @employee stage
[2026-07-04T15:20:17.728+0000] {logging_mixin.py:188} INFO - Uploaded /tmp/minio_downloads/employee_190613214153.parquet -> @employee stage
[2026-07-04T15:20:18.246+0000] {logging_mixin.py:188} INFO - Uploaded /tmp/minio_downloads/employee_190613337805.parquet -> @employee stage
[2026-07-04T15:20:18.651+0000] {logging_mixin.py:188} INFO - Uploaded /tmp/minio_downloads/employee_190613485580.parquet -> @employee stage
[2026-07-04T15:20:19.163+0000] {logging_mixin.py:188} INFO - Uploaded /tmp/minio_downloads/employee_190613618456.parquet -> @employee stage
[2026-07-04T15:20:19.679+0000] {logging_mixin.py:188} INFO - Uploaded /tmp/minio_downloads/employee_190613740939.parquet -> @employee stage
[2026-07-04T15:20:20.192+0000] {logging_mixin.py:188} INFO - Uploaded /tmp/minio_downloads/employee_190613887482.parquet -> @employee stage
[2026-07-04T15:20:20.703+0000] {logging_mixin.py:188} INFO - Uploaded /tmp/minio_downloads/employee_190614010671.parquet -> @employee stage
[2026-07-04T15:20:21.114+0000] {logging_mixin.py:188} INFO - Uploaded /tmp/minio_downloads/employee_190614140144.parquet -> @employee stage
[2026-07-04T15:20:21.622+0000] {logging_mixin.py:188} INFO - Uploaded /tmp/minio_downloads/employee_190614256125.parquet -> @employee stage
[2026-07-04T15:20:22.138+0000] {logging_mixin.py:188} INFO - Uploaded /tmp/minio_downloads/employee_190614519659.parquet -> @employee stage
[2026-07-04T15:20:22.646+0000] {logging_mixin.py:188} INFO - Uploaded /tmp/minio_downloads/employee_190614675125.parquet -> @employee stage
[2026-07-04T15:20:23.163+0000] {logging_mixin.py:188} INFO - Uploaded /tmp/minio_downloads/employee_190614826085.parquet -> @employee stage
[2026-07-04T15:20:23.569+0000] {logging_mixin.py:188} INFO - Uploaded /tmp/minio_downloads/employee_190614972401.parquet -> @employee stage
[2026-07-04T15:20:23.983+0000] {logging_mixin.py:188} INFO - Uploaded /tmp/minio_downloads/employee_190615101982.parquet -> @employee stage
[2026-07-04T15:20:24.495+0000] {logging_mixin.py:188} INFO - Uploaded /tmp/minio_downloads/employee_190615254954.parquet -> @employee stage
[2026-07-04T15:20:25.007+0000] {logging_mixin.py:188} INFO - Uploaded /tmp/minio_downloads/employee_190615392514.parquet -> @employee stage
[2026-07-04T15:20:25.517+0000] {logging_mixin.py:188} INFO - Uploaded /tmp/minio_downloads/employee_190615530921.parquet -> @employee stage
[2026-07-04T15:20:25.927+0000] {logging_mixin.py:188} INFO - Uploaded /tmp/minio_downloads/employee_190615677968.parquet -> @employee stage
[2026-07-04T15:20:26.440+0000] {logging_mixin.py:188} INFO - Uploaded /tmp/minio_downloads/employee_190615807847.parquet -> @employee stage
[2026-07-04T15:20:26.850+0000] {logging_mixin.py:188} INFO - Uploaded /tmp/minio_downloads/employee_190616191764.parquet -> @employee stage
[2026-07-04T15:20:27.364+0000] {logging_mixin.py:188} INFO - Uploaded /tmp/minio_downloads/employee_190616326176.parquet -> @employee stage
[2026-07-04T15:20:28.080+0000] {logging_mixin.py:188} INFO - Uploaded /tmp/minio_downloads/employee_190616453612.parquet -> @employee stage
[2026-07-04T15:20:28.493+0000] {logging_mixin.py:188} INFO - Uploaded /tmp/minio_downloads/employee_190616585041.parquet -> @employee stage
[2026-07-04T15:20:29.205+0000] {logging_mixin.py:188} INFO - Uploaded /tmp/minio_downloads/employee_190616711392.parquet -> @employee stage
[2026-07-04T15:20:29.718+0000] {logging_mixin.py:188} INFO - Uploaded /tmp/minio_downloads/employee_190616825763.parquet -> @employee stage
[2026-07-04T15:20:30.122+0000] {logging_mixin.py:188} INFO - Uploaded /tmp/minio_downloads/employee_190616941207.parquet -> @employee stage
[2026-07-04T15:20:30.640+0000] {logging_mixin.py:188} INFO - Uploaded /tmp/minio_downloads/employee_190617058578.parquet -> @employee stage
[2026-07-04T15:20:31.049+0000] {logging_mixin.py:188} INFO - Uploaded /tmp/minio_downloads/employee_190617275634.parquet -> @employee stage
[2026-07-04T15:20:31.461+0000] {logging_mixin.py:188} INFO - Uploaded /tmp/minio_downloads/employee_190617497577.parquet -> @employee stage
[2026-07-04T15:20:31.969+0000] {logging_mixin.py:188} INFO - Uploaded /tmp/minio_downloads/employee_190617623320.parquet -> @employee stage
[2026-07-04T15:20:32.349+0000] {logging_mixin.py:188} INFO - Uploaded /tmp/minio_downloads/employee_190617757205.parquet -> @employee stage
[2026-07-04T15:20:32.746+0000] {logging_mixin.py:188} INFO - Uploaded /tmp/minio_downloads/employee_190617894376.parquet -> @employee stage
[2026-07-04T15:20:33.138+0000] {logging_mixin.py:188} INFO - Uploaded /tmp/minio_downloads/employee_190618018533.parquet -> @employee stage
[2026-07-04T15:20:33.605+0000] {logging_mixin.py:188} INFO - Uploaded /tmp/minio_downloads/employee_190618142807.parquet -> @employee stage
[2026-07-04T15:20:34.019+0000] {logging_mixin.py:188} INFO - Uploaded /tmp/minio_downloads/employee_190618259580.parquet -> @employee stage
[2026-07-04T15:20:34.426+0000] {logging_mixin.py:188} INFO - Uploaded /tmp/minio_downloads/employee_190618368173.parquet -> @employee stage
[2026-07-04T15:20:34.950+0000] {logging_mixin.py:188} INFO - Uploaded /tmp/minio_downloads/employee_190618468366.parquet -> @employee stage
[2026-07-04T15:20:35.452+0000] {logging_mixin.py:188} INFO - Uploaded /tmp/minio_downloads/employee_190618604675.parquet -> @employee stage
[2026-07-04T15:20:35.864+0000] {logging_mixin.py:188} INFO - Uploaded /tmp/minio_downloads/employee_190618724017.parquet -> @employee stage
[2026-07-04T15:20:36.581+0000] {logging_mixin.py:188} INFO - Uploaded /tmp/minio_downloads/employee_190618889887.parquet -> @employee stage
[2026-07-04T15:20:37.092+0000] {logging_mixin.py:188} INFO - Uploaded /tmp/minio_downloads/employee_190619002185.parquet -> @employee stage
[2026-07-04T15:20:37.605+0000] {logging_mixin.py:188} INFO - Uploaded /tmp/minio_downloads/employee_190619102055.parquet -> @employee stage
[2026-07-04T15:20:38.117+0000] {logging_mixin.py:188} INFO - Uploaded /tmp/minio_downloads/employee_190619306194.parquet -> @employee stage
[2026-07-04T15:20:38.525+0000] {logging_mixin.py:188} INFO - Uploaded /tmp/minio_downloads/employee_190619424488.parquet -> @employee stage
[2026-07-04T15:20:39.036+0000] {logging_mixin.py:188} INFO - Uploaded /tmp/minio_downloads/employee_190619535990.parquet -> @employee stage
[2026-07-04T15:20:39.545+0000] {logging_mixin.py:188} INFO - Uploaded /tmp/minio_downloads/employee_190619645653.parquet -> @employee stage
[2026-07-04T15:20:39.955+0000] {logging_mixin.py:188} INFO - Uploaded /tmp/minio_downloads/employee_190619800658.parquet -> @employee stage
[2026-07-04T15:20:40.468+0000] {logging_mixin.py:188} INFO - Uploaded /tmp/minio_downloads/employee_190619962333.parquet -> @employee stage
[2026-07-04T15:20:40.878+0000] {logging_mixin.py:188} INFO - Uploaded /tmp/minio_downloads/employee_190620144226.parquet -> @employee stage
[2026-07-04T15:20:41.285+0000] {logging_mixin.py:188} INFO - Uploaded /tmp/minio_downloads/employee_190620259752.parquet -> @employee stage
[2026-07-04T15:20:41.799+0000] {logging_mixin.py:188} INFO - Uploaded /tmp/minio_downloads/employee_190620382892.parquet -> @employee stage
[2026-07-04T15:20:42.210+0000] {logging_mixin.py:188} INFO - Uploaded /tmp/minio_downloads/employee_190620486697.parquet -> @employee stage
[2026-07-04T15:20:42.721+0000] {logging_mixin.py:188} INFO - Uploaded /tmp/minio_downloads/employee_190620584458.parquet -> @employee stage
[2026-07-04T15:20:43.237+0000] {logging_mixin.py:188} INFO - Uploaded /tmp/minio_downloads/employee_190620728818.parquet -> @employee stage
[2026-07-04T15:20:43.748+0000] {logging_mixin.py:188} INFO - Uploaded /tmp/minio_downloads/employee_190620831743.parquet -> @employee stage
[2026-07-04T15:20:44.149+0000] {logging_mixin.py:188} INFO - Uploaded /tmp/minio_downloads/employee_190620935651.parquet -> @employee stage
[2026-07-04T15:20:44.557+0000] {logging_mixin.py:188} INFO - Uploaded /tmp/minio_downloads/employee_190621012768.parquet -> @employee stage
[2026-07-04T15:20:44.973+0000] {logging_mixin.py:188} INFO - Uploaded /tmp/minio_downloads/employee_190621160018.parquet -> @employee stage
[2026-07-04T15:20:45.384+0000] {logging_mixin.py:188} INFO - Uploaded /tmp/minio_downloads/employee_190621279431.parquet -> @employee stage
[2026-07-04T15:20:45.894+0000] {logging_mixin.py:188} INFO - Uploaded /tmp/minio_downloads/employee_190621423838.parquet -> @employee stage
[2026-07-04T15:20:46.303+0000] {logging_mixin.py:188} INFO - Uploaded /tmp/minio_downloads/employee_190621517533.parquet -> @employee stage
[2026-07-04T15:20:46.817+0000] {logging_mixin.py:188} INFO - Uploaded /tmp/minio_downloads/employee_190621628879.parquet -> @employee stage
[2026-07-04T15:20:47.225+0000] {logging_mixin.py:188} INFO - Uploaded /tmp/minio_downloads/employee_190621756006.parquet -> @employee stage
[2026-07-04T15:20:47.637+0000] {logging_mixin.py:188} INFO - Uploaded /tmp/minio_downloads/employee_190621866561.parquet -> @employee stage
[2026-07-04T15:20:48.151+0000] {logging_mixin.py:188} INFO - Uploaded /tmp/minio_downloads/employee_190621947817.parquet -> @employee stage
[2026-07-04T15:20:48.660+0000] {logging_mixin.py:188} INFO - Uploaded /tmp/minio_downloads/employee_190622031553.parquet -> @employee stage
[2026-07-04T15:20:49.173+0000] {logging_mixin.py:188} INFO - Uploaded /tmp/minio_downloads/employee_190622113177.parquet -> @employee stage
[2026-07-04T15:20:49.684+0000] {logging_mixin.py:188} INFO - Uploaded /tmp/minio_downloads/employee_190622219191.parquet -> @employee stage
[2026-07-04T15:20:50.197+0000] {logging_mixin.py:188} INFO - Uploaded /tmp/minio_downloads/employee_190622332318.parquet -> @employee stage
[2026-07-04T15:20:50.608+0000] {logging_mixin.py:188} INFO - Uploaded /tmp/minio_downloads/employee_190622418874.parquet -> @employee stage
[2026-07-04T15:20:51.117+0000] {logging_mixin.py:188} INFO - Uploaded /tmp/minio_downloads/employee_190622493919.parquet -> @employee stage
[2026-07-04T15:20:51.529+0000] {logging_mixin.py:188} INFO - Uploaded /tmp/minio_downloads/employee_190622577081.parquet -> @employee stage
[2026-07-04T15:20:52.041+0000] {logging_mixin.py:188} INFO - Uploaded /tmp/minio_downloads/employee_190622683463.parquet -> @employee stage
[2026-07-04T15:20:52.551+0000] {logging_mixin.py:188} INFO - Uploaded /tmp/minio_downloads/employee_190622771515.parquet -> @employee stage
[2026-07-04T15:20:53.064+0000] {logging_mixin.py:188} INFO - Uploaded /tmp/minio_downloads/employee_190622868702.parquet -> @employee stage
[2026-07-04T15:20:53.577+0000] {logging_mixin.py:188} INFO - Uploaded /tmp/minio_downloads/employee_190622977348.parquet -> @employee stage
[2026-07-04T15:20:54.089+0000] {logging_mixin.py:188} INFO - Uploaded /tmp/minio_downloads/employee_190623079173.parquet -> @employee stage
[2026-07-04T15:20:54.495+0000] {logging_mixin.py:188} INFO - Uploaded /tmp/minio_downloads/employee_190623182845.parquet -> @employee stage
[2026-07-04T15:20:55.011+0000] {logging_mixin.py:188} INFO - Uploaded /tmp/minio_downloads/employee_190623259637.parquet -> @employee stage
[2026-07-04T15:20:55.523+0000] {logging_mixin.py:188} INFO - Uploaded /tmp/minio_downloads/employee_190623356343.parquet -> @employee stage
[2026-07-04T15:20:55.932+0000] {logging_mixin.py:188} INFO - Uploaded /tmp/minio_downloads/employee_190623425664.parquet -> @employee stage
[2026-07-04T15:20:56.854+0000] {logging_mixin.py:188} INFO - Uploaded /tmp/minio_downloads/employee_190623523240.parquet -> @employee stage
[2026-07-04T15:20:57.368+0000] {logging_mixin.py:188} INFO - Uploaded /tmp/minio_downloads/employee_190623626711.parquet -> @employee stage
[2026-07-04T15:20:57.776+0000] {logging_mixin.py:188} INFO - Uploaded /tmp/minio_downloads/employee_190623708994.parquet -> @employee stage
[2026-07-04T15:20:58.144+0000] {logging_mixin.py:188} INFO - Uploaded /tmp/minio_downloads/employee_190623811139.parquet -> @employee stage
[2026-07-04T15:20:58.594+0000] {logging_mixin.py:188} INFO - Uploaded /tmp/minio_downloads/employee_190623910152.parquet -> @employee stage
[2026-07-04T15:20:58.972+0000] {logging_mixin.py:188} INFO - Uploaded /tmp/minio_downloads/employee_190624014805.parquet -> @employee stage
[2026-07-04T15:20:59.352+0000] {logging_mixin.py:188} INFO - Uploaded /tmp/minio_downloads/employee_190624140657.parquet -> @employee stage
[2026-07-04T15:20:59.824+0000] {logging_mixin.py:188} INFO - Uploaded /tmp/minio_downloads/employee_190624267985.parquet -> @employee stage
[2026-07-04T15:21:00.233+0000] {logging_mixin.py:188} INFO - Uploaded /tmp/minio_downloads/employee_190624401724.parquet -> @employee stage
[2026-07-04T15:21:00.646+0000] {logging_mixin.py:188} INFO - Uploaded /tmp/minio_downloads/employee_190625347398.parquet -> @employee stage
[2026-07-04T15:21:01.052+0000] {logging_mixin.py:188} INFO - Uploaded /tmp/minio_downloads/employee_190625447894.parquet -> @employee stage
[2026-07-04T15:21:01.462+0000] {logging_mixin.py:188} INFO - Uploaded /tmp/minio_downloads/employee_190625532001.parquet -> @employee stage
[2026-07-04T15:21:01.873+0000] {logging_mixin.py:188} INFO - Uploaded /tmp/minio_downloads/employee_190625620124.parquet -> @employee stage
[2026-07-04T15:21:02.278+0000] {logging_mixin.py:188} INFO - Uploaded /tmp/minio_downloads/employee_190625713279.parquet -> @employee stage
[2026-07-04T15:21:02.689+0000] {logging_mixin.py:188} INFO - Uploaded /tmp/minio_downloads/employee_190625809379.parquet -> @employee stage
[2026-07-04T15:21:03.098+0000] {logging_mixin.py:188} INFO - Uploaded /tmp/minio_downloads/employee_190625919263.parquet -> @employee stage
[2026-07-04T15:21:03.511+0000] {logging_mixin.py:188} INFO - Uploaded /tmp/minio_downloads/employee_190626106080.parquet -> @employee stage
[2026-07-04T15:21:03.922+0000] {logging_mixin.py:188} INFO - Uploaded /tmp/minio_downloads/employee_190626254738.parquet -> @employee stage
[2026-07-04T15:21:04.330+0000] {logging_mixin.py:188} INFO - Uploaded /tmp/minio_downloads/employee_190626386121.parquet -> @employee stage
[2026-07-04T15:21:04.739+0000] {logging_mixin.py:188} INFO - Uploaded /tmp/minio_downloads/employee_190626516002.parquet -> @employee stage
[2026-07-04T15:21:05.149+0000] {logging_mixin.py:188} INFO - Uploaded /tmp/minio_downloads/employee_190626675076.parquet -> @employee stage
[2026-07-04T15:21:05.560+0000] {logging_mixin.py:188} INFO - Uploaded /tmp/minio_downloads/employee_190626834403.parquet -> @employee stage
[2026-07-04T15:21:06.070+0000] {logging_mixin.py:188} INFO - Uploaded /tmp/minio_downloads/employee_190626979101.parquet -> @employee stage
[2026-07-04T15:21:06.486+0000] {logging_mixin.py:188} INFO - Uploaded /tmp/minio_downloads/employee_190627134800.parquet -> @employee stage
[2026-07-04T15:21:06.891+0000] {logging_mixin.py:188} INFO - Uploaded /tmp/minio_downloads/employee_190627275662.parquet -> @employee stage
[2026-07-04T15:21:07.300+0000] {logging_mixin.py:188} INFO - Uploaded /tmp/minio_downloads/employee_190627388618.parquet -> @employee stage
[2026-07-04T15:21:07.713+0000] {logging_mixin.py:188} INFO - Uploaded /tmp/minio_downloads/employee_190627513112.parquet -> @employee stage
[2026-07-04T15:21:08.120+0000] {logging_mixin.py:188} INFO - Uploaded /tmp/minio_downloads/employee_190627665207.parquet -> @employee stage
[2026-07-04T15:21:08.495+0000] {logging_mixin.py:188} INFO - Uploaded /tmp/minio_downloads/employee_190627804935.parquet -> @employee stage
[2026-07-04T15:21:08.939+0000] {logging_mixin.py:188} INFO - Uploaded /tmp/minio_downloads/employee_190627932537.parquet -> @employee stage
[2026-07-04T15:21:09.347+0000] {logging_mixin.py:188} INFO - Uploaded /tmp/minio_downloads/employee_190628048686.parquet -> @employee stage
[2026-07-04T15:21:09.749+0000] {logging_mixin.py:188} INFO - Uploaded /tmp/minio_downloads/employee_190628176925.parquet -> @employee stage
[2026-07-04T15:21:10.159+0000] {logging_mixin.py:188} INFO - Uploaded /tmp/minio_downloads/employee_190628273776.parquet -> @employee stage
[2026-07-04T15:21:10.570+0000] {logging_mixin.py:188} INFO - Uploaded /tmp/minio_downloads/employee_190628378971.parquet -> @employee stage
[2026-07-04T15:21:10.982+0000] {logging_mixin.py:188} INFO - Uploaded /tmp/minio_downloads/employee_190628498739.parquet -> @employee stage
[2026-07-04T15:21:11.393+0000] {logging_mixin.py:188} INFO - Uploaded /tmp/minio_downloads/employee_190628627572.parquet -> @employee stage
[2026-07-04T15:21:11.801+0000] {logging_mixin.py:188} INFO - Uploaded /tmp/minio_downloads/employee_190628813810.parquet -> @employee stage
[2026-07-04T15:21:12.212+0000] {logging_mixin.py:188} INFO - Uploaded /tmp/minio_downloads/employee_190628932788.parquet -> @employee stage
[2026-07-04T15:21:12.621+0000] {logging_mixin.py:188} INFO - Uploaded /tmp/minio_downloads/employee_190629084349.parquet -> @employee stage
[2026-07-04T15:21:13.031+0000] {logging_mixin.py:188} INFO - Uploaded /tmp/minio_downloads/employee_190629233563.parquet -> @employee stage
[2026-07-04T15:21:13.435+0000] {logging_mixin.py:188} INFO - Uploaded /tmp/minio_downloads/employee_190629342203.parquet -> @employee stage
[2026-07-04T15:21:13.845+0000] {logging_mixin.py:188} INFO - Uploaded /tmp/minio_downloads/employee_190629477213.parquet -> @employee stage
[2026-07-04T15:21:14.256+0000] {logging_mixin.py:188} INFO - Uploaded /tmp/minio_downloads/employee_190629595009.parquet -> @employee stage
[2026-07-04T15:21:14.664+0000] {logging_mixin.py:188} INFO - Uploaded /tmp/minio_downloads/employee_190629695413.parquet -> @employee stage
[2026-07-04T15:21:15.074+0000] {logging_mixin.py:188} INFO - Uploaded /tmp/minio_downloads/employee_190629790471.parquet -> @employee stage
[2026-07-04T15:21:15.484+0000] {logging_mixin.py:188} INFO - Uploaded /tmp/minio_downloads/employee_190629893642.parquet -> @employee stage
[2026-07-04T15:21:15.892+0000] {logging_mixin.py:188} INFO - Uploaded /tmp/minio_downloads/employee_190630014435.parquet -> @employee stage
[2026-07-04T15:21:16.308+0000] {logging_mixin.py:188} INFO - Uploaded /tmp/minio_downloads/employee_190630166878.parquet -> @employee stage
[2026-07-04T15:21:16.713+0000] {logging_mixin.py:188} INFO - Uploaded /tmp/minio_downloads/employee_190630294790.parquet -> @employee stage
[2026-07-04T15:21:17.230+0000] {logging_mixin.py:188} INFO - Uploaded /tmp/minio_downloads/employee_190630409027.parquet -> @employee stage
[2026-07-04T15:21:17.638+0000] {logging_mixin.py:188} INFO - Uploaded /tmp/minio_downloads/employee_190630539114.parquet -> @employee stage
[2026-07-04T15:21:18.044+0000] {logging_mixin.py:188} INFO - Uploaded /tmp/minio_downloads/employee_190630659079.parquet -> @employee stage
[2026-07-04T15:21:18.455+0000] {logging_mixin.py:188} INFO - Uploaded /tmp/minio_downloads/employee_190630762021.parquet -> @employee stage
[2026-07-04T15:21:18.869+0000] {logging_mixin.py:188} INFO - Uploaded /tmp/minio_downloads/employee_190630881566.parquet -> @employee stage
[2026-07-04T15:21:19.278+0000] {logging_mixin.py:188} INFO - Uploaded /tmp/minio_downloads/employee_190631000334.parquet -> @employee stage
[2026-07-04T15:21:19.687+0000] {logging_mixin.py:188} INFO - Uploaded /tmp/minio_downloads/employee_190631106733.parquet -> @employee stage
[2026-07-04T15:21:20.096+0000] {logging_mixin.py:188} INFO - Uploaded /tmp/minio_downloads/employee_190631225231.parquet -> @employee stage
[2026-07-04T15:21:20.609+0000] {logging_mixin.py:188} INFO - Uploaded /tmp/minio_downloads/employee_190631369327.parquet -> @employee stage
[2026-07-04T15:21:21.018+0000] {logging_mixin.py:188} INFO - Uploaded /tmp/minio_downloads/employee_190631472057.parquet -> @employee stage
[2026-07-04T15:21:21.428+0000] {logging_mixin.py:188} INFO - Uploaded /tmp/minio_downloads/employee_190631647969.parquet -> @employee stage
[2026-07-04T15:21:21.837+0000] {logging_mixin.py:188} INFO - Uploaded /tmp/minio_downloads/employee_190631796993.parquet -> @employee stage
[2026-07-04T15:21:22.246+0000] {logging_mixin.py:188} INFO - Uploaded /tmp/minio_downloads/employee_190631940653.parquet -> @employee stage
[2026-07-04T15:21:22.659+0000] {logging_mixin.py:188} INFO - Uploaded /tmp/minio_downloads/employee_190632036714.parquet -> @employee stage
[2026-07-04T15:21:23.063+0000] {logging_mixin.py:188} INFO - Uploaded /tmp/minio_downloads/employee_190632143671.parquet -> @employee stage
[2026-07-04T15:21:23.486+0000] {logging_mixin.py:188} INFO - Uploaded /tmp/minio_downloads/employee_190632235684.parquet -> @employee stage
[2026-07-04T15:21:23.841+0000] {logging_mixin.py:188} INFO - Uploaded /tmp/minio_downloads/employee_190632342832.parquet -> @employee stage
[2026-07-04T15:21:24.298+0000] {logging_mixin.py:188} INFO - Uploaded /tmp/minio_downloads/employee_190632442766.parquet -> @employee stage
[2026-07-04T15:21:24.702+0000] {logging_mixin.py:188} INFO - Uploaded /tmp/minio_downloads/employee_190632537000.parquet -> @employee stage
[2026-07-04T15:21:25.115+0000] {logging_mixin.py:188} INFO - Uploaded /tmp/minio_downloads/employee_190632624357.parquet -> @employee stage
[2026-07-04T15:21:25.523+0000] {logging_mixin.py:188} INFO - Uploaded /tmp/minio_downloads/employee_190632741802.parquet -> @employee stage
[2026-07-04T15:21:25.937+0000] {logging_mixin.py:188} INFO - Uploaded /tmp/minio_downloads/employee_190632857235.parquet -> @employee stage
[2026-07-04T15:21:26.342+0000] {logging_mixin.py:188} INFO - Uploaded /tmp/minio_downloads/employee_190633011919.parquet -> @employee stage
[2026-07-04T15:21:26.751+0000] {logging_mixin.py:188} INFO - Uploaded /tmp/minio_downloads/employee_190633127116.parquet -> @employee stage
[2026-07-04T15:21:27.160+0000] {logging_mixin.py:188} INFO - Uploaded /tmp/minio_downloads/employee_190633239317.parquet -> @employee stage
[2026-07-04T15:21:27.571+0000] {logging_mixin.py:188} INFO - Uploaded /tmp/minio_downloads/employee_190633373336.parquet -> @employee stage
[2026-07-04T15:21:27.980+0000] {logging_mixin.py:188} INFO - Uploaded /tmp/minio_downloads/employee_190633488211.parquet -> @employee stage
[2026-07-04T15:21:28.390+0000] {logging_mixin.py:188} INFO - Uploaded /tmp/minio_downloads/employee_190633616443.parquet -> @employee stage
[2026-07-04T15:21:28.801+0000] {logging_mixin.py:188} INFO - Uploaded /tmp/minio_downloads/employee_190633783010.parquet -> @employee stage
[2026-07-04T15:21:29.212+0000] {logging_mixin.py:188} INFO - Uploaded /tmp/minio_downloads/employee_190633950029.parquet -> @employee stage
[2026-07-04T15:21:29.597+0000] {logging_mixin.py:188} INFO - Uploaded /tmp/minio_downloads/employee_190634079643.parquet -> @employee stage
[2026-07-04T15:21:30.002+0000] {logging_mixin.py:188} INFO - Uploaded /tmp/minio_downloads/employee_190634227341.parquet -> @employee stage
[2026-07-04T15:21:30.444+0000] {logging_mixin.py:188} INFO - Uploaded /tmp/minio_downloads/employee_190634368650.parquet -> @employee stage
[2026-07-04T15:21:30.851+0000] {logging_mixin.py:188} INFO - Uploaded /tmp/minio_downloads/employee_190634488859.parquet -> @employee stage
[2026-07-04T15:21:31.261+0000] {logging_mixin.py:188} INFO - Uploaded /tmp/minio_downloads/employee_190634611672.parquet -> @employee stage
[2026-07-04T15:21:31.667+0000] {logging_mixin.py:188} INFO - Uploaded /tmp/minio_downloads/employee_190634724645.parquet -> @employee stage
[2026-07-04T15:21:32.078+0000] {logging_mixin.py:188} INFO - Uploaded /tmp/minio_downloads/employee_190634852510.parquet -> @employee stage
[2026-07-04T15:21:32.487+0000] {logging_mixin.py:188} INFO - Uploaded /tmp/minio_downloads/employee_190635006639.parquet -> @employee stage
[2026-07-04T15:21:32.900+0000] {logging_mixin.py:188} INFO - Uploaded /tmp/minio_downloads/employee_190635120846.parquet -> @employee stage
[2026-07-04T15:21:33.305+0000] {logging_mixin.py:188} INFO - Uploaded /tmp/minio_downloads/employee_190635216090.parquet -> @employee stage
[2026-07-04T15:21:33.720+0000] {logging_mixin.py:188} INFO - Uploaded /tmp/minio_downloads/employee_190635331536.parquet -> @employee stage
[2026-07-04T15:21:34.124+0000] {logging_mixin.py:188} INFO - Uploaded /tmp/minio_downloads/employee_190635445073.parquet -> @employee stage
[2026-07-04T15:21:34.539+0000] {logging_mixin.py:188} INFO - Uploaded /tmp/minio_downloads/employee_190635566670.parquet -> @employee stage
[2026-07-04T15:21:34.946+0000] {logging_mixin.py:188} INFO - Uploaded /tmp/minio_downloads/employee_190635687268.parquet -> @employee stage
[2026-07-04T15:21:35.358+0000] {logging_mixin.py:188} INFO - Uploaded /tmp/minio_downloads/employee_190635787567.parquet -> @employee stage
[2026-07-04T15:21:35.768+0000] {logging_mixin.py:188} INFO - Uploaded /tmp/minio_downloads/employee_190635883210.parquet -> @employee stage
[2026-07-04T15:21:36.176+0000] {logging_mixin.py:188} INFO - Uploaded /tmp/minio_downloads/employee_190635974057.parquet -> @employee stage
[2026-07-04T15:21:36.586+0000] {logging_mixin.py:188} INFO - Uploaded /tmp/minio_downloads/employee_190636056502.parquet -> @employee stage
[2026-07-04T15:21:36.992+0000] {logging_mixin.py:188} INFO - Uploaded /tmp/minio_downloads/employee_190636251846.parquet -> @employee stage
[2026-07-04T15:21:37.406+0000] {logging_mixin.py:188} INFO - Uploaded /tmp/minio_downloads/employee_190636349810.parquet -> @employee stage
[2026-07-04T15:21:37.816+0000] {logging_mixin.py:188} INFO - Uploaded /tmp/minio_downloads/employee_190636467710.parquet -> @employee stage
[2026-07-04T15:21:38.327+0000] {logging_mixin.py:188} INFO - Uploaded /tmp/minio_downloads/employee_190636572384.parquet -> @employee stage
[2026-07-04T15:21:38.735+0000] {logging_mixin.py:188} INFO - Uploaded /tmp/minio_downloads/employee_190636686638.parquet -> @employee stage
[2026-07-04T15:21:39.147+0000] {logging_mixin.py:188} INFO - Uploaded /tmp/minio_downloads/employee_190636786453.parquet -> @employee stage
[2026-07-04T15:21:39.546+0000] {logging_mixin.py:188} INFO - Uploaded /tmp/minio_downloads/employee_190636887858.parquet -> @employee stage
[2026-07-04T15:21:39.955+0000] {logging_mixin.py:188} INFO - Uploaded /tmp/minio_downloads/employee_190636981236.parquet -> @employee stage
[2026-07-04T15:21:40.366+0000] {logging_mixin.py:188} INFO - Uploaded /tmp/minio_downloads/employee_190637104437.parquet -> @employee stage
[2026-07-04T15:21:40.876+0000] {logging_mixin.py:188} INFO - Uploaded /tmp/minio_downloads/employee_190637204769.parquet -> @employee stage
[2026-07-04T15:21:41.288+0000] {logging_mixin.py:188} INFO - Uploaded /tmp/minio_downloads/employee_190637297549.parquet -> @employee stage
[2026-07-04T15:21:41.696+0000] {logging_mixin.py:188} INFO - Uploaded /tmp/minio_downloads/employee_190637441787.parquet -> @employee stage
[2026-07-04T15:21:42.105+0000] {logging_mixin.py:188} INFO - Uploaded /tmp/minio_downloads/employee_190637570307.parquet -> @employee stage
[2026-07-04T15:21:42.517+0000] {logging_mixin.py:188} INFO - Uploaded /tmp/minio_downloads/employee_190637676330.parquet -> @employee stage
[2026-07-04T15:21:42.932+0000] {logging_mixin.py:188} INFO - Uploaded /tmp/minio_downloads/employee_190637818348.parquet -> @employee stage
[2026-07-04T15:21:43.437+0000] {logging_mixin.py:188} INFO - Uploaded /tmp/minio_downloads/employee_190637930507.parquet -> @employee stage
[2026-07-04T15:21:43.844+0000] {logging_mixin.py:188} INFO - Uploaded /tmp/minio_downloads/employee_190638017006.parquet -> @employee stage
[2026-07-04T15:21:44.256+0000] {logging_mixin.py:188} INFO - Uploaded /tmp/minio_downloads/employee_190638101762.parquet -> @employee stage
[2026-07-04T15:21:44.666+0000] {logging_mixin.py:188} INFO - Uploaded /tmp/minio_downloads/employee_190638201275.parquet -> @employee stage
[2026-07-04T15:21:45.075+0000] {logging_mixin.py:188} INFO - Uploaded /tmp/minio_downloads/employee_190638299821.parquet -> @employee stage
[2026-07-04T15:21:45.485+0000] {logging_mixin.py:188} INFO - Uploaded /tmp/minio_downloads/employee_190638405675.parquet -> @employee stage
[2026-07-04T15:21:45.892+0000] {logging_mixin.py:188} INFO - Uploaded /tmp/minio_downloads/employee_190638480039.parquet -> @employee stage
[2026-07-04T15:21:46.305+0000] {logging_mixin.py:188} INFO - Uploaded /tmp/minio_downloads/employee_190638563512.parquet -> @employee stage
[2026-07-04T15:21:46.710+0000] {logging_mixin.py:188} INFO - Uploaded /tmp/minio_downloads/employee_190638645414.parquet -> @employee stage
[2026-07-04T15:21:47.120+0000] {logging_mixin.py:188} INFO - Uploaded /tmp/minio_downloads/employee_190638727750.parquet -> @employee stage
[2026-07-04T15:21:47.530+0000] {logging_mixin.py:188} INFO - Uploaded /tmp/minio_downloads/employee_190638818109.parquet -> @employee stage
[2026-07-04T15:21:47.945+0000] {logging_mixin.py:188} INFO - Uploaded /tmp/minio_downloads/employee_190638913793.parquet -> @employee stage
[2026-07-04T15:21:48.459+0000] {logging_mixin.py:188} INFO - Uploaded /tmp/minio_downloads/employee_190638997018.parquet -> @employee stage
[2026-07-04T15:21:48.869+0000] {logging_mixin.py:188} INFO - Uploaded /tmp/minio_downloads/employee_190639066539.parquet -> @employee stage
[2026-07-04T15:21:49.280+0000] {logging_mixin.py:188} INFO - Uploaded /tmp/minio_downloads/employee_190639148045.parquet -> @employee stage
[2026-07-04T15:21:49.690+0000] {logging_mixin.py:188} INFO - Uploaded /tmp/minio_downloads/employee_190639234239.parquet -> @employee stage
[2026-07-04T15:21:50.099+0000] {logging_mixin.py:188} INFO - Uploaded /tmp/minio_downloads/employee_190639296274.parquet -> @employee stage
[2026-07-04T15:21:50.509+0000] {logging_mixin.py:188} INFO - Uploaded /tmp/minio_downloads/employee_190639381715.parquet -> @employee stage
[2026-07-04T15:21:50.920+0000] {logging_mixin.py:188} INFO - Uploaded /tmp/minio_downloads/employee_190639463662.parquet -> @employee stage
[2026-07-04T15:21:51.329+0000] {logging_mixin.py:188} INFO - Uploaded /tmp/minio_downloads/employee_190639536465.parquet -> @employee stage
[2026-07-04T15:21:51.736+0000] {logging_mixin.py:188} INFO - Uploaded /tmp/minio_downloads/employee_190639656089.parquet -> @employee stage
[2026-07-04T15:21:52.147+0000] {logging_mixin.py:188} INFO - Uploaded /tmp/minio_downloads/employee_190639754000.parquet -> @employee stage
[2026-07-04T15:21:52.554+0000] {logging_mixin.py:188} INFO - Uploaded /tmp/minio_downloads/employee_190639836475.parquet -> @employee stage
[2026-07-04T15:21:52.969+0000] {logging_mixin.py:188} INFO - Uploaded /tmp/minio_downloads/employee_190639951420.parquet -> @employee stage
[2026-07-04T15:21:53.379+0000] {logging_mixin.py:188} INFO - Uploaded /tmp/minio_downloads/employee_190640070550.parquet -> @employee stage
[2026-07-04T15:21:53.766+0000] {logging_mixin.py:188} INFO - Uploaded /tmp/minio_downloads/employee_190640212356.parquet -> @employee stage
[2026-07-04T15:21:54.196+0000] {logging_mixin.py:188} INFO - Uploaded /tmp/minio_downloads/employee_190640296793.parquet -> @employee stage
[2026-07-04T15:21:54.609+0000] {logging_mixin.py:188} INFO - Uploaded /tmp/minio_downloads/employee_190640383549.parquet -> @employee stage
[2026-07-04T15:21:55.012+0000] {logging_mixin.py:188} INFO - Uploaded /tmp/minio_downloads/employee_190640464723.parquet -> @employee stage
[2026-07-04T15:21:55.427+0000] {logging_mixin.py:188} INFO - Uploaded /tmp/minio_downloads/employee_190640556817.parquet -> @employee stage
[2026-07-04T15:21:55.837+0000] {logging_mixin.py:188} INFO - Uploaded /tmp/minio_downloads/employee_190640651356.parquet -> @employee stage
[2026-07-04T15:21:56.242+0000] {logging_mixin.py:188} INFO - Uploaded /tmp/minio_downloads/employee_190640834877.parquet -> @employee stage
[2026-07-04T15:21:56.656+0000] {logging_mixin.py:188} INFO - Uploaded /tmp/minio_downloads/employee_190640951566.parquet -> @employee stage
[2026-07-04T15:21:57.060+0000] {logging_mixin.py:188} INFO - Uploaded /tmp/minio_downloads/employee_190641068797.parquet -> @employee stage
[2026-07-04T15:21:57.474+0000] {logging_mixin.py:188} INFO - Uploaded /tmp/minio_downloads/employee_190641172420.parquet -> @employee stage
[2026-07-04T15:21:57.886+0000] {logging_mixin.py:188} INFO - Uploaded /tmp/minio_downloads/employee_190641252092.parquet -> @employee stage
[2026-07-04T15:21:58.501+0000] {logging_mixin.py:188} INFO - Uploaded /tmp/minio_downloads/employee_190641333672.parquet -> @employee stage
[2026-07-04T15:21:58.912+0000] {logging_mixin.py:188} INFO - Uploaded /tmp/minio_downloads/employee_190641460591.parquet -> @employee stage
[2026-07-04T15:21:59.296+0000] {logging_mixin.py:188} INFO - Uploaded /tmp/minio_downloads/employee_190641588691.parquet -> @employee stage
[2026-07-04T15:21:59.656+0000] {logging_mixin.py:188} INFO - Uploaded /tmp/minio_downloads/employee_190641691791.parquet -> @employee stage
[2026-07-04T15:22:00.139+0000] {logging_mixin.py:188} INFO - Uploaded /tmp/minio_downloads/employee_190641771272.parquet -> @employee stage
[2026-07-04T15:22:00.510+0000] {logging_mixin.py:188} INFO - Uploaded /tmp/minio_downloads/employee_190641852338.parquet -> @employee stage
[2026-07-04T15:22:00.956+0000] {logging_mixin.py:188} INFO - Uploaded /tmp/minio_downloads/employee_190641919823.parquet -> @employee stage
[2026-07-04T15:22:01.369+0000] {logging_mixin.py:188} INFO - Uploaded /tmp/minio_downloads/employee_190642000667.parquet -> @employee stage
[2026-07-04T15:22:01.775+0000] {logging_mixin.py:188} INFO - Uploaded /tmp/minio_downloads/employee_190642149894.parquet -> @employee stage
[2026-07-04T15:22:02.187+0000] {logging_mixin.py:188} INFO - Uploaded /tmp/minio_downloads/employee_190642340901.parquet -> @employee stage
[2026-07-04T15:22:02.594+0000] {logging_mixin.py:188} INFO - Uploaded /tmp/minio_downloads/employee_190642487363.parquet -> @employee stage
[2026-07-04T15:22:03.008+0000] {logging_mixin.py:188} INFO - Uploaded /tmp/minio_downloads/employee_190642603258.parquet -> @employee stage
[2026-07-04T15:22:03.412+0000] {logging_mixin.py:188} INFO - Uploaded /tmp/minio_downloads/employee_190642680514.parquet -> @employee stage
[2026-07-04T15:22:03.826+0000] {logging_mixin.py:188} INFO - Uploaded /tmp/minio_downloads/employee_190642766379.parquet -> @employee stage
[2026-07-04T15:22:04.205+0000] {logging_mixin.py:188} INFO - Uploaded /tmp/minio_downloads/employee_190642848645.parquet -> @employee stage
[2026-07-04T15:22:04.577+0000] {logging_mixin.py:188} INFO - Uploaded /tmp/minio_downloads/employee_190642944042.parquet -> @employee stage
[2026-07-04T15:22:05.053+0000] {logging_mixin.py:188} INFO - Uploaded /tmp/minio_downloads/employee_190643017447.parquet -> @employee stage
[2026-07-04T15:22:05.461+0000] {logging_mixin.py:188} INFO - Uploaded /tmp/minio_downloads/employee_190643093721.parquet -> @employee stage
[2026-07-04T15:22:05.874+0000] {logging_mixin.py:188} INFO - Uploaded /tmp/minio_downloads/employee_190643171836.parquet -> @employee stage
[2026-07-04T15:22:06.284+0000] {logging_mixin.py:188} INFO - Uploaded /tmp/minio_downloads/employee_190643256118.parquet -> @employee stage
[2026-07-04T15:22:06.691+0000] {logging_mixin.py:188} INFO - Uploaded /tmp/minio_downloads/employee_190643362568.parquet -> @employee stage
[2026-07-04T15:22:07.201+0000] {logging_mixin.py:188} INFO - Uploaded /tmp/minio_downloads/employee_190643454206.parquet -> @employee stage
[2026-07-04T15:22:07.615+0000] {logging_mixin.py:188} INFO - Uploaded /tmp/minio_downloads/employee_190643573647.parquet -> @employee stage
[2026-07-04T15:22:08.020+0000] {logging_mixin.py:188} INFO - Uploaded /tmp/minio_downloads/employee_190643687988.parquet -> @employee stage
[2026-07-04T15:22:08.436+0000] {logging_mixin.py:188} INFO - Uploaded /tmp/minio_downloads/employee_190643795327.parquet -> @employee stage
[2026-07-04T15:22:08.841+0000] {logging_mixin.py:188} INFO - Uploaded /tmp/minio_downloads/employee_190643895673.parquet -> @employee stage
[2026-07-04T15:22:09.252+0000] {logging_mixin.py:188} INFO - Uploaded /tmp/minio_downloads/employee_190643996023.parquet -> @employee stage
[2026-07-04T15:22:09.659+0000] {logging_mixin.py:188} INFO - Uploaded /tmp/minio_downloads/employee_190644085018.parquet -> @employee stage
[2026-07-04T15:22:10.065+0000] {logging_mixin.py:188} INFO - Uploaded /tmp/minio_downloads/employee_190644194378.parquet -> @employee stage
[2026-07-04T15:22:10.414+0000] {logging_mixin.py:188} INFO - Uploaded /tmp/minio_downloads/employee_190644295038.parquet -> @employee stage
[2026-07-04T15:22:10.785+0000] {logging_mixin.py:188} INFO - Uploaded /tmp/minio_downloads/employee_190644413291.parquet -> @employee stage
[2026-07-04T15:22:11.198+0000] {logging_mixin.py:188} INFO - Uploaded /tmp/minio_downloads/employee_190644499272.parquet -> @employee stage
[2026-07-04T15:22:11.602+0000] {logging_mixin.py:188} INFO - Uploaded /tmp/minio_downloads/employee_190644592245.parquet -> @employee stage
[2026-07-04T15:22:12.014+0000] {logging_mixin.py:188} INFO - Uploaded /tmp/minio_downloads/employee_190644688546.parquet -> @employee stage
[2026-07-04T15:22:12.420+0000] {logging_mixin.py:188} INFO - Uploaded /tmp/minio_downloads/employee_190644802702.parquet -> @employee stage
[2026-07-04T15:22:12.830+0000] {logging_mixin.py:188} INFO - Uploaded /tmp/minio_downloads/employee_190645054731.parquet -> @employee stage
[2026-07-04T15:22:13.244+0000] {logging_mixin.py:188} INFO - Uploaded /tmp/minio_downloads/employee_190645228378.parquet -> @employee stage
[2026-07-04T15:22:13.652+0000] {logging_mixin.py:188} INFO - Uploaded /tmp/minio_downloads/employee_190645335366.parquet -> @employee stage
[2026-07-04T15:22:14.065+0000] {logging_mixin.py:188} INFO - Uploaded /tmp/minio_downloads/employee_190645428820.parquet -> @employee stage
[2026-07-04T15:22:14.467+0000] {logging_mixin.py:188} INFO - Uploaded /tmp/minio_downloads/employee_190645506862.parquet -> @employee stage
[2026-07-04T15:22:14.882+0000] {logging_mixin.py:188} INFO - Uploaded /tmp/minio_downloads/employee_190645591708.parquet -> @employee stage
[2026-07-04T15:22:15.289+0000] {logging_mixin.py:188} INFO - Uploaded /tmp/minio_downloads/employee_190645683956.parquet -> @employee stage
[2026-07-04T15:22:15.702+0000] {logging_mixin.py:188} INFO - Uploaded /tmp/minio_downloads/employee_190645782531.parquet -> @employee stage
[2026-07-04T15:22:16.110+0000] {logging_mixin.py:188} INFO - Uploaded /tmp/minio_downloads/employee_190645884836.parquet -> @employee stage
[2026-07-04T15:22:16.519+0000] {logging_mixin.py:188} INFO - Uploaded /tmp/minio_downloads/employee_190645988222.parquet -> @employee stage
[2026-07-04T15:22:16.925+0000] {logging_mixin.py:188} INFO - Uploaded /tmp/minio_downloads/employee_190646062508.parquet -> @employee stage
[2026-07-04T15:22:17.339+0000] {logging_mixin.py:188} INFO - Uploaded /tmp/minio_downloads/employee_190646164819.parquet -> @employee stage
[2026-07-04T15:22:17.750+0000] {logging_mixin.py:188} INFO - Uploaded /tmp/minio_downloads/employee_190646256124.parquet -> @employee stage
[2026-07-04T15:22:18.152+0000] {logging_mixin.py:188} INFO - Uploaded /tmp/minio_downloads/employee_190646349923.parquet -> @employee stage
[2026-07-04T15:22:18.566+0000] {logging_mixin.py:188} INFO - Uploaded /tmp/minio_downloads/employee_190646450078.parquet -> @employee stage
[2026-07-04T15:22:18.975+0000] {logging_mixin.py:188} INFO - Uploaded /tmp/minio_downloads/employee_190646588862.parquet -> @employee stage
[2026-07-04T15:22:19.386+0000] {logging_mixin.py:188} INFO - Uploaded /tmp/minio_downloads/employee_190646720256.parquet -> @employee stage
[2026-07-04T15:22:19.793+0000] {logging_mixin.py:188} INFO - Uploaded /tmp/minio_downloads/employee_190646845792.parquet -> @employee stage
[2026-07-04T15:22:20.207+0000] {logging_mixin.py:188} INFO - Uploaded /tmp/minio_downloads/employee_190646950886.parquet -> @employee stage
[2026-07-04T15:22:20.619+0000] {logging_mixin.py:188} INFO - Uploaded /tmp/minio_downloads/employee_190647048342.parquet -> @employee stage
[2026-07-04T15:22:21.027+0000] {logging_mixin.py:188} INFO - Uploaded /tmp/minio_downloads/employee_190647148510.parquet -> @employee stage
[2026-07-04T15:22:21.435+0000] {logging_mixin.py:188} INFO - Uploaded /tmp/minio_downloads/employee_190647224394.parquet -> @employee stage
[2026-07-04T15:22:21.843+0000] {logging_mixin.py:188} INFO - Uploaded /tmp/minio_downloads/employee_190647305985.parquet -> @employee stage
[2026-07-04T15:22:22.257+0000] {logging_mixin.py:188} INFO - Uploaded /tmp/minio_downloads/employee_190647394891.parquet -> @employee stage
[2026-07-04T15:22:22.665+0000] {logging_mixin.py:188} INFO - Uploaded /tmp/minio_downloads/employee_190647473701.parquet -> @employee stage
[2026-07-04T15:22:23.074+0000] {logging_mixin.py:188} INFO - Uploaded /tmp/minio_downloads/employee_190647556757.parquet -> @employee stage
[2026-07-04T15:22:23.484+0000] {logging_mixin.py:188} INFO - Uploaded /tmp/minio_downloads/employee_190647648765.parquet -> @employee stage
[2026-07-04T15:22:23.890+0000] {logging_mixin.py:188} INFO - Uploaded /tmp/minio_downloads/employee_190647725692.parquet -> @employee stage
[2026-07-04T15:22:24.305+0000] {logging_mixin.py:188} INFO - Uploaded /tmp/minio_downloads/employee_190647806364.parquet -> @employee stage
[2026-07-04T15:22:24.712+0000] {logging_mixin.py:188} INFO - Uploaded /tmp/minio_downloads/employee_190647908655.parquet -> @employee stage
[2026-07-04T15:22:25.127+0000] {logging_mixin.py:188} INFO - Uploaded /tmp/minio_downloads/employee_190647972220.parquet -> @employee stage
[2026-07-04T15:22:25.535+0000] {logging_mixin.py:188} INFO - Uploaded /tmp/minio_downloads/employee_190648059507.parquet -> @employee stage
[2026-07-04T15:22:25.942+0000] {logging_mixin.py:188} INFO - Uploaded /tmp/minio_downloads/employee_190648149281.parquet -> @employee stage
[2026-07-04T15:22:26.355+0000] {logging_mixin.py:188} INFO - Uploaded /tmp/minio_downloads/employee_190648230581.parquet -> @employee stage
[2026-07-04T15:22:26.763+0000] {logging_mixin.py:188} INFO - Uploaded /tmp/minio_downloads/employee_190648307076.parquet -> @employee stage
[2026-07-04T15:22:27.122+0000] {logging_mixin.py:188} INFO - Uploaded /tmp/minio_downloads/employee_190648382390.parquet -> @employee stage
[2026-07-04T15:22:27.580+0000] {logging_mixin.py:188} INFO - Uploaded /tmp/minio_downloads/employee_190648459885.parquet -> @employee stage
[2026-07-04T15:22:27.989+0000] {logging_mixin.py:188} INFO - Uploaded /tmp/minio_downloads/employee_190648538156.parquet -> @employee stage
[2026-07-04T15:22:28.401+0000] {logging_mixin.py:188} INFO - Uploaded /tmp/minio_downloads/employee_190648626719.parquet -> @employee stage
[2026-07-04T15:22:28.813+0000] {logging_mixin.py:188} INFO - Uploaded /tmp/minio_downloads/employee_190648688972.parquet -> @employee stage
[2026-07-04T15:22:29.218+0000] {logging_mixin.py:188} INFO - Uploaded /tmp/minio_downloads/employee_190648795350.parquet -> @employee stage
[2026-07-04T15:22:29.628+0000] {logging_mixin.py:188} INFO - Uploaded /tmp/minio_downloads/employee_190648965580.parquet -> @employee stage
[2026-07-04T15:22:30.038+0000] {logging_mixin.py:188} INFO - Uploaded /tmp/minio_downloads/employee_190649061186.parquet -> @employee stage
[2026-07-04T15:22:30.446+0000] {logging_mixin.py:188} INFO - Uploaded /tmp/minio_downloads/employee_190649150188.parquet -> @employee stage
[2026-07-04T15:22:30.857+0000] {logging_mixin.py:188} INFO - Uploaded /tmp/minio_downloads/employee_190649243860.parquet -> @employee stage
[2026-07-04T15:22:31.231+0000] {logging_mixin.py:188} INFO - Uploaded /tmp/minio_downloads/employee_190649334626.parquet -> @employee stage
[2026-07-04T15:22:32.195+0000] {logging_mixin.py:188} INFO - Data loaded into employee
[2026-07-04T15:22:32.602+0000] {logging_mixin.py:188} INFO - Uploaded /tmp/minio_downloads/inventory_190337467047.parquet -> @inventory stage
[2026-07-04T15:22:33.011+0000] {logging_mixin.py:188} INFO - Uploaded /tmp/minio_downloads/inventory_190337539172.parquet -> @inventory stage
[2026-07-04T15:22:33.423+0000] {logging_mixin.py:188} INFO - Uploaded /tmp/minio_downloads/inventory_190337620830.parquet -> @inventory stage
[2026-07-04T15:22:33.762+0000] {logging_mixin.py:188} INFO - Uploaded /tmp/minio_downloads/inventory_190337683542.parquet -> @inventory stage
[2026-07-04T15:22:34.241+0000] {logging_mixin.py:188} INFO - Uploaded /tmp/minio_downloads/inventory_190337739630.parquet -> @inventory stage
[2026-07-04T15:22:34.647+0000] {logging_mixin.py:188} INFO - Uploaded /tmp/minio_downloads/inventory_190337796572.parquet -> @inventory stage
[2026-07-04T15:22:35.060+0000] {logging_mixin.py:188} INFO - Uploaded /tmp/minio_downloads/inventory_190337864335.parquet -> @inventory stage
[2026-07-04T15:22:35.470+0000] {logging_mixin.py:188} INFO - Uploaded /tmp/minio_downloads/inventory_190337925836.parquet -> @inventory stage
[2026-07-04T15:22:35.875+0000] {logging_mixin.py:188} INFO - Uploaded /tmp/minio_downloads/inventory_190337984319.parquet -> @inventory stage
[2026-07-04T15:22:36.289+0000] {logging_mixin.py:188} INFO - Uploaded /tmp/minio_downloads/inventory_190338047866.parquet -> @inventory stage
[2026-07-04T15:22:36.801+0000] {logging_mixin.py:188} INFO - Uploaded /tmp/minio_downloads/inventory_190338121095.parquet -> @inventory stage
[2026-07-04T15:22:37.206+0000] {logging_mixin.py:188} INFO - Uploaded /tmp/minio_downloads/inventory_190338193018.parquet -> @inventory stage
[2026-07-04T15:22:37.619+0000] {logging_mixin.py:188} INFO - Uploaded /tmp/minio_downloads/inventory_190338254298.parquet -> @inventory stage
[2026-07-04T15:22:38.028+0000] {logging_mixin.py:188} INFO - Uploaded /tmp/minio_downloads/inventory_190338316646.parquet -> @inventory stage
[2026-07-04T15:22:38.434+0000] {logging_mixin.py:188} INFO - Uploaded /tmp/minio_downloads/inventory_190338382246.parquet -> @inventory stage
[2026-07-04T15:22:38.848+0000] {logging_mixin.py:188} INFO - Uploaded /tmp/minio_downloads/inventory_190338434412.parquet -> @inventory stage
[2026-07-04T15:22:39.257+0000] {logging_mixin.py:188} INFO - Uploaded /tmp/minio_downloads/inventory_190338494076.parquet -> @inventory stage
[2026-07-04T15:22:39.657+0000] {logging_mixin.py:188} INFO - Uploaded /tmp/minio_downloads/inventory_190338545881.parquet -> @inventory stage
[2026-07-04T15:22:40.071+0000] {logging_mixin.py:188} INFO - Uploaded /tmp/minio_downloads/inventory_190338610485.parquet -> @inventory stage
[2026-07-04T15:22:40.477+0000] {logging_mixin.py:188} INFO - Uploaded /tmp/minio_downloads/inventory_190338682363.parquet -> @inventory stage
[2026-07-04T15:22:40.893+0000] {logging_mixin.py:188} INFO - Uploaded /tmp/minio_downloads/inventory_190338750246.parquet -> @inventory stage
[2026-07-04T15:22:41.299+0000] {logging_mixin.py:188} INFO - Uploaded /tmp/minio_downloads/inventory_190338826821.parquet -> @inventory stage
[2026-07-04T15:22:41.710+0000] {logging_mixin.py:188} INFO - Uploaded /tmp/minio_downloads/inventory_190338894481.parquet -> @inventory stage
[2026-07-04T15:22:42.124+0000] {logging_mixin.py:188} INFO - Uploaded /tmp/minio_downloads/inventory_190338960373.parquet -> @inventory stage
[2026-07-04T15:22:42.525+0000] {logging_mixin.py:188} INFO - Uploaded /tmp/minio_downloads/inventory_190339021485.parquet -> @inventory stage
[2026-07-04T15:22:42.935+0000] {logging_mixin.py:188} INFO - Uploaded /tmp/minio_downloads/inventory_190339083301.parquet -> @inventory stage
[2026-07-04T15:22:43.451+0000] {logging_mixin.py:188} INFO - Uploaded /tmp/minio_downloads/inventory_190339145136.parquet -> @inventory stage
[2026-07-04T15:22:43.856+0000] {logging_mixin.py:188} INFO - Uploaded /tmp/minio_downloads/inventory_190339206361.parquet -> @inventory stage
[2026-07-04T15:22:44.271+0000] {logging_mixin.py:188} INFO - Uploaded /tmp/minio_downloads/inventory_190339261513.parquet -> @inventory stage
[2026-07-04T15:22:44.681+0000] {logging_mixin.py:188} INFO - Uploaded /tmp/minio_downloads/inventory_190339327179.parquet -> @inventory stage
[2026-07-04T15:22:45.046+0000] {logging_mixin.py:188} INFO - Uploaded /tmp/minio_downloads/inventory_190339386810.parquet -> @inventory stage
[2026-07-04T15:22:45.397+0000] {logging_mixin.py:188} INFO - Uploaded /tmp/minio_downloads/inventory_190339454255.parquet -> @inventory stage
[2026-07-04T15:22:45.803+0000] {logging_mixin.py:188} INFO - Uploaded /tmp/minio_downloads/inventory_190339511364.parquet -> @inventory stage
[2026-07-04T15:22:46.217+0000] {logging_mixin.py:188} INFO - Uploaded /tmp/minio_downloads/inventory_190339577443.parquet -> @inventory stage
[2026-07-04T15:22:46.621+0000] {logging_mixin.py:188} INFO - Uploaded /tmp/minio_downloads/inventory_190339643939.parquet -> @inventory stage
[2026-07-04T15:22:47.035+0000] {logging_mixin.py:188} INFO - Uploaded /tmp/minio_downloads/inventory_190339703811.parquet -> @inventory stage
[2026-07-04T15:22:47.443+0000] {logging_mixin.py:188} INFO - Uploaded /tmp/minio_downloads/inventory_190339754453.parquet -> @inventory stage
[2026-07-04T15:22:47.857+0000] {logging_mixin.py:188} INFO - Uploaded /tmp/minio_downloads/inventory_190339810180.parquet -> @inventory stage
[2026-07-04T15:22:48.266+0000] {logging_mixin.py:188} INFO - Uploaded /tmp/minio_downloads/inventory_190339877533.parquet -> @inventory stage
[2026-07-04T15:22:48.676+0000] {logging_mixin.py:188} INFO - Uploaded /tmp/minio_downloads/inventory_190339941070.parquet -> @inventory stage
[2026-07-04T15:22:49.084+0000] {logging_mixin.py:188} INFO - Uploaded /tmp/minio_downloads/inventory_190339995854.parquet -> @inventory stage
[2026-07-04T15:22:49.453+0000] {logging_mixin.py:188} INFO - Uploaded /tmp/minio_downloads/inventory_190340059222.parquet -> @inventory stage
[2026-07-04T15:22:49.897+0000] {logging_mixin.py:188} INFO - Uploaded /tmp/minio_downloads/inventory_190340130700.parquet -> @inventory stage
[2026-07-04T15:22:50.309+0000] {logging_mixin.py:188} INFO - Uploaded /tmp/minio_downloads/inventory_190340205627.parquet -> @inventory stage
[2026-07-04T15:22:50.723+0000] {logging_mixin.py:188} INFO - Uploaded /tmp/minio_downloads/inventory_190340259288.parquet -> @inventory stage
[2026-07-04T15:22:51.127+0000] {logging_mixin.py:188} INFO - Uploaded /tmp/minio_downloads/inventory_190340313684.parquet -> @inventory stage
[2026-07-04T15:22:51.538+0000] {logging_mixin.py:188} INFO - Uploaded /tmp/minio_downloads/inventory_190340384206.parquet -> @inventory stage
[2026-07-04T15:22:51.949+0000] {logging_mixin.py:188} INFO - Uploaded /tmp/minio_downloads/inventory_190340453296.parquet -> @inventory stage
[2026-07-04T15:22:52.358+0000] {logging_mixin.py:188} INFO - Uploaded /tmp/minio_downloads/inventory_190340536217.parquet -> @inventory stage
[2026-07-04T15:22:52.734+0000] {logging_mixin.py:188} INFO - Uploaded /tmp/minio_downloads/inventory_190340614376.parquet -> @inventory stage
[2026-07-04T15:22:53.483+0000] {logging_mixin.py:188} INFO - Uploaded /tmp/minio_downloads/inventory_190340684107.parquet -> @inventory stage
[2026-07-04T15:22:53.897+0000] {logging_mixin.py:188} INFO - Uploaded /tmp/minio_downloads/inventory_190340751478.parquet -> @inventory stage
[2026-07-04T15:22:54.261+0000] {logging_mixin.py:188} INFO - Uploaded /tmp/minio_downloads/inventory_190340834474.parquet -> @inventory stage
[2026-07-04T15:22:55.025+0000] {logging_mixin.py:188} INFO - Uploaded /tmp/minio_downloads/inventory_190340926266.parquet -> @inventory stage
[2026-07-04T15:22:55.435+0000] {logging_mixin.py:188} INFO - Uploaded /tmp/minio_downloads/inventory_190341010920.parquet -> @inventory stage
[2026-07-04T15:22:55.840+0000] {logging_mixin.py:188} INFO - Uploaded /tmp/minio_downloads/inventory_190341082410.parquet -> @inventory stage
[2026-07-04T15:22:56.257+0000] {logging_mixin.py:188} INFO - Uploaded /tmp/minio_downloads/inventory_190341163407.parquet -> @inventory stage
[2026-07-04T15:22:56.663+0000] {logging_mixin.py:188} INFO - Uploaded /tmp/minio_downloads/inventory_190341242530.parquet -> @inventory stage
[2026-07-04T15:22:57.073+0000] {logging_mixin.py:188} INFO - Uploaded /tmp/minio_downloads/inventory_190341314280.parquet -> @inventory stage
[2026-07-04T15:22:57.434+0000] {logging_mixin.py:188} INFO - Uploaded /tmp/minio_downloads/inventory_190341385759.parquet -> @inventory stage
[2026-07-04T15:22:57.994+0000] {logging_mixin.py:188} INFO - Uploaded /tmp/minio_downloads/inventory_190341444032.parquet -> @inventory stage
[2026-07-04T15:22:58.401+0000] {logging_mixin.py:188} INFO - Uploaded /tmp/minio_downloads/inventory_190341518729.parquet -> @inventory stage
[2026-07-04T15:22:58.764+0000] {logging_mixin.py:188} INFO - Uploaded /tmp/minio_downloads/inventory_190341593901.parquet -> @inventory stage
[2026-07-04T15:22:59.224+0000] {logging_mixin.py:188} INFO - Uploaded /tmp/minio_downloads/inventory_190341658977.parquet -> @inventory stage
[2026-07-04T15:22:59.586+0000] {logging_mixin.py:188} INFO - Uploaded /tmp/minio_downloads/inventory_190341729414.parquet -> @inventory stage
[2026-07-04T15:22:59.957+0000] {logging_mixin.py:188} INFO - Uploaded /tmp/minio_downloads/inventory_190341797806.parquet -> @inventory stage
[2026-07-04T15:23:00.456+0000] {logging_mixin.py:188} INFO - Uploaded /tmp/minio_downloads/inventory_190341859781.parquet -> @inventory stage
[2026-07-04T15:23:00.862+0000] {logging_mixin.py:188} INFO - Uploaded /tmp/minio_downloads/inventory_190341941097.parquet -> @inventory stage
[2026-07-04T15:23:01.274+0000] {logging_mixin.py:188} INFO - Uploaded /tmp/minio_downloads/inventory_190342009054.parquet -> @inventory stage
[2026-07-04T15:23:01.678+0000] {logging_mixin.py:188} INFO - Uploaded /tmp/minio_downloads/inventory_190342085239.parquet -> @inventory stage
[2026-07-04T15:23:02.087+0000] {logging_mixin.py:188} INFO - Uploaded /tmp/minio_downloads/inventory_190342146153.parquet -> @inventory stage
[2026-07-04T15:23:02.496+0000] {logging_mixin.py:188} INFO - Uploaded /tmp/minio_downloads/inventory_190342205463.parquet -> @inventory stage
[2026-07-04T15:23:02.907+0000] {logging_mixin.py:188} INFO - Uploaded /tmp/minio_downloads/inventory_190342269726.parquet -> @inventory stage
[2026-07-04T15:23:03.334+0000] {logging_mixin.py:188} INFO - Uploaded /tmp/minio_downloads/inventory_190342330496.parquet -> @inventory stage
[2026-07-04T15:23:03.729+0000] {logging_mixin.py:188} INFO - Uploaded /tmp/minio_downloads/inventory_190342393936.parquet -> @inventory stage
[2026-07-04T15:23:04.134+0000] {logging_mixin.py:188} INFO - Uploaded /tmp/minio_downloads/inventory_190342463948.parquet -> @inventory stage
[2026-07-04T15:23:04.483+0000] {logging_mixin.py:188} INFO - Uploaded /tmp/minio_downloads/inventory_190342543370.parquet -> @inventory stage
[2026-07-04T15:23:04.836+0000] {logging_mixin.py:188} INFO - Uploaded /tmp/minio_downloads/inventory_190342594955.parquet -> @inventory stage
[2026-07-04T15:23:05.174+0000] {logging_mixin.py:188} INFO - Uploaded /tmp/minio_downloads/inventory_190342661410.parquet -> @inventory stage
[2026-07-04T15:23:05.571+0000] {logging_mixin.py:188} INFO - Uploaded /tmp/minio_downloads/inventory_190342726660.parquet -> @inventory stage
[2026-07-04T15:23:05.980+0000] {logging_mixin.py:188} INFO - Uploaded /tmp/minio_downloads/inventory_190342786938.parquet -> @inventory stage
[2026-07-04T15:23:06.387+0000] {logging_mixin.py:188} INFO - Uploaded /tmp/minio_downloads/inventory_190342852874.parquet -> @inventory stage
[2026-07-04T15:23:06.800+0000] {logging_mixin.py:188} INFO - Uploaded /tmp/minio_downloads/inventory_190342936889.parquet -> @inventory stage
[2026-07-04T15:23:07.208+0000] {logging_mixin.py:188} INFO - Uploaded /tmp/minio_downloads/inventory_190342993868.parquet -> @inventory stage
[2026-07-04T15:23:07.622+0000] {logging_mixin.py:188} INFO - Uploaded /tmp/minio_downloads/inventory_190343072842.parquet -> @inventory stage
[2026-07-04T15:23:08.026+0000] {logging_mixin.py:188} INFO - Uploaded /tmp/minio_downloads/inventory_190343143943.parquet -> @inventory stage
[2026-07-04T15:23:08.436+0000] {logging_mixin.py:188} INFO - Uploaded /tmp/minio_downloads/inventory_190343204018.parquet -> @inventory stage
[2026-07-04T15:23:08.848+0000] {logging_mixin.py:188} INFO - Uploaded /tmp/minio_downloads/inventory_190343261234.parquet -> @inventory stage
[2026-07-04T15:23:09.255+0000] {logging_mixin.py:188} INFO - Uploaded /tmp/minio_downloads/inventory_190343319220.parquet -> @inventory stage
[2026-07-04T15:23:09.663+0000] {logging_mixin.py:188} INFO - Uploaded /tmp/minio_downloads/inventory_190343373847.parquet -> @inventory stage
[2026-07-04T15:23:10.070+0000] {logging_mixin.py:188} INFO - Uploaded /tmp/minio_downloads/inventory_190343441168.parquet -> @inventory stage
[2026-07-04T15:23:10.481+0000] {logging_mixin.py:188} INFO - Uploaded /tmp/minio_downloads/inventory_190343496276.parquet -> @inventory stage
[2026-07-04T15:23:10.891+0000] {logging_mixin.py:188} INFO - Uploaded /tmp/minio_downloads/inventory_190343559602.parquet -> @inventory stage
[2026-07-04T15:23:11.300+0000] {logging_mixin.py:188} INFO - Uploaded /tmp/minio_downloads/inventory_190343612423.parquet -> @inventory stage
[2026-07-04T15:23:11.710+0000] {logging_mixin.py:188} INFO - Uploaded /tmp/minio_downloads/inventory_190343679960.parquet -> @inventory stage
[2026-07-04T15:23:12.119+0000] {logging_mixin.py:188} INFO - Uploaded /tmp/minio_downloads/inventory_190343741477.parquet -> @inventory stage
[2026-07-04T15:23:12.528+0000] {logging_mixin.py:188} INFO - Uploaded /tmp/minio_downloads/inventory_190343862360.parquet -> @inventory stage
[2026-07-04T15:23:12.943+0000] {logging_mixin.py:188} INFO - Uploaded /tmp/minio_downloads/inventory_190343923035.parquet -> @inventory stage
[2026-07-04T15:23:13.349+0000] {logging_mixin.py:188} INFO - Uploaded /tmp/minio_downloads/inventory_190343985215.parquet -> @inventory stage
[2026-07-04T15:23:13.759+0000] {logging_mixin.py:188} INFO - Uploaded /tmp/minio_downloads/inventory_190344040360.parquet -> @inventory stage
[2026-07-04T15:23:14.169+0000] {logging_mixin.py:188} INFO - Uploaded /tmp/minio_downloads/inventory_190344106124.parquet -> @inventory stage
[2026-07-04T15:23:14.582+0000] {logging_mixin.py:188} INFO - Uploaded /tmp/minio_downloads/inventory_190344158732.parquet -> @inventory stage
[2026-07-04T15:23:14.992+0000] {logging_mixin.py:188} INFO - Uploaded /tmp/minio_downloads/inventory_190344223718.parquet -> @inventory stage
[2026-07-04T15:23:15.395+0000] {logging_mixin.py:188} INFO - Uploaded /tmp/minio_downloads/inventory_190344293806.parquet -> @inventory stage
[2026-07-04T15:23:15.807+0000] {logging_mixin.py:188} INFO - Uploaded /tmp/minio_downloads/inventory_190344915896.parquet -> @inventory stage
[2026-07-04T15:23:16.216+0000] {logging_mixin.py:188} INFO - Uploaded /tmp/minio_downloads/inventory_190344972739.parquet -> @inventory stage
[2026-07-04T15:23:16.625+0000] {logging_mixin.py:188} INFO - Uploaded /tmp/minio_downloads/inventory_190345064712.parquet -> @inventory stage
[2026-07-04T15:23:17.037+0000] {logging_mixin.py:188} INFO - Uploaded /tmp/minio_downloads/inventory_190345123557.parquet -> @inventory stage
[2026-07-04T15:23:17.446+0000] {logging_mixin.py:188} INFO - Uploaded /tmp/minio_downloads/inventory_190345193710.parquet -> @inventory stage
[2026-07-04T15:23:17.855+0000] {logging_mixin.py:188} INFO - Uploaded /tmp/minio_downloads/inventory_190345264626.parquet -> @inventory stage
[2026-07-04T15:23:18.265+0000] {logging_mixin.py:188} INFO - Uploaded /tmp/minio_downloads/inventory_190345338494.parquet -> @inventory stage
[2026-07-04T15:23:18.675+0000] {logging_mixin.py:188} INFO - Uploaded /tmp/minio_downloads/inventory_190345411915.parquet -> @inventory stage
[2026-07-04T15:23:19.085+0000] {logging_mixin.py:188} INFO - Uploaded /tmp/minio_downloads/inventory_190345483075.parquet -> @inventory stage
[2026-07-04T15:23:19.494+0000] {logging_mixin.py:188} INFO - Uploaded /tmp/minio_downloads/inventory_190345559945.parquet -> @inventory stage
[2026-07-04T15:23:19.903+0000] {logging_mixin.py:188} INFO - Uploaded /tmp/minio_downloads/inventory_190345630476.parquet -> @inventory stage
[2026-07-04T15:23:20.315+0000] {logging_mixin.py:188} INFO - Uploaded /tmp/minio_downloads/inventory_190345688959.parquet -> @inventory stage
[2026-07-04T15:23:20.722+0000] {logging_mixin.py:188} INFO - Uploaded /tmp/minio_downloads/inventory_190345773334.parquet -> @inventory stage
[2026-07-04T15:23:21.133+0000] {logging_mixin.py:188} INFO - Uploaded /tmp/minio_downloads/inventory_190345838775.parquet -> @inventory stage
[2026-07-04T15:23:21.545+0000] {logging_mixin.py:188} INFO - Uploaded /tmp/minio_downloads/inventory_190345912468.parquet -> @inventory stage
[2026-07-04T15:23:21.951+0000] {logging_mixin.py:188} INFO - Uploaded /tmp/minio_downloads/inventory_190345990335.parquet -> @inventory stage
[2026-07-04T15:23:22.297+0000] {logging_mixin.py:188} INFO - Uploaded /tmp/minio_downloads/inventory_190346078532.parquet -> @inventory stage
[2026-07-04T15:23:22.667+0000] {logging_mixin.py:188} INFO - Uploaded /tmp/minio_downloads/inventory_190346176294.parquet -> @inventory stage
[2026-07-04T15:23:23.079+0000] {logging_mixin.py:188} INFO - Uploaded /tmp/minio_downloads/inventory_190346257577.parquet -> @inventory stage
[2026-07-04T15:23:23.451+0000] {logging_mixin.py:188} INFO - Uploaded /tmp/minio_downloads/inventory_190346338288.parquet -> @inventory stage
[2026-07-04T15:23:23.898+0000] {logging_mixin.py:188} INFO - Uploaded /tmp/minio_downloads/inventory_190346432751.parquet -> @inventory stage
[2026-07-04T15:23:24.308+0000] {logging_mixin.py:188} INFO - Uploaded /tmp/minio_downloads/inventory_190346521979.parquet -> @inventory stage
[2026-07-04T15:23:24.719+0000] {logging_mixin.py:188} INFO - Uploaded /tmp/minio_downloads/inventory_190346622110.parquet -> @inventory stage
[2026-07-04T15:23:25.128+0000] {logging_mixin.py:188} INFO - Uploaded /tmp/minio_downloads/inventory_190346722521.parquet -> @inventory stage
[2026-07-04T15:23:25.539+0000] {logging_mixin.py:188} INFO - Uploaded /tmp/minio_downloads/inventory_190346812937.parquet -> @inventory stage
[2026-07-04T15:23:25.947+0000] {logging_mixin.py:188} INFO - Uploaded /tmp/minio_downloads/inventory_190346903911.parquet -> @inventory stage
[2026-07-04T15:23:26.356+0000] {logging_mixin.py:188} INFO - Uploaded /tmp/minio_downloads/inventory_190346987670.parquet -> @inventory stage
[2026-07-04T15:23:26.766+0000] {logging_mixin.py:188} INFO - Uploaded /tmp/minio_downloads/inventory_190347073500.parquet -> @inventory stage
[2026-07-04T15:23:27.176+0000] {logging_mixin.py:188} INFO - Uploaded /tmp/minio_downloads/inventory_190347173711.parquet -> @inventory stage
[2026-07-04T15:23:27.587+0000] {logging_mixin.py:188} INFO - Uploaded /tmp/minio_downloads/inventory_190347282740.parquet -> @inventory stage
[2026-07-04T15:23:28.507+0000] {logging_mixin.py:188} INFO - Uploaded /tmp/minio_downloads/inventory_190347361979.parquet -> @inventory stage
[2026-07-04T15:23:29.023+0000] {logging_mixin.py:188} INFO - Uploaded /tmp/minio_downloads/inventory_190347453684.parquet -> @inventory stage
[2026-07-04T15:23:29.433+0000] {logging_mixin.py:188} INFO - Uploaded /tmp/minio_downloads/inventory_190347539069.parquet -> @inventory stage
[2026-07-04T15:23:29.840+0000] {logging_mixin.py:188} INFO - Uploaded /tmp/minio_downloads/inventory_190347623669.parquet -> @inventory stage
[2026-07-04T15:23:30.355+0000] {logging_mixin.py:188} INFO - Uploaded /tmp/minio_downloads/inventory_190347708305.parquet -> @inventory stage
[2026-07-04T15:23:30.762+0000] {logging_mixin.py:188} INFO - Uploaded /tmp/minio_downloads/inventory_190347776332.parquet -> @inventory stage
[2026-07-04T15:23:31.180+0000] {logging_mixin.py:188} INFO - Uploaded /tmp/minio_downloads/inventory_190347854481.parquet -> @inventory stage
[2026-07-04T15:23:31.589+0000] {logging_mixin.py:188} INFO - Uploaded /tmp/minio_downloads/inventory_190347940565.parquet -> @inventory stage
[2026-07-04T15:23:31.993+0000] {logging_mixin.py:188} INFO - Uploaded /tmp/minio_downloads/inventory_190348027685.parquet -> @inventory stage
[2026-07-04T15:23:32.403+0000] {logging_mixin.py:188} INFO - Uploaded /tmp/minio_downloads/inventory_190348131138.parquet -> @inventory stage
[2026-07-04T15:23:32.810+0000] {logging_mixin.py:188} INFO - Uploaded /tmp/minio_downloads/inventory_190348225728.parquet -> @inventory stage
[2026-07-04T15:23:33.224+0000] {logging_mixin.py:188} INFO - Uploaded /tmp/minio_downloads/inventory_190348312987.parquet -> @inventory stage
[2026-07-04T15:23:33.627+0000] {logging_mixin.py:188} INFO - Uploaded /tmp/minio_downloads/inventory_190348392047.parquet -> @inventory stage
[2026-07-04T15:23:34.044+0000] {logging_mixin.py:188} INFO - Uploaded /tmp/minio_downloads/inventory_190348471934.parquet -> @inventory stage
[2026-07-04T15:23:34.448+0000] {logging_mixin.py:188} INFO - Uploaded /tmp/minio_downloads/inventory_190348567975.parquet -> @inventory stage
[2026-07-04T15:23:34.835+0000] {logging_mixin.py:188} INFO - Uploaded /tmp/minio_downloads/inventory_190348661020.parquet -> @inventory stage
[2026-07-04T15:23:35.270+0000] {logging_mixin.py:188} INFO - Uploaded /tmp/minio_downloads/inventory_190348746675.parquet -> @inventory stage
[2026-07-04T15:23:35.680+0000] {logging_mixin.py:188} INFO - Uploaded /tmp/minio_downloads/inventory_190348822548.parquet -> @inventory stage
[2026-07-04T15:23:36.090+0000] {logging_mixin.py:188} INFO - Uploaded /tmp/minio_downloads/inventory_190348903851.parquet -> @inventory stage
[2026-07-04T15:23:36.497+0000] {logging_mixin.py:188} INFO - Uploaded /tmp/minio_downloads/inventory_190348987565.parquet -> @inventory stage
[2026-07-04T15:23:36.906+0000] {logging_mixin.py:188} INFO - Uploaded /tmp/minio_downloads/inventory_190349055522.parquet -> @inventory stage
[2026-07-04T15:23:37.316+0000] {logging_mixin.py:188} INFO - Uploaded /tmp/minio_downloads/inventory_190349147981.parquet -> @inventory stage
[2026-07-04T15:23:37.727+0000] {logging_mixin.py:188} INFO - Uploaded /tmp/minio_downloads/inventory_190349237130.parquet -> @inventory stage
[2026-07-04T15:23:38.138+0000] {logging_mixin.py:188} INFO - Uploaded /tmp/minio_downloads/inventory_190349337698.parquet -> @inventory stage
[2026-07-04T15:23:38.550+0000] {logging_mixin.py:188} INFO - Uploaded /tmp/minio_downloads/inventory_190349441508.parquet -> @inventory stage
[2026-07-04T15:23:38.958+0000] {logging_mixin.py:188} INFO - Uploaded /tmp/minio_downloads/inventory_190349545333.parquet -> @inventory stage
[2026-07-04T15:23:39.371+0000] {logging_mixin.py:188} INFO - Uploaded /tmp/minio_downloads/inventory_190349665347.parquet -> @inventory stage
[2026-07-04T15:23:39.767+0000] {logging_mixin.py:188} INFO - Uploaded /tmp/minio_downloads/inventory_190349768105.parquet -> @inventory stage
[2026-07-04T15:23:40.183+0000] {logging_mixin.py:188} INFO - Uploaded /tmp/minio_downloads/inventory_190349867388.parquet -> @inventory stage
[2026-07-04T15:23:40.695+0000] {logging_mixin.py:188} INFO - Uploaded /tmp/minio_downloads/inventory_190349970227.parquet -> @inventory stage
[2026-07-04T15:23:41.103+0000] {logging_mixin.py:188} INFO - Uploaded /tmp/minio_downloads/inventory_190350091124.parquet -> @inventory stage
[2026-07-04T15:23:41.511+0000] {logging_mixin.py:188} INFO - Uploaded /tmp/minio_downloads/inventory_190350190147.parquet -> @inventory stage
[2026-07-04T15:23:41.922+0000] {logging_mixin.py:188} INFO - Uploaded /tmp/minio_downloads/inventory_190350302590.parquet -> @inventory stage
[2026-07-04T15:23:42.327+0000] {logging_mixin.py:188} INFO - Uploaded /tmp/minio_downloads/inventory_190350403338.parquet -> @inventory stage
[2026-07-04T15:23:42.698+0000] {logging_mixin.py:188} INFO - Uploaded /tmp/minio_downloads/inventory_190350522777.parquet -> @inventory stage
[2026-07-04T15:23:43.152+0000] {logging_mixin.py:188} INFO - Uploaded /tmp/minio_downloads/inventory_190350664011.parquet -> @inventory stage
[2026-07-04T15:23:43.562+0000] {logging_mixin.py:188} INFO - Uploaded /tmp/minio_downloads/inventory_190350793089.parquet -> @inventory stage
[2026-07-04T15:23:43.967+0000] {logging_mixin.py:188} INFO - Uploaded /tmp/minio_downloads/inventory_190350901771.parquet -> @inventory stage
[2026-07-04T15:23:44.345+0000] {logging_mixin.py:188} INFO - Uploaded /tmp/minio_downloads/inventory_190351017118.parquet -> @inventory stage
[2026-07-04T15:23:44.791+0000] {logging_mixin.py:188} INFO - Uploaded /tmp/minio_downloads/inventory_190351144679.parquet -> @inventory stage
[2026-07-04T15:23:45.301+0000] {logging_mixin.py:188} INFO - Uploaded /tmp/minio_downloads/inventory_190351258700.parquet -> @inventory stage
[2026-07-04T15:23:45.712+0000] {logging_mixin.py:188} INFO - Uploaded /tmp/minio_downloads/inventory_190351389306.parquet -> @inventory stage
[2026-07-04T15:23:46.117+0000] {logging_mixin.py:188} INFO - Uploaded /tmp/minio_downloads/inventory_190351504189.parquet -> @inventory stage
[2026-07-04T15:23:46.532+0000] {logging_mixin.py:188} INFO - Uploaded /tmp/minio_downloads/inventory_190351628768.parquet -> @inventory stage
[2026-07-04T15:23:46.940+0000] {logging_mixin.py:188} INFO - Uploaded /tmp/minio_downloads/inventory_190351747997.parquet -> @inventory stage
[2026-07-04T15:23:47.352+0000] {logging_mixin.py:188} INFO - Uploaded /tmp/minio_downloads/inventory_190351855842.parquet -> @inventory stage
[2026-07-04T15:23:47.760+0000] {logging_mixin.py:188} INFO - Uploaded /tmp/minio_downloads/inventory_190351987803.parquet -> @inventory stage
[2026-07-04T15:23:48.167+0000] {logging_mixin.py:188} INFO - Uploaded /tmp/minio_downloads/inventory_190352110850.parquet -> @inventory stage
[2026-07-04T15:23:48.581+0000] {logging_mixin.py:188} INFO - Uploaded /tmp/minio_downloads/inventory_190352285679.parquet -> @inventory stage
[2026-07-04T15:23:48.989+0000] {logging_mixin.py:188} INFO - Uploaded /tmp/minio_downloads/inventory_190352418270.parquet -> @inventory stage
[2026-07-04T15:23:49.398+0000] {logging_mixin.py:188} INFO - Uploaded /tmp/minio_downloads/inventory_190352523345.parquet -> @inventory stage
[2026-07-04T15:23:49.808+0000] {logging_mixin.py:188} INFO - Uploaded /tmp/minio_downloads/inventory_190352637108.parquet -> @inventory stage
[2026-07-04T15:23:50.424+0000] {logging_mixin.py:188} INFO - Uploaded /tmp/minio_downloads/inventory_190352734899.parquet -> @inventory stage
[2026-07-04T15:23:50.836+0000] {logging_mixin.py:188} INFO - Uploaded /tmp/minio_downloads/inventory_190352849036.parquet -> @inventory stage
[2026-07-04T15:23:51.243+0000] {logging_mixin.py:188} INFO - Uploaded /tmp/minio_downloads/inventory_190352934594.parquet -> @inventory stage
[2026-07-04T15:23:51.652+0000] {logging_mixin.py:188} INFO - Uploaded /tmp/minio_downloads/inventory_190353043508.parquet -> @inventory stage
[2026-07-04T15:23:52.056+0000] {logging_mixin.py:188} INFO - Uploaded /tmp/minio_downloads/inventory_190353134043.parquet -> @inventory stage
[2026-07-04T15:23:52.466+0000] {logging_mixin.py:188} INFO - Uploaded /tmp/minio_downloads/inventory_190353232446.parquet -> @inventory stage
[2026-07-04T15:23:52.878+0000] {logging_mixin.py:188} INFO - Uploaded /tmp/minio_downloads/inventory_190353314431.parquet -> @inventory stage
[2026-07-04T15:23:53.291+0000] {logging_mixin.py:188} INFO - Uploaded /tmp/minio_downloads/inventory_190353413572.parquet -> @inventory stage
[2026-07-04T15:23:53.701+0000] {logging_mixin.py:188} INFO - Uploaded /tmp/minio_downloads/inventory_190353504384.parquet -> @inventory stage
[2026-07-04T15:23:54.112+0000] {logging_mixin.py:188} INFO - Uploaded /tmp/minio_downloads/inventory_190353598314.parquet -> @inventory stage
[2026-07-04T15:23:54.521+0000] {logging_mixin.py:188} INFO - Uploaded /tmp/minio_downloads/inventory_190353688126.parquet -> @inventory stage
[2026-07-04T15:23:54.927+0000] {logging_mixin.py:188} INFO - Uploaded /tmp/minio_downloads/inventory_190353793120.parquet -> @inventory stage
[2026-07-04T15:23:55.442+0000] {logging_mixin.py:188} INFO - Uploaded /tmp/minio_downloads/inventory_190353902760.parquet -> @inventory stage
[2026-07-04T15:23:55.853+0000] {logging_mixin.py:188} INFO - Uploaded /tmp/minio_downloads/inventory_190353982531.parquet -> @inventory stage
[2026-07-04T15:23:56.262+0000] {logging_mixin.py:188} INFO - Uploaded /tmp/minio_downloads/inventory_190354173953.parquet -> @inventory stage
[2026-07-04T15:23:56.671+0000] {logging_mixin.py:188} INFO - Uploaded /tmp/minio_downloads/inventory_190354293177.parquet -> @inventory stage
[2026-07-04T15:23:57.064+0000] {logging_mixin.py:188} INFO - Uploaded /tmp/minio_downloads/inventory_190354396418.parquet -> @inventory stage
[2026-07-04T15:23:58.311+0000] {logging_mixin.py:188} INFO - Uploaded /tmp/minio_downloads/inventory_190354491594.parquet -> @inventory stage
[2026-07-04T15:23:58.722+0000] {logging_mixin.py:188} INFO - Uploaded /tmp/minio_downloads/inventory_190354596652.parquet -> @inventory stage
[2026-07-04T15:23:59.131+0000] {logging_mixin.py:188} INFO - Uploaded /tmp/minio_downloads/inventory_190354688453.parquet -> @inventory stage
[2026-07-04T15:23:59.748+0000] {logging_mixin.py:188} INFO - Uploaded /tmp/minio_downloads/inventory_190354788941.parquet -> @inventory stage
[2026-07-04T15:24:00.360+0000] {logging_mixin.py:188} INFO - Uploaded /tmp/minio_downloads/inventory_190354896942.parquet -> @inventory stage
[2026-07-04T15:24:00.875+0000] {logging_mixin.py:188} INFO - Uploaded /tmp/minio_downloads/inventory_190354999220.parquet -> @inventory stage
[2026-07-04T15:24:01.380+0000] {logging_mixin.py:188} INFO - Uploaded /tmp/minio_downloads/inventory_190355100621.parquet -> @inventory stage
[2026-07-04T15:24:01.794+0000] {logging_mixin.py:188} INFO - Uploaded /tmp/minio_downloads/inventory_190355198743.parquet -> @inventory stage
[2026-07-04T15:24:02.166+0000] {logging_mixin.py:188} INFO - Uploaded /tmp/minio_downloads/inventory_190355285055.parquet -> @inventory stage
[2026-07-04T15:24:02.616+0000] {logging_mixin.py:188} INFO - Uploaded /tmp/minio_downloads/inventory_190355378358.parquet -> @inventory stage
[2026-07-04T15:24:03.127+0000] {logging_mixin.py:188} INFO - Uploaded /tmp/minio_downloads/inventory_190355464658.parquet -> @inventory stage
[2026-07-04T15:24:03.534+0000] {logging_mixin.py:188} INFO - Uploaded /tmp/minio_downloads/inventory_190355545762.parquet -> @inventory stage
[2026-07-04T15:24:03.943+0000] {logging_mixin.py:188} INFO - Uploaded /tmp/minio_downloads/inventory_190355635538.parquet -> @inventory stage
[2026-07-04T15:24:04.355+0000] {logging_mixin.py:188} INFO - Uploaded /tmp/minio_downloads/inventory_190355730898.parquet -> @inventory stage
[2026-07-04T15:24:04.763+0000] {logging_mixin.py:188} INFO - Uploaded /tmp/minio_downloads/inventory_190355815094.parquet -> @inventory stage
[2026-07-04T15:24:05.275+0000] {logging_mixin.py:188} INFO - Uploaded /tmp/minio_downloads/inventory_190355931035.parquet -> @inventory stage
[2026-07-04T15:24:05.682+0000] {logging_mixin.py:188} INFO - Uploaded /tmp/minio_downloads/inventory_190356037377.parquet -> @inventory stage
[2026-07-04T15:24:06.095+0000] {logging_mixin.py:188} INFO - Uploaded /tmp/minio_downloads/inventory_190356150258.parquet -> @inventory stage
[2026-07-04T15:24:06.504+0000] {logging_mixin.py:188} INFO - Uploaded /tmp/minio_downloads/inventory_190356252552.parquet -> @inventory stage
[2026-07-04T15:24:06.913+0000] {logging_mixin.py:188} INFO - Uploaded /tmp/minio_downloads/inventory_190356342442.parquet -> @inventory stage
[2026-07-04T15:24:07.324+0000] {logging_mixin.py:188} INFO - Uploaded /tmp/minio_downloads/inventory_190356448118.parquet -> @inventory stage
[2026-07-04T15:24:07.738+0000] {logging_mixin.py:188} INFO - Uploaded /tmp/minio_downloads/inventory_190356544436.parquet -> @inventory stage
[2026-07-04T15:24:08.240+0000] {logging_mixin.py:188} INFO - Uploaded /tmp/minio_downloads/inventory_190356642945.parquet -> @inventory stage
[2026-07-04T15:24:08.758+0000] {logging_mixin.py:188} INFO - Uploaded /tmp/minio_downloads/inventory_190356743986.parquet -> @inventory stage
[2026-07-04T15:24:09.167+0000] {logging_mixin.py:188} INFO - Uploaded /tmp/minio_downloads/inventory_190356832750.parquet -> @inventory stage
[2026-07-04T15:24:09.565+0000] {logging_mixin.py:188} INFO - Uploaded /tmp/minio_downloads/inventory_190356933379.parquet -> @inventory stage
[2026-07-04T15:24:09.979+0000] {logging_mixin.py:188} INFO - Uploaded /tmp/minio_downloads/inventory_190357012548.parquet -> @inventory stage
[2026-07-04T15:24:10.390+0000] {logging_mixin.py:188} INFO - Uploaded /tmp/minio_downloads/inventory_190357102889.parquet -> @inventory stage
[2026-07-04T15:24:10.796+0000] {logging_mixin.py:188} INFO - Uploaded /tmp/minio_downloads/inventory_190357182527.parquet -> @inventory stage
[2026-07-04T15:24:11.207+0000] {logging_mixin.py:188} INFO - Uploaded /tmp/minio_downloads/inventory_190357264087.parquet -> @inventory stage
[2026-07-04T15:24:11.622+0000] {logging_mixin.py:188} INFO - Uploaded /tmp/minio_downloads/inventory_190357363036.parquet -> @inventory stage
[2026-07-04T15:24:12.029+0000] {logging_mixin.py:188} INFO - Uploaded /tmp/minio_downloads/inventory_190357463444.parquet -> @inventory stage
[2026-07-04T15:24:12.535+0000] {logging_mixin.py:188} INFO - Uploaded /tmp/minio_downloads/inventory_190357563772.parquet -> @inventory stage
[2026-07-04T15:24:12.949+0000] {logging_mixin.py:188} INFO - Uploaded /tmp/minio_downloads/inventory_190357662685.parquet -> @inventory stage
[2026-07-04T15:24:13.358+0000] {logging_mixin.py:188} INFO - Uploaded /tmp/minio_downloads/inventory_190357746979.parquet -> @inventory stage
[2026-07-04T15:24:13.764+0000] {logging_mixin.py:188} INFO - Uploaded /tmp/minio_downloads/inventory_190357832369.parquet -> @inventory stage
[2026-07-04T15:24:14.178+0000] {logging_mixin.py:188} INFO - Uploaded /tmp/minio_downloads/inventory_190357927428.parquet -> @inventory stage
[2026-07-04T15:24:14.589+0000] {logging_mixin.py:188} INFO - Uploaded /tmp/minio_downloads/inventory_190358017430.parquet -> @inventory stage
[2026-07-04T15:24:14.998+0000] {logging_mixin.py:188} INFO - Uploaded /tmp/minio_downloads/inventory_190358118219.parquet -> @inventory stage
[2026-07-04T15:24:15.508+0000] {logging_mixin.py:188} INFO - Uploaded /tmp/minio_downloads/inventory_190358229843.parquet -> @inventory stage
[2026-07-04T15:24:15.918+0000] {logging_mixin.py:188} INFO - Uploaded /tmp/minio_downloads/inventory_190358327163.parquet -> @inventory stage
[2026-07-04T15:24:16.329+0000] {logging_mixin.py:188} INFO - Uploaded /tmp/minio_downloads/inventory_190358411563.parquet -> @inventory stage
[2026-07-04T15:24:16.836+0000] {logging_mixin.py:188} INFO - Uploaded /tmp/minio_downloads/inventory_190358517590.parquet -> @inventory stage
[2026-07-04T15:24:17.249+0000] {logging_mixin.py:188} INFO - Uploaded /tmp/minio_downloads/inventory_190358613057.parquet -> @inventory stage
[2026-07-04T15:24:17.658+0000] {logging_mixin.py:188} INFO - Uploaded /tmp/minio_downloads/inventory_190358718123.parquet -> @inventory stage
[2026-07-04T15:24:18.068+0000] {logging_mixin.py:188} INFO - Uploaded /tmp/minio_downloads/inventory_190358817197.parquet -> @inventory stage
[2026-07-04T15:24:18.478+0000] {logging_mixin.py:188} INFO - Uploaded /tmp/minio_downloads/inventory_190358912054.parquet -> @inventory stage
[2026-07-04T15:24:18.887+0000] {logging_mixin.py:188} INFO - Uploaded /tmp/minio_downloads/inventory_190359010413.parquet -> @inventory stage
[2026-07-04T15:24:19.298+0000] {logging_mixin.py:188} INFO - Uploaded /tmp/minio_downloads/inventory_190359095855.parquet -> @inventory stage
[2026-07-04T15:24:19.709+0000] {logging_mixin.py:188} INFO - Uploaded /tmp/minio_downloads/inventory_190359189732.parquet -> @inventory stage
[2026-07-04T15:24:20.119+0000] {logging_mixin.py:188} INFO - Uploaded /tmp/minio_downloads/inventory_190359280350.parquet -> @inventory stage
[2026-07-04T15:24:20.628+0000] {logging_mixin.py:188} INFO - Uploaded /tmp/minio_downloads/inventory_190359359348.parquet -> @inventory stage
[2026-07-04T15:24:21.040+0000] {logging_mixin.py:188} INFO - Uploaded /tmp/minio_downloads/inventory_190359475867.parquet -> @inventory stage
[2026-07-04T15:24:21.552+0000] {logging_mixin.py:188} INFO - Uploaded /tmp/minio_downloads/inventory_190359568033.parquet -> @inventory stage
[2026-07-04T15:24:21.961+0000] {logging_mixin.py:188} INFO - Uploaded /tmp/minio_downloads/inventory_190359666791.parquet -> @inventory stage
[2026-07-04T15:24:22.473+0000] {logging_mixin.py:188} INFO - Uploaded /tmp/minio_downloads/inventory_190359763240.parquet -> @inventory stage
[2026-07-04T15:24:22.883+0000] {logging_mixin.py:188} INFO - Uploaded /tmp/minio_downloads/inventory_190359874322.parquet -> @inventory stage
[2026-07-04T15:24:23.294+0000] {logging_mixin.py:188} INFO - Uploaded /tmp/minio_downloads/inventory_190359968137.parquet -> @inventory stage
[2026-07-04T15:24:23.697+0000] {logging_mixin.py:188} INFO - Uploaded /tmp/minio_downloads/inventory_190400070670.parquet -> @inventory stage
[2026-07-04T15:24:24.107+0000] {logging_mixin.py:188} INFO - Uploaded /tmp/minio_downloads/inventory_190400175545.parquet -> @inventory stage
[2026-07-04T15:24:24.527+0000] {logging_mixin.py:188} INFO - Uploaded /tmp/minio_downloads/inventory_190400286441.parquet -> @inventory stage
[2026-07-04T15:24:24.932+0000] {logging_mixin.py:188} INFO - Uploaded /tmp/minio_downloads/inventory_190400411069.parquet -> @inventory stage
[2026-07-04T15:24:25.343+0000] {logging_mixin.py:188} INFO - Uploaded /tmp/minio_downloads/inventory_190400522150.parquet -> @inventory stage
[2026-07-04T15:24:25.751+0000] {logging_mixin.py:188} INFO - Uploaded /tmp/minio_downloads/inventory_190400621091.parquet -> @inventory stage
[2026-07-04T15:24:26.158+0000] {logging_mixin.py:188} INFO - Uploaded /tmp/minio_downloads/inventory_190400735321.parquet -> @inventory stage
[2026-07-04T15:24:26.571+0000] {logging_mixin.py:188} INFO - Uploaded /tmp/minio_downloads/inventory_190400868388.parquet -> @inventory stage
[2026-07-04T15:24:27.083+0000] {logging_mixin.py:188} INFO - Uploaded /tmp/minio_downloads/inventory_190400984595.parquet -> @inventory stage
[2026-07-04T15:24:27.495+0000] {logging_mixin.py:188} INFO - Uploaded /tmp/minio_downloads/inventory_190401075099.parquet -> @inventory stage
[2026-07-04T15:24:27.902+0000] {logging_mixin.py:188} INFO - Uploaded /tmp/minio_downloads/inventory_190401163737.parquet -> @inventory stage
[2026-07-04T15:24:28.308+0000] {logging_mixin.py:188} INFO - Uploaded /tmp/minio_downloads/inventory_190401268868.parquet -> @inventory stage
[2026-07-04T15:24:28.824+0000] {logging_mixin.py:188} INFO - Uploaded /tmp/minio_downloads/inventory_190401401529.parquet -> @inventory stage
[2026-07-04T15:24:29.234+0000] {logging_mixin.py:188} INFO - Uploaded /tmp/minio_downloads/inventory_190401513899.parquet -> @inventory stage
[2026-07-04T15:24:29.644+0000] {logging_mixin.py:188} INFO - Uploaded /tmp/minio_downloads/inventory_190401645594.parquet -> @inventory stage
[2026-07-04T15:24:30.051+0000] {logging_mixin.py:188} INFO - Uploaded /tmp/minio_downloads/inventory_190401922600.parquet -> @inventory stage
[2026-07-04T15:24:30.466+0000] {logging_mixin.py:188} INFO - Uploaded /tmp/minio_downloads/inventory_190402089790.parquet -> @inventory stage
[2026-07-04T15:24:30.851+0000] {logging_mixin.py:188} INFO - Uploaded /tmp/minio_downloads/inventory_190402234190.parquet -> @inventory stage
[2026-07-04T15:24:31.283+0000] {logging_mixin.py:188} INFO - Uploaded /tmp/minio_downloads/inventory_190402377066.parquet -> @inventory stage
[2026-07-04T15:24:31.692+0000] {logging_mixin.py:188} INFO - Uploaded /tmp/minio_downloads/inventory_190402528043.parquet -> @inventory stage
[2026-07-04T15:24:32.100+0000] {logging_mixin.py:188} INFO - Uploaded /tmp/minio_downloads/inventory_190402692665.parquet -> @inventory stage
[2026-07-04T15:24:32.512+0000] {logging_mixin.py:188} INFO - Uploaded /tmp/minio_downloads/inventory_190402864579.parquet -> @inventory stage
[2026-07-04T15:24:32.900+0000] {logging_mixin.py:188} INFO - Uploaded /tmp/minio_downloads/inventory_190403063216.parquet -> @inventory stage
[2026-07-04T15:24:33.328+0000] {logging_mixin.py:188} INFO - Uploaded /tmp/minio_downloads/inventory_190403212030.parquet -> @inventory stage
[2026-07-04T15:24:33.740+0000] {logging_mixin.py:188} INFO - Uploaded /tmp/minio_downloads/inventory_190403342436.parquet -> @inventory stage
[2026-07-04T15:24:34.149+0000] {logging_mixin.py:188} INFO - Uploaded /tmp/minio_downloads/inventory_190403460158.parquet -> @inventory stage
[2026-07-04T15:24:34.560+0000] {logging_mixin.py:188} INFO - Uploaded /tmp/minio_downloads/inventory_190403567225.parquet -> @inventory stage
[2026-07-04T15:24:34.969+0000] {logging_mixin.py:188} INFO - Uploaded /tmp/minio_downloads/inventory_190403666245.parquet -> @inventory stage
[2026-07-04T15:24:35.377+0000] {logging_mixin.py:188} INFO - Uploaded /tmp/minio_downloads/inventory_190403756935.parquet -> @inventory stage
[2026-07-04T15:24:35.790+0000] {logging_mixin.py:188} INFO - Uploaded /tmp/minio_downloads/inventory_190403861948.parquet -> @inventory stage
[2026-07-04T15:24:36.199+0000] {logging_mixin.py:188} INFO - Uploaded /tmp/minio_downloads/inventory_190403952838.parquet -> @inventory stage
[2026-07-04T15:24:36.605+0000] {logging_mixin.py:188} INFO - Uploaded /tmp/minio_downloads/inventory_190404058101.parquet -> @inventory stage
[2026-07-04T15:24:37.018+0000] {logging_mixin.py:188} INFO - Uploaded /tmp/minio_downloads/inventory_190404170943.parquet -> @inventory stage
[2026-07-04T15:24:37.428+0000] {logging_mixin.py:188} INFO - Uploaded /tmp/minio_downloads/inventory_190404281005.parquet -> @inventory stage
[2026-07-04T15:24:37.839+0000] {logging_mixin.py:188} INFO - Uploaded /tmp/minio_downloads/inventory_190404391845.parquet -> @inventory stage
[2026-07-04T15:24:38.247+0000] {logging_mixin.py:188} INFO - Uploaded /tmp/minio_downloads/inventory_190404483224.parquet -> @inventory stage
[2026-07-04T15:24:38.657+0000] {logging_mixin.py:188} INFO - Uploaded /tmp/minio_downloads/inventory_190404577048.parquet -> @inventory stage
[2026-07-04T15:24:39.066+0000] {logging_mixin.py:188} INFO - Uploaded /tmp/minio_downloads/inventory_190404697808.parquet -> @inventory stage
[2026-07-04T15:24:39.472+0000] {logging_mixin.py:188} INFO - Uploaded /tmp/minio_downloads/inventory_190404809356.parquet -> @inventory stage
[2026-07-04T15:24:39.880+0000] {logging_mixin.py:188} INFO - Uploaded /tmp/minio_downloads/inventory_190404905673.parquet -> @inventory stage
[2026-07-04T15:24:40.389+0000] {logging_mixin.py:188} INFO - Uploaded /tmp/minio_downloads/inventory_190404991366.parquet -> @inventory stage
[2026-07-04T15:24:40.798+0000] {logging_mixin.py:188} INFO - Uploaded /tmp/minio_downloads/inventory_190405091713.parquet -> @inventory stage
[2026-07-04T15:24:41.208+0000] {logging_mixin.py:188} INFO - Uploaded /tmp/minio_downloads/inventory_190405195838.parquet -> @inventory stage
[2026-07-04T15:24:41.618+0000] {logging_mixin.py:188} INFO - Uploaded /tmp/minio_downloads/inventory_190405327642.parquet -> @inventory stage
[2026-07-04T15:24:42.027+0000] {logging_mixin.py:188} INFO - Uploaded /tmp/minio_downloads/inventory_190405441003.parquet -> @inventory stage
[2026-07-04T15:24:42.445+0000] {logging_mixin.py:188} INFO - Uploaded /tmp/minio_downloads/inventory_190405768345.parquet -> @inventory stage
[2026-07-04T15:24:42.848+0000] {logging_mixin.py:188} INFO - Uploaded /tmp/minio_downloads/inventory_190405922758.parquet -> @inventory stage
[2026-07-04T15:24:43.258+0000] {logging_mixin.py:188} INFO - Uploaded /tmp/minio_downloads/inventory_190406063831.parquet -> @inventory stage
[2026-07-04T15:24:43.671+0000] {logging_mixin.py:188} INFO - Uploaded /tmp/minio_downloads/inventory_190406207455.parquet -> @inventory stage
[2026-07-04T15:24:44.081+0000] {logging_mixin.py:188} INFO - Uploaded /tmp/minio_downloads/inventory_190406333464.parquet -> @inventory stage
[2026-07-04T15:24:44.490+0000] {logging_mixin.py:188} INFO - Uploaded /tmp/minio_downloads/inventory_190406451765.parquet -> @inventory stage
[2026-07-04T15:24:44.900+0000] {logging_mixin.py:188} INFO - Uploaded /tmp/minio_downloads/inventory_190406578003.parquet -> @inventory stage
[2026-07-04T15:24:45.309+0000] {logging_mixin.py:188} INFO - Uploaded /tmp/minio_downloads/inventory_190406701870.parquet -> @inventory stage
[2026-07-04T15:24:45.716+0000] {logging_mixin.py:188} INFO - Uploaded /tmp/minio_downloads/inventory_190406885857.parquet -> @inventory stage
[2026-07-04T15:24:46.126+0000] {logging_mixin.py:188} INFO - Uploaded /tmp/minio_downloads/inventory_190407051594.parquet -> @inventory stage
[2026-07-04T15:24:46.539+0000] {logging_mixin.py:188} INFO - Uploaded /tmp/minio_downloads/inventory_190407210704.parquet -> @inventory stage
[2026-07-04T15:24:46.947+0000] {logging_mixin.py:188} INFO - Uploaded /tmp/minio_downloads/inventory_190407350563.parquet -> @inventory stage
[2026-07-04T15:24:47.359+0000] {logging_mixin.py:188} INFO - Uploaded /tmp/minio_downloads/inventory_190407450899.parquet -> @inventory stage
[2026-07-04T15:24:47.764+0000] {logging_mixin.py:188} INFO - Uploaded /tmp/minio_downloads/inventory_190407539272.parquet -> @inventory stage
[2026-07-04T15:24:48.174+0000] {logging_mixin.py:188} INFO - Uploaded /tmp/minio_downloads/inventory_190407638665.parquet -> @inventory stage
[2026-07-04T15:24:48.586+0000] {logging_mixin.py:188} INFO - Uploaded /tmp/minio_downloads/inventory_190407748126.parquet -> @inventory stage
[2026-07-04T15:24:48.998+0000] {logging_mixin.py:188} INFO - Uploaded /tmp/minio_downloads/inventory_190407860341.parquet -> @inventory stage
[2026-07-04T15:24:49.408+0000] {logging_mixin.py:188} INFO - Uploaded /tmp/minio_downloads/inventory_190407968142.parquet -> @inventory stage
[2026-07-04T15:24:49.816+0000] {logging_mixin.py:188} INFO - Uploaded /tmp/minio_downloads/inventory_190408061455.parquet -> @inventory stage
[2026-07-04T15:24:50.226+0000] {logging_mixin.py:188} INFO - Uploaded /tmp/minio_downloads/inventory_190408154686.parquet -> @inventory stage
[2026-07-04T15:24:50.635+0000] {logging_mixin.py:188} INFO - Uploaded /tmp/minio_downloads/inventory_190408236549.parquet -> @inventory stage
[2026-07-04T15:24:51.045+0000] {logging_mixin.py:188} INFO - Uploaded /tmp/minio_downloads/inventory_190408324598.parquet -> @inventory stage
[2026-07-04T15:24:51.455+0000] {logging_mixin.py:188} INFO - Uploaded /tmp/minio_downloads/inventory_190408417180.parquet -> @inventory stage
[2026-07-04T15:24:51.862+0000] {logging_mixin.py:188} INFO - Uploaded /tmp/minio_downloads/inventory_190408498064.parquet -> @inventory stage
[2026-07-04T15:24:52.274+0000] {logging_mixin.py:188} INFO - Uploaded /tmp/minio_downloads/inventory_190408578114.parquet -> @inventory stage
[2026-07-04T15:24:52.685+0000] {logging_mixin.py:188} INFO - Uploaded /tmp/minio_downloads/inventory_190408668220.parquet -> @inventory stage
[2026-07-04T15:24:53.093+0000] {logging_mixin.py:188} INFO - Uploaded /tmp/minio_downloads/inventory_190408741292.parquet -> @inventory stage
[2026-07-04T15:24:53.647+0000] {logging_mixin.py:188} INFO - Uploaded /tmp/minio_downloads/inventory_190408821926.parquet -> @inventory stage
[2026-07-04T15:24:54.118+0000] {logging_mixin.py:188} INFO - Uploaded /tmp/minio_downloads/inventory_190408896694.parquet -> @inventory stage
[2026-07-04T15:24:54.722+0000] {logging_mixin.py:188} INFO - Uploaded /tmp/minio_downloads/inventory_190408968724.parquet -> @inventory stage
[2026-07-04T15:24:55.137+0000] {logging_mixin.py:188} INFO - Uploaded /tmp/minio_downloads/inventory_190409049550.parquet -> @inventory stage
[2026-07-04T15:24:55.547+0000] {logging_mixin.py:188} INFO - Uploaded /tmp/minio_downloads/inventory_190409126158.parquet -> @inventory stage
[2026-07-04T15:24:55.961+0000] {logging_mixin.py:188} INFO - Uploaded /tmp/minio_downloads/inventory_190409214538.parquet -> @inventory stage
[2026-07-04T15:24:56.565+0000] {logging_mixin.py:188} INFO - Uploaded /tmp/minio_downloads/inventory_190409306347.parquet -> @inventory stage
[2026-07-04T15:24:56.981+0000] {logging_mixin.py:188} INFO - Uploaded /tmp/minio_downloads/inventory_190409385374.parquet -> @inventory stage
[2026-07-04T15:24:57.541+0000] {logging_mixin.py:188} INFO - Uploaded /tmp/minio_downloads/inventory_190409453824.parquet -> @inventory stage
[2026-07-04T15:24:58.154+0000] {logging_mixin.py:188} INFO - Uploaded /tmp/minio_downloads/inventory_190409553817.parquet -> @inventory stage
[2026-07-04T15:24:58.746+0000] {logging_mixin.py:188} INFO - Uploaded /tmp/minio_downloads/inventory_190409634034.parquet -> @inventory stage
[2026-07-04T15:24:59.135+0000] {logging_mixin.py:188} INFO - Uploaded /tmp/minio_downloads/inventory_190409727568.parquet -> @inventory stage
[2026-07-04T15:24:59.649+0000] {logging_mixin.py:188} INFO - Uploaded /tmp/minio_downloads/inventory_190409802200.parquet -> @inventory stage
[2026-07-04T15:25:00.114+0000] {logging_mixin.py:188} INFO - Uploaded /tmp/minio_downloads/inventory_190409894272.parquet -> @inventory stage
[2026-07-04T15:25:00.570+0000] {logging_mixin.py:188} INFO - Uploaded /tmp/minio_downloads/inventory_190409967241.parquet -> @inventory stage
[2026-07-04T15:25:00.979+0000] {logging_mixin.py:188} INFO - Uploaded /tmp/minio_downloads/inventory_190410034910.parquet -> @inventory stage
[2026-07-04T15:25:01.391+0000] {logging_mixin.py:188} INFO - Uploaded /tmp/minio_downloads/inventory_190410149403.parquet -> @inventory stage
[2026-07-04T15:25:01.799+0000] {logging_mixin.py:188} INFO - Uploaded /tmp/minio_downloads/inventory_190410242222.parquet -> @inventory stage
[2026-07-04T15:25:02.195+0000] {logging_mixin.py:188} INFO - Uploaded /tmp/minio_downloads/inventory_190410328881.parquet -> @inventory stage
[2026-07-04T15:25:02.563+0000] {logging_mixin.py:188} INFO - Uploaded /tmp/minio_downloads/inventory_190410401938.parquet -> @inventory stage
[2026-07-04T15:25:03.026+0000] {logging_mixin.py:188} INFO - Uploaded /tmp/minio_downloads/inventory_190410484537.parquet -> @inventory stage
[2026-07-04T15:25:03.439+0000] {logging_mixin.py:188} INFO - Uploaded /tmp/minio_downloads/inventory_190410564643.parquet -> @inventory stage
[2026-07-04T15:25:03.848+0000] {logging_mixin.py:188} INFO - Uploaded /tmp/minio_downloads/inventory_190410641048.parquet -> @inventory stage
[2026-07-04T15:25:04.256+0000] {logging_mixin.py:188} INFO - Uploaded /tmp/minio_downloads/inventory_190410754687.parquet -> @inventory stage
[2026-07-04T15:25:04.669+0000] {logging_mixin.py:188} INFO - Uploaded /tmp/minio_downloads/inventory_190410927384.parquet -> @inventory stage
[2026-07-04T15:25:05.077+0000] {logging_mixin.py:188} INFO - Uploaded /tmp/minio_downloads/inventory_190411083821.parquet -> @inventory stage
[2026-07-04T15:25:05.482+0000] {logging_mixin.py:188} INFO - Uploaded /tmp/minio_downloads/inventory_190411194582.parquet -> @inventory stage
[2026-07-04T15:25:05.896+0000] {logging_mixin.py:188} INFO - Uploaded /tmp/minio_downloads/inventory_190411299216.parquet -> @inventory stage
[2026-07-04T15:25:06.305+0000] {logging_mixin.py:188} INFO - Uploaded /tmp/minio_downloads/inventory_190411415627.parquet -> @inventory stage
[2026-07-04T15:25:06.717+0000] {logging_mixin.py:188} INFO - Uploaded /tmp/minio_downloads/inventory_190411527045.parquet -> @inventory stage
[2026-07-04T15:25:07.125+0000] {logging_mixin.py:188} INFO - Uploaded /tmp/minio_downloads/inventory_190411646232.parquet -> @inventory stage
[2026-07-04T15:25:07.530+0000] {logging_mixin.py:188} INFO - Uploaded /tmp/minio_downloads/inventory_190411758774.parquet -> @inventory stage
[2026-07-04T15:25:07.940+0000] {logging_mixin.py:188} INFO - Uploaded /tmp/minio_downloads/inventory_190724121773.parquet -> @inventory stage
[2026-07-04T15:25:08.351+0000] {logging_mixin.py:188} INFO - Uploaded /tmp/minio_downloads/inventory_190724211291.parquet -> @inventory stage
[2026-07-04T15:25:08.765+0000] {logging_mixin.py:188} INFO - Uploaded /tmp/minio_downloads/inventory_190724280595.parquet -> @inventory stage
[2026-07-04T15:25:09.171+0000] {logging_mixin.py:188} INFO - Uploaded /tmp/minio_downloads/inventory_190724362119.parquet -> @inventory stage
[2026-07-04T15:25:09.577+0000] {logging_mixin.py:188} INFO - Uploaded /tmp/minio_downloads/inventory_190724434367.parquet -> @inventory stage
[2026-07-04T15:25:09.984+0000] {logging_mixin.py:188} INFO - Uploaded /tmp/minio_downloads/inventory_190724523271.parquet -> @inventory stage
[2026-07-04T15:25:10.398+0000] {logging_mixin.py:188} INFO - Uploaded /tmp/minio_downloads/inventory_190724613577.parquet -> @inventory stage
[2026-07-04T15:25:10.809+0000] {logging_mixin.py:188} INFO - Uploaded /tmp/minio_downloads/inventory_190724684982.parquet -> @inventory stage
[2026-07-04T15:25:11.318+0000] {logging_mixin.py:188} INFO - Uploaded /tmp/minio_downloads/inventory_190724769728.parquet -> @inventory stage
[2026-07-04T15:25:11.727+0000] {logging_mixin.py:188} INFO - Uploaded /tmp/minio_downloads/inventory_190724876223.parquet -> @inventory stage
[2026-07-04T15:25:12.134+0000] {logging_mixin.py:188} INFO - Uploaded /tmp/minio_downloads/inventory_190725006023.parquet -> @inventory stage
[2026-07-04T15:25:12.548+0000] {logging_mixin.py:188} INFO - Uploaded /tmp/minio_downloads/inventory_190725151453.parquet -> @inventory stage
[2026-07-04T15:25:12.957+0000] {logging_mixin.py:188} INFO - Uploaded /tmp/minio_downloads/inventory_190725265170.parquet -> @inventory stage
[2026-07-04T15:25:13.373+0000] {logging_mixin.py:188} INFO - Uploaded /tmp/minio_downloads/inventory_190725384561.parquet -> @inventory stage
[2026-07-04T15:25:13.778+0000] {logging_mixin.py:188} INFO - Uploaded /tmp/minio_downloads/inventory_190725501265.parquet -> @inventory stage
[2026-07-04T15:25:14.185+0000] {logging_mixin.py:188} INFO - Uploaded /tmp/minio_downloads/inventory_190725598476.parquet -> @inventory stage
[2026-07-04T15:25:14.596+0000] {logging_mixin.py:188} INFO - Uploaded /tmp/minio_downloads/inventory_190725691197.parquet -> @inventory stage
[2026-07-04T15:25:14.987+0000] {logging_mixin.py:188} INFO - Uploaded /tmp/minio_downloads/inventory_190725785018.parquet -> @inventory stage
[2026-07-04T15:25:15.413+0000] {logging_mixin.py:188} INFO - Uploaded /tmp/minio_downloads/inventory_190725900286.parquet -> @inventory stage
[2026-07-04T15:25:15.826+0000] {logging_mixin.py:188} INFO - Uploaded /tmp/minio_downloads/inventory_190726015154.parquet -> @inventory stage
[2026-07-04T15:25:16.234+0000] {logging_mixin.py:188} INFO - Uploaded /tmp/minio_downloads/inventory_190726119453.parquet -> @inventory stage
[2026-07-04T15:25:16.646+0000] {logging_mixin.py:188} INFO - Uploaded /tmp/minio_downloads/inventory_190726213632.parquet -> @inventory stage
[2026-07-04T15:25:17.059+0000] {logging_mixin.py:188} INFO - Uploaded /tmp/minio_downloads/inventory_190726325482.parquet -> @inventory stage
[2026-07-04T15:25:17.466+0000] {logging_mixin.py:188} INFO - Uploaded /tmp/minio_downloads/inventory_190726437915.parquet -> @inventory stage
[2026-07-04T15:25:17.875+0000] {logging_mixin.py:188} INFO - Uploaded /tmp/minio_downloads/inventory_190726534603.parquet -> @inventory stage
[2026-07-04T15:25:18.284+0000] {logging_mixin.py:188} INFO - Uploaded /tmp/minio_downloads/inventory_190726637681.parquet -> @inventory stage
[2026-07-04T15:25:18.688+0000] {logging_mixin.py:188} INFO - Uploaded /tmp/minio_downloads/inventory_190726740347.parquet -> @inventory stage
[2026-07-04T15:25:19.098+0000] {logging_mixin.py:188} INFO - Uploaded /tmp/minio_downloads/inventory_190726827348.parquet -> @inventory stage
[2026-07-04T15:25:19.513+0000] {logging_mixin.py:188} INFO - Uploaded /tmp/minio_downloads/inventory_190726925999.parquet -> @inventory stage
[2026-07-04T15:25:19.923+0000] {logging_mixin.py:188} INFO - Uploaded /tmp/minio_downloads/inventory_190727024460.parquet -> @inventory stage
[2026-07-04T15:25:20.333+0000] {logging_mixin.py:188} INFO - Uploaded /tmp/minio_downloads/inventory_190727115161.parquet -> @inventory stage
[2026-07-04T15:25:20.838+0000] {logging_mixin.py:188} INFO - Uploaded /tmp/minio_downloads/inventory_190727229372.parquet -> @inventory stage
[2026-07-04T15:25:21.253+0000] {logging_mixin.py:188} INFO - Uploaded /tmp/minio_downloads/inventory_190727343222.parquet -> @inventory stage
[2026-07-04T15:25:21.664+0000] {logging_mixin.py:188} INFO - Uploaded /tmp/minio_downloads/inventory_190727453763.parquet -> @inventory stage
[2026-07-04T15:25:22.052+0000] {logging_mixin.py:188} INFO - Uploaded /tmp/minio_downloads/inventory_190727550852.parquet -> @inventory stage
[2026-07-04T15:25:22.482+0000] {logging_mixin.py:188} INFO - Uploaded /tmp/minio_downloads/inventory_190727641802.parquet -> @inventory stage
[2026-07-04T15:25:22.892+0000] {logging_mixin.py:188} INFO - Uploaded /tmp/minio_downloads/inventory_190727757222.parquet -> @inventory stage
[2026-07-04T15:25:23.302+0000] {logging_mixin.py:188} INFO - Uploaded /tmp/minio_downloads/inventory_190727842781.parquet -> @inventory stage
[2026-07-04T15:25:23.711+0000] {logging_mixin.py:188} INFO - Uploaded /tmp/minio_downloads/inventory_190727960068.parquet -> @inventory stage
[2026-07-04T15:25:24.123+0000] {logging_mixin.py:188} INFO - Uploaded /tmp/minio_downloads/inventory_190728058711.parquet -> @inventory stage
[2026-07-04T15:25:24.530+0000] {logging_mixin.py:188} INFO - Uploaded /tmp/minio_downloads/inventory_190728245349.parquet -> @inventory stage
[2026-07-04T15:25:24.942+0000] {logging_mixin.py:188} INFO - Uploaded /tmp/minio_downloads/inventory_190728347720.parquet -> @inventory stage
[2026-07-04T15:25:25.348+0000] {logging_mixin.py:188} INFO - Uploaded /tmp/minio_downloads/inventory_190728460261.parquet -> @inventory stage
[2026-07-04T15:25:25.764+0000] {logging_mixin.py:188} INFO - Uploaded /tmp/minio_downloads/inventory_190728563487.parquet -> @inventory stage
[2026-07-04T15:25:26.168+0000] {logging_mixin.py:188} INFO - Uploaded /tmp/minio_downloads/inventory_190728663680.parquet -> @inventory stage
[2026-07-04T15:25:26.574+0000] {logging_mixin.py:188} INFO - Uploaded /tmp/minio_downloads/inventory_190728760159.parquet -> @inventory stage
[2026-07-04T15:25:26.983+0000] {logging_mixin.py:188} INFO - Uploaded /tmp/minio_downloads/inventory_190728840548.parquet -> @inventory stage
[2026-07-04T15:25:27.398+0000] {logging_mixin.py:188} INFO - Uploaded /tmp/minio_downloads/inventory_190728959773.parquet -> @inventory stage
[2026-07-04T15:25:27.808+0000] {logging_mixin.py:188} INFO - Uploaded /tmp/minio_downloads/inventory_190729057471.parquet -> @inventory stage
[2026-07-04T15:25:28.217+0000] {logging_mixin.py:188} INFO - Uploaded /tmp/minio_downloads/inventory_190729160189.parquet -> @inventory stage
[2026-07-04T15:25:28.627+0000] {logging_mixin.py:188} INFO - Uploaded /tmp/minio_downloads/inventory_190729263647.parquet -> @inventory stage
[2026-07-04T15:25:29.039+0000] {logging_mixin.py:188} INFO - Uploaded /tmp/minio_downloads/inventory_190729356034.parquet -> @inventory stage
[2026-07-04T15:25:29.550+0000] {logging_mixin.py:188} INFO - Uploaded /tmp/minio_downloads/inventory_190729459574.parquet -> @inventory stage
[2026-07-04T15:25:29.958+0000] {logging_mixin.py:188} INFO - Uploaded /tmp/minio_downloads/inventory_190729559650.parquet -> @inventory stage
[2026-07-04T15:25:30.368+0000] {logging_mixin.py:188} INFO - Uploaded /tmp/minio_downloads/inventory_190729655449.parquet -> @inventory stage
[2026-07-04T15:25:30.781+0000] {logging_mixin.py:188} INFO - Uploaded /tmp/minio_downloads/inventory_190729759915.parquet -> @inventory stage
[2026-07-04T15:25:31.189+0000] {logging_mixin.py:188} INFO - Uploaded /tmp/minio_downloads/inventory_190729874178.parquet -> @inventory stage
[2026-07-04T15:25:31.598+0000] {logging_mixin.py:188} INFO - Uploaded /tmp/minio_downloads/inventory_190729983117.parquet -> @inventory stage
[2026-07-04T15:25:32.004+0000] {logging_mixin.py:188} INFO - Uploaded /tmp/minio_downloads/inventory_190730074671.parquet -> @inventory stage
[2026-07-04T15:25:32.418+0000] {logging_mixin.py:188} INFO - Uploaded /tmp/minio_downloads/inventory_190730168753.parquet -> @inventory stage
[2026-07-04T15:25:32.827+0000] {logging_mixin.py:188} INFO - Uploaded /tmp/minio_downloads/inventory_190730261927.parquet -> @inventory stage
[2026-07-04T15:25:33.237+0000] {logging_mixin.py:188} INFO - Uploaded /tmp/minio_downloads/inventory_190730373804.parquet -> @inventory stage
[2026-07-04T15:25:33.645+0000] {logging_mixin.py:188} INFO - Uploaded /tmp/minio_downloads/inventory_190730477763.parquet -> @inventory stage
[2026-07-04T15:25:34.005+0000] {logging_mixin.py:188} INFO - Uploaded /tmp/minio_downloads/inventory_190730598498.parquet -> @inventory stage
[2026-07-04T15:25:34.467+0000] {logging_mixin.py:188} INFO - Uploaded /tmp/minio_downloads/inventory_190730691789.parquet -> @inventory stage
[2026-07-04T15:25:34.875+0000] {logging_mixin.py:188} INFO - Uploaded /tmp/minio_downloads/inventory_190730777279.parquet -> @inventory stage
[2026-07-04T15:25:35.285+0000] {logging_mixin.py:188} INFO - Uploaded /tmp/minio_downloads/inventory_190730854425.parquet -> @inventory stage
[2026-07-04T15:25:35.695+0000] {logging_mixin.py:188} INFO - Uploaded /tmp/minio_downloads/inventory_190730966242.parquet -> @inventory stage
[2026-07-04T15:25:36.103+0000] {logging_mixin.py:188} INFO - Uploaded /tmp/minio_downloads/inventory_190731065527.parquet -> @inventory stage
[2026-07-04T15:25:36.509+0000] {logging_mixin.py:188} INFO - Uploaded /tmp/minio_downloads/inventory_190731160196.parquet -> @inventory stage
[2026-07-04T15:25:36.926+0000] {logging_mixin.py:188} INFO - Uploaded /tmp/minio_downloads/inventory_190731253099.parquet -> @inventory stage
[2026-07-04T15:25:37.338+0000] {logging_mixin.py:188} INFO - Uploaded /tmp/minio_downloads/inventory_190731340560.parquet -> @inventory stage
[2026-07-04T15:25:37.744+0000] {logging_mixin.py:188} INFO - Uploaded /tmp/minio_downloads/inventory_190731431365.parquet -> @inventory stage
[2026-07-04T15:25:38.255+0000] {logging_mixin.py:188} INFO - Uploaded /tmp/minio_downloads/inventory_190731529586.parquet -> @inventory stage
[2026-07-04T15:25:38.659+0000] {logging_mixin.py:188} INFO - Uploaded /tmp/minio_downloads/inventory_190731643222.parquet -> @inventory stage
[2026-07-04T15:25:39.073+0000] {logging_mixin.py:188} INFO - Uploaded /tmp/minio_downloads/inventory_190731742869.parquet -> @inventory stage
[2026-07-04T15:25:39.476+0000] {logging_mixin.py:188} INFO - Uploaded /tmp/minio_downloads/inventory_190731847895.parquet -> @inventory stage
[2026-07-04T15:25:39.888+0000] {logging_mixin.py:188} INFO - Uploaded /tmp/minio_downloads/inventory_190731956151.parquet -> @inventory stage
[2026-07-04T15:25:40.299+0000] {logging_mixin.py:188} INFO - Uploaded /tmp/minio_downloads/inventory_190732042536.parquet -> @inventory stage
[2026-07-04T15:25:40.708+0000] {logging_mixin.py:188} INFO - Uploaded /tmp/minio_downloads/inventory_190732152479.parquet -> @inventory stage
[2026-07-04T15:25:41.118+0000] {logging_mixin.py:188} INFO - Uploaded /tmp/minio_downloads/inventory_190732254851.parquet -> @inventory stage
[2026-07-04T15:25:41.525+0000] {logging_mixin.py:188} INFO - Uploaded /tmp/minio_downloads/inventory_190732343195.parquet -> @inventory stage
[2026-07-04T15:25:41.934+0000] {logging_mixin.py:188} INFO - Uploaded /tmp/minio_downloads/inventory_190732425192.parquet -> @inventory stage
[2026-07-04T15:25:42.344+0000] {logging_mixin.py:188} INFO - Uploaded /tmp/minio_downloads/inventory_190732521073.parquet -> @inventory stage
[2026-07-04T15:25:42.757+0000] {logging_mixin.py:188} INFO - Uploaded /tmp/minio_downloads/inventory_190732609592.parquet -> @inventory stage
[2026-07-04T15:25:43.159+0000] {logging_mixin.py:188} INFO - Uploaded /tmp/minio_downloads/inventory_190732731455.parquet -> @inventory stage
[2026-07-04T15:25:43.574+0000] {logging_mixin.py:188} INFO - Uploaded /tmp/minio_downloads/inventory_190732835308.parquet -> @inventory stage
[2026-07-04T15:25:43.984+0000] {logging_mixin.py:188} INFO - Uploaded /tmp/minio_downloads/inventory_190732937497.parquet -> @inventory stage
[2026-07-04T15:25:44.395+0000] {logging_mixin.py:188} INFO - Uploaded /tmp/minio_downloads/inventory_190733037669.parquet -> @inventory stage
[2026-07-04T15:25:44.907+0000] {logging_mixin.py:188} INFO - Uploaded /tmp/minio_downloads/inventory_190733121053.parquet -> @inventory stage
[2026-07-04T15:25:45.413+0000] {logging_mixin.py:188} INFO - Uploaded /tmp/minio_downloads/inventory_190733221607.parquet -> @inventory stage
[2026-07-04T15:25:45.825+0000] {logging_mixin.py:188} INFO - Uploaded /tmp/minio_downloads/inventory_190733303065.parquet -> @inventory stage
[2026-07-04T15:25:46.233+0000] {logging_mixin.py:188} INFO - Uploaded /tmp/minio_downloads/inventory_190733404263.parquet -> @inventory stage
[2026-07-04T15:25:46.644+0000] {logging_mixin.py:188} INFO - Uploaded /tmp/minio_downloads/inventory_190733532829.parquet -> @inventory stage
[2026-07-04T15:25:47.054+0000] {logging_mixin.py:188} INFO - Uploaded /tmp/minio_downloads/inventory_190733657083.parquet -> @inventory stage
[2026-07-04T15:25:47.463+0000] {logging_mixin.py:188} INFO - Uploaded /tmp/minio_downloads/inventory_190733876086.parquet -> @inventory stage
[2026-07-04T15:25:47.872+0000] {logging_mixin.py:188} INFO - Uploaded /tmp/minio_downloads/inventory_190734023912.parquet -> @inventory stage
[2026-07-04T15:25:48.282+0000] {logging_mixin.py:188} INFO - Uploaded /tmp/minio_downloads/inventory_190734177257.parquet -> @inventory stage
[2026-07-04T15:25:48.691+0000] {logging_mixin.py:188} INFO - Uploaded /tmp/minio_downloads/inventory_190734303032.parquet -> @inventory stage
[2026-07-04T15:25:49.101+0000] {logging_mixin.py:188} INFO - Uploaded /tmp/minio_downloads/inventory_190734434485.parquet -> @inventory stage
[2026-07-04T15:25:49.514+0000] {logging_mixin.py:188} INFO - Uploaded /tmp/minio_downloads/inventory_190734629294.parquet -> @inventory stage
[2026-07-04T15:25:49.924+0000] {logging_mixin.py:188} INFO - Uploaded /tmp/minio_downloads/inventory_190734778147.parquet -> @inventory stage
[2026-07-04T15:25:50.333+0000] {logging_mixin.py:188} INFO - Uploaded /tmp/minio_downloads/inventory_190734913485.parquet -> @inventory stage
[2026-07-04T15:25:50.744+0000] {logging_mixin.py:188} INFO - Uploaded /tmp/minio_downloads/inventory_190735039918.parquet -> @inventory stage
[2026-07-04T15:25:51.153+0000] {logging_mixin.py:188} INFO - Uploaded /tmp/minio_downloads/inventory_190735160406.parquet -> @inventory stage
[2026-07-04T15:25:51.564+0000] {logging_mixin.py:188} INFO - Uploaded /tmp/minio_downloads/inventory_190735298221.parquet -> @inventory stage
[2026-07-04T15:25:52.074+0000] {logging_mixin.py:188} INFO - Uploaded /tmp/minio_downloads/inventory_190735438682.parquet -> @inventory stage
[2026-07-04T15:25:52.487+0000] {logging_mixin.py:188} INFO - Uploaded /tmp/minio_downloads/inventory_190735555458.parquet -> @inventory stage
[2026-07-04T15:25:52.895+0000] {logging_mixin.py:188} INFO - Uploaded /tmp/minio_downloads/inventory_190735656570.parquet -> @inventory stage
[2026-07-04T15:25:53.302+0000] {logging_mixin.py:188} INFO - Uploaded /tmp/minio_downloads/inventory_190735770549.parquet -> @inventory stage
[2026-07-04T15:25:53.715+0000] {logging_mixin.py:188} INFO - Uploaded /tmp/minio_downloads/inventory_190735858251.parquet -> @inventory stage
[2026-07-04T15:25:54.123+0000] {logging_mixin.py:188} INFO - Uploaded /tmp/minio_downloads/inventory_190735952415.parquet -> @inventory stage
[2026-07-04T15:25:54.535+0000] {logging_mixin.py:188} INFO - Uploaded /tmp/minio_downloads/inventory_190736070843.parquet -> @inventory stage
[2026-07-04T15:25:54.942+0000] {logging_mixin.py:188} INFO - Uploaded /tmp/minio_downloads/inventory_190736208385.parquet -> @inventory stage
[2026-07-04T15:25:55.356+0000] {logging_mixin.py:188} INFO - Uploaded /tmp/minio_downloads/inventory_190736323051.parquet -> @inventory stage
[2026-07-04T15:25:55.764+0000] {logging_mixin.py:188} INFO - Uploaded /tmp/minio_downloads/inventory_190736433510.parquet -> @inventory stage
[2026-07-04T15:25:56.174+0000] {logging_mixin.py:188} INFO - Uploaded /tmp/minio_downloads/inventory_190736537813.parquet -> @inventory stage
[2026-07-04T15:25:56.582+0000] {logging_mixin.py:188} INFO - Uploaded /tmp/minio_downloads/inventory_190736652870.parquet -> @inventory stage
[2026-07-04T15:25:56.992+0000] {logging_mixin.py:188} INFO - Uploaded /tmp/minio_downloads/inventory_190736766817.parquet -> @inventory stage
[2026-07-04T15:25:57.400+0000] {logging_mixin.py:188} INFO - Uploaded /tmp/minio_downloads/inventory_190736883748.parquet -> @inventory stage
[2026-07-04T15:25:57.807+0000] {logging_mixin.py:188} INFO - Uploaded /tmp/minio_downloads/inventory_190736990834.parquet -> @inventory stage
[2026-07-04T15:25:58.215+0000] {logging_mixin.py:188} INFO - Uploaded /tmp/minio_downloads/inventory_190737076670.parquet -> @inventory stage
[2026-07-04T15:25:58.626+0000] {logging_mixin.py:188} INFO - Uploaded /tmp/minio_downloads/inventory_190737164897.parquet -> @inventory stage
[2026-07-04T15:25:59.041+0000] {logging_mixin.py:188} INFO - Uploaded /tmp/minio_downloads/inventory_190737283219.parquet -> @inventory stage
[2026-07-04T15:25:59.428+0000] {logging_mixin.py:188} INFO - Uploaded /tmp/minio_downloads/inventory_190737385853.parquet -> @inventory stage
[2026-07-04T15:25:59.859+0000] {logging_mixin.py:188} INFO - Uploaded /tmp/minio_downloads/inventory_190737478259.parquet -> @inventory stage
[2026-07-04T15:26:00.271+0000] {logging_mixin.py:188} INFO - Uploaded /tmp/minio_downloads/inventory_190737586381.parquet -> @inventory stage
[2026-07-04T15:26:00.879+0000] {logging_mixin.py:188} INFO - Data loaded into inventory
[2026-07-04T15:26:01.291+0000] {logging_mixin.py:188} INFO - Uploaded /tmp/minio_downloads/products_190451836889.parquet -> @products stage
[2026-07-04T15:26:01.699+0000] {logging_mixin.py:188} INFO - Uploaded /tmp/minio_downloads/products_190451918680.parquet -> @products stage
[2026-07-04T15:26:02.108+0000] {logging_mixin.py:188} INFO - Uploaded /tmp/minio_downloads/products_190452022907.parquet -> @products stage
[2026-07-04T15:26:02.518+0000] {logging_mixin.py:188} INFO - Uploaded /tmp/minio_downloads/products_190452215942.parquet -> @products stage
[2026-07-04T15:26:02.930+0000] {logging_mixin.py:188} INFO - Uploaded /tmp/minio_downloads/products_190452306030.parquet -> @products stage
[2026-07-04T15:26:03.342+0000] {logging_mixin.py:188} INFO - Uploaded /tmp/minio_downloads/products_190452390891.parquet -> @products stage
[2026-07-04T15:26:03.752+0000] {logging_mixin.py:188} INFO - Uploaded /tmp/minio_downloads/products_190452486536.parquet -> @products stage
[2026-07-04T15:26:04.161+0000] {logging_mixin.py:188} INFO - Uploaded /tmp/minio_downloads/products_190452568161.parquet -> @products stage
[2026-07-04T15:26:04.572+0000] {logging_mixin.py:188} INFO - Uploaded /tmp/minio_downloads/products_190452669179.parquet -> @products stage
[2026-07-04T15:26:04.981+0000] {logging_mixin.py:188} INFO - Uploaded /tmp/minio_downloads/products_190452758999.parquet -> @products stage
[2026-07-04T15:26:05.800+0000] {logging_mixin.py:188} INFO - Uploaded /tmp/minio_downloads/products_190452839802.parquet -> @products stage
[2026-07-04T15:26:06.212+0000] {logging_mixin.py:188} INFO - Uploaded /tmp/minio_downloads/products_190452919848.parquet -> @products stage
[2026-07-04T15:26:06.617+0000] {logging_mixin.py:188} INFO - Uploaded /tmp/minio_downloads/products_190453019270.parquet -> @products stage
[2026-07-04T15:26:07.030+0000] {logging_mixin.py:188} INFO - Uploaded /tmp/minio_downloads/products_190453101737.parquet -> @products stage
[2026-07-04T15:26:07.438+0000] {logging_mixin.py:188} INFO - Uploaded /tmp/minio_downloads/products_190453183683.parquet -> @products stage
[2026-07-04T15:26:07.849+0000] {logging_mixin.py:188} INFO - Uploaded /tmp/minio_downloads/products_190453265320.parquet -> @products stage
[2026-07-04T15:26:08.239+0000] {logging_mixin.py:188} INFO - Uploaded /tmp/minio_downloads/products_190453358319.parquet -> @products stage
[2026-07-04T15:26:08.621+0000] {logging_mixin.py:188} INFO - Uploaded /tmp/minio_downloads/products_190453463395.parquet -> @products stage
[2026-07-04T15:26:09.077+0000] {logging_mixin.py:188} INFO - Uploaded /tmp/minio_downloads/products_190453574934.parquet -> @products stage
[2026-07-04T15:26:09.478+0000] {logging_mixin.py:188} INFO - Uploaded /tmp/minio_downloads/products_190453659593.parquet -> @products stage
[2026-07-04T15:26:09.893+0000] {logging_mixin.py:188} INFO - Uploaded /tmp/minio_downloads/products_190453747138.parquet -> @products stage
[2026-07-04T15:26:10.302+0000] {logging_mixin.py:188} INFO - Uploaded /tmp/minio_downloads/products_190453838187.parquet -> @products stage
[2026-07-04T15:26:10.712+0000] {logging_mixin.py:188} INFO - Uploaded /tmp/minio_downloads/products_190453933197.parquet -> @products stage
[2026-07-04T15:26:11.121+0000] {logging_mixin.py:188} INFO - Uploaded /tmp/minio_downloads/products_190454038848.parquet -> @products stage
[2026-07-04T15:26:11.532+0000] {logging_mixin.py:188} INFO - Uploaded /tmp/minio_downloads/products_190454138076.parquet -> @products stage
[2026-07-04T15:26:11.942+0000] {logging_mixin.py:188} INFO - Uploaded /tmp/minio_downloads/products_190454227019.parquet -> @products stage
[2026-07-04T15:26:12.349+0000] {logging_mixin.py:188} INFO - Uploaded /tmp/minio_downloads/products_190454299271.parquet -> @products stage
[2026-07-04T15:26:12.756+0000] {logging_mixin.py:188} INFO - Uploaded /tmp/minio_downloads/products_190454391976.parquet -> @products stage
[2026-07-04T15:26:13.171+0000] {logging_mixin.py:188} INFO - Uploaded /tmp/minio_downloads/products_190454471176.parquet -> @products stage
[2026-07-04T15:26:13.985+0000] {logging_mixin.py:188} INFO - Uploaded /tmp/minio_downloads/products_190454554983.parquet -> @products stage
[2026-07-04T15:26:14.402+0000] {logging_mixin.py:188} INFO - Uploaded /tmp/minio_downloads/products_190454650507.parquet -> @products stage
[2026-07-04T15:26:14.807+0000] {logging_mixin.py:188} INFO - Uploaded /tmp/minio_downloads/products_190454742314.parquet -> @products stage
[2026-07-04T15:26:15.220+0000] {logging_mixin.py:188} INFO - Uploaded /tmp/minio_downloads/products_190454817878.parquet -> @products stage
[2026-07-04T15:26:15.627+0000] {logging_mixin.py:188} INFO - Uploaded /tmp/minio_downloads/products_190454882045.parquet -> @products stage
[2026-07-04T15:26:16.038+0000] {logging_mixin.py:188} INFO - Uploaded /tmp/minio_downloads/products_190454971978.parquet -> @products stage
[2026-07-04T15:26:16.549+0000] {logging_mixin.py:188} INFO - Uploaded /tmp/minio_downloads/products_190455047461.parquet -> @products stage
[2026-07-04T15:26:16.960+0000] {logging_mixin.py:188} INFO - Uploaded /tmp/minio_downloads/products_190455143902.parquet -> @products stage
[2026-07-04T15:26:17.370+0000] {logging_mixin.py:188} INFO - Uploaded /tmp/minio_downloads/products_190455247619.parquet -> @products stage
[2026-07-04T15:26:17.781+0000] {logging_mixin.py:188} INFO - Uploaded /tmp/minio_downloads/products_190455350693.parquet -> @products stage
[2026-07-04T15:26:18.188+0000] {logging_mixin.py:188} INFO - Uploaded /tmp/minio_downloads/products_190455432741.parquet -> @products stage
[2026-07-04T15:26:18.598+0000] {logging_mixin.py:188} INFO - Uploaded /tmp/minio_downloads/products_190455500462.parquet -> @products stage
[2026-07-04T15:26:19.010+0000] {logging_mixin.py:188} INFO - Uploaded /tmp/minio_downloads/products_190455586152.parquet -> @products stage
[2026-07-04T15:26:19.416+0000] {logging_mixin.py:188} INFO - Uploaded /tmp/minio_downloads/products_190455683918.parquet -> @products stage
[2026-07-04T15:26:19.827+0000] {logging_mixin.py:188} INFO - Uploaded /tmp/minio_downloads/products_190455762885.parquet -> @products stage
[2026-07-04T15:26:20.237+0000] {logging_mixin.py:188} INFO - Uploaded /tmp/minio_downloads/products_190455851137.parquet -> @products stage
[2026-07-04T15:26:20.643+0000] {logging_mixin.py:188} INFO - Uploaded /tmp/minio_downloads/products_190455943150.parquet -> @products stage
[2026-07-04T15:26:21.021+0000] {logging_mixin.py:188} INFO - Uploaded /tmp/minio_downloads/products_190456025206.parquet -> @products stage
[2026-07-04T15:26:21.466+0000] {logging_mixin.py:188} INFO - Uploaded /tmp/minio_downloads/products_190456115623.parquet -> @products stage
[2026-07-04T15:26:21.874+0000] {logging_mixin.py:188} INFO - Uploaded /tmp/minio_downloads/products_190456204295.parquet -> @products stage
[2026-07-04T15:26:22.286+0000] {logging_mixin.py:188} INFO - Uploaded /tmp/minio_downloads/products_190456297796.parquet -> @products stage
[2026-07-04T15:26:22.691+0000] {logging_mixin.py:188} INFO - Uploaded /tmp/minio_downloads/products_190456389803.parquet -> @products stage
[2026-07-04T15:26:23.104+0000] {logging_mixin.py:188} INFO - Uploaded /tmp/minio_downloads/products_190456486139.parquet -> @products stage
[2026-07-04T15:26:23.514+0000] {logging_mixin.py:188} INFO - Uploaded /tmp/minio_downloads/products_190456556801.parquet -> @products stage
[2026-07-04T15:26:23.921+0000] {logging_mixin.py:188} INFO - Uploaded /tmp/minio_downloads/products_190456639273.parquet -> @products stage
[2026-07-04T15:26:24.334+0000] {logging_mixin.py:188} INFO - Uploaded /tmp/minio_downloads/products_190456721714.parquet -> @products stage
[2026-07-04T15:26:24.745+0000] {logging_mixin.py:188} INFO - Uploaded /tmp/minio_downloads/products_190456803977.parquet -> @products stage
[2026-07-04T15:26:25.154+0000] {logging_mixin.py:188} INFO - Uploaded /tmp/minio_downloads/products_190456902259.parquet -> @products stage
[2026-07-04T15:26:25.563+0000] {logging_mixin.py:188} INFO - Uploaded /tmp/minio_downloads/products_190456996715.parquet -> @products stage
[2026-07-04T15:26:25.974+0000] {logging_mixin.py:188} INFO - Uploaded /tmp/minio_downloads/products_190457081537.parquet -> @products stage
[2026-07-04T15:26:26.383+0000] {logging_mixin.py:188} INFO - Uploaded /tmp/minio_downloads/products_190457169102.parquet -> @products stage
[2026-07-04T15:26:26.794+0000] {logging_mixin.py:188} INFO - Uploaded /tmp/minio_downloads/products_190457248901.parquet -> @products stage
[2026-07-04T15:26:27.197+0000] {logging_mixin.py:188} INFO - Uploaded /tmp/minio_downloads/products_190457331763.parquet -> @products stage
[2026-07-04T15:26:27.612+0000] {logging_mixin.py:188} INFO - Uploaded /tmp/minio_downloads/products_190457420271.parquet -> @products stage
[2026-07-04T15:26:28.019+0000] {logging_mixin.py:188} INFO - Uploaded /tmp/minio_downloads/products_190457530472.parquet -> @products stage
[2026-07-04T15:26:28.431+0000] {logging_mixin.py:188} INFO - Uploaded /tmp/minio_downloads/products_190457615937.parquet -> @products stage
[2026-07-04T15:26:28.841+0000] {logging_mixin.py:188} INFO - Uploaded /tmp/minio_downloads/products_190457688994.parquet -> @products stage
[2026-07-04T15:26:29.245+0000] {logging_mixin.py:188} INFO - Uploaded /tmp/minio_downloads/products_190457775424.parquet -> @products stage
[2026-07-04T15:26:29.654+0000] {logging_mixin.py:188} INFO - Uploaded /tmp/minio_downloads/products_190457885384.parquet -> @products stage
[2026-07-04T15:26:30.070+0000] {logging_mixin.py:188} INFO - Uploaded /tmp/minio_downloads/products_190457985096.parquet -> @products stage
[2026-07-04T15:26:30.582+0000] {logging_mixin.py:188} INFO - Uploaded /tmp/minio_downloads/products_190458085202.parquet -> @products stage
[2026-07-04T15:26:30.992+0000] {logging_mixin.py:188} INFO - Uploaded /tmp/minio_downloads/products_190458170700.parquet -> @products stage
[2026-07-04T15:26:31.399+0000] {logging_mixin.py:188} INFO - Uploaded /tmp/minio_downloads/products_190458264354.parquet -> @products stage
[2026-07-04T15:26:31.811+0000] {logging_mixin.py:188} INFO - Uploaded /tmp/minio_downloads/products_190458344263.parquet -> @products stage
[2026-07-04T15:26:32.219+0000] {logging_mixin.py:188} INFO - Uploaded /tmp/minio_downloads/products_190458442542.parquet -> @products stage
[2026-07-04T15:26:32.631+0000] {logging_mixin.py:188} INFO - Uploaded /tmp/minio_downloads/products_190458534352.parquet -> @products stage
[2026-07-04T15:26:33.040+0000] {logging_mixin.py:188} INFO - Uploaded /tmp/minio_downloads/products_190458632494.parquet -> @products stage
[2026-07-04T15:26:33.450+0000] {logging_mixin.py:188} INFO - Uploaded /tmp/minio_downloads/products_190458731176.parquet -> @products stage
[2026-07-04T15:26:33.858+0000] {logging_mixin.py:188} INFO - Uploaded /tmp/minio_downloads/products_190458820214.parquet -> @products stage
[2026-07-04T15:26:34.267+0000] {logging_mixin.py:188} INFO - Uploaded /tmp/minio_downloads/products_190458911889.parquet -> @products stage
[2026-07-04T15:26:34.731+0000] {logging_mixin.py:188} INFO - Uploaded /tmp/minio_downloads/products_190459006832.parquet -> @products stage
[2026-07-04T15:26:35.099+0000] {logging_mixin.py:188} INFO - Uploaded /tmp/minio_downloads/products_190459101769.parquet -> @products stage
[2026-07-04T15:26:35.497+0000] {logging_mixin.py:188} INFO - Uploaded /tmp/minio_downloads/products_190459182689.parquet -> @products stage
[2026-07-04T15:26:35.883+0000] {logging_mixin.py:188} INFO - Uploaded /tmp/minio_downloads/products_190459268543.parquet -> @products stage
[2026-07-04T15:26:36.316+0000] {logging_mixin.py:188} INFO - Uploaded /tmp/minio_downloads/products_190459364497.parquet -> @products stage
[2026-07-04T15:26:36.726+0000] {logging_mixin.py:188} INFO - Uploaded /tmp/minio_downloads/products_190459436038.parquet -> @products stage
[2026-07-04T15:26:37.092+0000] {logging_mixin.py:188} INFO - Uploaded /tmp/minio_downloads/products_190459505636.parquet -> @products stage
[2026-07-04T15:26:37.532+0000] {logging_mixin.py:188} INFO - Uploaded /tmp/minio_downloads/products_190459580141.parquet -> @products stage
[2026-07-04T15:26:37.955+0000] {logging_mixin.py:188} INFO - Uploaded /tmp/minio_downloads/products_190459666920.parquet -> @products stage
[2026-07-04T15:26:38.361+0000] {logging_mixin.py:188} INFO - Uploaded /tmp/minio_downloads/products_190459746205.parquet -> @products stage
[2026-07-04T15:26:38.772+0000] {logging_mixin.py:188} INFO - Uploaded /tmp/minio_downloads/products_190459813465.parquet -> @products stage
[2026-07-04T15:26:39.150+0000] {logging_mixin.py:188} INFO - Uploaded /tmp/minio_downloads/products_190459915892.parquet -> @products stage
[2026-07-04T15:26:39.501+0000] {logging_mixin.py:188} INFO - Uploaded /tmp/minio_downloads/products_190500025668.parquet -> @products stage
[2026-07-04T15:26:39.880+0000] {logging_mixin.py:188} INFO - Uploaded /tmp/minio_downloads/products_190500113797.parquet -> @products stage
[2026-07-04T15:26:40.233+0000] {logging_mixin.py:188} INFO - Uploaded /tmp/minio_downloads/products_190500199595.parquet -> @products stage
[2026-07-04T15:26:40.594+0000] {logging_mixin.py:188} INFO - Uploaded /tmp/minio_downloads/products_190500317636.parquet -> @products stage
[2026-07-04T15:26:40.974+0000] {logging_mixin.py:188} INFO - Uploaded /tmp/minio_downloads/products_190500422796.parquet -> @products stage
[2026-07-04T15:26:41.425+0000] {logging_mixin.py:188} INFO - Uploaded /tmp/minio_downloads/products_190500521194.parquet -> @products stage
[2026-07-04T15:26:41.834+0000] {logging_mixin.py:188} INFO - Uploaded /tmp/minio_downloads/products_190500605883.parquet -> @products stage
[2026-07-04T15:26:42.243+0000] {logging_mixin.py:188} INFO - Uploaded /tmp/minio_downloads/products_190500678116.parquet -> @products stage
[2026-07-04T15:26:42.654+0000] {logging_mixin.py:188} INFO - Uploaded /tmp/minio_downloads/products_190500762014.parquet -> @products stage
[2026-07-04T15:26:43.063+0000] {logging_mixin.py:188} INFO - Uploaded /tmp/minio_downloads/products_190500847695.parquet -> @products stage
[2026-07-04T15:26:43.475+0000] {logging_mixin.py:188} INFO - Uploaded /tmp/minio_downloads/products_190500938446.parquet -> @products stage
[2026-07-04T15:26:43.986+0000] {logging_mixin.py:188} INFO - Uploaded /tmp/minio_downloads/products_190501039199.parquet -> @products stage
[2026-07-04T15:26:44.395+0000] {logging_mixin.py:188} INFO - Uploaded /tmp/minio_downloads/products_190501145148.parquet -> @products stage
[2026-07-04T15:26:44.801+0000] {logging_mixin.py:188} INFO - Uploaded /tmp/minio_downloads/products_190501253120.parquet -> @products stage
[2026-07-04T15:26:45.215+0000] {logging_mixin.py:188} INFO - Uploaded /tmp/minio_downloads/products_190501355413.parquet -> @products stage
[2026-07-04T15:26:45.625+0000] {logging_mixin.py:188} INFO - Uploaded /tmp/minio_downloads/products_190501449359.parquet -> @products stage
[2026-07-04T15:26:46.034+0000] {logging_mixin.py:188} INFO - Uploaded /tmp/minio_downloads/products_190501533502.parquet -> @products stage
[2026-07-04T15:26:46.545+0000] {logging_mixin.py:188} INFO - Uploaded /tmp/minio_downloads/products_190501622419.parquet -> @products stage
[2026-07-04T15:26:46.952+0000] {logging_mixin.py:188} INFO - Uploaded /tmp/minio_downloads/products_190501716818.parquet -> @products stage
[2026-07-04T15:26:47.675+0000] {logging_mixin.py:188} INFO - Uploaded /tmp/minio_downloads/products_190501805168.parquet -> @products stage
[2026-07-04T15:26:48.083+0000] {logging_mixin.py:188} INFO - Uploaded /tmp/minio_downloads/products_190501877516.parquet -> @products stage
[2026-07-04T15:26:48.491+0000] {logging_mixin.py:188} INFO - Uploaded /tmp/minio_downloads/products_190501969748.parquet -> @products stage
[2026-07-04T15:26:48.902+0000] {logging_mixin.py:188} INFO - Uploaded /tmp/minio_downloads/products_190502054760.parquet -> @products stage
[2026-07-04T15:26:49.311+0000] {logging_mixin.py:188} INFO - Uploaded /tmp/minio_downloads/products_190502170454.parquet -> @products stage
[2026-07-04T15:26:49.721+0000] {logging_mixin.py:188} INFO - Uploaded /tmp/minio_downloads/products_190502303499.parquet -> @products stage
[2026-07-04T15:26:50.130+0000] {logging_mixin.py:188} INFO - Uploaded /tmp/minio_downloads/products_190502405079.parquet -> @products stage
[2026-07-04T15:26:50.950+0000] {logging_mixin.py:188} INFO - Uploaded /tmp/minio_downloads/products_190502546241.parquet -> @products stage
[2026-07-04T15:26:51.356+0000] {logging_mixin.py:188} INFO - Uploaded /tmp/minio_downloads/products_190502649759.parquet -> @products stage
[2026-07-04T15:26:51.771+0000] {logging_mixin.py:188} INFO - Uploaded /tmp/minio_downloads/products_190502745424.parquet -> @products stage
[2026-07-04T15:26:52.146+0000] {logging_mixin.py:188} INFO - Uploaded /tmp/minio_downloads/products_190502851296.parquet -> @products stage
[2026-07-04T15:26:52.690+0000] {logging_mixin.py:188} INFO - Uploaded /tmp/minio_downloads/products_190502955929.parquet -> @products stage
[2026-07-04T15:26:53.060+0000] {logging_mixin.py:188} INFO - Uploaded /tmp/minio_downloads/products_190503045958.parquet -> @products stage
[2026-07-04T15:26:53.509+0000] {logging_mixin.py:188} INFO - Uploaded /tmp/minio_downloads/products_190503142286.parquet -> @products stage
[2026-07-04T15:26:53.881+0000] {logging_mixin.py:188} INFO - Uploaded /tmp/minio_downloads/products_190503262680.parquet -> @products stage
[2026-07-04T15:26:54.330+0000] {logging_mixin.py:188} INFO - Uploaded /tmp/minio_downloads/products_190503437051.parquet -> @products stage
[2026-07-04T15:26:54.704+0000] {logging_mixin.py:188} INFO - Uploaded /tmp/minio_downloads/products_190503621225.parquet -> @products stage
[2026-07-04T15:26:55.076+0000] {logging_mixin.py:188} INFO - Uploaded /tmp/minio_downloads/products_190504050565.parquet -> @products stage
[2026-07-04T15:26:55.555+0000] {logging_mixin.py:188} INFO - Uploaded /tmp/minio_downloads/products_190504291341.parquet -> @products stage
[2026-07-04T15:26:55.970+0000] {logging_mixin.py:188} INFO - Uploaded /tmp/minio_downloads/products_190504614889.parquet -> @products stage
[2026-07-04T15:26:56.381+0000] {logging_mixin.py:188} INFO - Uploaded /tmp/minio_downloads/products_190504887386.parquet -> @products stage
[2026-07-04T15:26:56.794+0000] {logging_mixin.py:188} INFO - Uploaded /tmp/minio_downloads/products_190505192020.parquet -> @products stage
[2026-07-04T15:26:57.180+0000] {logging_mixin.py:188} INFO - Uploaded /tmp/minio_downloads/products_190505439553.parquet -> @products stage
[2026-07-04T15:26:57.604+0000] {logging_mixin.py:188} INFO - Uploaded /tmp/minio_downloads/products_190505573608.parquet -> @products stage
[2026-07-04T15:26:57.997+0000] {logging_mixin.py:188} INFO - Uploaded /tmp/minio_downloads/products_190505716004.parquet -> @products stage
[2026-07-04T15:26:58.428+0000] {logging_mixin.py:188} INFO - Uploaded /tmp/minio_downloads/products_190505850966.parquet -> @products stage
[2026-07-04T15:26:59.647+0000] {logging_mixin.py:188} INFO - Uploaded /tmp/minio_downloads/products_190505967480.parquet -> @products stage
[2026-07-04T15:27:00.034+0000] {logging_mixin.py:188} INFO - Uploaded /tmp/minio_downloads/products_190506101610.parquet -> @products stage
[2026-07-04T15:27:00.470+0000] {logging_mixin.py:188} INFO - Uploaded /tmp/minio_downloads/products_190506243447.parquet -> @products stage
[2026-07-04T15:27:00.982+0000] {logging_mixin.py:188} INFO - Uploaded /tmp/minio_downloads/products_190506340877.parquet -> @products stage
[2026-07-04T15:27:01.396+0000] {logging_mixin.py:188} INFO - Uploaded /tmp/minio_downloads/products_190506453754.parquet -> @products stage
[2026-07-04T15:27:01.803+0000] {logging_mixin.py:188} INFO - Uploaded /tmp/minio_downloads/products_190506556574.parquet -> @products stage
[2026-07-04T15:27:02.213+0000] {logging_mixin.py:188} INFO - Uploaded /tmp/minio_downloads/products_190506691743.parquet -> @products stage
[2026-07-04T15:27:02.623+0000] {logging_mixin.py:188} INFO - Uploaded /tmp/minio_downloads/products_190506801449.parquet -> @products stage
[2026-07-04T15:27:03.032+0000] {logging_mixin.py:188} INFO - Uploaded /tmp/minio_downloads/products_190506872556.parquet -> @products stage
[2026-07-04T15:27:03.547+0000] {logging_mixin.py:188} INFO - Uploaded /tmp/minio_downloads/products_190506980128.parquet -> @products stage
[2026-07-04T15:27:03.931+0000] {logging_mixin.py:188} INFO - Uploaded /tmp/minio_downloads/products_190507078916.parquet -> @products stage
[2026-07-04T15:27:04.368+0000] {logging_mixin.py:188} INFO - Uploaded /tmp/minio_downloads/products_190507193188.parquet -> @products stage
[2026-07-04T15:27:04.876+0000] {logging_mixin.py:188} INFO - Uploaded /tmp/minio_downloads/products_190507289697.parquet -> @products stage
[2026-07-04T15:27:05.287+0000] {logging_mixin.py:188} INFO - Uploaded /tmp/minio_downloads/products_190507387573.parquet -> @products stage
[2026-07-04T15:27:05.696+0000] {logging_mixin.py:188} INFO - Uploaded /tmp/minio_downloads/products_190507494529.parquet -> @products stage
[2026-07-04T15:27:06.412+0000] {logging_mixin.py:188} INFO - Uploaded /tmp/minio_downloads/products_190507573522.parquet -> @products stage
[2026-07-04T15:27:06.923+0000] {logging_mixin.py:188} INFO - Uploaded /tmp/minio_downloads/products_190507671898.parquet -> @products stage
[2026-07-04T15:27:07.412+0000] {logging_mixin.py:188} INFO - Uploaded /tmp/minio_downloads/products_190507781409.parquet -> @products stage
[2026-07-04T15:27:07.847+0000] {logging_mixin.py:188} INFO - Uploaded /tmp/minio_downloads/products_190507870532.parquet -> @products stage
[2026-07-04T15:27:08.258+0000] {logging_mixin.py:188} INFO - Uploaded /tmp/minio_downloads/products_190507977690.parquet -> @products stage
[2026-07-04T15:27:08.666+0000] {logging_mixin.py:188} INFO - Uploaded /tmp/minio_downloads/products_190508069384.parquet -> @products stage
[2026-07-04T15:27:09.144+0000] {logging_mixin.py:188} INFO - Uploaded /tmp/minio_downloads/products_190508163584.parquet -> @products stage
[2026-07-04T15:27:09.587+0000] {logging_mixin.py:188} INFO - Uploaded /tmp/minio_downloads/products_190508237766.parquet -> @products stage
[2026-07-04T15:27:10.001+0000] {logging_mixin.py:188} INFO - Uploaded /tmp/minio_downloads/products_190508342202.parquet -> @products stage
[2026-07-04T15:27:10.514+0000] {logging_mixin.py:188} INFO - Uploaded /tmp/minio_downloads/products_190508492801.parquet -> @products stage
[2026-07-04T15:27:11.022+0000] {logging_mixin.py:188} INFO - Uploaded /tmp/minio_downloads/products_190508673144.parquet -> @products stage
[2026-07-04T15:27:11.434+0000] {logging_mixin.py:188} INFO - Uploaded /tmp/minio_downloads/products_190508775644.parquet -> @products stage
[2026-07-04T15:27:11.846+0000] {logging_mixin.py:188} INFO - Uploaded /tmp/minio_downloads/products_190508877456.parquet -> @products stage
[2026-07-04T15:27:12.341+0000] {logging_mixin.py:188} INFO - Uploaded /tmp/minio_downloads/products_190508994332.parquet -> @products stage
[2026-07-04T15:27:12.747+0000] {logging_mixin.py:188} INFO - Uploaded /tmp/minio_downloads/products_190509106065.parquet -> @products stage
[2026-07-04T15:27:13.174+0000] {logging_mixin.py:188} INFO - Uploaded /tmp/minio_downloads/products_190509209313.parquet -> @products stage
[2026-07-04T15:27:13.588+0000] {logging_mixin.py:188} INFO - Uploaded /tmp/minio_downloads/products_190509309055.parquet -> @products stage
[2026-07-04T15:27:14.101+0000] {logging_mixin.py:188} INFO - Uploaded /tmp/minio_downloads/products_190509413119.parquet -> @products stage
[2026-07-04T15:27:14.612+0000] {logging_mixin.py:188} INFO - Uploaded /tmp/minio_downloads/products_190509505797.parquet -> @products stage
[2026-07-04T15:27:15.124+0000] {logging_mixin.py:188} INFO - Uploaded /tmp/minio_downloads/products_190509612685.parquet -> @products stage
[2026-07-04T15:27:15.635+0000] {logging_mixin.py:188} INFO - Uploaded /tmp/minio_downloads/products_190509726741.parquet -> @products stage
[2026-07-04T15:27:16.146+0000] {logging_mixin.py:188} INFO - Uploaded /tmp/minio_downloads/products_190509821495.parquet -> @products stage
[2026-07-04T15:27:16.557+0000] {logging_mixin.py:188} INFO - Uploaded /tmp/minio_downloads/products_190509925285.parquet -> @products stage
[2026-07-04T15:27:17.071+0000] {logging_mixin.py:188} INFO - Uploaded /tmp/minio_downloads/products_190510021890.parquet -> @products stage
[2026-07-04T15:27:17.578+0000] {logging_mixin.py:188} INFO - Uploaded /tmp/minio_downloads/products_190510121914.parquet -> @products stage
[2026-07-04T15:27:18.095+0000] {logging_mixin.py:188} INFO - Uploaded /tmp/minio_downloads/products_190510227667.parquet -> @products stage
[2026-07-04T15:27:18.606+0000] {logging_mixin.py:188} INFO - Uploaded /tmp/minio_downloads/products_190510348300.parquet -> @products stage
[2026-07-04T15:27:19.120+0000] {logging_mixin.py:188} INFO - Uploaded /tmp/minio_downloads/products_190510449301.parquet -> @products stage
[2026-07-04T15:27:19.630+0000] {logging_mixin.py:188} INFO - Uploaded /tmp/minio_downloads/products_190510538653.parquet -> @products stage
[2026-07-04T15:27:20.138+0000] {logging_mixin.py:188} INFO - Uploaded /tmp/minio_downloads/products_190510627206.parquet -> @products stage
[2026-07-04T15:27:20.655+0000] {logging_mixin.py:188} INFO - Uploaded /tmp/minio_downloads/products_190510747407.parquet -> @products stage
[2026-07-04T15:27:21.065+0000] {logging_mixin.py:188} INFO - Uploaded /tmp/minio_downloads/products_190510908621.parquet -> @products stage
[2026-07-04T15:27:21.578+0000] {logging_mixin.py:188} INFO - Uploaded /tmp/minio_downloads/products_190511040601.parquet -> @products stage
[2026-07-04T15:27:22.085+0000] {logging_mixin.py:188} INFO - Uploaded /tmp/minio_downloads/products_190511161902.parquet -> @products stage
[2026-07-04T15:27:22.499+0000] {logging_mixin.py:188} INFO - Uploaded /tmp/minio_downloads/products_190511256877.parquet -> @products stage
[2026-07-04T15:27:23.006+0000] {logging_mixin.py:188} INFO - Uploaded /tmp/minio_downloads/products_190511353807.parquet -> @products stage
[2026-07-04T15:27:23.522+0000] {logging_mixin.py:188} INFO - Uploaded /tmp/minio_downloads/products_190511446548.parquet -> @products stage
[2026-07-04T15:27:24.033+0000] {logging_mixin.py:188} INFO - Uploaded /tmp/minio_downloads/products_190511550824.parquet -> @products stage
[2026-07-04T15:27:24.547+0000] {logging_mixin.py:188} INFO - Uploaded /tmp/minio_downloads/products_190511637025.parquet -> @products stage
[2026-07-04T15:27:25.037+0000] {logging_mixin.py:188} INFO - Uploaded /tmp/minio_downloads/products_190511742928.parquet -> @products stage
[2026-07-04T15:27:25.468+0000] {logging_mixin.py:188} INFO - Uploaded /tmp/minio_downloads/products_190511838875.parquet -> @products stage
[2026-07-04T15:27:25.981+0000] {logging_mixin.py:188} INFO - Uploaded /tmp/minio_downloads/products_190511942705.parquet -> @products stage
[2026-07-04T15:27:26.489+0000] {logging_mixin.py:188} INFO - Uploaded /tmp/minio_downloads/products_190512035616.parquet -> @products stage
[2026-07-04T15:27:27.005+0000] {logging_mixin.py:188} INFO - Uploaded /tmp/minio_downloads/products_190512125046.parquet -> @products stage
[2026-07-04T15:27:27.417+0000] {logging_mixin.py:188} INFO - Uploaded /tmp/minio_downloads/products_190512246186.parquet -> @products stage
[2026-07-04T15:27:27.927+0000] {logging_mixin.py:188} INFO - Uploaded /tmp/minio_downloads/products_190512346480.parquet -> @products stage
[2026-07-04T15:27:28.417+0000] {logging_mixin.py:188} INFO - Uploaded /tmp/minio_downloads/products_190512441264.parquet -> @products stage
[2026-07-04T15:27:28.848+0000] {logging_mixin.py:188} INFO - Uploaded /tmp/minio_downloads/products_190512540267.parquet -> @products stage
[2026-07-04T15:27:29.260+0000] {logging_mixin.py:188} INFO - Uploaded /tmp/minio_downloads/products_190512622559.parquet -> @products stage
[2026-07-04T15:27:29.667+0000] {logging_mixin.py:188} INFO - Uploaded /tmp/minio_downloads/products_190512716557.parquet -> @products stage
[2026-07-04T15:27:30.078+0000] {logging_mixin.py:188} INFO - Uploaded /tmp/minio_downloads/products_190512801660.parquet -> @products stage
[2026-07-04T15:27:30.593+0000] {logging_mixin.py:188} INFO - Uploaded /tmp/minio_downloads/products_190512900356.parquet -> @products stage
[2026-07-04T15:27:31.097+0000] {logging_mixin.py:188} INFO - Uploaded /tmp/minio_downloads/products_190513013788.parquet -> @products stage
[2026-07-04T15:27:31.510+0000] {logging_mixin.py:188} INFO - Uploaded /tmp/minio_downloads/products_190513116275.parquet -> @products stage
[2026-07-04T15:27:31.878+0000] {logging_mixin.py:188} INFO - Uploaded /tmp/minio_downloads/products_190513210738.parquet -> @products stage
[2026-07-04T15:27:32.324+0000] {logging_mixin.py:188} INFO - Uploaded /tmp/minio_downloads/products_190513321105.parquet -> @products stage
[2026-07-04T15:27:32.843+0000] {logging_mixin.py:188} INFO - Uploaded /tmp/minio_downloads/products_190513442567.parquet -> @products stage
[2026-07-04T15:27:33.355+0000] {logging_mixin.py:188} INFO - Uploaded /tmp/minio_downloads/products_190513548161.parquet -> @products stage
[2026-07-04T15:27:33.867+0000] {logging_mixin.py:188} INFO - Uploaded /tmp/minio_downloads/products_190513640606.parquet -> @products stage
[2026-07-04T15:27:34.277+0000] {logging_mixin.py:188} INFO - Uploaded /tmp/minio_downloads/products_190513737204.parquet -> @products stage
[2026-07-04T15:27:34.689+0000] {logging_mixin.py:188} INFO - Uploaded /tmp/minio_downloads/products_190513840427.parquet -> @products stage
[2026-07-04T15:27:35.195+0000] {logging_mixin.py:188} INFO - Uploaded /tmp/minio_downloads/products_190513956310.parquet -> @products stage
[2026-07-04T15:27:35.602+0000] {logging_mixin.py:188} INFO - Uploaded /tmp/minio_downloads/products_190514057768.parquet -> @products stage
[2026-07-04T15:27:36.018+0000] {logging_mixin.py:188} INFO - Uploaded /tmp/minio_downloads/products_190514155388.parquet -> @products stage
[2026-07-04T15:27:36.425+0000] {logging_mixin.py:188} INFO - Uploaded /tmp/minio_downloads/products_190514235212.parquet -> @products stage
[2026-07-04T15:27:36.941+0000] {logging_mixin.py:188} INFO - Uploaded /tmp/minio_downloads/products_190514334334.parquet -> @products stage
[2026-07-04T15:27:37.451+0000] {logging_mixin.py:188} INFO - Uploaded /tmp/minio_downloads/products_190514421011.parquet -> @products stage
[2026-07-04T15:27:37.964+0000] {logging_mixin.py:188} INFO - Uploaded /tmp/minio_downloads/products_190514515520.parquet -> @products stage
[2026-07-04T15:27:38.476+0000] {logging_mixin.py:188} INFO - Uploaded /tmp/minio_downloads/products_190514590384.parquet -> @products stage
[2026-07-04T15:27:38.886+0000] {logging_mixin.py:188} INFO - Uploaded /tmp/minio_downloads/products_190514690576.parquet -> @products stage
[2026-07-04T15:27:39.399+0000] {logging_mixin.py:188} INFO - Uploaded /tmp/minio_downloads/products_190514785355.parquet -> @products stage
[2026-07-04T15:27:39.900+0000] {logging_mixin.py:188} INFO - Uploaded /tmp/minio_downloads/products_190514870752.parquet -> @products stage
[2026-07-04T15:27:40.412+0000] {logging_mixin.py:188} INFO - Uploaded /tmp/minio_downloads/products_190514950211.parquet -> @products stage
[2026-07-04T15:27:40.924+0000] {logging_mixin.py:188} INFO - Uploaded /tmp/minio_downloads/products_190515046462.parquet -> @products stage
[2026-07-04T15:27:41.435+0000] {logging_mixin.py:188} INFO - Uploaded /tmp/minio_downloads/products_190515141982.parquet -> @products stage
[2026-07-04T15:27:41.944+0000] {logging_mixin.py:188} INFO - Uploaded /tmp/minio_downloads/products_190515226227.parquet -> @products stage
[2026-07-04T15:27:42.358+0000] {logging_mixin.py:188} INFO - Uploaded /tmp/minio_downloads/products_190515304938.parquet -> @products stage
[2026-07-04T15:27:42.870+0000] {logging_mixin.py:188} INFO - Uploaded /tmp/minio_downloads/products_190515402338.parquet -> @products stage
[2026-07-04T15:27:43.379+0000] {logging_mixin.py:188} INFO - Uploaded /tmp/minio_downloads/products_190515494081.parquet -> @products stage
[2026-07-04T15:27:43.896+0000] {logging_mixin.py:188} INFO - Uploaded /tmp/minio_downloads/products_190515575649.parquet -> @products stage
[2026-07-04T15:27:44.406+0000] {logging_mixin.py:188} INFO - Uploaded /tmp/minio_downloads/products_190515659247.parquet -> @products stage
[2026-07-04T15:27:44.815+0000] {logging_mixin.py:188} INFO - Uploaded /tmp/minio_downloads/products_190515759494.parquet -> @products stage
[2026-07-04T15:27:45.227+0000] {logging_mixin.py:188} INFO - Uploaded /tmp/minio_downloads/products_190515849188.parquet -> @products stage
[2026-07-04T15:27:45.738+0000] {logging_mixin.py:188} INFO - Uploaded /tmp/minio_downloads/products_190515918082.parquet -> @products stage
[2026-07-04T15:27:46.256+0000] {logging_mixin.py:188} INFO - Uploaded /tmp/minio_downloads/products_190516001141.parquet -> @products stage
[2026-07-04T15:27:46.761+0000] {logging_mixin.py:188} INFO - Uploaded /tmp/minio_downloads/products_190516068757.parquet -> @products stage
[2026-07-04T15:27:47.274+0000] {logging_mixin.py:188} INFO - Uploaded /tmp/minio_downloads/products_190516159940.parquet -> @products stage
[2026-07-04T15:27:47.683+0000] {logging_mixin.py:188} INFO - Uploaded /tmp/minio_downloads/products_190516240847.parquet -> @products stage
[2026-07-04T15:27:48.095+0000] {logging_mixin.py:188} INFO - Uploaded /tmp/minio_downloads/products_190516338318.parquet -> @products stage
[2026-07-04T15:27:48.601+0000] {logging_mixin.py:188} INFO - Uploaded /tmp/minio_downloads/products_190516432070.parquet -> @products stage
[2026-07-04T15:27:49.120+0000] {logging_mixin.py:188} INFO - Uploaded /tmp/minio_downloads/products_190516514146.parquet -> @products stage
[2026-07-04T15:27:49.628+0000] {logging_mixin.py:188} INFO - Uploaded /tmp/minio_downloads/products_190516584884.parquet -> @products stage
[2026-07-04T15:27:50.142+0000] {logging_mixin.py:188} INFO - Uploaded /tmp/minio_downloads/products_190516663229.parquet -> @products stage
[2026-07-04T15:27:50.651+0000] {logging_mixin.py:188} INFO - Uploaded /tmp/minio_downloads/products_190516736911.parquet -> @products stage
[2026-07-04T15:27:51.151+0000] {logging_mixin.py:188} INFO - Uploaded /tmp/minio_downloads/products_190516809117.parquet -> @products stage
[2026-07-04T15:27:51.575+0000] {logging_mixin.py:188} INFO - Uploaded /tmp/minio_downloads/products_190516893225.parquet -> @products stage
[2026-07-04T15:27:52.088+0000] {logging_mixin.py:188} INFO - Uploaded /tmp/minio_downloads/products_190516966196.parquet -> @products stage
[2026-07-04T15:27:52.601+0000] {logging_mixin.py:188} INFO - Uploaded /tmp/minio_downloads/products_190517049810.parquet -> @products stage
[2026-07-04T15:27:53.005+0000] {logging_mixin.py:188} INFO - Uploaded /tmp/minio_downloads/products_190517117280.parquet -> @products stage
[2026-07-04T15:27:53.516+0000] {logging_mixin.py:188} INFO - Uploaded /tmp/minio_downloads/products_190517205576.parquet -> @products stage
[2026-07-04T15:27:53.931+0000] {logging_mixin.py:188} INFO - Uploaded /tmp/minio_downloads/products_190517284781.parquet -> @products stage
[2026-07-04T15:27:54.443+0000] {logging_mixin.py:188} INFO - Uploaded /tmp/minio_downloads/products_190517358607.parquet -> @products stage
[2026-07-04T15:27:54.956+0000] {logging_mixin.py:188} INFO - Uploaded /tmp/minio_downloads/products_190517450282.parquet -> @products stage
[2026-07-04T15:27:55.468+0000] {logging_mixin.py:188} INFO - Uploaded /tmp/minio_downloads/products_190517532726.parquet -> @products stage
[2026-07-04T15:27:55.981+0000] {logging_mixin.py:188} INFO - Uploaded /tmp/minio_downloads/products_190517636065.parquet -> @products stage
[2026-07-04T15:27:56.494+0000] {logging_mixin.py:188} INFO - Uploaded /tmp/minio_downloads/products_190517733416.parquet -> @products stage
[2026-07-04T15:27:56.902+0000] {logging_mixin.py:188} INFO - Uploaded /tmp/minio_downloads/products_190517842694.parquet -> @products stage
[2026-07-04T15:27:57.409+0000] {logging_mixin.py:188} INFO - Uploaded /tmp/minio_downloads/products_190517934715.parquet -> @products stage
[2026-07-04T15:27:57.823+0000] {logging_mixin.py:188} INFO - Uploaded /tmp/minio_downloads/products_190518047058.parquet -> @products stage
[2026-07-04T15:27:58.318+0000] {logging_mixin.py:188} INFO - Uploaded /tmp/minio_downloads/products_190518132327.parquet -> @products stage
[2026-07-04T15:27:58.675+0000] {logging_mixin.py:188} INFO - Uploaded /tmp/minio_downloads/products_190518233300.parquet -> @products stage
[2026-07-04T15:27:59.156+0000] {logging_mixin.py:188} INFO - Uploaded /tmp/minio_downloads/products_190518338770.parquet -> @products stage
[2026-07-04T15:27:59.666+0000] {logging_mixin.py:188} INFO - Uploaded /tmp/minio_downloads/products_190518424499.parquet -> @products stage
[2026-07-04T15:28:00.175+0000] {logging_mixin.py:188} INFO - Uploaded /tmp/minio_downloads/products_190518506977.parquet -> @products stage
[2026-07-04T15:28:00.588+0000] {logging_mixin.py:188} INFO - Uploaded /tmp/minio_downloads/products_190518606228.parquet -> @products stage
[2026-07-04T15:28:01.066+0000] {logging_mixin.py:188} INFO - Uploaded /tmp/minio_downloads/products_190518706044.parquet -> @products stage
[2026-07-04T15:28:01.506+0000] {logging_mixin.py:188} INFO - Uploaded /tmp/minio_downloads/products_190518804661.parquet -> @products stage
[2026-07-04T15:28:02.021+0000] {logging_mixin.py:188} INFO - Uploaded /tmp/minio_downloads/products_190518900595.parquet -> @products stage
[2026-07-04T15:28:02.433+0000] {logging_mixin.py:188} INFO - Uploaded /tmp/minio_downloads/products_190518988924.parquet -> @products stage
[2026-07-04T15:28:02.947+0000] {logging_mixin.py:188} INFO - Uploaded /tmp/minio_downloads/products_190519088455.parquet -> @products stage
[2026-07-04T15:28:03.353+0000] {logging_mixin.py:188} INFO - Uploaded /tmp/minio_downloads/products_190519182190.parquet -> @products stage
[2026-07-04T15:28:03.861+0000] {logging_mixin.py:188} INFO - Uploaded /tmp/minio_downloads/products_190519281165.parquet -> @products stage
[2026-07-04T15:28:04.234+0000] {logging_mixin.py:188} INFO - Uploaded /tmp/minio_downloads/products_190519394383.parquet -> @products stage
[2026-07-04T15:28:04.685+0000] {logging_mixin.py:188} INFO - Uploaded /tmp/minio_downloads/products_190519505484.parquet -> @products stage
[2026-07-04T15:28:05.192+0000] {logging_mixin.py:188} INFO - Uploaded /tmp/minio_downloads/products_190519614921.parquet -> @products stage
[2026-07-04T15:28:05.710+0000] {logging_mixin.py:188} INFO - Uploaded /tmp/minio_downloads/products_190519723196.parquet -> @products stage
[2026-07-04T15:28:06.218+0000] {logging_mixin.py:188} INFO - Uploaded /tmp/minio_downloads/products_190519837769.parquet -> @products stage
[2026-07-04T15:28:06.628+0000] {logging_mixin.py:188} INFO - Uploaded /tmp/minio_downloads/products_190519952979.parquet -> @products stage
[2026-07-04T15:28:07.038+0000] {logging_mixin.py:188} INFO - Uploaded /tmp/minio_downloads/products_190520082937.parquet -> @products stage
[2026-07-04T15:28:07.445+0000] {logging_mixin.py:188} INFO - Uploaded /tmp/minio_downloads/products_190520188294.parquet -> @products stage
[2026-07-04T15:28:07.963+0000] {logging_mixin.py:188} INFO - Uploaded /tmp/minio_downloads/products_190520289674.parquet -> @products stage
[2026-07-04T15:28:08.473+0000] {logging_mixin.py:188} INFO - Uploaded /tmp/minio_downloads/products_190520393504.parquet -> @products stage
[2026-07-04T15:28:08.885+0000] {logging_mixin.py:188} INFO - Uploaded /tmp/minio_downloads/products_190520500027.parquet -> @products stage
[2026-07-04T15:28:09.397+0000] {logging_mixin.py:188} INFO - Uploaded /tmp/minio_downloads/products_190520633450.parquet -> @products stage
[2026-07-04T15:28:09.905+0000] {logging_mixin.py:188} INFO - Uploaded /tmp/minio_downloads/products_190520778651.parquet -> @products stage
[2026-07-04T15:28:10.415+0000] {logging_mixin.py:188} INFO - Uploaded /tmp/minio_downloads/products_190520903227.parquet -> @products stage
[2026-07-04T15:28:10.927+0000] {logging_mixin.py:188} INFO - Uploaded /tmp/minio_downloads/products_190521046609.parquet -> @products stage
[2026-07-04T15:28:11.336+0000] {logging_mixin.py:188} INFO - Uploaded /tmp/minio_downloads/products_190521217705.parquet -> @products stage
[2026-07-04T15:28:11.744+0000] {logging_mixin.py:188} INFO - Uploaded /tmp/minio_downloads/products_190521389335.parquet -> @products stage
[2026-07-04T15:28:12.256+0000] {logging_mixin.py:188} INFO - Uploaded /tmp/minio_downloads/products_190521542750.parquet -> @products stage
[2026-07-04T15:28:12.769+0000] {logging_mixin.py:188} INFO - Uploaded /tmp/minio_downloads/products_190521706212.parquet -> @products stage
[2026-07-04T15:28:13.282+0000] {logging_mixin.py:188} INFO - Uploaded /tmp/minio_downloads/products_190521940266.parquet -> @products stage
[2026-07-04T15:28:13.688+0000] {logging_mixin.py:188} INFO - Uploaded /tmp/minio_downloads/products_190522151590.parquet -> @products stage
[2026-07-04T15:28:14.098+0000] {logging_mixin.py:188} INFO - Uploaded /tmp/minio_downloads/products_190522315513.parquet -> @products stage
[2026-07-04T15:28:14.612+0000] {logging_mixin.py:188} INFO - Uploaded /tmp/minio_downloads/products_190522444092.parquet -> @products stage
[2026-07-04T15:28:15.125+0000] {logging_mixin.py:188} INFO - Uploaded /tmp/minio_downloads/products_190522673116.parquet -> @products stage
[2026-07-04T15:28:15.534+0000] {logging_mixin.py:188} INFO - Uploaded /tmp/minio_downloads/products_190522841650.parquet -> @products stage
[2026-07-04T15:28:15.943+0000] {logging_mixin.py:188} INFO - Uploaded /tmp/minio_downloads/products_190522988838.parquet -> @products stage
[2026-07-04T15:28:16.354+0000] {logging_mixin.py:188} INFO - Uploaded /tmp/minio_downloads/products_190523105919.parquet -> @products stage
[2026-07-04T15:28:16.866+0000] {logging_mixin.py:188} INFO - Uploaded /tmp/minio_downloads/products_190523291180.parquet -> @products stage
[2026-07-04T15:28:17.344+0000] {logging_mixin.py:188} INFO - Uploaded /tmp/minio_downloads/products_190523528699.parquet -> @products stage
[2026-07-04T15:28:17.712+0000] {logging_mixin.py:188} INFO - Uploaded /tmp/minio_downloads/products_190523795135.parquet -> @products stage
[2026-07-04T15:28:18.198+0000] {logging_mixin.py:188} INFO - Uploaded /tmp/minio_downloads/products_190523929735.parquet -> @products stage
[2026-07-04T15:28:18.605+0000] {logging_mixin.py:188} INFO - Uploaded /tmp/minio_downloads/products_190524114956.parquet -> @products stage
[2026-07-04T15:28:19.018+0000] {logging_mixin.py:188} INFO - Uploaded /tmp/minio_downloads/products_190524299317.parquet -> @products stage
[2026-07-04T15:28:19.527+0000] {logging_mixin.py:188} INFO - Uploaded /tmp/minio_downloads/products_190524447589.parquet -> @products stage
[2026-07-04T15:28:19.943+0000] {logging_mixin.py:188} INFO - Uploaded /tmp/minio_downloads/products_190524632059.parquet -> @products stage
[2026-07-04T15:28:20.450+0000] {logging_mixin.py:188} INFO - Uploaded /tmp/minio_downloads/products_190524814315.parquet -> @products stage
[2026-07-04T15:28:20.861+0000] {logging_mixin.py:188} INFO - Uploaded /tmp/minio_downloads/products_190525025845.parquet -> @products stage
[2026-07-04T15:28:21.268+0000] {logging_mixin.py:188} INFO - Uploaded /tmp/minio_downloads/products_190525196127.parquet -> @products stage
[2026-07-04T15:28:21.680+0000] {logging_mixin.py:188} INFO - Uploaded /tmp/minio_downloads/products_190525361823.parquet -> @products stage
[2026-07-04T15:28:22.192+0000] {logging_mixin.py:188} INFO - Uploaded /tmp/minio_downloads/products_190525577234.parquet -> @products stage
[2026-07-04T15:28:22.707+0000] {logging_mixin.py:188} INFO - Uploaded /tmp/minio_downloads/products_190525751263.parquet -> @products stage
[2026-07-04T15:28:23.116+0000] {logging_mixin.py:188} INFO - Uploaded /tmp/minio_downloads/products_190525990052.parquet -> @products stage
[2026-07-04T15:28:23.626+0000] {logging_mixin.py:188} INFO - Uploaded /tmp/minio_downloads/products_190526150505.parquet -> @products stage
[2026-07-04T15:28:24.037+0000] {logging_mixin.py:188} INFO - Uploaded /tmp/minio_downloads/products_190526303829.parquet -> @products stage
[2026-07-04T15:28:24.549+0000] {logging_mixin.py:188} INFO - Uploaded /tmp/minio_downloads/products_190526503032.parquet -> @products stage
[2026-07-04T15:28:24.955+0000] {logging_mixin.py:188} INFO - Uploaded /tmp/minio_downloads/products_190526697484.parquet -> @products stage
[2026-07-04T15:28:25.366+0000] {logging_mixin.py:188} INFO - Uploaded /tmp/minio_downloads/products_190526967633.parquet -> @products stage
[2026-07-04T15:28:25.885+0000] {logging_mixin.py:188} INFO - Uploaded /tmp/minio_downloads/products_190527276526.parquet -> @products stage
[2026-07-04T15:28:26.389+0000] {logging_mixin.py:188} INFO - Uploaded /tmp/minio_downloads/products_190527492797.parquet -> @products stage
[2026-07-04T15:28:26.903+0000] {logging_mixin.py:188} INFO - Uploaded /tmp/minio_downloads/products_190527671176.parquet -> @products stage
[2026-07-04T15:28:27.314+0000] {logging_mixin.py:188} INFO - Uploaded /tmp/minio_downloads/products_190527873298.parquet -> @products stage
[2026-07-04T15:28:27.720+0000] {logging_mixin.py:188} INFO - Uploaded /tmp/minio_downloads/products_190528077439.parquet -> @products stage
[2026-07-04T15:28:28.131+0000] {logging_mixin.py:188} INFO - Uploaded /tmp/minio_downloads/products_190528265165.parquet -> @products stage
[2026-07-04T15:28:28.613+0000] {logging_mixin.py:188} INFO - Uploaded /tmp/minio_downloads/products_190528396267.parquet -> @products stage
[2026-07-04T15:28:29.052+0000] {logging_mixin.py:188} INFO - Uploaded /tmp/minio_downloads/products_190528581713.parquet -> @products stage
[2026-07-04T15:28:29.462+0000] {logging_mixin.py:188} INFO - Uploaded /tmp/minio_downloads/products_190528710311.parquet -> @products stage
[2026-07-04T15:28:29.873+0000] {logging_mixin.py:188} INFO - Uploaded /tmp/minio_downloads/products_190528833429.parquet -> @products stage
[2026-07-04T15:28:30.288+0000] {logging_mixin.py:188} INFO - Uploaded /tmp/minio_downloads/products_190528980653.parquet -> @products stage
[2026-07-04T15:28:30.800+0000] {logging_mixin.py:188} INFO - Uploaded /tmp/minio_downloads/products_190529157644.parquet -> @products stage
[2026-07-04T15:28:31.312+0000] {logging_mixin.py:188} INFO - Uploaded /tmp/minio_downloads/products_190529330373.parquet -> @products stage
[2026-07-04T15:28:31.823+0000] {logging_mixin.py:188} INFO - Uploaded /tmp/minio_downloads/products_190529495667.parquet -> @products stage
[2026-07-04T15:28:32.335+0000] {logging_mixin.py:188} INFO - Uploaded /tmp/minio_downloads/products_190529644991.parquet -> @products stage
[2026-07-04T15:28:32.849+0000] {logging_mixin.py:188} INFO - Uploaded /tmp/minio_downloads/products_190529796184.parquet -> @products stage
[2026-07-04T15:28:33.360+0000] {logging_mixin.py:188} INFO - Uploaded /tmp/minio_downloads/products_190529937711.parquet -> @products stage
[2026-07-04T15:28:34.076+0000] {logging_mixin.py:188} INFO - Uploaded /tmp/minio_downloads/products_190530081816.parquet -> @products stage
[2026-07-04T15:28:34.480+0000] {logging_mixin.py:188} INFO - Uploaded /tmp/minio_downloads/products_190530247718.parquet -> @products stage
[2026-07-04T15:28:34.891+0000] {logging_mixin.py:188} INFO - Uploaded /tmp/minio_downloads/products_190530413919.parquet -> @products stage
[2026-07-04T15:28:35.302+0000] {logging_mixin.py:188} INFO - Uploaded /tmp/minio_downloads/products_190530561245.parquet -> @products stage
[2026-07-04T15:28:35.817+0000] {logging_mixin.py:188} INFO - Uploaded /tmp/minio_downloads/products_190530714544.parquet -> @products stage
[2026-07-04T15:28:36.329+0000] {logging_mixin.py:188} INFO - Uploaded /tmp/minio_downloads/products_190530848261.parquet -> @products stage
[2026-07-04T15:28:36.842+0000] {logging_mixin.py:188} INFO - Uploaded /tmp/minio_downloads/products_190531001980.parquet -> @products stage
[2026-07-04T15:28:37.353+0000] {logging_mixin.py:188} INFO - Uploaded /tmp/minio_downloads/products_190531140654.parquet -> @products stage
[2026-07-04T15:28:37.868+0000] {logging_mixin.py:188} INFO - Uploaded /tmp/minio_downloads/products_190531263217.parquet -> @products stage
[2026-07-04T15:28:38.379+0000] {logging_mixin.py:188} INFO - Uploaded /tmp/minio_downloads/products_190531375477.parquet -> @products stage
[2026-07-04T15:28:38.776+0000] {logging_mixin.py:188} INFO - Uploaded /tmp/minio_downloads/products_190531508599.parquet -> @products stage
[2026-07-04T15:28:39.199+0000] {logging_mixin.py:188} INFO - Uploaded /tmp/minio_downloads/products_190531648223.parquet -> @products stage
[2026-07-04T15:28:39.705+0000] {logging_mixin.py:188} INFO - Uploaded /tmp/minio_downloads/products_190531775706.parquet -> @products stage
[2026-07-04T15:28:40.217+0000] {logging_mixin.py:188} INFO - Uploaded /tmp/minio_downloads/products_190531886042.parquet -> @products stage
[2026-07-04T15:28:40.730+0000] {logging_mixin.py:188} INFO - Uploaded /tmp/minio_downloads/products_190531991248.parquet -> @products stage
[2026-07-04T15:28:41.336+0000] {logging_mixin.py:188} INFO - Uploaded /tmp/minio_downloads/products_190532090630.parquet -> @products stage
[2026-07-04T15:28:41.753+0000] {logging_mixin.py:188} INFO - Uploaded /tmp/minio_downloads/products_190532185217.parquet -> @products stage
[2026-07-04T15:28:42.265+0000] {logging_mixin.py:188} INFO - Uploaded /tmp/minio_downloads/products_190532288748.parquet -> @products stage
[2026-07-04T15:28:42.758+0000] {logging_mixin.py:188} INFO - Uploaded /tmp/minio_downloads/products_190532376212.parquet -> @products stage
[2026-07-04T15:28:43.183+0000] {logging_mixin.py:188} INFO - Uploaded /tmp/minio_downloads/products_190533226619.parquet -> @products stage
[2026-07-04T15:28:43.681+0000] {logging_mixin.py:188} INFO - Uploaded /tmp/minio_downloads/products_190533301640.parquet -> @products stage
[2026-07-04T15:28:44.109+0000] {logging_mixin.py:188} INFO - Uploaded /tmp/minio_downloads/products_190533370923.parquet -> @products stage
[2026-07-04T15:28:44.620+0000] {logging_mixin.py:188} INFO - Uploaded /tmp/minio_downloads/products_190533448519.parquet -> @products stage
[2026-07-04T15:28:45.235+0000] {logging_mixin.py:188} INFO - Uploaded /tmp/minio_downloads/products_190533537480.parquet -> @products stage
[2026-07-04T15:28:45.743+0000] {logging_mixin.py:188} INFO - Uploaded /tmp/minio_downloads/products_190533628408.parquet -> @products stage
[2026-07-04T15:28:46.259+0000] {logging_mixin.py:188} INFO - Uploaded /tmp/minio_downloads/products_190533705522.parquet -> @products stage
[2026-07-04T15:28:46.772+0000] {logging_mixin.py:188} INFO - Uploaded /tmp/minio_downloads/products_190533777917.parquet -> @products stage
[2026-07-04T15:28:47.283+0000] {logging_mixin.py:188} INFO - Uploaded /tmp/minio_downloads/products_190533878681.parquet -> @products stage
[2026-07-04T15:28:47.791+0000] {logging_mixin.py:188} INFO - Uploaded /tmp/minio_downloads/products_190533970700.parquet -> @products stage
[2026-07-04T15:28:48.409+0000] {logging_mixin.py:188} INFO - Data loaded into products
[2026-07-04T15:28:48.821+0000] {logging_mixin.py:188} INFO - Uploaded /tmp/minio_downloads/reviews_190214972918.parquet -> @reviews stage
[2026-07-04T15:28:49.227+0000] {logging_mixin.py:188} INFO - Uploaded /tmp/minio_downloads/reviews_190215097605.parquet -> @reviews stage
[2026-07-04T15:28:49.621+0000] {logging_mixin.py:188} INFO - Uploaded /tmp/minio_downloads/reviews_190215250245.parquet -> @reviews stage
[2026-07-04T15:28:50.050+0000] {logging_mixin.py:188} INFO - Uploaded /tmp/minio_downloads/reviews_190215566650.parquet -> @reviews stage
[2026-07-04T15:28:50.555+0000] {logging_mixin.py:188} INFO - Uploaded /tmp/minio_downloads/reviews_190215814538.parquet -> @reviews stage
[2026-07-04T15:28:50.965+0000] {logging_mixin.py:188} INFO - Uploaded /tmp/minio_downloads/reviews_190216029623.parquet -> @reviews stage
[2026-07-04T15:28:51.373+0000] {logging_mixin.py:188} INFO - Uploaded /tmp/minio_downloads/reviews_190216425333.parquet -> @reviews stage
[2026-07-04T15:28:51.785+0000] {logging_mixin.py:188} INFO - Uploaded /tmp/minio_downloads/reviews_190216616589.parquet -> @reviews stage
[2026-07-04T15:28:52.256+0000] {logging_mixin.py:188} INFO - Uploaded /tmp/minio_downloads/reviews_190216786694.parquet -> @reviews stage
[2026-07-04T15:28:52.645+0000] {logging_mixin.py:188} INFO - Uploaded /tmp/minio_downloads/reviews_190216987218.parquet -> @reviews stage
[2026-07-04T15:28:53.073+0000] {logging_mixin.py:188} INFO - Uploaded /tmp/minio_downloads/reviews_190217122746.parquet -> @reviews stage
[2026-07-04T15:28:53.525+0000] {logging_mixin.py:188} INFO - Uploaded /tmp/minio_downloads/reviews_190217244865.parquet -> @reviews stage
[2026-07-04T15:28:53.937+0000] {logging_mixin.py:188} INFO - Uploaded /tmp/minio_downloads/reviews_190217372770.parquet -> @reviews stage
[2026-07-04T15:28:54.448+0000] {logging_mixin.py:188} INFO - Uploaded /tmp/minio_downloads/reviews_190217506147.parquet -> @reviews stage
[2026-07-04T15:28:54.959+0000] {logging_mixin.py:188} INFO - Uploaded /tmp/minio_downloads/reviews_190217657387.parquet -> @reviews stage
[2026-07-04T15:28:55.373+0000] {logging_mixin.py:188} INFO - Uploaded /tmp/minio_downloads/reviews_190217875949.parquet -> @reviews stage
[2026-07-04T15:28:55.890+0000] {logging_mixin.py:188} INFO - Uploaded /tmp/minio_downloads/reviews_190218041233.parquet -> @reviews stage
[2026-07-04T15:28:56.395+0000] {logging_mixin.py:188} INFO - Uploaded /tmp/minio_downloads/reviews_190218205395.parquet -> @reviews stage
[2026-07-04T15:28:56.787+0000] {logging_mixin.py:188} INFO - Uploaded /tmp/minio_downloads/reviews_190218340649.parquet -> @reviews stage
[2026-07-04T15:28:57.214+0000] {logging_mixin.py:188} INFO - Uploaded /tmp/minio_downloads/reviews_190218468013.parquet -> @reviews stage
[2026-07-04T15:28:57.631+0000] {logging_mixin.py:188} INFO - Uploaded /tmp/minio_downloads/reviews_190218596271.parquet -> @reviews stage
[2026-07-04T15:28:58.034+0000] {logging_mixin.py:188} INFO - Uploaded /tmp/minio_downloads/reviews_190218700720.parquet -> @reviews stage
[2026-07-04T15:28:58.545+0000] {logging_mixin.py:188} INFO - Uploaded /tmp/minio_downloads/reviews_190218819429.parquet -> @reviews stage
[2026-07-04T15:28:59.057+0000] {logging_mixin.py:188} INFO - Uploaded /tmp/minio_downloads/reviews_190218952037.parquet -> @reviews stage
[2026-07-04T15:28:59.577+0000] {logging_mixin.py:188} INFO - Uploaded /tmp/minio_downloads/reviews_190219098926.parquet -> @reviews stage
[2026-07-04T15:28:59.980+0000] {logging_mixin.py:188} INFO - Uploaded /tmp/minio_downloads/reviews_190219216765.parquet -> @reviews stage
[2026-07-04T15:29:00.381+0000] {logging_mixin.py:188} INFO - Uploaded /tmp/minio_downloads/reviews_190219338608.parquet -> @reviews stage
[2026-07-04T15:29:00.757+0000] {logging_mixin.py:188} INFO - Uploaded /tmp/minio_downloads/reviews_190219501986.parquet -> @reviews stage
[2026-07-04T15:29:01.210+0000] {logging_mixin.py:188} INFO - Uploaded /tmp/minio_downloads/reviews_190219656033.parquet -> @reviews stage
[2026-07-04T15:29:01.618+0000] {logging_mixin.py:188} INFO - Uploaded /tmp/minio_downloads/reviews_190219816732.parquet -> @reviews stage
[2026-07-04T15:29:02.030+0000] {logging_mixin.py:188} INFO - Uploaded /tmp/minio_downloads/reviews_190219937352.parquet -> @reviews stage
[2026-07-04T15:29:02.540+0000] {logging_mixin.py:188} INFO - Uploaded /tmp/minio_downloads/reviews_190220053034.parquet -> @reviews stage
[2026-07-04T15:29:02.957+0000] {logging_mixin.py:188} INFO - Uploaded /tmp/minio_downloads/reviews_190220250956.parquet -> @reviews stage
[2026-07-04T15:29:03.564+0000] {logging_mixin.py:188} INFO - Uploaded /tmp/minio_downloads/reviews_190220522645.parquet -> @reviews stage
[2026-07-04T15:29:03.974+0000] {logging_mixin.py:188} INFO - Uploaded /tmp/minio_downloads/reviews_190220735968.parquet -> @reviews stage
[2026-07-04T15:29:04.485+0000] {logging_mixin.py:188} INFO - Uploaded /tmp/minio_downloads/reviews_190220938936.parquet -> @reviews stage
[2026-07-04T15:29:04.899+0000] {logging_mixin.py:188} INFO - Uploaded /tmp/minio_downloads/reviews_190221145816.parquet -> @reviews stage
[2026-07-04T15:29:05.306+0000] {logging_mixin.py:188} INFO - Uploaded /tmp/minio_downloads/reviews_190221384431.parquet -> @reviews stage
[2026-07-04T15:29:05.714+0000] {logging_mixin.py:188} INFO - Uploaded /tmp/minio_downloads/reviews_190221521023.parquet -> @reviews stage
[2026-07-04T15:29:06.123+0000] {logging_mixin.py:188} INFO - Uploaded /tmp/minio_downloads/reviews_190221664852.parquet -> @reviews stage
[2026-07-04T15:29:06.539+0000] {logging_mixin.py:188} INFO - Uploaded /tmp/minio_downloads/reviews_190221894163.parquet -> @reviews stage
[2026-07-04T15:29:07.045+0000] {logging_mixin.py:188} INFO - Uploaded /tmp/minio_downloads/reviews_190222056747.parquet -> @reviews stage
[2026-07-04T15:29:07.454+0000] {logging_mixin.py:188} INFO - Uploaded /tmp/minio_downloads/reviews_190222469395.parquet -> @reviews stage
[2026-07-04T15:29:07.867+0000] {logging_mixin.py:188} INFO - Uploaded /tmp/minio_downloads/reviews_190222815487.parquet -> @reviews stage
[2026-07-04T15:29:08.375+0000] {logging_mixin.py:188} INFO - Uploaded /tmp/minio_downloads/reviews_190223143496.parquet -> @reviews stage
[2026-07-04T15:29:08.753+0000] {logging_mixin.py:188} INFO - Uploaded /tmp/minio_downloads/reviews_190223375689.parquet -> @reviews stage
[2026-07-04T15:29:09.196+0000] {logging_mixin.py:188} INFO - Uploaded /tmp/minio_downloads/reviews_190223607708.parquet -> @reviews stage
[2026-07-04T15:29:09.603+0000] {logging_mixin.py:188} INFO - Uploaded /tmp/minio_downloads/reviews_190223834879.parquet -> @reviews stage
[2026-07-04T15:29:10.127+0000] {logging_mixin.py:188} INFO - Uploaded /tmp/minio_downloads/reviews_190224122162.parquet -> @reviews stage
[2026-07-04T15:29:10.631+0000] {logging_mixin.py:188} INFO - Uploaded /tmp/minio_downloads/reviews_190224397530.parquet -> @reviews stage
[2026-07-04T15:29:11.141+0000] {logging_mixin.py:188} INFO - Uploaded /tmp/minio_downloads/reviews_190224601385.parquet -> @reviews stage
[2026-07-04T15:29:11.650+0000] {logging_mixin.py:188} INFO - Uploaded /tmp/minio_downloads/reviews_190224814461.parquet -> @reviews stage
[2026-07-04T15:29:12.061+0000] {logging_mixin.py:188} INFO - Uploaded /tmp/minio_downloads/reviews_190225013340.parquet -> @reviews stage
[2026-07-04T15:29:12.585+0000] {logging_mixin.py:188} INFO - Uploaded /tmp/minio_downloads/reviews_190225204835.parquet -> @reviews stage
[2026-07-04T15:29:13.086+0000] {logging_mixin.py:188} INFO - Uploaded /tmp/minio_downloads/reviews_190225349570.parquet -> @reviews stage
[2026-07-04T15:29:13.596+0000] {logging_mixin.py:188} INFO - Uploaded /tmp/minio_downloads/reviews_190225500104.parquet -> @reviews stage
[2026-07-04T15:29:14.007+0000] {logging_mixin.py:188} INFO - Uploaded /tmp/minio_downloads/reviews_190225652754.parquet -> @reviews stage
[2026-07-04T15:29:14.418+0000] {logging_mixin.py:188} INFO - Uploaded /tmp/minio_downloads/reviews_190225783561.parquet -> @reviews stage
[2026-07-04T15:29:14.936+0000] {logging_mixin.py:188} INFO - Uploaded /tmp/minio_downloads/reviews_190225926939.parquet -> @reviews stage
[2026-07-04T15:29:15.342+0000] {logging_mixin.py:188} INFO - Uploaded /tmp/minio_downloads/reviews_190226082741.parquet -> @reviews stage
[2026-07-04T15:29:15.954+0000] {logging_mixin.py:188} INFO - Uploaded /tmp/minio_downloads/reviews_190226233161.parquet -> @reviews stage
[2026-07-04T15:29:16.363+0000] {logging_mixin.py:188} INFO - Uploaded /tmp/minio_downloads/reviews_190226371894.parquet -> @reviews stage
[2026-07-04T15:29:16.874+0000] {logging_mixin.py:188} INFO - Uploaded /tmp/minio_downloads/reviews_190226505901.parquet -> @reviews stage
[2026-07-04T15:29:17.284+0000] {logging_mixin.py:188} INFO - Uploaded /tmp/minio_downloads/reviews_190226654223.parquet -> @reviews stage
[2026-07-04T15:29:17.695+0000] {logging_mixin.py:188} INFO - Uploaded /tmp/minio_downloads/reviews_190226773778.parquet -> @reviews stage
[2026-07-04T15:29:18.104+0000] {logging_mixin.py:188} INFO - Uploaded /tmp/minio_downloads/reviews_190226898736.parquet -> @reviews stage
[2026-07-04T15:29:18.512+0000] {logging_mixin.py:188} INFO - Uploaded /tmp/minio_downloads/reviews_190227044817.parquet -> @reviews stage
[2026-07-04T15:29:18.924+0000] {logging_mixin.py:188} INFO - Uploaded /tmp/minio_downloads/reviews_190227186872.parquet -> @reviews stage
[2026-07-04T15:29:19.436+0000] {logging_mixin.py:188} INFO - Uploaded /tmp/minio_downloads/reviews_190227362023.parquet -> @reviews stage
[2026-07-04T15:29:20.050+0000] {logging_mixin.py:188} INFO - Uploaded /tmp/minio_downloads/reviews_190227503940.parquet -> @reviews stage
[2026-07-04T15:29:20.464+0000] {logging_mixin.py:188} INFO - Uploaded /tmp/minio_downloads/reviews_190227639712.parquet -> @reviews stage
[2026-07-04T15:29:20.981+0000] {logging_mixin.py:188} INFO - Uploaded /tmp/minio_downloads/reviews_190227796933.parquet -> @reviews stage
[2026-07-04T15:29:21.588+0000] {logging_mixin.py:188} INFO - Uploaded /tmp/minio_downloads/reviews_190227949946.parquet -> @reviews stage
[2026-07-04T15:29:22.100+0000] {logging_mixin.py:188} INFO - Uploaded /tmp/minio_downloads/reviews_190228174631.parquet -> @reviews stage
[2026-07-04T15:29:22.513+0000] {logging_mixin.py:188} INFO - Uploaded /tmp/minio_downloads/reviews_190228335276.parquet -> @reviews stage
[2026-07-04T15:29:23.006+0000] {logging_mixin.py:188} INFO - Uploaded /tmp/minio_downloads/reviews_190228462449.parquet -> @reviews stage
[2026-07-04T15:29:23.435+0000] {logging_mixin.py:188} INFO - Uploaded /tmp/minio_downloads/reviews_190228628626.parquet -> @reviews stage
[2026-07-04T15:29:23.870+0000] {logging_mixin.py:188} INFO - Uploaded /tmp/minio_downloads/reviews_190228782565.parquet -> @reviews stage
[2026-07-04T15:29:24.351+0000] {logging_mixin.py:188} INFO - Uploaded /tmp/minio_downloads/reviews_190228943703.parquet -> @reviews stage
[2026-07-04T15:29:24.868+0000] {logging_mixin.py:188} INFO - Uploaded /tmp/minio_downloads/reviews_190229111437.parquet -> @reviews stage
[2026-07-04T15:29:25.381+0000] {logging_mixin.py:188} INFO - Uploaded /tmp/minio_downloads/reviews_190229322375.parquet -> @reviews stage
[2026-07-04T15:29:25.893+0000] {logging_mixin.py:188} INFO - Uploaded /tmp/minio_downloads/reviews_190229482068.parquet -> @reviews stage
[2026-07-04T15:29:26.503+0000] {logging_mixin.py:188} INFO - Uploaded /tmp/minio_downloads/reviews_190229698365.parquet -> @reviews stage
[2026-07-04T15:29:26.917+0000] {logging_mixin.py:188} INFO - Uploaded /tmp/minio_downloads/reviews_190229857306.parquet -> @reviews stage
[2026-07-04T15:29:27.403+0000] {logging_mixin.py:188} INFO - Uploaded /tmp/minio_downloads/reviews_190230024557.parquet -> @reviews stage
[2026-07-04T15:29:27.801+0000] {logging_mixin.py:188} INFO - Uploaded /tmp/minio_downloads/reviews_190230260173.parquet -> @reviews stage
[2026-07-04T15:29:28.244+0000] {logging_mixin.py:188} INFO - Uploaded /tmp/minio_downloads/reviews_190230470149.parquet -> @reviews stage
[2026-07-04T15:29:28.756+0000] {logging_mixin.py:188} INFO - Uploaded /tmp/minio_downloads/reviews_190230864209.parquet -> @reviews stage
[2026-07-04T15:29:29.166+0000] {logging_mixin.py:188} INFO - Uploaded /tmp/minio_downloads/reviews_190231138971.parquet -> @reviews stage
[2026-07-04T15:29:29.575+0000] {logging_mixin.py:188} INFO - Uploaded /tmp/minio_downloads/reviews_190231351128.parquet -> @reviews stage
[2026-07-04T15:29:30.095+0000] {logging_mixin.py:188} INFO - Uploaded /tmp/minio_downloads/reviews_190231521973.parquet -> @reviews stage
[2026-07-04T15:29:30.603+0000] {logging_mixin.py:188} INFO - Uploaded /tmp/minio_downloads/reviews_190231668487.parquet -> @reviews stage
[2026-07-04T15:29:31.113+0000] {logging_mixin.py:188} INFO - Uploaded /tmp/minio_downloads/reviews_190231863814.parquet -> @reviews stage
[2026-07-04T15:29:31.524+0000] {logging_mixin.py:188} INFO - Uploaded /tmp/minio_downloads/reviews_190232035477.parquet -> @reviews stage
[2026-07-04T15:29:32.034+0000] {logging_mixin.py:188} INFO - Uploaded /tmp/minio_downloads/reviews_190232205371.parquet -> @reviews stage
[2026-07-04T15:29:32.546+0000] {logging_mixin.py:188} INFO - Uploaded /tmp/minio_downloads/reviews_190232364598.parquet -> @reviews stage
[2026-07-04T15:29:32.956+0000] {logging_mixin.py:188} INFO - Uploaded /tmp/minio_downloads/reviews_190232522180.parquet -> @reviews stage
[2026-07-04T15:29:33.370+0000] {logging_mixin.py:188} INFO - Uploaded /tmp/minio_downloads/reviews_190232670102.parquet -> @reviews stage
[2026-07-04T15:29:33.983+0000] {logging_mixin.py:188} INFO - Uploaded /tmp/minio_downloads/reviews_190232794960.parquet -> @reviews stage
[2026-07-04T15:29:34.902+0000] {logging_mixin.py:188} INFO - Uploaded /tmp/minio_downloads/reviews_190232955254.parquet -> @reviews stage
[2026-07-04T15:29:35.313+0000] {logging_mixin.py:188} INFO - Uploaded /tmp/minio_downloads/reviews_190233110309.parquet -> @reviews stage
[2026-07-04T15:29:35.829+0000] {logging_mixin.py:188} INFO - Uploaded /tmp/minio_downloads/reviews_190233250620.parquet -> @reviews stage
[2026-07-04T15:29:36.236+0000] {logging_mixin.py:188} INFO - Uploaded /tmp/minio_downloads/reviews_190233412155.parquet -> @reviews stage
[2026-07-04T15:29:36.749+0000] {logging_mixin.py:188} INFO - Uploaded /tmp/minio_downloads/reviews_190233569385.parquet -> @reviews stage
[2026-07-04T15:29:37.153+0000] {logging_mixin.py:188} INFO - Uploaded /tmp/minio_downloads/reviews_190233718517.parquet -> @reviews stage
[2026-07-04T15:29:37.563+0000] {logging_mixin.py:188} INFO - Uploaded /tmp/minio_downloads/reviews_190233879453.parquet -> @reviews stage
[2026-07-04T15:29:37.942+0000] {logging_mixin.py:188} INFO - Uploaded /tmp/minio_downloads/reviews_190234053790.parquet -> @reviews stage
[2026-07-04T15:29:38.389+0000] {logging_mixin.py:188} INFO - Uploaded /tmp/minio_downloads/reviews_190234202018.parquet -> @reviews stage
[2026-07-04T15:29:38.798+0000] {logging_mixin.py:188} INFO - Uploaded /tmp/minio_downloads/reviews_190234328540.parquet -> @reviews stage
[2026-07-04T15:29:39.311+0000] {logging_mixin.py:188} INFO - Uploaded /tmp/minio_downloads/reviews_190234470259.parquet -> @reviews stage
[2026-07-04T15:29:39.714+0000] {logging_mixin.py:188} INFO - Uploaded /tmp/minio_downloads/reviews_190234611324.parquet -> @reviews stage
[2026-07-04T15:29:40.226+0000] {logging_mixin.py:188} INFO - Uploaded /tmp/minio_downloads/reviews_190234751564.parquet -> @reviews stage
[2026-07-04T15:29:40.737+0000] {logging_mixin.py:188} INFO - Uploaded /tmp/minio_downloads/reviews_190234880388.parquet -> @reviews stage
[2026-07-04T15:29:41.246+0000] {logging_mixin.py:188} INFO - Uploaded /tmp/minio_downloads/reviews_190234993260.parquet -> @reviews stage
[2026-07-04T15:29:41.654+0000] {logging_mixin.py:188} INFO - Uploaded /tmp/minio_downloads/reviews_190235148343.parquet -> @reviews stage
[2026-07-04T15:29:42.069+0000] {logging_mixin.py:188} INFO - Uploaded /tmp/minio_downloads/reviews_190235269484.parquet -> @reviews stage
[2026-07-04T15:29:42.475+0000] {logging_mixin.py:188} INFO - Uploaded /tmp/minio_downloads/reviews_190235388957.parquet -> @reviews stage
[2026-07-04T15:29:42.989+0000] {logging_mixin.py:188} INFO - Uploaded /tmp/minio_downloads/reviews_190235503354.parquet -> @reviews stage
[2026-07-04T15:29:43.498+0000] {logging_mixin.py:188} INFO - Uploaded /tmp/minio_downloads/reviews_190235614386.parquet -> @reviews stage
[2026-07-04T15:29:43.908+0000] {logging_mixin.py:188} INFO - Uploaded /tmp/minio_downloads/reviews_190235733491.parquet -> @reviews stage
[2026-07-04T15:29:44.323+0000] {logging_mixin.py:188} INFO - Uploaded /tmp/minio_downloads/reviews_190235846807.parquet -> @reviews stage
[2026-07-04T15:29:44.833+0000] {logging_mixin.py:188} INFO - Uploaded /tmp/minio_downloads/reviews_190235987290.parquet -> @reviews stage
[2026-07-04T15:29:45.239+0000] {logging_mixin.py:188} INFO - Uploaded /tmp/minio_downloads/reviews_190236130474.parquet -> @reviews stage
[2026-07-04T15:29:45.754+0000] {logging_mixin.py:188} INFO - Uploaded /tmp/minio_downloads/reviews_190236271630.parquet -> @reviews stage
[2026-07-04T15:29:46.267+0000] {logging_mixin.py:188} INFO - Uploaded /tmp/minio_downloads/reviews_190236405350.parquet -> @reviews stage
[2026-07-04T15:29:46.780+0000] {logging_mixin.py:188} INFO - Uploaded /tmp/minio_downloads/reviews_190236569757.parquet -> @reviews stage
[2026-07-04T15:29:47.293+0000] {logging_mixin.py:188} INFO - Uploaded /tmp/minio_downloads/reviews_190236798544.parquet -> @reviews stage
[2026-07-04T15:29:47.701+0000] {logging_mixin.py:188} INFO - Uploaded /tmp/minio_downloads/reviews_190236925518.parquet -> @reviews stage
[2026-07-04T15:29:48.107+0000] {logging_mixin.py:188} INFO - Uploaded /tmp/minio_downloads/reviews_190237056538.parquet -> @reviews stage
[2026-07-04T15:29:48.521+0000] {logging_mixin.py:188} INFO - Uploaded /tmp/minio_downloads/reviews_190237166982.parquet -> @reviews stage
[2026-07-04T15:29:48.930+0000] {logging_mixin.py:188} INFO - Uploaded /tmp/minio_downloads/reviews_190237309301.parquet -> @reviews stage
[2026-07-04T15:29:49.444+0000] {logging_mixin.py:188} INFO - Uploaded /tmp/minio_downloads/reviews_190237430616.parquet -> @reviews stage
[2026-07-04T15:29:49.955+0000] {logging_mixin.py:188} INFO - Uploaded /tmp/minio_downloads/reviews_190237544319.parquet -> @reviews stage
[2026-07-04T15:29:50.469+0000] {logging_mixin.py:188} INFO - Uploaded /tmp/minio_downloads/reviews_190237659018.parquet -> @reviews stage
[2026-07-04T15:29:50.979+0000] {logging_mixin.py:188} INFO - Uploaded /tmp/minio_downloads/reviews_190237766102.parquet -> @reviews stage
[2026-07-04T15:29:51.388+0000] {logging_mixin.py:188} INFO - Uploaded /tmp/minio_downloads/reviews_190237866454.parquet -> @reviews stage
[2026-07-04T15:29:51.798+0000] {logging_mixin.py:188} INFO - Uploaded /tmp/minio_downloads/reviews_190237982366.parquet -> @reviews stage
[2026-07-04T15:29:52.312+0000] {logging_mixin.py:188} INFO - Uploaded /tmp/minio_downloads/reviews_190238116591.parquet -> @reviews stage
[2026-07-04T15:29:52.819+0000] {logging_mixin.py:188} INFO - Uploaded /tmp/minio_downloads/reviews_190238245987.parquet -> @reviews stage
[2026-07-04T15:29:53.232+0000] {logging_mixin.py:188} INFO - Uploaded /tmp/minio_downloads/reviews_190238356185.parquet -> @reviews stage
[2026-07-04T15:29:53.727+0000] {logging_mixin.py:188} INFO - Uploaded /tmp/minio_downloads/reviews_190238475919.parquet -> @reviews stage
[2026-07-04T15:29:54.153+0000] {logging_mixin.py:188} INFO - Uploaded /tmp/minio_downloads/reviews_190238628626.parquet -> @reviews stage
[2026-07-04T15:29:54.668+0000] {logging_mixin.py:188} INFO - Uploaded /tmp/minio_downloads/reviews_190238786535.parquet -> @reviews stage
[2026-07-04T15:29:55.177+0000] {logging_mixin.py:188} INFO - Uploaded /tmp/minio_downloads/reviews_190238906471.parquet -> @reviews stage
[2026-07-04T15:29:55.690+0000] {logging_mixin.py:188} INFO - Uploaded /tmp/minio_downloads/reviews_190239002641.parquet -> @reviews stage
[2026-07-04T15:29:56.100+0000] {logging_mixin.py:188} INFO - Uploaded /tmp/minio_downloads/reviews_190239114878.parquet -> @reviews stage
[2026-07-04T15:29:56.608+0000] {logging_mixin.py:188} INFO - Uploaded /tmp/minio_downloads/reviews_190239252864.parquet -> @reviews stage
[2026-07-04T15:29:57.124+0000] {logging_mixin.py:188} INFO - Uploaded /tmp/minio_downloads/reviews_190239366646.parquet -> @reviews stage
[2026-07-04T15:29:57.640+0000] {logging_mixin.py:188} INFO - Uploaded /tmp/minio_downloads/reviews_190239476359.parquet -> @reviews stage
[2026-07-04T15:29:58.045+0000] {logging_mixin.py:188} INFO - Uploaded /tmp/minio_downloads/reviews_190239568178.parquet -> @reviews stage
[2026-07-04T15:29:58.554+0000] {logging_mixin.py:188} INFO - Uploaded /tmp/minio_downloads/reviews_190239690336.parquet -> @reviews stage
[2026-07-04T15:29:58.963+0000] {logging_mixin.py:188} INFO - Uploaded /tmp/minio_downloads/reviews_190239807749.parquet -> @reviews stage
[2026-07-04T15:29:59.485+0000] {logging_mixin.py:188} INFO - Uploaded /tmp/minio_downloads/reviews_190239914753.parquet -> @reviews stage
[2026-07-04T15:29:59.925+0000] {logging_mixin.py:188} INFO - Uploaded /tmp/minio_downloads/reviews_190240016236.parquet -> @reviews stage
[2026-07-04T15:30:01.119+0000] {logging_mixin.py:188} INFO - Uploaded /tmp/minio_downloads/reviews_190240121768.parquet -> @reviews stage
[2026-07-04T15:30:01.522+0000] {logging_mixin.py:188} INFO - Uploaded /tmp/minio_downloads/reviews_190240286848.parquet -> @reviews stage
[2026-07-04T15:30:01.938+0000] {logging_mixin.py:188} INFO - Uploaded /tmp/minio_downloads/reviews_190240413795.parquet -> @reviews stage
[2026-07-04T15:30:02.457+0000] {logging_mixin.py:188} INFO - Uploaded /tmp/minio_downloads/reviews_190240532393.parquet -> @reviews stage
[2026-07-04T15:30:02.962+0000] {logging_mixin.py:188} INFO - Uploaded /tmp/minio_downloads/reviews_190240677856.parquet -> @reviews stage
[2026-07-04T15:30:03.368+0000] {logging_mixin.py:188} INFO - Uploaded /tmp/minio_downloads/reviews_190240831367.parquet -> @reviews stage
[2026-07-04T15:30:03.782+0000] {logging_mixin.py:188} INFO - Uploaded /tmp/minio_downloads/reviews_190240958496.parquet -> @reviews stage
[2026-07-04T15:30:04.294+0000] {logging_mixin.py:188} INFO - Uploaded /tmp/minio_downloads/reviews_190241088835.parquet -> @reviews stage
[2026-07-04T15:30:04.803+0000] {logging_mixin.py:188} INFO - Uploaded /tmp/minio_downloads/reviews_190241227526.parquet -> @reviews stage
[2026-07-04T15:30:05.298+0000] {logging_mixin.py:188} INFO - Uploaded /tmp/minio_downloads/reviews_190241366423.parquet -> @reviews stage
[2026-07-04T15:30:05.702+0000] {logging_mixin.py:188} INFO - Uploaded /tmp/minio_downloads/reviews_190241469818.parquet -> @reviews stage
[2026-07-04T15:30:06.050+0000] {logging_mixin.py:188} INFO - Uploaded /tmp/minio_downloads/reviews_190241587172.parquet -> @reviews stage
[2026-07-04T15:30:06.441+0000] {logging_mixin.py:188} INFO - Uploaded /tmp/minio_downloads/reviews_190241693311.parquet -> @reviews stage
[2026-07-04T15:30:06.831+0000] {logging_mixin.py:188} INFO - Uploaded /tmp/minio_downloads/reviews_190241812312.parquet -> @reviews stage
[2026-07-04T15:30:07.367+0000] {logging_mixin.py:188} INFO - Uploaded /tmp/minio_downloads/reviews_190241977247.parquet -> @reviews stage
[2026-07-04T15:30:07.876+0000] {logging_mixin.py:188} INFO - Uploaded /tmp/minio_downloads/reviews_190242097161.parquet -> @reviews stage
[2026-07-04T15:30:08.353+0000] {logging_mixin.py:188} INFO - Uploaded /tmp/minio_downloads/reviews_190242208540.parquet -> @reviews stage
[2026-07-04T15:30:08.767+0000] {logging_mixin.py:188} INFO - Uploaded /tmp/minio_downloads/reviews_190242343106.parquet -> @reviews stage
[2026-07-04T15:30:09.197+0000] {logging_mixin.py:188} INFO - Uploaded /tmp/minio_downloads/reviews_190242471252.parquet -> @reviews stage
[2026-07-04T15:30:09.538+0000] {logging_mixin.py:188} INFO - Uploaded /tmp/minio_downloads/reviews_190242600215.parquet -> @reviews stage
[2026-07-04T15:30:09.913+0000] {logging_mixin.py:188} INFO - Uploaded /tmp/minio_downloads/reviews_190242721364.parquet -> @reviews stage
[2026-07-04T15:30:10.327+0000] {logging_mixin.py:188} INFO - Uploaded /tmp/minio_downloads/reviews_190242857178.parquet -> @reviews stage
[2026-07-04T15:30:10.737+0000] {logging_mixin.py:188} INFO - Uploaded /tmp/minio_downloads/reviews_190243002167.parquet -> @reviews stage
[2026-07-04T15:30:11.131+0000] {logging_mixin.py:188} INFO - Uploaded /tmp/minio_downloads/reviews_190243171794.parquet -> @reviews stage
[2026-07-04T15:30:11.561+0000] {logging_mixin.py:188} INFO - Uploaded /tmp/minio_downloads/reviews_190243308460.parquet -> @reviews stage
[2026-07-04T15:30:11.970+0000] {logging_mixin.py:188} INFO - Uploaded /tmp/minio_downloads/reviews_190243431944.parquet -> @reviews stage
[2026-07-04T15:30:12.329+0000] {logging_mixin.py:188} INFO - Uploaded /tmp/minio_downloads/reviews_190243578641.parquet -> @reviews stage
[2026-07-04T15:30:12.758+0000] {logging_mixin.py:188} INFO - Uploaded /tmp/minio_downloads/reviews_190243675414.parquet -> @reviews stage
[2026-07-04T15:30:13.196+0000] {logging_mixin.py:188} INFO - Uploaded /tmp/minio_downloads/reviews_190243772839.parquet -> @reviews stage
[2026-07-04T15:30:13.610+0000] {logging_mixin.py:188} INFO - Uploaded /tmp/minio_downloads/reviews_190243875775.parquet -> @reviews stage
[2026-07-04T15:30:14.018+0000] {logging_mixin.py:188} INFO - Uploaded /tmp/minio_downloads/reviews_190243972042.parquet -> @reviews stage
[2026-07-04T15:30:14.424+0000] {logging_mixin.py:188} INFO - Uploaded /tmp/minio_downloads/reviews_190244055958.parquet -> @reviews stage
[2026-07-04T15:30:14.831+0000] {logging_mixin.py:188} INFO - Uploaded /tmp/minio_downloads/reviews_190244142145.parquet -> @reviews stage
[2026-07-04T15:30:15.349+0000] {logging_mixin.py:188} INFO - Uploaded /tmp/minio_downloads/reviews_190244223233.parquet -> @reviews stage
[2026-07-04T15:30:15.712+0000] {logging_mixin.py:188} INFO - Uploaded /tmp/minio_downloads/reviews_190244329441.parquet -> @reviews stage
[2026-07-04T15:30:16.170+0000] {logging_mixin.py:188} INFO - Uploaded /tmp/minio_downloads/reviews_190244423170.parquet -> @reviews stage
[2026-07-04T15:30:16.575+0000] {logging_mixin.py:188} INFO - Uploaded /tmp/minio_downloads/reviews_190244529337.parquet -> @reviews stage
[2026-07-04T15:30:16.994+0000] {logging_mixin.py:188} INFO - Uploaded /tmp/minio_downloads/reviews_190244648784.parquet -> @reviews stage
[2026-07-04T15:30:17.370+0000] {logging_mixin.py:188} INFO - Uploaded /tmp/minio_downloads/reviews_190244729526.parquet -> @reviews stage
[2026-07-04T15:30:17.803+0000] {logging_mixin.py:188} INFO - Uploaded /tmp/minio_downloads/reviews_190244811592.parquet -> @reviews stage
[2026-07-04T15:30:18.156+0000] {logging_mixin.py:188} INFO - Uploaded /tmp/minio_downloads/reviews_190244905960.parquet -> @reviews stage
[2026-07-04T15:30:18.508+0000] {logging_mixin.py:188} INFO - Uploaded /tmp/minio_downloads/reviews_190244991976.parquet -> @reviews stage
[2026-07-04T15:30:18.873+0000] {logging_mixin.py:188} INFO - Uploaded /tmp/minio_downloads/reviews_190245078753.parquet -> @reviews stage
[2026-07-04T15:30:19.294+0000] {logging_mixin.py:188} INFO - Uploaded /tmp/minio_downloads/reviews_190245161338.parquet -> @reviews stage
[2026-07-04T15:30:19.667+0000] {logging_mixin.py:188} INFO - Uploaded /tmp/minio_downloads/reviews_190245238144.parquet -> @reviews stage
[2026-07-04T15:30:20.072+0000] {logging_mixin.py:188} INFO - Uploaded /tmp/minio_downloads/reviews_190245325734.parquet -> @reviews stage
[2026-07-04T15:30:20.435+0000] {logging_mixin.py:188} INFO - Uploaded /tmp/minio_downloads/reviews_190245417958.parquet -> @reviews stage
[2026-07-04T15:30:20.799+0000] {logging_mixin.py:188} INFO - Uploaded /tmp/minio_downloads/reviews_190245504410.parquet -> @reviews stage
[2026-07-04T15:30:21.142+0000] {logging_mixin.py:188} INFO - Uploaded /tmp/minio_downloads/reviews_190245608751.parquet -> @reviews stage
[2026-07-04T15:30:21.497+0000] {logging_mixin.py:188} INFO - Uploaded /tmp/minio_downloads/reviews_190245710998.parquet -> @reviews stage
[2026-07-04T15:30:21.840+0000] {logging_mixin.py:188} INFO - Uploaded /tmp/minio_downloads/reviews_190245803911.parquet -> @reviews stage
[2026-07-04T15:30:22.188+0000] {logging_mixin.py:188} INFO - Uploaded /tmp/minio_downloads/reviews_190245887674.parquet -> @reviews stage
[2026-07-04T15:30:22.545+0000] {logging_mixin.py:188} INFO - Uploaded /tmp/minio_downloads/reviews_190245975609.parquet -> @reviews stage
[2026-07-04T15:30:22.896+0000] {logging_mixin.py:188} INFO - Uploaded /tmp/minio_downloads/reviews_190246070721.parquet -> @reviews stage
[2026-07-04T15:30:23.251+0000] {logging_mixin.py:188} INFO - Uploaded /tmp/minio_downloads/reviews_190246159359.parquet -> @reviews stage
[2026-07-04T15:30:23.631+0000] {logging_mixin.py:188} INFO - Uploaded /tmp/minio_downloads/reviews_190246253168.parquet -> @reviews stage
[2026-07-04T15:30:23.983+0000] {logging_mixin.py:188} INFO - Uploaded /tmp/minio_downloads/reviews_190246338128.parquet -> @reviews stage
[2026-07-04T15:30:24.335+0000] {logging_mixin.py:188} INFO - Uploaded /tmp/minio_downloads/reviews_190246421987.parquet -> @reviews stage
[2026-07-04T15:30:24.691+0000] {logging_mixin.py:188} INFO - Uploaded /tmp/minio_downloads/reviews_190246514368.parquet -> @reviews stage
[2026-07-04T15:30:25.056+0000] {logging_mixin.py:188} INFO - Uploaded /tmp/minio_downloads/reviews_190246594502.parquet -> @reviews stage
[2026-07-04T15:30:25.412+0000] {logging_mixin.py:188} INFO - Uploaded /tmp/minio_downloads/reviews_190246689355.parquet -> @reviews stage
[2026-07-04T15:30:25.896+0000] {logging_mixin.py:188} INFO - Uploaded /tmp/minio_downloads/reviews_190246756677.parquet -> @reviews stage
[2026-07-04T15:30:26.409+0000] {logging_mixin.py:188} INFO - Uploaded /tmp/minio_downloads/reviews_190246855150.parquet -> @reviews stage
[2026-07-04T15:30:26.786+0000] {logging_mixin.py:188} INFO - Uploaded /tmp/minio_downloads/reviews_190246941857.parquet -> @reviews stage
[2026-07-04T15:30:27.153+0000] {logging_mixin.py:188} INFO - Uploaded /tmp/minio_downloads/reviews_190247035954.parquet -> @reviews stage
[2026-07-04T15:30:27.622+0000] {logging_mixin.py:188} INFO - Uploaded /tmp/minio_downloads/reviews_190247122968.parquet -> @reviews stage
[2026-07-04T15:30:28.055+0000] {logging_mixin.py:188} INFO - Uploaded /tmp/minio_downloads/reviews_190247221265.parquet -> @reviews stage
[2026-07-04T15:30:28.462+0000] {logging_mixin.py:188} INFO - Uploaded /tmp/minio_downloads/reviews_190247305255.parquet -> @reviews stage
[2026-07-04T15:30:28.873+0000] {logging_mixin.py:188} INFO - Uploaded /tmp/minio_downloads/reviews_190247386552.parquet -> @reviews stage
[2026-07-04T15:30:29.239+0000] {logging_mixin.py:188} INFO - Uploaded /tmp/minio_downloads/reviews_190247482946.parquet -> @reviews stage
[2026-07-04T15:30:29.656+0000] {logging_mixin.py:188} INFO - Uploaded /tmp/minio_downloads/reviews_190247576581.parquet -> @reviews stage
[2026-07-04T15:30:30.070+0000] {logging_mixin.py:188} INFO - Uploaded /tmp/minio_downloads/reviews_190247652744.parquet -> @reviews stage
[2026-07-04T15:30:30.435+0000] {logging_mixin.py:188} INFO - Uploaded /tmp/minio_downloads/reviews_190247739288.parquet -> @reviews stage
[2026-07-04T15:30:30.896+0000] {logging_mixin.py:188} INFO - Uploaded /tmp/minio_downloads/reviews_190247825515.parquet -> @reviews stage
[2026-07-04T15:30:31.269+0000] {logging_mixin.py:188} INFO - Uploaded /tmp/minio_downloads/reviews_190247908307.parquet -> @reviews stage
[2026-07-04T15:30:31.734+0000] {logging_mixin.py:188} INFO - Uploaded /tmp/minio_downloads/reviews_190247989174.parquet -> @reviews stage
[2026-07-04T15:30:32.129+0000] {logging_mixin.py:188} INFO - Uploaded /tmp/minio_downloads/reviews_190248077026.parquet -> @reviews stage
[2026-07-04T15:30:32.502+0000] {logging_mixin.py:188} INFO - Uploaded /tmp/minio_downloads/reviews_190248189206.parquet -> @reviews stage
[2026-07-04T15:30:32.881+0000] {logging_mixin.py:188} INFO - Uploaded /tmp/minio_downloads/reviews_190248277102.parquet -> @reviews stage
[2026-07-04T15:30:33.269+0000] {logging_mixin.py:188} INFO - Uploaded /tmp/minio_downloads/reviews_190248360510.parquet -> @reviews stage
[2026-07-04T15:30:33.687+0000] {logging_mixin.py:188} INFO - Uploaded /tmp/minio_downloads/reviews_190248445973.parquet -> @reviews stage
[2026-07-04T15:30:34.088+0000] {logging_mixin.py:188} INFO - Uploaded /tmp/minio_downloads/reviews_190248610432.parquet -> @reviews stage
[2026-07-04T15:30:34.455+0000] {logging_mixin.py:188} INFO - Uploaded /tmp/minio_downloads/reviews_190248728880.parquet -> @reviews stage
[2026-07-04T15:30:34.840+0000] {logging_mixin.py:188} INFO - Uploaded /tmp/minio_downloads/reviews_190248829652.parquet -> @reviews stage
[2026-07-04T15:30:35.317+0000] {logging_mixin.py:188} INFO - Uploaded /tmp/minio_downloads/reviews_190248921691.parquet -> @reviews stage
[2026-07-04T15:30:35.700+0000] {logging_mixin.py:188} INFO - Uploaded /tmp/minio_downloads/reviews_190249038616.parquet -> @reviews stage
[2026-07-04T15:30:36.051+0000] {logging_mixin.py:188} INFO - Uploaded /tmp/minio_downloads/reviews_190249137278.parquet -> @reviews stage
[2026-07-04T15:30:36.410+0000] {logging_mixin.py:188} INFO - Uploaded /tmp/minio_downloads/reviews_190249236453.parquet -> @reviews stage
[2026-07-04T15:30:37.415+0000] {logging_mixin.py:188} INFO - Uploaded /tmp/minio_downloads/reviews_190249335757.parquet -> @reviews stage
[2026-07-04T15:30:37.813+0000] {logging_mixin.py:188} INFO - Uploaded /tmp/minio_downloads/reviews_190249419221.parquet -> @reviews stage
[2026-07-04T15:30:38.172+0000] {logging_mixin.py:188} INFO - Uploaded /tmp/minio_downloads/reviews_190249519178.parquet -> @reviews stage
[2026-07-04T15:30:38.535+0000] {logging_mixin.py:188} INFO - Uploaded /tmp/minio_downloads/reviews_190249613349.parquet -> @reviews stage
[2026-07-04T15:30:38.901+0000] {logging_mixin.py:188} INFO - Uploaded /tmp/minio_downloads/reviews_190249726978.parquet -> @reviews stage
[2026-07-04T15:30:39.254+0000] {logging_mixin.py:188} INFO - Uploaded /tmp/minio_downloads/reviews_190249821544.parquet -> @reviews stage
[2026-07-04T15:30:39.600+0000] {logging_mixin.py:188} INFO - Uploaded /tmp/minio_downloads/reviews_190249921644.parquet -> @reviews stage
[2026-07-04T15:30:39.962+0000] {logging_mixin.py:188} INFO - Uploaded /tmp/minio_downloads/reviews_190250025193.parquet -> @reviews stage
[2026-07-04T15:30:40.385+0000] {logging_mixin.py:188} INFO - Uploaded /tmp/minio_downloads/reviews_190250102629.parquet -> @reviews stage
[2026-07-04T15:30:40.773+0000] {logging_mixin.py:188} INFO - Uploaded /tmp/minio_downloads/reviews_190250201781.parquet -> @reviews stage
[2026-07-04T15:30:41.203+0000] {logging_mixin.py:188} INFO - Uploaded /tmp/minio_downloads/reviews_190250293951.parquet -> @reviews stage
[2026-07-04T15:30:41.570+0000] {logging_mixin.py:188} INFO - Uploaded /tmp/minio_downloads/reviews_190250378965.parquet -> @reviews stage
[2026-07-04T15:30:41.937+0000] {logging_mixin.py:188} INFO - Uploaded /tmp/minio_downloads/reviews_190250475090.parquet -> @reviews stage
[2026-07-04T15:30:42.304+0000] {logging_mixin.py:188} INFO - Uploaded /tmp/minio_downloads/reviews_190250584333.parquet -> @reviews stage
[2026-07-04T15:30:42.691+0000] {logging_mixin.py:188} INFO - Uploaded /tmp/minio_downloads/reviews_190250699353.parquet -> @reviews stage
[2026-07-04T15:30:43.082+0000] {logging_mixin.py:188} INFO - Uploaded /tmp/minio_downloads/reviews_190250825497.parquet -> @reviews stage
[2026-07-04T15:30:43.442+0000] {logging_mixin.py:188} INFO - Uploaded /tmp/minio_downloads/reviews_190250957899.parquet -> @reviews stage
[2026-07-04T15:30:43.807+0000] {logging_mixin.py:188} INFO - Uploaded /tmp/minio_downloads/reviews_190251076497.parquet -> @reviews stage
[2026-07-04T15:30:44.161+0000] {logging_mixin.py:188} INFO - Uploaded /tmp/minio_downloads/reviews_190251168422.parquet -> @reviews stage
[2026-07-04T15:30:44.516+0000] {logging_mixin.py:188} INFO - Uploaded /tmp/minio_downloads/reviews_190251283099.parquet -> @reviews stage
[2026-07-04T15:30:44.882+0000] {logging_mixin.py:188} INFO - Uploaded /tmp/minio_downloads/reviews_190251385156.parquet -> @reviews stage
[2026-07-04T15:30:45.250+0000] {logging_mixin.py:188} INFO - Uploaded /tmp/minio_downloads/reviews_190251466721.parquet -> @reviews stage
[2026-07-04T15:30:45.607+0000] {logging_mixin.py:188} INFO - Uploaded /tmp/minio_downloads/reviews_190251574629.parquet -> @reviews stage
[2026-07-04T15:30:45.983+0000] {logging_mixin.py:188} INFO - Uploaded /tmp/minio_downloads/reviews_190251649951.parquet -> @reviews stage
[2026-07-04T15:30:46.350+0000] {logging_mixin.py:188} INFO - Uploaded /tmp/minio_downloads/reviews_190251789113.parquet -> @reviews stage
[2026-07-04T15:30:46.711+0000] {logging_mixin.py:188} INFO - Uploaded /tmp/minio_downloads/reviews_190251944261.parquet -> @reviews stage
[2026-07-04T15:30:47.079+0000] {logging_mixin.py:188} INFO - Uploaded /tmp/minio_downloads/reviews_190252034431.parquet -> @reviews stage
[2026-07-04T15:30:47.445+0000] {logging_mixin.py:188} INFO - Uploaded /tmp/minio_downloads/reviews_190252141883.parquet -> @reviews stage
[2026-07-04T15:30:47.805+0000] {logging_mixin.py:188} INFO - Uploaded /tmp/minio_downloads/reviews_190252231977.parquet -> @reviews stage
[2026-07-04T15:30:48.161+0000] {logging_mixin.py:188} INFO - Uploaded /tmp/minio_downloads/reviews_190252333864.parquet -> @reviews stage
[2026-07-04T15:30:48.515+0000] {logging_mixin.py:188} INFO - Uploaded /tmp/minio_downloads/reviews_190252433244.parquet -> @reviews stage
[2026-07-04T15:30:48.868+0000] {logging_mixin.py:188} INFO - Uploaded /tmp/minio_downloads/reviews_190252518858.parquet -> @reviews stage
[2026-07-04T15:30:49.234+0000] {logging_mixin.py:188} INFO - Uploaded /tmp/minio_downloads/reviews_190252604785.parquet -> @reviews stage
[2026-07-04T15:30:49.599+0000] {logging_mixin.py:188} INFO - Uploaded /tmp/minio_downloads/reviews_190252699752.parquet -> @reviews stage
[2026-07-04T15:30:49.964+0000] {logging_mixin.py:188} INFO - Uploaded /tmp/minio_downloads/reviews_190252806438.parquet -> @reviews stage
[2026-07-04T15:30:50.326+0000] {logging_mixin.py:188} INFO - Uploaded /tmp/minio_downloads/reviews_190252883196.parquet -> @reviews stage
[2026-07-04T15:30:50.689+0000] {logging_mixin.py:188} INFO - Uploaded /tmp/minio_downloads/reviews_190252981824.parquet -> @reviews stage
[2026-07-04T15:30:51.050+0000] {logging_mixin.py:188} INFO - Uploaded /tmp/minio_downloads/reviews_190253065072.parquet -> @reviews stage
[2026-07-04T15:30:51.403+0000] {logging_mixin.py:188} INFO - Uploaded /tmp/minio_downloads/reviews_190253158814.parquet -> @reviews stage
[2026-07-04T15:30:51.766+0000] {logging_mixin.py:188} INFO - Uploaded /tmp/minio_downloads/reviews_190253254710.parquet -> @reviews stage
[2026-07-04T15:30:52.122+0000] {logging_mixin.py:188} INFO - Uploaded /tmp/minio_downloads/reviews_190253357372.parquet -> @reviews stage
[2026-07-04T15:30:52.472+0000] {logging_mixin.py:188} INFO - Uploaded /tmp/minio_downloads/reviews_190253459233.parquet -> @reviews stage
[2026-07-04T15:30:52.861+0000] {logging_mixin.py:188} INFO - Uploaded /tmp/minio_downloads/reviews_190253548354.parquet -> @reviews stage
[2026-07-04T15:30:53.219+0000] {logging_mixin.py:188} INFO - Uploaded /tmp/minio_downloads/reviews_190253648593.parquet -> @reviews stage
[2026-07-04T15:30:53.579+0000] {logging_mixin.py:188} INFO - Uploaded /tmp/minio_downloads/reviews_190253749791.parquet -> @reviews stage
[2026-07-04T15:30:53.934+0000] {logging_mixin.py:188} INFO - Uploaded /tmp/minio_downloads/reviews_190253856173.parquet -> @reviews stage
[2026-07-04T15:30:54.286+0000] {logging_mixin.py:188} INFO - Uploaded /tmp/minio_downloads/reviews_190254000728.parquet -> @reviews stage
[2026-07-04T15:30:54.641+0000] {logging_mixin.py:188} INFO - Uploaded /tmp/minio_downloads/reviews_190255034786.parquet -> @reviews stage
[2026-07-04T15:30:55.010+0000] {logging_mixin.py:188} INFO - Uploaded /tmp/minio_downloads/reviews_190255179939.parquet -> @reviews stage
[2026-07-04T15:30:55.406+0000] {logging_mixin.py:188} INFO - Uploaded /tmp/minio_downloads/reviews_190255309717.parquet -> @reviews stage
[2026-07-04T15:30:55.771+0000] {logging_mixin.py:188} INFO - Uploaded /tmp/minio_downloads/reviews_190255422011.parquet -> @reviews stage
[2026-07-04T15:30:56.135+0000] {logging_mixin.py:188} INFO - Uploaded /tmp/minio_downloads/reviews_190255541013.parquet -> @reviews stage
[2026-07-04T15:30:56.536+0000] {logging_mixin.py:188} INFO - Uploaded /tmp/minio_downloads/reviews_190255676909.parquet -> @reviews stage
[2026-07-04T15:30:56.901+0000] {logging_mixin.py:188} INFO - Uploaded /tmp/minio_downloads/reviews_190255822934.parquet -> @reviews stage
[2026-07-04T15:30:57.269+0000] {logging_mixin.py:188} INFO - Uploaded /tmp/minio_downloads/reviews_190255972454.parquet -> @reviews stage
[2026-07-04T15:30:57.649+0000] {logging_mixin.py:188} INFO - Uploaded /tmp/minio_downloads/reviews_190256103252.parquet -> @reviews stage
[2026-07-04T15:30:58.003+0000] {logging_mixin.py:188} INFO - Uploaded /tmp/minio_downloads/reviews_190256311243.parquet -> @reviews stage
[2026-07-04T15:30:58.363+0000] {logging_mixin.py:188} INFO - Uploaded /tmp/minio_downloads/reviews_190256463480.parquet -> @reviews stage
[2026-07-04T15:30:58.727+0000] {logging_mixin.py:188} INFO - Uploaded /tmp/minio_downloads/reviews_190256596330.parquet -> @reviews stage
[2026-07-04T15:30:59.100+0000] {logging_mixin.py:188} INFO - Uploaded /tmp/minio_downloads/reviews_190256739544.parquet -> @reviews stage
[2026-07-04T15:30:59.472+0000] {logging_mixin.py:188} INFO - Uploaded /tmp/minio_downloads/reviews_190256876646.parquet -> @reviews stage
[2026-07-04T15:30:59.849+0000] {logging_mixin.py:188} INFO - Uploaded /tmp/minio_downloads/reviews_190257007762.parquet -> @reviews stage
[2026-07-04T15:31:00.216+0000] {logging_mixin.py:188} INFO - Uploaded /tmp/minio_downloads/reviews_190257159816.parquet -> @reviews stage
[2026-07-04T15:31:00.575+0000] {logging_mixin.py:188} INFO - Uploaded /tmp/minio_downloads/reviews_190257299098.parquet -> @reviews stage
[2026-07-04T15:31:00.941+0000] {logging_mixin.py:188} INFO - Uploaded /tmp/minio_downloads/reviews_190257424387.parquet -> @reviews stage
[2026-07-04T15:31:01.329+0000] {logging_mixin.py:188} INFO - Uploaded /tmp/minio_downloads/reviews_190257570011.parquet -> @reviews stage
[2026-07-04T15:31:01.735+0000] {logging_mixin.py:188} INFO - Uploaded /tmp/minio_downloads/reviews_190257982921.parquet -> @reviews stage
[2026-07-04T15:31:02.090+0000] {logging_mixin.py:188} INFO - Uploaded /tmp/minio_downloads/reviews_190258166540.parquet -> @reviews stage
[2026-07-04T15:31:02.549+0000] {logging_mixin.py:188} INFO - Uploaded /tmp/minio_downloads/reviews_190258335331.parquet -> @reviews stage
[2026-07-04T15:31:02.968+0000] {logging_mixin.py:188} INFO - Uploaded /tmp/minio_downloads/reviews_190258548545.parquet -> @reviews stage
[2026-07-04T15:31:03.379+0000] {logging_mixin.py:188} INFO - Uploaded /tmp/minio_downloads/reviews_190258725046.parquet -> @reviews stage
[2026-07-04T15:31:03.758+0000] {logging_mixin.py:188} INFO - Uploaded /tmp/minio_downloads/reviews_190258882253.parquet -> @reviews stage
[2026-07-04T15:31:04.211+0000] {logging_mixin.py:188} INFO - Uploaded /tmp/minio_downloads/reviews_190259105526.parquet -> @reviews stage
[2026-07-04T15:31:04.708+0000] {logging_mixin.py:188} INFO - Uploaded /tmp/minio_downloads/reviews_190259305658.parquet -> @reviews stage
[2026-07-04T15:31:05.087+0000] {logging_mixin.py:188} INFO - Uploaded /tmp/minio_downloads/reviews_190259512460.parquet -> @reviews stage
[2026-07-04T15:31:05.530+0000] {logging_mixin.py:188} INFO - Uploaded /tmp/minio_downloads/reviews_190259682785.parquet -> @reviews stage
[2026-07-04T15:31:05.936+0000] {logging_mixin.py:188} INFO - Uploaded /tmp/minio_downloads/reviews_190259820756.parquet -> @reviews stage
[2026-07-04T15:31:06.348+0000] {logging_mixin.py:188} INFO - Uploaded /tmp/minio_downloads/reviews_190259973248.parquet -> @reviews stage
[2026-07-04T15:31:07.064+0000] {logging_mixin.py:188} INFO - Uploaded /tmp/minio_downloads/reviews_190300175984.parquet -> @reviews stage
[2026-07-04T15:31:07.429+0000] {logging_mixin.py:188} INFO - Uploaded /tmp/minio_downloads/reviews_190300351869.parquet -> @reviews stage
[2026-07-04T15:31:07.883+0000] {logging_mixin.py:188} INFO - Uploaded /tmp/minio_downloads/reviews_190300498113.parquet -> @reviews stage
[2026-07-04T15:31:08.271+0000] {logging_mixin.py:188} INFO - Uploaded /tmp/minio_downloads/reviews_190300701824.parquet -> @reviews stage
[2026-07-04T15:31:08.650+0000] {logging_mixin.py:188} INFO - Uploaded /tmp/minio_downloads/reviews_190300996326.parquet -> @reviews stage
[2026-07-04T15:31:09.049+0000] {logging_mixin.py:188} INFO - Uploaded /tmp/minio_downloads/reviews_190301194846.parquet -> @reviews stage
[2026-07-04T15:31:09.440+0000] {logging_mixin.py:188} INFO - Uploaded /tmp/minio_downloads/reviews_190301328624.parquet -> @reviews stage
[2026-07-04T15:31:09.821+0000] {logging_mixin.py:188} INFO - Uploaded /tmp/minio_downloads/reviews_190301495487.parquet -> @reviews stage
[2026-07-04T15:31:10.217+0000] {logging_mixin.py:188} INFO - Uploaded /tmp/minio_downloads/reviews_190301640228.parquet -> @reviews stage
[2026-07-04T15:31:10.643+0000] {logging_mixin.py:188} INFO - Uploaded /tmp/minio_downloads/reviews_190301777657.parquet -> @reviews stage
[2026-07-04T15:31:11.154+0000] {logging_mixin.py:188} INFO - Uploaded /tmp/minio_downloads/reviews_190301916013.parquet -> @reviews stage
[2026-07-04T15:31:11.570+0000] {logging_mixin.py:188} INFO - Uploaded /tmp/minio_downloads/reviews_190302102014.parquet -> @reviews stage
[2026-07-04T15:31:11.946+0000] {logging_mixin.py:188} INFO - Uploaded /tmp/minio_downloads/reviews_190302295049.parquet -> @reviews stage
[2026-07-04T15:31:12.349+0000] {logging_mixin.py:188} INFO - Uploaded /tmp/minio_downloads/reviews_190302502154.parquet -> @reviews stage
[2026-07-04T15:31:13.200+0000] {logging_mixin.py:188} INFO - Uploaded /tmp/minio_downloads/reviews_190302681349.parquet -> @reviews stage
[2026-07-04T15:31:13.626+0000] {logging_mixin.py:188} INFO - Uploaded /tmp/minio_downloads/reviews_190302821466.parquet -> @reviews stage
[2026-07-04T15:31:14.093+0000] {logging_mixin.py:188} INFO - Uploaded /tmp/minio_downloads/reviews_190302957360.parquet -> @reviews stage
[2026-07-04T15:31:14.533+0000] {logging_mixin.py:188} INFO - Uploaded /tmp/minio_downloads/reviews_190303051597.parquet -> @reviews stage
[2026-07-04T15:31:14.904+0000] {logging_mixin.py:188} INFO - Uploaded /tmp/minio_downloads/reviews_190303265828.parquet -> @reviews stage
[2026-07-04T15:31:15.364+0000] {logging_mixin.py:188} INFO - Uploaded /tmp/minio_downloads/reviews_190303547104.parquet -> @reviews stage
[2026-07-04T15:31:15.763+0000] {logging_mixin.py:188} INFO - Uploaded /tmp/minio_downloads/reviews_190303689879.parquet -> @reviews stage
[2026-07-04T15:31:16.182+0000] {logging_mixin.py:188} INFO - Uploaded /tmp/minio_downloads/reviews_190303817595.parquet -> @reviews stage
[2026-07-04T15:31:16.690+0000] {logging_mixin.py:188} INFO - Uploaded /tmp/minio_downloads/reviews_190303934323.parquet -> @reviews stage
[2026-07-04T15:31:17.101+0000] {logging_mixin.py:188} INFO - Uploaded /tmp/minio_downloads/reviews_190304042560.parquet -> @reviews stage
[2026-07-04T15:31:17.479+0000] {logging_mixin.py:188} INFO - Uploaded /tmp/minio_downloads/reviews_190304283644.parquet -> @reviews stage
[2026-07-04T15:31:17.920+0000] {logging_mixin.py:188} INFO - Uploaded /tmp/minio_downloads/reviews_190304427158.parquet -> @reviews stage
[2026-07-04T15:31:18.311+0000] {logging_mixin.py:188} INFO - Uploaded /tmp/minio_downloads/reviews_190304579209.parquet -> @reviews stage
[2026-07-04T15:31:18.743+0000] {logging_mixin.py:188} INFO - Uploaded /tmp/minio_downloads/reviews_190304737777.parquet -> @reviews stage
[2026-07-04T15:31:19.113+0000] {logging_mixin.py:188} INFO - Uploaded /tmp/minio_downloads/reviews_190304891261.parquet -> @reviews stage
[2026-07-04T15:31:19.518+0000] {logging_mixin.py:188} INFO - Uploaded /tmp/minio_downloads/reviews_190305027621.parquet -> @reviews stage
[2026-07-04T15:31:19.999+0000] {logging_mixin.py:188} INFO - Uploaded /tmp/minio_downloads/reviews_190649407817.parquet -> @reviews stage
[2026-07-04T15:31:20.392+0000] {logging_mixin.py:188} INFO - Uploaded /tmp/minio_downloads/reviews_190649491127.parquet -> @reviews stage
[2026-07-04T15:31:20.789+0000] {logging_mixin.py:188} INFO - Uploaded /tmp/minio_downloads/reviews_190649582601.parquet -> @reviews stage
[2026-07-04T15:31:21.149+0000] {logging_mixin.py:188} INFO - Uploaded /tmp/minio_downloads/reviews_190649654465.parquet -> @reviews stage
[2026-07-04T15:31:21.595+0000] {logging_mixin.py:188} INFO - Uploaded /tmp/minio_downloads/reviews_190649764899.parquet -> @reviews stage
[2026-07-04T15:31:22.024+0000] {logging_mixin.py:188} INFO - Uploaded /tmp/minio_downloads/reviews_190649845493.parquet -> @reviews stage
[2026-07-04T15:31:22.396+0000] {logging_mixin.py:188} INFO - Uploaded /tmp/minio_downloads/reviews_190649921712.parquet -> @reviews stage
[2026-07-04T15:31:22.806+0000] {logging_mixin.py:188} INFO - Uploaded /tmp/minio_downloads/reviews_190649999361.parquet -> @reviews stage
[2026-07-04T15:31:23.161+0000] {logging_mixin.py:188} INFO - Uploaded /tmp/minio_downloads/reviews_190650105234.parquet -> @reviews stage
[2026-07-04T15:31:23.649+0000] {logging_mixin.py:188} INFO - Uploaded /tmp/minio_downloads/reviews_190650224290.parquet -> @reviews stage
[2026-07-04T15:31:24.021+0000] {logging_mixin.py:188} INFO - Uploaded /tmp/minio_downloads/reviews_190650342265.parquet -> @reviews stage
[2026-07-04T15:31:24.470+0000] {logging_mixin.py:188} INFO - Uploaded /tmp/minio_downloads/reviews_190650447487.parquet -> @reviews stage
[2026-07-04T15:31:24.876+0000] {logging_mixin.py:188} INFO - Uploaded /tmp/minio_downloads/reviews_190650610075.parquet -> @reviews stage
[2026-07-04T15:31:25.299+0000] {logging_mixin.py:188} INFO - Uploaded /tmp/minio_downloads/reviews_190650735444.parquet -> @reviews stage
[2026-07-04T15:31:25.801+0000] {logging_mixin.py:188} INFO - Uploaded /tmp/minio_downloads/reviews_190650844447.parquet -> @reviews stage
[2026-07-04T15:31:26.209+0000] {logging_mixin.py:188} INFO - Uploaded /tmp/minio_downloads/reviews_190650944353.parquet -> @reviews stage
[2026-07-04T15:31:26.634+0000] {logging_mixin.py:188} INFO - Uploaded /tmp/minio_downloads/reviews_190651061813.parquet -> @reviews stage
[2026-07-04T15:31:27.041+0000] {logging_mixin.py:188} INFO - Uploaded /tmp/minio_downloads/reviews_190651172050.parquet -> @reviews stage
[2026-07-04T15:31:27.444+0000] {logging_mixin.py:188} INFO - Uploaded /tmp/minio_downloads/reviews_190651326898.parquet -> @reviews stage
[2026-07-04T15:31:27.849+0000] {logging_mixin.py:188} INFO - Uploaded /tmp/minio_downloads/reviews_190651452020.parquet -> @reviews stage
[2026-07-04T15:31:28.360+0000] {logging_mixin.py:188} INFO - Uploaded /tmp/minio_downloads/reviews_190651615580.parquet -> @reviews stage
[2026-07-04T15:31:28.806+0000] {logging_mixin.py:188} INFO - Uploaded /tmp/minio_downloads/reviews_190651739809.parquet -> @reviews stage
[2026-07-04T15:31:29.256+0000] {logging_mixin.py:188} INFO - Uploaded /tmp/minio_downloads/reviews_190651932173.parquet -> @reviews stage
[2026-07-04T15:31:29.702+0000] {logging_mixin.py:188} INFO - Uploaded /tmp/minio_downloads/reviews_190652095675.parquet -> @reviews stage
[2026-07-04T15:31:30.184+0000] {logging_mixin.py:188} INFO - Uploaded /tmp/minio_downloads/reviews_190652248604.parquet -> @reviews stage
[2026-07-04T15:31:30.545+0000] {logging_mixin.py:188} INFO - Uploaded /tmp/minio_downloads/reviews_190652376018.parquet -> @reviews stage
[2026-07-04T15:31:30.906+0000] {logging_mixin.py:188} INFO - Uploaded /tmp/minio_downloads/reviews_190652541425.parquet -> @reviews stage
[2026-07-04T15:31:31.272+0000] {logging_mixin.py:188} INFO - Uploaded /tmp/minio_downloads/reviews_190652739671.parquet -> @reviews stage
[2026-07-04T15:31:31.647+0000] {logging_mixin.py:188} INFO - Uploaded /tmp/minio_downloads/reviews_190652899743.parquet -> @reviews stage
[2026-07-04T15:31:32.023+0000] {logging_mixin.py:188} INFO - Uploaded /tmp/minio_downloads/reviews_190653041255.parquet -> @reviews stage
[2026-07-04T15:31:32.394+0000] {logging_mixin.py:188} INFO - Uploaded /tmp/minio_downloads/reviews_190653219518.parquet -> @reviews stage
[2026-07-04T15:31:32.766+0000] {logging_mixin.py:188} INFO - Uploaded /tmp/minio_downloads/reviews_190653400372.parquet -> @reviews stage
[2026-07-04T15:31:33.178+0000] {logging_mixin.py:188} INFO - Uploaded /tmp/minio_downloads/reviews_190653548843.parquet -> @reviews stage
[2026-07-04T15:31:33.547+0000] {logging_mixin.py:188} INFO - Uploaded /tmp/minio_downloads/reviews_190653720370.parquet -> @reviews stage
[2026-07-04T15:31:33.988+0000] {logging_mixin.py:188} INFO - Uploaded /tmp/minio_downloads/reviews_190653871849.parquet -> @reviews stage
[2026-07-04T15:31:34.403+0000] {logging_mixin.py:188} INFO - Uploaded /tmp/minio_downloads/reviews_190654030137.parquet -> @reviews stage
[2026-07-04T15:31:34.792+0000] {logging_mixin.py:188} INFO - Uploaded /tmp/minio_downloads/reviews_190654250071.parquet -> @reviews stage
[2026-07-04T15:31:35.184+0000] {logging_mixin.py:188} INFO - Uploaded /tmp/minio_downloads/reviews_190654465997.parquet -> @reviews stage
[2026-07-04T15:31:35.618+0000] {logging_mixin.py:188} INFO - Uploaded /tmp/minio_downloads/reviews_190654617136.parquet -> @reviews stage
[2026-07-04T15:31:36.003+0000] {logging_mixin.py:188} INFO - Uploaded /tmp/minio_downloads/reviews_190654799345.parquet -> @reviews stage
[2026-07-04T15:31:36.452+0000] {logging_mixin.py:188} INFO - Uploaded /tmp/minio_downloads/reviews_190654991524.parquet -> @reviews stage
[2026-07-04T15:31:36.815+0000] {logging_mixin.py:188} INFO - Uploaded /tmp/minio_downloads/reviews_190655181244.parquet -> @reviews stage
[2026-07-04T15:31:37.378+0000] {logging_mixin.py:188} INFO - Uploaded /tmp/minio_downloads/reviews_190655484705.parquet -> @reviews stage
[2026-07-04T15:31:37.890+0000] {logging_mixin.py:188} INFO - Uploaded /tmp/minio_downloads/reviews_190655878896.parquet -> @reviews stage
[2026-07-04T15:31:38.300+0000] {logging_mixin.py:188} INFO - Uploaded /tmp/minio_downloads/reviews_190656128197.parquet -> @reviews stage
[2026-07-04T15:31:38.796+0000] {logging_mixin.py:188} INFO - Uploaded /tmp/minio_downloads/reviews_190656344699.parquet -> @reviews stage
[2026-07-04T15:31:39.159+0000] {logging_mixin.py:188} INFO - Uploaded /tmp/minio_downloads/reviews_190656543482.parquet -> @reviews stage
[2026-07-04T15:31:39.579+0000] {logging_mixin.py:188} INFO - Uploaded /tmp/minio_downloads/reviews_190656772621.parquet -> @reviews stage
[2026-07-04T15:31:40.029+0000] {logging_mixin.py:188} INFO - Uploaded /tmp/minio_downloads/reviews_190657026853.parquet -> @reviews stage
[2026-07-04T15:31:40.414+0000] {logging_mixin.py:188} INFO - Uploaded /tmp/minio_downloads/reviews_190657210315.parquet -> @reviews stage
[2026-07-04T15:31:40.830+0000] {logging_mixin.py:188} INFO - Uploaded /tmp/minio_downloads/reviews_190657467007.parquet -> @reviews stage
[2026-07-04T15:31:41.368+0000] {logging_mixin.py:188} INFO - Uploaded /tmp/minio_downloads/reviews_190657659699.parquet -> @reviews stage
[2026-07-04T15:31:41.774+0000] {logging_mixin.py:188} INFO - Uploaded /tmp/minio_downloads/reviews_190657926892.parquet -> @reviews stage
[2026-07-04T15:31:42.240+0000] {logging_mixin.py:188} INFO - Uploaded /tmp/minio_downloads/reviews_190658186229.parquet -> @reviews stage
[2026-07-04T15:31:42.698+0000] {logging_mixin.py:188} INFO - Uploaded /tmp/minio_downloads/reviews_190658379491.parquet -> @reviews stage
[2026-07-04T15:31:43.106+0000] {logging_mixin.py:188} INFO - Uploaded /tmp/minio_downloads/reviews_190658605403.parquet -> @reviews stage
[2026-07-04T15:31:43.526+0000] {logging_mixin.py:188} INFO - Uploaded /tmp/minio_downloads/reviews_190658841296.parquet -> @reviews stage
[2026-07-04T15:31:43.909+0000] {logging_mixin.py:188} INFO - Uploaded /tmp/minio_downloads/reviews_190659036757.parquet -> @reviews stage
[2026-07-04T15:31:44.337+0000] {logging_mixin.py:188} INFO - Uploaded /tmp/minio_downloads/reviews_190659231028.parquet -> @reviews stage
[2026-07-04T15:31:44.814+0000] {logging_mixin.py:188} INFO - Uploaded /tmp/minio_downloads/reviews_190659387072.parquet -> @reviews stage
[2026-07-04T15:31:45.219+0000] {logging_mixin.py:188} INFO - Uploaded /tmp/minio_downloads/reviews_190659520692.parquet -> @reviews stage
[2026-07-04T15:31:45.663+0000] {logging_mixin.py:188} INFO - Uploaded /tmp/minio_downloads/reviews_190659724364.parquet -> @reviews stage
[2026-07-04T15:31:46.074+0000] {logging_mixin.py:188} INFO - Uploaded /tmp/minio_downloads/reviews_190659890640.parquet -> @reviews stage
[2026-07-04T15:31:46.482+0000] {logging_mixin.py:188} INFO - Uploaded /tmp/minio_downloads/reviews_190700024217.parquet -> @reviews stage
[2026-07-04T15:31:46.877+0000] {logging_mixin.py:188} INFO - Uploaded /tmp/minio_downloads/reviews_190700190620.parquet -> @reviews stage
[2026-07-04T15:31:47.272+0000] {logging_mixin.py:188} INFO - Uploaded /tmp/minio_downloads/reviews_190700339268.parquet -> @reviews stage
[2026-07-04T15:31:47.713+0000] {logging_mixin.py:188} INFO - Uploaded /tmp/minio_downloads/reviews_190700536346.parquet -> @reviews stage
[2026-07-04T15:31:48.130+0000] {logging_mixin.py:188} INFO - Uploaded /tmp/minio_downloads/reviews_190700715827.parquet -> @reviews stage
[2026-07-04T15:31:48.532+0000] {logging_mixin.py:188} INFO - Uploaded /tmp/minio_downloads/reviews_190700855476.parquet -> @reviews stage
[2026-07-04T15:31:48.907+0000] {logging_mixin.py:188} INFO - Uploaded /tmp/minio_downloads/reviews_190700996063.parquet -> @reviews stage
[2026-07-04T15:31:49.263+0000] {logging_mixin.py:188} INFO - Uploaded /tmp/minio_downloads/reviews_190701191189.parquet -> @reviews stage
[2026-07-04T15:31:49.608+0000] {logging_mixin.py:188} INFO - Uploaded /tmp/minio_downloads/reviews_190701358155.parquet -> @reviews stage
[2026-07-04T15:31:49.958+0000] {logging_mixin.py:188} INFO - Uploaded /tmp/minio_downloads/reviews_190701530615.parquet -> @reviews stage
[2026-07-04T15:31:50.376+0000] {logging_mixin.py:188} INFO - Uploaded /tmp/minio_downloads/reviews_190701692229.parquet -> @reviews stage
[2026-07-04T15:31:50.759+0000] {logging_mixin.py:188} INFO - Uploaded /tmp/minio_downloads/reviews_190701841780.parquet -> @reviews stage
[2026-07-04T15:31:51.131+0000] {logging_mixin.py:188} INFO - Uploaded /tmp/minio_downloads/reviews_190702017654.parquet -> @reviews stage
[2026-07-04T15:31:51.542+0000] {logging_mixin.py:188} INFO - Uploaded /tmp/minio_downloads/reviews_190702273127.parquet -> @reviews stage
[2026-07-04T15:31:52.014+0000] {logging_mixin.py:188} INFO - Uploaded /tmp/minio_downloads/reviews_190702664806.parquet -> @reviews stage
[2026-07-04T15:31:52.393+0000] {logging_mixin.py:188} INFO - Uploaded /tmp/minio_downloads/reviews_190702991691.parquet -> @reviews stage
[2026-07-04T15:31:52.956+0000] {logging_mixin.py:188} INFO - Uploaded /tmp/minio_downloads/reviews_190703194768.parquet -> @reviews stage
[2026-07-04T15:31:53.451+0000] {logging_mixin.py:188} INFO - Uploaded /tmp/minio_downloads/reviews_190703438997.parquet -> @reviews stage
[2026-07-04T15:31:53.850+0000] {logging_mixin.py:188} INFO - Uploaded /tmp/minio_downloads/reviews_190703662748.parquet -> @reviews stage
[2026-07-04T15:31:54.232+0000] {logging_mixin.py:188} INFO - Uploaded /tmp/minio_downloads/reviews_190703898061.parquet -> @reviews stage
[2026-07-04T15:31:54.585+0000] {logging_mixin.py:188} INFO - Uploaded /tmp/minio_downloads/reviews_190704087222.parquet -> @reviews stage
[2026-07-04T15:31:54.982+0000] {logging_mixin.py:188} INFO - Uploaded /tmp/minio_downloads/reviews_190704320540.parquet -> @reviews stage
[2026-07-04T15:31:55.399+0000] {logging_mixin.py:188} INFO - Uploaded /tmp/minio_downloads/reviews_190704522604.parquet -> @reviews stage
[2026-07-04T15:31:55.812+0000] {logging_mixin.py:188} INFO - Uploaded /tmp/minio_downloads/reviews_190704746410.parquet -> @reviews stage
[2026-07-04T15:31:56.323+0000] {logging_mixin.py:188} INFO - Uploaded /tmp/minio_downloads/reviews_190704904776.parquet -> @reviews stage
[2026-07-04T15:31:56.782+0000] {logging_mixin.py:188} INFO - Uploaded /tmp/minio_downloads/reviews_190705127449.parquet -> @reviews stage
[2026-07-04T15:31:57.248+0000] {logging_mixin.py:188} INFO - Uploaded /tmp/minio_downloads/reviews_190705276673.parquet -> @reviews stage
[2026-07-04T15:31:57.753+0000] {logging_mixin.py:188} INFO - Uploaded /tmp/minio_downloads/reviews_190705495176.parquet -> @reviews stage
[2026-07-04T15:31:58.168+0000] {logging_mixin.py:188} INFO - Uploaded /tmp/minio_downloads/reviews_190705652031.parquet -> @reviews stage
[2026-07-04T15:31:58.559+0000] {logging_mixin.py:188} INFO - Uploaded /tmp/minio_downloads/reviews_190705865499.parquet -> @reviews stage
[2026-07-04T15:31:58.931+0000] {logging_mixin.py:188} INFO - Uploaded /tmp/minio_downloads/reviews_190706070139.parquet -> @reviews stage
[2026-07-04T15:31:59.319+0000] {logging_mixin.py:188} INFO - Uploaded /tmp/minio_downloads/reviews_190706269478.parquet -> @reviews stage
[2026-07-04T15:31:59.680+0000] {logging_mixin.py:188} INFO - Uploaded /tmp/minio_downloads/reviews_190706445364.parquet -> @reviews stage
[2026-07-04T15:32:00.053+0000] {logging_mixin.py:188} INFO - Uploaded /tmp/minio_downloads/reviews_190706607100.parquet -> @reviews stage
[2026-07-04T15:32:00.469+0000] {logging_mixin.py:188} INFO - Uploaded /tmp/minio_downloads/reviews_190706752972.parquet -> @reviews stage
[2026-07-04T15:32:00.851+0000] {logging_mixin.py:188} INFO - Uploaded /tmp/minio_downloads/reviews_190706891763.parquet -> @reviews stage
[2026-07-04T15:32:01.235+0000] {logging_mixin.py:188} INFO - Uploaded /tmp/minio_downloads/reviews_190707039096.parquet -> @reviews stage
[2026-07-04T15:32:01.604+0000] {logging_mixin.py:188} INFO - Uploaded /tmp/minio_downloads/reviews_190707259195.parquet -> @reviews stage
[2026-07-04T15:32:01.973+0000] {logging_mixin.py:188} INFO - Uploaded /tmp/minio_downloads/reviews_190707431749.parquet -> @reviews stage
[2026-07-04T15:32:02.324+0000] {logging_mixin.py:188} INFO - Uploaded /tmp/minio_downloads/reviews_190707624193.parquet -> @reviews stage
[2026-07-04T15:32:02.663+0000] {logging_mixin.py:188} INFO - Uploaded /tmp/minio_downloads/reviews_190707820355.parquet -> @reviews stage
[2026-07-04T15:32:03.010+0000] {logging_mixin.py:188} INFO - Uploaded /tmp/minio_downloads/reviews_190707981094.parquet -> @reviews stage
[2026-07-04T15:32:03.372+0000] {logging_mixin.py:188} INFO - Uploaded /tmp/minio_downloads/reviews_190708135780.parquet -> @reviews stage
[2026-07-04T15:32:03.724+0000] {logging_mixin.py:188} INFO - Uploaded /tmp/minio_downloads/reviews_190708321718.parquet -> @reviews stage
[2026-07-04T15:32:04.099+0000] {logging_mixin.py:188} INFO - Uploaded /tmp/minio_downloads/reviews_190708529325.parquet -> @reviews stage
[2026-07-04T15:32:04.472+0000] {logging_mixin.py:188} INFO - Uploaded /tmp/minio_downloads/reviews_190708693798.parquet -> @reviews stage
[2026-07-04T15:32:04.844+0000] {logging_mixin.py:188} INFO - Uploaded /tmp/minio_downloads/reviews_190708817506.parquet -> @reviews stage
[2026-07-04T15:32:05.203+0000] {logging_mixin.py:188} INFO - Uploaded /tmp/minio_downloads/reviews_190708964933.parquet -> @reviews stage
[2026-07-04T15:32:06.042+0000] {logging_mixin.py:188} INFO - Uploaded /tmp/minio_downloads/reviews_190709193563.parquet -> @reviews stage
[2026-07-04T15:32:06.393+0000] {logging_mixin.py:188} INFO - Uploaded /tmp/minio_downloads/reviews_190709335581.parquet -> @reviews stage
[2026-07-04T15:32:06.732+0000] {logging_mixin.py:188} INFO - Uploaded /tmp/minio_downloads/reviews_190709453567.parquet -> @reviews stage
[2026-07-04T15:32:07.093+0000] {logging_mixin.py:188} INFO - Uploaded /tmp/minio_downloads/reviews_190709571176.parquet -> @reviews stage
[2026-07-04T15:32:07.436+0000] {logging_mixin.py:188} INFO - Uploaded /tmp/minio_downloads/reviews_190709709868.parquet -> @reviews stage
[2026-07-04T15:32:07.785+0000] {logging_mixin.py:188} INFO - Uploaded /tmp/minio_downloads/reviews_190709817463.parquet -> @reviews stage
[2026-07-04T15:32:08.134+0000] {logging_mixin.py:188} INFO - Uploaded /tmp/minio_downloads/reviews_190709956679.parquet -> @reviews stage
[2026-07-04T15:32:08.513+0000] {logging_mixin.py:188} INFO - Uploaded /tmp/minio_downloads/reviews_190710110569.parquet -> @reviews stage
[2026-07-04T15:32:08.884+0000] {logging_mixin.py:188} INFO - Uploaded /tmp/minio_downloads/reviews_190710222791.parquet -> @reviews stage
[2026-07-04T15:32:09.251+0000] {logging_mixin.py:188} INFO - Uploaded /tmp/minio_downloads/reviews_190710328548.parquet -> @reviews stage
[2026-07-04T15:32:09.631+0000] {logging_mixin.py:188} INFO - Uploaded /tmp/minio_downloads/reviews_190710443984.parquet -> @reviews stage
[2026-07-04T15:32:10.051+0000] {logging_mixin.py:188} INFO - Uploaded /tmp/minio_downloads/reviews_190710547903.parquet -> @reviews stage
[2026-07-04T15:32:10.649+0000] {logging_mixin.py:188} INFO - Uploaded /tmp/minio_downloads/reviews_190710654875.parquet -> @reviews stage
[2026-07-04T15:32:11.038+0000] {logging_mixin.py:188} INFO - Uploaded /tmp/minio_downloads/reviews_190710743978.parquet -> @reviews stage
[2026-07-04T15:32:11.499+0000] {logging_mixin.py:188} INFO - Uploaded /tmp/minio_downloads/reviews_190710830310.parquet -> @reviews stage
[2026-07-04T15:32:11.897+0000] {logging_mixin.py:188} INFO - Uploaded /tmp/minio_downloads/reviews_190710937201.parquet -> @reviews stage
[2026-07-04T15:32:12.405+0000] {logging_mixin.py:188} INFO - Uploaded /tmp/minio_downloads/reviews_190711062733.parquet -> @reviews stage
[2026-07-04T15:32:13.014+0000] {logging_mixin.py:188} INFO - Uploaded /tmp/minio_downloads/reviews_190711193224.parquet -> @reviews stage
[2026-07-04T15:32:13.516+0000] {logging_mixin.py:188} INFO - Uploaded /tmp/minio_downloads/reviews_190711305012.parquet -> @reviews stage
[2026-07-04T15:32:13.892+0000] {logging_mixin.py:188} INFO - Uploaded /tmp/minio_downloads/reviews_190711406386.parquet -> @reviews stage
[2026-07-04T15:32:14.249+0000] {logging_mixin.py:188} INFO - Uploaded /tmp/minio_downloads/reviews_190711508293.parquet -> @reviews stage
[2026-07-04T15:32:14.660+0000] {logging_mixin.py:188} INFO - Uploaded /tmp/minio_downloads/reviews_190711600102.parquet -> @reviews stage
[2026-07-04T15:32:15.032+0000] {logging_mixin.py:188} INFO - Uploaded /tmp/minio_downloads/reviews_190711683265.parquet -> @reviews stage
[2026-07-04T15:32:15.410+0000] {logging_mixin.py:188} INFO - Uploaded /tmp/minio_downloads/reviews_190711774431.parquet -> @reviews stage
[2026-07-04T15:32:15.772+0000] {logging_mixin.py:188} INFO - Uploaded /tmp/minio_downloads/reviews_190711864014.parquet -> @reviews stage
[2026-07-04T15:32:16.138+0000] {logging_mixin.py:188} INFO - Uploaded /tmp/minio_downloads/reviews_190711941343.parquet -> @reviews stage
[2026-07-04T15:32:16.486+0000] {logging_mixin.py:188} INFO - Uploaded /tmp/minio_downloads/reviews_190712016357.parquet -> @reviews stage
[2026-07-04T15:32:16.841+0000] {logging_mixin.py:188} INFO - Uploaded /tmp/minio_downloads/reviews_190712107388.parquet -> @reviews stage
[2026-07-04T15:32:17.191+0000] {logging_mixin.py:188} INFO - Uploaded /tmp/minio_downloads/reviews_190712212264.parquet -> @reviews stage
[2026-07-04T15:32:17.561+0000] {logging_mixin.py:188} INFO - Uploaded /tmp/minio_downloads/reviews_190712307059.parquet -> @reviews stage
[2026-07-04T15:32:17.927+0000] {logging_mixin.py:188} INFO - Uploaded /tmp/minio_downloads/reviews_190712445086.parquet -> @reviews stage
[2026-07-04T15:32:18.437+0000] {logging_mixin.py:188} INFO - Uploaded /tmp/minio_downloads/reviews_190712609876.parquet -> @reviews stage
[2026-07-04T15:32:18.940+0000] {logging_mixin.py:188} INFO - Uploaded /tmp/minio_downloads/reviews_190712714911.parquet -> @reviews stage
[2026-07-04T15:32:19.318+0000] {logging_mixin.py:188} INFO - Uploaded /tmp/minio_downloads/reviews_190712812986.parquet -> @reviews stage
[2026-07-04T15:32:19.675+0000] {logging_mixin.py:188} INFO - Uploaded /tmp/minio_downloads/reviews_190712890734.parquet -> @reviews stage
[2026-07-04T15:32:20.041+0000] {logging_mixin.py:188} INFO - Uploaded /tmp/minio_downloads/reviews_190712975283.parquet -> @reviews stage
[2026-07-04T15:32:20.405+0000] {logging_mixin.py:188} INFO - Uploaded /tmp/minio_downloads/reviews_190713064637.parquet -> @reviews stage
[2026-07-04T15:32:20.855+0000] {logging_mixin.py:188} INFO - Uploaded /tmp/minio_downloads/reviews_190713170845.parquet -> @reviews stage
[2026-07-04T15:32:21.246+0000] {logging_mixin.py:188} INFO - Uploaded /tmp/minio_downloads/reviews_190713242233.parquet -> @reviews stage
[2026-07-04T15:32:21.722+0000] {logging_mixin.py:188} INFO - Uploaded /tmp/minio_downloads/reviews_190713309010.parquet -> @reviews stage
[2026-07-04T15:32:22.329+0000] {logging_mixin.py:188} INFO - Uploaded /tmp/minio_downloads/reviews_190713388586.parquet -> @reviews stage
[2026-07-04T15:32:22.731+0000] {logging_mixin.py:188} INFO - Uploaded /tmp/minio_downloads/reviews_190713477756.parquet -> @reviews stage
[2026-07-04T15:32:23.149+0000] {logging_mixin.py:188} INFO - Uploaded /tmp/minio_downloads/reviews_190713574845.parquet -> @reviews stage
[2026-07-04T15:32:23.663+0000] {logging_mixin.py:188} INFO - Uploaded /tmp/minio_downloads/reviews_190713656691.parquet -> @reviews stage
[2026-07-04T15:32:24.068+0000] {logging_mixin.py:188} INFO - Uploaded /tmp/minio_downloads/reviews_190713726248.parquet -> @reviews stage
[2026-07-04T15:32:24.426+0000] {logging_mixin.py:188} INFO - Uploaded /tmp/minio_downloads/reviews_190713785225.parquet -> @reviews stage
[2026-07-04T15:32:24.793+0000] {logging_mixin.py:188} INFO - Uploaded /tmp/minio_downloads/reviews_190713859212.parquet -> @reviews stage
[2026-07-04T15:32:25.170+0000] {logging_mixin.py:188} INFO - Uploaded /tmp/minio_downloads/reviews_190713936903.parquet -> @reviews stage
[2026-07-04T15:32:25.539+0000] {logging_mixin.py:188} INFO - Uploaded /tmp/minio_downloads/reviews_190714017518.parquet -> @reviews stage
[2026-07-04T15:32:26.122+0000] {logging_mixin.py:188} INFO - Uploaded /tmp/minio_downloads/reviews_190714108703.parquet -> @reviews stage
[2026-07-04T15:32:26.525+0000] {logging_mixin.py:188} INFO - Uploaded /tmp/minio_downloads/reviews_190714187625.parquet -> @reviews stage
[2026-07-04T15:32:26.888+0000] {logging_mixin.py:188} INFO - Uploaded /tmp/minio_downloads/reviews_190714253122.parquet -> @reviews stage
[2026-07-04T15:32:27.343+0000] {logging_mixin.py:188} INFO - Uploaded /tmp/minio_downloads/reviews_190714318828.parquet -> @reviews stage
[2026-07-04T15:32:27.753+0000] {logging_mixin.py:188} INFO - Uploaded /tmp/minio_downloads/reviews_190714391924.parquet -> @reviews stage
[2026-07-04T15:32:28.366+0000] {logging_mixin.py:188} INFO - Data loaded into reviews
[2026-07-04T15:32:29.090+0000] {logging_mixin.py:188} INFO - Uploaded /tmp/minio_downloads/sales_190305143335.parquet -> @sales stage
[2026-07-04T15:32:29.467+0000] {logging_mixin.py:188} INFO - Uploaded /tmp/minio_downloads/sales_190305260843.parquet -> @sales stage
[2026-07-04T15:32:29.831+0000] {logging_mixin.py:188} INFO - Uploaded /tmp/minio_downloads/sales_190305374240.parquet -> @sales stage
[2026-07-04T15:32:30.197+0000] {logging_mixin.py:188} INFO - Uploaded /tmp/minio_downloads/sales_190305481350.parquet -> @sales stage
[2026-07-04T15:32:30.567+0000] {logging_mixin.py:188} INFO - Uploaded /tmp/minio_downloads/sales_190305627114.parquet -> @sales stage
[2026-07-04T15:32:30.927+0000] {logging_mixin.py:188} INFO - Uploaded /tmp/minio_downloads/sales_190305758810.parquet -> @sales stage
[2026-07-04T15:32:31.290+0000] {logging_mixin.py:188} INFO - Uploaded /tmp/minio_downloads/sales_190305889437.parquet -> @sales stage
[2026-07-04T15:32:31.747+0000] {logging_mixin.py:188} INFO - Uploaded /tmp/minio_downloads/sales_190306016762.parquet -> @sales stage
[2026-07-04T15:32:32.162+0000] {logging_mixin.py:188} INFO - Uploaded /tmp/minio_downloads/sales_190306154439.parquet -> @sales stage
[2026-07-04T15:32:32.560+0000] {logging_mixin.py:188} INFO - Uploaded /tmp/minio_downloads/sales_190306294524.parquet -> @sales stage
[2026-07-04T15:32:32.981+0000] {logging_mixin.py:188} INFO - Uploaded /tmp/minio_downloads/sales_190306414633.parquet -> @sales stage
[2026-07-04T15:32:33.380+0000] {logging_mixin.py:188} INFO - Uploaded /tmp/minio_downloads/sales_190306530922.parquet -> @sales stage
[2026-07-04T15:32:33.795+0000] {logging_mixin.py:188} INFO - Uploaded /tmp/minio_downloads/sales_190306628560.parquet -> @sales stage
[2026-07-04T15:32:34.158+0000] {logging_mixin.py:188} INFO - Uploaded /tmp/minio_downloads/sales_190306739308.parquet -> @sales stage
[2026-07-04T15:32:34.517+0000] {logging_mixin.py:188} INFO - Uploaded /tmp/minio_downloads/sales_190306844170.parquet -> @sales stage
[2026-07-04T15:32:34.892+0000] {logging_mixin.py:188} INFO - Uploaded /tmp/minio_downloads/sales_190306939604.parquet -> @sales stage
[2026-07-04T15:32:35.253+0000] {logging_mixin.py:188} INFO - Uploaded /tmp/minio_downloads/sales_190307058868.parquet -> @sales stage
[2026-07-04T15:32:35.621+0000] {logging_mixin.py:188} INFO - Uploaded /tmp/minio_downloads/sales_190307162531.parquet -> @sales stage
[2026-07-04T15:32:35.996+0000] {logging_mixin.py:188} INFO - Uploaded /tmp/minio_downloads/sales_190307260653.parquet -> @sales stage
[2026-07-04T15:32:36.462+0000] {logging_mixin.py:188} INFO - Uploaded /tmp/minio_downloads/sales_190307351211.parquet -> @sales stage
[2026-07-04T15:32:36.841+0000] {logging_mixin.py:188} INFO - Uploaded /tmp/minio_downloads/sales_190307459546.parquet -> @sales stage
[2026-07-04T15:32:37.285+0000] {logging_mixin.py:188} INFO - Uploaded /tmp/minio_downloads/sales_190307556958.parquet -> @sales stage
[2026-07-04T15:32:37.780+0000] {logging_mixin.py:188} INFO - Uploaded /tmp/minio_downloads/sales_190307659499.parquet -> @sales stage
[2026-07-04T15:32:38.212+0000] {logging_mixin.py:188} INFO - Uploaded /tmp/minio_downloads/sales_190307754359.parquet -> @sales stage
[2026-07-04T15:32:38.720+0000] {logging_mixin.py:188} INFO - Uploaded /tmp/minio_downloads/sales_190307840483.parquet -> @sales stage
[2026-07-04T15:32:39.080+0000] {logging_mixin.py:188} INFO - Uploaded /tmp/minio_downloads/sales_190308058347.parquet -> @sales stage
[2026-07-04T15:32:39.442+0000] {logging_mixin.py:188} INFO - Uploaded /tmp/minio_downloads/sales_190308140507.parquet -> @sales stage
[2026-07-04T15:32:40.294+0000] {logging_mixin.py:188} INFO - Uploaded /tmp/minio_downloads/sales_190308229547.parquet -> @sales stage
[2026-07-04T15:32:40.657+0000] {logging_mixin.py:188} INFO - Uploaded /tmp/minio_downloads/sales_190308329539.parquet -> @sales stage
[2026-07-04T15:32:41.022+0000] {logging_mixin.py:188} INFO - Uploaded /tmp/minio_downloads/sales_190308424218.parquet -> @sales stage
[2026-07-04T15:32:41.391+0000] {logging_mixin.py:188} INFO - Uploaded /tmp/minio_downloads/sales_190308521380.parquet -> @sales stage
[2026-07-04T15:32:41.753+0000] {logging_mixin.py:188} INFO - Uploaded /tmp/minio_downloads/sales_190308603761.parquet -> @sales stage
[2026-07-04T15:32:42.190+0000] {logging_mixin.py:188} INFO - Uploaded /tmp/minio_downloads/sales_190308687847.parquet -> @sales stage
[2026-07-04T15:32:42.587+0000] {logging_mixin.py:188} INFO - Uploaded /tmp/minio_downloads/sales_190308757233.parquet -> @sales stage
[2026-07-04T15:32:43.009+0000] {logging_mixin.py:188} INFO - Uploaded /tmp/minio_downloads/sales_190308846641.parquet -> @sales stage
[2026-07-04T15:32:43.421+0000] {logging_mixin.py:188} INFO - Uploaded /tmp/minio_downloads/sales_190308929418.parquet -> @sales stage
[2026-07-04T15:32:43.832+0000] {logging_mixin.py:188} INFO - Uploaded /tmp/minio_downloads/sales_190309039064.parquet -> @sales stage
[2026-07-04T15:32:44.302+0000] {logging_mixin.py:188} INFO - Uploaded /tmp/minio_downloads/sales_190309126406.parquet -> @sales stage
[2026-07-04T15:32:44.659+0000] {logging_mixin.py:188} INFO - Uploaded /tmp/minio_downloads/sales_190309207145.parquet -> @sales stage
[2026-07-04T15:32:45.042+0000] {logging_mixin.py:188} INFO - Uploaded /tmp/minio_downloads/sales_190309294937.parquet -> @sales stage
[2026-07-04T15:32:45.416+0000] {logging_mixin.py:188} INFO - Uploaded /tmp/minio_downloads/sales_190309378219.parquet -> @sales stage
[2026-07-04T15:32:45.882+0000] {logging_mixin.py:188} INFO - Uploaded /tmp/minio_downloads/sales_190309467187.parquet -> @sales stage
[2026-07-04T15:32:46.289+0000] {logging_mixin.py:188} INFO - Uploaded /tmp/minio_downloads/sales_190309597188.parquet -> @sales stage
[2026-07-04T15:32:46.803+0000] {logging_mixin.py:188} INFO - Uploaded /tmp/minio_downloads/sales_190309717688.parquet -> @sales stage
[2026-07-04T15:32:47.411+0000] {logging_mixin.py:188} INFO - Uploaded /tmp/minio_downloads/sales_190309812274.parquet -> @sales stage
[2026-07-04T15:32:47.818+0000] {logging_mixin.py:188} INFO - Uploaded /tmp/minio_downloads/sales_190309912736.parquet -> @sales stage
[2026-07-04T15:32:48.227+0000] {logging_mixin.py:188} INFO - Uploaded /tmp/minio_downloads/sales_190310016321.parquet -> @sales stage
[2026-07-04T15:32:48.638+0000] {logging_mixin.py:188} INFO - Uploaded /tmp/minio_downloads/sales_190310146767.parquet -> @sales stage
[2026-07-04T15:32:49.032+0000] {logging_mixin.py:188} INFO - Uploaded /tmp/minio_downloads/sales_190310247142.parquet -> @sales stage
[2026-07-04T15:32:49.394+0000] {logging_mixin.py:188} INFO - Uploaded /tmp/minio_downloads/sales_190310347055.parquet -> @sales stage
[2026-07-04T15:32:49.751+0000] {logging_mixin.py:188} INFO - Uploaded /tmp/minio_downloads/sales_190310420069.parquet -> @sales stage
[2026-07-04T15:32:50.133+0000] {logging_mixin.py:188} INFO - Uploaded /tmp/minio_downloads/sales_190310509414.parquet -> @sales stage
[2026-07-04T15:32:50.504+0000] {logging_mixin.py:188} INFO - Uploaded /tmp/minio_downloads/sales_190310595964.parquet -> @sales stage
[2026-07-04T15:32:50.885+0000] {logging_mixin.py:188} INFO - Uploaded /tmp/minio_downloads/sales_190310672153.parquet -> @sales stage
[2026-07-04T15:32:51.311+0000] {logging_mixin.py:188} INFO - Uploaded /tmp/minio_downloads/sales_190310775859.parquet -> @sales stage
[2026-07-04T15:32:51.737+0000] {logging_mixin.py:188} INFO - Uploaded /tmp/minio_downloads/sales_190310869434.parquet -> @sales stage
[2026-07-04T15:32:52.229+0000] {logging_mixin.py:188} INFO - Uploaded /tmp/minio_downloads/sales_190310944263.parquet -> @sales stage
[2026-07-04T15:32:52.645+0000] {logging_mixin.py:188} INFO - Uploaded /tmp/minio_downloads/sales_190311022875.parquet -> @sales stage
[2026-07-04T15:32:53.049+0000] {logging_mixin.py:188} INFO - Uploaded /tmp/minio_downloads/sales_190311108483.parquet -> @sales stage
[2026-07-04T15:32:53.558+0000] {logging_mixin.py:188} INFO - Uploaded /tmp/minio_downloads/sales_190311186752.parquet -> @sales stage
[2026-07-04T15:32:53.965+0000] {logging_mixin.py:188} INFO - Uploaded /tmp/minio_downloads/sales_190311270125.parquet -> @sales stage
[2026-07-04T15:32:54.404+0000] {logging_mixin.py:188} INFO - Uploaded /tmp/minio_downloads/sales_190311372164.parquet -> @sales stage
[2026-07-04T15:32:54.794+0000] {logging_mixin.py:188} INFO - Uploaded /tmp/minio_downloads/sales_190311455636.parquet -> @sales stage
[2026-07-04T15:32:55.167+0000] {logging_mixin.py:188} INFO - Uploaded /tmp/minio_downloads/sales_190311534682.parquet -> @sales stage
[2026-07-04T15:32:55.547+0000] {logging_mixin.py:188} INFO - Uploaded /tmp/minio_downloads/sales_190311616394.parquet -> @sales stage
[2026-07-04T15:32:56.002+0000] {logging_mixin.py:188} INFO - Uploaded /tmp/minio_downloads/sales_190311692913.parquet -> @sales stage
[2026-07-04T15:32:56.429+0000] {logging_mixin.py:188} INFO - Uploaded /tmp/minio_downloads/sales_190311777684.parquet -> @sales stage
[2026-07-04T15:32:56.833+0000] {logging_mixin.py:188} INFO - Uploaded /tmp/minio_downloads/sales_190311865015.parquet -> @sales stage
[2026-07-04T15:32:57.760+0000] {logging_mixin.py:188} INFO - Uploaded /tmp/minio_downloads/sales_190311938755.parquet -> @sales stage
[2026-07-04T15:32:58.167+0000] {logging_mixin.py:188} INFO - Uploaded /tmp/minio_downloads/sales_190312018528.parquet -> @sales stage
[2026-07-04T15:32:58.648+0000] {logging_mixin.py:188} INFO - Uploaded /tmp/minio_downloads/sales_190312086958.parquet -> @sales stage
[2026-07-04T15:32:59.096+0000] {logging_mixin.py:188} INFO - Uploaded /tmp/minio_downloads/sales_190312176944.parquet -> @sales stage
[2026-07-04T15:32:59.499+0000] {logging_mixin.py:188} INFO - Uploaded /tmp/minio_downloads/sales_190312249240.parquet -> @sales stage
[2026-07-04T15:33:00.019+0000] {logging_mixin.py:188} INFO - Uploaded /tmp/minio_downloads/sales_190312339112.parquet -> @sales stage
[2026-07-04T15:33:00.426+0000] {logging_mixin.py:188} INFO - Uploaded /tmp/minio_downloads/sales_190312435109.parquet -> @sales stage
[2026-07-04T15:33:00.827+0000] {logging_mixin.py:188} INFO - Uploaded /tmp/minio_downloads/sales_190312506045.parquet -> @sales stage
[2026-07-04T15:33:01.271+0000] {logging_mixin.py:188} INFO - Uploaded /tmp/minio_downloads/sales_190312591034.parquet -> @sales stage
[2026-07-04T15:33:02.363+0000] {logging_mixin.py:188} INFO - Uploaded /tmp/minio_downloads/sales_190312673186.parquet -> @sales stage
[2026-07-04T15:33:02.738+0000] {logging_mixin.py:188} INFO - Uploaded /tmp/minio_downloads/sales_190312738939.parquet -> @sales stage
[2026-07-04T15:33:03.189+0000] {logging_mixin.py:188} INFO - Uploaded /tmp/minio_downloads/sales_190312823880.parquet -> @sales stage
[2026-07-04T15:33:03.594+0000] {logging_mixin.py:188} INFO - Uploaded /tmp/minio_downloads/sales_190312892449.parquet -> @sales stage
[2026-07-04T15:33:04.111+0000] {logging_mixin.py:188} INFO - Uploaded /tmp/minio_downloads/sales_190312967541.parquet -> @sales stage
[2026-07-04T15:33:04.520+0000] {logging_mixin.py:188} INFO - Uploaded /tmp/minio_downloads/sales_190313052785.parquet -> @sales stage
[2026-07-04T15:33:05.025+0000] {logging_mixin.py:188} INFO - Uploaded /tmp/minio_downloads/sales_190313138299.parquet -> @sales stage
[2026-07-04T15:33:05.441+0000] {logging_mixin.py:188} INFO - Uploaded /tmp/minio_downloads/sales_190313202978.parquet -> @sales stage
[2026-07-04T15:33:06.050+0000] {logging_mixin.py:188} INFO - Uploaded /tmp/minio_downloads/sales_190313283415.parquet -> @sales stage
[2026-07-04T15:33:06.464+0000] {logging_mixin.py:188} INFO - Uploaded /tmp/minio_downloads/sales_190313351571.parquet -> @sales stage
[2026-07-04T15:33:06.976+0000] {logging_mixin.py:188} INFO - Uploaded /tmp/minio_downloads/sales_190313428786.parquet -> @sales stage
[2026-07-04T15:33:07.486+0000] {logging_mixin.py:188} INFO - Uploaded /tmp/minio_downloads/sales_190313522483.parquet -> @sales stage
[2026-07-04T15:33:08.001+0000] {logging_mixin.py:188} INFO - Uploaded /tmp/minio_downloads/sales_190313600728.parquet -> @sales stage
[2026-07-04T15:33:08.413+0000] {logging_mixin.py:188} INFO - Uploaded /tmp/minio_downloads/sales_190313676024.parquet -> @sales stage
[2026-07-04T15:33:08.921+0000] {logging_mixin.py:188} INFO - Uploaded /tmp/minio_downloads/sales_190313744441.parquet -> @sales stage
[2026-07-04T15:33:09.533+0000] {logging_mixin.py:188} INFO - Uploaded /tmp/minio_downloads/sales_190313810782.parquet -> @sales stage
[2026-07-04T15:33:10.044+0000] {logging_mixin.py:188} INFO - Uploaded /tmp/minio_downloads/sales_190313881236.parquet -> @sales stage
[2026-07-04T15:33:10.454+0000] {logging_mixin.py:188} INFO - Uploaded /tmp/minio_downloads/sales_190313946368.parquet -> @sales stage
[2026-07-04T15:33:11.378+0000] {logging_mixin.py:188} INFO - Uploaded /tmp/minio_downloads/sales_190314021408.parquet -> @sales stage
[2026-07-04T15:33:11.888+0000] {logging_mixin.py:188} INFO - Uploaded /tmp/minio_downloads/sales_190314125907.parquet -> @sales stage
[2026-07-04T15:33:12.291+0000] {logging_mixin.py:188} INFO - Uploaded /tmp/minio_downloads/sales_190314207932.parquet -> @sales stage
[2026-07-04T15:33:12.708+0000] {logging_mixin.py:188} INFO - Uploaded /tmp/minio_downloads/sales_190314301229.parquet -> @sales stage
[2026-07-04T15:33:13.126+0000] {logging_mixin.py:188} INFO - Uploaded /tmp/minio_downloads/sales_190314389779.parquet -> @sales stage
[2026-07-04T15:33:13.630+0000] {logging_mixin.py:188} INFO - Uploaded /tmp/minio_downloads/sales_190314462159.parquet -> @sales stage
[2026-07-04T15:33:14.141+0000] {logging_mixin.py:188} INFO - Uploaded /tmp/minio_downloads/sales_190314532825.parquet -> @sales stage
[2026-07-04T15:33:14.540+0000] {logging_mixin.py:188} INFO - Uploaded /tmp/minio_downloads/sales_190314615313.parquet -> @sales stage
[2026-07-04T15:33:14.958+0000] {logging_mixin.py:188} INFO - Uploaded /tmp/minio_downloads/sales_190314702621.parquet -> @sales stage
[2026-07-04T15:33:15.362+0000] {logging_mixin.py:188} INFO - Uploaded /tmp/minio_downloads/sales_190314770467.parquet -> @sales stage
[2026-07-04T15:33:15.882+0000] {logging_mixin.py:188} INFO - Uploaded /tmp/minio_downloads/sales_190314853350.parquet -> @sales stage
[2026-07-04T15:33:16.392+0000] {logging_mixin.py:188} INFO - Uploaded /tmp/minio_downloads/sales_190314916603.parquet -> @sales stage
[2026-07-04T15:33:16.792+0000] {logging_mixin.py:188} INFO - Uploaded /tmp/minio_downloads/sales_190314994268.parquet -> @sales stage
[2026-07-04T15:33:17.164+0000] {logging_mixin.py:188} INFO - Uploaded /tmp/minio_downloads/sales_190315062289.parquet -> @sales stage
[2026-07-04T15:33:17.611+0000] {logging_mixin.py:188} INFO - Uploaded /tmp/minio_downloads/sales_190315134202.parquet -> @sales stage
[2026-07-04T15:33:18.250+0000] {logging_mixin.py:188} INFO - Uploaded /tmp/minio_downloads/sales_190315222399.parquet -> @sales stage
[2026-07-04T15:33:18.746+0000] {logging_mixin.py:188} INFO - Uploaded /tmp/minio_downloads/sales_190315305532.parquet -> @sales stage
[2026-07-04T15:33:19.203+0000] {logging_mixin.py:188} INFO - Uploaded /tmp/minio_downloads/sales_190315384878.parquet -> @sales stage
[2026-07-04T15:33:19.670+0000] {logging_mixin.py:188} INFO - Uploaded /tmp/minio_downloads/sales_190315448855.parquet -> @sales stage
[2026-07-04T15:33:20.133+0000] {logging_mixin.py:188} INFO - Uploaded /tmp/minio_downloads/sales_190315525054.parquet -> @sales stage
[2026-07-04T15:33:20.555+0000] {logging_mixin.py:188} INFO - Uploaded /tmp/minio_downloads/sales_190315598402.parquet -> @sales stage
[2026-07-04T15:33:20.999+0000] {logging_mixin.py:188} INFO - Uploaded /tmp/minio_downloads/sales_190315671119.parquet -> @sales stage
[2026-07-04T15:33:21.507+0000] {logging_mixin.py:188} INFO - Uploaded /tmp/minio_downloads/sales_190315756658.parquet -> @sales stage
[2026-07-04T15:33:21.925+0000] {logging_mixin.py:188} INFO - Uploaded /tmp/minio_downloads/sales_190315834267.parquet -> @sales stage
[2026-07-04T15:33:22.322+0000] {logging_mixin.py:188} INFO - Uploaded /tmp/minio_downloads/sales_190315900439.parquet -> @sales stage
[2026-07-04T15:33:22.738+0000] {logging_mixin.py:188} INFO - Uploaded /tmp/minio_downloads/sales_190315967927.parquet -> @sales stage
[2026-07-04T15:33:23.148+0000] {logging_mixin.py:188} INFO - Uploaded /tmp/minio_downloads/sales_190316044225.parquet -> @sales stage
[2026-07-04T15:33:23.520+0000] {logging_mixin.py:188} INFO - Uploaded /tmp/minio_downloads/sales_190316120790.parquet -> @sales stage
[2026-07-04T15:33:23.969+0000] {logging_mixin.py:188} INFO - Uploaded /tmp/minio_downloads/sales_190316199622.parquet -> @sales stage
[2026-07-04T15:33:24.383+0000] {logging_mixin.py:188} INFO - Uploaded /tmp/minio_downloads/sales_190316285403.parquet -> @sales stage
[2026-07-04T15:33:24.897+0000] {logging_mixin.py:188} INFO - Uploaded /tmp/minio_downloads/sales_190316386069.parquet -> @sales stage
[2026-07-04T15:33:25.405+0000] {logging_mixin.py:188} INFO - Uploaded /tmp/minio_downloads/sales_190316496846.parquet -> @sales stage
[2026-07-04T15:33:25.827+0000] {logging_mixin.py:188} INFO - Uploaded /tmp/minio_downloads/sales_190316588467.parquet -> @sales stage
[2026-07-04T15:33:26.329+0000] {logging_mixin.py:188} INFO - Uploaded /tmp/minio_downloads/sales_190316671841.parquet -> @sales stage
[2026-07-04T15:33:26.837+0000] {logging_mixin.py:188} INFO - Uploaded /tmp/minio_downloads/sales_190316837501.parquet -> @sales stage
[2026-07-04T15:33:27.251+0000] {logging_mixin.py:188} INFO - Uploaded /tmp/minio_downloads/sales_190316932961.parquet -> @sales stage
[2026-07-04T15:33:27.759+0000] {logging_mixin.py:188} INFO - Uploaded /tmp/minio_downloads/sales_190317032513.parquet -> @sales stage
[2026-07-04T15:33:28.169+0000] {logging_mixin.py:188} INFO - Uploaded /tmp/minio_downloads/sales_190317115404.parquet -> @sales stage
[2026-07-04T15:33:28.657+0000] {logging_mixin.py:188} INFO - Uploaded /tmp/minio_downloads/sales_190317202729.parquet -> @sales stage
[2026-07-04T15:33:29.050+0000] {logging_mixin.py:188} INFO - Uploaded /tmp/minio_downloads/sales_190317290138.parquet -> @sales stage
[2026-07-04T15:33:29.500+0000] {logging_mixin.py:188} INFO - Uploaded /tmp/minio_downloads/sales_190317369739.parquet -> @sales stage
[2026-07-04T15:33:29.879+0000] {logging_mixin.py:188} INFO - Uploaded /tmp/minio_downloads/sales_190317444489.parquet -> @sales stage
[2026-07-04T15:33:30.304+0000] {logging_mixin.py:188} INFO - Uploaded /tmp/minio_downloads/sales_190317536261.parquet -> @sales stage
[2026-07-04T15:33:30.682+0000] {logging_mixin.py:188} INFO - Uploaded /tmp/minio_downloads/sales_190317620769.parquet -> @sales stage
[2026-07-04T15:33:31.086+0000] {logging_mixin.py:188} INFO - Uploaded /tmp/minio_downloads/sales_190317720996.parquet -> @sales stage
[2026-07-04T15:33:31.495+0000] {logging_mixin.py:188} INFO - Uploaded /tmp/minio_downloads/sales_190317818387.parquet -> @sales stage
[2026-07-04T15:33:31.868+0000] {logging_mixin.py:188} INFO - Uploaded /tmp/minio_downloads/sales_190317958796.parquet -> @sales stage
[2026-07-04T15:33:32.303+0000] {logging_mixin.py:188} INFO - Uploaded /tmp/minio_downloads/sales_190318083212.parquet -> @sales stage
[2026-07-04T15:33:32.701+0000] {logging_mixin.py:188} INFO - Uploaded /tmp/minio_downloads/sales_190318203159.parquet -> @sales stage
[2026-07-04T15:33:33.086+0000] {logging_mixin.py:188} INFO - Uploaded /tmp/minio_downloads/sales_190318303212.parquet -> @sales stage
[2026-07-04T15:33:33.773+0000] {logging_mixin.py:188} INFO - Uploaded /tmp/minio_downloads/sales_190318422501.parquet -> @sales stage
[2026-07-04T15:33:34.139+0000] {logging_mixin.py:188} INFO - Uploaded /tmp/minio_downloads/sales_190318497821.parquet -> @sales stage
[2026-07-04T15:33:34.508+0000] {logging_mixin.py:188} INFO - Uploaded /tmp/minio_downloads/sales_190318577198.parquet -> @sales stage
[2026-07-04T15:33:34.927+0000] {logging_mixin.py:188} INFO - Uploaded /tmp/minio_downloads/sales_190318663562.parquet -> @sales stage
[2026-07-04T15:33:35.346+0000] {logging_mixin.py:188} INFO - Uploaded /tmp/minio_downloads/sales_190318766055.parquet -> @sales stage
[2026-07-04T15:33:35.719+0000] {logging_mixin.py:188} INFO - Uploaded /tmp/minio_downloads/sales_190318893780.parquet -> @sales stage
[2026-07-04T15:33:36.096+0000] {logging_mixin.py:188} INFO - Uploaded /tmp/minio_downloads/sales_190319029376.parquet -> @sales stage
[2026-07-04T15:33:36.459+0000] {logging_mixin.py:188} INFO - Uploaded /tmp/minio_downloads/sales_190319164069.parquet -> @sales stage
[2026-07-04T15:33:36.867+0000] {logging_mixin.py:188} INFO - Uploaded /tmp/minio_downloads/sales_190319293065.parquet -> @sales stage
[2026-07-04T15:33:37.258+0000] {logging_mixin.py:188} INFO - Uploaded /tmp/minio_downloads/sales_190319405413.parquet -> @sales stage
[2026-07-04T15:33:37.619+0000] {logging_mixin.py:188} INFO - Uploaded /tmp/minio_downloads/sales_190319534830.parquet -> @sales stage
[2026-07-04T15:33:38.008+0000] {logging_mixin.py:188} INFO - Uploaded /tmp/minio_downloads/sales_190319656362.parquet -> @sales stage
[2026-07-04T15:33:38.397+0000] {logging_mixin.py:188} INFO - Uploaded /tmp/minio_downloads/sales_190319791294.parquet -> @sales stage
[2026-07-04T15:33:38.766+0000] {logging_mixin.py:188} INFO - Uploaded /tmp/minio_downloads/sales_190319958966.parquet -> @sales stage
[2026-07-04T15:33:39.126+0000] {logging_mixin.py:188} INFO - Uploaded /tmp/minio_downloads/sales_190320081588.parquet -> @sales stage
[2026-07-04T15:33:39.514+0000] {logging_mixin.py:188} INFO - Uploaded /tmp/minio_downloads/sales_190320195202.parquet -> @sales stage
[2026-07-04T15:33:39.899+0000] {logging_mixin.py:188} INFO - Uploaded /tmp/minio_downloads/sales_190320292249.parquet -> @sales stage
[2026-07-04T15:33:40.331+0000] {logging_mixin.py:188} INFO - Uploaded /tmp/minio_downloads/sales_190320441032.parquet -> @sales stage
[2026-07-04T15:33:40.729+0000] {logging_mixin.py:188} INFO - Uploaded /tmp/minio_downloads/sales_190320614651.parquet -> @sales stage
[2026-07-04T15:33:41.113+0000] {logging_mixin.py:188} INFO - Uploaded /tmp/minio_downloads/sales_190320821852.parquet -> @sales stage
[2026-07-04T15:33:41.482+0000] {logging_mixin.py:188} INFO - Uploaded /tmp/minio_downloads/sales_190321005598.parquet -> @sales stage
[2026-07-04T15:33:41.842+0000] {logging_mixin.py:188} INFO - Uploaded /tmp/minio_downloads/sales_190321144036.parquet -> @sales stage
[2026-07-04T15:33:42.209+0000] {logging_mixin.py:188} INFO - Uploaded /tmp/minio_downloads/sales_190321245973.parquet -> @sales stage
[2026-07-04T15:33:42.613+0000] {logging_mixin.py:188} INFO - Uploaded /tmp/minio_downloads/sales_190321335294.parquet -> @sales stage
[2026-07-04T15:33:42.977+0000] {logging_mixin.py:188} INFO - Uploaded /tmp/minio_downloads/sales_190321447422.parquet -> @sales stage
[2026-07-04T15:33:43.368+0000] {logging_mixin.py:188} INFO - Uploaded /tmp/minio_downloads/sales_190321569076.parquet -> @sales stage
[2026-07-04T15:33:43.737+0000] {logging_mixin.py:188} INFO - Uploaded /tmp/minio_downloads/sales_190321692742.parquet -> @sales stage
[2026-07-04T15:33:44.100+0000] {logging_mixin.py:188} INFO - Uploaded /tmp/minio_downloads/sales_190321812714.parquet -> @sales stage
[2026-07-04T15:33:44.465+0000] {logging_mixin.py:188} INFO - Uploaded /tmp/minio_downloads/sales_190321955957.parquet -> @sales stage
[2026-07-04T15:33:44.823+0000] {logging_mixin.py:188} INFO - Uploaded /tmp/minio_downloads/sales_190322124356.parquet -> @sales stage
[2026-07-04T15:33:45.190+0000] {logging_mixin.py:188} INFO - Uploaded /tmp/minio_downloads/sales_190322276951.parquet -> @sales stage
[2026-07-04T15:33:45.932+0000] {logging_mixin.py:188} INFO - Uploaded /tmp/minio_downloads/sales_190322405573.parquet -> @sales stage
[2026-07-04T15:33:46.312+0000] {logging_mixin.py:188} INFO - Uploaded /tmp/minio_downloads/sales_190322522197.parquet -> @sales stage
[2026-07-04T15:33:46.717+0000] {logging_mixin.py:188} INFO - Uploaded /tmp/minio_downloads/sales_190322631010.parquet -> @sales stage
[2026-07-04T15:33:47.091+0000] {logging_mixin.py:188} INFO - Uploaded /tmp/minio_downloads/sales_190322734044.parquet -> @sales stage
[2026-07-04T15:33:47.484+0000] {logging_mixin.py:188} INFO - Uploaded /tmp/minio_downloads/sales_190322854080.parquet -> @sales stage
[2026-07-04T15:33:47.856+0000] {logging_mixin.py:188} INFO - Uploaded /tmp/minio_downloads/sales_190322962032.parquet -> @sales stage
[2026-07-04T15:33:48.233+0000] {logging_mixin.py:188} INFO - Uploaded /tmp/minio_downloads/sales_190323070834.parquet -> @sales stage
[2026-07-04T15:33:48.672+0000] {logging_mixin.py:188} INFO - Uploaded /tmp/minio_downloads/sales_190323177890.parquet -> @sales stage
[2026-07-04T15:33:50.342+0000] {logging_mixin.py:188} INFO - Uploaded /tmp/minio_downloads/sales_190323271601.parquet -> @sales stage
[2026-07-04T15:33:50.727+0000] {logging_mixin.py:188} INFO - Uploaded /tmp/minio_downloads/sales_190323357431.parquet -> @sales stage
[2026-07-04T15:33:51.108+0000] {logging_mixin.py:188} INFO - Uploaded /tmp/minio_downloads/sales_190323451725.parquet -> @sales stage
[2026-07-04T15:33:51.481+0000] {logging_mixin.py:188} INFO - Uploaded /tmp/minio_downloads/sales_190323525693.parquet -> @sales stage
[2026-07-04T15:33:51.848+0000] {logging_mixin.py:188} INFO - Uploaded /tmp/minio_downloads/sales_190323612373.parquet -> @sales stage
[2026-07-04T15:33:52.249+0000] {logging_mixin.py:188} INFO - Uploaded /tmp/minio_downloads/sales_190323682158.parquet -> @sales stage
[2026-07-04T15:33:52.624+0000] {logging_mixin.py:188} INFO - Uploaded /tmp/minio_downloads/sales_190323761136.parquet -> @sales stage
[2026-07-04T15:33:52.995+0000] {logging_mixin.py:188} INFO - Uploaded /tmp/minio_downloads/sales_190323865264.parquet -> @sales stage
[2026-07-04T15:33:53.358+0000] {logging_mixin.py:188} INFO - Uploaded /tmp/minio_downloads/sales_190323957703.parquet -> @sales stage
[2026-07-04T15:33:53.763+0000] {logging_mixin.py:188} INFO - Uploaded /tmp/minio_downloads/sales_190324052118.parquet -> @sales stage
[2026-07-04T15:33:54.182+0000] {logging_mixin.py:188} INFO - Uploaded /tmp/minio_downloads/sales_190324140876.parquet -> @sales stage
[2026-07-04T15:33:54.567+0000] {logging_mixin.py:188} INFO - Uploaded /tmp/minio_downloads/sales_190324215639.parquet -> @sales stage
[2026-07-04T15:33:54.994+0000] {logging_mixin.py:188} INFO - Uploaded /tmp/minio_downloads/sales_190324290292.parquet -> @sales stage
[2026-07-04T15:33:55.519+0000] {logging_mixin.py:188} INFO - Uploaded /tmp/minio_downloads/sales_190324379484.parquet -> @sales stage
[2026-07-04T15:33:55.911+0000] {logging_mixin.py:188} INFO - Uploaded /tmp/minio_downloads/sales_190324452640.parquet -> @sales stage
[2026-07-04T15:33:56.336+0000] {logging_mixin.py:188} INFO - Uploaded /tmp/minio_downloads/sales_190324540249.parquet -> @sales stage
[2026-07-04T15:33:56.717+0000] {logging_mixin.py:188} INFO - Uploaded /tmp/minio_downloads/sales_190324630578.parquet -> @sales stage
[2026-07-04T15:33:57.139+0000] {logging_mixin.py:188} INFO - Uploaded /tmp/minio_downloads/sales_190324697107.parquet -> @sales stage
[2026-07-04T15:33:57.527+0000] {logging_mixin.py:188} INFO - Uploaded /tmp/minio_downloads/sales_190324778024.parquet -> @sales stage
[2026-07-04T15:33:58.377+0000] {logging_mixin.py:188} INFO - Uploaded /tmp/minio_downloads/sales_190324849396.parquet -> @sales stage
[2026-07-04T15:33:58.896+0000] {logging_mixin.py:188} INFO - Uploaded /tmp/minio_downloads/sales_190324922715.parquet -> @sales stage
[2026-07-04T15:33:59.327+0000] {logging_mixin.py:188} INFO - Uploaded /tmp/minio_downloads/sales_190325007218.parquet -> @sales stage
[2026-07-04T15:33:59.809+0000] {logging_mixin.py:188} INFO - Uploaded /tmp/minio_downloads/sales_190325091372.parquet -> @sales stage
[2026-07-04T15:34:00.177+0000] {logging_mixin.py:188} INFO - Uploaded /tmp/minio_downloads/sales_190325172113.parquet -> @sales stage
[2026-07-04T15:34:00.631+0000] {logging_mixin.py:188} INFO - Uploaded /tmp/minio_downloads/sales_190325251329.parquet -> @sales stage
[2026-07-04T15:34:01.024+0000] {logging_mixin.py:188} INFO - Uploaded /tmp/minio_downloads/sales_190325337221.parquet -> @sales stage
[2026-07-04T15:34:01.421+0000] {logging_mixin.py:188} INFO - Uploaded /tmp/minio_downloads/sales_190325407729.parquet -> @sales stage
[2026-07-04T15:34:01.863+0000] {logging_mixin.py:188} INFO - Uploaded /tmp/minio_downloads/sales_190325480275.parquet -> @sales stage
[2026-07-04T15:34:02.251+0000] {logging_mixin.py:188} INFO - Uploaded /tmp/minio_downloads/sales_190325593968.parquet -> @sales stage
[2026-07-04T15:34:02.687+0000] {logging_mixin.py:188} INFO - Uploaded /tmp/minio_downloads/sales_190325680967.parquet -> @sales stage
[2026-07-04T15:34:03.080+0000] {logging_mixin.py:188} INFO - Uploaded /tmp/minio_downloads/sales_190325760327.parquet -> @sales stage
[2026-07-04T15:34:03.548+0000] {logging_mixin.py:188} INFO - Uploaded /tmp/minio_downloads/sales_190325830149.parquet -> @sales stage
[2026-07-04T15:34:04.017+0000] {logging_mixin.py:188} INFO - Uploaded /tmp/minio_downloads/sales_190325911411.parquet -> @sales stage
[2026-07-04T15:34:04.421+0000] {logging_mixin.py:188} INFO - Uploaded /tmp/minio_downloads/sales_190325991430.parquet -> @sales stage
[2026-07-04T15:34:04.936+0000] {logging_mixin.py:188} INFO - Uploaded /tmp/minio_downloads/sales_190326145224.parquet -> @sales stage
[2026-07-04T15:34:05.336+0000] {logging_mixin.py:188} INFO - Uploaded /tmp/minio_downloads/sales_190326264771.parquet -> @sales stage
[2026-07-04T15:34:05.753+0000] {logging_mixin.py:188} INFO - Uploaded /tmp/minio_downloads/sales_190326415588.parquet -> @sales stage
[2026-07-04T15:34:06.168+0000] {logging_mixin.py:188} INFO - Uploaded /tmp/minio_downloads/sales_190326569419.parquet -> @sales stage
[2026-07-04T15:34:06.576+0000] {logging_mixin.py:188} INFO - Uploaded /tmp/minio_downloads/sales_190326716064.parquet -> @sales stage
[2026-07-04T15:34:06.974+0000] {logging_mixin.py:188} INFO - Uploaded /tmp/minio_downloads/sales_190326865197.parquet -> @sales stage
[2026-07-04T15:34:07.498+0000] {logging_mixin.py:188} INFO - Uploaded /tmp/minio_downloads/sales_190326985132.parquet -> @sales stage
[2026-07-04T15:34:08.008+0000] {logging_mixin.py:188} INFO - Uploaded /tmp/minio_downloads/sales_190327070034.parquet -> @sales stage
[2026-07-04T15:34:08.395+0000] {logging_mixin.py:188} INFO - Uploaded /tmp/minio_downloads/sales_190327157825.parquet -> @sales stage
[2026-07-04T15:34:08.761+0000] {logging_mixin.py:188} INFO - Uploaded /tmp/minio_downloads/sales_190327259393.parquet -> @sales stage
[2026-07-04T15:34:09.235+0000] {logging_mixin.py:188} INFO - Uploaded /tmp/minio_downloads/sales_190327369018.parquet -> @sales stage
[2026-07-04T15:34:09.642+0000] {logging_mixin.py:188} INFO - Uploaded /tmp/minio_downloads/sales_190327472667.parquet -> @sales stage
[2026-07-04T15:34:10.039+0000] {logging_mixin.py:188} INFO - Uploaded /tmp/minio_downloads/sales_190327569332.parquet -> @sales stage
[2026-07-04T15:34:10.458+0000] {logging_mixin.py:188} INFO - Uploaded /tmp/minio_downloads/sales_190327658817.parquet -> @sales stage
[2026-07-04T15:34:10.975+0000] {logging_mixin.py:188} INFO - Uploaded /tmp/minio_downloads/sales_190327761703.parquet -> @sales stage
[2026-07-04T15:34:11.487+0000] {logging_mixin.py:188} INFO - Uploaded /tmp/minio_downloads/sales_190327867167.parquet -> @sales stage
[2026-07-04T15:34:12.001+0000] {logging_mixin.py:188} INFO - Uploaded /tmp/minio_downloads/sales_190327943895.parquet -> @sales stage
[2026-07-04T15:34:12.403+0000] {logging_mixin.py:188} INFO - Uploaded /tmp/minio_downloads/sales_190328024849.parquet -> @sales stage
[2026-07-04T15:34:12.823+0000] {logging_mixin.py:188} INFO - Uploaded /tmp/minio_downloads/sales_190328130177.parquet -> @sales stage
[2026-07-04T15:34:13.223+0000] {logging_mixin.py:188} INFO - Uploaded /tmp/minio_downloads/sales_190328263538.parquet -> @sales stage
[2026-07-04T15:34:13.637+0000] {logging_mixin.py:188} INFO - Uploaded /tmp/minio_downloads/sales_190328349303.parquet -> @sales stage
[2026-07-04T15:34:14.146+0000] {logging_mixin.py:188} INFO - Uploaded /tmp/minio_downloads/sales_190328460524.parquet -> @sales stage
[2026-07-04T15:34:14.618+0000] {logging_mixin.py:188} INFO - Uploaded /tmp/minio_downloads/sales_190328677970.parquet -> @sales stage
[2026-07-04T15:34:15.068+0000] {logging_mixin.py:188} INFO - Uploaded /tmp/minio_downloads/sales_190329070051.parquet -> @sales stage
[2026-07-04T15:34:15.448+0000] {logging_mixin.py:188} INFO - Uploaded /tmp/minio_downloads/sales_190329279301.parquet -> @sales stage
[2026-07-04T15:34:15.886+0000] {logging_mixin.py:188} INFO - Uploaded /tmp/minio_downloads/sales_190329460841.parquet -> @sales stage
[2026-07-04T15:34:16.404+0000] {logging_mixin.py:188} INFO - Uploaded /tmp/minio_downloads/sales_190329587761.parquet -> @sales stage
[2026-07-04T15:34:16.914+0000] {logging_mixin.py:188} INFO - Uploaded /tmp/minio_downloads/sales_190330061924.parquet -> @sales stage
[2026-07-04T15:34:17.426+0000] {logging_mixin.py:188} INFO - Uploaded /tmp/minio_downloads/sales_190330206590.parquet -> @sales stage
[2026-07-04T15:34:17.939+0000] {logging_mixin.py:188} INFO - Uploaded /tmp/minio_downloads/sales_190330329166.parquet -> @sales stage
[2026-07-04T15:34:18.310+0000] {logging_mixin.py:188} INFO - Uploaded /tmp/minio_downloads/sales_190330440269.parquet -> @sales stage
[2026-07-04T15:34:18.744+0000] {logging_mixin.py:188} INFO - Uploaded /tmp/minio_downloads/sales_190330522333.parquet -> @sales stage
[2026-07-04T15:34:19.163+0000] {logging_mixin.py:188} INFO - Uploaded /tmp/minio_downloads/sales_190330636917.parquet -> @sales stage
[2026-07-04T15:34:19.677+0000] {logging_mixin.py:188} INFO - Uploaded /tmp/minio_downloads/sales_190330733877.parquet -> @sales stage
[2026-07-04T15:34:20.094+0000] {logging_mixin.py:188} INFO - Uploaded /tmp/minio_downloads/sales_190330833934.parquet -> @sales stage
[2026-07-04T15:34:20.600+0000] {logging_mixin.py:188} INFO - Uploaded /tmp/minio_downloads/sales_190330939357.parquet -> @sales stage
[2026-07-04T15:34:20.969+0000] {logging_mixin.py:188} INFO - Uploaded /tmp/minio_downloads/sales_190331055363.parquet -> @sales stage
[2026-07-04T15:34:21.421+0000] {logging_mixin.py:188} INFO - Uploaded /tmp/minio_downloads/sales_190331160924.parquet -> @sales stage
[2026-07-04T15:34:21.818+0000] {logging_mixin.py:188} INFO - Uploaded /tmp/minio_downloads/sales_190331256452.parquet -> @sales stage
[2026-07-04T15:34:22.235+0000] {logging_mixin.py:188} INFO - Uploaded /tmp/minio_downloads/sales_190331371507.parquet -> @sales stage
[2026-07-04T15:34:22.746+0000] {logging_mixin.py:188} INFO - Uploaded /tmp/minio_downloads/sales_190331463546.parquet -> @sales stage
[2026-07-04T15:34:23.156+0000] {logging_mixin.py:188} INFO - Uploaded /tmp/minio_downloads/sales_190331559912.parquet -> @sales stage
[2026-07-04T15:34:23.674+0000] {logging_mixin.py:188} INFO - Uploaded /tmp/minio_downloads/sales_190331660116.parquet -> @sales stage
[2026-07-04T15:34:24.071+0000] {logging_mixin.py:188} INFO - Uploaded /tmp/minio_downloads/sales_190331745786.parquet -> @sales stage
[2026-07-04T15:34:24.496+0000] {logging_mixin.py:188} INFO - Uploaded /tmp/minio_downloads/sales_190331834075.parquet -> @sales stage
[2026-07-04T15:34:24.904+0000] {logging_mixin.py:188} INFO - Uploaded /tmp/minio_downloads/sales_190331919180.parquet -> @sales stage
[2026-07-04T15:34:25.412+0000] {logging_mixin.py:188} INFO - Uploaded /tmp/minio_downloads/sales_190332050913.parquet -> @sales stage
[2026-07-04T15:34:25.820+0000] {logging_mixin.py:188} INFO - Uploaded /tmp/minio_downloads/sales_190332254691.parquet -> @sales stage
[2026-07-04T15:34:26.311+0000] {logging_mixin.py:188} INFO - Uploaded /tmp/minio_downloads/sales_190332362399.parquet -> @sales stage
[2026-07-04T15:34:26.751+0000] {logging_mixin.py:188} INFO - Uploaded /tmp/minio_downloads/sales_190332457606.parquet -> @sales stage
[2026-07-04T15:34:27.149+0000] {logging_mixin.py:188} INFO - Uploaded /tmp/minio_downloads/sales_190332545736.parquet -> @sales stage
[2026-07-04T15:34:27.565+0000] {logging_mixin.py:188} INFO - Uploaded /tmp/minio_downloads/sales_190332624652.parquet -> @sales stage
[2026-07-04T15:34:28.075+0000] {logging_mixin.py:188} INFO - Uploaded /tmp/minio_downloads/sales_190332701228.parquet -> @sales stage
[2026-07-04T15:34:28.453+0000] {logging_mixin.py:188} INFO - Uploaded /tmp/minio_downloads/sales_190332797019.parquet -> @sales stage
[2026-07-04T15:34:28.827+0000] {logging_mixin.py:188} INFO - Uploaded /tmp/minio_downloads/sales_190332880970.parquet -> @sales stage
[2026-07-04T15:34:29.230+0000] {logging_mixin.py:188} INFO - Uploaded /tmp/minio_downloads/sales_190332952741.parquet -> @sales stage
[2026-07-04T15:34:29.597+0000] {logging_mixin.py:188} INFO - Uploaded /tmp/minio_downloads/sales_190333020537.parquet -> @sales stage
[2026-07-04T15:34:29.978+0000] {logging_mixin.py:188} INFO - Uploaded /tmp/minio_downloads/sales_190333083320.parquet -> @sales stage
[2026-07-04T15:34:30.375+0000] {logging_mixin.py:188} INFO - Uploaded /tmp/minio_downloads/sales_190333144047.parquet -> @sales stage
[2026-07-04T15:34:30.758+0000] {logging_mixin.py:188} INFO - Uploaded /tmp/minio_downloads/sales_190333199765.parquet -> @sales stage
[2026-07-04T15:34:31.170+0000] {logging_mixin.py:188} INFO - Uploaded /tmp/minio_downloads/sales_190333270436.parquet -> @sales stage
[2026-07-04T15:34:31.663+0000] {logging_mixin.py:188} INFO - Uploaded /tmp/minio_downloads/sales_190333333810.parquet -> @sales stage
[2026-07-04T15:34:32.080+0000] {logging_mixin.py:188} INFO - Uploaded /tmp/minio_downloads/sales_190333400404.parquet -> @sales stage
[2026-07-04T15:34:32.478+0000] {logging_mixin.py:188} INFO - Uploaded /tmp/minio_downloads/sales_190333477650.parquet -> @sales stage
[2026-07-04T15:34:32.856+0000] {logging_mixin.py:188} INFO - Uploaded /tmp/minio_downloads/sales_190333552247.parquet -> @sales stage
[2026-07-04T15:34:33.227+0000] {logging_mixin.py:188} INFO - Uploaded /tmp/minio_downloads/sales_190333622918.parquet -> @sales stage
[2026-07-04T15:34:33.706+0000] {logging_mixin.py:188} INFO - Uploaded /tmp/minio_downloads/sales_190333682824.parquet -> @sales stage
[2026-07-04T15:34:34.122+0000] {logging_mixin.py:188} INFO - Uploaded /tmp/minio_downloads/sales_190333754981.parquet -> @sales stage
[2026-07-04T15:34:34.628+0000] {logging_mixin.py:188} INFO - Uploaded /tmp/minio_downloads/sales_190333826193.parquet -> @sales stage
[2026-07-04T15:34:35.030+0000] {logging_mixin.py:188} INFO - Uploaded /tmp/minio_downloads/sales_190333905515.parquet -> @sales stage
[2026-07-04T15:34:35.448+0000] {logging_mixin.py:188} INFO - Uploaded /tmp/minio_downloads/sales_190333965943.parquet -> @sales stage
[2026-07-04T15:34:35.842+0000] {logging_mixin.py:188} INFO - Uploaded /tmp/minio_downloads/sales_190334049437.parquet -> @sales stage
[2026-07-04T15:34:36.197+0000] {logging_mixin.py:188} INFO - Uploaded /tmp/minio_downloads/sales_190334100354.parquet -> @sales stage
[2026-07-04T15:34:36.677+0000] {logging_mixin.py:188} INFO - Uploaded /tmp/minio_downloads/sales_190334165632.parquet -> @sales stage
[2026-07-04T15:34:37.091+0000] {logging_mixin.py:188} INFO - Uploaded /tmp/minio_downloads/sales_190334229413.parquet -> @sales stage
[2026-07-04T15:34:37.473+0000] {logging_mixin.py:188} INFO - Uploaded /tmp/minio_downloads/sales_190334285481.parquet -> @sales stage
[2026-07-04T15:34:37.978+0000] {logging_mixin.py:188} INFO - Uploaded /tmp/minio_downloads/sales_190334358927.parquet -> @sales stage
[2026-07-04T15:34:38.367+0000] {logging_mixin.py:188} INFO - Uploaded /tmp/minio_downloads/sales_190334440249.parquet -> @sales stage
[2026-07-04T15:34:38.814+0000] {logging_mixin.py:188} INFO - Uploaded /tmp/minio_downloads/sales_190334522418.parquet -> @sales stage
[2026-07-04T15:34:39.207+0000] {logging_mixin.py:188} INFO - Uploaded /tmp/minio_downloads/sales_190334585994.parquet -> @sales stage
[2026-07-04T15:34:39.642+0000] {logging_mixin.py:188} INFO - Uploaded /tmp/minio_downloads/sales_190334664617.parquet -> @sales stage
[2026-07-04T15:34:40.160+0000] {logging_mixin.py:188} INFO - Uploaded /tmp/minio_downloads/sales_190334728168.parquet -> @sales stage
[2026-07-04T15:34:40.651+0000] {logging_mixin.py:188} INFO - Uploaded /tmp/minio_downloads/sales_190334791724.parquet -> @sales stage
[2026-07-04T15:34:41.038+0000] {logging_mixin.py:188} INFO - Uploaded /tmp/minio_downloads/sales_190334864076.parquet -> @sales stage
[2026-07-04T15:34:41.432+0000] {logging_mixin.py:188} INFO - Uploaded /tmp/minio_downloads/sales_190334928952.parquet -> @sales stage
[2026-07-04T15:34:41.895+0000] {logging_mixin.py:188} INFO - Uploaded /tmp/minio_downloads/sales_190335007650.parquet -> @sales stage
[2026-07-04T15:34:42.309+0000] {logging_mixin.py:188} INFO - Uploaded /tmp/minio_downloads/sales_190335080378.parquet -> @sales stage
[2026-07-04T15:34:42.684+0000] {logging_mixin.py:188} INFO - Uploaded /tmp/minio_downloads/sales_190335146172.parquet -> @sales stage
[2026-07-04T15:34:43.128+0000] {logging_mixin.py:188} INFO - Uploaded /tmp/minio_downloads/sales_190335204534.parquet -> @sales stage
[2026-07-04T15:34:43.511+0000] {logging_mixin.py:188} INFO - Uploaded /tmp/minio_downloads/sales_190335269136.parquet -> @sales stage
[2026-07-04T15:34:43.905+0000] {logging_mixin.py:188} INFO - Uploaded /tmp/minio_downloads/sales_190335331935.parquet -> @sales stage
[2026-07-04T15:34:44.359+0000] {logging_mixin.py:188} INFO - Uploaded /tmp/minio_downloads/sales_190335389736.parquet -> @sales stage
[2026-07-04T15:34:44.766+0000] {logging_mixin.py:188} INFO - Uploaded /tmp/minio_downloads/sales_190335461164.parquet -> @sales stage
[2026-07-04T15:34:45.173+0000] {logging_mixin.py:188} INFO - Uploaded /tmp/minio_downloads/sales_190335556921.parquet -> @sales stage
[2026-07-04T15:34:45.655+0000] {logging_mixin.py:188} INFO - Uploaded /tmp/minio_downloads/sales_190335644480.parquet -> @sales stage
[2026-07-04T15:34:46.056+0000] {logging_mixin.py:188} INFO - Uploaded /tmp/minio_downloads/sales_190335725664.parquet -> @sales stage
[2026-07-04T15:34:46.513+0000] {logging_mixin.py:188} INFO - Uploaded /tmp/minio_downloads/sales_190335882276.parquet -> @sales stage
[2026-07-04T15:34:46.918+0000] {logging_mixin.py:188} INFO - Uploaded /tmp/minio_downloads/sales_190335972459.parquet -> @sales stage
[2026-07-04T15:34:47.429+0000] {logging_mixin.py:188} INFO - Uploaded /tmp/minio_downloads/sales_190336058985.parquet -> @sales stage
[2026-07-04T15:34:47.945+0000] {logging_mixin.py:188} INFO - Uploaded /tmp/minio_downloads/sales_190336131146.parquet -> @sales stage
[2026-07-04T15:34:48.357+0000] {logging_mixin.py:188} INFO - Uploaded /tmp/minio_downloads/sales_190336222444.parquet -> @sales stage
[2026-07-04T15:34:48.864+0000] {logging_mixin.py:188} INFO - Uploaded /tmp/minio_downloads/sales_190336284489.parquet -> @sales stage
[2026-07-04T15:34:49.769+0000] {logging_mixin.py:188} INFO - Uploaded /tmp/minio_downloads/sales_190336359999.parquet -> @sales stage
[2026-07-04T15:34:50.194+0000] {logging_mixin.py:188} INFO - Uploaded /tmp/minio_downloads/sales_190336424251.parquet -> @sales stage
[2026-07-04T15:34:50.580+0000] {logging_mixin.py:188} INFO - Uploaded /tmp/minio_downloads/sales_190336501004.parquet -> @sales stage
[2026-07-04T15:34:50.978+0000] {logging_mixin.py:188} INFO - Uploaded /tmp/minio_downloads/sales_190336589607.parquet -> @sales stage
[2026-07-04T15:34:51.426+0000] {logging_mixin.py:188} INFO - Uploaded /tmp/minio_downloads/sales_190336648928.parquet -> @sales stage
[2026-07-04T15:34:51.823+0000] {logging_mixin.py:188} INFO - Uploaded /tmp/minio_downloads/sales_190336741961.parquet -> @sales stage
[2026-07-04T15:34:52.310+0000] {logging_mixin.py:188} INFO - Uploaded /tmp/minio_downloads/sales_190336824951.parquet -> @sales stage
[2026-07-04T15:34:52.756+0000] {logging_mixin.py:188} INFO - Uploaded /tmp/minio_downloads/sales_190336898067.parquet -> @sales stage
[2026-07-04T15:34:53.159+0000] {logging_mixin.py:188} INFO - Uploaded /tmp/minio_downloads/sales_190336985586.parquet -> @sales stage
[2026-07-04T15:34:53.627+0000] {logging_mixin.py:188} INFO - Uploaded /tmp/minio_downloads/sales_190337063886.parquet -> @sales stage
[2026-07-04T15:34:53.991+0000] {logging_mixin.py:188} INFO - Uploaded /tmp/minio_downloads/sales_190337132595.parquet -> @sales stage
[2026-07-04T15:34:54.353+0000] {logging_mixin.py:188} INFO - Uploaded /tmp/minio_downloads/sales_190337211292.parquet -> @sales stage
[2026-07-04T15:34:54.776+0000] {logging_mixin.py:188} INFO - Uploaded /tmp/minio_downloads/sales_190337273683.parquet -> @sales stage
[2026-07-04T15:34:55.208+0000] {logging_mixin.py:188} INFO - Uploaded /tmp/minio_downloads/sales_190337330367.parquet -> @sales stage
[2026-07-04T15:34:55.575+0000] {logging_mixin.py:188} INFO - Uploaded /tmp/minio_downloads/sales_190337395994.parquet -> @sales stage
[2026-07-04T15:34:56.512+0000] {logging_mixin.py:188} INFO - Data loaded into sales
[2026-07-04T15:34:56.964+0000] {logging_mixin.py:188} INFO - Uploaded /tmp/minio_downloads/stores_190411883804.parquet -> @stores stage
[2026-07-04T15:34:57.366+0000] {logging_mixin.py:188} INFO - Uploaded /tmp/minio_downloads/stores_190412024254.parquet -> @stores stage
[2026-07-04T15:34:57.770+0000] {logging_mixin.py:188} INFO - Uploaded /tmp/minio_downloads/stores_190412183617.parquet -> @stores stage
[2026-07-04T15:34:58.181+0000] {logging_mixin.py:188} INFO - Uploaded /tmp/minio_downloads/stores_190412301059.parquet -> @stores stage
[2026-07-04T15:34:58.589+0000] {logging_mixin.py:188} INFO - Uploaded /tmp/minio_downloads/stores_190412398033.parquet -> @stores stage
[2026-07-04T15:34:59.026+0000] {logging_mixin.py:188} INFO - Uploaded /tmp/minio_downloads/stores_190412507361.parquet -> @stores stage
[2026-07-04T15:34:59.535+0000] {logging_mixin.py:188} INFO - Uploaded /tmp/minio_downloads/stores_190412602845.parquet -> @stores stage
[2026-07-04T15:34:59.934+0000] {logging_mixin.py:188} INFO - Uploaded /tmp/minio_downloads/stores_190412709525.parquet -> @stores stage
[2026-07-04T15:35:00.544+0000] {logging_mixin.py:188} INFO - Uploaded /tmp/minio_downloads/stores_190412833460.parquet -> @stores stage
[2026-07-04T15:35:00.947+0000] {logging_mixin.py:188} INFO - Uploaded /tmp/minio_downloads/stores_190412966689.parquet -> @stores stage
[2026-07-04T15:35:01.560+0000] {logging_mixin.py:188} INFO - Uploaded /tmp/minio_downloads/stores_190413093069.parquet -> @stores stage
[2026-07-04T15:35:01.978+0000] {logging_mixin.py:188} INFO - Uploaded /tmp/minio_downloads/stores_190413265980.parquet -> @stores stage
[2026-07-04T15:35:02.783+0000] {logging_mixin.py:188} INFO - Uploaded /tmp/minio_downloads/stores_190413400147.parquet -> @stores stage
[2026-07-04T15:35:03.206+0000] {logging_mixin.py:188} INFO - Uploaded /tmp/minio_downloads/stores_190413523362.parquet -> @stores stage
[2026-07-04T15:35:03.714+0000] {logging_mixin.py:188} INFO - Uploaded /tmp/minio_downloads/stores_190413723414.parquet -> @stores stage
[2026-07-04T15:35:04.130+0000] {logging_mixin.py:188} INFO - Uploaded /tmp/minio_downloads/stores_190413857462.parquet -> @stores stage
[2026-07-04T15:35:04.637+0000] {logging_mixin.py:188} INFO - Uploaded /tmp/minio_downloads/stores_190414029174.parquet -> @stores stage
[2026-07-04T15:35:05.041+0000] {logging_mixin.py:188} INFO - Uploaded /tmp/minio_downloads/stores_190414212585.parquet -> @stores stage
[2026-07-04T15:35:05.470+0000] {logging_mixin.py:188} INFO - Uploaded /tmp/minio_downloads/stores_190414376894.parquet -> @stores stage
[2026-07-04T15:35:05.970+0000] {logging_mixin.py:188} INFO - Uploaded /tmp/minio_downloads/stores_190414520500.parquet -> @stores stage
[2026-07-04T15:35:06.380+0000] {logging_mixin.py:188} INFO - Uploaded /tmp/minio_downloads/stores_190414638979.parquet -> @stores stage
[2026-07-04T15:35:06.884+0000] {logging_mixin.py:188} INFO - Uploaded /tmp/minio_downloads/stores_190414761945.parquet -> @stores stage
[2026-07-04T15:35:07.299+0000] {logging_mixin.py:188} INFO - Uploaded /tmp/minio_downloads/stores_190414881103.parquet -> @stores stage
[2026-07-04T15:35:07.812+0000] {logging_mixin.py:188} INFO - Uploaded /tmp/minio_downloads/stores_190415008723.parquet -> @stores stage
[2026-07-04T15:35:08.324+0000] {logging_mixin.py:188} INFO - Uploaded /tmp/minio_downloads/stores_190415117032.parquet -> @stores stage
[2026-07-04T15:35:08.831+0000] {logging_mixin.py:188} INFO - Uploaded /tmp/minio_downloads/stores_190415204962.parquet -> @stores stage
[2026-07-04T15:35:09.343+0000] {logging_mixin.py:188} INFO - Uploaded /tmp/minio_downloads/stores_190415291652.parquet -> @stores stage
[2026-07-04T15:35:09.748+0000] {logging_mixin.py:188} INFO - Uploaded /tmp/minio_downloads/stores_190415378746.parquet -> @stores stage
[2026-07-04T15:35:10.162+0000] {logging_mixin.py:188} INFO - Uploaded /tmp/minio_downloads/stores_190415470639.parquet -> @stores stage
[2026-07-04T15:35:10.670+0000] {logging_mixin.py:188} INFO - Uploaded /tmp/minio_downloads/stores_190415564713.parquet -> @stores stage
[2026-07-04T15:35:11.144+0000] {logging_mixin.py:188} INFO - Uploaded /tmp/minio_downloads/stores_190415643408.parquet -> @stores stage
[2026-07-04T15:35:11.694+0000] {logging_mixin.py:188} INFO - Uploaded /tmp/minio_downloads/stores_190415732283.parquet -> @stores stage
[2026-07-04T15:35:12.107+0000] {logging_mixin.py:188} INFO - Uploaded /tmp/minio_downloads/stores_190415817371.parquet -> @stores stage
[2026-07-04T15:35:12.513+0000] {logging_mixin.py:188} INFO - Uploaded /tmp/minio_downloads/stores_190415951055.parquet -> @stores stage
[2026-07-04T15:35:12.914+0000] {logging_mixin.py:188} INFO - Uploaded /tmp/minio_downloads/stores_190416088900.parquet -> @stores stage
[2026-07-04T15:35:13.410+0000] {logging_mixin.py:188} INFO - Uploaded /tmp/minio_downloads/stores_190416187841.parquet -> @stores stage
[2026-07-04T15:35:13.852+0000] {logging_mixin.py:188} INFO - Uploaded /tmp/minio_downloads/stores_190416310004.parquet -> @stores stage
[2026-07-04T15:35:14.253+0000] {logging_mixin.py:188} INFO - Uploaded /tmp/minio_downloads/stores_190416413312.parquet -> @stores stage
[2026-07-04T15:35:14.667+0000] {logging_mixin.py:188} INFO - Uploaded /tmp/minio_downloads/stores_190416513386.parquet -> @stores stage
[2026-07-04T15:35:15.100+0000] {logging_mixin.py:188} INFO - Uploaded /tmp/minio_downloads/stores_190416605084.parquet -> @stores stage
[2026-07-04T15:35:15.589+0000] {logging_mixin.py:188} INFO - Uploaded /tmp/minio_downloads/stores_190416697110.parquet -> @stores stage
[2026-07-04T15:35:16.003+0000] {logging_mixin.py:188} INFO - Uploaded /tmp/minio_downloads/stores_190416790423.parquet -> @stores stage
[2026-07-04T15:35:16.387+0000] {logging_mixin.py:188} INFO - Uploaded /tmp/minio_downloads/stores_190416889539.parquet -> @stores stage
[2026-07-04T15:35:16.746+0000] {logging_mixin.py:188} INFO - Uploaded /tmp/minio_downloads/stores_190416992126.parquet -> @stores stage
[2026-07-04T15:35:17.106+0000] {logging_mixin.py:188} INFO - Uploaded /tmp/minio_downloads/stores_190417088795.parquet -> @stores stage
[2026-07-04T15:35:17.494+0000] {logging_mixin.py:188} INFO - Uploaded /tmp/minio_downloads/stores_190417176596.parquet -> @stores stage
[2026-07-04T15:35:17.940+0000] {logging_mixin.py:188} INFO - Uploaded /tmp/minio_downloads/stores_190417285728.parquet -> @stores stage
[2026-07-04T15:35:18.349+0000] {logging_mixin.py:188} INFO - Uploaded /tmp/minio_downloads/stores_190417487863.parquet -> @stores stage
[2026-07-04T15:35:18.723+0000] {logging_mixin.py:188} INFO - Uploaded /tmp/minio_downloads/stores_190417595625.parquet -> @stores stage
[2026-07-04T15:35:19.174+0000] {logging_mixin.py:188} INFO - Uploaded /tmp/minio_downloads/stores_190417705264.parquet -> @stores stage
[2026-07-04T15:35:19.571+0000] {logging_mixin.py:188} INFO - Uploaded /tmp/minio_downloads/stores_190417790333.parquet -> @stores stage
[2026-07-04T15:35:19.992+0000] {logging_mixin.py:188} INFO - Uploaded /tmp/minio_downloads/stores_190417886292.parquet -> @stores stage
[2026-07-04T15:35:20.399+0000] {logging_mixin.py:188} INFO - Uploaded /tmp/minio_downloads/stores_190417976182.parquet -> @stores stage
[2026-07-04T15:35:20.812+0000] {logging_mixin.py:188} INFO - Uploaded /tmp/minio_downloads/stores_190418058644.parquet -> @stores stage
[2026-07-04T15:35:21.190+0000] {logging_mixin.py:188} INFO - Uploaded /tmp/minio_downloads/stores_190418149859.parquet -> @stores stage
[2026-07-04T15:35:21.553+0000] {logging_mixin.py:188} INFO - Uploaded /tmp/minio_downloads/stores_190418243801.parquet -> @stores stage
[2026-07-04T15:35:21.915+0000] {logging_mixin.py:188} INFO - Uploaded /tmp/minio_downloads/stores_190418328943.parquet -> @stores stage
[2026-07-04T15:35:22.295+0000] {logging_mixin.py:188} INFO - Uploaded /tmp/minio_downloads/stores_190418404486.parquet -> @stores stage
[2026-07-04T15:35:22.660+0000] {logging_mixin.py:188} INFO - Uploaded /tmp/minio_downloads/stores_190418478950.parquet -> @stores stage
[2026-07-04T15:35:23.166+0000] {logging_mixin.py:188} INFO - Uploaded /tmp/minio_downloads/stores_190418566028.parquet -> @stores stage
[2026-07-04T15:35:23.545+0000] {logging_mixin.py:188} INFO - Uploaded /tmp/minio_downloads/stores_190418656295.parquet -> @stores stage
[2026-07-04T15:35:23.983+0000] {logging_mixin.py:188} INFO - Uploaded /tmp/minio_downloads/stores_190418751371.parquet -> @stores stage
[2026-07-04T15:35:24.365+0000] {logging_mixin.py:188} INFO - Uploaded /tmp/minio_downloads/stores_190418835708.parquet -> @stores stage
[2026-07-04T15:35:24.806+0000] {logging_mixin.py:188} INFO - Uploaded /tmp/minio_downloads/stores_190418926499.parquet -> @stores stage
[2026-07-04T15:35:25.181+0000] {logging_mixin.py:188} INFO - Uploaded /tmp/minio_downloads/stores_190419084981.parquet -> @stores stage
[2026-07-04T15:35:25.620+0000] {logging_mixin.py:188} INFO - Uploaded /tmp/minio_downloads/stores_190419189519.parquet -> @stores stage
[2026-07-04T15:35:25.994+0000] {logging_mixin.py:188} INFO - Uploaded /tmp/minio_downloads/stores_190419290519.parquet -> @stores stage
[2026-07-04T15:35:26.436+0000] {logging_mixin.py:188} INFO - Uploaded /tmp/minio_downloads/stores_190419393751.parquet -> @stores stage
[2026-07-04T15:35:26.856+0000] {logging_mixin.py:188} INFO - Uploaded /tmp/minio_downloads/stores_190419475651.parquet -> @stores stage
[2026-07-04T15:35:27.368+0000] {logging_mixin.py:188} INFO - Uploaded /tmp/minio_downloads/stores_190419566328.parquet -> @stores stage
[2026-07-04T15:35:27.778+0000] {logging_mixin.py:188} INFO - Uploaded /tmp/minio_downloads/stores_190419661897.parquet -> @stores stage
[2026-07-04T15:35:28.219+0000] {logging_mixin.py:188} INFO - Uploaded /tmp/minio_downloads/stores_190419754343.parquet -> @stores stage
[2026-07-04T15:35:28.695+0000] {logging_mixin.py:188} INFO - Uploaded /tmp/minio_downloads/stores_190419844183.parquet -> @stores stage
[2026-07-04T15:35:29.088+0000] {logging_mixin.py:188} INFO - Uploaded /tmp/minio_downloads/stores_190419934996.parquet -> @stores stage
[2026-07-04T15:35:29.525+0000] {logging_mixin.py:188} INFO - Uploaded /tmp/minio_downloads/stores_190420030109.parquet -> @stores stage
[2026-07-04T15:35:29.923+0000] {logging_mixin.py:188} INFO - Uploaded /tmp/minio_downloads/stores_190420118440.parquet -> @stores stage
[2026-07-04T15:35:30.285+0000] {logging_mixin.py:188} INFO - Uploaded /tmp/minio_downloads/stores_190420208786.parquet -> @stores stage
[2026-07-04T15:35:30.758+0000] {logging_mixin.py:188} INFO - Uploaded /tmp/minio_downloads/stores_190420324798.parquet -> @stores stage
[2026-07-04T15:35:31.549+0000] {logging_mixin.py:188} INFO - Uploaded /tmp/minio_downloads/stores_190420426394.parquet -> @stores stage
[2026-07-04T15:35:31.980+0000] {logging_mixin.py:188} INFO - Uploaded /tmp/minio_downloads/stores_190420519998.parquet -> @stores stage
[2026-07-04T15:35:32.493+0000] {logging_mixin.py:188} INFO - Uploaded /tmp/minio_downloads/stores_190420616700.parquet -> @stores stage
[2026-07-04T15:35:32.997+0000] {logging_mixin.py:188} INFO - Uploaded /tmp/minio_downloads/stores_190420715729.parquet -> @stores stage
[2026-07-04T15:35:33.448+0000] {logging_mixin.py:188} INFO - Uploaded /tmp/minio_downloads/stores_190420801955.parquet -> @stores stage
[2026-07-04T15:35:33.925+0000] {logging_mixin.py:188} INFO - Uploaded /tmp/minio_downloads/stores_190420901461.parquet -> @stores stage
[2026-07-04T15:35:34.332+0000] {logging_mixin.py:188} INFO - Uploaded /tmp/minio_downloads/stores_190420993055.parquet -> @stores stage
[2026-07-04T15:35:34.839+0000] {logging_mixin.py:188} INFO - Uploaded /tmp/minio_downloads/stores_190421096758.parquet -> @stores stage
[2026-07-04T15:35:35.228+0000] {logging_mixin.py:188} INFO - Uploaded /tmp/minio_downloads/stores_190421216569.parquet -> @stores stage
[2026-07-04T15:35:35.658+0000] {logging_mixin.py:188} INFO - Uploaded /tmp/minio_downloads/stores_190421321719.parquet -> @stores stage
[2026-07-04T15:35:36.077+0000] {logging_mixin.py:188} INFO - Uploaded /tmp/minio_downloads/stores_190421425613.parquet -> @stores stage
[2026-07-04T15:35:36.474+0000] {logging_mixin.py:188} INFO - Uploaded /tmp/minio_downloads/stores_190421520816.parquet -> @stores stage
[2026-07-04T15:35:36.993+0000] {logging_mixin.py:188} INFO - Uploaded /tmp/minio_downloads/stores_190421615091.parquet -> @stores stage
[2026-07-04T15:35:37.400+0000] {logging_mixin.py:188} INFO - Uploaded /tmp/minio_downloads/stores_190421703908.parquet -> @stores stage
[2026-07-04T15:35:37.808+0000] {logging_mixin.py:188} INFO - Uploaded /tmp/minio_downloads/stores_190421787499.parquet -> @stores stage
[2026-07-04T15:35:38.323+0000] {logging_mixin.py:188} INFO - Uploaded /tmp/minio_downloads/stores_190421896614.parquet -> @stores stage
[2026-07-04T15:35:38.740+0000] {logging_mixin.py:188} INFO - Uploaded /tmp/minio_downloads/stores_190422002135.parquet -> @stores stage
[2026-07-04T15:35:39.248+0000] {logging_mixin.py:188} INFO - Uploaded /tmp/minio_downloads/stores_190422113181.parquet -> @stores stage
[2026-07-04T15:35:39.647+0000] {logging_mixin.py:188} INFO - Uploaded /tmp/minio_downloads/stores_190422246784.parquet -> @stores stage
[2026-07-04T15:35:40.164+0000] {logging_mixin.py:188} INFO - Uploaded /tmp/minio_downloads/stores_190422365437.parquet -> @stores stage
[2026-07-04T15:35:40.555+0000] {logging_mixin.py:188} INFO - Uploaded /tmp/minio_downloads/stores_190422499589.parquet -> @stores stage
[2026-07-04T15:35:40.978+0000] {logging_mixin.py:188} INFO - Uploaded /tmp/minio_downloads/stores_190422626984.parquet -> @stores stage
[2026-07-04T15:35:41.393+0000] {logging_mixin.py:188} INFO - Uploaded /tmp/minio_downloads/stores_190422737980.parquet -> @stores stage
[2026-07-04T15:35:41.902+0000] {logging_mixin.py:188} INFO - Uploaded /tmp/minio_downloads/stores_190422860715.parquet -> @stores stage
[2026-07-04T15:35:42.311+0000] {logging_mixin.py:188} INFO - Uploaded /tmp/minio_downloads/stores_190423030721.parquet -> @stores stage
[2026-07-04T15:35:42.712+0000] {logging_mixin.py:188} INFO - Uploaded /tmp/minio_downloads/stores_190423146184.parquet -> @stores stage
[2026-07-04T15:35:43.136+0000] {logging_mixin.py:188} INFO - Uploaded /tmp/minio_downloads/stores_190423277855.parquet -> @stores stage
[2026-07-04T15:35:43.542+0000] {logging_mixin.py:188} INFO - Uploaded /tmp/minio_downloads/stores_190423424921.parquet -> @stores stage
[2026-07-04T15:35:43.949+0000] {logging_mixin.py:188} INFO - Uploaded /tmp/minio_downloads/stores_190423596290.parquet -> @stores stage
[2026-07-04T15:35:44.466+0000] {logging_mixin.py:188} INFO - Uploaded /tmp/minio_downloads/stores_190423726853.parquet -> @stores stage
[2026-07-04T15:35:44.976+0000] {logging_mixin.py:188} INFO - Uploaded /tmp/minio_downloads/stores_190423851895.parquet -> @stores stage
[2026-07-04T15:35:45.377+0000] {logging_mixin.py:188} INFO - Uploaded /tmp/minio_downloads/stores_190423987197.parquet -> @stores stage
[2026-07-04T15:35:45.904+0000] {logging_mixin.py:188} INFO - Uploaded /tmp/minio_downloads/stores_190424123350.parquet -> @stores stage
[2026-07-04T15:35:46.305+0000] {logging_mixin.py:188} INFO - Uploaded /tmp/minio_downloads/stores_190424383365.parquet -> @stores stage
[2026-07-04T15:35:46.820+0000] {logging_mixin.py:188} INFO - Uploaded /tmp/minio_downloads/stores_190424501157.parquet -> @stores stage
[2026-07-04T15:35:47.231+0000] {logging_mixin.py:188} INFO - Uploaded /tmp/minio_downloads/stores_190424630949.parquet -> @stores stage
[2026-07-04T15:35:47.649+0000] {logging_mixin.py:188} INFO - Uploaded /tmp/minio_downloads/stores_190424781800.parquet -> @stores stage
[2026-07-04T15:35:48.152+0000] {logging_mixin.py:188} INFO - Uploaded /tmp/minio_downloads/stores_190424965248.parquet -> @stores stage
[2026-07-04T15:35:48.660+0000] {logging_mixin.py:188} INFO - Uploaded /tmp/minio_downloads/stores_190425133364.parquet -> @stores stage
[2026-07-04T15:35:49.073+0000] {logging_mixin.py:188} INFO - Uploaded /tmp/minio_downloads/stores_190425276386.parquet -> @stores stage
[2026-07-04T15:35:49.585+0000] {logging_mixin.py:188} INFO - Uploaded /tmp/minio_downloads/stores_190425403411.parquet -> @stores stage
[2026-07-04T15:35:49.997+0000] {logging_mixin.py:188} INFO - Uploaded /tmp/minio_downloads/stores_190425507049.parquet -> @stores stage
[2026-07-04T15:35:50.410+0000] {logging_mixin.py:188} INFO - Uploaded /tmp/minio_downloads/stores_190425626809.parquet -> @stores stage
[2026-07-04T15:35:50.919+0000] {logging_mixin.py:188} INFO - Uploaded /tmp/minio_downloads/stores_190425750348.parquet -> @stores stage
[2026-07-04T15:35:51.328+0000] {logging_mixin.py:188} INFO - Uploaded /tmp/minio_downloads/stores_190425850523.parquet -> @stores stage
[2026-07-04T15:35:51.838+0000] {logging_mixin.py:188} INFO - Uploaded /tmp/minio_downloads/stores_190425972859.parquet -> @stores stage
[2026-07-04T15:35:52.359+0000] {logging_mixin.py:188} INFO - Uploaded /tmp/minio_downloads/stores_190426068505.parquet -> @stores stage
[2026-07-04T15:35:52.865+0000] {logging_mixin.py:188} INFO - Uploaded /tmp/minio_downloads/stores_190426161880.parquet -> @stores stage
[2026-07-04T15:35:53.234+0000] {logging_mixin.py:188} INFO - Uploaded /tmp/minio_downloads/stores_190426266947.parquet -> @stores stage
[2026-07-04T15:35:53.684+0000] {logging_mixin.py:188} INFO - Uploaded /tmp/minio_downloads/stores_190426401603.parquet -> @stores stage
[2026-07-04T15:35:54.195+0000] {logging_mixin.py:188} INFO - Uploaded /tmp/minio_downloads/stores_190426514721.parquet -> @stores stage
[2026-07-04T15:35:54.606+0000] {logging_mixin.py:188} INFO - Uploaded /tmp/minio_downloads/stores_190426610447.parquet -> @stores stage
[2026-07-04T15:35:55.113+0000] {logging_mixin.py:188} INFO - Uploaded /tmp/minio_downloads/stores_190426695082.parquet -> @stores stage
[2026-07-04T15:35:55.520+0000] {logging_mixin.py:188} INFO - Uploaded /tmp/minio_downloads/stores_190426770777.parquet -> @stores stage
[2026-07-04T15:35:55.943+0000] {logging_mixin.py:188} INFO - Uploaded /tmp/minio_downloads/stores_190426834748.parquet -> @stores stage
[2026-07-04T15:35:56.442+0000] {logging_mixin.py:188} INFO - Uploaded /tmp/minio_downloads/stores_190426934191.parquet -> @stores stage
[2026-07-04T15:35:56.853+0000] {logging_mixin.py:188} INFO - Uploaded /tmp/minio_downloads/stores_190427045464.parquet -> @stores stage
[2026-07-04T15:35:57.267+0000] {logging_mixin.py:188} INFO - Uploaded /tmp/minio_downloads/stores_190427142106.parquet -> @stores stage
[2026-07-04T15:35:57.746+0000] {logging_mixin.py:188} INFO - Uploaded /tmp/minio_downloads/stores_190427228962.parquet -> @stores stage
[2026-07-04T15:35:58.189+0000] {logging_mixin.py:188} INFO - Uploaded /tmp/minio_downloads/stores_190427308320.parquet -> @stores stage
[2026-07-04T15:35:58.591+0000] {logging_mixin.py:188} INFO - Uploaded /tmp/minio_downloads/stores_190427384429.parquet -> @stores stage
[2026-07-04T15:35:59.112+0000] {logging_mixin.py:188} INFO - Uploaded /tmp/minio_downloads/stores_190427465904.parquet -> @stores stage
[2026-07-04T15:35:59.521+0000] {logging_mixin.py:188} INFO - Uploaded /tmp/minio_downloads/stores_190427597769.parquet -> @stores stage
[2026-07-04T15:36:00.033+0000] {logging_mixin.py:188} INFO - Uploaded /tmp/minio_downloads/stores_190427682887.parquet -> @stores stage
[2026-07-04T15:36:00.546+0000] {logging_mixin.py:188} INFO - Uploaded /tmp/minio_downloads/stores_190427775373.parquet -> @stores stage
[2026-07-04T15:36:00.953+0000] {logging_mixin.py:188} INFO - Uploaded /tmp/minio_downloads/stores_190427856474.parquet -> @stores stage
[2026-07-04T15:36:01.460+0000] {logging_mixin.py:188} INFO - Uploaded /tmp/minio_downloads/stores_190427932022.parquet -> @stores stage
[2026-07-04T15:36:01.877+0000] {logging_mixin.py:188} INFO - Uploaded /tmp/minio_downloads/stores_190428013139.parquet -> @stores stage
[2026-07-04T15:36:02.389+0000] {logging_mixin.py:188} INFO - Uploaded /tmp/minio_downloads/stores_190428094501.parquet -> @stores stage
[2026-07-04T15:36:03.725+0000] {logging_mixin.py:188} INFO - Uploaded /tmp/minio_downloads/stores_190428179812.parquet -> @stores stage
[2026-07-04T15:36:04.233+0000] {logging_mixin.py:188} INFO - Uploaded /tmp/minio_downloads/stores_190428260723.parquet -> @stores stage
[2026-07-04T15:36:04.746+0000] {logging_mixin.py:188} INFO - Uploaded /tmp/minio_downloads/stores_190428349932.parquet -> @stores stage
[2026-07-04T15:36:05.257+0000] {logging_mixin.py:188} INFO - Uploaded /tmp/minio_downloads/stores_190428433914.parquet -> @stores stage
[2026-07-04T15:36:05.748+0000] {logging_mixin.py:188} INFO - Uploaded /tmp/minio_downloads/stores_190428518406.parquet -> @stores stage
[2026-07-04T15:36:06.176+0000] {logging_mixin.py:188} INFO - Uploaded /tmp/minio_downloads/stores_190428596599.parquet -> @stores stage
[2026-07-04T15:36:06.590+0000] {logging_mixin.py:188} INFO - Uploaded /tmp/minio_downloads/stores_190428702484.parquet -> @stores stage
[2026-07-04T15:36:07.102+0000] {logging_mixin.py:188} INFO - Uploaded /tmp/minio_downloads/stores_190428828353.parquet -> @stores stage
[2026-07-04T15:36:07.504+0000] {logging_mixin.py:188} INFO - Uploaded /tmp/minio_downloads/stores_190428953122.parquet -> @stores stage
[2026-07-04T15:36:07.916+0000] {logging_mixin.py:188} INFO - Uploaded /tmp/minio_downloads/stores_190429058830.parquet -> @stores stage
[2026-07-04T15:36:08.309+0000] {logging_mixin.py:188} INFO - Uploaded /tmp/minio_downloads/stores_190429164237.parquet -> @stores stage
[2026-07-04T15:36:08.700+0000] {logging_mixin.py:188} INFO - Uploaded /tmp/minio_downloads/stores_190429297972.parquet -> @stores stage
[2026-07-04T15:36:09.110+0000] {logging_mixin.py:188} INFO - Uploaded /tmp/minio_downloads/stores_190429421706.parquet -> @stores stage
[2026-07-04T15:36:09.554+0000] {logging_mixin.py:188} INFO - Uploaded /tmp/minio_downloads/stores_190429518108.parquet -> @stores stage
[2026-07-04T15:36:09.963+0000] {logging_mixin.py:188} INFO - Uploaded /tmp/minio_downloads/stores_190429619288.parquet -> @stores stage
[2026-07-04T15:36:10.679+0000] {logging_mixin.py:188} INFO - Uploaded /tmp/minio_downloads/stores_190429753046.parquet -> @stores stage
[2026-07-04T15:36:11.090+0000] {logging_mixin.py:188} INFO - Uploaded /tmp/minio_downloads/stores_190429857367.parquet -> @stores stage
[2026-07-04T15:36:11.499+0000] {logging_mixin.py:188} INFO - Uploaded /tmp/minio_downloads/stores_190429940162.parquet -> @stores stage
[2026-07-04T15:36:12.012+0000] {logging_mixin.py:188} INFO - Uploaded /tmp/minio_downloads/stores_190430037728.parquet -> @stores stage
[2026-07-04T15:36:12.523+0000] {logging_mixin.py:188} INFO - Uploaded /tmp/minio_downloads/stores_190430123927.parquet -> @stores stage
[2026-07-04T15:36:12.934+0000] {logging_mixin.py:188} INFO - Uploaded /tmp/minio_downloads/stores_190430207906.parquet -> @stores stage
[2026-07-04T15:36:13.441+0000] {logging_mixin.py:188} INFO - Uploaded /tmp/minio_downloads/stores_190430292220.parquet -> @stores stage
[2026-07-04T15:36:13.831+0000] {logging_mixin.py:188} INFO - Uploaded /tmp/minio_downloads/stores_190430373568.parquet -> @stores stage
[2026-07-04T15:36:14.265+0000] {logging_mixin.py:188} INFO - Uploaded /tmp/minio_downloads/stores_190430459201.parquet -> @stores stage
[2026-07-04T15:36:14.780+0000] {logging_mixin.py:188} INFO - Uploaded /tmp/minio_downloads/stores_190430559004.parquet -> @stores stage
[2026-07-04T15:36:15.186+0000] {logging_mixin.py:188} INFO - Uploaded /tmp/minio_downloads/stores_190430651460.parquet -> @stores stage
[2026-07-04T15:36:15.595+0000] {logging_mixin.py:188} INFO - Uploaded /tmp/minio_downloads/stores_190430735753.parquet -> @stores stage
[2026-07-04T15:36:16.108+0000] {logging_mixin.py:188} INFO - Uploaded /tmp/minio_downloads/stores_190430821602.parquet -> @stores stage
[2026-07-04T15:36:16.517+0000] {logging_mixin.py:188} INFO - Uploaded /tmp/minio_downloads/stores_190430898614.parquet -> @stores stage
[2026-07-04T15:36:16.907+0000] {logging_mixin.py:188} INFO - Uploaded /tmp/minio_downloads/stores_190431000259.parquet -> @stores stage
[2026-07-04T15:36:17.333+0000] {logging_mixin.py:188} INFO - Uploaded /tmp/minio_downloads/stores_190431097658.parquet -> @stores stage
[2026-07-04T15:36:17.749+0000] {logging_mixin.py:188} INFO - Uploaded /tmp/minio_downloads/stores_190431195956.parquet -> @stores stage
[2026-07-04T15:36:18.262+0000] {logging_mixin.py:188} INFO - Uploaded /tmp/minio_downloads/stores_190431289542.parquet -> @stores stage
[2026-07-04T15:36:18.668+0000] {logging_mixin.py:188} INFO - Uploaded /tmp/minio_downloads/stores_190431388134.parquet -> @stores stage
[2026-07-04T15:36:19.079+0000] {logging_mixin.py:188} INFO - Uploaded /tmp/minio_downloads/stores_190431530744.parquet -> @stores stage
[2026-07-04T15:36:19.568+0000] {logging_mixin.py:188} INFO - Uploaded /tmp/minio_downloads/stores_190431680829.parquet -> @stores stage
[2026-07-04T15:36:20.004+0000] {logging_mixin.py:188} INFO - Uploaded /tmp/minio_downloads/stores_190431872513.parquet -> @stores stage
[2026-07-04T15:36:20.512+0000] {logging_mixin.py:188} INFO - Uploaded /tmp/minio_downloads/stores_190432037449.parquet -> @stores stage
[2026-07-04T15:36:20.915+0000] {logging_mixin.py:188} INFO - Uploaded /tmp/minio_downloads/stores_190432191652.parquet -> @stores stage
[2026-07-04T15:36:21.333+0000] {logging_mixin.py:188} INFO - Uploaded /tmp/minio_downloads/stores_190432325548.parquet -> @stores stage
[2026-07-04T15:36:21.738+0000] {logging_mixin.py:188} INFO - Uploaded /tmp/minio_downloads/stores_190432442091.parquet -> @stores stage
[2026-07-04T15:36:22.155+0000] {logging_mixin.py:188} INFO - Uploaded /tmp/minio_downloads/stores_190432547463.parquet -> @stores stage
[2026-07-04T15:36:22.543+0000] {logging_mixin.py:188} INFO - Uploaded /tmp/minio_downloads/stores_190432659567.parquet -> @stores stage
[2026-07-04T15:36:22.981+0000] {logging_mixin.py:188} INFO - Uploaded /tmp/minio_downloads/stores_190432774600.parquet -> @stores stage
[2026-07-04T15:36:23.444+0000] {logging_mixin.py:188} INFO - Uploaded /tmp/minio_downloads/stores_190432882053.parquet -> @stores stage
[2026-07-04T15:36:23.891+0000] {logging_mixin.py:188} INFO - Uploaded /tmp/minio_downloads/stores_190433087095.parquet -> @stores stage
[2026-07-04T15:36:24.285+0000] {logging_mixin.py:188} INFO - Uploaded /tmp/minio_downloads/stores_190433191323.parquet -> @stores stage
[2026-07-04T15:36:24.814+0000] {logging_mixin.py:188} INFO - Uploaded /tmp/minio_downloads/stores_190433292390.parquet -> @stores stage
[2026-07-04T15:36:25.225+0000] {logging_mixin.py:188} INFO - Uploaded /tmp/minio_downloads/stores_190433385601.parquet -> @stores stage
[2026-07-04T15:36:25.739+0000] {logging_mixin.py:188} INFO - Uploaded /tmp/minio_downloads/stores_190433478981.parquet -> @stores stage
[2026-07-04T15:36:26.254+0000] {logging_mixin.py:188} INFO - Uploaded /tmp/minio_downloads/stores_190433580254.parquet -> @stores stage
[2026-07-04T15:36:26.761+0000] {logging_mixin.py:188} INFO - Uploaded /tmp/minio_downloads/stores_190433710802.parquet -> @stores stage
[2026-07-04T15:36:27.180+0000] {logging_mixin.py:188} INFO - Uploaded /tmp/minio_downloads/stores_190433834096.parquet -> @stores stage
[2026-07-04T15:36:27.675+0000] {logging_mixin.py:188} INFO - Uploaded /tmp/minio_downloads/stores_190433948519.parquet -> @stores stage
[2026-07-04T15:36:28.085+0000] {logging_mixin.py:188} INFO - Uploaded /tmp/minio_downloads/stores_190434054928.parquet -> @stores stage
[2026-07-04T15:36:28.496+0000] {logging_mixin.py:188} INFO - Uploaded /tmp/minio_downloads/stores_190434153273.parquet -> @stores stage
[2026-07-04T15:36:28.905+0000] {logging_mixin.py:188} INFO - Uploaded /tmp/minio_downloads/stores_190434264956.parquet -> @stores stage
[2026-07-04T15:36:29.321+0000] {logging_mixin.py:188} INFO - Uploaded /tmp/minio_downloads/stores_190434371246.parquet -> @stores stage
[2026-07-04T15:36:29.733+0000] {logging_mixin.py:188} INFO - Uploaded /tmp/minio_downloads/stores_190434467927.parquet -> @stores stage
[2026-07-04T15:36:30.243+0000] {logging_mixin.py:188} INFO - Uploaded /tmp/minio_downloads/stores_190434556188.parquet -> @stores stage
[2026-07-04T15:36:30.737+0000] {logging_mixin.py:188} INFO - Uploaded /tmp/minio_downloads/stores_190434658671.parquet -> @stores stage
[2026-07-04T15:36:31.119+0000] {logging_mixin.py:188} INFO - Uploaded /tmp/minio_downloads/stores_190434738818.parquet -> @stores stage
[2026-07-04T15:36:31.573+0000] {logging_mixin.py:188} INFO - Uploaded /tmp/minio_downloads/stores_190434838349.parquet -> @stores stage
[2026-07-04T15:36:32.085+0000] {logging_mixin.py:188} INFO - Uploaded /tmp/minio_downloads/stores_190434938318.parquet -> @stores stage
[2026-07-04T15:36:32.497+0000] {logging_mixin.py:188} INFO - Uploaded /tmp/minio_downloads/stores_190435036457.parquet -> @stores stage
[2026-07-04T15:36:33.316+0000] {logging_mixin.py:188} INFO - Uploaded /tmp/minio_downloads/stores_190435122518.parquet -> @stores stage
[2026-07-04T15:36:33.725+0000] {logging_mixin.py:188} INFO - Uploaded /tmp/minio_downloads/stores_190435220938.parquet -> @stores stage
[2026-07-04T15:36:34.136+0000] {logging_mixin.py:188} INFO - Uploaded /tmp/minio_downloads/stores_190435305720.parquet -> @stores stage
[2026-07-04T15:36:34.647+0000] {logging_mixin.py:188} INFO - Uploaded /tmp/minio_downloads/stores_190435389014.parquet -> @stores stage
[2026-07-04T15:36:35.140+0000] {logging_mixin.py:188} INFO - Uploaded /tmp/minio_downloads/stores_190435489571.parquet -> @stores stage
[2026-07-04T15:36:35.568+0000] {logging_mixin.py:188} INFO - Uploaded /tmp/minio_downloads/stores_190435581637.parquet -> @stores stage
[2026-07-04T15:36:36.079+0000] {logging_mixin.py:188} INFO - Uploaded /tmp/minio_downloads/stores_190435674081.parquet -> @stores stage
[2026-07-04T15:36:36.592+0000] {logging_mixin.py:188} INFO - Uploaded /tmp/minio_downloads/stores_190435794521.parquet -> @stores stage
[2026-07-04T15:36:37.106+0000] {logging_mixin.py:188} INFO - Uploaded /tmp/minio_downloads/stores_190436034282.parquet -> @stores stage
[2026-07-04T15:36:37.515+0000] {logging_mixin.py:188} INFO - Uploaded /tmp/minio_downloads/stores_190436234577.parquet -> @stores stage
[2026-07-04T15:36:37.923+0000] {logging_mixin.py:188} INFO - Uploaded /tmp/minio_downloads/stores_190436394813.parquet -> @stores stage
[2026-07-04T15:36:38.302+0000] {logging_mixin.py:188} INFO - Uploaded /tmp/minio_downloads/stores_190436493887.parquet -> @stores stage
[2026-07-04T15:36:38.738+0000] {logging_mixin.py:188} INFO - Uploaded /tmp/minio_downloads/stores_190436586634.parquet -> @stores stage
[2026-07-04T15:36:39.153+0000] {logging_mixin.py:188} INFO - Uploaded /tmp/minio_downloads/stores_190436684525.parquet -> @stores stage
[2026-07-04T15:36:39.557+0000] {logging_mixin.py:188} INFO - Uploaded /tmp/minio_downloads/stores_190436797397.parquet -> @stores stage
[2026-07-04T15:36:40.064+0000] {logging_mixin.py:188} INFO - Uploaded /tmp/minio_downloads/stores_190436906458.parquet -> @stores stage
[2026-07-04T15:36:40.476+0000] {logging_mixin.py:188} INFO - Uploaded /tmp/minio_downloads/stores_190437018381.parquet -> @stores stage
[2026-07-04T15:36:40.887+0000] {logging_mixin.py:188} INFO - Uploaded /tmp/minio_downloads/stores_190437116272.parquet -> @stores stage
[2026-07-04T15:36:41.411+0000] {logging_mixin.py:188} INFO - Uploaded /tmp/minio_downloads/stores_190437215336.parquet -> @stores stage
[2026-07-04T15:36:41.803+0000] {logging_mixin.py:188} INFO - Uploaded /tmp/minio_downloads/stores_190437301629.parquet -> @stores stage
[2026-07-04T15:36:42.219+0000] {logging_mixin.py:188} INFO - Uploaded /tmp/minio_downloads/stores_190437388706.parquet -> @stores stage
[2026-07-04T15:36:42.631+0000] {logging_mixin.py:188} INFO - Uploaded /tmp/minio_downloads/stores_190437492305.parquet -> @stores stage
[2026-07-04T15:36:43.044+0000] {logging_mixin.py:188} INFO - Uploaded /tmp/minio_downloads/stores_190437586289.parquet -> @stores stage
[2026-07-04T15:36:43.422+0000] {logging_mixin.py:188} INFO - Uploaded /tmp/minio_downloads/stores_190437679639.parquet -> @stores stage
[2026-07-04T15:36:43.959+0000] {logging_mixin.py:188} INFO - Uploaded /tmp/minio_downloads/stores_190437782280.parquet -> @stores stage
[2026-07-04T15:36:44.370+0000] {logging_mixin.py:188} INFO - Uploaded /tmp/minio_downloads/stores_190437882054.parquet -> @stores stage
[2026-07-04T15:36:44.878+0000] {logging_mixin.py:188} INFO - Uploaded /tmp/minio_downloads/stores_190437969664.parquet -> @stores stage
[2026-07-04T15:36:45.298+0000] {logging_mixin.py:188} INFO - Uploaded /tmp/minio_downloads/stores_190438743176.parquet -> @stores stage
[2026-07-04T15:36:45.800+0000] {logging_mixin.py:188} INFO - Uploaded /tmp/minio_downloads/stores_190438844208.parquet -> @stores stage
[2026-07-04T15:36:46.220+0000] {logging_mixin.py:188} INFO - Uploaded /tmp/minio_downloads/stores_190438931331.parquet -> @stores stage
[2026-07-04T15:36:47.241+0000] {logging_mixin.py:188} INFO - Uploaded /tmp/minio_downloads/stores_190439005493.parquet -> @stores stage
[2026-07-04T15:36:47.649+0000] {logging_mixin.py:188} INFO - Uploaded /tmp/minio_downloads/stores_190439093463.parquet -> @stores stage
[2026-07-04T15:36:48.156+0000] {logging_mixin.py:188} INFO - Uploaded /tmp/minio_downloads/stores_190439172688.parquet -> @stores stage
[2026-07-04T15:36:48.528+0000] {logging_mixin.py:188} INFO - Uploaded /tmp/minio_downloads/stores_190439254433.parquet -> @stores stage
[2026-07-04T15:36:48.979+0000] {logging_mixin.py:188} INFO - Uploaded /tmp/minio_downloads/stores_190439327945.parquet -> @stores stage
[2026-07-04T15:36:49.388+0000] {logging_mixin.py:188} INFO - Uploaded /tmp/minio_downloads/stores_190439442136.parquet -> @stores stage
[2026-07-04T15:36:49.825+0000] {logging_mixin.py:188} INFO - Uploaded /tmp/minio_downloads/stores_190439570614.parquet -> @stores stage
[2026-07-04T15:36:50.310+0000] {logging_mixin.py:188} INFO - Uploaded /tmp/minio_downloads/stores_190439692246.parquet -> @stores stage
[2026-07-04T15:36:50.722+0000] {logging_mixin.py:188} INFO - Uploaded /tmp/minio_downloads/stores_190439797707.parquet -> @stores stage
[2026-07-04T15:36:51.134+0000] {logging_mixin.py:188} INFO - Uploaded /tmp/minio_downloads/stores_190439922706.parquet -> @stores stage
[2026-07-04T15:36:51.564+0000] {logging_mixin.py:188} INFO - Uploaded /tmp/minio_downloads/stores_190440039624.parquet -> @stores stage
[2026-07-04T15:36:52.055+0000] {logging_mixin.py:188} INFO - Uploaded /tmp/minio_downloads/stores_190440145901.parquet -> @stores stage
[2026-07-04T15:36:52.560+0000] {logging_mixin.py:188} INFO - Uploaded /tmp/minio_downloads/stores_190440248413.parquet -> @stores stage
[2026-07-04T15:36:53.081+0000] {logging_mixin.py:188} INFO - Uploaded /tmp/minio_downloads/stores_190440371479.parquet -> @stores stage
[2026-07-04T15:36:53.591+0000] {logging_mixin.py:188} INFO - Uploaded /tmp/minio_downloads/stores_190440479025.parquet -> @stores stage
[2026-07-04T15:36:53.975+0000] {logging_mixin.py:188} INFO - Uploaded /tmp/minio_downloads/stores_190440583002.parquet -> @stores stage
[2026-07-04T15:36:54.416+0000] {logging_mixin.py:188} INFO - Uploaded /tmp/minio_downloads/stores_190440675403.parquet -> @stores stage
[2026-07-04T15:36:54.919+0000] {logging_mixin.py:188} INFO - Uploaded /tmp/minio_downloads/stores_190440760611.parquet -> @stores stage
[2026-07-04T15:36:55.421+0000] {logging_mixin.py:188} INFO - Uploaded /tmp/minio_downloads/stores_190440872292.parquet -> @stores stage
[2026-07-04T15:36:55.840+0000] {logging_mixin.py:188} INFO - Uploaded /tmp/minio_downloads/stores_190440984519.parquet -> @stores stage
[2026-07-04T15:36:56.353+0000] {logging_mixin.py:188} INFO - Uploaded /tmp/minio_downloads/stores_190441100035.parquet -> @stores stage
[2026-07-04T15:36:56.866+0000] {logging_mixin.py:188} INFO - Uploaded /tmp/minio_downloads/stores_190441177309.parquet -> @stores stage
[2026-07-04T15:36:57.273+0000] {logging_mixin.py:188} INFO - Uploaded /tmp/minio_downloads/stores_190441279547.parquet -> @stores stage
[2026-07-04T15:36:57.685+0000] {logging_mixin.py:188} INFO - Uploaded /tmp/minio_downloads/stores_190441381971.parquet -> @stores stage
[2026-07-04T15:36:58.061+0000] {logging_mixin.py:188} INFO - Uploaded /tmp/minio_downloads/stores_190441478264.parquet -> @stores stage
[2026-07-04T15:36:58.473+0000] {logging_mixin.py:188} INFO - Uploaded /tmp/minio_downloads/stores_190441575532.parquet -> @stores stage
[2026-07-04T15:36:58.913+0000] {logging_mixin.py:188} INFO - Uploaded /tmp/minio_downloads/stores_190441663696.parquet -> @stores stage
[2026-07-04T15:36:59.319+0000] {logging_mixin.py:188} INFO - Uploaded /tmp/minio_downloads/stores_190441746714.parquet -> @stores stage
[2026-07-04T15:36:59.731+0000] {logging_mixin.py:188} INFO - Uploaded /tmp/minio_downloads/stores_190441845879.parquet -> @stores stage
[2026-07-04T15:37:00.215+0000] {logging_mixin.py:188} INFO - Uploaded /tmp/minio_downloads/stores_190441951190.parquet -> @stores stage
[2026-07-04T15:37:00.623+0000] {logging_mixin.py:188} INFO - Uploaded /tmp/minio_downloads/stores_190442039222.parquet -> @stores stage
[2026-07-04T15:37:01.065+0000] {logging_mixin.py:188} INFO - Uploaded /tmp/minio_downloads/stores_190442139104.parquet -> @stores stage
[2026-07-04T15:37:01.469+0000] {logging_mixin.py:188} INFO - Uploaded /tmp/minio_downloads/stores_190442236270.parquet -> @stores stage
[2026-07-04T15:37:01.879+0000] {logging_mixin.py:188} INFO - Uploaded /tmp/minio_downloads/stores_190442331274.parquet -> @stores stage
[2026-07-04T15:37:02.300+0000] {logging_mixin.py:188} INFO - Uploaded /tmp/minio_downloads/stores_190442413315.parquet -> @stores stage
[2026-07-04T15:37:02.697+0000] {logging_mixin.py:188} INFO - Uploaded /tmp/minio_downloads/stores_190442497214.parquet -> @stores stage
[2026-07-04T15:37:03.113+0000] {logging_mixin.py:188} INFO - Uploaded /tmp/minio_downloads/stores_190442632814.parquet -> @stores stage
[2026-07-04T15:37:03.595+0000] {logging_mixin.py:188} INFO - Uploaded /tmp/minio_downloads/stores_190442782620.parquet -> @stores stage
[2026-07-04T15:37:04.034+0000] {logging_mixin.py:188} INFO - Uploaded /tmp/minio_downloads/stores_190442899708.parquet -> @stores stage
[2026-07-04T15:37:04.441+0000] {logging_mixin.py:188} INFO - Uploaded /tmp/minio_downloads/stores_190442993950.parquet -> @stores stage
[2026-07-04T15:37:04.849+0000] {logging_mixin.py:188} INFO - Uploaded /tmp/minio_downloads/stores_190443108294.parquet -> @stores stage
[2026-07-04T15:37:05.266+0000] {logging_mixin.py:188} INFO - Uploaded /tmp/minio_downloads/stores_190443208744.parquet -> @stores stage
[2026-07-04T15:37:05.775+0000] {logging_mixin.py:188} INFO - Uploaded /tmp/minio_downloads/stores_190443372437.parquet -> @stores stage
[2026-07-04T15:37:06.288+0000] {logging_mixin.py:188} INFO - Uploaded /tmp/minio_downloads/stores_190443478429.parquet -> @stores stage
[2026-07-04T15:37:06.716+0000] {logging_mixin.py:188} INFO - Uploaded /tmp/minio_downloads/stores_190443591432.parquet -> @stores stage
[2026-07-04T15:37:07.210+0000] {logging_mixin.py:188} INFO - Uploaded /tmp/minio_downloads/stores_190443678099.parquet -> @stores stage
[2026-07-04T15:37:07.722+0000] {logging_mixin.py:188} INFO - Uploaded /tmp/minio_downloads/stores_190443765511.parquet -> @stores stage
[2026-07-04T15:37:08.126+0000] {logging_mixin.py:188} INFO - Uploaded /tmp/minio_downloads/stores_190443847050.parquet -> @stores stage
[2026-07-04T15:37:08.547+0000] {logging_mixin.py:188} INFO - Uploaded /tmp/minio_downloads/stores_190443964293.parquet -> @stores stage
[2026-07-04T15:37:08.935+0000] {logging_mixin.py:188} INFO - Uploaded /tmp/minio_downloads/stores_190444050956.parquet -> @stores stage
[2026-07-04T15:37:09.365+0000] {logging_mixin.py:188} INFO - Uploaded /tmp/minio_downloads/stores_190444157162.parquet -> @stores stage
[2026-07-04T15:37:09.869+0000] {logging_mixin.py:188} INFO - Uploaded /tmp/minio_downloads/stores_190444242269.parquet -> @stores stage
[2026-07-04T15:37:10.277+0000] {logging_mixin.py:188} INFO - Uploaded /tmp/minio_downloads/stores_190444308176.parquet -> @stores stage
[2026-07-04T15:37:10.777+0000] {logging_mixin.py:188} INFO - Uploaded /tmp/minio_downloads/stores_190444392379.parquet -> @stores stage
[2026-07-04T15:37:11.200+0000] {logging_mixin.py:188} INFO - Uploaded /tmp/minio_downloads/stores_190444474083.parquet -> @stores stage
[2026-07-04T15:37:11.698+0000] {logging_mixin.py:188} INFO - Uploaded /tmp/minio_downloads/stores_190444564885.parquet -> @stores stage
[2026-07-04T15:37:12.119+0000] {logging_mixin.py:188} INFO - Uploaded /tmp/minio_downloads/stores_190444646488.parquet -> @stores stage
[2026-07-04T15:37:12.537+0000] {logging_mixin.py:188} INFO - Uploaded /tmp/minio_downloads/stores_190444749571.parquet -> @stores stage
[2026-07-04T15:37:13.013+0000] {logging_mixin.py:188} INFO - Uploaded /tmp/minio_downloads/stores_190444852556.parquet -> @stores stage
[2026-07-04T15:37:13.451+0000] {logging_mixin.py:188} INFO - Uploaded /tmp/minio_downloads/stores_190444942784.parquet -> @stores stage
[2026-07-04T15:37:13.862+0000] {logging_mixin.py:188} INFO - Uploaded /tmp/minio_downloads/stores_190445017419.parquet -> @stores stage
[2026-07-04T15:37:14.377+0000] {logging_mixin.py:188} INFO - Uploaded /tmp/minio_downloads/stores_190445100348.parquet -> @stores stage
[2026-07-04T15:37:14.886+0000] {logging_mixin.py:188} INFO - Uploaded /tmp/minio_downloads/stores_190445200772.parquet -> @stores stage
[2026-07-04T15:37:15.294+0000] {logging_mixin.py:188} INFO - Uploaded /tmp/minio_downloads/stores_190445281456.parquet -> @stores stage
[2026-07-04T15:37:16.011+0000] {logging_mixin.py:188} INFO - Uploaded /tmp/minio_downloads/stores_190445375819.parquet -> @stores stage
[2026-07-04T15:37:16.525+0000] {logging_mixin.py:188} INFO - Uploaded /tmp/minio_downloads/stores_190445448940.parquet -> @stores stage
[2026-07-04T15:37:17.038+0000] {logging_mixin.py:188} INFO - Uploaded /tmp/minio_downloads/stores_190445524263.parquet -> @stores stage
[2026-07-04T15:37:17.551+0000] {logging_mixin.py:188} INFO - Uploaded /tmp/minio_downloads/stores_190445599089.parquet -> @stores stage
[2026-07-04T15:37:17.956+0000] {logging_mixin.py:188} INFO - Uploaded /tmp/minio_downloads/stores_190445673036.parquet -> @stores stage
[2026-07-04T15:37:18.369+0000] {logging_mixin.py:188} INFO - Uploaded /tmp/minio_downloads/stores_190445760900.parquet -> @stores stage
[2026-07-04T15:37:18.854+0000] {logging_mixin.py:188} INFO - Uploaded /tmp/minio_downloads/stores_190445847492.parquet -> @stores stage
[2026-07-04T15:37:19.291+0000] {logging_mixin.py:188} INFO - Uploaded /tmp/minio_downloads/stores_190445932710.parquet -> @stores stage
[2026-07-04T15:37:19.706+0000] {logging_mixin.py:188} INFO - Uploaded /tmp/minio_downloads/stores_190446032934.parquet -> @stores stage
[2026-07-04T15:37:20.107+0000] {logging_mixin.py:188} INFO - Uploaded /tmp/minio_downloads/stores_190446110694.parquet -> @stores stage
[2026-07-04T15:37:20.621+0000] {logging_mixin.py:188} INFO - Uploaded /tmp/minio_downloads/stores_190446191518.parquet -> @stores stage
[2026-07-04T15:37:21.030+0000] {logging_mixin.py:188} INFO - Uploaded /tmp/minio_downloads/stores_190446283195.parquet -> @stores stage
[2026-07-04T15:37:21.545+0000] {logging_mixin.py:188} INFO - Uploaded /tmp/minio_downloads/stores_190446362684.parquet -> @stores stage
[2026-07-04T15:37:21.929+0000] {logging_mixin.py:188} INFO - Uploaded /tmp/minio_downloads/stores_190446451054.parquet -> @stores stage
[2026-07-04T15:37:22.363+0000] {logging_mixin.py:188} INFO - Uploaded /tmp/minio_downloads/stores_190446541931.parquet -> @stores stage
[2026-07-04T15:37:22.875+0000] {logging_mixin.py:188} INFO - Uploaded /tmp/minio_downloads/stores_190446622071.parquet -> @stores stage
[2026-07-04T15:37:23.284+0000] {logging_mixin.py:188} INFO - Uploaded /tmp/minio_downloads/stores_190446689553.parquet -> @stores stage
[2026-07-04T15:37:23.670+0000] {logging_mixin.py:188} INFO - Uploaded /tmp/minio_downloads/stores_190446756842.parquet -> @stores stage
[2026-07-04T15:37:24.100+0000] {logging_mixin.py:188} INFO - Uploaded /tmp/minio_downloads/stores_190446830754.parquet -> @stores stage
[2026-07-04T15:37:24.516+0000] {logging_mixin.py:188} INFO - Uploaded /tmp/minio_downloads/stores_190446927328.parquet -> @stores stage
[2026-07-04T15:37:24.923+0000] {logging_mixin.py:188} INFO - Uploaded /tmp/minio_downloads/stores_190447021834.parquet -> @stores stage
[2026-07-04T15:37:25.434+0000] {logging_mixin.py:188} INFO - Uploaded /tmp/minio_downloads/stores_190447127099.parquet -> @stores stage
[2026-07-04T15:37:25.848+0000] {logging_mixin.py:188} INFO - Uploaded /tmp/minio_downloads/stores_190447212209.parquet -> @stores stage
[2026-07-04T15:37:26.355+0000] {logging_mixin.py:188} INFO - Uploaded /tmp/minio_downloads/stores_190447310415.parquet -> @stores stage
[2026-07-04T15:37:26.868+0000] {logging_mixin.py:188} INFO - Uploaded /tmp/minio_downloads/stores_190447410683.parquet -> @stores stage
[2026-07-04T15:37:27.279+0000] {logging_mixin.py:188} INFO - Uploaded /tmp/minio_downloads/stores_190447501166.parquet -> @stores stage
[2026-07-04T15:37:27.790+0000] {logging_mixin.py:188} INFO - Uploaded /tmp/minio_downloads/stores_190447596224.parquet -> @stores stage
[2026-07-04T15:37:28.230+0000] {logging_mixin.py:188} INFO - Uploaded /tmp/minio_downloads/stores_190447677658.parquet -> @stores stage
[2026-07-04T15:37:28.711+0000] {logging_mixin.py:188} INFO - Uploaded /tmp/minio_downloads/stores_190447773168.parquet -> @stores stage
[2026-07-04T15:37:29.223+0000] {logging_mixin.py:188} INFO - Uploaded /tmp/minio_downloads/stores_190447867671.parquet -> @stores stage
[2026-07-04T15:37:29.640+0000] {logging_mixin.py:188} INFO - Uploaded /tmp/minio_downloads/stores_190447955454.parquet -> @stores stage
[2026-07-04T15:37:30.145+0000] {logging_mixin.py:188} INFO - Uploaded /tmp/minio_downloads/stores_190448037880.parquet -> @stores stage
[2026-07-04T15:37:30.550+0000] {logging_mixin.py:188} INFO - Uploaded /tmp/minio_downloads/stores_190448128758.parquet -> @stores stage
[2026-07-04T15:37:30.959+0000] {logging_mixin.py:188} INFO - Uploaded /tmp/minio_downloads/stores_190448219080.parquet -> @stores stage
[2026-07-04T15:37:31.379+0000] {logging_mixin.py:188} INFO - Uploaded /tmp/minio_downloads/stores_190448292458.parquet -> @stores stage
[2026-07-04T15:37:31.887+0000] {logging_mixin.py:188} INFO - Uploaded /tmp/minio_downloads/stores_190448375217.parquet -> @stores stage
[2026-07-04T15:37:32.298+0000] {logging_mixin.py:188} INFO - Uploaded /tmp/minio_downloads/stores_190448455658.parquet -> @stores stage
[2026-07-04T15:37:32.811+0000] {logging_mixin.py:188} INFO - Uploaded /tmp/minio_downloads/stores_190448525051.parquet -> @stores stage
[2026-07-04T15:37:33.219+0000] {logging_mixin.py:188} INFO - Uploaded /tmp/minio_downloads/stores_190448598645.parquet -> @stores stage
[2026-07-04T15:37:33.731+0000] {logging_mixin.py:188} INFO - Uploaded /tmp/minio_downloads/stores_190448677439.parquet -> @stores stage
[2026-07-04T15:37:34.140+0000] {logging_mixin.py:188} INFO - Uploaded /tmp/minio_downloads/stores_190448755533.parquet -> @stores stage
[2026-07-04T15:37:34.551+0000] {logging_mixin.py:188} INFO - Uploaded /tmp/minio_downloads/stores_190448848686.parquet -> @stores stage
[2026-07-04T15:37:34.958+0000] {logging_mixin.py:188} INFO - Uploaded /tmp/minio_downloads/stores_190448945880.parquet -> @stores stage
[2026-07-04T15:37:35.369+0000] {logging_mixin.py:188} INFO - Uploaded /tmp/minio_downloads/stores_190449027496.parquet -> @stores stage
[2026-07-04T15:37:35.779+0000] {logging_mixin.py:188} INFO - Uploaded /tmp/minio_downloads/stores_190449112660.parquet -> @stores stage
[2026-07-04T15:37:36.292+0000] {logging_mixin.py:188} INFO - Uploaded /tmp/minio_downloads/stores_190449199597.parquet -> @stores stage
[2026-07-04T15:37:36.802+0000] {logging_mixin.py:188} INFO - Uploaded /tmp/minio_downloads/stores_190449285844.parquet -> @stores stage
[2026-07-04T15:37:37.198+0000] {logging_mixin.py:188} INFO - Uploaded /tmp/minio_downloads/stores_190449371162.parquet -> @stores stage
[2026-07-04T15:37:37.620+0000] {logging_mixin.py:188} INFO - Uploaded /tmp/minio_downloads/stores_190449442683.parquet -> @stores stage
[2026-07-04T15:37:38.034+0000] {logging_mixin.py:188} INFO - Uploaded /tmp/minio_downloads/stores_190449518958.parquet -> @stores stage
[2026-07-04T15:37:38.438+0000] {logging_mixin.py:188} INFO - Uploaded /tmp/minio_downloads/stores_190449588145.parquet -> @stores stage
[2026-07-04T15:37:38.852+0000] {logging_mixin.py:188} INFO - Uploaded /tmp/minio_downloads/stores_190449664666.parquet -> @stores stage
[2026-07-04T15:37:39.334+0000] {logging_mixin.py:188} INFO - Uploaded /tmp/minio_downloads/stores_190449739660.parquet -> @stores stage
[2026-07-04T15:37:39.766+0000] {logging_mixin.py:188} INFO - Uploaded /tmp/minio_downloads/stores_190449821857.parquet -> @stores stage
[2026-07-04T15:37:40.180+0000] {logging_mixin.py:188} INFO - Uploaded /tmp/minio_downloads/stores_190449903536.parquet -> @stores stage
[2026-07-04T15:37:40.692+0000] {logging_mixin.py:188} INFO - Uploaded /tmp/minio_downloads/stores_190449980174.parquet -> @stores stage
[2026-07-04T15:37:41.077+0000] {logging_mixin.py:188} INFO - Uploaded /tmp/minio_downloads/stores_190450058404.parquet -> @stores stage
[2026-07-04T15:37:41.513+0000] {logging_mixin.py:188} INFO - Uploaded /tmp/minio_downloads/stores_190450128104.parquet -> @stores stage
[2026-07-04T15:37:41.927+0000] {logging_mixin.py:188} INFO - Uploaded /tmp/minio_downloads/stores_190450197953.parquet -> @stores stage
[2026-07-04T15:37:42.295+0000] {logging_mixin.py:188} INFO - Uploaded /tmp/minio_downloads/stores_190450271815.parquet -> @stores stage
[2026-07-04T15:37:42.742+0000] {logging_mixin.py:188} INFO - Uploaded /tmp/minio_downloads/stores_190450343051.parquet -> @stores stage
[2026-07-04T15:37:43.131+0000] {logging_mixin.py:188} INFO - Uploaded /tmp/minio_downloads/stores_190450438931.parquet -> @stores stage
[2026-07-04T15:37:43.563+0000] {logging_mixin.py:188} INFO - Uploaded /tmp/minio_downloads/stores_190450511523.parquet -> @stores stage
[2026-07-04T15:37:44.148+0000] {logging_mixin.py:188} INFO - Uploaded /tmp/minio_downloads/stores_190450591396.parquet -> @stores stage
[2026-07-04T15:37:44.583+0000] {logging_mixin.py:188} INFO - Uploaded /tmp/minio_downloads/stores_190450659907.parquet -> @stores stage
[2026-07-04T15:37:45.102+0000] {logging_mixin.py:188} INFO - Uploaded /tmp/minio_downloads/stores_190450726360.parquet -> @stores stage
[2026-07-04T15:37:45.507+0000] {logging_mixin.py:188} INFO - Uploaded /tmp/minio_downloads/stores_190450802660.parquet -> @stores stage
[2026-07-04T15:37:45.912+0000] {logging_mixin.py:188} INFO - Uploaded /tmp/minio_downloads/stores_190450876888.parquet -> @stores stage
[2026-07-04T15:37:46.327+0000] {logging_mixin.py:188} INFO - Uploaded /tmp/minio_downloads/stores_190450965166.parquet -> @stores stage
[2026-07-04T15:37:46.840+0000] {logging_mixin.py:188} INFO - Uploaded /tmp/minio_downloads/stores_190451061105.parquet -> @stores stage
[2026-07-04T15:37:47.242+0000] {logging_mixin.py:188} INFO - Uploaded /tmp/minio_downloads/stores_190451170776.parquet -> @stores stage
[2026-07-04T15:37:47.659+0000] {logging_mixin.py:188} INFO - Uploaded /tmp/minio_downloads/stores_190451265588.parquet -> @stores stage
[2026-07-04T15:37:48.066+0000] {logging_mixin.py:188} INFO - Uploaded /tmp/minio_downloads/stores_190451369269.parquet -> @stores stage
[2026-07-04T15:37:48.477+0000] {logging_mixin.py:188} INFO - Uploaded /tmp/minio_downloads/stores_190451466068.parquet -> @stores stage
[2026-07-04T15:37:48.986+0000] {logging_mixin.py:188} INFO - Uploaded /tmp/minio_downloads/stores_190451557849.parquet -> @stores stage
[2026-07-04T15:37:49.500+0000] {logging_mixin.py:188} INFO - Uploaded /tmp/minio_downloads/stores_190451637866.parquet -> @stores stage
[2026-07-04T15:37:49.910+0000] {logging_mixin.py:188} INFO - Uploaded /tmp/minio_downloads/stores_190451742927.parquet -> @stores stage
[2026-07-04T15:37:50.525+0000] {logging_mixin.py:188} INFO - Data loaded into stores
[2026-07-04T15:37:51.071+0000] {python.py:237} INFO - Done. Returned value was: None
[2026-07-04T15:37:51.073+0000] {taskinstance.py:441} INFO - ::group::Post task execution logs
[2026-07-04T15:37:51.142+0000] {taskinstance.py:1206} INFO - Marking task as SUCCESS. dag_id=minio_to_snowflake_ecommerce, task_id=load_snowflake, run_id=scheduled__2026-07-04T14:31:00+00:00, execution_date=20260704T143100, start_date=20260704T151151, end_date=20260704T153751
[2026-07-04T15:37:51.398+0000] {local_task_job_runner.py:243} INFO - Task exited with return code 0
[2026-07-04T15:37:51.963+0000] {taskinstance.py:3503} INFO - 0 downstream tasks scheduled from follow-on schedule check
[2026-07-04T15:37:51.970+0000] {local_task_job_runner.py:222} INFO - ::endgroup::
