[2026-07-04T14:06:40.597+0000] {local_task_job_runner.py:120} INFO - ::group::Pre task execution logs
[2026-07-04T14:06:40.724+0000] {taskinstance.py:2076} INFO - Dependencies all met for dep_context=non-requeueable deps ti=<TaskInstance: minio_to_snowflake_ecommerce.download_minio scheduled__2026-07-04T14:05:00+00:00 [queued]>
[2026-07-04T14:06:41.197+0000] {taskinstance.py:2076} INFO - Dependencies all met for dep_context=requeueable deps ti=<TaskInstance: minio_to_snowflake_ecommerce.download_minio scheduled__2026-07-04T14:05:00+00:00 [queued]>
[2026-07-04T14:06:41.438+0000] {taskinstance.py:2306} INFO - Starting attempt 1 of 2
[2026-07-04T14:06:41.472+0000] {taskinstance.py:2330} INFO - Executing <Task(PythonOperator): download_minio> on 2026-07-04 14:05:00+00:00
[2026-07-04T14:06:41.886+0000] {standard_task_runner.py:90} INFO - Running: ['***', 'tasks', 'run', 'minio_to_snowflake_ecommerce', 'download_minio', 'scheduled__2026-07-04T14:05:00+00:00', '--job-id', '7', '--raw', '--subdir', 'DAGS_FOLDER/minio_to_snowflake_dag.py', '--cfg-path', '/tmp/tmpvtf4ppsl']
[2026-07-04T14:06:41.891+0000] {standard_task_runner.py:91} INFO - Job 7: Subtask download_minio
[2026-07-04T14:06:41.896+0000] {logging_mixin.py:188} WARNING - /home/***/.local/lib/python3.12/site-packages/***/task/task_runner/standard_task_runner.py:62 DeprecationWarning: This process (pid=4557) is multi-threaded, use of fork() may lead to deadlocks in the child.
[2026-07-04T14:06:41.897+0000] {standard_task_runner.py:64} INFO - Started process 4564 to run task
[2026-07-04T14:06:42.042+0000] {task_command.py:426} INFO - Running <TaskInstance: minio_to_snowflake_ecommerce.download_minio scheduled__2026-07-04T14:05:00+00:00 [running]> on host 791512f83421
[2026-07-04T14:06:42.377+0000] {taskinstance.py:2648} INFO - Exporting env vars: AIRFLOW_CTX_DAG_OWNER='***' AIRFLOW_CTX_DAG_ID='minio_to_snowflake_ecommerce' AIRFLOW_CTX_TASK_ID='download_minio' AIRFLOW_CTX_EXECUTION_DATE='2026-07-04T14:05:00+00:00' AIRFLOW_CTX_TRY_NUMBER='1' AIRFLOW_CTX_DAG_RUN_ID='scheduled__2026-07-04T14:05:00+00:00'
[2026-07-04T14:06:42.380+0000] {taskinstance.py:430} INFO - ::endgroup::
[2026-07-04T14:06:47.020+0000] {logging_mixin.py:188} INFO - Downloaded customers/date=2026-06-17/customers_190118474101.parquet -> /tmp/minio_downloads/customers_190118474101.parquet
[2026-07-04T14:06:47.046+0000] {logging_mixin.py:188} INFO - Downloaded customers/date=2026-06-17/customers_190118558805.parquet -> /tmp/minio_downloads/customers_190118558805.parquet
[2026-07-04T14:06:47.073+0000] {logging_mixin.py:188} INFO - Downloaded customers/date=2026-06-17/customers_190118637451.parquet -> /tmp/minio_downloads/customers_190118637451.parquet
[2026-07-04T14:06:47.097+0000] {logging_mixin.py:188} INFO - Downloaded customers/date=2026-06-17/customers_190118704077.parquet -> /tmp/minio_downloads/customers_190118704077.parquet
[2026-07-04T14:06:47.120+0000] {logging_mixin.py:188} INFO - Downloaded customers/date=2026-06-17/customers_190118757294.parquet -> /tmp/minio_downloads/customers_190118757294.parquet
[2026-07-04T14:06:47.147+0000] {logging_mixin.py:188} INFO - Downloaded customers/date=2026-06-17/customers_190118804450.parquet -> /tmp/minio_downloads/customers_190118804450.parquet
[2026-07-04T14:06:47.173+0000] {logging_mixin.py:188} INFO - Downloaded customers/date=2026-06-17/customers_190118859377.parquet -> /tmp/minio_downloads/customers_190118859377.parquet
[2026-07-04T14:06:47.199+0000] {logging_mixin.py:188} INFO - Downloaded customers/date=2026-06-17/customers_190118909807.parquet -> /tmp/minio_downloads/customers_190118909807.parquet
[2026-07-04T14:06:47.225+0000] {logging_mixin.py:188} INFO - Downloaded customers/date=2026-06-17/customers_190118962070.parquet -> /tmp/minio_downloads/customers_190118962070.parquet
[2026-07-04T14:06:47.251+0000] {logging_mixin.py:188} INFO - Downloaded customers/date=2026-06-17/customers_190119013345.parquet -> /tmp/minio_downloads/customers_190119013345.parquet
[2026-07-04T14:06:47.276+0000] {logging_mixin.py:188} INFO - Downloaded customers/date=2026-06-17/customers_190119066490.parquet -> /tmp/minio_downloads/customers_190119066490.parquet
[2026-07-04T14:06:47.301+0000] {logging_mixin.py:188} INFO - Downloaded customers/date=2026-06-17/customers_190119139754.parquet -> /tmp/minio_downloads/customers_190119139754.parquet
[2026-07-04T14:06:47.327+0000] {logging_mixin.py:188} INFO - Downloaded customers/date=2026-06-17/customers_190119263543.parquet -> /tmp/minio_downloads/customers_190119263543.parquet
[2026-07-04T14:06:47.352+0000] {logging_mixin.py:188} INFO - Downloaded customers/date=2026-06-17/customers_190119390209.parquet -> /tmp/minio_downloads/customers_190119390209.parquet
[2026-07-04T14:06:47.377+0000] {logging_mixin.py:188} INFO - Downloaded customers/date=2026-06-17/customers_190119463358.parquet -> /tmp/minio_downloads/customers_190119463358.parquet
[2026-07-04T14:06:47.401+0000] {logging_mixin.py:188} INFO - Downloaded customers/date=2026-06-17/customers_190119548561.parquet -> /tmp/minio_downloads/customers_190119548561.parquet
[2026-07-04T14:06:47.426+0000] {logging_mixin.py:188} INFO - Downloaded customers/date=2026-06-17/customers_190119628300.parquet -> /tmp/minio_downloads/customers_190119628300.parquet
[2026-07-04T14:06:47.454+0000] {logging_mixin.py:188} INFO - Downloaded customers/date=2026-06-17/customers_190119731265.parquet -> /tmp/minio_downloads/customers_190119731265.parquet
[2026-07-04T14:06:47.480+0000] {logging_mixin.py:188} INFO - Downloaded customers/date=2026-06-17/customers_190119816203.parquet -> /tmp/minio_downloads/customers_190119816203.parquet
[2026-07-04T14:06:47.506+0000] {logging_mixin.py:188} INFO - Downloaded customers/date=2026-06-17/customers_190119905698.parquet -> /tmp/minio_downloads/customers_190119905698.parquet
[2026-07-04T14:06:47.530+0000] {logging_mixin.py:188} INFO - Downloaded customers/date=2026-06-17/customers_190120040271.parquet -> /tmp/minio_downloads/customers_190120040271.parquet
[2026-07-04T14:06:47.556+0000] {logging_mixin.py:188} INFO - Downloaded customers/date=2026-06-17/customers_190120132786.parquet -> /tmp/minio_downloads/customers_190120132786.parquet
[2026-07-04T14:06:47.582+0000] {logging_mixin.py:188} INFO - Downloaded customers/date=2026-06-17/customers_190120201937.parquet -> /tmp/minio_downloads/customers_190120201937.parquet
[2026-07-04T14:06:47.608+0000] {logging_mixin.py:188} INFO - Downloaded customers/date=2026-06-17/customers_190120279098.parquet -> /tmp/minio_downloads/customers_190120279098.parquet
[2026-07-04T14:06:47.639+0000] {logging_mixin.py:188} INFO - Downloaded customers/date=2026-06-17/customers_190120349697.parquet -> /tmp/minio_downloads/customers_190120349697.parquet
[2026-07-04T14:06:47.666+0000] {logging_mixin.py:188} INFO - Downloaded customers/date=2026-06-17/customers_190120432051.parquet -> /tmp/minio_downloads/customers_190120432051.parquet
[2026-07-04T14:06:47.691+0000] {logging_mixin.py:188} INFO - Downloaded customers/date=2026-06-17/customers_190120568706.parquet -> /tmp/minio_downloads/customers_190120568706.parquet
[2026-07-04T14:06:47.721+0000] {logging_mixin.py:188} INFO - Downloaded customers/date=2026-06-17/customers_190120649298.parquet -> /tmp/minio_downloads/customers_190120649298.parquet
[2026-07-04T14:06:47.749+0000] {logging_mixin.py:188} INFO - Downloaded customers/date=2026-06-17/customers_190120717788.parquet -> /tmp/minio_downloads/customers_190120717788.parquet
[2026-07-04T14:06:47.774+0000] {logging_mixin.py:188} INFO - Downloaded customers/date=2026-06-17/customers_190120785337.parquet -> /tmp/minio_downloads/customers_190120785337.parquet
[2026-07-04T14:06:47.800+0000] {logging_mixin.py:188} INFO - Downloaded customers/date=2026-06-17/customers_190120832918.parquet -> /tmp/minio_downloads/customers_190120832918.parquet
[2026-07-04T14:06:47.828+0000] {logging_mixin.py:188} INFO - Downloaded customers/date=2026-06-17/customers_190120902521.parquet -> /tmp/minio_downloads/customers_190120902521.parquet
[2026-07-04T14:06:47.854+0000] {logging_mixin.py:188} INFO - Downloaded customers/date=2026-06-17/customers_190120964409.parquet -> /tmp/minio_downloads/customers_190120964409.parquet
[2026-07-04T14:06:47.881+0000] {logging_mixin.py:188} INFO - Downloaded customers/date=2026-06-17/customers_190121020503.parquet -> /tmp/minio_downloads/customers_190121020503.parquet
[2026-07-04T14:06:47.906+0000] {logging_mixin.py:188} INFO - Downloaded customers/date=2026-06-17/customers_190121089337.parquet -> /tmp/minio_downloads/customers_190121089337.parquet
[2026-07-04T14:06:47.933+0000] {logging_mixin.py:188} INFO - Downloaded customers/date=2026-06-17/customers_190121147140.parquet -> /tmp/minio_downloads/customers_190121147140.parquet
[2026-07-04T14:06:47.961+0000] {logging_mixin.py:188} INFO - Downloaded customers/date=2026-06-17/customers_190121236766.parquet -> /tmp/minio_downloads/customers_190121236766.parquet
[2026-07-04T14:06:47.989+0000] {logging_mixin.py:188} INFO - Downloaded customers/date=2026-06-17/customers_190121314374.parquet -> /tmp/minio_downloads/customers_190121314374.parquet
[2026-07-04T14:06:48.021+0000] {logging_mixin.py:188} INFO - Downloaded customers/date=2026-06-17/customers_190121389208.parquet -> /tmp/minio_downloads/customers_190121389208.parquet
[2026-07-04T14:06:48.047+0000] {logging_mixin.py:188} INFO - Downloaded customers/date=2026-06-17/customers_190121470589.parquet -> /tmp/minio_downloads/customers_190121470589.parquet
[2026-07-04T14:06:48.074+0000] {logging_mixin.py:188} INFO - Downloaded customers/date=2026-06-17/customers_190121557173.parquet -> /tmp/minio_downloads/customers_190121557173.parquet
[2026-07-04T14:06:48.100+0000] {logging_mixin.py:188} INFO - Downloaded customers/date=2026-06-17/customers_190121635672.parquet -> /tmp/minio_downloads/customers_190121635672.parquet
[2026-07-04T14:06:48.126+0000] {logging_mixin.py:188} INFO - Downloaded customers/date=2026-06-17/customers_190121708765.parquet -> /tmp/minio_downloads/customers_190121708765.parquet
[2026-07-04T14:06:48.153+0000] {logging_mixin.py:188} INFO - Downloaded customers/date=2026-06-17/customers_190121774496.parquet -> /tmp/minio_downloads/customers_190121774496.parquet
[2026-07-04T14:06:48.179+0000] {logging_mixin.py:188} INFO - Downloaded customers/date=2026-06-17/customers_190121828872.parquet -> /tmp/minio_downloads/customers_190121828872.parquet
[2026-07-04T14:06:48.203+0000] {logging_mixin.py:188} INFO - Downloaded customers/date=2026-06-17/customers_190121884665.parquet -> /tmp/minio_downloads/customers_190121884665.parquet
[2026-07-04T14:06:48.228+0000] {logging_mixin.py:188} INFO - Downloaded customers/date=2026-06-17/customers_190121936133.parquet -> /tmp/minio_downloads/customers_190121936133.parquet
[2026-07-04T14:06:48.254+0000] {logging_mixin.py:188} INFO - Downloaded customers/date=2026-06-17/customers_190121986968.parquet -> /tmp/minio_downloads/customers_190121986968.parquet
[2026-07-04T14:06:48.278+0000] {logging_mixin.py:188} INFO - Downloaded customers/date=2026-06-17/customers_190122038502.parquet -> /tmp/minio_downloads/customers_190122038502.parquet
[2026-07-04T14:06:48.306+0000] {logging_mixin.py:188} INFO - Downloaded customers/date=2026-06-17/customers_190122087552.parquet -> /tmp/minio_downloads/customers_190122087552.parquet
[2026-07-04T14:06:48.333+0000] {logging_mixin.py:188} INFO - Downloaded customers/date=2026-06-17/customers_190122199861.parquet -> /tmp/minio_downloads/customers_190122199861.parquet
[2026-07-04T14:06:48.357+0000] {logging_mixin.py:188} INFO - Downloaded customers/date=2026-06-17/customers_190122288107.parquet -> /tmp/minio_downloads/customers_190122288107.parquet
[2026-07-04T14:06:48.384+0000] {logging_mixin.py:188} INFO - Downloaded customers/date=2026-06-17/customers_190122362702.parquet -> /tmp/minio_downloads/customers_190122362702.parquet
[2026-07-04T14:06:48.410+0000] {logging_mixin.py:188} INFO - Downloaded customers/date=2026-06-17/customers_190122426397.parquet -> /tmp/minio_downloads/customers_190122426397.parquet
[2026-07-04T14:06:48.436+0000] {logging_mixin.py:188} INFO - Downloaded customers/date=2026-06-17/customers_190122496594.parquet -> /tmp/minio_downloads/customers_190122496594.parquet
[2026-07-04T14:06:48.462+0000] {logging_mixin.py:188} INFO - Downloaded customers/date=2026-06-17/customers_190122575921.parquet -> /tmp/minio_downloads/customers_190122575921.parquet
[2026-07-04T14:06:48.488+0000] {logging_mixin.py:188} INFO - Downloaded customers/date=2026-06-17/customers_190122666732.parquet -> /tmp/minio_downloads/customers_190122666732.parquet
[2026-07-04T14:06:48.514+0000] {logging_mixin.py:188} INFO - Downloaded customers/date=2026-06-17/customers_190122744017.parquet -> /tmp/minio_downloads/customers_190122744017.parquet
[2026-07-04T14:06:48.539+0000] {logging_mixin.py:188} INFO - Downloaded customers/date=2026-06-17/customers_190122803790.parquet -> /tmp/minio_downloads/customers_190122803790.parquet
[2026-07-04T14:06:48.565+0000] {logging_mixin.py:188} INFO - Downloaded customers/date=2026-06-17/customers_190122866720.parquet -> /tmp/minio_downloads/customers_190122866720.parquet
[2026-07-04T14:06:48.590+0000] {logging_mixin.py:188} INFO - Downloaded customers/date=2026-06-17/customers_190122917755.parquet -> /tmp/minio_downloads/customers_190122917755.parquet
[2026-07-04T14:06:48.616+0000] {logging_mixin.py:188} INFO - Downloaded customers/date=2026-06-17/customers_190122965839.parquet -> /tmp/minio_downloads/customers_190122965839.parquet
[2026-07-04T14:06:48.641+0000] {logging_mixin.py:188} INFO - Downloaded customers/date=2026-06-17/customers_190123017563.parquet -> /tmp/minio_downloads/customers_190123017563.parquet
[2026-07-04T14:06:48.668+0000] {logging_mixin.py:188} INFO - Downloaded customers/date=2026-06-17/customers_190123087773.parquet -> /tmp/minio_downloads/customers_190123087773.parquet
[2026-07-04T14:06:48.694+0000] {logging_mixin.py:188} INFO - Downloaded customers/date=2026-06-17/customers_190123155911.parquet -> /tmp/minio_downloads/customers_190123155911.parquet
[2026-07-04T14:06:48.719+0000] {logging_mixin.py:188} INFO - Downloaded customers/date=2026-06-17/customers_190123225422.parquet -> /tmp/minio_downloads/customers_190123225422.parquet
[2026-07-04T14:06:48.743+0000] {logging_mixin.py:188} INFO - Downloaded customers/date=2026-06-17/customers_190123295060.parquet -> /tmp/minio_downloads/customers_190123295060.parquet
[2026-07-04T14:06:48.766+0000] {logging_mixin.py:188} INFO - Downloaded customers/date=2026-06-17/customers_190123375883.parquet -> /tmp/minio_downloads/customers_190123375883.parquet
[2026-07-04T14:06:48.797+0000] {logging_mixin.py:188} INFO - Downloaded customers/date=2026-06-17/customers_190123461445.parquet -> /tmp/minio_downloads/customers_190123461445.parquet
[2026-07-04T14:06:48.824+0000] {logging_mixin.py:188} INFO - Downloaded customers/date=2026-06-17/customers_190123549403.parquet -> /tmp/minio_downloads/customers_190123549403.parquet
[2026-07-04T14:06:48.856+0000] {logging_mixin.py:188} INFO - Downloaded customers/date=2026-06-17/customers_190123629735.parquet -> /tmp/minio_downloads/customers_190123629735.parquet
[2026-07-04T14:06:48.891+0000] {logging_mixin.py:188} INFO - Downloaded customers/date=2026-06-17/customers_190123712537.parquet -> /tmp/minio_downloads/customers_190123712537.parquet
[2026-07-04T14:06:48.922+0000] {logging_mixin.py:188} INFO - Downloaded customers/date=2026-06-17/customers_190123785855.parquet -> /tmp/minio_downloads/customers_190123785855.parquet
[2026-07-04T14:06:48.952+0000] {logging_mixin.py:188} INFO - Downloaded customers/date=2026-06-17/customers_190123852768.parquet -> /tmp/minio_downloads/customers_190123852768.parquet
[2026-07-04T14:06:48.980+0000] {logging_mixin.py:188} INFO - Downloaded customers/date=2026-06-17/customers_190123936501.parquet -> /tmp/minio_downloads/customers_190123936501.parquet
[2026-07-04T14:06:49.014+0000] {logging_mixin.py:188} INFO - Downloaded customers/date=2026-06-17/customers_190124033849.parquet -> /tmp/minio_downloads/customers_190124033849.parquet
[2026-07-04T14:06:49.050+0000] {logging_mixin.py:188} INFO - Downloaded customers/date=2026-06-17/customers_190124166322.parquet -> /tmp/minio_downloads/customers_190124166322.parquet
[2026-07-04T14:06:49.084+0000] {logging_mixin.py:188} INFO - Downloaded customers/date=2026-06-17/customers_190124239295.parquet -> /tmp/minio_downloads/customers_190124239295.parquet
[2026-07-04T14:06:49.117+0000] {logging_mixin.py:188} INFO - Downloaded customers/date=2026-06-17/customers_190124308641.parquet -> /tmp/minio_downloads/customers_190124308641.parquet
[2026-07-04T14:06:49.153+0000] {logging_mixin.py:188} INFO - Downloaded customers/date=2026-06-17/customers_190124367126.parquet -> /tmp/minio_downloads/customers_190124367126.parquet
[2026-07-04T14:06:49.189+0000] {logging_mixin.py:188} INFO - Downloaded customers/date=2026-06-17/customers_190124438120.parquet -> /tmp/minio_downloads/customers_190124438120.parquet
[2026-07-04T14:06:49.226+0000] {logging_mixin.py:188} INFO - Downloaded customers/date=2026-06-17/customers_190124506813.parquet -> /tmp/minio_downloads/customers_190124506813.parquet
[2026-07-04T14:06:49.260+0000] {logging_mixin.py:188} INFO - Downloaded customers/date=2026-06-17/customers_190124577918.parquet -> /tmp/minio_downloads/customers_190124577918.parquet
[2026-07-04T14:06:49.289+0000] {logging_mixin.py:188} INFO - Downloaded customers/date=2026-06-17/customers_190124645052.parquet -> /tmp/minio_downloads/customers_190124645052.parquet
[2026-07-04T14:06:49.317+0000] {logging_mixin.py:188} INFO - Downloaded customers/date=2026-06-17/customers_190124698144.parquet -> /tmp/minio_downloads/customers_190124698144.parquet
[2026-07-04T14:06:49.344+0000] {logging_mixin.py:188} INFO - Downloaded customers/date=2026-06-17/customers_190124750698.parquet -> /tmp/minio_downloads/customers_190124750698.parquet
[2026-07-04T14:06:49.372+0000] {logging_mixin.py:188} INFO - Downloaded customers/date=2026-06-17/customers_190124860523.parquet -> /tmp/minio_downloads/customers_190124860523.parquet
[2026-07-04T14:06:49.400+0000] {logging_mixin.py:188} INFO - Downloaded customers/date=2026-06-17/customers_190124942262.parquet -> /tmp/minio_downloads/customers_190124942262.parquet
[2026-07-04T14:06:49.426+0000] {logging_mixin.py:188} INFO - Downloaded customers/date=2026-06-17/customers_190125013131.parquet -> /tmp/minio_downloads/customers_190125013131.parquet
[2026-07-04T14:06:49.453+0000] {logging_mixin.py:188} INFO - Downloaded customers/date=2026-06-17/customers_190125105286.parquet -> /tmp/minio_downloads/customers_190125105286.parquet
[2026-07-04T14:06:49.479+0000] {logging_mixin.py:188} INFO - Downloaded customers/date=2026-06-17/customers_190125202440.parquet -> /tmp/minio_downloads/customers_190125202440.parquet
[2026-07-04T14:06:49.506+0000] {logging_mixin.py:188} INFO - Downloaded customers/date=2026-06-17/customers_190125298099.parquet -> /tmp/minio_downloads/customers_190125298099.parquet
[2026-07-04T14:06:49.534+0000] {logging_mixin.py:188} INFO - Downloaded customers/date=2026-06-17/customers_190125375584.parquet -> /tmp/minio_downloads/customers_190125375584.parquet
[2026-07-04T14:06:49.562+0000] {logging_mixin.py:188} INFO - Downloaded customers/date=2026-06-17/customers_190125437993.parquet -> /tmp/minio_downloads/customers_190125437993.parquet
[2026-07-04T14:06:49.591+0000] {logging_mixin.py:188} INFO - Downloaded customers/date=2026-06-17/customers_190125502586.parquet -> /tmp/minio_downloads/customers_190125502586.parquet
[2026-07-04T14:06:49.622+0000] {logging_mixin.py:188} INFO - Downloaded customers/date=2026-06-17/customers_190125580897.parquet -> /tmp/minio_downloads/customers_190125580897.parquet
[2026-07-04T14:06:49.653+0000] {logging_mixin.py:188} INFO - Downloaded customers/date=2026-06-17/customers_190125642474.parquet -> /tmp/minio_downloads/customers_190125642474.parquet
[2026-07-04T14:06:49.681+0000] {logging_mixin.py:188} INFO - Downloaded customers/date=2026-06-17/customers_190125701048.parquet -> /tmp/minio_downloads/customers_190125701048.parquet
[2026-07-04T14:06:49.710+0000] {logging_mixin.py:188} INFO - Downloaded customers/date=2026-06-17/customers_190125761080.parquet -> /tmp/minio_downloads/customers_190125761080.parquet
[2026-07-04T14:06:49.740+0000] {logging_mixin.py:188} INFO - Downloaded customers/date=2026-06-17/customers_190125833530.parquet -> /tmp/minio_downloads/customers_190125833530.parquet
[2026-07-04T14:06:49.767+0000] {logging_mixin.py:188} INFO - Downloaded customers/date=2026-06-17/customers_190125898658.parquet -> /tmp/minio_downloads/customers_190125898658.parquet
[2026-07-04T14:06:49.796+0000] {logging_mixin.py:188} INFO - Downloaded customers/date=2026-06-17/customers_190125975991.parquet -> /tmp/minio_downloads/customers_190125975991.parquet
[2026-07-04T14:06:49.824+0000] {logging_mixin.py:188} INFO - Downloaded customers/date=2026-06-17/customers_190126066822.parquet -> /tmp/minio_downloads/customers_190126066822.parquet
[2026-07-04T14:06:49.853+0000] {logging_mixin.py:188} INFO - Downloaded customers/date=2026-06-17/customers_190126198505.parquet -> /tmp/minio_downloads/customers_190126198505.parquet
[2026-07-04T14:06:49.884+0000] {logging_mixin.py:188} INFO - Downloaded customers/date=2026-06-17/customers_190126301475.parquet -> /tmp/minio_downloads/customers_190126301475.parquet
[2026-07-04T14:06:49.912+0000] {logging_mixin.py:188} INFO - Downloaded customers/date=2026-06-17/customers_190126398593.parquet -> /tmp/minio_downloads/customers_190126398593.parquet
[2026-07-04T14:06:49.941+0000] {logging_mixin.py:188} INFO - Downloaded customers/date=2026-06-17/customers_190126533501.parquet -> /tmp/minio_downloads/customers_190126533501.parquet
[2026-07-04T14:06:49.969+0000] {logging_mixin.py:188} INFO - Downloaded customers/date=2026-06-17/customers_190126611796.parquet -> /tmp/minio_downloads/customers_190126611796.parquet
[2026-07-04T14:06:49.995+0000] {logging_mixin.py:188} INFO - Downloaded customers/date=2026-06-17/customers_190126673708.parquet -> /tmp/minio_downloads/customers_190126673708.parquet
[2026-07-04T14:06:50.025+0000] {logging_mixin.py:188} INFO - Downloaded customers/date=2026-06-17/customers_190126725267.parquet -> /tmp/minio_downloads/customers_190126725267.parquet
[2026-07-04T14:06:50.053+0000] {logging_mixin.py:188} INFO - Downloaded customers/date=2026-06-17/customers_190126787313.parquet -> /tmp/minio_downloads/customers_190126787313.parquet
[2026-07-04T14:06:50.082+0000] {logging_mixin.py:188} INFO - Downloaded customers/date=2026-06-17/customers_190126855392.parquet -> /tmp/minio_downloads/customers_190126855392.parquet
[2026-07-04T14:06:50.107+0000] {logging_mixin.py:188} INFO - Downloaded customers/date=2026-06-17/customers_190126906171.parquet -> /tmp/minio_downloads/customers_190126906171.parquet
[2026-07-04T14:06:50.135+0000] {logging_mixin.py:188} INFO - Downloaded customers/date=2026-06-17/customers_190126961049.parquet -> /tmp/minio_downloads/customers_190126961049.parquet
[2026-07-04T14:06:50.162+0000] {logging_mixin.py:188} INFO - Downloaded customers/date=2026-06-17/customers_190127014299.parquet -> /tmp/minio_downloads/customers_190127014299.parquet
[2026-07-04T14:06:50.191+0000] {logging_mixin.py:188} INFO - Downloaded customers/date=2026-06-17/customers_190127077863.parquet -> /tmp/minio_downloads/customers_190127077863.parquet
[2026-07-04T14:06:50.219+0000] {logging_mixin.py:188} INFO - Downloaded customers/date=2026-06-17/customers_190127230270.parquet -> /tmp/minio_downloads/customers_190127230270.parquet
[2026-07-04T14:06:50.252+0000] {logging_mixin.py:188} INFO - Downloaded customers/date=2026-06-17/customers_190127379217.parquet -> /tmp/minio_downloads/customers_190127379217.parquet
[2026-07-04T14:06:50.283+0000] {logging_mixin.py:188} INFO - Downloaded customers/date=2026-06-17/customers_190127480731.parquet -> /tmp/minio_downloads/customers_190127480731.parquet
[2026-07-04T14:06:50.313+0000] {logging_mixin.py:188} INFO - Downloaded customers/date=2026-06-17/customers_190127588343.parquet -> /tmp/minio_downloads/customers_190127588343.parquet
[2026-07-04T14:06:50.340+0000] {logging_mixin.py:188} INFO - Downloaded customers/date=2026-06-17/customers_190127655023.parquet -> /tmp/minio_downloads/customers_190127655023.parquet
[2026-07-04T14:06:50.366+0000] {logging_mixin.py:188} INFO - Downloaded customers/date=2026-06-17/customers_190127718661.parquet -> /tmp/minio_downloads/customers_190127718661.parquet
[2026-07-04T14:06:50.393+0000] {logging_mixin.py:188} INFO - Downloaded customers/date=2026-06-17/customers_190127807503.parquet -> /tmp/minio_downloads/customers_190127807503.parquet
[2026-07-04T14:06:50.419+0000] {logging_mixin.py:188} INFO - Downloaded customers/date=2026-06-17/customers_190127875342.parquet -> /tmp/minio_downloads/customers_190127875342.parquet
[2026-07-04T14:06:50.444+0000] {logging_mixin.py:188} INFO - Downloaded customers/date=2026-06-17/customers_190127934037.parquet -> /tmp/minio_downloads/customers_190127934037.parquet
[2026-07-04T14:06:50.471+0000] {logging_mixin.py:188} INFO - Downloaded customers/date=2026-06-17/customers_190127986063.parquet -> /tmp/minio_downloads/customers_190127986063.parquet
[2026-07-04T14:06:50.499+0000] {logging_mixin.py:188} INFO - Downloaded customers/date=2026-06-17/customers_190128037403.parquet -> /tmp/minio_downloads/customers_190128037403.parquet
[2026-07-04T14:06:50.525+0000] {logging_mixin.py:188} INFO - Downloaded customers/date=2026-06-17/customers_190128094155.parquet -> /tmp/minio_downloads/customers_190128094155.parquet
[2026-07-04T14:06:50.553+0000] {logging_mixin.py:188} INFO - Downloaded customers/date=2026-06-17/customers_190128153350.parquet -> /tmp/minio_downloads/customers_190128153350.parquet
[2026-07-04T14:06:50.588+0000] {logging_mixin.py:188} INFO - Downloaded customers/date=2026-06-17/customers_190128208574.parquet -> /tmp/minio_downloads/customers_190128208574.parquet
[2026-07-04T14:06:50.616+0000] {logging_mixin.py:188} INFO - Downloaded customers/date=2026-06-17/customers_190128269321.parquet -> /tmp/minio_downloads/customers_190128269321.parquet
[2026-07-04T14:06:50.646+0000] {logging_mixin.py:188} INFO - Downloaded customers/date=2026-06-17/customers_190128431709.parquet -> /tmp/minio_downloads/customers_190128431709.parquet
[2026-07-04T14:06:50.672+0000] {logging_mixin.py:188} INFO - Downloaded customers/date=2026-06-17/customers_190128531915.parquet -> /tmp/minio_downloads/customers_190128531915.parquet
[2026-07-04T14:06:50.701+0000] {logging_mixin.py:188} INFO - Downloaded customers/date=2026-06-17/customers_190128627723.parquet -> /tmp/minio_downloads/customers_190128627723.parquet
[2026-07-04T14:06:50.727+0000] {logging_mixin.py:188} INFO - Downloaded customers/date=2026-06-17/customers_190128728340.parquet -> /tmp/minio_downloads/customers_190128728340.parquet
[2026-07-04T14:06:50.753+0000] {logging_mixin.py:188} INFO - Downloaded customers/date=2026-06-17/customers_190128798458.parquet -> /tmp/minio_downloads/customers_190128798458.parquet
[2026-07-04T14:06:50.779+0000] {logging_mixin.py:188} INFO - Downloaded customers/date=2026-06-17/customers_190128859676.parquet -> /tmp/minio_downloads/customers_190128859676.parquet
[2026-07-04T14:06:50.806+0000] {logging_mixin.py:188} INFO - Downloaded customers/date=2026-06-17/customers_190128933072.parquet -> /tmp/minio_downloads/customers_190128933072.parquet
[2026-07-04T14:06:50.833+0000] {logging_mixin.py:188} INFO - Downloaded customers/date=2026-06-17/customers_190129009410.parquet -> /tmp/minio_downloads/customers_190129009410.parquet
[2026-07-04T14:06:50.861+0000] {logging_mixin.py:188} INFO - Downloaded customers/date=2026-06-17/customers_190129066318.parquet -> /tmp/minio_downloads/customers_190129066318.parquet
[2026-07-04T14:06:50.887+0000] {logging_mixin.py:188} INFO - Downloaded customers/date=2026-06-17/customers_190129134200.parquet -> /tmp/minio_downloads/customers_190129134200.parquet
[2026-07-04T14:06:50.912+0000] {logging_mixin.py:188} INFO - Downloaded customers/date=2026-06-17/customers_190129228717.parquet -> /tmp/minio_downloads/customers_190129228717.parquet
[2026-07-04T14:06:50.940+0000] {logging_mixin.py:188} INFO - Downloaded customers/date=2026-06-17/customers_190129346180.parquet -> /tmp/minio_downloads/customers_190129346180.parquet
[2026-07-04T14:06:50.968+0000] {logging_mixin.py:188} INFO - Downloaded customers/date=2026-06-17/customers_190129451553.parquet -> /tmp/minio_downloads/customers_190129451553.parquet
[2026-07-04T14:06:50.999+0000] {logging_mixin.py:188} INFO - Downloaded customers/date=2026-06-17/customers_190129526392.parquet -> /tmp/minio_downloads/customers_190129526392.parquet
[2026-07-04T14:06:51.035+0000] {logging_mixin.py:188} INFO - Downloaded customers/date=2026-06-17/customers_190129605212.parquet -> /tmp/minio_downloads/customers_190129605212.parquet
[2026-07-04T14:06:51.062+0000] {logging_mixin.py:188} INFO - Downloaded customers/date=2026-06-17/customers_190129695196.parquet -> /tmp/minio_downloads/customers_190129695196.parquet
[2026-07-04T14:06:51.090+0000] {logging_mixin.py:188} INFO - Downloaded customers/date=2026-06-17/customers_190129776918.parquet -> /tmp/minio_downloads/customers_190129776918.parquet
[2026-07-04T14:06:51.114+0000] {logging_mixin.py:188} INFO - Downloaded customers/date=2026-06-17/customers_190129832175.parquet -> /tmp/minio_downloads/customers_190129832175.parquet
[2026-07-04T14:06:51.140+0000] {logging_mixin.py:188} INFO - Downloaded customers/date=2026-06-17/customers_190129890474.parquet -> /tmp/minio_downloads/customers_190129890474.parquet
[2026-07-04T14:06:51.164+0000] {logging_mixin.py:188} INFO - Downloaded customers/date=2026-06-17/customers_190129953507.parquet -> /tmp/minio_downloads/customers_190129953507.parquet
[2026-07-04T14:06:51.189+0000] {logging_mixin.py:188} INFO - Downloaded customers/date=2026-06-17/customers_190130013760.parquet -> /tmp/minio_downloads/customers_190130013760.parquet
[2026-07-04T14:06:51.214+0000] {logging_mixin.py:188} INFO - Downloaded customers/date=2026-06-17/customers_190130073802.parquet -> /tmp/minio_downloads/customers_190130073802.parquet
[2026-07-04T14:06:51.239+0000] {logging_mixin.py:188} INFO - Downloaded customers/date=2026-06-17/customers_190130138955.parquet -> /tmp/minio_downloads/customers_190130138955.parquet
[2026-07-04T14:06:51.265+0000] {logging_mixin.py:188} INFO - Downloaded customers/date=2026-06-17/customers_190130228190.parquet -> /tmp/minio_downloads/customers_190130228190.parquet
[2026-07-04T14:06:51.290+0000] {logging_mixin.py:188} INFO - Downloaded customers/date=2026-06-17/customers_190130320235.parquet -> /tmp/minio_downloads/customers_190130320235.parquet
[2026-07-04T14:06:51.316+0000] {logging_mixin.py:188} INFO - Downloaded customers/date=2026-06-17/customers_190130463414.parquet -> /tmp/minio_downloads/customers_190130463414.parquet
[2026-07-04T14:06:51.342+0000] {logging_mixin.py:188} INFO - Downloaded customers/date=2026-06-17/customers_190130642884.parquet -> /tmp/minio_downloads/customers_190130642884.parquet
[2026-07-04T14:06:51.366+0000] {logging_mixin.py:188} INFO - Downloaded customers/date=2026-06-17/customers_190130717184.parquet -> /tmp/minio_downloads/customers_190130717184.parquet
[2026-07-04T14:06:51.390+0000] {logging_mixin.py:188} INFO - Downloaded customers/date=2026-06-17/customers_190130808820.parquet -> /tmp/minio_downloads/customers_190130808820.parquet
[2026-07-04T14:06:51.416+0000] {logging_mixin.py:188} INFO - Downloaded customers/date=2026-06-17/customers_190130916199.parquet -> /tmp/minio_downloads/customers_190130916199.parquet
[2026-07-04T14:06:51.440+0000] {logging_mixin.py:188} INFO - Downloaded customers/date=2026-06-17/customers_190131003963.parquet -> /tmp/minio_downloads/customers_190131003963.parquet
[2026-07-04T14:06:51.465+0000] {logging_mixin.py:188} INFO - Downloaded customers/date=2026-06-17/customers_190131072490.parquet -> /tmp/minio_downloads/customers_190131072490.parquet
[2026-07-04T14:06:51.489+0000] {logging_mixin.py:188} INFO - Downloaded customers/date=2026-06-17/customers_190131132290.parquet -> /tmp/minio_downloads/customers_190131132290.parquet
[2026-07-04T14:06:51.514+0000] {logging_mixin.py:188} INFO - Downloaded customers/date=2026-06-17/customers_190131197231.parquet -> /tmp/minio_downloads/customers_190131197231.parquet
[2026-07-04T14:06:51.540+0000] {logging_mixin.py:188} INFO - Downloaded customers/date=2026-06-17/customers_190131284048.parquet -> /tmp/minio_downloads/customers_190131284048.parquet
[2026-07-04T14:06:51.566+0000] {logging_mixin.py:188} INFO - Downloaded customers/date=2026-06-17/customers_190131351632.parquet -> /tmp/minio_downloads/customers_190131351632.parquet
[2026-07-04T14:06:51.592+0000] {logging_mixin.py:188} INFO - Downloaded customers/date=2026-06-17/customers_190131412820.parquet -> /tmp/minio_downloads/customers_190131412820.parquet
[2026-07-04T14:06:51.616+0000] {logging_mixin.py:188} INFO - Downloaded customers/date=2026-06-17/customers_190131477522.parquet -> /tmp/minio_downloads/customers_190131477522.parquet
[2026-07-04T14:06:51.642+0000] {logging_mixin.py:188} INFO - Downloaded customers/date=2026-06-17/customers_190131556821.parquet -> /tmp/minio_downloads/customers_190131556821.parquet
[2026-07-04T14:06:51.666+0000] {logging_mixin.py:188} INFO - Downloaded customers/date=2026-06-17/customers_190131630829.parquet -> /tmp/minio_downloads/customers_190131630829.parquet
[2026-07-04T14:06:51.690+0000] {logging_mixin.py:188} INFO - Downloaded customers/date=2026-06-17/customers_190131759153.parquet -> /tmp/minio_downloads/customers_190131759153.parquet
[2026-07-04T14:06:51.716+0000] {logging_mixin.py:188} INFO - Downloaded customers/date=2026-06-17/customers_190131874052.parquet -> /tmp/minio_downloads/customers_190131874052.parquet
[2026-07-04T14:06:51.740+0000] {logging_mixin.py:188} INFO - Downloaded customers/date=2026-06-17/customers_190131957224.parquet -> /tmp/minio_downloads/customers_190131957224.parquet
[2026-07-04T14:06:51.762+0000] {logging_mixin.py:188} INFO - Downloaded customers/date=2026-06-17/customers_190132020731.parquet -> /tmp/minio_downloads/customers_190132020731.parquet
[2026-07-04T14:06:51.786+0000] {logging_mixin.py:188} INFO - Downloaded customers/date=2026-06-17/customers_190132095530.parquet -> /tmp/minio_downloads/customers_190132095530.parquet
[2026-07-04T14:06:51.809+0000] {logging_mixin.py:188} INFO - Downloaded customers/date=2026-06-17/customers_190132190842.parquet -> /tmp/minio_downloads/customers_190132190842.parquet
[2026-07-04T14:06:51.831+0000] {logging_mixin.py:188} INFO - Downloaded customers/date=2026-06-17/customers_190132257908.parquet -> /tmp/minio_downloads/customers_190132257908.parquet
[2026-07-04T14:06:51.855+0000] {logging_mixin.py:188} INFO - Downloaded customers/date=2026-06-17/customers_190132336735.parquet -> /tmp/minio_downloads/customers_190132336735.parquet
[2026-07-04T14:06:51.879+0000] {logging_mixin.py:188} INFO - Downloaded customers/date=2026-06-17/customers_190132397476.parquet -> /tmp/minio_downloads/customers_190132397476.parquet
[2026-07-04T14:06:51.905+0000] {logging_mixin.py:188} INFO - Downloaded customers/date=2026-06-17/customers_190132457332.parquet -> /tmp/minio_downloads/customers_190132457332.parquet
[2026-07-04T14:06:51.931+0000] {logging_mixin.py:188} INFO - Downloaded customers/date=2026-06-17/customers_190132511945.parquet -> /tmp/minio_downloads/customers_190132511945.parquet
[2026-07-04T14:06:51.958+0000] {logging_mixin.py:188} INFO - Downloaded customers/date=2026-06-17/customers_190132569070.parquet -> /tmp/minio_downloads/customers_190132569070.parquet
[2026-07-04T14:06:51.983+0000] {logging_mixin.py:188} INFO - Downloaded customers/date=2026-06-17/customers_190132629049.parquet -> /tmp/minio_downloads/customers_190132629049.parquet
[2026-07-04T14:06:52.010+0000] {logging_mixin.py:188} INFO - Downloaded customers/date=2026-06-17/customers_190132688276.parquet -> /tmp/minio_downloads/customers_190132688276.parquet
[2026-07-04T14:06:52.036+0000] {logging_mixin.py:188} INFO - Downloaded customers/date=2026-06-17/customers_190132778792.parquet -> /tmp/minio_downloads/customers_190132778792.parquet
[2026-07-04T14:06:52.061+0000] {logging_mixin.py:188} INFO - Downloaded customers/date=2026-06-17/customers_190132897929.parquet -> /tmp/minio_downloads/customers_190132897929.parquet
[2026-07-04T14:06:52.084+0000] {logging_mixin.py:188} INFO - Downloaded customers/date=2026-06-17/customers_190132989487.parquet -> /tmp/minio_downloads/customers_190132989487.parquet
[2026-07-04T14:06:52.106+0000] {logging_mixin.py:188} INFO - Downloaded customers/date=2026-06-17/customers_190133056824.parquet -> /tmp/minio_downloads/customers_190133056824.parquet
[2026-07-04T14:06:52.132+0000] {logging_mixin.py:188} INFO - Downloaded customers/date=2026-06-17/customers_190133121817.parquet -> /tmp/minio_downloads/customers_190133121817.parquet
[2026-07-04T14:06:52.157+0000] {logging_mixin.py:188} INFO - Downloaded customers/date=2026-06-17/customers_190133207008.parquet -> /tmp/minio_downloads/customers_190133207008.parquet
[2026-07-04T14:06:52.188+0000] {logging_mixin.py:188} INFO - Downloaded customers/date=2026-06-17/customers_190133294815.parquet -> /tmp/minio_downloads/customers_190133294815.parquet
[2026-07-04T14:06:52.225+0000] {logging_mixin.py:188} INFO - Downloaded customers/date=2026-06-17/customers_190133373555.parquet -> /tmp/minio_downloads/customers_190133373555.parquet
[2026-07-04T14:06:52.255+0000] {logging_mixin.py:188} INFO - Downloaded customers/date=2026-06-17/customers_190133435257.parquet -> /tmp/minio_downloads/customers_190133435257.parquet
[2026-07-04T14:06:52.282+0000] {logging_mixin.py:188} INFO - Downloaded customers/date=2026-06-17/customers_190133483896.parquet -> /tmp/minio_downloads/customers_190133483896.parquet
[2026-07-04T14:06:52.310+0000] {logging_mixin.py:188} INFO - Downloaded customers/date=2026-06-17/customers_190133536221.parquet -> /tmp/minio_downloads/customers_190133536221.parquet
[2026-07-04T14:06:52.343+0000] {logging_mixin.py:188} INFO - Downloaded customers/date=2026-06-17/customers_190133607984.parquet -> /tmp/minio_downloads/customers_190133607984.parquet
[2026-07-04T14:06:52.368+0000] {logging_mixin.py:188} INFO - Downloaded customers/date=2026-06-17/customers_190133687814.parquet -> /tmp/minio_downloads/customers_190133687814.parquet
[2026-07-04T14:06:52.393+0000] {logging_mixin.py:188} INFO - Downloaded customers/date=2026-06-17/customers_190133755829.parquet -> /tmp/minio_downloads/customers_190133755829.parquet
[2026-07-04T14:06:52.419+0000] {logging_mixin.py:188} INFO - Downloaded customers/date=2026-06-17/customers_190133820634.parquet -> /tmp/minio_downloads/customers_190133820634.parquet
[2026-07-04T14:06:52.443+0000] {logging_mixin.py:188} INFO - Downloaded customers/date=2026-06-17/customers_190133887302.parquet -> /tmp/minio_downloads/customers_190133887302.parquet
[2026-07-04T14:06:52.468+0000] {logging_mixin.py:188} INFO - Downloaded customers/date=2026-06-17/customers_190133997058.parquet -> /tmp/minio_downloads/customers_190133997058.parquet
[2026-07-04T14:06:52.494+0000] {logging_mixin.py:188} INFO - Downloaded customers/date=2026-06-17/customers_190134107120.parquet -> /tmp/minio_downloads/customers_190134107120.parquet
[2026-07-04T14:06:52.523+0000] {logging_mixin.py:188} INFO - Downloaded customers/date=2026-06-17/customers_190134177669.parquet -> /tmp/minio_downloads/customers_190134177669.parquet
[2026-07-04T14:06:52.547+0000] {logging_mixin.py:188} INFO - Downloaded customers/date=2026-06-17/customers_190134250035.parquet -> /tmp/minio_downloads/customers_190134250035.parquet
[2026-07-04T14:06:52.571+0000] {logging_mixin.py:188} INFO - Downloaded customers/date=2026-06-17/customers_190134360713.parquet -> /tmp/minio_downloads/customers_190134360713.parquet
[2026-07-04T14:06:52.595+0000] {logging_mixin.py:188} INFO - Downloaded customers/date=2026-06-17/customers_190134433874.parquet -> /tmp/minio_downloads/customers_190134433874.parquet
[2026-07-04T14:06:52.619+0000] {logging_mixin.py:188} INFO - Downloaded customers/date=2026-06-17/customers_190134494634.parquet -> /tmp/minio_downloads/customers_190134494634.parquet
[2026-07-04T14:06:52.642+0000] {logging_mixin.py:188} INFO - Downloaded customers/date=2026-06-17/customers_190134552884.parquet -> /tmp/minio_downloads/customers_190134552884.parquet
[2026-07-04T14:06:52.668+0000] {logging_mixin.py:188} INFO - Downloaded customers/date=2026-06-17/customers_190134677072.parquet -> /tmp/minio_downloads/customers_190134677072.parquet
[2026-07-04T14:06:52.691+0000] {logging_mixin.py:188} INFO - Downloaded customers/date=2026-06-17/customers_190134754871.parquet -> /tmp/minio_downloads/customers_190134754871.parquet
[2026-07-04T14:06:52.715+0000] {logging_mixin.py:188} INFO - Downloaded customers/date=2026-06-17/customers_190134813898.parquet -> /tmp/minio_downloads/customers_190134813898.parquet
[2026-07-04T14:06:52.738+0000] {logging_mixin.py:188} INFO - Downloaded customers/date=2026-06-17/customers_190134868592.parquet -> /tmp/minio_downloads/customers_190134868592.parquet
[2026-07-04T14:06:52.762+0000] {logging_mixin.py:188} INFO - Downloaded customers/date=2026-06-17/customers_190134926130.parquet -> /tmp/minio_downloads/customers_190134926130.parquet
[2026-07-04T14:06:52.785+0000] {logging_mixin.py:188} INFO - Downloaded customers/date=2026-06-17/customers_190134999617.parquet -> /tmp/minio_downloads/customers_190134999617.parquet
[2026-07-04T14:06:52.808+0000] {logging_mixin.py:188} INFO - Downloaded customers/date=2026-06-17/customers_190135107340.parquet -> /tmp/minio_downloads/customers_190135107340.parquet
[2026-07-04T14:06:52.831+0000] {logging_mixin.py:188} INFO - Downloaded customers/date=2026-06-17/customers_190135172475.parquet -> /tmp/minio_downloads/customers_190135172475.parquet
[2026-07-04T14:06:52.854+0000] {logging_mixin.py:188} INFO - Downloaded customers/date=2026-06-17/customers_190135244286.parquet -> /tmp/minio_downloads/customers_190135244286.parquet
[2026-07-04T14:06:52.878+0000] {logging_mixin.py:188} INFO - Downloaded customers/date=2026-06-17/customers_190135325711.parquet -> /tmp/minio_downloads/customers_190135325711.parquet
[2026-07-04T14:06:52.901+0000] {logging_mixin.py:188} INFO - Downloaded customers/date=2026-06-17/customers_190135429417.parquet -> /tmp/minio_downloads/customers_190135429417.parquet
[2026-07-04T14:06:52.924+0000] {logging_mixin.py:188} INFO - Downloaded customers/date=2026-06-17/customers_190135510140.parquet -> /tmp/minio_downloads/customers_190135510140.parquet
[2026-07-04T14:06:52.949+0000] {logging_mixin.py:188} INFO - Downloaded customers/date=2026-06-17/customers_190135568172.parquet -> /tmp/minio_downloads/customers_190135568172.parquet
[2026-07-04T14:06:52.973+0000] {logging_mixin.py:188} INFO - Downloaded customers/date=2026-06-17/customers_190135623504.parquet -> /tmp/minio_downloads/customers_190135623504.parquet
[2026-07-04T14:06:52.999+0000] {logging_mixin.py:188} INFO - Downloaded customers/date=2026-06-17/customers_190135674345.parquet -> /tmp/minio_downloads/customers_190135674345.parquet
[2026-07-04T14:06:53.026+0000] {logging_mixin.py:188} INFO - Downloaded customers/date=2026-06-17/customers_190135739430.parquet -> /tmp/minio_downloads/customers_190135739430.parquet
[2026-07-04T14:06:53.055+0000] {logging_mixin.py:188} INFO - Downloaded customers/date=2026-06-17/customers_190135807360.parquet -> /tmp/minio_downloads/customers_190135807360.parquet
[2026-07-04T14:06:53.084+0000] {logging_mixin.py:188} INFO - Downloaded customers/date=2026-06-17/customers_190135888235.parquet -> /tmp/minio_downloads/customers_190135888235.parquet
[2026-07-04T14:06:53.114+0000] {logging_mixin.py:188} INFO - Downloaded customers/date=2026-06-17/customers_190135947589.parquet -> /tmp/minio_downloads/customers_190135947589.parquet
[2026-07-04T14:06:53.148+0000] {logging_mixin.py:188} INFO - Downloaded customers/date=2026-06-17/customers_190135998103.parquet -> /tmp/minio_downloads/customers_190135998103.parquet
[2026-07-04T14:06:53.179+0000] {logging_mixin.py:188} INFO - Downloaded customers/date=2026-06-17/customers_190136061849.parquet -> /tmp/minio_downloads/customers_190136061849.parquet
[2026-07-04T14:06:53.208+0000] {logging_mixin.py:188} INFO - Downloaded customers/date=2026-06-17/customers_190136167996.parquet -> /tmp/minio_downloads/customers_190136167996.parquet
[2026-07-04T14:06:53.238+0000] {logging_mixin.py:188} INFO - Downloaded customers/date=2026-06-17/customers_190136257354.parquet -> /tmp/minio_downloads/customers_190136257354.parquet
[2026-07-04T14:06:53.270+0000] {logging_mixin.py:188} INFO - Downloaded customers/date=2026-06-17/customers_190136337224.parquet -> /tmp/minio_downloads/customers_190136337224.parquet
[2026-07-04T14:06:53.300+0000] {logging_mixin.py:188} INFO - Downloaded customers/date=2026-06-17/customers_190136431571.parquet -> /tmp/minio_downloads/customers_190136431571.parquet
[2026-07-04T14:06:53.331+0000] {logging_mixin.py:188} INFO - Downloaded customers/date=2026-06-17/customers_190136503854.parquet -> /tmp/minio_downloads/customers_190136503854.parquet
[2026-07-04T14:06:53.362+0000] {logging_mixin.py:188} INFO - Downloaded customers/date=2026-06-17/customers_190136560538.parquet -> /tmp/minio_downloads/customers_190136560538.parquet
[2026-07-04T14:06:53.395+0000] {logging_mixin.py:188} INFO - Downloaded customers/date=2026-06-17/customers_190136621534.parquet -> /tmp/minio_downloads/customers_190136621534.parquet
[2026-07-04T14:06:53.429+0000] {logging_mixin.py:188} INFO - Downloaded customers/date=2026-06-17/customers_190136680399.parquet -> /tmp/minio_downloads/customers_190136680399.parquet
[2026-07-04T14:06:53.459+0000] {logging_mixin.py:188} INFO - Downloaded customers/date=2026-06-17/customers_190136741933.parquet -> /tmp/minio_downloads/customers_190136741933.parquet
[2026-07-04T14:06:53.493+0000] {logging_mixin.py:188} INFO - Downloaded customers/date=2026-06-17/customers_190136820157.parquet -> /tmp/minio_downloads/customers_190136820157.parquet
[2026-07-04T14:06:53.529+0000] {logging_mixin.py:188} INFO - Downloaded customers/date=2026-06-17/customers_190136887851.parquet -> /tmp/minio_downloads/customers_190136887851.parquet
[2026-07-04T14:06:53.562+0000] {logging_mixin.py:188} INFO - Downloaded customers/date=2026-06-17/customers_190136946066.parquet -> /tmp/minio_downloads/customers_190136946066.parquet
[2026-07-04T14:06:53.597+0000] {logging_mixin.py:188} INFO - Downloaded customers/date=2026-06-17/customers_190137004434.parquet -> /tmp/minio_downloads/customers_190137004434.parquet
[2026-07-04T14:06:53.640+0000] {logging_mixin.py:188} INFO - Downloaded customers/date=2026-06-17/customers_190137101677.parquet -> /tmp/minio_downloads/customers_190137101677.parquet
[2026-07-04T14:06:53.675+0000] {logging_mixin.py:188} INFO - Downloaded customers/date=2026-06-17/customers_190137255608.parquet -> /tmp/minio_downloads/customers_190137255608.parquet
[2026-07-04T14:06:53.707+0000] {logging_mixin.py:188} INFO - Downloaded customers/date=2026-06-17/customers_190137346229.parquet -> /tmp/minio_downloads/customers_190137346229.parquet
[2026-07-04T14:06:53.740+0000] {logging_mixin.py:188} INFO - Downloaded customers/date=2026-06-17/customers_190137423200.parquet -> /tmp/minio_downloads/customers_190137423200.parquet
[2026-07-04T14:06:53.774+0000] {logging_mixin.py:188} INFO - Downloaded customers/date=2026-06-17/customers_190137525213.parquet -> /tmp/minio_downloads/customers_190137525213.parquet
[2026-07-04T14:06:53.805+0000] {logging_mixin.py:188} INFO - Downloaded customers/date=2026-06-17/customers_190137610662.parquet -> /tmp/minio_downloads/customers_190137610662.parquet
[2026-07-04T14:06:53.843+0000] {logging_mixin.py:188} INFO - Downloaded customers/date=2026-06-17/customers_190137678559.parquet -> /tmp/minio_downloads/customers_190137678559.parquet
[2026-07-04T14:06:53.879+0000] {logging_mixin.py:188} INFO - Downloaded customers/date=2026-06-17/customers_190137736461.parquet -> /tmp/minio_downloads/customers_190137736461.parquet
[2026-07-04T14:06:53.914+0000] {logging_mixin.py:188} INFO - Downloaded customers/date=2026-06-17/customers_190137787947.parquet -> /tmp/minio_downloads/customers_190137787947.parquet
[2026-07-04T14:06:53.947+0000] {logging_mixin.py:188} INFO - Downloaded customers/date=2026-06-17/customers_190137839219.parquet -> /tmp/minio_downloads/customers_190137839219.parquet
[2026-07-04T14:06:53.978+0000] {logging_mixin.py:188} INFO - Downloaded customers/date=2026-06-17/customers_190137888382.parquet -> /tmp/minio_downloads/customers_190137888382.parquet
[2026-07-04T14:06:54.016+0000] {logging_mixin.py:188} INFO - Downloaded customers/date=2026-06-17/customers_190137935832.parquet -> /tmp/minio_downloads/customers_190137935832.parquet
[2026-07-04T14:06:54.058+0000] {logging_mixin.py:188} INFO - Downloaded customers/date=2026-06-17/customers_190137986486.parquet -> /tmp/minio_downloads/customers_190137986486.parquet
[2026-07-04T14:06:54.095+0000] {logging_mixin.py:188} INFO - Downloaded customers/date=2026-06-17/customers_190138038505.parquet -> /tmp/minio_downloads/customers_190138038505.parquet
[2026-07-04T14:06:54.141+0000] {logging_mixin.py:188} INFO - Downloaded customers/date=2026-06-17/customers_190138107616.parquet -> /tmp/minio_downloads/customers_190138107616.parquet
[2026-07-04T14:06:54.184+0000] {logging_mixin.py:188} INFO - Downloaded customers/date=2026-06-17/customers_190138169555.parquet -> /tmp/minio_downloads/customers_190138169555.parquet
[2026-07-04T14:06:54.226+0000] {logging_mixin.py:188} INFO - Downloaded customers/date=2026-06-17/customers_190138226465.parquet -> /tmp/minio_downloads/customers_190138226465.parquet
[2026-07-04T14:06:54.276+0000] {logging_mixin.py:188} INFO - Downloaded customers/date=2026-06-17/customers_190138304921.parquet -> /tmp/minio_downloads/customers_190138304921.parquet
[2026-07-04T14:06:54.311+0000] {logging_mixin.py:188} INFO - Downloaded customers/date=2026-06-17/customers_190138364174.parquet -> /tmp/minio_downloads/customers_190138364174.parquet
[2026-07-04T14:06:54.349+0000] {logging_mixin.py:188} INFO - Downloaded customers/date=2026-06-17/customers_190138432863.parquet -> /tmp/minio_downloads/customers_190138432863.parquet
[2026-07-04T14:06:54.390+0000] {logging_mixin.py:188} INFO - Downloaded customers/date=2026-06-17/customers_190138495682.parquet -> /tmp/minio_downloads/customers_190138495682.parquet
[2026-07-04T14:06:54.437+0000] {logging_mixin.py:188} INFO - Downloaded customers/date=2026-06-17/customers_190138578969.parquet -> /tmp/minio_downloads/customers_190138578969.parquet
[2026-07-04T14:06:54.481+0000] {logging_mixin.py:188} INFO - Downloaded customers/date=2026-06-17/customers_190138651839.parquet -> /tmp/minio_downloads/customers_190138651839.parquet
[2026-07-04T14:06:54.527+0000] {logging_mixin.py:188} INFO - Downloaded customers/date=2026-06-17/customers_190138721874.parquet -> /tmp/minio_downloads/customers_190138721874.parquet
[2026-07-04T14:06:54.570+0000] {logging_mixin.py:188} INFO - Downloaded customers/date=2026-06-17/customers_190138789535.parquet -> /tmp/minio_downloads/customers_190138789535.parquet
[2026-07-04T14:06:54.606+0000] {logging_mixin.py:188} INFO - Downloaded customers/date=2026-06-17/customers_190138845434.parquet -> /tmp/minio_downloads/customers_190138845434.parquet
[2026-07-04T14:06:54.640+0000] {logging_mixin.py:188} INFO - Downloaded customers/date=2026-06-17/customers_190138905662.parquet -> /tmp/minio_downloads/customers_190138905662.parquet
[2026-07-04T14:06:54.677+0000] {logging_mixin.py:188} INFO - Downloaded customers/date=2026-06-17/customers_190138968687.parquet -> /tmp/minio_downloads/customers_190138968687.parquet
[2026-07-04T14:06:54.713+0000] {logging_mixin.py:188} INFO - Downloaded customers/date=2026-06-17/customers_190139031810.parquet -> /tmp/minio_downloads/customers_190139031810.parquet
[2026-07-04T14:06:54.747+0000] {logging_mixin.py:188} INFO - Downloaded customers/date=2026-06-17/customers_190139087380.parquet -> /tmp/minio_downloads/customers_190139087380.parquet
[2026-07-04T14:06:54.780+0000] {logging_mixin.py:188} INFO - Downloaded customers/date=2026-06-17/customers_190139142629.parquet -> /tmp/minio_downloads/customers_190139142629.parquet
[2026-07-04T14:06:54.816+0000] {logging_mixin.py:188} INFO - Downloaded customers/date=2026-06-17/customers_190139224460.parquet -> /tmp/minio_downloads/customers_190139224460.parquet
[2026-07-04T14:06:54.851+0000] {logging_mixin.py:188} INFO - Downloaded customers/date=2026-06-17/customers_190139336847.parquet -> /tmp/minio_downloads/customers_190139336847.parquet
[2026-07-04T14:06:54.891+0000] {logging_mixin.py:188} INFO - Downloaded customers/date=2026-06-17/customers_190139446805.parquet -> /tmp/minio_downloads/customers_190139446805.parquet
[2026-07-04T14:06:54.933+0000] {logging_mixin.py:188} INFO - Downloaded customers/date=2026-06-17/customers_190139537292.parquet -> /tmp/minio_downloads/customers_190139537292.parquet
[2026-07-04T14:06:54.987+0000] {logging_mixin.py:188} INFO - Downloaded customers/date=2026-06-17/customers_190139614237.parquet -> /tmp/minio_downloads/customers_190139614237.parquet
[2026-07-04T14:06:55.034+0000] {logging_mixin.py:188} INFO - Downloaded customers/date=2026-06-17/customers_190139685084.parquet -> /tmp/minio_downloads/customers_190139685084.parquet
[2026-07-04T14:06:55.079+0000] {logging_mixin.py:188} INFO - Downloaded customers/date=2026-06-17/customers_190139752979.parquet -> /tmp/minio_downloads/customers_190139752979.parquet
[2026-07-04T14:06:55.130+0000] {logging_mixin.py:188} INFO - Downloaded customers/date=2026-06-17/customers_190139809536.parquet -> /tmp/minio_downloads/customers_190139809536.parquet
[2026-07-04T14:06:55.191+0000] {logging_mixin.py:188} INFO - Downloaded customers/date=2026-06-17/customers_190139865207.parquet -> /tmp/minio_downloads/customers_190139865207.parquet
[2026-07-04T14:06:55.251+0000] {logging_mixin.py:188} INFO - Downloaded customers/date=2026-06-17/customers_190139920838.parquet -> /tmp/minio_downloads/customers_190139920838.parquet
[2026-07-04T14:06:55.305+0000] {logging_mixin.py:188} INFO - Downloaded customers/date=2026-06-17/customers_190140018171.parquet -> /tmp/minio_downloads/customers_190140018171.parquet
[2026-07-04T14:06:55.358+0000] {logging_mixin.py:188} INFO - Downloaded customers/date=2026-06-17/customers_190140106906.parquet -> /tmp/minio_downloads/customers_190140106906.parquet
[2026-07-04T14:06:55.414+0000] {logging_mixin.py:188} INFO - Downloaded customers/date=2026-06-17/customers_190140180645.parquet -> /tmp/minio_downloads/customers_190140180645.parquet
[2026-07-04T14:06:55.474+0000] {logging_mixin.py:188} INFO - Downloaded customers/date=2026-06-17/customers_190140245926.parquet -> /tmp/minio_downloads/customers_190140245926.parquet
[2026-07-04T14:06:55.533+0000] {logging_mixin.py:188} INFO - Downloaded customers/date=2026-06-17/customers_190140303625.parquet -> /tmp/minio_downloads/customers_190140303625.parquet
[2026-07-04T14:06:55.602+0000] {logging_mixin.py:188} INFO - Downloaded customers/date=2026-06-17/customers_190140373289.parquet -> /tmp/minio_downloads/customers_190140373289.parquet
[2026-07-04T14:06:55.668+0000] {logging_mixin.py:188} INFO - Downloaded customers/date=2026-06-17/customers_190140482555.parquet -> /tmp/minio_downloads/customers_190140482555.parquet
[2026-07-04T14:06:55.755+0000] {logging_mixin.py:188} INFO - Downloaded customers/date=2026-06-17/customers_190140574962.parquet -> /tmp/minio_downloads/customers_190140574962.parquet
[2026-07-04T14:06:55.844+0000] {logging_mixin.py:188} INFO - Downloaded customers/date=2026-06-17/customers_190140645381.parquet -> /tmp/minio_downloads/customers_190140645381.parquet
[2026-07-04T14:06:55.915+0000] {logging_mixin.py:188} INFO - Downloaded customers/date=2026-06-17/customers_190140714886.parquet -> /tmp/minio_downloads/customers_190140714886.parquet
[2026-07-04T14:06:55.970+0000] {logging_mixin.py:188} INFO - Downloaded customers/date=2026-06-17/customers_190140792916.parquet -> /tmp/minio_downloads/customers_190140792916.parquet
[2026-07-04T14:06:56.022+0000] {logging_mixin.py:188} INFO - Downloaded customers/date=2026-06-17/customers_190140855292.parquet -> /tmp/minio_downloads/customers_190140855292.parquet
[2026-07-04T14:06:56.088+0000] {logging_mixin.py:188} INFO - Downloaded customers/date=2026-06-17/customers_190140915544.parquet -> /tmp/minio_downloads/customers_190140915544.parquet
[2026-07-04T14:06:56.158+0000] {logging_mixin.py:188} INFO - Downloaded customers/date=2026-06-17/customers_190140970565.parquet -> /tmp/minio_downloads/customers_190140970565.parquet
[2026-07-04T14:06:56.228+0000] {logging_mixin.py:188} INFO - Downloaded customers/date=2026-06-17/customers_190141025800.parquet -> /tmp/minio_downloads/customers_190141025800.parquet
[2026-07-04T14:06:56.287+0000] {logging_mixin.py:188} INFO - Downloaded customers/date=2026-06-17/customers_190141085798.parquet -> /tmp/minio_downloads/customers_190141085798.parquet
[2026-07-04T14:06:56.354+0000] {logging_mixin.py:188} INFO - Downloaded customers/date=2026-06-17/customers_190141143360.parquet -> /tmp/minio_downloads/customers_190141143360.parquet
[2026-07-04T14:06:56.420+0000] {logging_mixin.py:188} INFO - Downloaded customers/date=2026-06-17/customers_190141207606.parquet -> /tmp/minio_downloads/customers_190141207606.parquet
[2026-07-04T14:06:56.519+0000] {logging_mixin.py:188} INFO - Downloaded customers/date=2026-06-17/customers_190141272924.parquet -> /tmp/minio_downloads/customers_190141272924.parquet
[2026-07-04T14:06:56.598+0000] {logging_mixin.py:188} INFO - Downloaded customers/date=2026-06-17/customers_190141331653.parquet -> /tmp/minio_downloads/customers_190141331653.parquet
[2026-07-04T14:06:56.649+0000] {logging_mixin.py:188} INFO - Downloaded customers/date=2026-06-17/customers_190141384064.parquet -> /tmp/minio_downloads/customers_190141384064.parquet
[2026-07-04T14:06:56.699+0000] {logging_mixin.py:188} INFO - Downloaded customers/date=2026-06-17/customers_190141452758.parquet -> /tmp/minio_downloads/customers_190141452758.parquet
[2026-07-04T14:06:56.744+0000] {logging_mixin.py:188} INFO - Downloaded customers/date=2026-06-17/customers_190141523955.parquet -> /tmp/minio_downloads/customers_190141523955.parquet
[2026-07-04T14:06:56.789+0000] {logging_mixin.py:188} INFO - Downloaded customers/date=2026-06-17/customers_190141601091.parquet -> /tmp/minio_downloads/customers_190141601091.parquet
[2026-07-04T14:06:56.834+0000] {logging_mixin.py:188} INFO - Downloaded customers/date=2026-06-17/customers_190141666860.parquet -> /tmp/minio_downloads/customers_190141666860.parquet
[2026-07-04T14:06:56.879+0000] {logging_mixin.py:188} INFO - Downloaded customers/date=2026-06-17/customers_190141734317.parquet -> /tmp/minio_downloads/customers_190141734317.parquet
[2026-07-04T14:06:56.921+0000] {logging_mixin.py:188} INFO - Downloaded customers/date=2026-06-17/customers_190141797223.parquet -> /tmp/minio_downloads/customers_190141797223.parquet
[2026-07-04T14:06:56.961+0000] {logging_mixin.py:188} INFO - Downloaded customers/date=2026-06-17/customers_190141855437.parquet -> /tmp/minio_downloads/customers_190141855437.parquet
[2026-07-04T14:06:56.998+0000] {logging_mixin.py:188} INFO - Downloaded customers/date=2026-06-17/customers_190141909809.parquet -> /tmp/minio_downloads/customers_190141909809.parquet
[2026-07-04T14:06:57.036+0000] {logging_mixin.py:188} INFO - Downloaded customers/date=2026-06-17/customers_190141963132.parquet -> /tmp/minio_downloads/customers_190141963132.parquet
[2026-07-04T14:06:57.078+0000] {logging_mixin.py:188} INFO - Downloaded customers/date=2026-06-17/customers_190142031820.parquet -> /tmp/minio_downloads/customers_190142031820.parquet
[2026-07-04T14:06:57.124+0000] {logging_mixin.py:188} INFO - Downloaded customers/date=2026-06-17/customers_190142133562.parquet -> /tmp/minio_downloads/customers_190142133562.parquet
[2026-07-04T14:06:57.163+0000] {logging_mixin.py:188} INFO - Downloaded customers/date=2026-06-17/customers_190142200156.parquet -> /tmp/minio_downloads/customers_190142200156.parquet
[2026-07-04T14:06:57.203+0000] {logging_mixin.py:188} INFO - Downloaded customers/date=2026-06-17/customers_190142276412.parquet -> /tmp/minio_downloads/customers_190142276412.parquet
[2026-07-04T14:06:57.245+0000] {logging_mixin.py:188} INFO - Downloaded customers/date=2026-06-17/customers_190142357783.parquet -> /tmp/minio_downloads/customers_190142357783.parquet
[2026-07-04T14:06:57.287+0000] {logging_mixin.py:188} INFO - Downloaded customers/date=2026-06-17/customers_190142437611.parquet -> /tmp/minio_downloads/customers_190142437611.parquet
[2026-07-04T14:06:57.326+0000] {logging_mixin.py:188} INFO - Downloaded customers/date=2026-06-17/customers_190142517058.parquet -> /tmp/minio_downloads/customers_190142517058.parquet
[2026-07-04T14:06:57.360+0000] {logging_mixin.py:188} INFO - Downloaded customers/date=2026-06-17/customers_190142591045.parquet -> /tmp/minio_downloads/customers_190142591045.parquet
[2026-07-04T14:06:57.394+0000] {logging_mixin.py:188} INFO - Downloaded customers/date=2026-06-17/customers_190142671609.parquet -> /tmp/minio_downloads/customers_190142671609.parquet
[2026-07-04T14:06:57.427+0000] {logging_mixin.py:188} INFO - Downloaded customers/date=2026-06-17/customers_190142733046.parquet -> /tmp/minio_downloads/customers_190142733046.parquet
[2026-07-04T14:06:57.460+0000] {logging_mixin.py:188} INFO - Downloaded customers/date=2026-06-17/customers_190142868857.parquet -> /tmp/minio_downloads/customers_190142868857.parquet
[2026-07-04T14:06:57.493+0000] {logging_mixin.py:188} INFO - Downloaded customers/date=2026-06-17/customers_190143012723.parquet -> /tmp/minio_downloads/customers_190143012723.parquet
[2026-07-04T14:06:57.532+0000] {logging_mixin.py:188} INFO - Downloaded customers/date=2026-06-17/customers_190143114526.parquet -> /tmp/minio_downloads/customers_190143114526.parquet
[2026-07-04T14:06:57.588+0000] {logging_mixin.py:188} INFO - Downloaded customers/date=2026-06-17/customers_190143210657.parquet -> /tmp/minio_downloads/customers_190143210657.parquet
[2026-07-04T14:06:57.639+0000] {logging_mixin.py:188} INFO - Downloaded customers/date=2026-06-17/customers_190143266079.parquet -> /tmp/minio_downloads/customers_190143266079.parquet
[2026-07-04T14:06:57.695+0000] {logging_mixin.py:188} INFO - Downloaded customers/date=2026-06-17/customers_190143342983.parquet -> /tmp/minio_downloads/customers_190143342983.parquet
[2026-07-04T14:06:57.743+0000] {logging_mixin.py:188} INFO - Downloaded customers/date=2026-06-17/customers_190143422918.parquet -> /tmp/minio_downloads/customers_190143422918.parquet
[2026-07-04T14:06:57.779+0000] {logging_mixin.py:188} INFO - Downloaded customers/date=2026-06-17/customers_190143486297.parquet -> /tmp/minio_downloads/customers_190143486297.parquet
[2026-07-04T14:06:57.816+0000] {logging_mixin.py:188} INFO - Downloaded customers/date=2026-06-17/customers_190143554839.parquet -> /tmp/minio_downloads/customers_190143554839.parquet
[2026-07-04T14:06:57.847+0000] {logging_mixin.py:188} INFO - Downloaded customers/date=2026-06-17/customers_190143631809.parquet -> /tmp/minio_downloads/customers_190143631809.parquet
[2026-07-04T14:06:57.885+0000] {logging_mixin.py:188} INFO - Downloaded customers/date=2026-06-17/customers_190143720153.parquet -> /tmp/minio_downloads/customers_190143720153.parquet
[2026-07-04T14:06:57.918+0000] {logging_mixin.py:188} INFO - Downloaded customers/date=2026-06-17/customers_190143814757.parquet -> /tmp/minio_downloads/customers_190143814757.parquet
[2026-07-04T14:06:57.952+0000] {logging_mixin.py:188} INFO - Downloaded customers/date=2026-06-17/customers_190143914687.parquet -> /tmp/minio_downloads/customers_190143914687.parquet
[2026-07-04T14:06:57.986+0000] {logging_mixin.py:188} INFO - Downloaded customers/date=2026-06-17/customers_190144016870.parquet -> /tmp/minio_downloads/customers_190144016870.parquet
[2026-07-04T14:06:58.021+0000] {logging_mixin.py:188} INFO - Downloaded customers/date=2026-06-17/customers_190144097760.parquet -> /tmp/minio_downloads/customers_190144097760.parquet
[2026-07-04T14:06:58.257+0000] {logging_mixin.py:188} INFO - Downloaded customers/date=2026-06-17/customers_190144165362.parquet -> /tmp/minio_downloads/customers_190144165362.parquet
[2026-07-04T14:06:58.312+0000] {logging_mixin.py:188} INFO - Downloaded customers/date=2026-06-17/customers_190144219895.parquet -> /tmp/minio_downloads/customers_190144219895.parquet
[2026-07-04T14:06:58.339+0000] {logging_mixin.py:188} INFO - Downloaded customers/date=2026-06-17/customers_190144276140.parquet -> /tmp/minio_downloads/customers_190144276140.parquet
[2026-07-04T14:06:58.363+0000] {logging_mixin.py:188} INFO - Downloaded customers/date=2026-06-17/customers_190144335636.parquet -> /tmp/minio_downloads/customers_190144335636.parquet
[2026-07-04T14:06:58.389+0000] {logging_mixin.py:188} INFO - Downloaded customers/date=2026-06-17/customers_190144391424.parquet -> /tmp/minio_downloads/customers_190144391424.parquet
[2026-07-04T14:06:58.414+0000] {logging_mixin.py:188} INFO - Downloaded customers/date=2026-06-17/customers_190144468677.parquet -> /tmp/minio_downloads/customers_190144468677.parquet
[2026-07-04T14:06:58.439+0000] {logging_mixin.py:188} INFO - Downloaded customers/date=2026-06-17/customers_190144557018.parquet -> /tmp/minio_downloads/customers_190144557018.parquet
[2026-07-04T14:06:58.463+0000] {logging_mixin.py:188} INFO - Downloaded customers/date=2026-06-17/customers_190144678194.parquet -> /tmp/minio_downloads/customers_190144678194.parquet
[2026-07-04T14:06:58.489+0000] {logging_mixin.py:188} INFO - Downloaded customers/date=2026-06-17/customers_190144790046.parquet -> /tmp/minio_downloads/customers_190144790046.parquet
[2026-07-04T14:06:58.513+0000] {logging_mixin.py:188} INFO - Downloaded customers/date=2026-06-17/customers_190144876994.parquet -> /tmp/minio_downloads/customers_190144876994.parquet
[2026-07-04T14:06:58.609+0000] {logging_mixin.py:188} INFO - Downloaded customers/date=2026-06-17/customers_190144948552.parquet -> /tmp/minio_downloads/customers_190144948552.parquet
[2026-07-04T14:06:58.632+0000] {logging_mixin.py:188} INFO - Downloaded customers/date=2026-06-17/customers_190145016670.parquet -> /tmp/minio_downloads/customers_190145016670.parquet
[2026-07-04T14:06:58.659+0000] {logging_mixin.py:188} INFO - Downloaded customers/date=2026-06-17/customers_190145082851.parquet -> /tmp/minio_downloads/customers_190145082851.parquet
[2026-07-04T14:06:58.684+0000] {logging_mixin.py:188} INFO - Downloaded customers/date=2026-06-17/customers_190145145106.parquet -> /tmp/minio_downloads/customers_190145145106.parquet
[2026-07-04T14:06:58.709+0000] {logging_mixin.py:188} INFO - Downloaded customers/date=2026-06-17/customers_190145209849.parquet -> /tmp/minio_downloads/customers_190145209849.parquet
[2026-07-04T14:06:58.807+0000] {logging_mixin.py:188} INFO - Downloaded customers/date=2026-06-17/customers_190145274355.parquet -> /tmp/minio_downloads/customers_190145274355.parquet
[2026-07-04T14:06:58.915+0000] {logging_mixin.py:188} INFO - Downloaded customers/date=2026-06-17/customers_190145335174.parquet -> /tmp/minio_downloads/customers_190145335174.parquet
[2026-07-04T14:06:58.948+0000] {logging_mixin.py:188} INFO - Downloaded customers/date=2026-06-17/customers_190145391987.parquet -> /tmp/minio_downloads/customers_190145391987.parquet
[2026-07-04T14:06:58.975+0000] {logging_mixin.py:188} INFO - Downloaded customers/date=2026-06-17/customers_190145449141.parquet -> /tmp/minio_downloads/customers_190145449141.parquet
[2026-07-04T14:06:59.004+0000] {logging_mixin.py:188} INFO - Downloaded customers/date=2026-06-17/customers_190145517234.parquet -> /tmp/minio_downloads/customers_190145517234.parquet
[2026-07-04T14:06:59.040+0000] {logging_mixin.py:188} INFO - Downloaded customers/date=2026-06-17/customers_190145574072.parquet -> /tmp/minio_downloads/customers_190145574072.parquet
[2026-07-04T14:06:59.065+0000] {logging_mixin.py:188} INFO - Downloaded customers/date=2026-06-17/customers_190145633431.parquet -> /tmp/minio_downloads/customers_190145633431.parquet
[2026-07-04T14:06:59.090+0000] {logging_mixin.py:188} INFO - Downloaded customers/date=2026-06-17/customers_190534056791.parquet -> /tmp/minio_downloads/customers_190534056791.parquet
[2026-07-04T14:06:59.114+0000] {logging_mixin.py:188} INFO - Downloaded customers/date=2026-06-17/customers_190534138913.parquet -> /tmp/minio_downloads/customers_190534138913.parquet
[2026-07-04T14:06:59.140+0000] {logging_mixin.py:188} INFO - Downloaded customers/date=2026-06-17/customers_190534229894.parquet -> /tmp/minio_downloads/customers_190534229894.parquet
[2026-07-04T14:06:59.352+0000] {logging_mixin.py:188} INFO - Downloaded customers/date=2026-06-17/customers_190534306790.parquet -> /tmp/minio_downloads/customers_190534306790.parquet
[2026-07-04T14:06:59.378+0000] {logging_mixin.py:188} INFO - Downloaded customers/date=2026-06-17/customers_190534388373.parquet -> /tmp/minio_downloads/customers_190534388373.parquet
[2026-07-04T14:06:59.545+0000] {logging_mixin.py:188} INFO - Downloaded customers/date=2026-06-17/customers_190534488935.parquet -> /tmp/minio_downloads/customers_190534488935.parquet
[2026-07-04T14:06:59.635+0000] {logging_mixin.py:188} INFO - Downloaded customers/date=2026-06-17/customers_190534569834.parquet -> /tmp/minio_downloads/customers_190534569834.parquet
[2026-07-04T14:06:59.964+0000] {logging_mixin.py:188} INFO - Downloaded customers/date=2026-06-17/customers_190534670967.parquet -> /tmp/minio_downloads/customers_190534670967.parquet
[2026-07-04T14:06:59.991+0000] {logging_mixin.py:188} INFO - Downloaded customers/date=2026-06-17/customers_190534749320.parquet -> /tmp/minio_downloads/customers_190534749320.parquet
[2026-07-04T14:07:00.013+0000] {logging_mixin.py:188} INFO - Downloaded customers/date=2026-06-17/customers_190534820934.parquet -> /tmp/minio_downloads/customers_190534820934.parquet
[2026-07-04T14:07:00.030+0000] {logging_mixin.py:188} INFO - Downloaded customers/date=2026-06-17/customers_190534904719.parquet -> /tmp/minio_downloads/customers_190534904719.parquet
[2026-07-04T14:07:00.047+0000] {logging_mixin.py:188} INFO - Downloaded customers/date=2026-06-17/customers_190534971629.parquet -> /tmp/minio_downloads/customers_190534971629.parquet
[2026-07-04T14:07:00.063+0000] {logging_mixin.py:188} INFO - Downloaded customers/date=2026-06-17/customers_190535042505.parquet -> /tmp/minio_downloads/customers_190535042505.parquet
[2026-07-04T14:07:00.081+0000] {logging_mixin.py:188} INFO - Downloaded customers/date=2026-06-17/customers_190535119196.parquet -> /tmp/minio_downloads/customers_190535119196.parquet
[2026-07-04T14:07:00.099+0000] {logging_mixin.py:188} INFO - Downloaded customers/date=2026-06-17/customers_190535229129.parquet -> /tmp/minio_downloads/customers_190535229129.parquet
[2026-07-04T14:07:00.116+0000] {logging_mixin.py:188} INFO - Downloaded customers/date=2026-06-17/customers_190535309317.parquet -> /tmp/minio_downloads/customers_190535309317.parquet
[2026-07-04T14:07:00.134+0000] {logging_mixin.py:188} INFO - Downloaded customers/date=2026-06-17/customers_190535384613.parquet -> /tmp/minio_downloads/customers_190535384613.parquet
[2026-07-04T14:07:00.152+0000] {logging_mixin.py:188} INFO - Downloaded customers/date=2026-06-17/customers_190535464854.parquet -> /tmp/minio_downloads/customers_190535464854.parquet
[2026-07-04T14:07:00.169+0000] {logging_mixin.py:188} INFO - Downloaded customers/date=2026-06-17/customers_190535532848.parquet -> /tmp/minio_downloads/customers_190535532848.parquet
[2026-07-04T14:07:00.240+0000] {logging_mixin.py:188} INFO - Downloaded customers/date=2026-06-17/customers_190535602948.parquet -> /tmp/minio_downloads/customers_190535602948.parquet
[2026-07-04T14:07:00.278+0000] {logging_mixin.py:188} INFO - Downloaded customers/date=2026-06-17/customers_190535690478.parquet -> /tmp/minio_downloads/customers_190535690478.parquet
[2026-07-04T14:07:00.345+0000] {logging_mixin.py:188} INFO - Downloaded customers/date=2026-06-17/customers_190535780849.parquet -> /tmp/minio_downloads/customers_190535780849.parquet
[2026-07-04T14:07:00.396+0000] {logging_mixin.py:188} INFO - Downloaded customers/date=2026-06-17/customers_190535851658.parquet -> /tmp/minio_downloads/customers_190535851658.parquet
[2026-07-04T14:07:00.460+0000] {logging_mixin.py:188} INFO - Downloaded customers/date=2026-06-17/customers_190535925295.parquet -> /tmp/minio_downloads/customers_190535925295.parquet
[2026-07-04T14:07:00.496+0000] {logging_mixin.py:188} INFO - Downloaded customers/date=2026-06-17/customers_190535997859.parquet -> /tmp/minio_downloads/customers_190535997859.parquet
[2026-07-04T14:07:00.534+0000] {logging_mixin.py:188} INFO - Downloaded customers/date=2026-06-17/customers_190536086075.parquet -> /tmp/minio_downloads/customers_190536086075.parquet
[2026-07-04T14:07:00.571+0000] {logging_mixin.py:188} INFO - Downloaded customers/date=2026-06-17/customers_190536180505.parquet -> /tmp/minio_downloads/customers_190536180505.parquet
[2026-07-04T14:07:00.628+0000] {logging_mixin.py:188} INFO - Downloaded customers/date=2026-06-17/customers_190536278448.parquet -> /tmp/minio_downloads/customers_190536278448.parquet
[2026-07-04T14:07:00.671+0000] {logging_mixin.py:188} INFO - Downloaded customers/date=2026-06-17/customers_190536373125.parquet -> /tmp/minio_downloads/customers_190536373125.parquet
[2026-07-04T14:07:00.705+0000] {logging_mixin.py:188} INFO - Downloaded customers/date=2026-06-17/customers_190536467464.parquet -> /tmp/minio_downloads/customers_190536467464.parquet
[2026-07-04T14:07:00.742+0000] {logging_mixin.py:188} INFO - Downloaded customers/date=2026-06-17/customers_190536549057.parquet -> /tmp/minio_downloads/customers_190536549057.parquet
[2026-07-04T14:07:00.779+0000] {logging_mixin.py:188} INFO - Downloaded customers/date=2026-06-17/customers_190536620054.parquet -> /tmp/minio_downloads/customers_190536620054.parquet
[2026-07-04T14:07:00.813+0000] {logging_mixin.py:188} INFO - Downloaded customers/date=2026-06-17/customers_190536699784.parquet -> /tmp/minio_downloads/customers_190536699784.parquet
[2026-07-04T14:07:00.850+0000] {logging_mixin.py:188} INFO - Downloaded customers/date=2026-06-17/customers_190536806645.parquet -> /tmp/minio_downloads/customers_190536806645.parquet
[2026-07-04T14:07:00.888+0000] {logging_mixin.py:188} INFO - Downloaded customers/date=2026-06-17/customers_190536898613.parquet -> /tmp/minio_downloads/customers_190536898613.parquet
[2026-07-04T14:07:00.924+0000] {logging_mixin.py:188} INFO - Downloaded customers/date=2026-06-17/customers_190536988001.parquet -> /tmp/minio_downloads/customers_190536988001.parquet
[2026-07-04T14:07:00.956+0000] {logging_mixin.py:188} INFO - Downloaded customers/date=2026-06-17/customers_190537077442.parquet -> /tmp/minio_downloads/customers_190537077442.parquet
[2026-07-04T14:07:00.997+0000] {logging_mixin.py:188} INFO - Downloaded customers/date=2026-06-17/customers_190537171845.parquet -> /tmp/minio_downloads/customers_190537171845.parquet
[2026-07-04T14:07:01.033+0000] {logging_mixin.py:188} INFO - Downloaded customers/date=2026-06-17/customers_190537264699.parquet -> /tmp/minio_downloads/customers_190537264699.parquet
[2026-07-04T14:07:01.066+0000] {logging_mixin.py:188} INFO - Downloaded customers/date=2026-06-17/customers_190537351041.parquet -> /tmp/minio_downloads/customers_190537351041.parquet
[2026-07-04T14:07:01.097+0000] {logging_mixin.py:188} INFO - Downloaded customers/date=2026-06-17/customers_190537453087.parquet -> /tmp/minio_downloads/customers_190537453087.parquet
[2026-07-04T14:07:01.129+0000] {logging_mixin.py:188} INFO - Downloaded customers/date=2026-06-17/customers_190537539317.parquet -> /tmp/minio_downloads/customers_190537539317.parquet
[2026-07-04T14:07:01.159+0000] {logging_mixin.py:188} INFO - Downloaded customers/date=2026-06-17/customers_190537628958.parquet -> /tmp/minio_downloads/customers_190537628958.parquet
[2026-07-04T14:07:01.188+0000] {logging_mixin.py:188} INFO - Downloaded customers/date=2026-06-17/customers_190537698926.parquet -> /tmp/minio_downloads/customers_190537698926.parquet
[2026-07-04T14:07:01.221+0000] {logging_mixin.py:188} INFO - Downloaded customers/date=2026-06-17/customers_190537782859.parquet -> /tmp/minio_downloads/customers_190537782859.parquet
[2026-07-04T14:07:01.258+0000] {logging_mixin.py:188} INFO - Downloaded customers/date=2026-06-17/customers_190537864698.parquet -> /tmp/minio_downloads/customers_190537864698.parquet
[2026-07-04T14:07:01.288+0000] {logging_mixin.py:188} INFO - Downloaded customers/date=2026-06-17/customers_190537966412.parquet -> /tmp/minio_downloads/customers_190537966412.parquet
[2026-07-04T14:07:01.317+0000] {logging_mixin.py:188} INFO - Downloaded customers/date=2026-06-17/customers_190538051554.parquet -> /tmp/minio_downloads/customers_190538051554.parquet
[2026-07-04T14:07:01.345+0000] {logging_mixin.py:188} INFO - Downloaded customers/date=2026-06-17/customers_190538139232.parquet -> /tmp/minio_downloads/customers_190538139232.parquet
[2026-07-04T14:07:01.376+0000] {logging_mixin.py:188} INFO - Downloaded customers/date=2026-06-17/customers_190538238838.parquet -> /tmp/minio_downloads/customers_190538238838.parquet
[2026-07-04T14:07:01.404+0000] {logging_mixin.py:188} INFO - Downloaded customers/date=2026-06-17/customers_190538319208.parquet -> /tmp/minio_downloads/customers_190538319208.parquet
[2026-07-04T14:07:01.432+0000] {logging_mixin.py:188} INFO - Downloaded customers/date=2026-06-17/customers_190538401542.parquet -> /tmp/minio_downloads/customers_190538401542.parquet
[2026-07-04T14:07:01.462+0000] {logging_mixin.py:188} INFO - Downloaded customers/date=2026-06-17/customers_190538520453.parquet -> /tmp/minio_downloads/customers_190538520453.parquet
[2026-07-04T14:07:01.491+0000] {logging_mixin.py:188} INFO - Downloaded customers/date=2026-06-17/customers_190538622560.parquet -> /tmp/minio_downloads/customers_190538622560.parquet
[2026-07-04T14:07:01.519+0000] {logging_mixin.py:188} INFO - Downloaded customers/date=2026-06-17/customers_190538754722.parquet -> /tmp/minio_downloads/customers_190538754722.parquet
[2026-07-04T14:07:01.547+0000] {logging_mixin.py:188} INFO - Downloaded customers/date=2026-06-17/customers_190538851756.parquet -> /tmp/minio_downloads/customers_190538851756.parquet
[2026-07-04T14:07:01.573+0000] {logging_mixin.py:188} INFO - Downloaded customers/date=2026-06-17/customers_190538932465.parquet -> /tmp/minio_downloads/customers_190538932465.parquet
[2026-07-04T14:07:01.599+0000] {logging_mixin.py:188} INFO - Downloaded customers/date=2026-06-17/customers_190539034113.parquet -> /tmp/minio_downloads/customers_190539034113.parquet
[2026-07-04T14:07:01.626+0000] {logging_mixin.py:188} INFO - Downloaded customers/date=2026-06-17/customers_190539123794.parquet -> /tmp/minio_downloads/customers_190539123794.parquet
[2026-07-04T14:07:01.652+0000] {logging_mixin.py:188} INFO - Downloaded customers/date=2026-06-17/customers_190539218906.parquet -> /tmp/minio_downloads/customers_190539218906.parquet
[2026-07-04T14:07:01.679+0000] {logging_mixin.py:188} INFO - Downloaded customers/date=2026-06-17/customers_190539305398.parquet -> /tmp/minio_downloads/customers_190539305398.parquet
[2026-07-04T14:07:01.706+0000] {logging_mixin.py:188} INFO - Downloaded customers/date=2026-06-17/customers_190539398328.parquet -> /tmp/minio_downloads/customers_190539398328.parquet
[2026-07-04T14:07:01.733+0000] {logging_mixin.py:188} INFO - Downloaded customers/date=2026-06-17/customers_190539485603.parquet -> /tmp/minio_downloads/customers_190539485603.parquet
[2026-07-04T14:07:01.762+0000] {logging_mixin.py:188} INFO - Downloaded customers/date=2026-06-17/customers_190539545725.parquet -> /tmp/minio_downloads/customers_190539545725.parquet
[2026-07-04T14:07:01.791+0000] {logging_mixin.py:188} INFO - Downloaded customers/date=2026-06-17/customers_190539631258.parquet -> /tmp/minio_downloads/customers_190539631258.parquet
[2026-07-04T14:07:01.819+0000] {logging_mixin.py:188} INFO - Downloaded customers/date=2026-06-17/customers_190539702957.parquet -> /tmp/minio_downloads/customers_190539702957.parquet
[2026-07-04T14:07:01.845+0000] {logging_mixin.py:188} INFO - Downloaded customers/date=2026-06-17/customers_190539810453.parquet -> /tmp/minio_downloads/customers_190539810453.parquet
[2026-07-04T14:07:01.876+0000] {logging_mixin.py:188} INFO - Downloaded customers/date=2026-06-17/customers_190539891072.parquet -> /tmp/minio_downloads/customers_190539891072.parquet
[2026-07-04T14:07:01.906+0000] {logging_mixin.py:188} INFO - Downloaded customers/date=2026-06-17/customers_190539966747.parquet -> /tmp/minio_downloads/customers_190539966747.parquet
[2026-07-04T14:07:01.934+0000] {logging_mixin.py:188} INFO - Downloaded customers/date=2026-06-17/customers_190540032826.parquet -> /tmp/minio_downloads/customers_190540032826.parquet
[2026-07-04T14:07:01.963+0000] {logging_mixin.py:188} INFO - Downloaded customers/date=2026-06-17/customers_190540094324.parquet -> /tmp/minio_downloads/customers_190540094324.parquet
[2026-07-04T14:07:01.992+0000] {logging_mixin.py:188} INFO - Downloaded customers/date=2026-06-17/customers_190540145473.parquet -> /tmp/minio_downloads/customers_190540145473.parquet
[2026-07-04T14:07:02.022+0000] {logging_mixin.py:188} INFO - Downloaded customers/date=2026-06-17/customers_190540218333.parquet -> /tmp/minio_downloads/customers_190540218333.parquet
[2026-07-04T14:07:02.048+0000] {logging_mixin.py:188} INFO - Downloaded customers/date=2026-06-17/customers_190540297881.parquet -> /tmp/minio_downloads/customers_190540297881.parquet
[2026-07-04T14:07:02.075+0000] {logging_mixin.py:188} INFO - Downloaded customers/date=2026-06-17/customers_190540431964.parquet -> /tmp/minio_downloads/customers_190540431964.parquet
[2026-07-04T14:07:02.101+0000] {logging_mixin.py:188} INFO - Downloaded customers/date=2026-06-17/customers_190540532109.parquet -> /tmp/minio_downloads/customers_190540532109.parquet
[2026-07-04T14:07:02.127+0000] {logging_mixin.py:188} INFO - Downloaded customers/date=2026-06-17/customers_190540632663.parquet -> /tmp/minio_downloads/customers_190540632663.parquet
[2026-07-04T14:07:02.155+0000] {logging_mixin.py:188} INFO - Downloaded customers/date=2026-06-17/customers_190540698435.parquet -> /tmp/minio_downloads/customers_190540698435.parquet
[2026-07-04T14:07:02.183+0000] {logging_mixin.py:188} INFO - Downloaded customers/date=2026-06-17/customers_190540788621.parquet -> /tmp/minio_downloads/customers_190540788621.parquet
[2026-07-04T14:07:02.255+0000] {logging_mixin.py:188} INFO - Downloaded customers/date=2026-06-17/customers_190540897663.parquet -> /tmp/minio_downloads/customers_190540897663.parquet
[2026-07-04T14:07:02.293+0000] {logging_mixin.py:188} INFO - Downloaded customers/date=2026-06-17/customers_190540987831.parquet -> /tmp/minio_downloads/customers_190540987831.parquet
[2026-07-04T14:07:02.329+0000] {logging_mixin.py:188} INFO - Downloaded customers/date=2026-06-17/customers_190541083808.parquet -> /tmp/minio_downloads/customers_190541083808.parquet
[2026-07-04T14:07:02.363+0000] {logging_mixin.py:188} INFO - Downloaded customers/date=2026-06-17/customers_190541180385.parquet -> /tmp/minio_downloads/customers_190541180385.parquet
[2026-07-04T14:07:02.401+0000] {logging_mixin.py:188} INFO - Downloaded customers/date=2026-06-17/customers_190541250391.parquet -> /tmp/minio_downloads/customers_190541250391.parquet
[2026-07-04T14:07:02.436+0000] {logging_mixin.py:188} INFO - Downloaded customers/date=2026-06-17/customers_190541326247.parquet -> /tmp/minio_downloads/customers_190541326247.parquet
[2026-07-04T14:07:02.464+0000] {logging_mixin.py:188} INFO - Downloaded customers/date=2026-06-17/customers_190541417928.parquet -> /tmp/minio_downloads/customers_190541417928.parquet
[2026-07-04T14:07:02.498+0000] {logging_mixin.py:188} INFO - Downloaded customers/date=2026-06-17/customers_190541508020.parquet -> /tmp/minio_downloads/customers_190541508020.parquet
[2026-07-04T14:07:02.534+0000] {logging_mixin.py:188} INFO - Downloaded customers/date=2026-06-17/customers_190541605258.parquet -> /tmp/minio_downloads/customers_190541605258.parquet
[2026-07-04T14:07:02.573+0000] {logging_mixin.py:188} INFO - Downloaded customers/date=2026-06-17/customers_190541704160.parquet -> /tmp/minio_downloads/customers_190541704160.parquet
[2026-07-04T14:07:02.607+0000] {logging_mixin.py:188} INFO - Downloaded customers/date=2026-06-17/customers_190541809177.parquet -> /tmp/minio_downloads/customers_190541809177.parquet
[2026-07-04T14:07:02.639+0000] {logging_mixin.py:188} INFO - Downloaded customers/date=2026-06-17/customers_190541890253.parquet -> /tmp/minio_downloads/customers_190541890253.parquet
[2026-07-04T14:07:02.669+0000] {logging_mixin.py:188} INFO - Downloaded customers/date=2026-06-17/customers_190541975527.parquet -> /tmp/minio_downloads/customers_190541975527.parquet
[2026-07-04T14:07:02.697+0000] {logging_mixin.py:188} INFO - Downloaded customers/date=2026-06-17/customers_190542069653.parquet -> /tmp/minio_downloads/customers_190542069653.parquet
[2026-07-04T14:07:02.727+0000] {logging_mixin.py:188} INFO - Downloaded customers/date=2026-06-17/customers_190542158324.parquet -> /tmp/minio_downloads/customers_190542158324.parquet
[2026-07-04T14:07:02.753+0000] {logging_mixin.py:188} INFO - Downloaded customers/date=2026-06-17/customers_190542256906.parquet -> /tmp/minio_downloads/customers_190542256906.parquet
[2026-07-04T14:07:02.779+0000] {logging_mixin.py:188} INFO - Downloaded customers/date=2026-06-17/customers_190542327925.parquet -> /tmp/minio_downloads/customers_190542327925.parquet
[2026-07-04T14:07:02.806+0000] {logging_mixin.py:188} INFO - Downloaded customers/date=2026-06-17/customers_190542420735.parquet -> /tmp/minio_downloads/customers_190542420735.parquet
[2026-07-04T14:07:02.833+0000] {logging_mixin.py:188} INFO - Downloaded customers/date=2026-06-17/customers_190542520754.parquet -> /tmp/minio_downloads/customers_190542520754.parquet
[2026-07-04T14:07:02.860+0000] {logging_mixin.py:188} INFO - Downloaded customers/date=2026-06-17/customers_190542616822.parquet -> /tmp/minio_downloads/customers_190542616822.parquet
[2026-07-04T14:07:02.888+0000] {logging_mixin.py:188} INFO - Downloaded customers/date=2026-06-17/customers_190542700221.parquet -> /tmp/minio_downloads/customers_190542700221.parquet
[2026-07-04T14:07:02.918+0000] {logging_mixin.py:188} INFO - Downloaded customers/date=2026-06-17/customers_190542791697.parquet -> /tmp/minio_downloads/customers_190542791697.parquet
[2026-07-04T14:07:02.945+0000] {logging_mixin.py:188} INFO - Downloaded customers/date=2026-06-17/customers_190542885597.parquet -> /tmp/minio_downloads/customers_190542885597.parquet
[2026-07-04T14:07:02.974+0000] {logging_mixin.py:188} INFO - Downloaded customers/date=2026-06-17/customers_190542986434.parquet -> /tmp/minio_downloads/customers_190542986434.parquet
[2026-07-04T14:07:03.002+0000] {logging_mixin.py:188} INFO - Downloaded customers/date=2026-06-17/customers_190543076927.parquet -> /tmp/minio_downloads/customers_190543076927.parquet
[2026-07-04T14:07:03.029+0000] {logging_mixin.py:188} INFO - Downloaded customers/date=2026-06-17/customers_190543158006.parquet -> /tmp/minio_downloads/customers_190543158006.parquet
[2026-07-04T14:07:03.058+0000] {logging_mixin.py:188} INFO - Downloaded customers/date=2026-06-17/customers_190543253590.parquet -> /tmp/minio_downloads/customers_190543253590.parquet
[2026-07-04T14:07:03.088+0000] {logging_mixin.py:188} INFO - Downloaded customers/date=2026-06-17/customers_190543347569.parquet -> /tmp/minio_downloads/customers_190543347569.parquet
[2026-07-04T14:07:03.115+0000] {logging_mixin.py:188} INFO - Downloaded customers/date=2026-06-17/customers_190543450649.parquet -> /tmp/minio_downloads/customers_190543450649.parquet
[2026-07-04T14:07:03.143+0000] {logging_mixin.py:188} INFO - Downloaded customers/date=2026-06-17/customers_190543527911.parquet -> /tmp/minio_downloads/customers_190543527911.parquet
[2026-07-04T14:07:03.170+0000] {logging_mixin.py:188} INFO - Downloaded customers/date=2026-06-17/customers_190543616646.parquet -> /tmp/minio_downloads/customers_190543616646.parquet
[2026-07-04T14:07:03.197+0000] {logging_mixin.py:188} INFO - Downloaded customers/date=2026-06-17/customers_190543675363.parquet -> /tmp/minio_downloads/customers_190543675363.parquet
[2026-07-04T14:07:03.231+0000] {logging_mixin.py:188} INFO - Downloaded customers/date=2026-06-17/customers_190543752703.parquet -> /tmp/minio_downloads/customers_190543752703.parquet
[2026-07-04T14:07:03.257+0000] {logging_mixin.py:188} INFO - Downloaded customers/date=2026-06-17/customers_190543830423.parquet -> /tmp/minio_downloads/customers_190543830423.parquet
[2026-07-04T14:07:03.282+0000] {logging_mixin.py:188} INFO - Downloaded customers/date=2026-06-17/customers_190543903971.parquet -> /tmp/minio_downloads/customers_190543903971.parquet
[2026-07-04T14:07:03.308+0000] {logging_mixin.py:188} INFO - Downloaded customers/date=2026-06-17/customers_190544000846.parquet -> /tmp/minio_downloads/customers_190544000846.parquet
[2026-07-04T14:07:03.332+0000] {logging_mixin.py:188} INFO - Downloaded customers/date=2026-06-17/customers_190544281094.parquet -> /tmp/minio_downloads/customers_190544281094.parquet
[2026-07-04T14:07:03.359+0000] {logging_mixin.py:188} INFO - Downloaded customers/date=2026-06-17/customers_190544373713.parquet -> /tmp/minio_downloads/customers_190544373713.parquet
[2026-07-04T14:07:03.387+0000] {logging_mixin.py:188} INFO - Downloaded customers/date=2026-06-17/customers_190544483521.parquet -> /tmp/minio_downloads/customers_190544483521.parquet
[2026-07-04T14:07:03.412+0000] {logging_mixin.py:188} INFO - Downloaded customers/date=2026-06-17/customers_190544579549.parquet -> /tmp/minio_downloads/customers_190544579549.parquet
[2026-07-04T14:07:03.438+0000] {logging_mixin.py:188} INFO - Downloaded customers/date=2026-06-17/customers_190544676498.parquet -> /tmp/minio_downloads/customers_190544676498.parquet
[2026-07-04T14:07:03.463+0000] {logging_mixin.py:188} INFO - Downloaded customers/date=2026-06-17/customers_190544796803.parquet -> /tmp/minio_downloads/customers_190544796803.parquet
[2026-07-04T14:07:03.488+0000] {logging_mixin.py:188} INFO - Downloaded customers/date=2026-06-17/customers_190544882394.parquet -> /tmp/minio_downloads/customers_190544882394.parquet
[2026-07-04T14:07:03.512+0000] {logging_mixin.py:188} INFO - Downloaded customers/date=2026-06-17/customers_190544979467.parquet -> /tmp/minio_downloads/customers_190544979467.parquet
[2026-07-04T14:07:03.539+0000] {logging_mixin.py:188} INFO - Downloaded customers/date=2026-06-17/customers_190545064056.parquet -> /tmp/minio_downloads/customers_190545064056.parquet
[2026-07-04T14:07:03.565+0000] {logging_mixin.py:188} INFO - Downloaded customers/date=2026-06-17/customers_190545142528.parquet -> /tmp/minio_downloads/customers_190545142528.parquet
[2026-07-04T14:07:03.591+0000] {logging_mixin.py:188} INFO - Downloaded customers/date=2026-06-17/customers_190545231464.parquet -> /tmp/minio_downloads/customers_190545231464.parquet
[2026-07-04T14:07:03.618+0000] {logging_mixin.py:188} INFO - Downloaded customers/date=2026-06-17/customers_190545320319.parquet -> /tmp/minio_downloads/customers_190545320319.parquet
[2026-07-04T14:07:03.644+0000] {logging_mixin.py:188} INFO - Downloaded customers/date=2026-06-17/customers_190545414688.parquet -> /tmp/minio_downloads/customers_190545414688.parquet
[2026-07-04T14:07:03.670+0000] {logging_mixin.py:188} INFO - Downloaded customers/date=2026-06-17/customers_190545504552.parquet -> /tmp/minio_downloads/customers_190545504552.parquet
[2026-07-04T14:07:03.698+0000] {logging_mixin.py:188} INFO - Downloaded customers/date=2026-06-17/customers_190545592817.parquet -> /tmp/minio_downloads/customers_190545592817.parquet
[2026-07-04T14:07:03.727+0000] {logging_mixin.py:188} INFO - Downloaded customers/date=2026-06-17/customers_190545677112.parquet -> /tmp/minio_downloads/customers_190545677112.parquet
[2026-07-04T14:07:03.754+0000] {logging_mixin.py:188} INFO - Downloaded customers/date=2026-06-17/customers_190545762209.parquet -> /tmp/minio_downloads/customers_190545762209.parquet
[2026-07-04T14:07:03.781+0000] {logging_mixin.py:188} INFO - Downloaded customers/date=2026-06-17/customers_190545857188.parquet -> /tmp/minio_downloads/customers_190545857188.parquet
[2026-07-04T14:07:03.808+0000] {logging_mixin.py:188} INFO - Downloaded customers/date=2026-06-17/customers_190545941631.parquet -> /tmp/minio_downloads/customers_190545941631.parquet
[2026-07-04T14:07:03.833+0000] {logging_mixin.py:188} INFO - Downloaded customers/date=2026-06-17/customers_190546066925.parquet -> /tmp/minio_downloads/customers_190546066925.parquet
[2026-07-04T14:07:03.859+0000] {logging_mixin.py:188} INFO - Downloaded customers/date=2026-06-17/customers_190546200445.parquet -> /tmp/minio_downloads/customers_190546200445.parquet
[2026-07-04T14:07:03.887+0000] {logging_mixin.py:188} INFO - Downloaded customers/date=2026-06-17/customers_190546401040.parquet -> /tmp/minio_downloads/customers_190546401040.parquet
[2026-07-04T14:07:03.913+0000] {logging_mixin.py:188} INFO - Downloaded customers/date=2026-06-17/customers_190546534721.parquet -> /tmp/minio_downloads/customers_190546534721.parquet
[2026-07-04T14:07:03.940+0000] {logging_mixin.py:188} INFO - Downloaded customers/date=2026-06-17/customers_190546650046.parquet -> /tmp/minio_downloads/customers_190546650046.parquet
[2026-07-04T14:07:03.969+0000] {logging_mixin.py:188} INFO - Downloaded customers/date=2026-06-17/customers_190546730740.parquet -> /tmp/minio_downloads/customers_190546730740.parquet
[2026-07-04T14:07:03.993+0000] {logging_mixin.py:188} INFO - Downloaded customers/date=2026-06-17/customers_190546821615.parquet -> /tmp/minio_downloads/customers_190546821615.parquet
[2026-07-04T14:07:04.020+0000] {logging_mixin.py:188} INFO - Downloaded customers/date=2026-06-17/customers_190546967196.parquet -> /tmp/minio_downloads/customers_190546967196.parquet
[2026-07-04T14:07:04.046+0000] {logging_mixin.py:188} INFO - Downloaded customers/date=2026-06-17/customers_190547069169.parquet -> /tmp/minio_downloads/customers_190547069169.parquet
[2026-07-04T14:07:04.072+0000] {logging_mixin.py:188} INFO - Downloaded customers/date=2026-06-17/customers_190547180349.parquet -> /tmp/minio_downloads/customers_190547180349.parquet
[2026-07-04T14:07:04.101+0000] {logging_mixin.py:188} INFO - Downloaded customers/date=2026-06-17/customers_190547298924.parquet -> /tmp/minio_downloads/customers_190547298924.parquet
[2026-07-04T14:07:04.128+0000] {logging_mixin.py:188} INFO - Downloaded customers/date=2026-06-17/customers_190547397974.parquet -> /tmp/minio_downloads/customers_190547397974.parquet
[2026-07-04T14:07:04.154+0000] {logging_mixin.py:188} INFO - Downloaded customers/date=2026-06-17/customers_190547490619.parquet -> /tmp/minio_downloads/customers_190547490619.parquet
[2026-07-04T14:07:04.178+0000] {logging_mixin.py:188} INFO - Downloaded customers/date=2026-06-17/customers_190547572865.parquet -> /tmp/minio_downloads/customers_190547572865.parquet
[2026-07-04T14:07:04.203+0000] {logging_mixin.py:188} INFO - Downloaded customers/date=2026-06-17/customers_190547704148.parquet -> /tmp/minio_downloads/customers_190547704148.parquet
[2026-07-04T14:07:04.228+0000] {logging_mixin.py:188} INFO - Downloaded customers/date=2026-06-17/customers_190547807274.parquet -> /tmp/minio_downloads/customers_190547807274.parquet
[2026-07-04T14:07:04.258+0000] {logging_mixin.py:188} INFO - Downloaded customers/date=2026-06-17/customers_190547917145.parquet -> /tmp/minio_downloads/customers_190547917145.parquet
[2026-07-04T14:07:04.286+0000] {logging_mixin.py:188} INFO - Downloaded customers/date=2026-06-17/customers_190548029999.parquet -> /tmp/minio_downloads/customers_190548029999.parquet
[2026-07-04T14:07:04.311+0000] {logging_mixin.py:188} INFO - Downloaded customers/date=2026-06-17/customers_190548266308.parquet -> /tmp/minio_downloads/customers_190548266308.parquet
[2026-07-04T14:07:04.337+0000] {logging_mixin.py:188} INFO - Downloaded customers/date=2026-06-17/customers_190548394163.parquet -> /tmp/minio_downloads/customers_190548394163.parquet
[2026-07-04T14:07:04.362+0000] {logging_mixin.py:188} INFO - Downloaded customers/date=2026-06-17/customers_190548536088.parquet -> /tmp/minio_downloads/customers_190548536088.parquet
[2026-07-04T14:07:04.391+0000] {logging_mixin.py:188} INFO - Downloaded customers/date=2026-06-17/customers_190548676002.parquet -> /tmp/minio_downloads/customers_190548676002.parquet
[2026-07-04T14:07:04.415+0000] {logging_mixin.py:188} INFO - Downloaded customers/date=2026-06-17/customers_190548771118.parquet -> /tmp/minio_downloads/customers_190548771118.parquet
[2026-07-04T14:07:04.442+0000] {logging_mixin.py:188} INFO - Downloaded customers/date=2026-06-17/customers_190548892969.parquet -> /tmp/minio_downloads/customers_190548892969.parquet
[2026-07-04T14:07:04.471+0000] {logging_mixin.py:188} INFO - Downloaded customers/date=2026-06-17/customers_190549033306.parquet -> /tmp/minio_downloads/customers_190549033306.parquet
[2026-07-04T14:07:04.499+0000] {logging_mixin.py:188} INFO - Downloaded customers/date=2026-06-17/customers_190549230903.parquet -> /tmp/minio_downloads/customers_190549230903.parquet
[2026-07-04T14:07:04.529+0000] {logging_mixin.py:188} INFO - Downloaded customers/date=2026-06-17/customers_190549462742.parquet -> /tmp/minio_downloads/customers_190549462742.parquet
[2026-07-04T14:07:04.565+0000] {logging_mixin.py:188} INFO - Downloaded customers/date=2026-06-17/customers_190549619471.parquet -> /tmp/minio_downloads/customers_190549619471.parquet
[2026-07-04T14:07:04.593+0000] {logging_mixin.py:188} INFO - Downloaded customers/date=2026-06-17/customers_190549770486.parquet -> /tmp/minio_downloads/customers_190549770486.parquet
[2026-07-04T14:07:04.623+0000] {logging_mixin.py:188} INFO - Downloaded customers/date=2026-06-17/customers_190549876529.parquet -> /tmp/minio_downloads/customers_190549876529.parquet
[2026-07-04T14:07:04.655+0000] {logging_mixin.py:188} INFO - Downloaded customers/date=2026-06-17/customers_190549971353.parquet -> /tmp/minio_downloads/customers_190549971353.parquet
[2026-07-04T14:07:04.688+0000] {logging_mixin.py:188} INFO - Downloaded customers/date=2026-06-17/customers_190550068702.parquet -> /tmp/minio_downloads/customers_190550068702.parquet
[2026-07-04T14:07:04.720+0000] {logging_mixin.py:188} INFO - Downloaded customers/date=2026-06-17/customers_190550194333.parquet -> /tmp/minio_downloads/customers_190550194333.parquet
[2026-07-04T14:07:04.750+0000] {logging_mixin.py:188} INFO - Downloaded customers/date=2026-06-17/customers_190550294357.parquet -> /tmp/minio_downloads/customers_190550294357.parquet
[2026-07-04T14:07:04.780+0000] {logging_mixin.py:188} INFO - Downloaded customers/date=2026-06-17/customers_190550397429.parquet -> /tmp/minio_downloads/customers_190550397429.parquet
[2026-07-04T14:07:04.811+0000] {logging_mixin.py:188} INFO - Downloaded customers/date=2026-06-17/customers_190550501208.parquet -> /tmp/minio_downloads/customers_190550501208.parquet
[2026-07-04T14:07:04.844+0000] {logging_mixin.py:188} INFO - Downloaded customers/date=2026-06-17/customers_190550607851.parquet -> /tmp/minio_downloads/customers_190550607851.parquet
[2026-07-04T14:07:04.875+0000] {logging_mixin.py:188} INFO - Downloaded customers/date=2026-06-17/customers_190550700394.parquet -> /tmp/minio_downloads/customers_190550700394.parquet
[2026-07-04T14:07:04.907+0000] {logging_mixin.py:188} INFO - Downloaded customers/date=2026-06-17/customers_190550794280.parquet -> /tmp/minio_downloads/customers_190550794280.parquet
[2026-07-04T14:07:04.939+0000] {logging_mixin.py:188} INFO - Downloaded customers/date=2026-06-17/customers_190550891503.parquet -> /tmp/minio_downloads/customers_190550891503.parquet
[2026-07-04T14:07:04.969+0000] {logging_mixin.py:188} INFO - Downloaded customers/date=2026-06-17/customers_190550994311.parquet -> /tmp/minio_downloads/customers_190550994311.parquet
[2026-07-04T14:07:04.998+0000] {logging_mixin.py:188} INFO - Downloaded customers/date=2026-06-17/customers_190551088520.parquet -> /tmp/minio_downloads/customers_190551088520.parquet
[2026-07-04T14:07:05.026+0000] {logging_mixin.py:188} INFO - Downloaded customers/date=2026-06-17/customers_190551191279.parquet -> /tmp/minio_downloads/customers_190551191279.parquet
[2026-07-04T14:07:05.056+0000] {logging_mixin.py:188} INFO - Downloaded customers/date=2026-06-17/customers_190551320015.parquet -> /tmp/minio_downloads/customers_190551320015.parquet
[2026-07-04T14:07:05.084+0000] {logging_mixin.py:188} INFO - Downloaded customers/date=2026-06-17/customers_190551566283.parquet -> /tmp/minio_downloads/customers_190551566283.parquet
[2026-07-04T14:07:05.112+0000] {logging_mixin.py:188} INFO - Downloaded customers/date=2026-06-17/customers_190551703347.parquet -> /tmp/minio_downloads/customers_190551703347.parquet
[2026-07-04T14:07:05.145+0000] {logging_mixin.py:188} INFO - Downloaded customers/date=2026-06-17/customers_190551812591.parquet -> /tmp/minio_downloads/customers_190551812591.parquet
[2026-07-04T14:07:05.177+0000] {logging_mixin.py:188} INFO - Downloaded customers/date=2026-06-17/customers_190551904318.parquet -> /tmp/minio_downloads/customers_190551904318.parquet
[2026-07-04T14:07:05.210+0000] {logging_mixin.py:188} INFO - Downloaded customers/date=2026-06-17/customers_190552004461.parquet -> /tmp/minio_downloads/customers_190552004461.parquet
[2026-07-04T14:07:05.242+0000] {logging_mixin.py:188} INFO - Downloaded customers/date=2026-06-17/customers_190552097320.parquet -> /tmp/minio_downloads/customers_190552097320.parquet
[2026-07-04T14:07:05.273+0000] {logging_mixin.py:188} INFO - Downloaded customers/date=2026-06-17/customers_190552188541.parquet -> /tmp/minio_downloads/customers_190552188541.parquet
[2026-07-04T14:07:05.302+0000] {logging_mixin.py:188} INFO - Downloaded customers/date=2026-06-17/customers_190552271018.parquet -> /tmp/minio_downloads/customers_190552271018.parquet
[2026-07-04T14:07:05.330+0000] {logging_mixin.py:188} INFO - Downloaded customers/date=2026-06-17/customers_190552375917.parquet -> /tmp/minio_downloads/customers_190552375917.parquet
[2026-07-04T14:07:05.363+0000] {logging_mixin.py:188} INFO - Downloaded customers/date=2026-06-17/customers_190552470373.parquet -> /tmp/minio_downloads/customers_190552470373.parquet
[2026-07-04T14:07:05.403+0000] {logging_mixin.py:188} INFO - Downloaded customers/date=2026-06-17/customers_190552566985.parquet -> /tmp/minio_downloads/customers_190552566985.parquet
[2026-07-04T14:07:05.444+0000] {logging_mixin.py:188} INFO - Downloaded customers/date=2026-06-17/customers_190552655317.parquet -> /tmp/minio_downloads/customers_190552655317.parquet
[2026-07-04T14:07:05.482+0000] {logging_mixin.py:188} INFO - Downloaded customers/date=2026-06-17/customers_190552740056.parquet -> /tmp/minio_downloads/customers_190552740056.parquet
[2026-07-04T14:07:05.522+0000] {logging_mixin.py:188} INFO - Downloaded customers/date=2026-06-17/customers_190552818721.parquet -> /tmp/minio_downloads/customers_190552818721.parquet
[2026-07-04T14:07:05.555+0000] {logging_mixin.py:188} INFO - Downloaded customers/date=2026-06-17/customers_190552890918.parquet -> /tmp/minio_downloads/customers_190552890918.parquet
[2026-07-04T14:07:05.585+0000] {logging_mixin.py:188} INFO - Downloaded customers/date=2026-06-17/customers_190552982498.parquet -> /tmp/minio_downloads/customers_190552982498.parquet
[2026-07-04T14:07:05.617+0000] {logging_mixin.py:188} INFO - Downloaded customers/date=2026-06-17/customers_190553083327.parquet -> /tmp/minio_downloads/customers_190553083327.parquet
[2026-07-04T14:07:05.650+0000] {logging_mixin.py:188} INFO - Downloaded customers/date=2026-06-17/customers_190553154570.parquet -> /tmp/minio_downloads/customers_190553154570.parquet
[2026-07-04T14:07:05.685+0000] {logging_mixin.py:188} INFO - Downloaded customers/date=2026-06-17/customers_190553244293.parquet -> /tmp/minio_downloads/customers_190553244293.parquet
[2026-07-04T14:07:05.720+0000] {logging_mixin.py:188} INFO - Downloaded customers/date=2026-06-17/customers_190553323904.parquet -> /tmp/minio_downloads/customers_190553323904.parquet
[2026-07-04T14:07:05.756+0000] {logging_mixin.py:188} INFO - Downloaded customers/date=2026-06-17/customers_190553400034.parquet -> /tmp/minio_downloads/customers_190553400034.parquet
[2026-07-04T14:07:05.789+0000] {logging_mixin.py:188} INFO - Downloaded customers/date=2026-06-17/customers_190553482689.parquet -> /tmp/minio_downloads/customers_190553482689.parquet
[2026-07-04T14:07:05.822+0000] {logging_mixin.py:188} INFO - Downloaded customers/date=2026-06-17/customers_190553616146.parquet -> /tmp/minio_downloads/customers_190553616146.parquet
[2026-07-04T14:07:05.856+0000] {logging_mixin.py:188} INFO - Downloaded customers/date=2026-06-17/customers_190553728893.parquet -> /tmp/minio_downloads/customers_190553728893.parquet
[2026-07-04T14:07:05.894+0000] {logging_mixin.py:188} INFO - Downloaded customers/date=2026-06-17/customers_190553847463.parquet -> /tmp/minio_downloads/customers_190553847463.parquet
[2026-07-04T14:07:05.935+0000] {logging_mixin.py:188} INFO - Downloaded customers/date=2026-06-17/customers_190553943930.parquet -> /tmp/minio_downloads/customers_190553943930.parquet
[2026-07-04T14:07:05.973+0000] {logging_mixin.py:188} INFO - Downloaded customers/date=2026-06-17/customers_190554040796.parquet -> /tmp/minio_downloads/customers_190554040796.parquet
[2026-07-04T14:07:06.010+0000] {logging_mixin.py:188} INFO - Downloaded customers/date=2026-06-17/customers_190554124900.parquet -> /tmp/minio_downloads/customers_190554124900.parquet
[2026-07-04T14:07:06.044+0000] {logging_mixin.py:188} INFO - Downloaded customers/date=2026-06-17/customers_190554206575.parquet -> /tmp/minio_downloads/customers_190554206575.parquet
[2026-07-04T14:07:06.079+0000] {logging_mixin.py:188} INFO - Downloaded customers/date=2026-06-17/customers_190554290204.parquet -> /tmp/minio_downloads/customers_190554290204.parquet
[2026-07-04T14:07:06.124+0000] {logging_mixin.py:188} INFO - Downloaded customers/date=2026-06-17/customers_190554369148.parquet -> /tmp/minio_downloads/customers_190554369148.parquet
[2026-07-04T14:07:06.162+0000] {logging_mixin.py:188} INFO - Downloaded customers/date=2026-06-17/customers_190554445379.parquet -> /tmp/minio_downloads/customers_190554445379.parquet
[2026-07-04T14:07:06.203+0000] {logging_mixin.py:188} INFO - Downloaded customers/date=2026-06-17/customers_190554526571.parquet -> /tmp/minio_downloads/customers_190554526571.parquet
[2026-07-04T14:07:06.241+0000] {logging_mixin.py:188} INFO - Downloaded customers/date=2026-06-17/customers_190554602653.parquet -> /tmp/minio_downloads/customers_190554602653.parquet
[2026-07-04T14:07:06.297+0000] {logging_mixin.py:188} INFO - Downloaded customers/date=2026-06-17/customers_190554683879.parquet -> /tmp/minio_downloads/customers_190554683879.parquet
[2026-07-04T14:07:06.358+0000] {logging_mixin.py:188} INFO - Downloaded customers/date=2026-06-17/customers_190554773602.parquet -> /tmp/minio_downloads/customers_190554773602.parquet
[2026-07-04T14:07:06.426+0000] {logging_mixin.py:188} INFO - Downloaded customers/date=2026-06-17/customers_190554933217.parquet -> /tmp/minio_downloads/customers_190554933217.parquet
[2026-07-04T14:07:06.488+0000] {logging_mixin.py:188} INFO - Downloaded customers/date=2026-06-17/customers_190555005715.parquet -> /tmp/minio_downloads/customers_190555005715.parquet
[2026-07-04T14:07:06.544+0000] {logging_mixin.py:188} INFO - Downloaded customers/date=2026-06-17/customers_190555089851.parquet -> /tmp/minio_downloads/customers_190555089851.parquet
[2026-07-04T14:07:06.599+0000] {logging_mixin.py:188} INFO - Downloaded customers/date=2026-06-17/customers_190555161408.parquet -> /tmp/minio_downloads/customers_190555161408.parquet
[2026-07-04T14:07:06.663+0000] {logging_mixin.py:188} INFO - Downloaded customers/date=2026-06-17/customers_190555256911.parquet -> /tmp/minio_downloads/customers_190555256911.parquet
[2026-07-04T14:07:06.732+0000] {logging_mixin.py:188} INFO - Downloaded customers/date=2026-06-17/customers_190555353917.parquet -> /tmp/minio_downloads/customers_190555353917.parquet
[2026-07-04T14:07:06.808+0000] {logging_mixin.py:188} INFO - Downloaded customers/date=2026-06-17/customers_190555431817.parquet -> /tmp/minio_downloads/customers_190555431817.parquet
[2026-07-04T14:07:06.903+0000] {logging_mixin.py:188} INFO - Downloaded customers/date=2026-06-17/customers_190555499395.parquet -> /tmp/minio_downloads/customers_190555499395.parquet
[2026-07-04T14:07:06.975+0000] {logging_mixin.py:188} INFO - Downloaded customers/date=2026-06-17/customers_190555586984.parquet -> /tmp/minio_downloads/customers_190555586984.parquet
[2026-07-04T14:07:07.025+0000] {logging_mixin.py:188} INFO - Downloaded customers/date=2026-06-17/customers_190555668631.parquet -> /tmp/minio_downloads/customers_190555668631.parquet
[2026-07-04T14:07:07.066+0000] {logging_mixin.py:188} INFO - Downloaded customers/date=2026-06-17/customers_190555751900.parquet -> /tmp/minio_downloads/customers_190555751900.parquet
[2026-07-04T14:07:07.106+0000] {logging_mixin.py:188} INFO - Downloaded customers/date=2026-06-17/customers_190555819915.parquet -> /tmp/minio_downloads/customers_190555819915.parquet
[2026-07-04T14:07:07.148+0000] {logging_mixin.py:188} INFO - Downloaded customers/date=2026-06-17/customers_190555925301.parquet -> /tmp/minio_downloads/customers_190555925301.parquet
[2026-07-04T14:07:07.188+0000] {logging_mixin.py:188} INFO - Downloaded customers/date=2026-06-17/customers_190556047856.parquet -> /tmp/minio_downloads/customers_190556047856.parquet
[2026-07-04T14:07:07.230+0000] {logging_mixin.py:188} INFO - Downloaded customers/date=2026-06-17/customers_190556143987.parquet -> /tmp/minio_downloads/customers_190556143987.parquet
[2026-07-04T14:07:07.273+0000] {logging_mixin.py:188} INFO - Downloaded customers/date=2026-06-17/customers_190556253700.parquet -> /tmp/minio_downloads/customers_190556253700.parquet
[2026-07-04T14:07:07.311+0000] {logging_mixin.py:188} INFO - Downloaded customers/date=2026-06-17/customers_190556338588.parquet -> /tmp/minio_downloads/customers_190556338588.parquet
[2026-07-04T14:07:07.353+0000] {logging_mixin.py:188} INFO - Downloaded customers/date=2026-06-17/customers_190556440622.parquet -> /tmp/minio_downloads/customers_190556440622.parquet
[2026-07-04T14:07:07.389+0000] {logging_mixin.py:188} INFO - Downloaded customers/date=2026-06-17/customers_190556537359.parquet -> /tmp/minio_downloads/customers_190556537359.parquet
[2026-07-04T14:07:07.428+0000] {logging_mixin.py:188} INFO - Downloaded customers/date=2026-06-17/customers_190556621103.parquet -> /tmp/minio_downloads/customers_190556621103.parquet
[2026-07-04T14:07:07.469+0000] {logging_mixin.py:188} INFO - Downloaded customers/date=2026-06-17/customers_190556706405.parquet -> /tmp/minio_downloads/customers_190556706405.parquet
[2026-07-04T14:07:07.507+0000] {logging_mixin.py:188} INFO - Downloaded customers/date=2026-06-17/customers_190556796662.parquet -> /tmp/minio_downloads/customers_190556796662.parquet
[2026-07-04T14:07:07.542+0000] {logging_mixin.py:188} INFO - Downloaded customers/date=2026-06-17/customers_190556890154.parquet -> /tmp/minio_downloads/customers_190556890154.parquet
[2026-07-04T14:07:07.577+0000] {logging_mixin.py:188} INFO - Downloaded customers/date=2026-06-17/customers_190556969691.parquet -> /tmp/minio_downloads/customers_190556969691.parquet
[2026-07-04T14:07:07.609+0000] {logging_mixin.py:188} INFO - Downloaded customers/date=2026-06-17/customers_190557052913.parquet -> /tmp/minio_downloads/customers_190557052913.parquet
[2026-07-04T14:07:07.640+0000] {logging_mixin.py:188} INFO - Downloaded customers/date=2026-06-17/customers_190557134088.parquet -> /tmp/minio_downloads/customers_190557134088.parquet
[2026-07-04T14:07:07.673+0000] {logging_mixin.py:188} INFO - Downloaded customers/date=2026-06-17/customers_190557235739.parquet -> /tmp/minio_downloads/customers_190557235739.parquet
[2026-07-04T14:07:07.707+0000] {logging_mixin.py:188} INFO - Downloaded customers/date=2026-06-17/customers_190557322343.parquet -> /tmp/minio_downloads/customers_190557322343.parquet
[2026-07-04T14:07:07.746+0000] {logging_mixin.py:188} INFO - Downloaded customers/date=2026-06-17/customers_190557415782.parquet -> /tmp/minio_downloads/customers_190557415782.parquet
[2026-07-04T14:07:07.786+0000] {logging_mixin.py:188} INFO - Downloaded customers/date=2026-06-17/customers_190557512593.parquet -> /tmp/minio_downloads/customers_190557512593.parquet
[2026-07-04T14:07:07.820+0000] {logging_mixin.py:188} INFO - Downloaded customers/date=2026-06-17/customers_190557597119.parquet -> /tmp/minio_downloads/customers_190557597119.parquet
[2026-07-04T14:07:07.857+0000] {logging_mixin.py:188} INFO - Downloaded customers/date=2026-06-17/customers_190557690572.parquet -> /tmp/minio_downloads/customers_190557690572.parquet
[2026-07-04T14:07:07.891+0000] {logging_mixin.py:188} INFO - Downloaded customers/date=2026-06-17/customers_190557790451.parquet -> /tmp/minio_downloads/customers_190557790451.parquet
[2026-07-04T14:07:07.925+0000] {logging_mixin.py:188} INFO - Downloaded customers/date=2026-06-17/customers_190557884076.parquet -> /tmp/minio_downloads/customers_190557884076.parquet
[2026-07-04T14:07:07.960+0000] {logging_mixin.py:188} INFO - Downloaded customers/date=2026-06-17/customers_190557952718.parquet -> /tmp/minio_downloads/customers_190557952718.parquet
[2026-07-04T14:07:08.001+0000] {logging_mixin.py:188} INFO - Downloaded customers/date=2026-06-17/customers_190558043136.parquet -> /tmp/minio_downloads/customers_190558043136.parquet
[2026-07-04T14:07:08.035+0000] {logging_mixin.py:188} INFO - Downloaded customers/date=2026-06-17/customers_190558136663.parquet -> /tmp/minio_downloads/customers_190558136663.parquet
[2026-07-04T14:07:08.067+0000] {logging_mixin.py:188} INFO - Downloaded customers/date=2026-06-17/customers_190558241585.parquet -> /tmp/minio_downloads/customers_190558241585.parquet
[2026-07-04T14:07:08.097+0000] {logging_mixin.py:188} INFO - Downloaded customers/date=2026-06-17/customers_190558350426.parquet -> /tmp/minio_downloads/customers_190558350426.parquet
[2026-07-04T14:07:08.129+0000] {logging_mixin.py:188} INFO - Downloaded customers/date=2026-06-17/customers_190558444960.parquet -> /tmp/minio_downloads/customers_190558444960.parquet
[2026-07-04T14:07:08.161+0000] {logging_mixin.py:188} INFO - Downloaded customers/date=2026-06-17/customers_190558539041.parquet -> /tmp/minio_downloads/customers_190558539041.parquet
[2026-07-04T14:07:08.191+0000] {logging_mixin.py:188} INFO - Downloaded customers/date=2026-06-17/customers_190558630829.parquet -> /tmp/minio_downloads/customers_190558630829.parquet
[2026-07-04T14:07:08.222+0000] {logging_mixin.py:188} INFO - Downloaded customers/date=2026-06-17/customers_190558717625.parquet -> /tmp/minio_downloads/customers_190558717625.parquet
[2026-07-04T14:07:08.253+0000] {logging_mixin.py:188} INFO - Downloaded customers/date=2026-06-17/customers_190558792850.parquet -> /tmp/minio_downloads/customers_190558792850.parquet
[2026-07-04T14:07:08.284+0000] {logging_mixin.py:188} INFO - Downloaded customers/date=2026-06-17/customers_190558901725.parquet -> /tmp/minio_downloads/customers_190558901725.parquet
[2026-07-04T14:07:08.316+0000] {logging_mixin.py:188} INFO - Downloaded customers/date=2026-06-17/customers_190559015858.parquet -> /tmp/minio_downloads/customers_190559015858.parquet
[2026-07-04T14:07:08.347+0000] {logging_mixin.py:188} INFO - Downloaded customers/date=2026-06-17/customers_190559103649.parquet -> /tmp/minio_downloads/customers_190559103649.parquet
[2026-07-04T14:07:08.376+0000] {logging_mixin.py:188} INFO - Downloaded customers/date=2026-06-17/customers_190559196766.parquet -> /tmp/minio_downloads/customers_190559196766.parquet
[2026-07-04T14:07:08.411+0000] {logging_mixin.py:188} INFO - Downloaded customers/date=2026-06-17/customers_190559293720.parquet -> /tmp/minio_downloads/customers_190559293720.parquet
[2026-07-04T14:07:08.445+0000] {logging_mixin.py:188} INFO - Downloaded customers/date=2026-06-17/customers_190559374608.parquet -> /tmp/minio_downloads/customers_190559374608.parquet
[2026-07-04T14:07:08.475+0000] {logging_mixin.py:188} INFO - Downloaded customers/date=2026-06-17/customers_190559468836.parquet -> /tmp/minio_downloads/customers_190559468836.parquet
[2026-07-04T14:07:08.517+0000] {logging_mixin.py:188} INFO - Downloaded customers/date=2026-06-17/customers_190559580870.parquet -> /tmp/minio_downloads/customers_190559580870.parquet
[2026-07-04T14:07:08.555+0000] {logging_mixin.py:188} INFO - Downloaded customers/date=2026-06-17/customers_190559682140.parquet -> /tmp/minio_downloads/customers_190559682140.parquet
[2026-07-04T14:07:08.599+0000] {logging_mixin.py:188} INFO - Downloaded customers/date=2026-06-17/customers_190559763988.parquet -> /tmp/minio_downloads/customers_190559763988.parquet
[2026-07-04T14:07:08.633+0000] {logging_mixin.py:188} INFO - Downloaded customers/date=2026-06-17/customers_190559852149.parquet -> /tmp/minio_downloads/customers_190559852149.parquet
[2026-07-04T14:07:08.666+0000] {logging_mixin.py:188} INFO - Downloaded customers/date=2026-06-17/customers_190559937093.parquet -> /tmp/minio_downloads/customers_190559937093.parquet
[2026-07-04T14:07:08.697+0000] {logging_mixin.py:188} INFO - Downloaded customers/date=2026-06-17/customers_190600058927.parquet -> /tmp/minio_downloads/customers_190600058927.parquet
[2026-07-04T14:07:08.726+0000] {logging_mixin.py:188} INFO - Downloaded customers/date=2026-06-17/customers_190600150855.parquet -> /tmp/minio_downloads/customers_190600150855.parquet
[2026-07-04T14:07:08.757+0000] {logging_mixin.py:188} INFO - Downloaded customers/date=2026-06-17/customers_190600259701.parquet -> /tmp/minio_downloads/customers_190600259701.parquet
[2026-07-04T14:07:08.792+0000] {logging_mixin.py:188} INFO - Downloaded customers/date=2026-06-17/customers_190600371122.parquet -> /tmp/minio_downloads/customers_190600371122.parquet
[2026-07-04T14:07:08.825+0000] {logging_mixin.py:188} INFO - Downloaded customers/date=2026-06-17/customers_190600449337.parquet -> /tmp/minio_downloads/customers_190600449337.parquet
[2026-07-04T14:07:08.858+0000] {logging_mixin.py:188} INFO - Downloaded customers/date=2026-06-17/customers_190600552087.parquet -> /tmp/minio_downloads/customers_190600552087.parquet
[2026-07-04T14:07:08.888+0000] {logging_mixin.py:188} INFO - Downloaded customers/date=2026-06-17/customers_190600644467.parquet -> /tmp/minio_downloads/customers_190600644467.parquet
[2026-07-04T14:07:08.919+0000] {logging_mixin.py:188} INFO - Downloaded customers/date=2026-06-17/customers_190600737678.parquet -> /tmp/minio_downloads/customers_190600737678.parquet
[2026-07-04T14:07:08.951+0000] {logging_mixin.py:188} INFO - Downloaded customers/date=2026-06-17/customers_190600838623.parquet -> /tmp/minio_downloads/customers_190600838623.parquet
[2026-07-04T14:07:08.982+0000] {logging_mixin.py:188} INFO - Downloaded customers/date=2026-06-17/customers_190600920539.parquet -> /tmp/minio_downloads/customers_190600920539.parquet
[2026-07-04T14:07:09.015+0000] {logging_mixin.py:188} INFO - Downloaded customers/date=2026-06-17/customers_190601010696.parquet -> /tmp/minio_downloads/customers_190601010696.parquet
[2026-07-04T14:07:09.047+0000] {logging_mixin.py:188} INFO - Downloaded customers/date=2026-06-17/customers_190601088803.parquet -> /tmp/minio_downloads/customers_190601088803.parquet
[2026-07-04T14:07:09.087+0000] {logging_mixin.py:188} INFO - Downloaded customers/date=2026-06-17/customers_190601188047.parquet -> /tmp/minio_downloads/customers_190601188047.parquet
[2026-07-04T14:07:09.134+0000] {logging_mixin.py:188} INFO - Downloaded customers/date=2026-06-17/customers_190601264029.parquet -> /tmp/minio_downloads/customers_190601264029.parquet
[2026-07-04T14:07:09.182+0000] {logging_mixin.py:188} INFO - Downloaded customers/date=2026-06-17/customers_190601380956.parquet -> /tmp/minio_downloads/customers_190601380956.parquet
[2026-07-04T14:07:09.222+0000] {logging_mixin.py:188} INFO - Downloaded customers/date=2026-06-17/customers_190601476373.parquet -> /tmp/minio_downloads/customers_190601476373.parquet
[2026-07-04T14:07:09.266+0000] {logging_mixin.py:188} INFO - Downloaded customers/date=2026-06-17/customers_190601577554.parquet -> /tmp/minio_downloads/customers_190601577554.parquet
[2026-07-04T14:07:09.307+0000] {logging_mixin.py:188} INFO - Downloaded customers/date=2026-06-17/customers_190601685124.parquet -> /tmp/minio_downloads/customers_190601685124.parquet
[2026-07-04T14:07:09.348+0000] {logging_mixin.py:188} INFO - Downloaded customers/date=2026-06-17/customers_190601764878.parquet -> /tmp/minio_downloads/customers_190601764878.parquet
[2026-07-04T14:07:09.384+0000] {logging_mixin.py:188} INFO - Downloaded customers/date=2026-06-17/customers_190601852702.parquet -> /tmp/minio_downloads/customers_190601852702.parquet
[2026-07-04T14:07:09.417+0000] {logging_mixin.py:188} INFO - Downloaded customers/date=2026-06-17/customers_190601940269.parquet -> /tmp/minio_downloads/customers_190601940269.parquet
[2026-07-04T14:07:09.453+0000] {logging_mixin.py:188} INFO - Downloaded customers/date=2026-06-17/customers_190602033750.parquet -> /tmp/minio_downloads/customers_190602033750.parquet
[2026-07-04T14:07:09.486+0000] {logging_mixin.py:188} INFO - Downloaded customers/date=2026-06-17/customers_190602126486.parquet -> /tmp/minio_downloads/customers_190602126486.parquet
[2026-07-04T14:07:09.518+0000] {logging_mixin.py:188} INFO - Downloaded customers/date=2026-06-17/customers_190602227982.parquet -> /tmp/minio_downloads/customers_190602227982.parquet
[2026-07-04T14:07:09.565+0000] {logging_mixin.py:188} INFO - Downloaded customers/date=2026-06-17/customers_190602332080.parquet -> /tmp/minio_downloads/customers_190602332080.parquet
[2026-07-04T14:07:09.598+0000] {logging_mixin.py:188} INFO - Downloaded customers/date=2026-06-17/customers_190602407815.parquet -> /tmp/minio_downloads/customers_190602407815.parquet
[2026-07-04T14:07:09.631+0000] {logging_mixin.py:188} INFO - Downloaded customers/date=2026-06-17/customers_190602507554.parquet -> /tmp/minio_downloads/customers_190602507554.parquet
[2026-07-04T14:07:09.665+0000] {logging_mixin.py:188} INFO - Downloaded customers/date=2026-06-17/customers_190602606187.parquet -> /tmp/minio_downloads/customers_190602606187.parquet
[2026-07-04T14:07:09.700+0000] {logging_mixin.py:188} INFO - Downloaded customers/date=2026-06-17/customers_190602713957.parquet -> /tmp/minio_downloads/customers_190602713957.parquet
[2026-07-04T14:07:09.752+0000] {logging_mixin.py:188} INFO - Downloaded customers/date=2026-06-17/customers_190602803821.parquet -> /tmp/minio_downloads/customers_190602803821.parquet
[2026-07-04T14:07:09.810+0000] {logging_mixin.py:188} INFO - Downloaded customers/date=2026-06-17/customers_190602892941.parquet -> /tmp/minio_downloads/customers_190602892941.parquet
[2026-07-04T14:07:09.882+0000] {logging_mixin.py:188} INFO - Downloaded customers/date=2026-06-17/customers_190602976217.parquet -> /tmp/minio_downloads/customers_190602976217.parquet
[2026-07-04T14:07:09.956+0000] {logging_mixin.py:188} INFO - Downloaded customers/date=2026-06-17/customers_190603061176.parquet -> /tmp/minio_downloads/customers_190603061176.parquet
[2026-07-04T14:07:10.009+0000] {logging_mixin.py:188} INFO - Downloaded customers/date=2026-06-17/customers_190603164697.parquet -> /tmp/minio_downloads/customers_190603164697.parquet
[2026-07-04T14:07:10.061+0000] {logging_mixin.py:188} INFO - Downloaded customers/date=2026-06-17/customers_190603285424.parquet -> /tmp/minio_downloads/customers_190603285424.parquet
[2026-07-04T14:07:10.097+0000] {logging_mixin.py:188} INFO - Downloaded customers/date=2026-06-17/customers_190603398352.parquet -> /tmp/minio_downloads/customers_190603398352.parquet
[2026-07-04T14:07:10.130+0000] {logging_mixin.py:188} INFO - Downloaded customers/date=2026-06-17/customers_190603488359.parquet -> /tmp/minio_downloads/customers_190603488359.parquet
[2026-07-04T14:07:10.163+0000] {logging_mixin.py:188} INFO - Downloaded customers/date=2026-06-17/customers_190603597418.parquet -> /tmp/minio_downloads/customers_190603597418.parquet
[2026-07-04T14:07:10.195+0000] {logging_mixin.py:188} INFO - Downloaded customers/date=2026-06-17/customers_190603692834.parquet -> /tmp/minio_downloads/customers_190603692834.parquet
[2026-07-04T14:07:10.230+0000] {logging_mixin.py:188} INFO - Downloaded customers/date=2026-06-17/customers_190603796704.parquet -> /tmp/minio_downloads/customers_190603796704.parquet
[2026-07-04T14:07:10.269+0000] {logging_mixin.py:188} INFO - Downloaded customers/date=2026-06-17/customers_190603881793.parquet -> /tmp/minio_downloads/customers_190603881793.parquet
[2026-07-04T14:07:10.306+0000] {logging_mixin.py:188} INFO - Downloaded customers/date=2026-06-17/customers_190603963319.parquet -> /tmp/minio_downloads/customers_190603963319.parquet
[2026-07-04T14:07:10.345+0000] {logging_mixin.py:188} INFO - Downloaded customers/date=2026-06-17/customers_190604047318.parquet -> /tmp/minio_downloads/customers_190604047318.parquet
[2026-07-04T14:07:10.383+0000] {logging_mixin.py:188} INFO - Downloaded customers/date=2026-06-17/customers_190604147440.parquet -> /tmp/minio_downloads/customers_190604147440.parquet
[2026-07-04T14:07:10.420+0000] {logging_mixin.py:188} INFO - Downloaded customers/date=2026-06-17/customers_190604238914.parquet -> /tmp/minio_downloads/customers_190604238914.parquet
[2026-07-04T14:07:10.456+0000] {logging_mixin.py:188} INFO - Downloaded customers/date=2026-06-17/customers_190604336354.parquet -> /tmp/minio_downloads/customers_190604336354.parquet
[2026-07-04T14:07:10.489+0000] {logging_mixin.py:188} INFO - Downloaded customers/date=2026-06-17/customers_190604431344.parquet -> /tmp/minio_downloads/customers_190604431344.parquet
[2026-07-04T14:07:10.524+0000] {logging_mixin.py:188} INFO - Downloaded customers/date=2026-06-17/customers_190604532238.parquet -> /tmp/minio_downloads/customers_190604532238.parquet
[2026-07-04T14:07:10.557+0000] {logging_mixin.py:188} INFO - Downloaded customers/date=2026-06-17/customers_190604640638.parquet -> /tmp/minio_downloads/customers_190604640638.parquet
[2026-07-04T14:07:10.588+0000] {logging_mixin.py:188} INFO - Downloaded customers/date=2026-06-17/customers_190604745426.parquet -> /tmp/minio_downloads/customers_190604745426.parquet
[2026-07-04T14:07:10.619+0000] {logging_mixin.py:188} INFO - Downloaded customers/date=2026-06-17/customers_190604853795.parquet -> /tmp/minio_downloads/customers_190604853795.parquet
[2026-07-04T14:07:10.652+0000] {logging_mixin.py:188} INFO - Downloaded customers/date=2026-06-17/customers_190604949876.parquet -> /tmp/minio_downloads/customers_190604949876.parquet
[2026-07-04T14:07:10.686+0000] {logging_mixin.py:188} INFO - Downloaded customers/date=2026-06-17/customers_190605047664.parquet -> /tmp/minio_downloads/customers_190605047664.parquet
[2026-07-04T14:07:10.719+0000] {logging_mixin.py:188} INFO - Downloaded customers/date=2026-06-17/customers_190605151340.parquet -> /tmp/minio_downloads/customers_190605151340.parquet
[2026-07-04T14:07:10.754+0000] {logging_mixin.py:188} INFO - Downloaded customers/date=2026-06-17/customers_190605242379.parquet -> /tmp/minio_downloads/customers_190605242379.parquet
[2026-07-04T14:07:10.788+0000] {logging_mixin.py:188} INFO - Downloaded customers/date=2026-06-17/customers_190605328123.parquet -> /tmp/minio_downloads/customers_190605328123.parquet
[2026-07-04T14:07:10.818+0000] {logging_mixin.py:188} INFO - Downloaded customers/date=2026-06-17/customers_190605429788.parquet -> /tmp/minio_downloads/customers_190605429788.parquet
[2026-07-04T14:07:10.849+0000] {logging_mixin.py:188} INFO - Downloaded customers/date=2026-06-17/customers_190605514488.parquet -> /tmp/minio_downloads/customers_190605514488.parquet
[2026-07-04T14:07:10.886+0000] {logging_mixin.py:188} INFO - Downloaded customers/date=2026-06-17/customers_190605675520.parquet -> /tmp/minio_downloads/customers_190605675520.parquet
[2026-07-04T14:07:10.926+0000] {logging_mixin.py:188} INFO - Downloaded customers/date=2026-06-17/customers_190605766443.parquet -> /tmp/minio_downloads/customers_190605766443.parquet
[2026-07-04T14:07:10.962+0000] {logging_mixin.py:188} INFO - Downloaded customers/date=2026-06-17/customers_190605861566.parquet -> /tmp/minio_downloads/customers_190605861566.parquet
[2026-07-04T14:07:10.998+0000] {logging_mixin.py:188} INFO - Downloaded customers/date=2026-06-17/customers_190605946062.parquet -> /tmp/minio_downloads/customers_190605946062.parquet
[2026-07-04T14:07:11.032+0000] {logging_mixin.py:188} INFO - Downloaded customers/date=2026-06-17/customers_190606011561.parquet -> /tmp/minio_downloads/customers_190606011561.parquet
[2026-07-04T14:07:11.066+0000] {logging_mixin.py:188} INFO - Downloaded customers/date=2026-06-17/customers_190606111886.parquet -> /tmp/minio_downloads/customers_190606111886.parquet
[2026-07-04T14:07:11.109+0000] {logging_mixin.py:188} INFO - Downloaded customers/date=2026-06-17/customers_190606214230.parquet -> /tmp/minio_downloads/customers_190606214230.parquet
[2026-07-04T14:07:11.141+0000] {logging_mixin.py:188} INFO - Downloaded customers/date=2026-06-17/customers_190606301360.parquet -> /tmp/minio_downloads/customers_190606301360.parquet
[2026-07-04T14:07:11.175+0000] {logging_mixin.py:188} INFO - Downloaded customers/date=2026-06-17/customers_190606396157.parquet -> /tmp/minio_downloads/customers_190606396157.parquet
[2026-07-04T14:07:11.210+0000] {logging_mixin.py:188} INFO - Downloaded customers/date=2026-06-17/customers_190606472720.parquet -> /tmp/minio_downloads/customers_190606472720.parquet
[2026-07-04T14:07:11.243+0000] {logging_mixin.py:188} INFO - Downloaded customers/date=2026-06-17/customers_190606558971.parquet -> /tmp/minio_downloads/customers_190606558971.parquet
[2026-07-04T14:07:11.278+0000] {logging_mixin.py:188} INFO - Downloaded customers/date=2026-06-17/customers_190606651803.parquet -> /tmp/minio_downloads/customers_190606651803.parquet
[2026-07-04T14:07:11.316+0000] {logging_mixin.py:188} INFO - Downloaded customers/date=2026-06-17/customers_190606758259.parquet -> /tmp/minio_downloads/customers_190606758259.parquet
[2026-07-04T14:07:11.385+0000] {logging_mixin.py:188} INFO - Downloaded customers/date=2026-06-17/customers_190606905015.parquet -> /tmp/minio_downloads/customers_190606905015.parquet
[2026-07-04T14:07:11.463+0000] {logging_mixin.py:188} INFO - Downloaded customers/date=2026-06-17/customers_190606999522.parquet -> /tmp/minio_downloads/customers_190606999522.parquet
[2026-07-04T14:07:11.506+0000] {logging_mixin.py:188} INFO - Downloaded customers/date=2026-06-17/customers_190607098445.parquet -> /tmp/minio_downloads/customers_190607098445.parquet
[2026-07-04T14:07:11.542+0000] {logging_mixin.py:188} INFO - Downloaded customers/date=2026-06-17/customers_190607219767.parquet -> /tmp/minio_downloads/customers_190607219767.parquet
[2026-07-04T14:07:11.576+0000] {logging_mixin.py:188} INFO - Downloaded customers/date=2026-06-17/customers_190607332437.parquet -> /tmp/minio_downloads/customers_190607332437.parquet
[2026-07-04T14:07:11.623+0000] {logging_mixin.py:188} INFO - Downloaded customers/date=2026-06-17/customers_190607429683.parquet -> /tmp/minio_downloads/customers_190607429683.parquet
[2026-07-04T14:07:11.703+0000] {logging_mixin.py:188} INFO - Downloaded customers/date=2026-06-17/customers_190607544099.parquet -> /tmp/minio_downloads/customers_190607544099.parquet
[2026-07-04T14:07:11.758+0000] {logging_mixin.py:188} INFO - Downloaded customers/date=2026-06-17/customers_190607679582.parquet -> /tmp/minio_downloads/customers_190607679582.parquet
[2026-07-04T14:07:11.804+0000] {logging_mixin.py:188} INFO - Downloaded customers/date=2026-06-17/customers_190607821362.parquet -> /tmp/minio_downloads/customers_190607821362.parquet
[2026-07-04T14:07:11.844+0000] {logging_mixin.py:188} INFO - Downloaded customers/date=2026-06-17/customers_190608018780.parquet -> /tmp/minio_downloads/customers_190608018780.parquet
[2026-07-04T14:07:11.886+0000] {logging_mixin.py:188} INFO - Downloaded customers/date=2026-06-17/customers_190608136287.parquet -> /tmp/minio_downloads/customers_190608136287.parquet
[2026-07-04T14:07:11.953+0000] {logging_mixin.py:188} INFO - Downloaded customers/date=2026-06-17/customers_190608245277.parquet -> /tmp/minio_downloads/customers_190608245277.parquet
[2026-07-04T14:07:12.003+0000] {logging_mixin.py:188} INFO - Downloaded customers/date=2026-06-17/customers_190608355024.parquet -> /tmp/minio_downloads/customers_190608355024.parquet
[2026-07-04T14:07:12.074+0000] {logging_mixin.py:188} INFO - Downloaded customers/date=2026-06-17/customers_190608472379.parquet -> /tmp/minio_downloads/customers_190608472379.parquet
[2026-07-04T14:07:12.110+0000] {logging_mixin.py:188} INFO - Downloaded customers/date=2026-06-17/customers_190608572915.parquet -> /tmp/minio_downloads/customers_190608572915.parquet
[2026-07-04T14:07:12.143+0000] {logging_mixin.py:188} INFO - Downloaded customers/date=2026-06-17/customers_190608659517.parquet -> /tmp/minio_downloads/customers_190608659517.parquet
[2026-07-04T14:07:12.180+0000] {logging_mixin.py:188} INFO - Downloaded customers/date=2026-06-17/customers_190608756216.parquet -> /tmp/minio_downloads/customers_190608756216.parquet
[2026-07-04T14:07:12.215+0000] {logging_mixin.py:188} INFO - Downloaded customers/date=2026-06-17/customers_190608849431.parquet -> /tmp/minio_downloads/customers_190608849431.parquet
[2026-07-04T14:07:12.250+0000] {logging_mixin.py:188} INFO - Downloaded customers/date=2026-06-17/customers_190608959528.parquet -> /tmp/minio_downloads/customers_190608959528.parquet
[2026-07-04T14:07:12.281+0000] {python.py:237} INFO - Done. Returned value was: {'customers': ['/tmp/minio_downloads/customers_190118474101.parquet', '/tmp/minio_downloads/customers_190118558805.parquet', '/tmp/minio_downloads/customers_190118637451.parquet', '/tmp/minio_downloads/customers_190118704077.parquet', '/tmp/minio_downloads/customers_190118757294.parquet', '/tmp/minio_downloads/customers_190118804450.parquet', '/tmp/minio_downloads/customers_190118859377.parquet', '/tmp/minio_downloads/customers_190118909807.parquet', '/tmp/minio_downloads/customers_190118962070.parquet', '/tmp/minio_downloads/customers_190119013345.parquet', '/tmp/minio_downloads/customers_190119066490.parquet', '/tmp/minio_downloads/customers_190119139754.parquet', '/tmp/minio_downloads/customers_190119263543.parquet', '/tmp/minio_downloads/customers_190119390209.parquet', '/tmp/minio_downloads/customers_190119463358.parquet', '/tmp/minio_downloads/customers_190119548561.parquet', '/tmp/minio_downloads/customers_190119628300.parquet', '/tmp/minio_downloads/customers_190119731265.parquet', '/tmp/minio_downloads/customers_190119816203.parquet', '/tmp/minio_downloads/customers_190119905698.parquet', '/tmp/minio_downloads/customers_190120040271.parquet', '/tmp/minio_downloads/customers_190120132786.parquet', '/tmp/minio_downloads/customers_190120201937.parquet', '/tmp/minio_downloads/customers_190120279098.parquet', '/tmp/minio_downloads/customers_190120349697.parquet', '/tmp/minio_downloads/customers_190120432051.parquet', '/tmp/minio_downloads/customers_190120568706.parquet', '/tmp/minio_downloads/customers_190120649298.parquet', '/tmp/minio_downloads/customers_190120717788.parquet', '/tmp/minio_downloads/customers_190120785337.parquet', '/tmp/minio_downloads/customers_190120832918.parquet', '/tmp/minio_downloads/customers_190120902521.parquet', '/tmp/minio_downloads/customers_190120964409.parquet', '/tmp/minio_downloads/customers_190121020503.parquet', '/tmp/minio_downloads/customers_190121089337.parquet', '/tmp/minio_downloads/customers_190121147140.parquet', '/tmp/minio_downloads/customers_190121236766.parquet', '/tmp/minio_downloads/customers_190121314374.parquet', '/tmp/minio_downloads/customers_190121389208.parquet', '/tmp/minio_downloads/customers_190121470589.parquet', '/tmp/minio_downloads/customers_190121557173.parquet', '/tmp/minio_downloads/customers_190121635672.parquet', '/tmp/minio_downloads/customers_190121708765.parquet', '/tmp/minio_downloads/customers_190121774496.parquet', '/tmp/minio_downloads/customers_190121828872.parquet', '/tmp/minio_downloads/customers_190121884665.parquet', '/tmp/minio_downloads/customers_190121936133.parquet', '/tmp/minio_downloads/customers_190121986968.parquet', '/tmp/minio_downloads/customers_190122038502.parquet', '/tmp/minio_downloads/customers_190122087552.parquet', '/tmp/minio_downloads/customers_190122199861.parquet', '/tmp/minio_downloads/customers_190122288107.parquet', '/tmp/minio_downloads/customers_190122362702.parquet', '/tmp/minio_downloads/customers_190122426397.parquet', '/tmp/minio_downloads/customers_190122496594.parquet', '/tmp/minio_downloads/customers_190122575921.parquet', '/tmp/minio_downloads/customers_190122666732.parquet', '/tmp/minio_downloads/customers_190122744017.parquet', '/tmp/minio_downloads/customers_190122803790.parquet', '/tmp/minio_downloads/customers_190122866720.parquet', '/tmp/minio_downloads/customers_190122917755.parquet', '/tmp/minio_downloads/customers_190122965839.parquet', '/tmp/minio_downloads/customers_190123017563.parquet', '/tmp/minio_downloads/customers_190123087773.parquet', '/tmp/minio_downloads/customers_190123155911.parquet', '/tmp/minio_downloads/customers_190123225422.parquet', '/tmp/minio_downloads/customers_190123295060.parquet', '/tmp/minio_downloads/customers_190123375883.parquet', '/tmp/minio_downloads/customers_190123461445.parquet', '/tmp/minio_downloads/customers_190123549403.parquet', '/tmp/minio_downloads/customers_190123629735.parquet', '/tmp/minio_downloads/customers_190123712537.parquet', '/tmp/minio_downloads/customers_190123785855.parquet', '/tmp/minio_downloads/customers_190123852768.parquet', '/tmp/minio_downloads/customers_190123936501.parquet', '/tmp/minio_downloads/customers_190124033849.parquet', '/tmp/minio_downloads/customers_190124166322.parquet', '/tmp/minio_downloads/customers_190124239295.parquet', '/tmp/minio_downloads/customers_190124308641.parquet', '/tmp/minio_downloads/customers_190124367126.parquet', '/tmp/minio_downloads/customers_190124438120.parquet', '/tmp/minio_downloads/customers_190124506813.parquet', '/tmp/minio_downloads/customers_190124577918.parquet', '/tmp/minio_downloads/customers_190124645052.parquet', '/tmp/minio_downloads/customers_190124698144.parquet', '/tmp/minio_downloads/customers_190124750698.parquet', '/tmp/minio_downloads/customers_190124860523.parquet', '/tmp/minio_downloads/customers_190124942262.parquet', '/tmp/minio_downloads/customers_190125013131.parquet', '/tmp/minio_downloads/customers_190125105286.parquet', '/tmp/minio_downloads/customers_190125202440.parquet', '/tmp/minio_downloads/customers_190125298099.parquet', '/tmp/minio_downloads/customers_190125375584.parquet', '/tmp/minio_downloads/customers_190125437993.parquet', '/tmp/minio_downloads/customers_190125502586.parquet', '/tmp/minio_downloads/customers_190125580897.parquet', '/tmp/minio_downloads/customers_190125642474.parquet', '/tmp/minio_downloads/customers_190125701048.parquet', '/tmp/minio_downloads/customers_190125761080.parquet', '/tmp/minio_downloads/customers_190125833530.parquet', '/tmp/minio_downloads/customers_190125898658.parquet', '/tmp/minio_downloads/customers_190125975991.parquet', '/tmp/minio_downloads/customers_190126066822.parquet', '/tmp/minio_downloads/customers_190126198505.parquet', '/tmp/minio_downloads/customers_190126301475.parquet', '/tmp/minio_downloads/customers_190126398593.parquet', '/tmp/minio_downloads/customers_190126533501.parquet', '/tmp/minio_downloads/customers_190126611796.parquet', '/tmp/minio_downloads/customers_190126673708.parquet', '/tmp/minio_downloads/customers_190126725267.parquet', '/tmp/minio_downloads/customers_190126787313.parquet', '/tmp/minio_downloads/customers_190126855392.parquet', '/tmp/minio_downloads/customers_190126906171.parquet', '/tmp/minio_downloads/customers_190126961049.parquet', '/tmp/minio_downloads/customers_190127014299.parquet', '/tmp/minio_downloads/customers_190127077863.parquet', '/tmp/minio_downloads/customers_190127230270.parquet', '/tmp/minio_downloads/customers_190127379217.parquet', '/tmp/minio_downloads/customers_190127480731.parquet', '/tmp/minio_downloads/customers_190127588343.parquet', '/tmp/minio_downloads/customers_190127655023.parquet', '/tmp/minio_downloads/customers_190127718661.parquet', '/tmp/minio_downloads/customers_190127807503.parquet', '/tmp/minio_downloads/customers_190127875342.parquet', '/tmp/minio_downloads/customers_190127934037.parquet', '/tmp/minio_downloads/customers_190127986063.parquet', '/tmp/minio_downloads/customers_190128037403.parquet', '/tmp/minio_downloads/customers_190128094155.parquet', '/tmp/minio_downloads/customers_190128153350.parquet', '/tmp/minio_downloads/customers_190128208574.parquet', '/tmp/minio_downloads/customers_190128269321.parquet', '/tmp/minio_downloads/customers_190128431709.parquet', '/tmp/minio_downloads/customers_190128531915.parquet', '/tmp/minio_downloads/customers_190128627723.parquet', '/tmp/minio_downloads/customers_190128728340.parquet', '/tmp/minio_downloads/customers_190128798458.parquet', '/tmp/minio_downloads/customers_190128859676.parquet', '/tmp/minio_downloads/customers_190128933072.parquet', '/tmp/minio_downloads/customers_190129009410.parquet', '/tmp/minio_downloads/customers_190129066318.parquet', '/tmp/minio_downloads/customers_190129134200.parquet', '/tmp/minio_downloads/customers_190129228717.parquet', '/tmp/minio_downloads/customers_190129346180.parquet', '/tmp/minio_downloads/customers_190129451553.parquet', '/tmp/minio_downloads/customers_190129526392.parquet', '/tmp/minio_downloads/customers_190129605212.parquet', '/tmp/minio_downloads/customers_190129695196.parquet', '/tmp/minio_downloads/customers_190129776918.parquet', '/tmp/minio_downloads/customers_190129832175.parquet', '/tmp/minio_downloads/customers_190129890474.parquet', '/tmp/minio_downloads/customers_190129953507.parquet', '/tmp/minio_downloads/customers_190130013760.parquet', '/tmp/minio_downloads/customers_190130073802.parquet', '/tmp/minio_downloads/customers_190130138955.parquet', '/tmp/minio_downloads/customers_190130228190.parquet', '/tmp/minio_downloads/customers_190130320235.parquet', '/tmp/minio_downloads/customers_190130463414.parquet', '/tmp/minio_downloads/customers_190130642884.parquet', '/tmp/minio_downloads/customers_190130717184.parquet', '/tmp/minio_downloads/customers_190130808820.parquet', '/tmp/minio_downloads/customers_190130916199.parquet', '/tmp/minio_downloads/customers_190131003963.parquet', '/tmp/minio_downloads/customers_190131072490.parquet', '/tmp/minio_downloads/customers_190131132290.parquet', '/tmp/minio_downloads/customers_190131197231.parquet', '/tmp/minio_downloads/customers_190131284048.parquet', '/tmp/minio_downloads/customers_190131351632.parquet', '/tmp/minio_downloads/customers_190131412820.parquet', '/tmp/minio_downloads/customers_190131477522.parquet', '/tmp/minio_downloads/customers_190131556821.parquet', '/tmp/minio_downloads/customers_190131630829.parquet', '/tmp/minio_downloads/customers_190131759153.parquet', '/tmp/minio_downloads/customers_190131874052.parquet', '/tmp/minio_downloads/customers_190131957224.parquet', '/tmp/minio_downloads/customers_190132020731.parquet', '/tmp/minio_downloads/customers_190132095530.parquet', '/tmp/minio_downloads/customers_190132190842.parquet', '/tmp/minio_downloads/customers_190132257908.parquet', '/tmp/minio_downloads/customers_190132336735.parquet', '/tmp/minio_downloads/customers_190132397476.parquet', '/tmp/minio_downloads/customers_190132457332.parquet', '/tmp/minio_downloads/customers_190132511945.parquet', '/tmp/minio_downloads/customers_190132569070.parquet', '/tmp/minio_downloads/customers_190132629049.parquet', '/tmp/minio_downloads/customers_190132688276.parquet', '/tmp/minio_downloads/customers_190132778792.parquet', '/tmp/minio_downloads/customers_190132897929.parquet', '/tmp/minio_downloads/customers_190132989487.parquet', '/tmp/minio_downloads/customers_190133056824.parquet', '/tmp/minio_downloads/customers_190133121817.parquet', '/tmp/minio_downloads/customers_190133207008.parquet', '/tmp/minio_downloads/customers_190133294815.parquet', '/tmp/minio_downloads/customers_190133373555.parquet', '/tmp/minio_downloads/customers_190133435257.parquet', '/tmp/minio_downloads/customers_190133483896.parquet', '/tmp/minio_downloads/customers_190133536221.parquet', '/tmp/minio_downloads/customers_190133607984.parquet', '/tmp/minio_downloads/customers_190133687814.parquet', '/tmp/minio_downloads/customers_190133755829.parquet', '/tmp/minio_downloads/customers_190133820634.parquet', '/tmp/minio_downloads/customers_190133887302.parquet', '/tmp/minio_downloads/customers_190133997058.parquet', '/tmp/minio_downloads/customers_190134107120.parquet', '/tmp/minio_downloads/customers_190134177669.parquet', '/tmp/minio_downloads/customers_190134250035.parquet', '/tmp/minio_downloads/customers_190134360713.parquet', '/tmp/minio_downloads/customers_190134433874.parquet', '/tmp/minio_downloads/customers_190134494634.parquet', '/tmp/minio_downloads/customers_190134552884.parquet', '/tmp/minio_downloads/customers_190134677072.parquet', '/tmp/minio_downloads/customers_190134754871.parquet', '/tmp/minio_downloads/customers_190134813898.parquet', '/tmp/minio_downloads/customers_190134868592.parquet', '/tmp/minio_downloads/customers_190134926130.parquet', '/tmp/minio_downloads/customers_190134999617.parquet', '/tmp/minio_downloads/customers_190135107340.parquet', '/tmp/minio_downloads/customers_190135172475.parquet', '/tmp/minio_downloads/customers_190135244286.parquet', '/tmp/minio_downloads/customers_190135325711.parquet', '/tmp/minio_downloads/customers_190135429417.parquet', '/tmp/minio_downloads/customers_190135510140.parquet', '/tmp/minio_downloads/customers_190135568172.parquet', '/tmp/minio_downloads/customers_190135623504.parquet', '/tmp/minio_downloads/customers_190135674345.parquet', '/tmp/minio_downloads/customers_190135739430.parquet', '/tmp/minio_downloads/customers_190135807360.parquet', '/tmp/minio_downloads/customers_190135888235.parquet', '/tmp/minio_downloads/customers_190135947589.parquet', '/tmp/minio_downloads/customers_190135998103.parquet', '/tmp/minio_downloads/customers_190136061849.parquet', '/tmp/minio_downloads/customers_190136167996.parquet', '/tmp/minio_downloads/customers_190136257354.parquet', '/tmp/minio_downloads/customers_190136337224.parquet', '/tmp/minio_downloads/customers_190136431571.parquet', '/tmp/minio_downloads/customers_190136503854.parquet', '/tmp/minio_downloads/customers_190136560538.parquet', '/tmp/minio_downloads/customers_190136621534.parquet', '/tmp/minio_downloads/customers_190136680399.parquet', '/tmp/minio_downloads/customers_190136741933.parquet', '/tmp/minio_downloads/customers_190136820157.parquet', '/tmp/minio_downloads/customers_190136887851.parquet', '/tmp/minio_downloads/customers_190136946066.parquet', '/tmp/minio_downloads/customers_190137004434.parquet', '/tmp/minio_downloads/customers_190137101677.parquet', '/tmp/minio_downloads/customers_190137255608.parquet', '/tmp/minio_downloads/customers_190137346229.parquet', '/tmp/minio_downloads/customers_190137423200.parquet', '/tmp/minio_downloads/customers_190137525213.parquet', '/tmp/minio_downloads/customers_190137610662.parquet', '/tmp/minio_downloads/customers_190137678559.parquet', '/tmp/minio_downloads/customers_190137736461.parquet', '/tmp/minio_downloads/customers_190137787947.parquet', '/tmp/minio_downloads/customers_190137839219.parquet', '/tmp/minio_downloads/customers_190137888382.parquet', '/tmp/minio_downloads/customers_190137935832.parquet', '/tmp/minio_downloads/customers_190137986486.parquet', '/tmp/minio_downloads/customers_190138038505.parquet', '/tmp/minio_downloads/customers_190138107616.parquet', '/tmp/minio_downloads/customers_190138169555.parquet', '/tmp/minio_downloads/customers_190138226465.parquet', '/tmp/minio_downloads/customers_190138304921.parquet', '/tmp/minio_downloads/customers_190138364174.parquet', '/tmp/minio_downloads/customers_190138432863.parquet', '/tmp/minio_downloads/customers_190138495682.parquet', '/tmp/minio_downloads/customers_190138578969.parquet', '/tmp/minio_downloads/customers_190138651839.parquet', '/tmp/minio_downloads/customers_190138721874.parquet', '/tmp/minio_downloads/customers_190138789535.parquet', '/tmp/minio_downloads/customers_190138845434.parquet', '/tmp/minio_downloads/customers_190138905662.parquet', '/tmp/minio_downloads/customers_190138968687.parquet', '/tmp/minio_downloads/customers_190139031810.parquet', '/tmp/minio_downloads/customers_190139087380.parquet', '/tmp/minio_downloads/customers_190139142629.parquet', '/tmp/minio_downloads/customers_190139224460.parquet', '/tmp/minio_downloads/customers_190139336847.parquet', '/tmp/minio_downloads/customers_190139446805.parquet', '/tmp/minio_downloads/customers_190139537292.parquet', '/tmp/minio_downloads/customers_190139614237.parquet', '/tmp/minio_downloads/customers_190139685084.parquet', '/tmp/minio_downloads/customers_190139752979.parquet', '/tmp/minio_downloads/customers_190139809536.parquet', '/tmp/minio_downloads/customers_190139865207.parquet', '/tmp/minio_downloads/customers_190139920838.parquet', '/tmp/minio_downloads/customers_190140018171.parquet', '/tmp/minio_downloads/customers_190140106906.parquet', '/tmp/minio_downloads/customers_190140180645.parquet', '/tmp/minio_downloads/customers_190140245926.parquet', '/tmp/minio_downloads/customers_190140303625.parquet', '/tmp/minio_downloads/customers_190140373289.parquet', '/tmp/minio_downloads/customers_190140482555.parquet', '/tmp/minio_downloads/customers_190140574962.parquet', '/tmp/minio_downloads/customers_190140645381.parquet', '/tmp/minio_downloads/customers_190140714886.parquet', '/tmp/minio_downloads/customers_190140792916.parquet', '/tmp/minio_downloads/customers_190140855292.parquet', '/tmp/minio_downloads/customers_190140915544.parquet', '/tmp/minio_downloads/customers_190140970565.parquet', '/tmp/minio_downloads/customers_190141025800.parquet', '/tmp/minio_downloads/customers_190141085798.parquet', '/tmp/minio_downloads/customers_190141143360.parquet', '/tmp/minio_downloads/customers_190141207606.parquet', '/tmp/minio_downloads/customers_190141272924.parquet', '/tmp/minio_downloads/customers_190141331653.parquet', '/tmp/minio_downloads/customers_190141384064.parquet', '/tmp/minio_downloads/customers_190141452758.parquet', '/tmp/minio_downloads/customers_190141523955.parquet', '/tmp/minio_downloads/customers_190141601091.parquet', '/tmp/minio_downloads/customers_190141666860.parquet', '/tmp/minio_downloads/customers_190141734317.parquet', '/tmp/minio_downloads/customers_190141797223.parquet', '/tmp/minio_downloads/customers_190141855437.parquet', '/tmp/minio_downloads/customers_190141909809.parquet', '/tmp/minio_downloads/customers_190141963132.parquet', '/tmp/minio_downloads/customers_190142031820.parquet', '/tmp/minio_downloads/customers_190142133562.parquet', '/tmp/minio_downloads/customers_190142200156.parquet', '/tmp/minio_downloads/customers_190142276412.parquet', '/tmp/minio_downloads/customers_190142357783.parquet', '/tmp/minio_downloads/customers_190142437611.parquet', '/tmp/minio_downloads/customers_190142517058.parquet', '/tmp/minio_downloads/customers_190142591045.parquet', '/tmp/minio_downloads/customers_190142671609.parquet', '/tmp/minio_downloads/customers_190142733046.parquet', '/tmp/minio_downloads/customers_190142868857.parquet', '/tmp/minio_downloads/customers_190143012723.parquet', '/tmp/minio_downloads/customers_190143114526.parquet', '/tmp/minio_downloads/customers_190143210657.parquet', '/tmp/minio_downloads/customers_190143266079.parquet', '/tmp/minio_downloads/customers_190143342983.parquet', '/tmp/minio_downloads/customers_190143422918.parquet', '/tmp/minio_downloads/customers_190143486297.parquet', '/tmp/minio_downloads/customers_190143554839.parquet', '/tmp/minio_downloads/customers_190143631809.parquet', '/tmp/minio_downloads/customers_190143720153.parquet', '/tmp/minio_downloads/customers_190143814757.parquet', '/tmp/minio_downloads/customers_190143914687.parquet', '/tmp/minio_downloads/customers_190144016870.parquet', '/tmp/minio_downloads/customers_190144097760.parquet', '/tmp/minio_downloads/customers_190144165362.parquet', '/tmp/minio_downloads/customers_190144219895.parquet', '/tmp/minio_downloads/customers_190144276140.parquet', '/tmp/minio_downloads/customers_190144335636.parquet', '/tmp/minio_downloads/customers_190144391424.parquet', '/tmp/minio_downloads/customers_190144468677.parquet', '/tmp/minio_downloads/customers_190144557018.parquet', '/tmp/minio_downloads/customers_190144678194.parquet', '/tmp/minio_downloads/customers_190144790046.parquet', '/tmp/minio_downloads/customers_190144876994.parquet', '/tmp/minio_downloads/customers_190144948552.parquet', '/tmp/minio_downloads/customers_190145016670.parquet', '/tmp/minio_downloads/customers_190145082851.parquet', '/tmp/minio_downloads/customers_190145145106.parquet', '/tmp/minio_downloads/customers_190145209849.parquet', '/tmp/minio_downloads/customers_190145274355.parquet', '/tmp/minio_downloads/customers_190145335174.parquet', '/tmp/minio_downloads/customers_190145391987.parquet', '/tmp/minio_downloads/customers_190145449141.parquet', '/tmp/minio_downloads/customers_190145517234.parquet', '/tmp/minio_downloads/customers_190145574072.parquet', '/tmp/minio_downloads/customers_190145633431.parquet', '/tmp/minio_downloads/customers_190534056791.parquet', '/tmp/minio_downloads/customers_190534138913.parquet', '/tmp/minio_downloads/customers_190534229894.parquet', '/tmp/minio_downloads/customers_190534306790.parquet', '/tmp/minio_downloads/customers_190534388373.parquet', '/tmp/minio_downloads/customers_190534488935.parquet', '/tmp/minio_downloads/customers_190534569834.parquet', '/tmp/minio_downloads/customers_190534670967.parquet', '/tmp/minio_downloads/customers_190534749320.parquet', '/tmp/minio_downloads/customers_190534820934.parquet', '/tmp/minio_downloads/customers_190534904719.parquet', '/tmp/minio_downloads/customers_190534971629.parquet', '/tmp/minio_downloads/customers_190535042505.parquet', '/tmp/minio_downloads/customers_190535119196.parquet', '/tmp/minio_downloads/customers_190535229129.parquet', '/tmp/minio_downloads/customers_190535309317.parquet', '/tmp/minio_downloads/customers_190535384613.parquet', '/tmp/minio_downloads/customers_190535464854.parquet', '/tmp/minio_downloads/customers_190535532848.parquet', '/tmp/minio_downloads/customers_190535602948.parquet', '/tmp/minio_downloads/customers_190535690478.parquet', '/tmp/minio_downloads/customers_190535780849.parquet', '/tmp/minio_downloads/customers_190535851658.parquet', '/tmp/minio_downloads/customers_190535925295.parquet', '/tmp/minio_downloads/customers_190535997859.parquet', '/tmp/minio_downloads/customers_190536086075.parquet', '/tmp/minio_downloads/customers_190536180505.parquet', '/tmp/minio_downloads/customers_190536278448.parquet', '/tmp/minio_downloads/customers_190536373125.parquet', '/tmp/minio_downloads/customers_190536467464.parquet', '/tmp/minio_downloads/customers_190536549057.parquet', '/tmp/minio_downloads/customers_190536620054.parquet', '/tmp/minio_downloads/customers_190536699784.parquet', '/tmp/minio_downloads/customers_190536806645.parquet', '/tmp/minio_downloads/customers_190536898613.parquet', '/tmp/minio_downloads/customers_190536988001.parquet', '/tmp/minio_downloads/customers_190537077442.parquet', '/tmp/minio_downloads/customers_190537171845.parquet', '/tmp/minio_downloads/customers_190537264699.parquet', '/tmp/minio_downloads/customers_190537351041.parquet', '/tmp/minio_downloads/customers_190537453087.parquet', '/tmp/minio_downloads/customers_190537539317.parquet', '/tmp/minio_downloads/customers_190537628958.parquet', '/tmp/minio_downloads/customers_190537698926.parquet', '/tmp/minio_downloads/customers_190537782859.parquet', '/tmp/minio_downloads/customers_190537864698.parquet', '/tmp/minio_downloads/customers_190537966412.parquet', '/tmp/minio_downloads/customers_190538051554.parquet', '/tmp/minio_downloads/customers_190538139232.parquet', '/tmp/minio_downloads/customers_190538238838.parquet', '/tmp/minio_downloads/customers_190538319208.parquet', '/tmp/minio_downloads/customers_190538401542.parquet', '/tmp/minio_downloads/customers_190538520453.parquet', '/tmp/minio_downloads/customers_190538622560.parquet', '/tmp/minio_downloads/customers_190538754722.parquet', '/tmp/minio_downloads/customers_190538851756.parquet', '/tmp/minio_downloads/customers_190538932465.parquet', '/tmp/minio_downloads/customers_190539034113.parquet', '/tmp/minio_downloads/customers_190539123794.parquet', '/tmp/minio_downloads/customers_190539218906.parquet', '/tmp/minio_downloads/customers_190539305398.parquet', '/tmp/minio_downloads/customers_190539398328.parquet', '/tmp/minio_downloads/customers_190539485603.parquet', '/tmp/minio_downloads/customers_190539545725.parquet', '/tmp/minio_downloads/customers_190539631258.parquet', '/tmp/minio_downloads/customers_190539702957.parquet', '/tmp/minio_downloads/customers_190539810453.parquet', '/tmp/minio_downloads/customers_190539891072.parquet', '/tmp/minio_downloads/customers_190539966747.parquet', '/tmp/minio_downloads/customers_190540032826.parquet', '/tmp/minio_downloads/customers_190540094324.parquet', '/tmp/minio_downloads/customers_190540145473.parquet', '/tmp/minio_downloads/customers_190540218333.parquet', '/tmp/minio_downloads/customers_190540297881.parquet', '/tmp/minio_downloads/customers_190540431964.parquet', '/tmp/minio_downloads/customers_190540532109.parquet', '/tmp/minio_downloads/customers_190540632663.parquet', '/tmp/minio_downloads/customers_190540698435.parquet', '/tmp/minio_downloads/customers_190540788621.parquet', '/tmp/minio_downloads/customers_190540897663.parquet', '/tmp/minio_downloads/customers_190540987831.parquet', '/tmp/minio_downloads/customers_190541083808.parquet', '/tmp/minio_downloads/customers_190541180385.parquet', '/tmp/minio_downloads/customers_190541250391.parquet', '/tmp/minio_downloads/customers_190541326247.parquet', '/tmp/minio_downloads/customers_190541417928.parquet', '/tmp/minio_downloads/customers_190541508020.parquet', '/tmp/minio_downloads/customers_190541605258.parquet', '/tmp/minio_downloads/customers_190541704160.parquet', '/tmp/minio_downloads/customers_190541809177.parquet', '/tmp/minio_downloads/customers_190541890253.parquet', '/tmp/minio_downloads/customers_190541975527.parquet', '/tmp/minio_downloads/customers_190542069653.parquet', '/tmp/minio_downloads/customers_190542158324.parquet', '/tmp/minio_downloads/customers_190542256906.parquet', '/tmp/minio_downloads/customers_190542327925.parquet', '/tmp/minio_downloads/customers_190542420735.parquet', '/tmp/minio_downloads/customers_190542520754.parquet', '/tmp/minio_downloads/customers_190542616822.parquet', '/tmp/minio_downloads/customers_190542700221.parquet', '/tmp/minio_downloads/customers_190542791697.parquet', '/tmp/minio_downloads/customers_190542885597.parquet', '/tmp/minio_downloads/customers_190542986434.parquet', '/tmp/minio_downloads/customers_190543076927.parquet', '/tmp/minio_downloads/customers_190543158006.parquet', '/tmp/minio_downloads/customers_190543253590.parquet', '/tmp/minio_downloads/customers_190543347569.parquet', '/tmp/minio_downloads/customers_190543450649.parquet', '/tmp/minio_downloads/customers_190543527911.parquet', '/tmp/minio_downloads/customers_190543616646.parquet', '/tmp/minio_downloads/customers_190543675363.parquet', '/tmp/minio_downloads/customers_190543752703.parquet', '/tmp/minio_downloads/customers_190543830423.parquet', '/tmp/minio_downloads/customers_190543903971.parquet', '/tmp/minio_downloads/customers_190544000846.parquet', '/tmp/minio_downloads/customers_190544281094.parquet', '/tmp/minio_downloads/customers_190544373713.parquet', '/tmp/minio_downloads/customers_190544483521.parquet', '/tmp/minio_downloads/customers_190544579549.parquet', '/tmp/minio_downloads/customers_190544676498.parquet', '/tmp/minio_downloads/customers_190544796803.parquet', '/tmp/minio_downloads/customers_190544882394.parquet', '/tmp/minio_downloads/customers_190544979467.parquet', '/tmp/minio_downloads/customers_190545064056.parquet', '/tmp/minio_downloads/customers_190545142528.parquet', '/tmp/minio_downloads/customers_190545231464.parquet', '/tmp/minio_downloads/customers_190545320319.parquet', '/tmp/minio_downloads/customers_190545414688.parquet', '/tmp/minio_downloads/customers_190545504552.parquet', '/tmp/minio_downloads/customers_190545592817.parquet', '/tmp/minio_downloads/customers_190545677112.parquet', '/tmp/minio_downloads/customers_190545762209.parquet', '/tmp/minio_downloads/customers_190545857188.parquet', '/tmp/minio_downloads/customers_190545941631.parquet', '/tmp/minio_downloads/customers_190546066925.parquet', '/tmp/minio_downloads/customers_190546200445.parquet', '/tmp/minio_downloads/customers_190546401040.parquet', '/tmp/minio_downloads/customers_190546534721.parquet', '/tmp/minio_downloads/customers_190546650046.parquet', '/tmp/minio_downloads/customers_190546730740.parquet', '/tmp/minio_downloads/customers_190546821615.parquet', '/tmp/minio_downloads/customers_190546967196.parquet', '/tmp/minio_downloads/customers_190547069169.parquet', '/tmp/minio_downloads/customers_190547180349.parquet', '/tmp/minio_downloads/customers_190547298924.parquet', '/tmp/minio_downloads/customers_190547397974.parquet', '/tmp/minio_downloads/customers_190547490619.parquet', '/tmp/minio_downloads/customers_190547572865.parquet', '/tmp/minio_downloads/customers_190547704148.parquet', '/tmp/minio_downloads/customers_190547807274.parquet', '/tmp/minio_downloads/customers_190547917145.parquet', '/tmp/minio_downloads/customers_190548029999.parquet', '/tmp/minio_downloads/customers_190548266308.parquet', '/tmp/minio_downloads/customers_190548394163.parquet', '/tmp/minio_downloads/customers_190548536088.parquet', '/tmp/minio_downloads/customers_190548676002.parquet', '/tmp/minio_downloads/customers_190548771118.parquet', '/tmp/minio_downloads/customers_190548892969.parquet', '/tmp/minio_downloads/customers_190549033306.parquet', '/tmp/minio_downloads/customers_190549230903.parquet', '/tmp/minio_downloads/customers_190549462742.parquet', '/tmp/minio_downloads/customers_190549619471.parquet', '/tmp/minio_downloads/customers_190549770486.parquet', '/tmp/minio_downloads/customers_190549876529.parquet', '/tmp/minio_downloads/customers_190549971353.parquet', '/tmp/minio_downloads/customers_190550068702.parquet', '/tmp/minio_downloads/customers_190550194333.parquet', '/tmp/minio_downloads/customers_190550294357.parquet', '/tmp/minio_downloads/customers_190550397429.parquet', '/tmp/minio_downloads/customers_190550501208.parquet', '/tmp/minio_downloads/customers_190550607851.parquet', '/tmp/minio_downloads/customers_190550700394.parquet', '/tmp/minio_downloads/customers_190550794280.parquet', '/tmp/minio_downloads/customers_190550891503.parquet', '/tmp/minio_downloads/customers_190550994311.parquet', '/tmp/minio_downloads/customers_190551088520.parquet', '/tmp/minio_downloads/customers_190551191279.parquet', '/tmp/minio_downloads/customers_190551320015.parquet', '/tmp/minio_downloads/customers_190551566283.parquet', '/tmp/minio_downloads/customers_190551703347.parquet', '/tmp/minio_downloads/customers_190551812591.parquet', '/tmp/minio_downloads/customers_190551904318.parquet', '/tmp/minio_downloads/customers_190552004461.parquet', '/tmp/minio_downloads/customers_190552097320.parquet', '/tmp/minio_downloads/customers_190552188541.parquet', '/tmp/minio_downloads/customers_190552271018.parquet', '/tmp/minio_downloads/customers_190552375917.parquet', '/tmp/minio_downloads/customers_190552470373.parquet', '/tmp/minio_downloads/customers_190552566985.parquet', '/tmp/minio_downloads/customers_190552655317.parquet', '/tmp/minio_downloads/customers_190552740056.parquet', '/tmp/minio_downloads/customers_190552818721.parquet', '/tmp/minio_downloads/customers_190552890918.parquet', '/tmp/minio_downloads/customers_190552982498.parquet', '/tmp/minio_downloads/customers_190553083327.parquet', '/tmp/minio_downloads/customers_190553154570.parquet', '/tmp/minio_downloads/customers_190553244293.parquet', '/tmp/minio_downloads/customers_190553323904.parquet', '/tmp/minio_downloads/customers_190553400034.parquet', '/tmp/minio_downloads/customers_190553482689.parquet', '/tmp/minio_downloads/customers_190553616146.parquet', '/tmp/minio_downloads/customers_190553728893.parquet', '/tmp/minio_downloads/customers_190553847463.parquet', '/tmp/minio_downloads/customers_190553943930.parquet', '/tmp/minio_downloads/customers_190554040796.parquet', '/tmp/minio_downloads/customers_190554124900.parquet', '/tmp/minio_downloads/customers_190554206575.parquet', '/tmp/minio_downloads/customers_190554290204.parquet', '/tmp/minio_downloads/customers_190554369148.parquet', '/tmp/minio_downloads/customers_190554445379.parquet', '/tmp/minio_downloads/customers_190554526571.parquet', '/tmp/minio_downloads/customers_190554602653.parquet', '/tmp/minio_downloads/customers_190554683879.parquet', '/tmp/minio_downloads/customers_190554773602.parquet', '/tmp/minio_downloads/customers_190554933217.parquet', '/tmp/minio_downloads/customers_190555005715.parquet', '/tmp/minio_downloads/customers_190555089851.parquet', '/tmp/minio_downloads/customers_190555161408.parquet', '/tmp/minio_downloads/customers_190555256911.parquet', '/tmp/minio_downloads/customers_190555353917.parquet', '/tmp/minio_downloads/customers_190555431817.parquet', '/tmp/minio_downloads/customers_190555499395.parquet', '/tmp/minio_downloads/customers_190555586984.parquet', '/tmp/minio_downloads/customers_190555668631.parquet', '/tmp/minio_downloads/customers_190555751900.parquet', '/tmp/minio_downloads/customers_190555819915.parquet', '/tmp/minio_downloads/customers_190555925301.parquet', '/tmp/minio_downloads/customers_190556047856.parquet', '/tmp/minio_downloads/customers_190556143987.parquet', '/tmp/minio_downloads/customers_190556253700.parquet', '/tmp/minio_downloads/customers_190556338588.parquet', '/tmp/minio_downloads/customers_190556440622.parquet', '/tmp/minio_downloads/customers_190556537359.parquet', '/tmp/minio_downloads/customers_190556621103.parquet', '/tmp/minio_downloads/customers_190556706405.parquet', '/tmp/minio_downloads/customers_190556796662.parquet', '/tmp/minio_downloads/customers_190556890154.parquet', '/tmp/minio_downloads/customers_190556969691.parquet', '/tmp/minio_downloads/customers_190557052913.parquet', '/tmp/minio_downloads/customers_190557134088.parquet', '/tmp/minio_downloads/customers_190557235739.parquet', '/tmp/minio_downloads/customers_190557322343.parquet', '/tmp/minio_downloads/customers_190557415782.parquet', '/tmp/minio_downloads/customers_190557512593.parquet', '/tmp/minio_downloads/customers_190557597119.parquet', '/tmp/minio_downloads/customers_190557690572.parquet', '/tmp/minio_downloads/customers_190557790451.parquet', '/tmp/minio_downloads/customers_190557884076.parquet', '/tmp/minio_downloads/customers_190557952718.parquet', '/tmp/minio_downloads/customers_190558043136.parquet', '/tmp/minio_downloads/customers_190558136663.parquet', '/tmp/minio_downloads/customers_190558241585.parquet', '/tmp/minio_downloads/customers_190558350426.parquet', '/tmp/minio_downloads/customers_190558444960.parquet', '/tmp/minio_downloads/customers_190558539041.parquet', '/tmp/minio_downloads/customers_190558630829.parquet', '/tmp/minio_downloads/customers_190558717625.parquet', '/tmp/minio_downloads/customers_190558792850.parquet', '/tmp/minio_downloads/customers_190558901725.parquet', '/tmp/minio_downloads/customers_190559015858.parquet', '/tmp/minio_downloads/customers_190559103649.parquet', '/tmp/minio_downloads/customers_190559196766.parquet', '/tmp/minio_downloads/customers_190559293720.parquet', '/tmp/minio_downloads/customers_190559374608.parquet', '/tmp/minio_downloads/customers_190559468836.parquet', '/tmp/minio_downloads/customers_190559580870.parquet', '/tmp/minio_downloads/customers_190559682140.parquet', '/tmp/minio_downloads/customers_190559763988.parquet', '/tmp/minio_downloads/customers_190559852149.parquet', '/tmp/minio_downloads/customers_190559937093.parquet', '/tmp/minio_downloads/customers_190600058927.parquet', '/tmp/minio_downloads/customers_190600150855.parquet', '/tmp/minio_downloads/customers_190600259701.parquet', '/tmp/minio_downloads/customers_190600371122.parquet', '/tmp/minio_downloads/customers_190600449337.parquet', '/tmp/minio_downloads/customers_190600552087.parquet', '/tmp/minio_downloads/customers_190600644467.parquet', '/tmp/minio_downloads/customers_190600737678.parquet', '/tmp/minio_downloads/customers_190600838623.parquet', '/tmp/minio_downloads/customers_190600920539.parquet', '/tmp/minio_downloads/customers_190601010696.parquet', '/tmp/minio_downloads/customers_190601088803.parquet', '/tmp/minio_downloads/customers_190601188047.parquet', '/tmp/minio_downloads/customers_190601264029.parquet', '/tmp/minio_downloads/customers_190601380956.parquet', '/tmp/minio_downloads/customers_190601476373.parquet', '/tmp/minio_downloads/customers_190601577554.parquet', '/tmp/minio_downloads/customers_190601685124.parquet', '/tmp/minio_downloads/customers_190601764878.parquet', '/tmp/minio_downloads/customers_190601852702.parquet', '/tmp/minio_downloads/customers_190601940269.parquet', '/tmp/minio_downloads/customers_190602033750.parquet', '/tmp/minio_downloads/customers_190602126486.parquet', '/tmp/minio_downloads/customers_190602227982.parquet', '/tmp/minio_downloads/customers_190602332080.parquet', '/tmp/minio_downloads/customers_190602407815.parquet', '/tmp/minio_downloads/customers_190602507554.parquet', '/tmp/minio_downloads/customers_190602606187.parquet', '/tmp/minio_downloads/customers_190602713957.parquet', '/tmp/minio_downloads/customers_190602803821.parquet', '/tmp/minio_downloads/customers_190602892941.parquet', '/tmp/minio_downloads/customers_190602976217.parquet', '/tmp/minio_downloads/customers_190603061176.parquet', '/tmp/minio_downloads/customers_190603164697.parquet', '/tmp/minio_downloads/customers_190603285424.parquet', '/tmp/minio_downloads/customers_190603398352.parquet', '/tmp/minio_downloads/customers_190603488359.parquet', '/tmp/minio_downloads/customers_190603597418.parquet', '/tmp/minio_downloads/customers_190603692834.parquet', '/tmp/minio_downloads/customers_190603796704.parquet', '/tmp/minio_downloads/customers_190603881793.parquet', '/tmp/minio_downloads/customers_190603963319.parquet', '/tmp/minio_downloads/customers_190604047318.parquet', '/tmp/minio_downloads/customers_190604147440.parquet', '/tmp/minio_downloads/customers_190604238914.parquet', '/tmp/minio_downloads/customers_190604336354.parquet', '/tmp/minio_downloads/customers_190604431344.parquet', '/tmp/minio_downloads/customers_190604532238.parquet', '/tmp/minio_downloads/customers_190604640638.parquet', '/tmp/minio_downloads/customers_190604745426.parquet', '/tmp/minio_downloads/customers_190604853795.parquet', '/tmp/minio_downloads/customers_190604949876.parquet', '/tmp/minio_downloads/customers_190605047664.parquet', '/tmp/minio_downloads/customers_190605151340.parquet', '/tmp/minio_downloads/customers_190605242379.parquet', '/tmp/minio_downloads/customers_190605328123.parquet', '/tmp/minio_downloads/customers_190605429788.parquet', '/tmp/minio_downloads/customers_190605514488.parquet', '/tmp/minio_downloads/customers_190605675520.parquet', '/tmp/minio_downloads/customers_190605766443.parquet', '/tmp/minio_downloads/customers_190605861566.parquet', '/tmp/minio_downloads/customers_190605946062.parquet', '/tmp/minio_downloads/customers_190606011561.parquet', '/tmp/minio_downloads/customers_190606111886.parquet', '/tmp/minio_downloads/customers_190606214230.parquet', '/tmp/minio_downloads/customers_190606301360.parquet', '/tmp/minio_downloads/customers_190606396157.parquet', '/tmp/minio_downloads/customers_190606472720.parquet', '/tmp/minio_downloads/customers_190606558971.parquet', '/tmp/minio_downloads/customers_190606651803.parquet', '/tmp/minio_downloads/customers_190606758259.parquet', '/tmp/minio_downloads/customers_190606905015.parquet', '/tmp/minio_downloads/customers_190606999522.parquet', '/tmp/minio_downloads/customers_190607098445.parquet', '/tmp/minio_downloads/customers_190607219767.parquet', '/tmp/minio_downloads/customers_190607332437.parquet', '/tmp/minio_downloads/customers_190607429683.parquet', '/tmp/minio_downloads/customers_190607544099.parquet', '/tmp/minio_downloads/customers_190607679582.parquet', '/tmp/minio_downloads/customers_190607821362.parquet', '/tmp/minio_downloads/customers_190608018780.parquet', '/tmp/minio_downloads/customers_190608136287.parquet', '/tmp/minio_downloads/customers_190608245277.parquet', '/tmp/minio_downloads/customers_190608355024.parquet', '/tmp/minio_downloads/customers_190608472379.parquet', '/tmp/minio_downloads/customers_190608572915.parquet', '/tmp/minio_downloads/customers_190608659517.parquet', '/tmp/minio_downloads/customers_190608756216.parquet', '/tmp/minio_downloads/customers_190608849431.parquet', '/tmp/minio_downloads/customers_190608959528.parquet'], 'accounts': [], 'transactions': []}
[2026-07-04T14:07:12.290+0000] {taskinstance.py:441} INFO - ::group::Post task execution logs
[2026-07-04T14:07:12.376+0000] {taskinstance.py:1206} INFO - Marking task as SUCCESS. dag_id=minio_to_snowflake_ecommerce, task_id=download_minio, run_id=scheduled__2026-07-04T14:05:00+00:00, execution_date=20260704T140500, start_date=20260704T140640, end_date=20260704T140712
[2026-07-04T14:07:12.448+0000] {local_task_job_runner.py:243} INFO - Task exited with return code 0
[2026-07-04T14:07:12.539+0000] {taskinstance.py:3503} INFO - 1 downstream tasks scheduled from follow-on schedule check
[2026-07-04T14:07:12.544+0000] {local_task_job_runner.py:222} INFO - ::endgroup::
