[2026-07-04T14:10:07.030+0000] {local_task_job_runner.py:120} INFO - ::group::Pre task execution logs
[2026-07-04T14:10:07.078+0000] {taskinstance.py:2076} INFO - Dependencies all met for dep_context=non-requeueable deps ti=<TaskInstance: minio_to_snowflake_ecommerce.download_minio scheduled__2026-07-04T14:08:00+00:00 [queued]>
[2026-07-04T14:10:07.095+0000] {taskinstance.py:2076} INFO - Dependencies all met for dep_context=requeueable deps ti=<TaskInstance: minio_to_snowflake_ecommerce.download_minio scheduled__2026-07-04T14:08:00+00:00 [queued]>
[2026-07-04T14:10:07.096+0000] {taskinstance.py:2306} INFO - Starting attempt 1 of 2
[2026-07-04T14:10:07.118+0000] {taskinstance.py:2330} INFO - Executing <Task(PythonOperator): download_minio> on 2026-07-04 14:08:00+00:00
[2026-07-04T14:10:07.130+0000] {standard_task_runner.py:90} INFO - Running: ['***', 'tasks', 'run', 'minio_to_snowflake_ecommerce', 'download_minio', 'scheduled__2026-07-04T14:08:00+00:00', '--job-id', '16', '--raw', '--subdir', 'DAGS_FOLDER/minio_to_snowflake_dag.py', '--cfg-path', '/tmp/tmp7q2haz7v']
[2026-07-04T14:10:07.135+0000] {standard_task_runner.py:91} INFO - Job 16: Subtask download_minio
[2026-07-04T14:10:07.135+0000] {logging_mixin.py:188} WARNING - /home/***/.local/lib/python3.12/site-packages/***/task/task_runner/standard_task_runner.py:62 DeprecationWarning: This process (pid=9010) is multi-threaded, use of fork() may lead to deadlocks in the child.
[2026-07-04T14:10:07.136+0000] {standard_task_runner.py:64} INFO - Started process 9017 to run task
[2026-07-04T14:10:07.220+0000] {task_command.py:426} INFO - Running <TaskInstance: minio_to_snowflake_ecommerce.download_minio scheduled__2026-07-04T14:08:00+00:00 [running]> on host 791512f83421
[2026-07-04T14:10:07.350+0000] {taskinstance.py:2648} INFO - Exporting env vars: AIRFLOW_CTX_DAG_OWNER='***' AIRFLOW_CTX_DAG_ID='minio_to_snowflake_ecommerce' AIRFLOW_CTX_TASK_ID='download_minio' AIRFLOW_CTX_EXECUTION_DATE='2026-07-04T14:08:00+00:00' AIRFLOW_CTX_TRY_NUMBER='1' AIRFLOW_CTX_DAG_RUN_ID='scheduled__2026-07-04T14:08:00+00:00'
[2026-07-04T14:10:07.352+0000] {taskinstance.py:430} INFO - ::endgroup::
[2026-07-04T14:10:11.376+0000] {logging_mixin.py:188} INFO - Downloaded customers/date=2026-06-17/customers_190118474101.parquet -> /tmp/minio_downloads/customers_190118474101.parquet
[2026-07-04T14:10:11.405+0000] {logging_mixin.py:188} INFO - Downloaded customers/date=2026-06-17/customers_190118558805.parquet -> /tmp/minio_downloads/customers_190118558805.parquet
[2026-07-04T14:10:11.433+0000] {logging_mixin.py:188} INFO - Downloaded customers/date=2026-06-17/customers_190118637451.parquet -> /tmp/minio_downloads/customers_190118637451.parquet
[2026-07-04T14:10:11.460+0000] {logging_mixin.py:188} INFO - Downloaded customers/date=2026-06-17/customers_190118704077.parquet -> /tmp/minio_downloads/customers_190118704077.parquet
[2026-07-04T14:10:11.486+0000] {logging_mixin.py:188} INFO - Downloaded customers/date=2026-06-17/customers_190118757294.parquet -> /tmp/minio_downloads/customers_190118757294.parquet
[2026-07-04T14:10:11.512+0000] {logging_mixin.py:188} INFO - Downloaded customers/date=2026-06-17/customers_190118804450.parquet -> /tmp/minio_downloads/customers_190118804450.parquet
[2026-07-04T14:10:11.538+0000] {logging_mixin.py:188} INFO - Downloaded customers/date=2026-06-17/customers_190118859377.parquet -> /tmp/minio_downloads/customers_190118859377.parquet
[2026-07-04T14:10:11.565+0000] {logging_mixin.py:188} INFO - Downloaded customers/date=2026-06-17/customers_190118909807.parquet -> /tmp/minio_downloads/customers_190118909807.parquet
[2026-07-04T14:10:11.590+0000] {logging_mixin.py:188} INFO - Downloaded customers/date=2026-06-17/customers_190118962070.parquet -> /tmp/minio_downloads/customers_190118962070.parquet
[2026-07-04T14:10:11.617+0000] {logging_mixin.py:188} INFO - Downloaded customers/date=2026-06-17/customers_190119013345.parquet -> /tmp/minio_downloads/customers_190119013345.parquet
[2026-07-04T14:10:11.645+0000] {logging_mixin.py:188} INFO - Downloaded customers/date=2026-06-17/customers_190119066490.parquet -> /tmp/minio_downloads/customers_190119066490.parquet
[2026-07-04T14:10:11.673+0000] {logging_mixin.py:188} INFO - Downloaded customers/date=2026-06-17/customers_190119139754.parquet -> /tmp/minio_downloads/customers_190119139754.parquet
[2026-07-04T14:10:11.702+0000] {logging_mixin.py:188} INFO - Downloaded customers/date=2026-06-17/customers_190119263543.parquet -> /tmp/minio_downloads/customers_190119263543.parquet
[2026-07-04T14:10:11.731+0000] {logging_mixin.py:188} INFO - Downloaded customers/date=2026-06-17/customers_190119390209.parquet -> /tmp/minio_downloads/customers_190119390209.parquet
[2026-07-04T14:10:11.761+0000] {logging_mixin.py:188} INFO - Downloaded customers/date=2026-06-17/customers_190119463358.parquet -> /tmp/minio_downloads/customers_190119463358.parquet
[2026-07-04T14:10:11.791+0000] {logging_mixin.py:188} INFO - Downloaded customers/date=2026-06-17/customers_190119548561.parquet -> /tmp/minio_downloads/customers_190119548561.parquet
[2026-07-04T14:10:11.819+0000] {logging_mixin.py:188} INFO - Downloaded customers/date=2026-06-17/customers_190119628300.parquet -> /tmp/minio_downloads/customers_190119628300.parquet
[2026-07-04T14:10:11.846+0000] {logging_mixin.py:188} INFO - Downloaded customers/date=2026-06-17/customers_190119731265.parquet -> /tmp/minio_downloads/customers_190119731265.parquet
[2026-07-04T14:10:11.871+0000] {logging_mixin.py:188} INFO - Downloaded customers/date=2026-06-17/customers_190119816203.parquet -> /tmp/minio_downloads/customers_190119816203.parquet
[2026-07-04T14:10:11.897+0000] {logging_mixin.py:188} INFO - Downloaded customers/date=2026-06-17/customers_190119905698.parquet -> /tmp/minio_downloads/customers_190119905698.parquet
[2026-07-04T14:10:11.922+0000] {logging_mixin.py:188} INFO - Downloaded customers/date=2026-06-17/customers_190120040271.parquet -> /tmp/minio_downloads/customers_190120040271.parquet
[2026-07-04T14:10:11.948+0000] {logging_mixin.py:188} INFO - Downloaded customers/date=2026-06-17/customers_190120132786.parquet -> /tmp/minio_downloads/customers_190120132786.parquet
[2026-07-04T14:10:11.975+0000] {logging_mixin.py:188} INFO - Downloaded customers/date=2026-06-17/customers_190120201937.parquet -> /tmp/minio_downloads/customers_190120201937.parquet
[2026-07-04T14:10:12.002+0000] {logging_mixin.py:188} INFO - Downloaded customers/date=2026-06-17/customers_190120279098.parquet -> /tmp/minio_downloads/customers_190120279098.parquet
[2026-07-04T14:10:12.029+0000] {logging_mixin.py:188} INFO - Downloaded customers/date=2026-06-17/customers_190120349697.parquet -> /tmp/minio_downloads/customers_190120349697.parquet
[2026-07-04T14:10:12.054+0000] {logging_mixin.py:188} INFO - Downloaded customers/date=2026-06-17/customers_190120432051.parquet -> /tmp/minio_downloads/customers_190120432051.parquet
[2026-07-04T14:10:12.080+0000] {logging_mixin.py:188} INFO - Downloaded customers/date=2026-06-17/customers_190120568706.parquet -> /tmp/minio_downloads/customers_190120568706.parquet
[2026-07-04T14:10:12.104+0000] {logging_mixin.py:188} INFO - Downloaded customers/date=2026-06-17/customers_190120649298.parquet -> /tmp/minio_downloads/customers_190120649298.parquet
[2026-07-04T14:10:12.130+0000] {logging_mixin.py:188} INFO - Downloaded customers/date=2026-06-17/customers_190120717788.parquet -> /tmp/minio_downloads/customers_190120717788.parquet
[2026-07-04T14:10:12.158+0000] {logging_mixin.py:188} INFO - Downloaded customers/date=2026-06-17/customers_190120785337.parquet -> /tmp/minio_downloads/customers_190120785337.parquet
[2026-07-04T14:10:12.189+0000] {logging_mixin.py:188} INFO - Downloaded customers/date=2026-06-17/customers_190120832918.parquet -> /tmp/minio_downloads/customers_190120832918.parquet
[2026-07-04T14:10:12.224+0000] {logging_mixin.py:188} INFO - Downloaded customers/date=2026-06-17/customers_190120902521.parquet -> /tmp/minio_downloads/customers_190120902521.parquet
[2026-07-04T14:10:12.255+0000] {logging_mixin.py:188} INFO - Downloaded customers/date=2026-06-17/customers_190120964409.parquet -> /tmp/minio_downloads/customers_190120964409.parquet
[2026-07-04T14:10:12.284+0000] {logging_mixin.py:188} INFO - Downloaded customers/date=2026-06-17/customers_190121020503.parquet -> /tmp/minio_downloads/customers_190121020503.parquet
[2026-07-04T14:10:12.311+0000] {logging_mixin.py:188} INFO - Downloaded customers/date=2026-06-17/customers_190121089337.parquet -> /tmp/minio_downloads/customers_190121089337.parquet
[2026-07-04T14:10:12.338+0000] {logging_mixin.py:188} INFO - Downloaded customers/date=2026-06-17/customers_190121147140.parquet -> /tmp/minio_downloads/customers_190121147140.parquet
[2026-07-04T14:10:12.367+0000] {logging_mixin.py:188} INFO - Downloaded customers/date=2026-06-17/customers_190121236766.parquet -> /tmp/minio_downloads/customers_190121236766.parquet
[2026-07-04T14:10:12.394+0000] {logging_mixin.py:188} INFO - Downloaded customers/date=2026-06-17/customers_190121314374.parquet -> /tmp/minio_downloads/customers_190121314374.parquet
[2026-07-04T14:10:12.421+0000] {logging_mixin.py:188} INFO - Downloaded customers/date=2026-06-17/customers_190121389208.parquet -> /tmp/minio_downloads/customers_190121389208.parquet
[2026-07-04T14:10:12.448+0000] {logging_mixin.py:188} INFO - Downloaded customers/date=2026-06-17/customers_190121470589.parquet -> /tmp/minio_downloads/customers_190121470589.parquet
[2026-07-04T14:10:12.475+0000] {logging_mixin.py:188} INFO - Downloaded customers/date=2026-06-17/customers_190121557173.parquet -> /tmp/minio_downloads/customers_190121557173.parquet
[2026-07-04T14:10:12.501+0000] {logging_mixin.py:188} INFO - Downloaded customers/date=2026-06-17/customers_190121635672.parquet -> /tmp/minio_downloads/customers_190121635672.parquet
[2026-07-04T14:10:12.527+0000] {logging_mixin.py:188} INFO - Downloaded customers/date=2026-06-17/customers_190121708765.parquet -> /tmp/minio_downloads/customers_190121708765.parquet
[2026-07-04T14:10:12.551+0000] {logging_mixin.py:188} INFO - Downloaded customers/date=2026-06-17/customers_190121774496.parquet -> /tmp/minio_downloads/customers_190121774496.parquet
[2026-07-04T14:10:12.577+0000] {logging_mixin.py:188} INFO - Downloaded customers/date=2026-06-17/customers_190121828872.parquet -> /tmp/minio_downloads/customers_190121828872.parquet
[2026-07-04T14:10:12.603+0000] {logging_mixin.py:188} INFO - Downloaded customers/date=2026-06-17/customers_190121884665.parquet -> /tmp/minio_downloads/customers_190121884665.parquet
[2026-07-04T14:10:12.628+0000] {logging_mixin.py:188} INFO - Downloaded customers/date=2026-06-17/customers_190121936133.parquet -> /tmp/minio_downloads/customers_190121936133.parquet
[2026-07-04T14:10:12.654+0000] {logging_mixin.py:188} INFO - Downloaded customers/date=2026-06-17/customers_190121986968.parquet -> /tmp/minio_downloads/customers_190121986968.parquet
[2026-07-04T14:10:12.679+0000] {logging_mixin.py:188} INFO - Downloaded customers/date=2026-06-17/customers_190122038502.parquet -> /tmp/minio_downloads/customers_190122038502.parquet
[2026-07-04T14:10:12.704+0000] {logging_mixin.py:188} INFO - Downloaded customers/date=2026-06-17/customers_190122087552.parquet -> /tmp/minio_downloads/customers_190122087552.parquet
[2026-07-04T14:10:12.733+0000] {logging_mixin.py:188} INFO - Downloaded customers/date=2026-06-17/customers_190122199861.parquet -> /tmp/minio_downloads/customers_190122199861.parquet
[2026-07-04T14:10:12.761+0000] {logging_mixin.py:188} INFO - Downloaded customers/date=2026-06-17/customers_190122288107.parquet -> /tmp/minio_downloads/customers_190122288107.parquet
[2026-07-04T14:10:12.789+0000] {logging_mixin.py:188} INFO - Downloaded customers/date=2026-06-17/customers_190122362702.parquet -> /tmp/minio_downloads/customers_190122362702.parquet
[2026-07-04T14:10:12.816+0000] {logging_mixin.py:188} INFO - Downloaded customers/date=2026-06-17/customers_190122426397.parquet -> /tmp/minio_downloads/customers_190122426397.parquet
[2026-07-04T14:10:12.845+0000] {logging_mixin.py:188} INFO - Downloaded customers/date=2026-06-17/customers_190122496594.parquet -> /tmp/minio_downloads/customers_190122496594.parquet
[2026-07-04T14:10:12.874+0000] {logging_mixin.py:188} INFO - Downloaded customers/date=2026-06-17/customers_190122575921.parquet -> /tmp/minio_downloads/customers_190122575921.parquet
[2026-07-04T14:10:12.901+0000] {logging_mixin.py:188} INFO - Downloaded customers/date=2026-06-17/customers_190122666732.parquet -> /tmp/minio_downloads/customers_190122666732.parquet
[2026-07-04T14:10:12.928+0000] {logging_mixin.py:188} INFO - Downloaded customers/date=2026-06-17/customers_190122744017.parquet -> /tmp/minio_downloads/customers_190122744017.parquet
[2026-07-04T14:10:12.955+0000] {logging_mixin.py:188} INFO - Downloaded customers/date=2026-06-17/customers_190122803790.parquet -> /tmp/minio_downloads/customers_190122803790.parquet
[2026-07-04T14:10:12.984+0000] {logging_mixin.py:188} INFO - Downloaded customers/date=2026-06-17/customers_190122866720.parquet -> /tmp/minio_downloads/customers_190122866720.parquet
[2026-07-04T14:10:13.016+0000] {logging_mixin.py:188} INFO - Downloaded customers/date=2026-06-17/customers_190122917755.parquet -> /tmp/minio_downloads/customers_190122917755.parquet
[2026-07-04T14:10:13.046+0000] {logging_mixin.py:188} INFO - Downloaded customers/date=2026-06-17/customers_190122965839.parquet -> /tmp/minio_downloads/customers_190122965839.parquet
[2026-07-04T14:10:13.075+0000] {logging_mixin.py:188} INFO - Downloaded customers/date=2026-06-17/customers_190123017563.parquet -> /tmp/minio_downloads/customers_190123017563.parquet
[2026-07-04T14:10:13.104+0000] {logging_mixin.py:188} INFO - Downloaded customers/date=2026-06-17/customers_190123087773.parquet -> /tmp/minio_downloads/customers_190123087773.parquet
[2026-07-04T14:10:13.131+0000] {logging_mixin.py:188} INFO - Downloaded customers/date=2026-06-17/customers_190123155911.parquet -> /tmp/minio_downloads/customers_190123155911.parquet
[2026-07-04T14:10:13.158+0000] {logging_mixin.py:188} INFO - Downloaded customers/date=2026-06-17/customers_190123225422.parquet -> /tmp/minio_downloads/customers_190123225422.parquet
[2026-07-04T14:10:13.186+0000] {logging_mixin.py:188} INFO - Downloaded customers/date=2026-06-17/customers_190123295060.parquet -> /tmp/minio_downloads/customers_190123295060.parquet
[2026-07-04T14:10:13.214+0000] {logging_mixin.py:188} INFO - Downloaded customers/date=2026-06-17/customers_190123375883.parquet -> /tmp/minio_downloads/customers_190123375883.parquet
[2026-07-04T14:10:13.242+0000] {logging_mixin.py:188} INFO - Downloaded customers/date=2026-06-17/customers_190123461445.parquet -> /tmp/minio_downloads/customers_190123461445.parquet
[2026-07-04T14:10:13.270+0000] {logging_mixin.py:188} INFO - Downloaded customers/date=2026-06-17/customers_190123549403.parquet -> /tmp/minio_downloads/customers_190123549403.parquet
[2026-07-04T14:10:13.297+0000] {logging_mixin.py:188} INFO - Downloaded customers/date=2026-06-17/customers_190123629735.parquet -> /tmp/minio_downloads/customers_190123629735.parquet
[2026-07-04T14:10:13.328+0000] {logging_mixin.py:188} INFO - Downloaded customers/date=2026-06-17/customers_190123712537.parquet -> /tmp/minio_downloads/customers_190123712537.parquet
[2026-07-04T14:10:13.359+0000] {logging_mixin.py:188} INFO - Downloaded customers/date=2026-06-17/customers_190123785855.parquet -> /tmp/minio_downloads/customers_190123785855.parquet
[2026-07-04T14:10:13.392+0000] {logging_mixin.py:188} INFO - Downloaded customers/date=2026-06-17/customers_190123852768.parquet -> /tmp/minio_downloads/customers_190123852768.parquet
[2026-07-04T14:10:13.423+0000] {logging_mixin.py:188} INFO - Downloaded customers/date=2026-06-17/customers_190123936501.parquet -> /tmp/minio_downloads/customers_190123936501.parquet
[2026-07-04T14:10:13.457+0000] {logging_mixin.py:188} INFO - Downloaded customers/date=2026-06-17/customers_190124033849.parquet -> /tmp/minio_downloads/customers_190124033849.parquet
[2026-07-04T14:10:13.487+0000] {logging_mixin.py:188} INFO - Downloaded customers/date=2026-06-17/customers_190124166322.parquet -> /tmp/minio_downloads/customers_190124166322.parquet
[2026-07-04T14:10:13.517+0000] {logging_mixin.py:188} INFO - Downloaded customers/date=2026-06-17/customers_190124239295.parquet -> /tmp/minio_downloads/customers_190124239295.parquet
[2026-07-04T14:10:13.547+0000] {logging_mixin.py:188} INFO - Downloaded customers/date=2026-06-17/customers_190124308641.parquet -> /tmp/minio_downloads/customers_190124308641.parquet
[2026-07-04T14:10:13.577+0000] {logging_mixin.py:188} INFO - Downloaded customers/date=2026-06-17/customers_190124367126.parquet -> /tmp/minio_downloads/customers_190124367126.parquet
[2026-07-04T14:10:13.605+0000] {logging_mixin.py:188} INFO - Downloaded customers/date=2026-06-17/customers_190124438120.parquet -> /tmp/minio_downloads/customers_190124438120.parquet
[2026-07-04T14:10:13.633+0000] {logging_mixin.py:188} INFO - Downloaded customers/date=2026-06-17/customers_190124506813.parquet -> /tmp/minio_downloads/customers_190124506813.parquet
[2026-07-04T14:10:13.664+0000] {logging_mixin.py:188} INFO - Downloaded customers/date=2026-06-17/customers_190124577918.parquet -> /tmp/minio_downloads/customers_190124577918.parquet
[2026-07-04T14:10:13.700+0000] {logging_mixin.py:188} INFO - Downloaded customers/date=2026-06-17/customers_190124645052.parquet -> /tmp/minio_downloads/customers_190124645052.parquet
[2026-07-04T14:10:13.730+0000] {logging_mixin.py:188} INFO - Downloaded customers/date=2026-06-17/customers_190124698144.parquet -> /tmp/minio_downloads/customers_190124698144.parquet
[2026-07-04T14:10:13.762+0000] {logging_mixin.py:188} INFO - Downloaded customers/date=2026-06-17/customers_190124750698.parquet -> /tmp/minio_downloads/customers_190124750698.parquet
[2026-07-04T14:10:13.796+0000] {logging_mixin.py:188} INFO - Downloaded customers/date=2026-06-17/customers_190124860523.parquet -> /tmp/minio_downloads/customers_190124860523.parquet
[2026-07-04T14:10:13.829+0000] {logging_mixin.py:188} INFO - Downloaded customers/date=2026-06-17/customers_190124942262.parquet -> /tmp/minio_downloads/customers_190124942262.parquet
[2026-07-04T14:10:13.864+0000] {logging_mixin.py:188} INFO - Downloaded customers/date=2026-06-17/customers_190125013131.parquet -> /tmp/minio_downloads/customers_190125013131.parquet
[2026-07-04T14:10:13.894+0000] {logging_mixin.py:188} INFO - Downloaded customers/date=2026-06-17/customers_190125105286.parquet -> /tmp/minio_downloads/customers_190125105286.parquet
[2026-07-04T14:10:13.925+0000] {logging_mixin.py:188} INFO - Downloaded customers/date=2026-06-17/customers_190125202440.parquet -> /tmp/minio_downloads/customers_190125202440.parquet
[2026-07-04T14:10:13.955+0000] {logging_mixin.py:188} INFO - Downloaded customers/date=2026-06-17/customers_190125298099.parquet -> /tmp/minio_downloads/customers_190125298099.parquet
[2026-07-04T14:10:13.986+0000] {logging_mixin.py:188} INFO - Downloaded customers/date=2026-06-17/customers_190125375584.parquet -> /tmp/minio_downloads/customers_190125375584.parquet
[2026-07-04T14:10:14.015+0000] {logging_mixin.py:188} INFO - Downloaded customers/date=2026-06-17/customers_190125437993.parquet -> /tmp/minio_downloads/customers_190125437993.parquet
[2026-07-04T14:10:14.041+0000] {logging_mixin.py:188} INFO - Downloaded customers/date=2026-06-17/customers_190125502586.parquet -> /tmp/minio_downloads/customers_190125502586.parquet
[2026-07-04T14:10:14.069+0000] {logging_mixin.py:188} INFO - Downloaded customers/date=2026-06-17/customers_190125580897.parquet -> /tmp/minio_downloads/customers_190125580897.parquet
[2026-07-04T14:10:14.098+0000] {logging_mixin.py:188} INFO - Downloaded customers/date=2026-06-17/customers_190125642474.parquet -> /tmp/minio_downloads/customers_190125642474.parquet
[2026-07-04T14:10:14.132+0000] {logging_mixin.py:188} INFO - Downloaded customers/date=2026-06-17/customers_190125701048.parquet -> /tmp/minio_downloads/customers_190125701048.parquet
[2026-07-04T14:10:14.162+0000] {logging_mixin.py:188} INFO - Downloaded customers/date=2026-06-17/customers_190125761080.parquet -> /tmp/minio_downloads/customers_190125761080.parquet
[2026-07-04T14:10:14.193+0000] {logging_mixin.py:188} INFO - Downloaded customers/date=2026-06-17/customers_190125833530.parquet -> /tmp/minio_downloads/customers_190125833530.parquet
[2026-07-04T14:10:14.226+0000] {logging_mixin.py:188} INFO - Downloaded customers/date=2026-06-17/customers_190125898658.parquet -> /tmp/minio_downloads/customers_190125898658.parquet
[2026-07-04T14:10:14.254+0000] {logging_mixin.py:188} INFO - Downloaded customers/date=2026-06-17/customers_190125975991.parquet -> /tmp/minio_downloads/customers_190125975991.parquet
[2026-07-04T14:10:14.282+0000] {logging_mixin.py:188} INFO - Downloaded customers/date=2026-06-17/customers_190126066822.parquet -> /tmp/minio_downloads/customers_190126066822.parquet
[2026-07-04T14:10:14.316+0000] {logging_mixin.py:188} INFO - Downloaded customers/date=2026-06-17/customers_190126198505.parquet -> /tmp/minio_downloads/customers_190126198505.parquet
[2026-07-04T14:10:14.345+0000] {logging_mixin.py:188} INFO - Downloaded customers/date=2026-06-17/customers_190126301475.parquet -> /tmp/minio_downloads/customers_190126301475.parquet
[2026-07-04T14:10:14.373+0000] {logging_mixin.py:188} INFO - Downloaded customers/date=2026-06-17/customers_190126398593.parquet -> /tmp/minio_downloads/customers_190126398593.parquet
[2026-07-04T14:10:14.407+0000] {logging_mixin.py:188} INFO - Downloaded customers/date=2026-06-17/customers_190126533501.parquet -> /tmp/minio_downloads/customers_190126533501.parquet
[2026-07-04T14:10:14.436+0000] {logging_mixin.py:188} INFO - Downloaded customers/date=2026-06-17/customers_190126611796.parquet -> /tmp/minio_downloads/customers_190126611796.parquet
[2026-07-04T14:10:14.465+0000] {logging_mixin.py:188} INFO - Downloaded customers/date=2026-06-17/customers_190126673708.parquet -> /tmp/minio_downloads/customers_190126673708.parquet
[2026-07-04T14:10:14.494+0000] {logging_mixin.py:188} INFO - Downloaded customers/date=2026-06-17/customers_190126725267.parquet -> /tmp/minio_downloads/customers_190126725267.parquet
[2026-07-04T14:10:14.524+0000] {logging_mixin.py:188} INFO - Downloaded customers/date=2026-06-17/customers_190126787313.parquet -> /tmp/minio_downloads/customers_190126787313.parquet
[2026-07-04T14:10:14.554+0000] {logging_mixin.py:188} INFO - Downloaded customers/date=2026-06-17/customers_190126855392.parquet -> /tmp/minio_downloads/customers_190126855392.parquet
[2026-07-04T14:10:14.587+0000] {logging_mixin.py:188} INFO - Downloaded customers/date=2026-06-17/customers_190126906171.parquet -> /tmp/minio_downloads/customers_190126906171.parquet
[2026-07-04T14:10:14.622+0000] {logging_mixin.py:188} INFO - Downloaded customers/date=2026-06-17/customers_190126961049.parquet -> /tmp/minio_downloads/customers_190126961049.parquet
[2026-07-04T14:10:14.658+0000] {logging_mixin.py:188} INFO - Downloaded customers/date=2026-06-17/customers_190127014299.parquet -> /tmp/minio_downloads/customers_190127014299.parquet
[2026-07-04T14:10:14.689+0000] {logging_mixin.py:188} INFO - Downloaded customers/date=2026-06-17/customers_190127077863.parquet -> /tmp/minio_downloads/customers_190127077863.parquet
[2026-07-04T14:10:14.720+0000] {logging_mixin.py:188} INFO - Downloaded customers/date=2026-06-17/customers_190127230270.parquet -> /tmp/minio_downloads/customers_190127230270.parquet
[2026-07-04T14:10:14.751+0000] {logging_mixin.py:188} INFO - Downloaded customers/date=2026-06-17/customers_190127379217.parquet -> /tmp/minio_downloads/customers_190127379217.parquet
[2026-07-04T14:10:14.782+0000] {logging_mixin.py:188} INFO - Downloaded customers/date=2026-06-17/customers_190127480731.parquet -> /tmp/minio_downloads/customers_190127480731.parquet
[2026-07-04T14:10:14.814+0000] {logging_mixin.py:188} INFO - Downloaded customers/date=2026-06-17/customers_190127588343.parquet -> /tmp/minio_downloads/customers_190127588343.parquet
[2026-07-04T14:10:14.843+0000] {logging_mixin.py:188} INFO - Downloaded customers/date=2026-06-17/customers_190127655023.parquet -> /tmp/minio_downloads/customers_190127655023.parquet
[2026-07-04T14:10:14.871+0000] {logging_mixin.py:188} INFO - Downloaded customers/date=2026-06-17/customers_190127718661.parquet -> /tmp/minio_downloads/customers_190127718661.parquet
[2026-07-04T14:10:14.901+0000] {logging_mixin.py:188} INFO - Downloaded customers/date=2026-06-17/customers_190127807503.parquet -> /tmp/minio_downloads/customers_190127807503.parquet
[2026-07-04T14:10:14.929+0000] {logging_mixin.py:188} INFO - Downloaded customers/date=2026-06-17/customers_190127875342.parquet -> /tmp/minio_downloads/customers_190127875342.parquet
[2026-07-04T14:10:14.960+0000] {logging_mixin.py:188} INFO - Downloaded customers/date=2026-06-17/customers_190127934037.parquet -> /tmp/minio_downloads/customers_190127934037.parquet
[2026-07-04T14:10:14.989+0000] {logging_mixin.py:188} INFO - Downloaded customers/date=2026-06-17/customers_190127986063.parquet -> /tmp/minio_downloads/customers_190127986063.parquet
[2026-07-04T14:10:15.020+0000] {logging_mixin.py:188} INFO - Downloaded customers/date=2026-06-17/customers_190128037403.parquet -> /tmp/minio_downloads/customers_190128037403.parquet
[2026-07-04T14:10:15.051+0000] {logging_mixin.py:188} INFO - Downloaded customers/date=2026-06-17/customers_190128094155.parquet -> /tmp/minio_downloads/customers_190128094155.parquet
[2026-07-04T14:10:15.082+0000] {logging_mixin.py:188} INFO - Downloaded customers/date=2026-06-17/customers_190128153350.parquet -> /tmp/minio_downloads/customers_190128153350.parquet
[2026-07-04T14:10:15.112+0000] {logging_mixin.py:188} INFO - Downloaded customers/date=2026-06-17/customers_190128208574.parquet -> /tmp/minio_downloads/customers_190128208574.parquet
[2026-07-04T14:10:15.141+0000] {logging_mixin.py:188} INFO - Downloaded customers/date=2026-06-17/customers_190128269321.parquet -> /tmp/minio_downloads/customers_190128269321.parquet
[2026-07-04T14:10:15.174+0000] {logging_mixin.py:188} INFO - Downloaded customers/date=2026-06-17/customers_190128431709.parquet -> /tmp/minio_downloads/customers_190128431709.parquet
[2026-07-04T14:10:15.208+0000] {logging_mixin.py:188} INFO - Downloaded customers/date=2026-06-17/customers_190128531915.parquet -> /tmp/minio_downloads/customers_190128531915.parquet
[2026-07-04T14:10:15.251+0000] {logging_mixin.py:188} INFO - Downloaded customers/date=2026-06-17/customers_190128627723.parquet -> /tmp/minio_downloads/customers_190128627723.parquet
[2026-07-04T14:10:15.291+0000] {logging_mixin.py:188} INFO - Downloaded customers/date=2026-06-17/customers_190128728340.parquet -> /tmp/minio_downloads/customers_190128728340.parquet
[2026-07-04T14:10:15.337+0000] {logging_mixin.py:188} INFO - Downloaded customers/date=2026-06-17/customers_190128798458.parquet -> /tmp/minio_downloads/customers_190128798458.parquet
[2026-07-04T14:10:15.377+0000] {logging_mixin.py:188} INFO - Downloaded customers/date=2026-06-17/customers_190128859676.parquet -> /tmp/minio_downloads/customers_190128859676.parquet
[2026-07-04T14:10:15.414+0000] {logging_mixin.py:188} INFO - Downloaded customers/date=2026-06-17/customers_190128933072.parquet -> /tmp/minio_downloads/customers_190128933072.parquet
[2026-07-04T14:10:15.452+0000] {logging_mixin.py:188} INFO - Downloaded customers/date=2026-06-17/customers_190129009410.parquet -> /tmp/minio_downloads/customers_190129009410.parquet
[2026-07-04T14:10:15.495+0000] {logging_mixin.py:188} INFO - Downloaded customers/date=2026-06-17/customers_190129066318.parquet -> /tmp/minio_downloads/customers_190129066318.parquet
[2026-07-04T14:10:15.540+0000] {logging_mixin.py:188} INFO - Downloaded customers/date=2026-06-17/customers_190129134200.parquet -> /tmp/minio_downloads/customers_190129134200.parquet
[2026-07-04T14:10:15.644+0000] {logging_mixin.py:188} INFO - Downloaded customers/date=2026-06-17/customers_190129228717.parquet -> /tmp/minio_downloads/customers_190129228717.parquet
[2026-07-04T14:10:15.683+0000] {logging_mixin.py:188} INFO - Downloaded customers/date=2026-06-17/customers_190129346180.parquet -> /tmp/minio_downloads/customers_190129346180.parquet
[2026-07-04T14:10:15.724+0000] {logging_mixin.py:188} INFO - Downloaded customers/date=2026-06-17/customers_190129451553.parquet -> /tmp/minio_downloads/customers_190129451553.parquet
[2026-07-04T14:10:15.763+0000] {logging_mixin.py:188} INFO - Downloaded customers/date=2026-06-17/customers_190129526392.parquet -> /tmp/minio_downloads/customers_190129526392.parquet
[2026-07-04T14:10:15.805+0000] {logging_mixin.py:188} INFO - Downloaded customers/date=2026-06-17/customers_190129605212.parquet -> /tmp/minio_downloads/customers_190129605212.parquet
[2026-07-04T14:10:15.846+0000] {logging_mixin.py:188} INFO - Downloaded customers/date=2026-06-17/customers_190129695196.parquet -> /tmp/minio_downloads/customers_190129695196.parquet
[2026-07-04T14:10:15.879+0000] {logging_mixin.py:188} INFO - Downloaded customers/date=2026-06-17/customers_190129776918.parquet -> /tmp/minio_downloads/customers_190129776918.parquet
[2026-07-04T14:10:15.912+0000] {logging_mixin.py:188} INFO - Downloaded customers/date=2026-06-17/customers_190129832175.parquet -> /tmp/minio_downloads/customers_190129832175.parquet
[2026-07-04T14:10:15.948+0000] {logging_mixin.py:188} INFO - Downloaded customers/date=2026-06-17/customers_190129890474.parquet -> /tmp/minio_downloads/customers_190129890474.parquet
[2026-07-04T14:10:15.982+0000] {logging_mixin.py:188} INFO - Downloaded customers/date=2026-06-17/customers_190129953507.parquet -> /tmp/minio_downloads/customers_190129953507.parquet
[2026-07-04T14:10:16.018+0000] {logging_mixin.py:188} INFO - Downloaded customers/date=2026-06-17/customers_190130013760.parquet -> /tmp/minio_downloads/customers_190130013760.parquet
[2026-07-04T14:10:16.050+0000] {logging_mixin.py:188} INFO - Downloaded customers/date=2026-06-17/customers_190130073802.parquet -> /tmp/minio_downloads/customers_190130073802.parquet
[2026-07-04T14:10:16.082+0000] {logging_mixin.py:188} INFO - Downloaded customers/date=2026-06-17/customers_190130138955.parquet -> /tmp/minio_downloads/customers_190130138955.parquet
[2026-07-04T14:10:16.116+0000] {logging_mixin.py:188} INFO - Downloaded customers/date=2026-06-17/customers_190130228190.parquet -> /tmp/minio_downloads/customers_190130228190.parquet
[2026-07-04T14:10:16.156+0000] {logging_mixin.py:188} INFO - Downloaded customers/date=2026-06-17/customers_190130320235.parquet -> /tmp/minio_downloads/customers_190130320235.parquet
[2026-07-04T14:10:16.195+0000] {logging_mixin.py:188} INFO - Downloaded customers/date=2026-06-17/customers_190130463414.parquet -> /tmp/minio_downloads/customers_190130463414.parquet
[2026-07-04T14:10:16.231+0000] {logging_mixin.py:188} INFO - Downloaded customers/date=2026-06-17/customers_190130642884.parquet -> /tmp/minio_downloads/customers_190130642884.parquet
[2026-07-04T14:10:16.270+0000] {logging_mixin.py:188} INFO - Downloaded customers/date=2026-06-17/customers_190130717184.parquet -> /tmp/minio_downloads/customers_190130717184.parquet
[2026-07-04T14:10:16.301+0000] {logging_mixin.py:188} INFO - Downloaded customers/date=2026-06-17/customers_190130808820.parquet -> /tmp/minio_downloads/customers_190130808820.parquet
[2026-07-04T14:10:16.332+0000] {logging_mixin.py:188} INFO - Downloaded customers/date=2026-06-17/customers_190130916199.parquet -> /tmp/minio_downloads/customers_190130916199.parquet
[2026-07-04T14:10:16.363+0000] {logging_mixin.py:188} INFO - Downloaded customers/date=2026-06-17/customers_190131003963.parquet -> /tmp/minio_downloads/customers_190131003963.parquet
[2026-07-04T14:10:16.392+0000] {logging_mixin.py:188} INFO - Downloaded customers/date=2026-06-17/customers_190131072490.parquet -> /tmp/minio_downloads/customers_190131072490.parquet
[2026-07-04T14:10:16.432+0000] {logging_mixin.py:188} INFO - Downloaded customers/date=2026-06-17/customers_190131132290.parquet -> /tmp/minio_downloads/customers_190131132290.parquet
[2026-07-04T14:10:16.461+0000] {logging_mixin.py:188} INFO - Downloaded customers/date=2026-06-17/customers_190131197231.parquet -> /tmp/minio_downloads/customers_190131197231.parquet
[2026-07-04T14:10:16.492+0000] {logging_mixin.py:188} INFO - Downloaded customers/date=2026-06-17/customers_190131284048.parquet -> /tmp/minio_downloads/customers_190131284048.parquet
[2026-07-04T14:10:16.523+0000] {logging_mixin.py:188} INFO - Downloaded customers/date=2026-06-17/customers_190131351632.parquet -> /tmp/minio_downloads/customers_190131351632.parquet
[2026-07-04T14:10:16.553+0000] {logging_mixin.py:188} INFO - Downloaded customers/date=2026-06-17/customers_190131412820.parquet -> /tmp/minio_downloads/customers_190131412820.parquet
[2026-07-04T14:10:16.584+0000] {logging_mixin.py:188} INFO - Downloaded customers/date=2026-06-17/customers_190131477522.parquet -> /tmp/minio_downloads/customers_190131477522.parquet
[2026-07-04T14:10:16.613+0000] {logging_mixin.py:188} INFO - Downloaded customers/date=2026-06-17/customers_190131556821.parquet -> /tmp/minio_downloads/customers_190131556821.parquet
[2026-07-04T14:10:16.641+0000] {logging_mixin.py:188} INFO - Downloaded customers/date=2026-06-17/customers_190131630829.parquet -> /tmp/minio_downloads/customers_190131630829.parquet
[2026-07-04T14:10:16.669+0000] {logging_mixin.py:188} INFO - Downloaded customers/date=2026-06-17/customers_190131759153.parquet -> /tmp/minio_downloads/customers_190131759153.parquet
[2026-07-04T14:10:16.698+0000] {logging_mixin.py:188} INFO - Downloaded customers/date=2026-06-17/customers_190131874052.parquet -> /tmp/minio_downloads/customers_190131874052.parquet
[2026-07-04T14:10:16.726+0000] {logging_mixin.py:188} INFO - Downloaded customers/date=2026-06-17/customers_190131957224.parquet -> /tmp/minio_downloads/customers_190131957224.parquet
[2026-07-04T14:10:16.757+0000] {logging_mixin.py:188} INFO - Downloaded customers/date=2026-06-17/customers_190132020731.parquet -> /tmp/minio_downloads/customers_190132020731.parquet
[2026-07-04T14:10:16.786+0000] {logging_mixin.py:188} INFO - Downloaded customers/date=2026-06-17/customers_190132095530.parquet -> /tmp/minio_downloads/customers_190132095530.parquet
[2026-07-04T14:10:16.811+0000] {logging_mixin.py:188} INFO - Downloaded customers/date=2026-06-17/customers_190132190842.parquet -> /tmp/minio_downloads/customers_190132190842.parquet
[2026-07-04T14:10:16.838+0000] {logging_mixin.py:188} INFO - Downloaded customers/date=2026-06-17/customers_190132257908.parquet -> /tmp/minio_downloads/customers_190132257908.parquet
[2026-07-04T14:10:16.865+0000] {logging_mixin.py:188} INFO - Downloaded customers/date=2026-06-17/customers_190132336735.parquet -> /tmp/minio_downloads/customers_190132336735.parquet
[2026-07-04T14:10:16.893+0000] {logging_mixin.py:188} INFO - Downloaded customers/date=2026-06-17/customers_190132397476.parquet -> /tmp/minio_downloads/customers_190132397476.parquet
[2026-07-04T14:10:16.922+0000] {logging_mixin.py:188} INFO - Downloaded customers/date=2026-06-17/customers_190132457332.parquet -> /tmp/minio_downloads/customers_190132457332.parquet
[2026-07-04T14:10:16.950+0000] {logging_mixin.py:188} INFO - Downloaded customers/date=2026-06-17/customers_190132511945.parquet -> /tmp/minio_downloads/customers_190132511945.parquet
[2026-07-04T14:10:16.976+0000] {logging_mixin.py:188} INFO - Downloaded customers/date=2026-06-17/customers_190132569070.parquet -> /tmp/minio_downloads/customers_190132569070.parquet
[2026-07-04T14:10:17.004+0000] {logging_mixin.py:188} INFO - Downloaded customers/date=2026-06-17/customers_190132629049.parquet -> /tmp/minio_downloads/customers_190132629049.parquet
[2026-07-04T14:10:17.039+0000] {logging_mixin.py:188} INFO - Downloaded customers/date=2026-06-17/customers_190132688276.parquet -> /tmp/minio_downloads/customers_190132688276.parquet
[2026-07-04T14:10:17.067+0000] {logging_mixin.py:188} INFO - Downloaded customers/date=2026-06-17/customers_190132778792.parquet -> /tmp/minio_downloads/customers_190132778792.parquet
[2026-07-04T14:10:17.093+0000] {logging_mixin.py:188} INFO - Downloaded customers/date=2026-06-17/customers_190132897929.parquet -> /tmp/minio_downloads/customers_190132897929.parquet
[2026-07-04T14:10:17.121+0000] {logging_mixin.py:188} INFO - Downloaded customers/date=2026-06-17/customers_190132989487.parquet -> /tmp/minio_downloads/customers_190132989487.parquet
[2026-07-04T14:10:17.148+0000] {logging_mixin.py:188} INFO - Downloaded customers/date=2026-06-17/customers_190133056824.parquet -> /tmp/minio_downloads/customers_190133056824.parquet
[2026-07-04T14:10:17.174+0000] {logging_mixin.py:188} INFO - Downloaded customers/date=2026-06-17/customers_190133121817.parquet -> /tmp/minio_downloads/customers_190133121817.parquet
[2026-07-04T14:10:17.201+0000] {logging_mixin.py:188} INFO - Downloaded customers/date=2026-06-17/customers_190133207008.parquet -> /tmp/minio_downloads/customers_190133207008.parquet
[2026-07-04T14:10:17.230+0000] {logging_mixin.py:188} INFO - Downloaded customers/date=2026-06-17/customers_190133294815.parquet -> /tmp/minio_downloads/customers_190133294815.parquet
[2026-07-04T14:10:17.258+0000] {logging_mixin.py:188} INFO - Downloaded customers/date=2026-06-17/customers_190133373555.parquet -> /tmp/minio_downloads/customers_190133373555.parquet
[2026-07-04T14:10:17.286+0000] {logging_mixin.py:188} INFO - Downloaded customers/date=2026-06-17/customers_190133435257.parquet -> /tmp/minio_downloads/customers_190133435257.parquet
[2026-07-04T14:10:17.314+0000] {logging_mixin.py:188} INFO - Downloaded customers/date=2026-06-17/customers_190133483896.parquet -> /tmp/minio_downloads/customers_190133483896.parquet
[2026-07-04T14:10:17.341+0000] {logging_mixin.py:188} INFO - Downloaded customers/date=2026-06-17/customers_190133536221.parquet -> /tmp/minio_downloads/customers_190133536221.parquet
[2026-07-04T14:10:17.367+0000] {logging_mixin.py:188} INFO - Downloaded customers/date=2026-06-17/customers_190133607984.parquet -> /tmp/minio_downloads/customers_190133607984.parquet
[2026-07-04T14:10:17.393+0000] {logging_mixin.py:188} INFO - Downloaded customers/date=2026-06-17/customers_190133687814.parquet -> /tmp/minio_downloads/customers_190133687814.parquet
[2026-07-04T14:10:17.425+0000] {logging_mixin.py:188} INFO - Downloaded customers/date=2026-06-17/customers_190133755829.parquet -> /tmp/minio_downloads/customers_190133755829.parquet
[2026-07-04T14:10:17.455+0000] {logging_mixin.py:188} INFO - Downloaded customers/date=2026-06-17/customers_190133820634.parquet -> /tmp/minio_downloads/customers_190133820634.parquet
[2026-07-04T14:10:17.482+0000] {logging_mixin.py:188} INFO - Downloaded customers/date=2026-06-17/customers_190133887302.parquet -> /tmp/minio_downloads/customers_190133887302.parquet
[2026-07-04T14:10:17.512+0000] {logging_mixin.py:188} INFO - Downloaded customers/date=2026-06-17/customers_190133997058.parquet -> /tmp/minio_downloads/customers_190133997058.parquet
[2026-07-04T14:10:17.541+0000] {logging_mixin.py:188} INFO - Downloaded customers/date=2026-06-17/customers_190134107120.parquet -> /tmp/minio_downloads/customers_190134107120.parquet
[2026-07-04T14:10:17.574+0000] {logging_mixin.py:188} INFO - Downloaded customers/date=2026-06-17/customers_190134177669.parquet -> /tmp/minio_downloads/customers_190134177669.parquet
[2026-07-04T14:10:17.604+0000] {logging_mixin.py:188} INFO - Downloaded customers/date=2026-06-17/customers_190134250035.parquet -> /tmp/minio_downloads/customers_190134250035.parquet
[2026-07-04T14:10:17.632+0000] {logging_mixin.py:188} INFO - Downloaded customers/date=2026-06-17/customers_190134360713.parquet -> /tmp/minio_downloads/customers_190134360713.parquet
[2026-07-04T14:10:17.660+0000] {logging_mixin.py:188} INFO - Downloaded customers/date=2026-06-17/customers_190134433874.parquet -> /tmp/minio_downloads/customers_190134433874.parquet
[2026-07-04T14:10:17.685+0000] {logging_mixin.py:188} INFO - Downloaded customers/date=2026-06-17/customers_190134494634.parquet -> /tmp/minio_downloads/customers_190134494634.parquet
[2026-07-04T14:10:17.711+0000] {logging_mixin.py:188} INFO - Downloaded customers/date=2026-06-17/customers_190134552884.parquet -> /tmp/minio_downloads/customers_190134552884.parquet
[2026-07-04T14:10:17.739+0000] {logging_mixin.py:188} INFO - Downloaded customers/date=2026-06-17/customers_190134677072.parquet -> /tmp/minio_downloads/customers_190134677072.parquet
[2026-07-04T14:10:17.765+0000] {logging_mixin.py:188} INFO - Downloaded customers/date=2026-06-17/customers_190134754871.parquet -> /tmp/minio_downloads/customers_190134754871.parquet
[2026-07-04T14:10:17.792+0000] {logging_mixin.py:188} INFO - Downloaded customers/date=2026-06-17/customers_190134813898.parquet -> /tmp/minio_downloads/customers_190134813898.parquet
[2026-07-04T14:10:17.819+0000] {logging_mixin.py:188} INFO - Downloaded customers/date=2026-06-17/customers_190134868592.parquet -> /tmp/minio_downloads/customers_190134868592.parquet
[2026-07-04T14:10:17.850+0000] {logging_mixin.py:188} INFO - Downloaded customers/date=2026-06-17/customers_190134926130.parquet -> /tmp/minio_downloads/customers_190134926130.parquet
[2026-07-04T14:10:17.884+0000] {logging_mixin.py:188} INFO - Downloaded customers/date=2026-06-17/customers_190134999617.parquet -> /tmp/minio_downloads/customers_190134999617.parquet
[2026-07-04T14:10:17.917+0000] {logging_mixin.py:188} INFO - Downloaded customers/date=2026-06-17/customers_190135107340.parquet -> /tmp/minio_downloads/customers_190135107340.parquet
[2026-07-04T14:10:17.952+0000] {logging_mixin.py:188} INFO - Downloaded customers/date=2026-06-17/customers_190135172475.parquet -> /tmp/minio_downloads/customers_190135172475.parquet
[2026-07-04T14:10:17.985+0000] {logging_mixin.py:188} INFO - Downloaded customers/date=2026-06-17/customers_190135244286.parquet -> /tmp/minio_downloads/customers_190135244286.parquet
[2026-07-04T14:10:18.016+0000] {logging_mixin.py:188} INFO - Downloaded customers/date=2026-06-17/customers_190135325711.parquet -> /tmp/minio_downloads/customers_190135325711.parquet
[2026-07-04T14:10:18.049+0000] {logging_mixin.py:188} INFO - Downloaded customers/date=2026-06-17/customers_190135429417.parquet -> /tmp/minio_downloads/customers_190135429417.parquet
[2026-07-04T14:10:18.076+0000] {logging_mixin.py:188} INFO - Downloaded customers/date=2026-06-17/customers_190135510140.parquet -> /tmp/minio_downloads/customers_190135510140.parquet
[2026-07-04T14:10:18.103+0000] {logging_mixin.py:188} INFO - Downloaded customers/date=2026-06-17/customers_190135568172.parquet -> /tmp/minio_downloads/customers_190135568172.parquet
[2026-07-04T14:10:18.129+0000] {logging_mixin.py:188} INFO - Downloaded customers/date=2026-06-17/customers_190135623504.parquet -> /tmp/minio_downloads/customers_190135623504.parquet
[2026-07-04T14:10:18.156+0000] {logging_mixin.py:188} INFO - Downloaded customers/date=2026-06-17/customers_190135674345.parquet -> /tmp/minio_downloads/customers_190135674345.parquet
[2026-07-04T14:10:18.184+0000] {logging_mixin.py:188} INFO - Downloaded customers/date=2026-06-17/customers_190135739430.parquet -> /tmp/minio_downloads/customers_190135739430.parquet
[2026-07-04T14:10:18.212+0000] {logging_mixin.py:188} INFO - Downloaded customers/date=2026-06-17/customers_190135807360.parquet -> /tmp/minio_downloads/customers_190135807360.parquet
[2026-07-04T14:10:18.241+0000] {logging_mixin.py:188} INFO - Downloaded customers/date=2026-06-17/customers_190135888235.parquet -> /tmp/minio_downloads/customers_190135888235.parquet
[2026-07-04T14:10:18.268+0000] {logging_mixin.py:188} INFO - Downloaded customers/date=2026-06-17/customers_190135947589.parquet -> /tmp/minio_downloads/customers_190135947589.parquet
[2026-07-04T14:10:18.296+0000] {logging_mixin.py:188} INFO - Downloaded customers/date=2026-06-17/customers_190135998103.parquet -> /tmp/minio_downloads/customers_190135998103.parquet
[2026-07-04T14:10:18.322+0000] {logging_mixin.py:188} INFO - Downloaded customers/date=2026-06-17/customers_190136061849.parquet -> /tmp/minio_downloads/customers_190136061849.parquet
[2026-07-04T14:10:18.350+0000] {logging_mixin.py:188} INFO - Downloaded customers/date=2026-06-17/customers_190136167996.parquet -> /tmp/minio_downloads/customers_190136167996.parquet
[2026-07-04T14:10:18.381+0000] {logging_mixin.py:188} INFO - Downloaded customers/date=2026-06-17/customers_190136257354.parquet -> /tmp/minio_downloads/customers_190136257354.parquet
[2026-07-04T14:10:18.415+0000] {logging_mixin.py:188} INFO - Downloaded customers/date=2026-06-17/customers_190136337224.parquet -> /tmp/minio_downloads/customers_190136337224.parquet
[2026-07-04T14:10:18.449+0000] {logging_mixin.py:188} INFO - Downloaded customers/date=2026-06-17/customers_190136431571.parquet -> /tmp/minio_downloads/customers_190136431571.parquet
[2026-07-04T14:10:18.482+0000] {logging_mixin.py:188} INFO - Downloaded customers/date=2026-06-17/customers_190136503854.parquet -> /tmp/minio_downloads/customers_190136503854.parquet
[2026-07-04T14:10:18.513+0000] {logging_mixin.py:188} INFO - Downloaded customers/date=2026-06-17/customers_190136560538.parquet -> /tmp/minio_downloads/customers_190136560538.parquet
[2026-07-04T14:10:18.542+0000] {logging_mixin.py:188} INFO - Downloaded customers/date=2026-06-17/customers_190136621534.parquet -> /tmp/minio_downloads/customers_190136621534.parquet
[2026-07-04T14:10:18.567+0000] {logging_mixin.py:188} INFO - Downloaded customers/date=2026-06-17/customers_190136680399.parquet -> /tmp/minio_downloads/customers_190136680399.parquet
[2026-07-04T14:10:18.593+0000] {logging_mixin.py:188} INFO - Downloaded customers/date=2026-06-17/customers_190136741933.parquet -> /tmp/minio_downloads/customers_190136741933.parquet
[2026-07-04T14:10:18.619+0000] {logging_mixin.py:188} INFO - Downloaded customers/date=2026-06-17/customers_190136820157.parquet -> /tmp/minio_downloads/customers_190136820157.parquet
[2026-07-04T14:10:18.647+0000] {logging_mixin.py:188} INFO - Downloaded customers/date=2026-06-17/customers_190136887851.parquet -> /tmp/minio_downloads/customers_190136887851.parquet
[2026-07-04T14:10:18.674+0000] {logging_mixin.py:188} INFO - Downloaded customers/date=2026-06-17/customers_190136946066.parquet -> /tmp/minio_downloads/customers_190136946066.parquet
[2026-07-04T14:10:18.700+0000] {logging_mixin.py:188} INFO - Downloaded customers/date=2026-06-17/customers_190137004434.parquet -> /tmp/minio_downloads/customers_190137004434.parquet
[2026-07-04T14:10:18.726+0000] {logging_mixin.py:188} INFO - Downloaded customers/date=2026-06-17/customers_190137101677.parquet -> /tmp/minio_downloads/customers_190137101677.parquet
[2026-07-04T14:10:18.751+0000] {logging_mixin.py:188} INFO - Downloaded customers/date=2026-06-17/customers_190137255608.parquet -> /tmp/minio_downloads/customers_190137255608.parquet
[2026-07-04T14:10:18.775+0000] {logging_mixin.py:188} INFO - Downloaded customers/date=2026-06-17/customers_190137346229.parquet -> /tmp/minio_downloads/customers_190137346229.parquet
[2026-07-04T14:10:18.799+0000] {logging_mixin.py:188} INFO - Downloaded customers/date=2026-06-17/customers_190137423200.parquet -> /tmp/minio_downloads/customers_190137423200.parquet
[2026-07-04T14:10:18.825+0000] {logging_mixin.py:188} INFO - Downloaded customers/date=2026-06-17/customers_190137525213.parquet -> /tmp/minio_downloads/customers_190137525213.parquet
[2026-07-04T14:10:18.852+0000] {logging_mixin.py:188} INFO - Downloaded customers/date=2026-06-17/customers_190137610662.parquet -> /tmp/minio_downloads/customers_190137610662.parquet
[2026-07-04T14:10:18.882+0000] {logging_mixin.py:188} INFO - Downloaded customers/date=2026-06-17/customers_190137678559.parquet -> /tmp/minio_downloads/customers_190137678559.parquet
[2026-07-04T14:10:18.909+0000] {logging_mixin.py:188} INFO - Downloaded customers/date=2026-06-17/customers_190137736461.parquet -> /tmp/minio_downloads/customers_190137736461.parquet
[2026-07-04T14:10:18.937+0000] {logging_mixin.py:188} INFO - Downloaded customers/date=2026-06-17/customers_190137787947.parquet -> /tmp/minio_downloads/customers_190137787947.parquet
[2026-07-04T14:10:18.963+0000] {logging_mixin.py:188} INFO - Downloaded customers/date=2026-06-17/customers_190137839219.parquet -> /tmp/minio_downloads/customers_190137839219.parquet
[2026-07-04T14:10:18.988+0000] {logging_mixin.py:188} INFO - Downloaded customers/date=2026-06-17/customers_190137888382.parquet -> /tmp/minio_downloads/customers_190137888382.parquet
[2026-07-04T14:10:19.015+0000] {logging_mixin.py:188} INFO - Downloaded customers/date=2026-06-17/customers_190137935832.parquet -> /tmp/minio_downloads/customers_190137935832.parquet
[2026-07-04T14:10:19.043+0000] {logging_mixin.py:188} INFO - Downloaded customers/date=2026-06-17/customers_190137986486.parquet -> /tmp/minio_downloads/customers_190137986486.parquet
[2026-07-04T14:10:19.068+0000] {logging_mixin.py:188} INFO - Downloaded customers/date=2026-06-17/customers_190138038505.parquet -> /tmp/minio_downloads/customers_190138038505.parquet
[2026-07-04T14:10:19.093+0000] {logging_mixin.py:188} INFO - Downloaded customers/date=2026-06-17/customers_190138107616.parquet -> /tmp/minio_downloads/customers_190138107616.parquet
[2026-07-04T14:10:19.117+0000] {logging_mixin.py:188} INFO - Downloaded customers/date=2026-06-17/customers_190138169555.parquet -> /tmp/minio_downloads/customers_190138169555.parquet
[2026-07-04T14:10:19.145+0000] {logging_mixin.py:188} INFO - Downloaded customers/date=2026-06-17/customers_190138226465.parquet -> /tmp/minio_downloads/customers_190138226465.parquet
[2026-07-04T14:10:19.176+0000] {logging_mixin.py:188} INFO - Downloaded customers/date=2026-06-17/customers_190138304921.parquet -> /tmp/minio_downloads/customers_190138304921.parquet
[2026-07-04T14:10:19.203+0000] {logging_mixin.py:188} INFO - Downloaded customers/date=2026-06-17/customers_190138364174.parquet -> /tmp/minio_downloads/customers_190138364174.parquet
[2026-07-04T14:10:19.229+0000] {logging_mixin.py:188} INFO - Downloaded customers/date=2026-06-17/customers_190138432863.parquet -> /tmp/minio_downloads/customers_190138432863.parquet
[2026-07-04T14:10:19.255+0000] {logging_mixin.py:188} INFO - Downloaded customers/date=2026-06-17/customers_190138495682.parquet -> /tmp/minio_downloads/customers_190138495682.parquet
[2026-07-04T14:10:19.280+0000] {logging_mixin.py:188} INFO - Downloaded customers/date=2026-06-17/customers_190138578969.parquet -> /tmp/minio_downloads/customers_190138578969.parquet
[2026-07-04T14:10:19.304+0000] {logging_mixin.py:188} INFO - Downloaded customers/date=2026-06-17/customers_190138651839.parquet -> /tmp/minio_downloads/customers_190138651839.parquet
[2026-07-04T14:10:19.327+0000] {logging_mixin.py:188} INFO - Downloaded customers/date=2026-06-17/customers_190138721874.parquet -> /tmp/minio_downloads/customers_190138721874.parquet
[2026-07-04T14:10:19.351+0000] {logging_mixin.py:188} INFO - Downloaded customers/date=2026-06-17/customers_190138789535.parquet -> /tmp/minio_downloads/customers_190138789535.parquet
[2026-07-04T14:10:19.375+0000] {logging_mixin.py:188} INFO - Downloaded customers/date=2026-06-17/customers_190138845434.parquet -> /tmp/minio_downloads/customers_190138845434.parquet
[2026-07-04T14:10:19.399+0000] {logging_mixin.py:188} INFO - Downloaded customers/date=2026-06-17/customers_190138905662.parquet -> /tmp/minio_downloads/customers_190138905662.parquet
[2026-07-04T14:10:19.423+0000] {logging_mixin.py:188} INFO - Downloaded customers/date=2026-06-17/customers_190138968687.parquet -> /tmp/minio_downloads/customers_190138968687.parquet
[2026-07-04T14:10:19.448+0000] {logging_mixin.py:188} INFO - Downloaded customers/date=2026-06-17/customers_190139031810.parquet -> /tmp/minio_downloads/customers_190139031810.parquet
[2026-07-04T14:10:19.472+0000] {logging_mixin.py:188} INFO - Downloaded customers/date=2026-06-17/customers_190139087380.parquet -> /tmp/minio_downloads/customers_190139087380.parquet
[2026-07-04T14:10:19.497+0000] {logging_mixin.py:188} INFO - Downloaded customers/date=2026-06-17/customers_190139142629.parquet -> /tmp/minio_downloads/customers_190139142629.parquet
[2026-07-04T14:10:19.520+0000] {logging_mixin.py:188} INFO - Downloaded customers/date=2026-06-17/customers_190139224460.parquet -> /tmp/minio_downloads/customers_190139224460.parquet
[2026-07-04T14:10:19.544+0000] {logging_mixin.py:188} INFO - Downloaded customers/date=2026-06-17/customers_190139336847.parquet -> /tmp/minio_downloads/customers_190139336847.parquet
[2026-07-04T14:10:19.569+0000] {logging_mixin.py:188} INFO - Downloaded customers/date=2026-06-17/customers_190139446805.parquet -> /tmp/minio_downloads/customers_190139446805.parquet
[2026-07-04T14:10:19.593+0000] {logging_mixin.py:188} INFO - Downloaded customers/date=2026-06-17/customers_190139537292.parquet -> /tmp/minio_downloads/customers_190139537292.parquet
[2026-07-04T14:10:19.615+0000] {logging_mixin.py:188} INFO - Downloaded customers/date=2026-06-17/customers_190139614237.parquet -> /tmp/minio_downloads/customers_190139614237.parquet
[2026-07-04T14:10:19.640+0000] {logging_mixin.py:188} INFO - Downloaded customers/date=2026-06-17/customers_190139685084.parquet -> /tmp/minio_downloads/customers_190139685084.parquet
[2026-07-04T14:10:19.663+0000] {logging_mixin.py:188} INFO - Downloaded customers/date=2026-06-17/customers_190139752979.parquet -> /tmp/minio_downloads/customers_190139752979.parquet
[2026-07-04T14:10:19.685+0000] {logging_mixin.py:188} INFO - Downloaded customers/date=2026-06-17/customers_190139809536.parquet -> /tmp/minio_downloads/customers_190139809536.parquet
[2026-07-04T14:10:19.709+0000] {logging_mixin.py:188} INFO - Downloaded customers/date=2026-06-17/customers_190139865207.parquet -> /tmp/minio_downloads/customers_190139865207.parquet
[2026-07-04T14:10:19.732+0000] {logging_mixin.py:188} INFO - Downloaded customers/date=2026-06-17/customers_190139920838.parquet -> /tmp/minio_downloads/customers_190139920838.parquet
[2026-07-04T14:10:19.756+0000] {logging_mixin.py:188} INFO - Downloaded customers/date=2026-06-17/customers_190140018171.parquet -> /tmp/minio_downloads/customers_190140018171.parquet
[2026-07-04T14:10:19.778+0000] {logging_mixin.py:188} INFO - Downloaded customers/date=2026-06-17/customers_190140106906.parquet -> /tmp/minio_downloads/customers_190140106906.parquet
[2026-07-04T14:10:19.800+0000] {logging_mixin.py:188} INFO - Downloaded customers/date=2026-06-17/customers_190140180645.parquet -> /tmp/minio_downloads/customers_190140180645.parquet
[2026-07-04T14:10:19.823+0000] {logging_mixin.py:188} INFO - Downloaded customers/date=2026-06-17/customers_190140245926.parquet -> /tmp/minio_downloads/customers_190140245926.parquet
[2026-07-04T14:10:19.845+0000] {logging_mixin.py:188} INFO - Downloaded customers/date=2026-06-17/customers_190140303625.parquet -> /tmp/minio_downloads/customers_190140303625.parquet
[2026-07-04T14:10:19.867+0000] {logging_mixin.py:188} INFO - Downloaded customers/date=2026-06-17/customers_190140373289.parquet -> /tmp/minio_downloads/customers_190140373289.parquet
[2026-07-04T14:10:19.889+0000] {logging_mixin.py:188} INFO - Downloaded customers/date=2026-06-17/customers_190140482555.parquet -> /tmp/minio_downloads/customers_190140482555.parquet
[2026-07-04T14:10:19.911+0000] {logging_mixin.py:188} INFO - Downloaded customers/date=2026-06-17/customers_190140574962.parquet -> /tmp/minio_downloads/customers_190140574962.parquet
[2026-07-04T14:10:19.935+0000] {logging_mixin.py:188} INFO - Downloaded customers/date=2026-06-17/customers_190140645381.parquet -> /tmp/minio_downloads/customers_190140645381.parquet
[2026-07-04T14:10:19.961+0000] {logging_mixin.py:188} INFO - Downloaded customers/date=2026-06-17/customers_190140714886.parquet -> /tmp/minio_downloads/customers_190140714886.parquet
[2026-07-04T14:10:19.983+0000] {logging_mixin.py:188} INFO - Downloaded customers/date=2026-06-17/customers_190140792916.parquet -> /tmp/minio_downloads/customers_190140792916.parquet
[2026-07-04T14:10:20.007+0000] {logging_mixin.py:188} INFO - Downloaded customers/date=2026-06-17/customers_190140855292.parquet -> /tmp/minio_downloads/customers_190140855292.parquet
[2026-07-04T14:10:20.031+0000] {logging_mixin.py:188} INFO - Downloaded customers/date=2026-06-17/customers_190140915544.parquet -> /tmp/minio_downloads/customers_190140915544.parquet
[2026-07-04T14:10:20.056+0000] {logging_mixin.py:188} INFO - Downloaded customers/date=2026-06-17/customers_190140970565.parquet -> /tmp/minio_downloads/customers_190140970565.parquet
[2026-07-04T14:10:20.081+0000] {logging_mixin.py:188} INFO - Downloaded customers/date=2026-06-17/customers_190141025800.parquet -> /tmp/minio_downloads/customers_190141025800.parquet
[2026-07-04T14:10:20.105+0000] {logging_mixin.py:188} INFO - Downloaded customers/date=2026-06-17/customers_190141085798.parquet -> /tmp/minio_downloads/customers_190141085798.parquet
[2026-07-04T14:10:20.128+0000] {logging_mixin.py:188} INFO - Downloaded customers/date=2026-06-17/customers_190141143360.parquet -> /tmp/minio_downloads/customers_190141143360.parquet
[2026-07-04T14:10:20.151+0000] {logging_mixin.py:188} INFO - Downloaded customers/date=2026-06-17/customers_190141207606.parquet -> /tmp/minio_downloads/customers_190141207606.parquet
[2026-07-04T14:10:20.174+0000] {logging_mixin.py:188} INFO - Downloaded customers/date=2026-06-17/customers_190141272924.parquet -> /tmp/minio_downloads/customers_190141272924.parquet
[2026-07-04T14:10:20.203+0000] {logging_mixin.py:188} INFO - Downloaded customers/date=2026-06-17/customers_190141331653.parquet -> /tmp/minio_downloads/customers_190141331653.parquet
[2026-07-04T14:10:20.238+0000] {logging_mixin.py:188} INFO - Downloaded customers/date=2026-06-17/customers_190141384064.parquet -> /tmp/minio_downloads/customers_190141384064.parquet
[2026-07-04T14:10:20.271+0000] {logging_mixin.py:188} INFO - Downloaded customers/date=2026-06-17/customers_190141452758.parquet -> /tmp/minio_downloads/customers_190141452758.parquet
[2026-07-04T14:10:20.304+0000] {logging_mixin.py:188} INFO - Downloaded customers/date=2026-06-17/customers_190141523955.parquet -> /tmp/minio_downloads/customers_190141523955.parquet
[2026-07-04T14:10:20.334+0000] {logging_mixin.py:188} INFO - Downloaded customers/date=2026-06-17/customers_190141601091.parquet -> /tmp/minio_downloads/customers_190141601091.parquet
[2026-07-04T14:10:20.365+0000] {logging_mixin.py:188} INFO - Downloaded customers/date=2026-06-17/customers_190141666860.parquet -> /tmp/minio_downloads/customers_190141666860.parquet
[2026-07-04T14:10:20.393+0000] {logging_mixin.py:188} INFO - Downloaded customers/date=2026-06-17/customers_190141734317.parquet -> /tmp/minio_downloads/customers_190141734317.parquet
[2026-07-04T14:10:20.422+0000] {logging_mixin.py:188} INFO - Downloaded customers/date=2026-06-17/customers_190141797223.parquet -> /tmp/minio_downloads/customers_190141797223.parquet
[2026-07-04T14:10:20.452+0000] {logging_mixin.py:188} INFO - Downloaded customers/date=2026-06-17/customers_190141855437.parquet -> /tmp/minio_downloads/customers_190141855437.parquet
[2026-07-04T14:10:20.483+0000] {logging_mixin.py:188} INFO - Downloaded customers/date=2026-06-17/customers_190141909809.parquet -> /tmp/minio_downloads/customers_190141909809.parquet
[2026-07-04T14:10:20.508+0000] {logging_mixin.py:188} INFO - Downloaded customers/date=2026-06-17/customers_190141963132.parquet -> /tmp/minio_downloads/customers_190141963132.parquet
[2026-07-04T14:10:20.531+0000] {logging_mixin.py:188} INFO - Downloaded customers/date=2026-06-17/customers_190142031820.parquet -> /tmp/minio_downloads/customers_190142031820.parquet
[2026-07-04T14:10:20.555+0000] {logging_mixin.py:188} INFO - Downloaded customers/date=2026-06-17/customers_190142133562.parquet -> /tmp/minio_downloads/customers_190142133562.parquet
[2026-07-04T14:10:20.577+0000] {logging_mixin.py:188} INFO - Downloaded customers/date=2026-06-17/customers_190142200156.parquet -> /tmp/minio_downloads/customers_190142200156.parquet
[2026-07-04T14:10:20.602+0000] {logging_mixin.py:188} INFO - Downloaded customers/date=2026-06-17/customers_190142276412.parquet -> /tmp/minio_downloads/customers_190142276412.parquet
[2026-07-04T14:10:20.627+0000] {logging_mixin.py:188} INFO - Downloaded customers/date=2026-06-17/customers_190142357783.parquet -> /tmp/minio_downloads/customers_190142357783.parquet
[2026-07-04T14:10:20.649+0000] {logging_mixin.py:188} INFO - Downloaded customers/date=2026-06-17/customers_190142437611.parquet -> /tmp/minio_downloads/customers_190142437611.parquet
[2026-07-04T14:10:20.671+0000] {logging_mixin.py:188} INFO - Downloaded customers/date=2026-06-17/customers_190142517058.parquet -> /tmp/minio_downloads/customers_190142517058.parquet
[2026-07-04T14:10:20.695+0000] {logging_mixin.py:188} INFO - Downloaded customers/date=2026-06-17/customers_190142591045.parquet -> /tmp/minio_downloads/customers_190142591045.parquet
[2026-07-04T14:10:20.717+0000] {logging_mixin.py:188} INFO - Downloaded customers/date=2026-06-17/customers_190142671609.parquet -> /tmp/minio_downloads/customers_190142671609.parquet
[2026-07-04T14:10:20.739+0000] {logging_mixin.py:188} INFO - Downloaded customers/date=2026-06-17/customers_190142733046.parquet -> /tmp/minio_downloads/customers_190142733046.parquet
[2026-07-04T14:10:20.761+0000] {logging_mixin.py:188} INFO - Downloaded customers/date=2026-06-17/customers_190142868857.parquet -> /tmp/minio_downloads/customers_190142868857.parquet
[2026-07-04T14:10:20.784+0000] {logging_mixin.py:188} INFO - Downloaded customers/date=2026-06-17/customers_190143012723.parquet -> /tmp/minio_downloads/customers_190143012723.parquet
[2026-07-04T14:10:20.807+0000] {logging_mixin.py:188} INFO - Downloaded customers/date=2026-06-17/customers_190143114526.parquet -> /tmp/minio_downloads/customers_190143114526.parquet
[2026-07-04T14:10:20.829+0000] {logging_mixin.py:188} INFO - Downloaded customers/date=2026-06-17/customers_190143210657.parquet -> /tmp/minio_downloads/customers_190143210657.parquet
[2026-07-04T14:10:20.850+0000] {logging_mixin.py:188} INFO - Downloaded customers/date=2026-06-17/customers_190143266079.parquet -> /tmp/minio_downloads/customers_190143266079.parquet
[2026-07-04T14:10:20.873+0000] {logging_mixin.py:188} INFO - Downloaded customers/date=2026-06-17/customers_190143342983.parquet -> /tmp/minio_downloads/customers_190143342983.parquet
[2026-07-04T14:10:20.895+0000] {logging_mixin.py:188} INFO - Downloaded customers/date=2026-06-17/customers_190143422918.parquet -> /tmp/minio_downloads/customers_190143422918.parquet
[2026-07-04T14:10:20.917+0000] {logging_mixin.py:188} INFO - Downloaded customers/date=2026-06-17/customers_190143486297.parquet -> /tmp/minio_downloads/customers_190143486297.parquet
[2026-07-04T14:10:20.939+0000] {logging_mixin.py:188} INFO - Downloaded customers/date=2026-06-17/customers_190143554839.parquet -> /tmp/minio_downloads/customers_190143554839.parquet
[2026-07-04T14:10:20.960+0000] {logging_mixin.py:188} INFO - Downloaded customers/date=2026-06-17/customers_190143631809.parquet -> /tmp/minio_downloads/customers_190143631809.parquet
[2026-07-04T14:10:20.982+0000] {logging_mixin.py:188} INFO - Downloaded customers/date=2026-06-17/customers_190143720153.parquet -> /tmp/minio_downloads/customers_190143720153.parquet
[2026-07-04T14:10:21.005+0000] {logging_mixin.py:188} INFO - Downloaded customers/date=2026-06-17/customers_190143814757.parquet -> /tmp/minio_downloads/customers_190143814757.parquet
[2026-07-04T14:10:21.026+0000] {logging_mixin.py:188} INFO - Downloaded customers/date=2026-06-17/customers_190143914687.parquet -> /tmp/minio_downloads/customers_190143914687.parquet
[2026-07-04T14:10:21.048+0000] {logging_mixin.py:188} INFO - Downloaded customers/date=2026-06-17/customers_190144016870.parquet -> /tmp/minio_downloads/customers_190144016870.parquet
[2026-07-04T14:10:21.071+0000] {logging_mixin.py:188} INFO - Downloaded customers/date=2026-06-17/customers_190144097760.parquet -> /tmp/minio_downloads/customers_190144097760.parquet
[2026-07-04T14:10:21.093+0000] {logging_mixin.py:188} INFO - Downloaded customers/date=2026-06-17/customers_190144165362.parquet -> /tmp/minio_downloads/customers_190144165362.parquet
[2026-07-04T14:10:21.114+0000] {logging_mixin.py:188} INFO - Downloaded customers/date=2026-06-17/customers_190144219895.parquet -> /tmp/minio_downloads/customers_190144219895.parquet
[2026-07-04T14:10:21.135+0000] {logging_mixin.py:188} INFO - Downloaded customers/date=2026-06-17/customers_190144276140.parquet -> /tmp/minio_downloads/customers_190144276140.parquet
[2026-07-04T14:10:21.156+0000] {logging_mixin.py:188} INFO - Downloaded customers/date=2026-06-17/customers_190144335636.parquet -> /tmp/minio_downloads/customers_190144335636.parquet
[2026-07-04T14:10:21.178+0000] {logging_mixin.py:188} INFO - Downloaded customers/date=2026-06-17/customers_190144391424.parquet -> /tmp/minio_downloads/customers_190144391424.parquet
[2026-07-04T14:10:21.198+0000] {logging_mixin.py:188} INFO - Downloaded customers/date=2026-06-17/customers_190144468677.parquet -> /tmp/minio_downloads/customers_190144468677.parquet
[2026-07-04T14:10:21.220+0000] {logging_mixin.py:188} INFO - Downloaded customers/date=2026-06-17/customers_190144557018.parquet -> /tmp/minio_downloads/customers_190144557018.parquet
[2026-07-04T14:10:21.241+0000] {logging_mixin.py:188} INFO - Downloaded customers/date=2026-06-17/customers_190144678194.parquet -> /tmp/minio_downloads/customers_190144678194.parquet
[2026-07-04T14:10:21.262+0000] {logging_mixin.py:188} INFO - Downloaded customers/date=2026-06-17/customers_190144790046.parquet -> /tmp/minio_downloads/customers_190144790046.parquet
[2026-07-04T14:10:21.284+0000] {logging_mixin.py:188} INFO - Downloaded customers/date=2026-06-17/customers_190144876994.parquet -> /tmp/minio_downloads/customers_190144876994.parquet
[2026-07-04T14:10:21.307+0000] {logging_mixin.py:188} INFO - Downloaded customers/date=2026-06-17/customers_190144948552.parquet -> /tmp/minio_downloads/customers_190144948552.parquet
[2026-07-04T14:10:21.328+0000] {logging_mixin.py:188} INFO - Downloaded customers/date=2026-06-17/customers_190145016670.parquet -> /tmp/minio_downloads/customers_190145016670.parquet
[2026-07-04T14:10:21.349+0000] {logging_mixin.py:188} INFO - Downloaded customers/date=2026-06-17/customers_190145082851.parquet -> /tmp/minio_downloads/customers_190145082851.parquet
[2026-07-04T14:10:21.370+0000] {logging_mixin.py:188} INFO - Downloaded customers/date=2026-06-17/customers_190145145106.parquet -> /tmp/minio_downloads/customers_190145145106.parquet
[2026-07-04T14:10:21.391+0000] {logging_mixin.py:188} INFO - Downloaded customers/date=2026-06-17/customers_190145209849.parquet -> /tmp/minio_downloads/customers_190145209849.parquet
[2026-07-04T14:10:21.411+0000] {logging_mixin.py:188} INFO - Downloaded customers/date=2026-06-17/customers_190145274355.parquet -> /tmp/minio_downloads/customers_190145274355.parquet
[2026-07-04T14:10:21.433+0000] {logging_mixin.py:188} INFO - Downloaded customers/date=2026-06-17/customers_190145335174.parquet -> /tmp/minio_downloads/customers_190145335174.parquet
[2026-07-04T14:10:21.456+0000] {logging_mixin.py:188} INFO - Downloaded customers/date=2026-06-17/customers_190145391987.parquet -> /tmp/minio_downloads/customers_190145391987.parquet
[2026-07-04T14:10:21.477+0000] {logging_mixin.py:188} INFO - Downloaded customers/date=2026-06-17/customers_190145449141.parquet -> /tmp/minio_downloads/customers_190145449141.parquet
[2026-07-04T14:10:21.498+0000] {logging_mixin.py:188} INFO - Downloaded customers/date=2026-06-17/customers_190145517234.parquet -> /tmp/minio_downloads/customers_190145517234.parquet
[2026-07-04T14:10:21.520+0000] {logging_mixin.py:188} INFO - Downloaded customers/date=2026-06-17/customers_190145574072.parquet -> /tmp/minio_downloads/customers_190145574072.parquet
[2026-07-04T14:10:21.540+0000] {logging_mixin.py:188} INFO - Downloaded customers/date=2026-06-17/customers_190145633431.parquet -> /tmp/minio_downloads/customers_190145633431.parquet
[2026-07-04T14:10:21.561+0000] {logging_mixin.py:188} INFO - Downloaded customers/date=2026-06-17/customers_190534056791.parquet -> /tmp/minio_downloads/customers_190534056791.parquet
[2026-07-04T14:10:21.582+0000] {logging_mixin.py:188} INFO - Downloaded customers/date=2026-06-17/customers_190534138913.parquet -> /tmp/minio_downloads/customers_190534138913.parquet
[2026-07-04T14:10:21.603+0000] {logging_mixin.py:188} INFO - Downloaded customers/date=2026-06-17/customers_190534229894.parquet -> /tmp/minio_downloads/customers_190534229894.parquet
[2026-07-04T14:10:21.624+0000] {logging_mixin.py:188} INFO - Downloaded customers/date=2026-06-17/customers_190534306790.parquet -> /tmp/minio_downloads/customers_190534306790.parquet
[2026-07-04T14:10:21.645+0000] {logging_mixin.py:188} INFO - Downloaded customers/date=2026-06-17/customers_190534388373.parquet -> /tmp/minio_downloads/customers_190534388373.parquet
[2026-07-04T14:10:21.665+0000] {logging_mixin.py:188} INFO - Downloaded customers/date=2026-06-17/customers_190534488935.parquet -> /tmp/minio_downloads/customers_190534488935.parquet
[2026-07-04T14:10:21.686+0000] {logging_mixin.py:188} INFO - Downloaded customers/date=2026-06-17/customers_190534569834.parquet -> /tmp/minio_downloads/customers_190534569834.parquet
[2026-07-04T14:10:21.706+0000] {logging_mixin.py:188} INFO - Downloaded customers/date=2026-06-17/customers_190534670967.parquet -> /tmp/minio_downloads/customers_190534670967.parquet
[2026-07-04T14:10:21.727+0000] {logging_mixin.py:188} INFO - Downloaded customers/date=2026-06-17/customers_190534749320.parquet -> /tmp/minio_downloads/customers_190534749320.parquet
[2026-07-04T14:10:21.747+0000] {logging_mixin.py:188} INFO - Downloaded customers/date=2026-06-17/customers_190534820934.parquet -> /tmp/minio_downloads/customers_190534820934.parquet
[2026-07-04T14:10:21.768+0000] {logging_mixin.py:188} INFO - Downloaded customers/date=2026-06-17/customers_190534904719.parquet -> /tmp/minio_downloads/customers_190534904719.parquet
[2026-07-04T14:10:21.787+0000] {logging_mixin.py:188} INFO - Downloaded customers/date=2026-06-17/customers_190534971629.parquet -> /tmp/minio_downloads/customers_190534971629.parquet
[2026-07-04T14:10:21.808+0000] {logging_mixin.py:188} INFO - Downloaded customers/date=2026-06-17/customers_190535042505.parquet -> /tmp/minio_downloads/customers_190535042505.parquet
[2026-07-04T14:10:21.829+0000] {logging_mixin.py:188} INFO - Downloaded customers/date=2026-06-17/customers_190535119196.parquet -> /tmp/minio_downloads/customers_190535119196.parquet
[2026-07-04T14:10:21.851+0000] {logging_mixin.py:188} INFO - Downloaded customers/date=2026-06-17/customers_190535229129.parquet -> /tmp/minio_downloads/customers_190535229129.parquet
[2026-07-04T14:10:21.877+0000] {logging_mixin.py:188} INFO - Downloaded customers/date=2026-06-17/customers_190535309317.parquet -> /tmp/minio_downloads/customers_190535309317.parquet
[2026-07-04T14:10:21.901+0000] {logging_mixin.py:188} INFO - Downloaded customers/date=2026-06-17/customers_190535384613.parquet -> /tmp/minio_downloads/customers_190535384613.parquet
[2026-07-04T14:10:21.923+0000] {logging_mixin.py:188} INFO - Downloaded customers/date=2026-06-17/customers_190535464854.parquet -> /tmp/minio_downloads/customers_190535464854.parquet
[2026-07-04T14:10:21.944+0000] {logging_mixin.py:188} INFO - Downloaded customers/date=2026-06-17/customers_190535532848.parquet -> /tmp/minio_downloads/customers_190535532848.parquet
[2026-07-04T14:10:21.965+0000] {logging_mixin.py:188} INFO - Downloaded customers/date=2026-06-17/customers_190535602948.parquet -> /tmp/minio_downloads/customers_190535602948.parquet
[2026-07-04T14:10:21.985+0000] {logging_mixin.py:188} INFO - Downloaded customers/date=2026-06-17/customers_190535690478.parquet -> /tmp/minio_downloads/customers_190535690478.parquet
[2026-07-04T14:10:22.007+0000] {logging_mixin.py:188} INFO - Downloaded customers/date=2026-06-17/customers_190535780849.parquet -> /tmp/minio_downloads/customers_190535780849.parquet
[2026-07-04T14:10:22.028+0000] {logging_mixin.py:188} INFO - Downloaded customers/date=2026-06-17/customers_190535851658.parquet -> /tmp/minio_downloads/customers_190535851658.parquet
[2026-07-04T14:10:22.050+0000] {logging_mixin.py:188} INFO - Downloaded customers/date=2026-06-17/customers_190535925295.parquet -> /tmp/minio_downloads/customers_190535925295.parquet
[2026-07-04T14:10:22.072+0000] {logging_mixin.py:188} INFO - Downloaded customers/date=2026-06-17/customers_190535997859.parquet -> /tmp/minio_downloads/customers_190535997859.parquet
[2026-07-04T14:10:22.093+0000] {logging_mixin.py:188} INFO - Downloaded customers/date=2026-06-17/customers_190536086075.parquet -> /tmp/minio_downloads/customers_190536086075.parquet
[2026-07-04T14:10:22.114+0000] {logging_mixin.py:188} INFO - Downloaded customers/date=2026-06-17/customers_190536180505.parquet -> /tmp/minio_downloads/customers_190536180505.parquet
[2026-07-04T14:10:22.138+0000] {logging_mixin.py:188} INFO - Downloaded customers/date=2026-06-17/customers_190536278448.parquet -> /tmp/minio_downloads/customers_190536278448.parquet
[2026-07-04T14:10:22.164+0000] {logging_mixin.py:188} INFO - Downloaded customers/date=2026-06-17/customers_190536373125.parquet -> /tmp/minio_downloads/customers_190536373125.parquet
[2026-07-04T14:10:22.186+0000] {logging_mixin.py:188} INFO - Downloaded customers/date=2026-06-17/customers_190536467464.parquet -> /tmp/minio_downloads/customers_190536467464.parquet
[2026-07-04T14:10:22.209+0000] {logging_mixin.py:188} INFO - Downloaded customers/date=2026-06-17/customers_190536549057.parquet -> /tmp/minio_downloads/customers_190536549057.parquet
[2026-07-04T14:10:22.233+0000] {logging_mixin.py:188} INFO - Downloaded customers/date=2026-06-17/customers_190536620054.parquet -> /tmp/minio_downloads/customers_190536620054.parquet
[2026-07-04T14:10:22.255+0000] {logging_mixin.py:188} INFO - Downloaded customers/date=2026-06-17/customers_190536699784.parquet -> /tmp/minio_downloads/customers_190536699784.parquet
[2026-07-04T14:10:22.278+0000] {logging_mixin.py:188} INFO - Downloaded customers/date=2026-06-17/customers_190536806645.parquet -> /tmp/minio_downloads/customers_190536806645.parquet
[2026-07-04T14:10:22.300+0000] {logging_mixin.py:188} INFO - Downloaded customers/date=2026-06-17/customers_190536898613.parquet -> /tmp/minio_downloads/customers_190536898613.parquet
[2026-07-04T14:10:22.325+0000] {logging_mixin.py:188} INFO - Downloaded customers/date=2026-06-17/customers_190536988001.parquet -> /tmp/minio_downloads/customers_190536988001.parquet
[2026-07-04T14:10:22.349+0000] {logging_mixin.py:188} INFO - Downloaded customers/date=2026-06-17/customers_190537077442.parquet -> /tmp/minio_downloads/customers_190537077442.parquet
[2026-07-04T14:10:22.374+0000] {logging_mixin.py:188} INFO - Downloaded customers/date=2026-06-17/customers_190537171845.parquet -> /tmp/minio_downloads/customers_190537171845.parquet
[2026-07-04T14:10:22.395+0000] {logging_mixin.py:188} INFO - Downloaded customers/date=2026-06-17/customers_190537264699.parquet -> /tmp/minio_downloads/customers_190537264699.parquet
[2026-07-04T14:10:22.417+0000] {logging_mixin.py:188} INFO - Downloaded customers/date=2026-06-17/customers_190537351041.parquet -> /tmp/minio_downloads/customers_190537351041.parquet
[2026-07-04T14:10:22.438+0000] {logging_mixin.py:188} INFO - Downloaded customers/date=2026-06-17/customers_190537453087.parquet -> /tmp/minio_downloads/customers_190537453087.parquet
[2026-07-04T14:10:22.461+0000] {logging_mixin.py:188} INFO - Downloaded customers/date=2026-06-17/customers_190537539317.parquet -> /tmp/minio_downloads/customers_190537539317.parquet
[2026-07-04T14:10:22.482+0000] {logging_mixin.py:188} INFO - Downloaded customers/date=2026-06-17/customers_190537628958.parquet -> /tmp/minio_downloads/customers_190537628958.parquet
[2026-07-04T14:10:22.504+0000] {logging_mixin.py:188} INFO - Downloaded customers/date=2026-06-17/customers_190537698926.parquet -> /tmp/minio_downloads/customers_190537698926.parquet
[2026-07-04T14:10:22.525+0000] {logging_mixin.py:188} INFO - Downloaded customers/date=2026-06-17/customers_190537782859.parquet -> /tmp/minio_downloads/customers_190537782859.parquet
[2026-07-04T14:10:22.545+0000] {logging_mixin.py:188} INFO - Downloaded customers/date=2026-06-17/customers_190537864698.parquet -> /tmp/minio_downloads/customers_190537864698.parquet
[2026-07-04T14:10:22.566+0000] {logging_mixin.py:188} INFO - Downloaded customers/date=2026-06-17/customers_190537966412.parquet -> /tmp/minio_downloads/customers_190537966412.parquet
[2026-07-04T14:10:22.587+0000] {logging_mixin.py:188} INFO - Downloaded customers/date=2026-06-17/customers_190538051554.parquet -> /tmp/minio_downloads/customers_190538051554.parquet
[2026-07-04T14:10:22.607+0000] {logging_mixin.py:188} INFO - Downloaded customers/date=2026-06-17/customers_190538139232.parquet -> /tmp/minio_downloads/customers_190538139232.parquet
[2026-07-04T14:10:22.627+0000] {logging_mixin.py:188} INFO - Downloaded customers/date=2026-06-17/customers_190538238838.parquet -> /tmp/minio_downloads/customers_190538238838.parquet
[2026-07-04T14:10:22.648+0000] {logging_mixin.py:188} INFO - Downloaded customers/date=2026-06-17/customers_190538319208.parquet -> /tmp/minio_downloads/customers_190538319208.parquet
[2026-07-04T14:10:22.670+0000] {logging_mixin.py:188} INFO - Downloaded customers/date=2026-06-17/customers_190538401542.parquet -> /tmp/minio_downloads/customers_190538401542.parquet
[2026-07-04T14:10:22.690+0000] {logging_mixin.py:188} INFO - Downloaded customers/date=2026-06-17/customers_190538520453.parquet -> /tmp/minio_downloads/customers_190538520453.parquet
[2026-07-04T14:10:22.712+0000] {logging_mixin.py:188} INFO - Downloaded customers/date=2026-06-17/customers_190538622560.parquet -> /tmp/minio_downloads/customers_190538622560.parquet
[2026-07-04T14:10:22.733+0000] {logging_mixin.py:188} INFO - Downloaded customers/date=2026-06-17/customers_190538754722.parquet -> /tmp/minio_downloads/customers_190538754722.parquet
[2026-07-04T14:10:22.756+0000] {logging_mixin.py:188} INFO - Downloaded customers/date=2026-06-17/customers_190538851756.parquet -> /tmp/minio_downloads/customers_190538851756.parquet
[2026-07-04T14:10:22.776+0000] {logging_mixin.py:188} INFO - Downloaded customers/date=2026-06-17/customers_190538932465.parquet -> /tmp/minio_downloads/customers_190538932465.parquet
[2026-07-04T14:10:22.798+0000] {logging_mixin.py:188} INFO - Downloaded customers/date=2026-06-17/customers_190539034113.parquet -> /tmp/minio_downloads/customers_190539034113.parquet
[2026-07-04T14:10:22.819+0000] {logging_mixin.py:188} INFO - Downloaded customers/date=2026-06-17/customers_190539123794.parquet -> /tmp/minio_downloads/customers_190539123794.parquet
[2026-07-04T14:10:22.841+0000] {logging_mixin.py:188} INFO - Downloaded customers/date=2026-06-17/customers_190539218906.parquet -> /tmp/minio_downloads/customers_190539218906.parquet
[2026-07-04T14:10:22.866+0000] {logging_mixin.py:188} INFO - Downloaded customers/date=2026-06-17/customers_190539305398.parquet -> /tmp/minio_downloads/customers_190539305398.parquet
[2026-07-04T14:10:22.896+0000] {logging_mixin.py:188} INFO - Downloaded customers/date=2026-06-17/customers_190539398328.parquet -> /tmp/minio_downloads/customers_190539398328.parquet
[2026-07-04T14:10:22.923+0000] {logging_mixin.py:188} INFO - Downloaded customers/date=2026-06-17/customers_190539485603.parquet -> /tmp/minio_downloads/customers_190539485603.parquet
[2026-07-04T14:10:22.949+0000] {logging_mixin.py:188} INFO - Downloaded customers/date=2026-06-17/customers_190539545725.parquet -> /tmp/minio_downloads/customers_190539545725.parquet
[2026-07-04T14:10:22.979+0000] {logging_mixin.py:188} INFO - Downloaded customers/date=2026-06-17/customers_190539631258.parquet -> /tmp/minio_downloads/customers_190539631258.parquet
[2026-07-04T14:10:23.005+0000] {logging_mixin.py:188} INFO - Downloaded customers/date=2026-06-17/customers_190539702957.parquet -> /tmp/minio_downloads/customers_190539702957.parquet
[2026-07-04T14:10:23.036+0000] {logging_mixin.py:188} INFO - Downloaded customers/date=2026-06-17/customers_190539810453.parquet -> /tmp/minio_downloads/customers_190539810453.parquet
[2026-07-04T14:10:23.062+0000] {logging_mixin.py:188} INFO - Downloaded customers/date=2026-06-17/customers_190539891072.parquet -> /tmp/minio_downloads/customers_190539891072.parquet
[2026-07-04T14:10:23.083+0000] {logging_mixin.py:188} INFO - Downloaded customers/date=2026-06-17/customers_190539966747.parquet -> /tmp/minio_downloads/customers_190539966747.parquet
[2026-07-04T14:10:23.104+0000] {logging_mixin.py:188} INFO - Downloaded customers/date=2026-06-17/customers_190540032826.parquet -> /tmp/minio_downloads/customers_190540032826.parquet
[2026-07-04T14:10:23.126+0000] {logging_mixin.py:188} INFO - Downloaded customers/date=2026-06-17/customers_190540094324.parquet -> /tmp/minio_downloads/customers_190540094324.parquet
[2026-07-04T14:10:23.148+0000] {logging_mixin.py:188} INFO - Downloaded customers/date=2026-06-17/customers_190540145473.parquet -> /tmp/minio_downloads/customers_190540145473.parquet
[2026-07-04T14:10:23.171+0000] {logging_mixin.py:188} INFO - Downloaded customers/date=2026-06-17/customers_190540218333.parquet -> /tmp/minio_downloads/customers_190540218333.parquet
[2026-07-04T14:10:23.192+0000] {logging_mixin.py:188} INFO - Downloaded customers/date=2026-06-17/customers_190540297881.parquet -> /tmp/minio_downloads/customers_190540297881.parquet
[2026-07-04T14:10:23.212+0000] {logging_mixin.py:188} INFO - Downloaded customers/date=2026-06-17/customers_190540431964.parquet -> /tmp/minio_downloads/customers_190540431964.parquet
[2026-07-04T14:10:23.233+0000] {logging_mixin.py:188} INFO - Downloaded customers/date=2026-06-17/customers_190540532109.parquet -> /tmp/minio_downloads/customers_190540532109.parquet
[2026-07-04T14:10:23.255+0000] {logging_mixin.py:188} INFO - Downloaded customers/date=2026-06-17/customers_190540632663.parquet -> /tmp/minio_downloads/customers_190540632663.parquet
[2026-07-04T14:10:23.275+0000] {logging_mixin.py:188} INFO - Downloaded customers/date=2026-06-17/customers_190540698435.parquet -> /tmp/minio_downloads/customers_190540698435.parquet
[2026-07-04T14:10:23.297+0000] {logging_mixin.py:188} INFO - Downloaded customers/date=2026-06-17/customers_190540788621.parquet -> /tmp/minio_downloads/customers_190540788621.parquet
[2026-07-04T14:10:23.319+0000] {logging_mixin.py:188} INFO - Downloaded customers/date=2026-06-17/customers_190540897663.parquet -> /tmp/minio_downloads/customers_190540897663.parquet
[2026-07-04T14:10:23.339+0000] {logging_mixin.py:188} INFO - Downloaded customers/date=2026-06-17/customers_190540987831.parquet -> /tmp/minio_downloads/customers_190540987831.parquet
[2026-07-04T14:10:23.360+0000] {logging_mixin.py:188} INFO - Downloaded customers/date=2026-06-17/customers_190541083808.parquet -> /tmp/minio_downloads/customers_190541083808.parquet
[2026-07-04T14:10:23.382+0000] {logging_mixin.py:188} INFO - Downloaded customers/date=2026-06-17/customers_190541180385.parquet -> /tmp/minio_downloads/customers_190541180385.parquet
[2026-07-04T14:10:23.403+0000] {logging_mixin.py:188} INFO - Downloaded customers/date=2026-06-17/customers_190541250391.parquet -> /tmp/minio_downloads/customers_190541250391.parquet
[2026-07-04T14:10:23.423+0000] {logging_mixin.py:188} INFO - Downloaded customers/date=2026-06-17/customers_190541326247.parquet -> /tmp/minio_downloads/customers_190541326247.parquet
[2026-07-04T14:10:23.444+0000] {logging_mixin.py:188} INFO - Downloaded customers/date=2026-06-17/customers_190541417928.parquet -> /tmp/minio_downloads/customers_190541417928.parquet
[2026-07-04T14:10:23.468+0000] {logging_mixin.py:188} INFO - Downloaded customers/date=2026-06-17/customers_190541508020.parquet -> /tmp/minio_downloads/customers_190541508020.parquet
[2026-07-04T14:10:23.488+0000] {logging_mixin.py:188} INFO - Downloaded customers/date=2026-06-17/customers_190541605258.parquet -> /tmp/minio_downloads/customers_190541605258.parquet
[2026-07-04T14:10:23.507+0000] {logging_mixin.py:188} INFO - Downloaded customers/date=2026-06-17/customers_190541704160.parquet -> /tmp/minio_downloads/customers_190541704160.parquet
[2026-07-04T14:10:23.527+0000] {logging_mixin.py:188} INFO - Downloaded customers/date=2026-06-17/customers_190541809177.parquet -> /tmp/minio_downloads/customers_190541809177.parquet
[2026-07-04T14:10:23.547+0000] {logging_mixin.py:188} INFO - Downloaded customers/date=2026-06-17/customers_190541890253.parquet -> /tmp/minio_downloads/customers_190541890253.parquet
[2026-07-04T14:10:23.571+0000] {logging_mixin.py:188} INFO - Downloaded customers/date=2026-06-17/customers_190541975527.parquet -> /tmp/minio_downloads/customers_190541975527.parquet
[2026-07-04T14:10:23.596+0000] {logging_mixin.py:188} INFO - Downloaded customers/date=2026-06-17/customers_190542069653.parquet -> /tmp/minio_downloads/customers_190542069653.parquet
[2026-07-04T14:10:23.623+0000] {logging_mixin.py:188} INFO - Downloaded customers/date=2026-06-17/customers_190542158324.parquet -> /tmp/minio_downloads/customers_190542158324.parquet
[2026-07-04T14:10:23.649+0000] {logging_mixin.py:188} INFO - Downloaded customers/date=2026-06-17/customers_190542256906.parquet -> /tmp/minio_downloads/customers_190542256906.parquet
[2026-07-04T14:10:23.676+0000] {logging_mixin.py:188} INFO - Downloaded customers/date=2026-06-17/customers_190542327925.parquet -> /tmp/minio_downloads/customers_190542327925.parquet
[2026-07-04T14:10:23.701+0000] {logging_mixin.py:188} INFO - Downloaded customers/date=2026-06-17/customers_190542420735.parquet -> /tmp/minio_downloads/customers_190542420735.parquet
[2026-07-04T14:10:23.729+0000] {logging_mixin.py:188} INFO - Downloaded customers/date=2026-06-17/customers_190542520754.parquet -> /tmp/minio_downloads/customers_190542520754.parquet
[2026-07-04T14:10:23.756+0000] {logging_mixin.py:188} INFO - Downloaded customers/date=2026-06-17/customers_190542616822.parquet -> /tmp/minio_downloads/customers_190542616822.parquet
[2026-07-04T14:10:23.780+0000] {logging_mixin.py:188} INFO - Downloaded customers/date=2026-06-17/customers_190542700221.parquet -> /tmp/minio_downloads/customers_190542700221.parquet
[2026-07-04T14:10:23.804+0000] {logging_mixin.py:188} INFO - Downloaded customers/date=2026-06-17/customers_190542791697.parquet -> /tmp/minio_downloads/customers_190542791697.parquet
[2026-07-04T14:10:23.825+0000] {logging_mixin.py:188} INFO - Downloaded customers/date=2026-06-17/customers_190542885597.parquet -> /tmp/minio_downloads/customers_190542885597.parquet
[2026-07-04T14:10:23.845+0000] {logging_mixin.py:188} INFO - Downloaded customers/date=2026-06-17/customers_190542986434.parquet -> /tmp/minio_downloads/customers_190542986434.parquet
[2026-07-04T14:10:23.866+0000] {logging_mixin.py:188} INFO - Downloaded customers/date=2026-06-17/customers_190543076927.parquet -> /tmp/minio_downloads/customers_190543076927.parquet
[2026-07-04T14:10:23.887+0000] {logging_mixin.py:188} INFO - Downloaded customers/date=2026-06-17/customers_190543158006.parquet -> /tmp/minio_downloads/customers_190543158006.parquet
[2026-07-04T14:10:23.908+0000] {logging_mixin.py:188} INFO - Downloaded customers/date=2026-06-17/customers_190543253590.parquet -> /tmp/minio_downloads/customers_190543253590.parquet
[2026-07-04T14:10:23.927+0000] {logging_mixin.py:188} INFO - Downloaded customers/date=2026-06-17/customers_190543347569.parquet -> /tmp/minio_downloads/customers_190543347569.parquet
[2026-07-04T14:10:23.946+0000] {logging_mixin.py:188} INFO - Downloaded customers/date=2026-06-17/customers_190543450649.parquet -> /tmp/minio_downloads/customers_190543450649.parquet
[2026-07-04T14:10:23.966+0000] {logging_mixin.py:188} INFO - Downloaded customers/date=2026-06-17/customers_190543527911.parquet -> /tmp/minio_downloads/customers_190543527911.parquet
[2026-07-04T14:10:23.985+0000] {logging_mixin.py:188} INFO - Downloaded customers/date=2026-06-17/customers_190543616646.parquet -> /tmp/minio_downloads/customers_190543616646.parquet
[2026-07-04T14:10:24.004+0000] {logging_mixin.py:188} INFO - Downloaded customers/date=2026-06-17/customers_190543675363.parquet -> /tmp/minio_downloads/customers_190543675363.parquet
[2026-07-04T14:10:24.025+0000] {logging_mixin.py:188} INFO - Downloaded customers/date=2026-06-17/customers_190543752703.parquet -> /tmp/minio_downloads/customers_190543752703.parquet
[2026-07-04T14:10:24.045+0000] {logging_mixin.py:188} INFO - Downloaded customers/date=2026-06-17/customers_190543830423.parquet -> /tmp/minio_downloads/customers_190543830423.parquet
[2026-07-04T14:10:24.065+0000] {logging_mixin.py:188} INFO - Downloaded customers/date=2026-06-17/customers_190543903971.parquet -> /tmp/minio_downloads/customers_190543903971.parquet
[2026-07-04T14:10:24.086+0000] {logging_mixin.py:188} INFO - Downloaded customers/date=2026-06-17/customers_190544000846.parquet -> /tmp/minio_downloads/customers_190544000846.parquet
[2026-07-04T14:10:24.107+0000] {logging_mixin.py:188} INFO - Downloaded customers/date=2026-06-17/customers_190544281094.parquet -> /tmp/minio_downloads/customers_190544281094.parquet
[2026-07-04T14:10:24.127+0000] {logging_mixin.py:188} INFO - Downloaded customers/date=2026-06-17/customers_190544373713.parquet -> /tmp/minio_downloads/customers_190544373713.parquet
[2026-07-04T14:10:24.146+0000] {logging_mixin.py:188} INFO - Downloaded customers/date=2026-06-17/customers_190544483521.parquet -> /tmp/minio_downloads/customers_190544483521.parquet
[2026-07-04T14:10:24.166+0000] {logging_mixin.py:188} INFO - Downloaded customers/date=2026-06-17/customers_190544579549.parquet -> /tmp/minio_downloads/customers_190544579549.parquet
[2026-07-04T14:10:24.186+0000] {logging_mixin.py:188} INFO - Downloaded customers/date=2026-06-17/customers_190544676498.parquet -> /tmp/minio_downloads/customers_190544676498.parquet
[2026-07-04T14:10:24.207+0000] {logging_mixin.py:188} INFO - Downloaded customers/date=2026-06-17/customers_190544796803.parquet -> /tmp/minio_downloads/customers_190544796803.parquet
[2026-07-04T14:10:24.226+0000] {logging_mixin.py:188} INFO - Downloaded customers/date=2026-06-17/customers_190544882394.parquet -> /tmp/minio_downloads/customers_190544882394.parquet
[2026-07-04T14:10:24.245+0000] {logging_mixin.py:188} INFO - Downloaded customers/date=2026-06-17/customers_190544979467.parquet -> /tmp/minio_downloads/customers_190544979467.parquet
[2026-07-04T14:10:24.267+0000] {logging_mixin.py:188} INFO - Downloaded customers/date=2026-06-17/customers_190545064056.parquet -> /tmp/minio_downloads/customers_190545064056.parquet
[2026-07-04T14:10:24.290+0000] {logging_mixin.py:188} INFO - Downloaded customers/date=2026-06-17/customers_190545142528.parquet -> /tmp/minio_downloads/customers_190545142528.parquet
[2026-07-04T14:10:24.312+0000] {logging_mixin.py:188} INFO - Downloaded customers/date=2026-06-17/customers_190545231464.parquet -> /tmp/minio_downloads/customers_190545231464.parquet
[2026-07-04T14:10:24.334+0000] {logging_mixin.py:188} INFO - Downloaded customers/date=2026-06-17/customers_190545320319.parquet -> /tmp/minio_downloads/customers_190545320319.parquet
[2026-07-04T14:10:24.355+0000] {logging_mixin.py:188} INFO - Downloaded customers/date=2026-06-17/customers_190545414688.parquet -> /tmp/minio_downloads/customers_190545414688.parquet
[2026-07-04T14:10:24.375+0000] {logging_mixin.py:188} INFO - Downloaded customers/date=2026-06-17/customers_190545504552.parquet -> /tmp/minio_downloads/customers_190545504552.parquet
[2026-07-04T14:10:24.397+0000] {logging_mixin.py:188} INFO - Downloaded customers/date=2026-06-17/customers_190545592817.parquet -> /tmp/minio_downloads/customers_190545592817.parquet
[2026-07-04T14:10:24.417+0000] {logging_mixin.py:188} INFO - Downloaded customers/date=2026-06-17/customers_190545677112.parquet -> /tmp/minio_downloads/customers_190545677112.parquet
[2026-07-04T14:10:24.438+0000] {logging_mixin.py:188} INFO - Downloaded customers/date=2026-06-17/customers_190545762209.parquet -> /tmp/minio_downloads/customers_190545762209.parquet
[2026-07-04T14:10:24.458+0000] {logging_mixin.py:188} INFO - Downloaded customers/date=2026-06-17/customers_190545857188.parquet -> /tmp/minio_downloads/customers_190545857188.parquet
[2026-07-04T14:10:24.480+0000] {logging_mixin.py:188} INFO - Downloaded customers/date=2026-06-17/customers_190545941631.parquet -> /tmp/minio_downloads/customers_190545941631.parquet
[2026-07-04T14:10:24.499+0000] {logging_mixin.py:188} INFO - Downloaded customers/date=2026-06-17/customers_190546066925.parquet -> /tmp/minio_downloads/customers_190546066925.parquet
[2026-07-04T14:10:24.519+0000] {logging_mixin.py:188} INFO - Downloaded customers/date=2026-06-17/customers_190546200445.parquet -> /tmp/minio_downloads/customers_190546200445.parquet
[2026-07-04T14:10:24.539+0000] {logging_mixin.py:188} INFO - Downloaded customers/date=2026-06-17/customers_190546401040.parquet -> /tmp/minio_downloads/customers_190546401040.parquet
[2026-07-04T14:10:24.558+0000] {logging_mixin.py:188} INFO - Downloaded customers/date=2026-06-17/customers_190546534721.parquet -> /tmp/minio_downloads/customers_190546534721.parquet
[2026-07-04T14:10:24.577+0000] {logging_mixin.py:188} INFO - Downloaded customers/date=2026-06-17/customers_190546650046.parquet -> /tmp/minio_downloads/customers_190546650046.parquet
[2026-07-04T14:10:24.596+0000] {logging_mixin.py:188} INFO - Downloaded customers/date=2026-06-17/customers_190546730740.parquet -> /tmp/minio_downloads/customers_190546730740.parquet
[2026-07-04T14:10:24.622+0000] {logging_mixin.py:188} INFO - Downloaded customers/date=2026-06-17/customers_190546821615.parquet -> /tmp/minio_downloads/customers_190546821615.parquet
[2026-07-04T14:10:24.646+0000] {logging_mixin.py:188} INFO - Downloaded customers/date=2026-06-17/customers_190546967196.parquet -> /tmp/minio_downloads/customers_190546967196.parquet
[2026-07-04T14:10:24.674+0000] {logging_mixin.py:188} INFO - Downloaded customers/date=2026-06-17/customers_190547069169.parquet -> /tmp/minio_downloads/customers_190547069169.parquet
[2026-07-04T14:10:24.698+0000] {logging_mixin.py:188} INFO - Downloaded customers/date=2026-06-17/customers_190547180349.parquet -> /tmp/minio_downloads/customers_190547180349.parquet
[2026-07-04T14:10:24.726+0000] {logging_mixin.py:188} INFO - Downloaded customers/date=2026-06-17/customers_190547298924.parquet -> /tmp/minio_downloads/customers_190547298924.parquet
[2026-07-04T14:10:24.749+0000] {logging_mixin.py:188} INFO - Downloaded customers/date=2026-06-17/customers_190547397974.parquet -> /tmp/minio_downloads/customers_190547397974.parquet
[2026-07-04T14:10:24.777+0000] {logging_mixin.py:188} INFO - Downloaded customers/date=2026-06-17/customers_190547490619.parquet -> /tmp/minio_downloads/customers_190547490619.parquet
[2026-07-04T14:10:24.809+0000] {logging_mixin.py:188} INFO - Downloaded customers/date=2026-06-17/customers_190547572865.parquet -> /tmp/minio_downloads/customers_190547572865.parquet
[2026-07-04T14:10:24.835+0000] {logging_mixin.py:188} INFO - Downloaded customers/date=2026-06-17/customers_190547704148.parquet -> /tmp/minio_downloads/customers_190547704148.parquet
[2026-07-04T14:10:24.858+0000] {logging_mixin.py:188} INFO - Downloaded customers/date=2026-06-17/customers_190547807274.parquet -> /tmp/minio_downloads/customers_190547807274.parquet
[2026-07-04T14:10:24.880+0000] {logging_mixin.py:188} INFO - Downloaded customers/date=2026-06-17/customers_190547917145.parquet -> /tmp/minio_downloads/customers_190547917145.parquet
[2026-07-04T14:10:24.904+0000] {logging_mixin.py:188} INFO - Downloaded customers/date=2026-06-17/customers_190548029999.parquet -> /tmp/minio_downloads/customers_190548029999.parquet
[2026-07-04T14:10:24.926+0000] {logging_mixin.py:188} INFO - Downloaded customers/date=2026-06-17/customers_190548266308.parquet -> /tmp/minio_downloads/customers_190548266308.parquet
[2026-07-04T14:10:24.947+0000] {logging_mixin.py:188} INFO - Downloaded customers/date=2026-06-17/customers_190548394163.parquet -> /tmp/minio_downloads/customers_190548394163.parquet
[2026-07-04T14:10:24.969+0000] {logging_mixin.py:188} INFO - Downloaded customers/date=2026-06-17/customers_190548536088.parquet -> /tmp/minio_downloads/customers_190548536088.parquet
[2026-07-04T14:10:24.990+0000] {logging_mixin.py:188} INFO - Downloaded customers/date=2026-06-17/customers_190548676002.parquet -> /tmp/minio_downloads/customers_190548676002.parquet
[2026-07-04T14:10:25.011+0000] {logging_mixin.py:188} INFO - Downloaded customers/date=2026-06-17/customers_190548771118.parquet -> /tmp/minio_downloads/customers_190548771118.parquet
[2026-07-04T14:10:25.032+0000] {logging_mixin.py:188} INFO - Downloaded customers/date=2026-06-17/customers_190548892969.parquet -> /tmp/minio_downloads/customers_190548892969.parquet
[2026-07-04T14:10:25.055+0000] {logging_mixin.py:188} INFO - Downloaded customers/date=2026-06-17/customers_190549033306.parquet -> /tmp/minio_downloads/customers_190549033306.parquet
[2026-07-04T14:10:25.077+0000] {logging_mixin.py:188} INFO - Downloaded customers/date=2026-06-17/customers_190549230903.parquet -> /tmp/minio_downloads/customers_190549230903.parquet
[2026-07-04T14:10:25.098+0000] {logging_mixin.py:188} INFO - Downloaded customers/date=2026-06-17/customers_190549462742.parquet -> /tmp/minio_downloads/customers_190549462742.parquet
[2026-07-04T14:10:25.119+0000] {logging_mixin.py:188} INFO - Downloaded customers/date=2026-06-17/customers_190549619471.parquet -> /tmp/minio_downloads/customers_190549619471.parquet
[2026-07-04T14:10:25.141+0000] {logging_mixin.py:188} INFO - Downloaded customers/date=2026-06-17/customers_190549770486.parquet -> /tmp/minio_downloads/customers_190549770486.parquet
[2026-07-04T14:10:25.162+0000] {logging_mixin.py:188} INFO - Downloaded customers/date=2026-06-17/customers_190549876529.parquet -> /tmp/minio_downloads/customers_190549876529.parquet
[2026-07-04T14:10:25.185+0000] {logging_mixin.py:188} INFO - Downloaded customers/date=2026-06-17/customers_190549971353.parquet -> /tmp/minio_downloads/customers_190549971353.parquet
[2026-07-04T14:10:25.206+0000] {logging_mixin.py:188} INFO - Downloaded customers/date=2026-06-17/customers_190550068702.parquet -> /tmp/minio_downloads/customers_190550068702.parquet
[2026-07-04T14:10:25.228+0000] {logging_mixin.py:188} INFO - Downloaded customers/date=2026-06-17/customers_190550194333.parquet -> /tmp/minio_downloads/customers_190550194333.parquet
[2026-07-04T14:10:25.252+0000] {logging_mixin.py:188} INFO - Downloaded customers/date=2026-06-17/customers_190550294357.parquet -> /tmp/minio_downloads/customers_190550294357.parquet
[2026-07-04T14:10:25.274+0000] {logging_mixin.py:188} INFO - Downloaded customers/date=2026-06-17/customers_190550397429.parquet -> /tmp/minio_downloads/customers_190550397429.parquet
[2026-07-04T14:10:25.296+0000] {logging_mixin.py:188} INFO - Downloaded customers/date=2026-06-17/customers_190550501208.parquet -> /tmp/minio_downloads/customers_190550501208.parquet
[2026-07-04T14:10:25.318+0000] {logging_mixin.py:188} INFO - Downloaded customers/date=2026-06-17/customers_190550607851.parquet -> /tmp/minio_downloads/customers_190550607851.parquet
[2026-07-04T14:10:25.340+0000] {logging_mixin.py:188} INFO - Downloaded customers/date=2026-06-17/customers_190550700394.parquet -> /tmp/minio_downloads/customers_190550700394.parquet
[2026-07-04T14:10:25.363+0000] {logging_mixin.py:188} INFO - Downloaded customers/date=2026-06-17/customers_190550794280.parquet -> /tmp/minio_downloads/customers_190550794280.parquet
[2026-07-04T14:10:25.385+0000] {logging_mixin.py:188} INFO - Downloaded customers/date=2026-06-17/customers_190550891503.parquet -> /tmp/minio_downloads/customers_190550891503.parquet
[2026-07-04T14:10:25.407+0000] {logging_mixin.py:188} INFO - Downloaded customers/date=2026-06-17/customers_190550994311.parquet -> /tmp/minio_downloads/customers_190550994311.parquet
[2026-07-04T14:10:25.429+0000] {logging_mixin.py:188} INFO - Downloaded customers/date=2026-06-17/customers_190551088520.parquet -> /tmp/minio_downloads/customers_190551088520.parquet
[2026-07-04T14:10:25.453+0000] {logging_mixin.py:188} INFO - Downloaded customers/date=2026-06-17/customers_190551191279.parquet -> /tmp/minio_downloads/customers_190551191279.parquet
[2026-07-04T14:10:25.480+0000] {logging_mixin.py:188} INFO - Downloaded customers/date=2026-06-17/customers_190551320015.parquet -> /tmp/minio_downloads/customers_190551320015.parquet
[2026-07-04T14:10:25.509+0000] {logging_mixin.py:188} INFO - Downloaded customers/date=2026-06-17/customers_190551566283.parquet -> /tmp/minio_downloads/customers_190551566283.parquet
[2026-07-04T14:10:25.534+0000] {logging_mixin.py:188} INFO - Downloaded customers/date=2026-06-17/customers_190551703347.parquet -> /tmp/minio_downloads/customers_190551703347.parquet
[2026-07-04T14:10:25.558+0000] {logging_mixin.py:188} INFO - Downloaded customers/date=2026-06-17/customers_190551812591.parquet -> /tmp/minio_downloads/customers_190551812591.parquet
[2026-07-04T14:10:25.580+0000] {logging_mixin.py:188} INFO - Downloaded customers/date=2026-06-17/customers_190551904318.parquet -> /tmp/minio_downloads/customers_190551904318.parquet
[2026-07-04T14:10:25.607+0000] {logging_mixin.py:188} INFO - Downloaded customers/date=2026-06-17/customers_190552004461.parquet -> /tmp/minio_downloads/customers_190552004461.parquet
[2026-07-04T14:10:25.631+0000] {logging_mixin.py:188} INFO - Downloaded customers/date=2026-06-17/customers_190552097320.parquet -> /tmp/minio_downloads/customers_190552097320.parquet
[2026-07-04T14:10:25.657+0000] {logging_mixin.py:188} INFO - Downloaded customers/date=2026-06-17/customers_190552188541.parquet -> /tmp/minio_downloads/customers_190552188541.parquet
[2026-07-04T14:10:25.680+0000] {logging_mixin.py:188} INFO - Downloaded customers/date=2026-06-17/customers_190552271018.parquet -> /tmp/minio_downloads/customers_190552271018.parquet
[2026-07-04T14:10:25.704+0000] {logging_mixin.py:188} INFO - Downloaded customers/date=2026-06-17/customers_190552375917.parquet -> /tmp/minio_downloads/customers_190552375917.parquet
[2026-07-04T14:10:25.727+0000] {logging_mixin.py:188} INFO - Downloaded customers/date=2026-06-17/customers_190552470373.parquet -> /tmp/minio_downloads/customers_190552470373.parquet
[2026-07-04T14:10:25.749+0000] {logging_mixin.py:188} INFO - Downloaded customers/date=2026-06-17/customers_190552566985.parquet -> /tmp/minio_downloads/customers_190552566985.parquet
[2026-07-04T14:10:25.772+0000] {logging_mixin.py:188} INFO - Downloaded customers/date=2026-06-17/customers_190552655317.parquet -> /tmp/minio_downloads/customers_190552655317.parquet
[2026-07-04T14:10:25.795+0000] {logging_mixin.py:188} INFO - Downloaded customers/date=2026-06-17/customers_190552740056.parquet -> /tmp/minio_downloads/customers_190552740056.parquet
[2026-07-04T14:10:25.819+0000] {logging_mixin.py:188} INFO - Downloaded customers/date=2026-06-17/customers_190552818721.parquet -> /tmp/minio_downloads/customers_190552818721.parquet
[2026-07-04T14:10:25.846+0000] {logging_mixin.py:188} INFO - Downloaded customers/date=2026-06-17/customers_190552890918.parquet -> /tmp/minio_downloads/customers_190552890918.parquet
[2026-07-04T14:10:25.880+0000] {logging_mixin.py:188} INFO - Downloaded customers/date=2026-06-17/customers_190552982498.parquet -> /tmp/minio_downloads/customers_190552982498.parquet
[2026-07-04T14:10:25.908+0000] {logging_mixin.py:188} INFO - Downloaded customers/date=2026-06-17/customers_190553083327.parquet -> /tmp/minio_downloads/customers_190553083327.parquet
[2026-07-04T14:10:25.933+0000] {logging_mixin.py:188} INFO - Downloaded customers/date=2026-06-17/customers_190553154570.parquet -> /tmp/minio_downloads/customers_190553154570.parquet
[2026-07-04T14:10:25.958+0000] {logging_mixin.py:188} INFO - Downloaded customers/date=2026-06-17/customers_190553244293.parquet -> /tmp/minio_downloads/customers_190553244293.parquet
[2026-07-04T14:10:25.984+0000] {logging_mixin.py:188} INFO - Downloaded customers/date=2026-06-17/customers_190553323904.parquet -> /tmp/minio_downloads/customers_190553323904.parquet
[2026-07-04T14:10:26.011+0000] {logging_mixin.py:188} INFO - Downloaded customers/date=2026-06-17/customers_190553400034.parquet -> /tmp/minio_downloads/customers_190553400034.parquet
[2026-07-04T14:10:26.035+0000] {logging_mixin.py:188} INFO - Downloaded customers/date=2026-06-17/customers_190553482689.parquet -> /tmp/minio_downloads/customers_190553482689.parquet
[2026-07-04T14:10:26.062+0000] {logging_mixin.py:188} INFO - Downloaded customers/date=2026-06-17/customers_190553616146.parquet -> /tmp/minio_downloads/customers_190553616146.parquet
[2026-07-04T14:10:26.086+0000] {logging_mixin.py:188} INFO - Downloaded customers/date=2026-06-17/customers_190553728893.parquet -> /tmp/minio_downloads/customers_190553728893.parquet
[2026-07-04T14:10:26.108+0000] {logging_mixin.py:188} INFO - Downloaded customers/date=2026-06-17/customers_190553847463.parquet -> /tmp/minio_downloads/customers_190553847463.parquet
[2026-07-04T14:10:26.128+0000] {logging_mixin.py:188} INFO - Downloaded customers/date=2026-06-17/customers_190553943930.parquet -> /tmp/minio_downloads/customers_190553943930.parquet
[2026-07-04T14:10:26.149+0000] {logging_mixin.py:188} INFO - Downloaded customers/date=2026-06-17/customers_190554040796.parquet -> /tmp/minio_downloads/customers_190554040796.parquet
[2026-07-04T14:10:26.171+0000] {logging_mixin.py:188} INFO - Downloaded customers/date=2026-06-17/customers_190554124900.parquet -> /tmp/minio_downloads/customers_190554124900.parquet
[2026-07-04T14:10:26.193+0000] {logging_mixin.py:188} INFO - Downloaded customers/date=2026-06-17/customers_190554206575.parquet -> /tmp/minio_downloads/customers_190554206575.parquet
[2026-07-04T14:10:26.216+0000] {logging_mixin.py:188} INFO - Downloaded customers/date=2026-06-17/customers_190554290204.parquet -> /tmp/minio_downloads/customers_190554290204.parquet
[2026-07-04T14:10:26.237+0000] {logging_mixin.py:188} INFO - Downloaded customers/date=2026-06-17/customers_190554369148.parquet -> /tmp/minio_downloads/customers_190554369148.parquet
[2026-07-04T14:10:26.259+0000] {logging_mixin.py:188} INFO - Downloaded customers/date=2026-06-17/customers_190554445379.parquet -> /tmp/minio_downloads/customers_190554445379.parquet
[2026-07-04T14:10:26.281+0000] {logging_mixin.py:188} INFO - Downloaded customers/date=2026-06-17/customers_190554526571.parquet -> /tmp/minio_downloads/customers_190554526571.parquet
[2026-07-04T14:10:26.302+0000] {logging_mixin.py:188} INFO - Downloaded customers/date=2026-06-17/customers_190554602653.parquet -> /tmp/minio_downloads/customers_190554602653.parquet
[2026-07-04T14:10:26.324+0000] {logging_mixin.py:188} INFO - Downloaded customers/date=2026-06-17/customers_190554683879.parquet -> /tmp/minio_downloads/customers_190554683879.parquet
[2026-07-04T14:10:26.346+0000] {logging_mixin.py:188} INFO - Downloaded customers/date=2026-06-17/customers_190554773602.parquet -> /tmp/minio_downloads/customers_190554773602.parquet
[2026-07-04T14:10:26.368+0000] {logging_mixin.py:188} INFO - Downloaded customers/date=2026-06-17/customers_190554933217.parquet -> /tmp/minio_downloads/customers_190554933217.parquet
[2026-07-04T14:10:26.392+0000] {logging_mixin.py:188} INFO - Downloaded customers/date=2026-06-17/customers_190555005715.parquet -> /tmp/minio_downloads/customers_190555005715.parquet
[2026-07-04T14:10:26.414+0000] {logging_mixin.py:188} INFO - Downloaded customers/date=2026-06-17/customers_190555089851.parquet -> /tmp/minio_downloads/customers_190555089851.parquet
[2026-07-04T14:10:26.437+0000] {logging_mixin.py:188} INFO - Downloaded customers/date=2026-06-17/customers_190555161408.parquet -> /tmp/minio_downloads/customers_190555161408.parquet
[2026-07-04T14:10:26.459+0000] {logging_mixin.py:188} INFO - Downloaded customers/date=2026-06-17/customers_190555256911.parquet -> /tmp/minio_downloads/customers_190555256911.parquet
[2026-07-04T14:10:26.482+0000] {logging_mixin.py:188} INFO - Downloaded customers/date=2026-06-17/customers_190555353917.parquet -> /tmp/minio_downloads/customers_190555353917.parquet
[2026-07-04T14:10:26.504+0000] {logging_mixin.py:188} INFO - Downloaded customers/date=2026-06-17/customers_190555431817.parquet -> /tmp/minio_downloads/customers_190555431817.parquet
[2026-07-04T14:10:26.525+0000] {logging_mixin.py:188} INFO - Downloaded customers/date=2026-06-17/customers_190555499395.parquet -> /tmp/minio_downloads/customers_190555499395.parquet
[2026-07-04T14:10:26.547+0000] {logging_mixin.py:188} INFO - Downloaded customers/date=2026-06-17/customers_190555586984.parquet -> /tmp/minio_downloads/customers_190555586984.parquet
[2026-07-04T14:10:26.568+0000] {logging_mixin.py:188} INFO - Downloaded customers/date=2026-06-17/customers_190555668631.parquet -> /tmp/minio_downloads/customers_190555668631.parquet
[2026-07-04T14:10:26.587+0000] {logging_mixin.py:188} INFO - Downloaded customers/date=2026-06-17/customers_190555751900.parquet -> /tmp/minio_downloads/customers_190555751900.parquet
[2026-07-04T14:10:26.608+0000] {logging_mixin.py:188} INFO - Downloaded customers/date=2026-06-17/customers_190555819915.parquet -> /tmp/minio_downloads/customers_190555819915.parquet
[2026-07-04T14:10:26.627+0000] {logging_mixin.py:188} INFO - Downloaded customers/date=2026-06-17/customers_190555925301.parquet -> /tmp/minio_downloads/customers_190555925301.parquet
[2026-07-04T14:10:26.648+0000] {logging_mixin.py:188} INFO - Downloaded customers/date=2026-06-17/customers_190556047856.parquet -> /tmp/minio_downloads/customers_190556047856.parquet
[2026-07-04T14:10:26.668+0000] {logging_mixin.py:188} INFO - Downloaded customers/date=2026-06-17/customers_190556143987.parquet -> /tmp/minio_downloads/customers_190556143987.parquet
[2026-07-04T14:10:26.688+0000] {logging_mixin.py:188} INFO - Downloaded customers/date=2026-06-17/customers_190556253700.parquet -> /tmp/minio_downloads/customers_190556253700.parquet
[2026-07-04T14:10:26.710+0000] {logging_mixin.py:188} INFO - Downloaded customers/date=2026-06-17/customers_190556338588.parquet -> /tmp/minio_downloads/customers_190556338588.parquet
[2026-07-04T14:10:26.730+0000] {logging_mixin.py:188} INFO - Downloaded customers/date=2026-06-17/customers_190556440622.parquet -> /tmp/minio_downloads/customers_190556440622.parquet
[2026-07-04T14:10:26.749+0000] {logging_mixin.py:188} INFO - Downloaded customers/date=2026-06-17/customers_190556537359.parquet -> /tmp/minio_downloads/customers_190556537359.parquet
[2026-07-04T14:10:26.770+0000] {logging_mixin.py:188} INFO - Downloaded customers/date=2026-06-17/customers_190556621103.parquet -> /tmp/minio_downloads/customers_190556621103.parquet
[2026-07-04T14:10:26.789+0000] {logging_mixin.py:188} INFO - Downloaded customers/date=2026-06-17/customers_190556706405.parquet -> /tmp/minio_downloads/customers_190556706405.parquet
[2026-07-04T14:10:26.810+0000] {logging_mixin.py:188} INFO - Downloaded customers/date=2026-06-17/customers_190556796662.parquet -> /tmp/minio_downloads/customers_190556796662.parquet
[2026-07-04T14:10:26.830+0000] {logging_mixin.py:188} INFO - Downloaded customers/date=2026-06-17/customers_190556890154.parquet -> /tmp/minio_downloads/customers_190556890154.parquet
[2026-07-04T14:10:26.849+0000] {logging_mixin.py:188} INFO - Downloaded customers/date=2026-06-17/customers_190556969691.parquet -> /tmp/minio_downloads/customers_190556969691.parquet
[2026-07-04T14:10:26.869+0000] {logging_mixin.py:188} INFO - Downloaded customers/date=2026-06-17/customers_190557052913.parquet -> /tmp/minio_downloads/customers_190557052913.parquet
[2026-07-04T14:10:26.889+0000] {logging_mixin.py:188} INFO - Downloaded customers/date=2026-06-17/customers_190557134088.parquet -> /tmp/minio_downloads/customers_190557134088.parquet
[2026-07-04T14:10:26.909+0000] {logging_mixin.py:188} INFO - Downloaded customers/date=2026-06-17/customers_190557235739.parquet -> /tmp/minio_downloads/customers_190557235739.parquet
[2026-07-04T14:10:26.929+0000] {logging_mixin.py:188} INFO - Downloaded customers/date=2026-06-17/customers_190557322343.parquet -> /tmp/minio_downloads/customers_190557322343.parquet
[2026-07-04T14:10:26.949+0000] {logging_mixin.py:188} INFO - Downloaded customers/date=2026-06-17/customers_190557415782.parquet -> /tmp/minio_downloads/customers_190557415782.parquet
[2026-07-04T14:10:26.968+0000] {logging_mixin.py:188} INFO - Downloaded customers/date=2026-06-17/customers_190557512593.parquet -> /tmp/minio_downloads/customers_190557512593.parquet
[2026-07-04T14:10:26.989+0000] {logging_mixin.py:188} INFO - Downloaded customers/date=2026-06-17/customers_190557597119.parquet -> /tmp/minio_downloads/customers_190557597119.parquet
[2026-07-04T14:10:27.009+0000] {logging_mixin.py:188} INFO - Downloaded customers/date=2026-06-17/customers_190557690572.parquet -> /tmp/minio_downloads/customers_190557690572.parquet
[2026-07-04T14:10:27.028+0000] {logging_mixin.py:188} INFO - Downloaded customers/date=2026-06-17/customers_190557790451.parquet -> /tmp/minio_downloads/customers_190557790451.parquet
[2026-07-04T14:10:27.048+0000] {logging_mixin.py:188} INFO - Downloaded customers/date=2026-06-17/customers_190557884076.parquet -> /tmp/minio_downloads/customers_190557884076.parquet
[2026-07-04T14:10:27.068+0000] {logging_mixin.py:188} INFO - Downloaded customers/date=2026-06-17/customers_190557952718.parquet -> /tmp/minio_downloads/customers_190557952718.parquet
[2026-07-04T14:10:27.088+0000] {logging_mixin.py:188} INFO - Downloaded customers/date=2026-06-17/customers_190558043136.parquet -> /tmp/minio_downloads/customers_190558043136.parquet
[2026-07-04T14:10:27.107+0000] {logging_mixin.py:188} INFO - Downloaded customers/date=2026-06-17/customers_190558136663.parquet -> /tmp/minio_downloads/customers_190558136663.parquet
[2026-07-04T14:10:27.127+0000] {logging_mixin.py:188} INFO - Downloaded customers/date=2026-06-17/customers_190558241585.parquet -> /tmp/minio_downloads/customers_190558241585.parquet
[2026-07-04T14:10:27.147+0000] {logging_mixin.py:188} INFO - Downloaded customers/date=2026-06-17/customers_190558350426.parquet -> /tmp/minio_downloads/customers_190558350426.parquet
[2026-07-04T14:10:27.167+0000] {logging_mixin.py:188} INFO - Downloaded customers/date=2026-06-17/customers_190558444960.parquet -> /tmp/minio_downloads/customers_190558444960.parquet
[2026-07-04T14:10:27.187+0000] {logging_mixin.py:188} INFO - Downloaded customers/date=2026-06-17/customers_190558539041.parquet -> /tmp/minio_downloads/customers_190558539041.parquet
[2026-07-04T14:10:27.207+0000] {logging_mixin.py:188} INFO - Downloaded customers/date=2026-06-17/customers_190558630829.parquet -> /tmp/minio_downloads/customers_190558630829.parquet
[2026-07-04T14:10:27.226+0000] {logging_mixin.py:188} INFO - Downloaded customers/date=2026-06-17/customers_190558717625.parquet -> /tmp/minio_downloads/customers_190558717625.parquet
[2026-07-04T14:10:27.246+0000] {logging_mixin.py:188} INFO - Downloaded customers/date=2026-06-17/customers_190558792850.parquet -> /tmp/minio_downloads/customers_190558792850.parquet
[2026-07-04T14:10:27.265+0000] {logging_mixin.py:188} INFO - Downloaded customers/date=2026-06-17/customers_190558901725.parquet -> /tmp/minio_downloads/customers_190558901725.parquet
[2026-07-04T14:10:27.284+0000] {logging_mixin.py:188} INFO - Downloaded customers/date=2026-06-17/customers_190559015858.parquet -> /tmp/minio_downloads/customers_190559015858.parquet
[2026-07-04T14:10:27.303+0000] {logging_mixin.py:188} INFO - Downloaded customers/date=2026-06-17/customers_190559103649.parquet -> /tmp/minio_downloads/customers_190559103649.parquet
[2026-07-04T14:10:27.322+0000] {logging_mixin.py:188} INFO - Downloaded customers/date=2026-06-17/customers_190559196766.parquet -> /tmp/minio_downloads/customers_190559196766.parquet
[2026-07-04T14:10:27.340+0000] {logging_mixin.py:188} INFO - Downloaded customers/date=2026-06-17/customers_190559293720.parquet -> /tmp/minio_downloads/customers_190559293720.parquet
[2026-07-04T14:10:27.359+0000] {logging_mixin.py:188} INFO - Downloaded customers/date=2026-06-17/customers_190559374608.parquet -> /tmp/minio_downloads/customers_190559374608.parquet
[2026-07-04T14:10:27.378+0000] {logging_mixin.py:188} INFO - Downloaded customers/date=2026-06-17/customers_190559468836.parquet -> /tmp/minio_downloads/customers_190559468836.parquet
[2026-07-04T14:10:27.396+0000] {logging_mixin.py:188} INFO - Downloaded customers/date=2026-06-17/customers_190559580870.parquet -> /tmp/minio_downloads/customers_190559580870.parquet
[2026-07-04T14:10:27.415+0000] {logging_mixin.py:188} INFO - Downloaded customers/date=2026-06-17/customers_190559682140.parquet -> /tmp/minio_downloads/customers_190559682140.parquet
[2026-07-04T14:10:27.435+0000] {logging_mixin.py:188} INFO - Downloaded customers/date=2026-06-17/customers_190559763988.parquet -> /tmp/minio_downloads/customers_190559763988.parquet
[2026-07-04T14:10:27.454+0000] {logging_mixin.py:188} INFO - Downloaded customers/date=2026-06-17/customers_190559852149.parquet -> /tmp/minio_downloads/customers_190559852149.parquet
[2026-07-04T14:10:27.473+0000] {logging_mixin.py:188} INFO - Downloaded customers/date=2026-06-17/customers_190559937093.parquet -> /tmp/minio_downloads/customers_190559937093.parquet
[2026-07-04T14:10:27.495+0000] {logging_mixin.py:188} INFO - Downloaded customers/date=2026-06-17/customers_190600058927.parquet -> /tmp/minio_downloads/customers_190600058927.parquet
[2026-07-04T14:10:27.514+0000] {logging_mixin.py:188} INFO - Downloaded customers/date=2026-06-17/customers_190600150855.parquet -> /tmp/minio_downloads/customers_190600150855.parquet
[2026-07-04T14:10:27.534+0000] {logging_mixin.py:188} INFO - Downloaded customers/date=2026-06-17/customers_190600259701.parquet -> /tmp/minio_downloads/customers_190600259701.parquet
[2026-07-04T14:10:27.552+0000] {logging_mixin.py:188} INFO - Downloaded customers/date=2026-06-17/customers_190600371122.parquet -> /tmp/minio_downloads/customers_190600371122.parquet
[2026-07-04T14:10:27.571+0000] {logging_mixin.py:188} INFO - Downloaded customers/date=2026-06-17/customers_190600449337.parquet -> /tmp/minio_downloads/customers_190600449337.parquet
[2026-07-04T14:10:27.590+0000] {logging_mixin.py:188} INFO - Downloaded customers/date=2026-06-17/customers_190600552087.parquet -> /tmp/minio_downloads/customers_190600552087.parquet
[2026-07-04T14:10:27.609+0000] {logging_mixin.py:188} INFO - Downloaded customers/date=2026-06-17/customers_190600644467.parquet -> /tmp/minio_downloads/customers_190600644467.parquet
[2026-07-04T14:10:27.627+0000] {logging_mixin.py:188} INFO - Downloaded customers/date=2026-06-17/customers_190600737678.parquet -> /tmp/minio_downloads/customers_190600737678.parquet
[2026-07-04T14:10:27.647+0000] {logging_mixin.py:188} INFO - Downloaded customers/date=2026-06-17/customers_190600838623.parquet -> /tmp/minio_downloads/customers_190600838623.parquet
[2026-07-04T14:10:27.666+0000] {logging_mixin.py:188} INFO - Downloaded customers/date=2026-06-17/customers_190600920539.parquet -> /tmp/minio_downloads/customers_190600920539.parquet
[2026-07-04T14:10:27.685+0000] {logging_mixin.py:188} INFO - Downloaded customers/date=2026-06-17/customers_190601010696.parquet -> /tmp/minio_downloads/customers_190601010696.parquet
[2026-07-04T14:10:27.704+0000] {logging_mixin.py:188} INFO - Downloaded customers/date=2026-06-17/customers_190601088803.parquet -> /tmp/minio_downloads/customers_190601088803.parquet
[2026-07-04T14:10:27.722+0000] {logging_mixin.py:188} INFO - Downloaded customers/date=2026-06-17/customers_190601188047.parquet -> /tmp/minio_downloads/customers_190601188047.parquet
[2026-07-04T14:10:27.741+0000] {logging_mixin.py:188} INFO - Downloaded customers/date=2026-06-17/customers_190601264029.parquet -> /tmp/minio_downloads/customers_190601264029.parquet
[2026-07-04T14:10:27.760+0000] {logging_mixin.py:188} INFO - Downloaded customers/date=2026-06-17/customers_190601380956.parquet -> /tmp/minio_downloads/customers_190601380956.parquet
[2026-07-04T14:10:27.778+0000] {logging_mixin.py:188} INFO - Downloaded customers/date=2026-06-17/customers_190601476373.parquet -> /tmp/minio_downloads/customers_190601476373.parquet
[2026-07-04T14:10:27.797+0000] {logging_mixin.py:188} INFO - Downloaded customers/date=2026-06-17/customers_190601577554.parquet -> /tmp/minio_downloads/customers_190601577554.parquet
[2026-07-04T14:10:27.816+0000] {logging_mixin.py:188} INFO - Downloaded customers/date=2026-06-17/customers_190601685124.parquet -> /tmp/minio_downloads/customers_190601685124.parquet
[2026-07-04T14:10:27.834+0000] {logging_mixin.py:188} INFO - Downloaded customers/date=2026-06-17/customers_190601764878.parquet -> /tmp/minio_downloads/customers_190601764878.parquet
[2026-07-04T14:10:27.854+0000] {logging_mixin.py:188} INFO - Downloaded customers/date=2026-06-17/customers_190601852702.parquet -> /tmp/minio_downloads/customers_190601852702.parquet
[2026-07-04T14:10:27.873+0000] {logging_mixin.py:188} INFO - Downloaded customers/date=2026-06-17/customers_190601940269.parquet -> /tmp/minio_downloads/customers_190601940269.parquet
[2026-07-04T14:10:27.892+0000] {logging_mixin.py:188} INFO - Downloaded customers/date=2026-06-17/customers_190602033750.parquet -> /tmp/minio_downloads/customers_190602033750.parquet
[2026-07-04T14:10:27.909+0000] {logging_mixin.py:188} INFO - Downloaded customers/date=2026-06-17/customers_190602126486.parquet -> /tmp/minio_downloads/customers_190602126486.parquet
[2026-07-04T14:10:27.928+0000] {logging_mixin.py:188} INFO - Downloaded customers/date=2026-06-17/customers_190602227982.parquet -> /tmp/minio_downloads/customers_190602227982.parquet
[2026-07-04T14:10:27.947+0000] {logging_mixin.py:188} INFO - Downloaded customers/date=2026-06-17/customers_190602332080.parquet -> /tmp/minio_downloads/customers_190602332080.parquet
[2026-07-04T14:10:27.965+0000] {logging_mixin.py:188} INFO - Downloaded customers/date=2026-06-17/customers_190602407815.parquet -> /tmp/minio_downloads/customers_190602407815.parquet
[2026-07-04T14:10:27.984+0000] {logging_mixin.py:188} INFO - Downloaded customers/date=2026-06-17/customers_190602507554.parquet -> /tmp/minio_downloads/customers_190602507554.parquet
[2026-07-04T14:10:28.004+0000] {logging_mixin.py:188} INFO - Downloaded customers/date=2026-06-17/customers_190602606187.parquet -> /tmp/minio_downloads/customers_190602606187.parquet
[2026-07-04T14:10:28.023+0000] {logging_mixin.py:188} INFO - Downloaded customers/date=2026-06-17/customers_190602713957.parquet -> /tmp/minio_downloads/customers_190602713957.parquet
[2026-07-04T14:10:28.042+0000] {logging_mixin.py:188} INFO - Downloaded customers/date=2026-06-17/customers_190602803821.parquet -> /tmp/minio_downloads/customers_190602803821.parquet
[2026-07-04T14:10:28.062+0000] {logging_mixin.py:188} INFO - Downloaded customers/date=2026-06-17/customers_190602892941.parquet -> /tmp/minio_downloads/customers_190602892941.parquet
[2026-07-04T14:10:28.080+0000] {logging_mixin.py:188} INFO - Downloaded customers/date=2026-06-17/customers_190602976217.parquet -> /tmp/minio_downloads/customers_190602976217.parquet
[2026-07-04T14:10:28.099+0000] {logging_mixin.py:188} INFO - Downloaded customers/date=2026-06-17/customers_190603061176.parquet -> /tmp/minio_downloads/customers_190603061176.parquet
[2026-07-04T14:10:28.118+0000] {logging_mixin.py:188} INFO - Downloaded customers/date=2026-06-17/customers_190603164697.parquet -> /tmp/minio_downloads/customers_190603164697.parquet
[2026-07-04T14:10:28.137+0000] {logging_mixin.py:188} INFO - Downloaded customers/date=2026-06-17/customers_190603285424.parquet -> /tmp/minio_downloads/customers_190603285424.parquet
[2026-07-04T14:10:28.157+0000] {logging_mixin.py:188} INFO - Downloaded customers/date=2026-06-17/customers_190603398352.parquet -> /tmp/minio_downloads/customers_190603398352.parquet
[2026-07-04T14:10:28.176+0000] {logging_mixin.py:188} INFO - Downloaded customers/date=2026-06-17/customers_190603488359.parquet -> /tmp/minio_downloads/customers_190603488359.parquet
[2026-07-04T14:10:28.195+0000] {logging_mixin.py:188} INFO - Downloaded customers/date=2026-06-17/customers_190603597418.parquet -> /tmp/minio_downloads/customers_190603597418.parquet
[2026-07-04T14:10:28.214+0000] {logging_mixin.py:188} INFO - Downloaded customers/date=2026-06-17/customers_190603692834.parquet -> /tmp/minio_downloads/customers_190603692834.parquet
[2026-07-04T14:10:28.233+0000] {logging_mixin.py:188} INFO - Downloaded customers/date=2026-06-17/customers_190603796704.parquet -> /tmp/minio_downloads/customers_190603796704.parquet
[2026-07-04T14:10:28.252+0000] {logging_mixin.py:188} INFO - Downloaded customers/date=2026-06-17/customers_190603881793.parquet -> /tmp/minio_downloads/customers_190603881793.parquet
[2026-07-04T14:10:28.270+0000] {logging_mixin.py:188} INFO - Downloaded customers/date=2026-06-17/customers_190603963319.parquet -> /tmp/minio_downloads/customers_190603963319.parquet
[2026-07-04T14:10:28.289+0000] {logging_mixin.py:188} INFO - Downloaded customers/date=2026-06-17/customers_190604047318.parquet -> /tmp/minio_downloads/customers_190604047318.parquet
[2026-07-04T14:10:28.308+0000] {logging_mixin.py:188} INFO - Downloaded customers/date=2026-06-17/customers_190604147440.parquet -> /tmp/minio_downloads/customers_190604147440.parquet
[2026-07-04T14:10:28.326+0000] {logging_mixin.py:188} INFO - Downloaded customers/date=2026-06-17/customers_190604238914.parquet -> /tmp/minio_downloads/customers_190604238914.parquet
[2026-07-04T14:10:28.345+0000] {logging_mixin.py:188} INFO - Downloaded customers/date=2026-06-17/customers_190604336354.parquet -> /tmp/minio_downloads/customers_190604336354.parquet
[2026-07-04T14:10:28.363+0000] {logging_mixin.py:188} INFO - Downloaded customers/date=2026-06-17/customers_190604431344.parquet -> /tmp/minio_downloads/customers_190604431344.parquet
[2026-07-04T14:10:28.384+0000] {logging_mixin.py:188} INFO - Downloaded customers/date=2026-06-17/customers_190604532238.parquet -> /tmp/minio_downloads/customers_190604532238.parquet
[2026-07-04T14:10:28.404+0000] {logging_mixin.py:188} INFO - Downloaded customers/date=2026-06-17/customers_190604640638.parquet -> /tmp/minio_downloads/customers_190604640638.parquet
[2026-07-04T14:10:28.424+0000] {logging_mixin.py:188} INFO - Downloaded customers/date=2026-06-17/customers_190604745426.parquet -> /tmp/minio_downloads/customers_190604745426.parquet
[2026-07-04T14:10:28.444+0000] {logging_mixin.py:188} INFO - Downloaded customers/date=2026-06-17/customers_190604853795.parquet -> /tmp/minio_downloads/customers_190604853795.parquet
[2026-07-04T14:10:28.462+0000] {logging_mixin.py:188} INFO - Downloaded customers/date=2026-06-17/customers_190604949876.parquet -> /tmp/minio_downloads/customers_190604949876.parquet
[2026-07-04T14:10:28.484+0000] {logging_mixin.py:188} INFO - Downloaded customers/date=2026-06-17/customers_190605047664.parquet -> /tmp/minio_downloads/customers_190605047664.parquet
[2026-07-04T14:10:28.508+0000] {logging_mixin.py:188} INFO - Downloaded customers/date=2026-06-17/customers_190605151340.parquet -> /tmp/minio_downloads/customers_190605151340.parquet
[2026-07-04T14:10:28.530+0000] {logging_mixin.py:188} INFO - Downloaded customers/date=2026-06-17/customers_190605242379.parquet -> /tmp/minio_downloads/customers_190605242379.parquet
[2026-07-04T14:10:28.553+0000] {logging_mixin.py:188} INFO - Downloaded customers/date=2026-06-17/customers_190605328123.parquet -> /tmp/minio_downloads/customers_190605328123.parquet
[2026-07-04T14:10:28.576+0000] {logging_mixin.py:188} INFO - Downloaded customers/date=2026-06-17/customers_190605429788.parquet -> /tmp/minio_downloads/customers_190605429788.parquet
[2026-07-04T14:10:28.595+0000] {logging_mixin.py:188} INFO - Downloaded customers/date=2026-06-17/customers_190605514488.parquet -> /tmp/minio_downloads/customers_190605514488.parquet
[2026-07-04T14:10:28.617+0000] {logging_mixin.py:188} INFO - Downloaded customers/date=2026-06-17/customers_190605675520.parquet -> /tmp/minio_downloads/customers_190605675520.parquet
[2026-07-04T14:10:28.637+0000] {logging_mixin.py:188} INFO - Downloaded customers/date=2026-06-17/customers_190605766443.parquet -> /tmp/minio_downloads/customers_190605766443.parquet
[2026-07-04T14:10:28.657+0000] {logging_mixin.py:188} INFO - Downloaded customers/date=2026-06-17/customers_190605861566.parquet -> /tmp/minio_downloads/customers_190605861566.parquet
[2026-07-04T14:10:28.678+0000] {logging_mixin.py:188} INFO - Downloaded customers/date=2026-06-17/customers_190605946062.parquet -> /tmp/minio_downloads/customers_190605946062.parquet
[2026-07-04T14:10:28.699+0000] {logging_mixin.py:188} INFO - Downloaded customers/date=2026-06-17/customers_190606011561.parquet -> /tmp/minio_downloads/customers_190606011561.parquet
[2026-07-04T14:10:28.718+0000] {logging_mixin.py:188} INFO - Downloaded customers/date=2026-06-17/customers_190606111886.parquet -> /tmp/minio_downloads/customers_190606111886.parquet
[2026-07-04T14:10:28.738+0000] {logging_mixin.py:188} INFO - Downloaded customers/date=2026-06-17/customers_190606214230.parquet -> /tmp/minio_downloads/customers_190606214230.parquet
[2026-07-04T14:10:28.757+0000] {logging_mixin.py:188} INFO - Downloaded customers/date=2026-06-17/customers_190606301360.parquet -> /tmp/minio_downloads/customers_190606301360.parquet
[2026-07-04T14:10:28.776+0000] {logging_mixin.py:188} INFO - Downloaded customers/date=2026-06-17/customers_190606396157.parquet -> /tmp/minio_downloads/customers_190606396157.parquet
[2026-07-04T14:10:28.796+0000] {logging_mixin.py:188} INFO - Downloaded customers/date=2026-06-17/customers_190606472720.parquet -> /tmp/minio_downloads/customers_190606472720.parquet
[2026-07-04T14:10:28.816+0000] {logging_mixin.py:188} INFO - Downloaded customers/date=2026-06-17/customers_190606558971.parquet -> /tmp/minio_downloads/customers_190606558971.parquet
[2026-07-04T14:10:28.835+0000] {logging_mixin.py:188} INFO - Downloaded customers/date=2026-06-17/customers_190606651803.parquet -> /tmp/minio_downloads/customers_190606651803.parquet
[2026-07-04T14:10:28.854+0000] {logging_mixin.py:188} INFO - Downloaded customers/date=2026-06-17/customers_190606758259.parquet -> /tmp/minio_downloads/customers_190606758259.parquet
[2026-07-04T14:10:28.874+0000] {logging_mixin.py:188} INFO - Downloaded customers/date=2026-06-17/customers_190606905015.parquet -> /tmp/minio_downloads/customers_190606905015.parquet
[2026-07-04T14:10:28.893+0000] {logging_mixin.py:188} INFO - Downloaded customers/date=2026-06-17/customers_190606999522.parquet -> /tmp/minio_downloads/customers_190606999522.parquet
[2026-07-04T14:10:28.912+0000] {logging_mixin.py:188} INFO - Downloaded customers/date=2026-06-17/customers_190607098445.parquet -> /tmp/minio_downloads/customers_190607098445.parquet
[2026-07-04T14:10:28.931+0000] {logging_mixin.py:188} INFO - Downloaded customers/date=2026-06-17/customers_190607219767.parquet -> /tmp/minio_downloads/customers_190607219767.parquet
[2026-07-04T14:10:28.951+0000] {logging_mixin.py:188} INFO - Downloaded customers/date=2026-06-17/customers_190607332437.parquet -> /tmp/minio_downloads/customers_190607332437.parquet
[2026-07-04T14:10:28.969+0000] {logging_mixin.py:188} INFO - Downloaded customers/date=2026-06-17/customers_190607429683.parquet -> /tmp/minio_downloads/customers_190607429683.parquet
[2026-07-04T14:10:28.988+0000] {logging_mixin.py:188} INFO - Downloaded customers/date=2026-06-17/customers_190607544099.parquet -> /tmp/minio_downloads/customers_190607544099.parquet
[2026-07-04T14:10:29.007+0000] {logging_mixin.py:188} INFO - Downloaded customers/date=2026-06-17/customers_190607679582.parquet -> /tmp/minio_downloads/customers_190607679582.parquet
[2026-07-04T14:10:29.029+0000] {logging_mixin.py:188} INFO - Downloaded customers/date=2026-06-17/customers_190607821362.parquet -> /tmp/minio_downloads/customers_190607821362.parquet
[2026-07-04T14:10:29.049+0000] {logging_mixin.py:188} INFO - Downloaded customers/date=2026-06-17/customers_190608018780.parquet -> /tmp/minio_downloads/customers_190608018780.parquet
[2026-07-04T14:10:29.068+0000] {logging_mixin.py:188} INFO - Downloaded customers/date=2026-06-17/customers_190608136287.parquet -> /tmp/minio_downloads/customers_190608136287.parquet
[2026-07-04T14:10:29.088+0000] {logging_mixin.py:188} INFO - Downloaded customers/date=2026-06-17/customers_190608245277.parquet -> /tmp/minio_downloads/customers_190608245277.parquet
[2026-07-04T14:10:29.107+0000] {logging_mixin.py:188} INFO - Downloaded customers/date=2026-06-17/customers_190608355024.parquet -> /tmp/minio_downloads/customers_190608355024.parquet
[2026-07-04T14:10:29.126+0000] {logging_mixin.py:188} INFO - Downloaded customers/date=2026-06-17/customers_190608472379.parquet -> /tmp/minio_downloads/customers_190608472379.parquet
[2026-07-04T14:10:29.145+0000] {logging_mixin.py:188} INFO - Downloaded customers/date=2026-06-17/customers_190608572915.parquet -> /tmp/minio_downloads/customers_190608572915.parquet
[2026-07-04T14:10:29.164+0000] {logging_mixin.py:188} INFO - Downloaded customers/date=2026-06-17/customers_190608659517.parquet -> /tmp/minio_downloads/customers_190608659517.parquet
[2026-07-04T14:10:29.183+0000] {logging_mixin.py:188} INFO - Downloaded customers/date=2026-06-17/customers_190608756216.parquet -> /tmp/minio_downloads/customers_190608756216.parquet
[2026-07-04T14:10:29.203+0000] {logging_mixin.py:188} INFO - Downloaded customers/date=2026-06-17/customers_190608849431.parquet -> /tmp/minio_downloads/customers_190608849431.parquet
[2026-07-04T14:10:29.221+0000] {logging_mixin.py:188} INFO - Downloaded customers/date=2026-06-17/customers_190608959528.parquet -> /tmp/minio_downloads/customers_190608959528.parquet
[2026-07-04T14:10:29.240+0000] {python.py:237} INFO - Done. Returned value was: {'customers': ['/tmp/minio_downloads/customers_190118474101.parquet', '/tmp/minio_downloads/customers_190118558805.parquet', '/tmp/minio_downloads/customers_190118637451.parquet', '/tmp/minio_downloads/customers_190118704077.parquet', '/tmp/minio_downloads/customers_190118757294.parquet', '/tmp/minio_downloads/customers_190118804450.parquet', '/tmp/minio_downloads/customers_190118859377.parquet', '/tmp/minio_downloads/customers_190118909807.parquet', '/tmp/minio_downloads/customers_190118962070.parquet', '/tmp/minio_downloads/customers_190119013345.parquet', '/tmp/minio_downloads/customers_190119066490.parquet', '/tmp/minio_downloads/customers_190119139754.parquet', '/tmp/minio_downloads/customers_190119263543.parquet', '/tmp/minio_downloads/customers_190119390209.parquet', '/tmp/minio_downloads/customers_190119463358.parquet', '/tmp/minio_downloads/customers_190119548561.parquet', '/tmp/minio_downloads/customers_190119628300.parquet', '/tmp/minio_downloads/customers_190119731265.parquet', '/tmp/minio_downloads/customers_190119816203.parquet', '/tmp/minio_downloads/customers_190119905698.parquet', '/tmp/minio_downloads/customers_190120040271.parquet', '/tmp/minio_downloads/customers_190120132786.parquet', '/tmp/minio_downloads/customers_190120201937.parquet', '/tmp/minio_downloads/customers_190120279098.parquet', '/tmp/minio_downloads/customers_190120349697.parquet', '/tmp/minio_downloads/customers_190120432051.parquet', '/tmp/minio_downloads/customers_190120568706.parquet', '/tmp/minio_downloads/customers_190120649298.parquet', '/tmp/minio_downloads/customers_190120717788.parquet', '/tmp/minio_downloads/customers_190120785337.parquet', '/tmp/minio_downloads/customers_190120832918.parquet', '/tmp/minio_downloads/customers_190120902521.parquet', '/tmp/minio_downloads/customers_190120964409.parquet', '/tmp/minio_downloads/customers_190121020503.parquet', '/tmp/minio_downloads/customers_190121089337.parquet', '/tmp/minio_downloads/customers_190121147140.parquet', '/tmp/minio_downloads/customers_190121236766.parquet', '/tmp/minio_downloads/customers_190121314374.parquet', '/tmp/minio_downloads/customers_190121389208.parquet', '/tmp/minio_downloads/customers_190121470589.parquet', '/tmp/minio_downloads/customers_190121557173.parquet', '/tmp/minio_downloads/customers_190121635672.parquet', '/tmp/minio_downloads/customers_190121708765.parquet', '/tmp/minio_downloads/customers_190121774496.parquet', '/tmp/minio_downloads/customers_190121828872.parquet', '/tmp/minio_downloads/customers_190121884665.parquet', '/tmp/minio_downloads/customers_190121936133.parquet', '/tmp/minio_downloads/customers_190121986968.parquet', '/tmp/minio_downloads/customers_190122038502.parquet', '/tmp/minio_downloads/customers_190122087552.parquet', '/tmp/minio_downloads/customers_190122199861.parquet', '/tmp/minio_downloads/customers_190122288107.parquet', '/tmp/minio_downloads/customers_190122362702.parquet', '/tmp/minio_downloads/customers_190122426397.parquet', '/tmp/minio_downloads/customers_190122496594.parquet', '/tmp/minio_downloads/customers_190122575921.parquet', '/tmp/minio_downloads/customers_190122666732.parquet', '/tmp/minio_downloads/customers_190122744017.parquet', '/tmp/minio_downloads/customers_190122803790.parquet', '/tmp/minio_downloads/customers_190122866720.parquet', '/tmp/minio_downloads/customers_190122917755.parquet', '/tmp/minio_downloads/customers_190122965839.parquet', '/tmp/minio_downloads/customers_190123017563.parquet', '/tmp/minio_downloads/customers_190123087773.parquet', '/tmp/minio_downloads/customers_190123155911.parquet', '/tmp/minio_downloads/customers_190123225422.parquet', '/tmp/minio_downloads/customers_190123295060.parquet', '/tmp/minio_downloads/customers_190123375883.parquet', '/tmp/minio_downloads/customers_190123461445.parquet', '/tmp/minio_downloads/customers_190123549403.parquet', '/tmp/minio_downloads/customers_190123629735.parquet', '/tmp/minio_downloads/customers_190123712537.parquet', '/tmp/minio_downloads/customers_190123785855.parquet', '/tmp/minio_downloads/customers_190123852768.parquet', '/tmp/minio_downloads/customers_190123936501.parquet', '/tmp/minio_downloads/customers_190124033849.parquet', '/tmp/minio_downloads/customers_190124166322.parquet', '/tmp/minio_downloads/customers_190124239295.parquet', '/tmp/minio_downloads/customers_190124308641.parquet', '/tmp/minio_downloads/customers_190124367126.parquet', '/tmp/minio_downloads/customers_190124438120.parquet', '/tmp/minio_downloads/customers_190124506813.parquet', '/tmp/minio_downloads/customers_190124577918.parquet', '/tmp/minio_downloads/customers_190124645052.parquet', '/tmp/minio_downloads/customers_190124698144.parquet', '/tmp/minio_downloads/customers_190124750698.parquet', '/tmp/minio_downloads/customers_190124860523.parquet', '/tmp/minio_downloads/customers_190124942262.parquet', '/tmp/minio_downloads/customers_190125013131.parquet', '/tmp/minio_downloads/customers_190125105286.parquet', '/tmp/minio_downloads/customers_190125202440.parquet', '/tmp/minio_downloads/customers_190125298099.parquet', '/tmp/minio_downloads/customers_190125375584.parquet', '/tmp/minio_downloads/customers_190125437993.parquet', '/tmp/minio_downloads/customers_190125502586.parquet', '/tmp/minio_downloads/customers_190125580897.parquet', '/tmp/minio_downloads/customers_190125642474.parquet', '/tmp/minio_downloads/customers_190125701048.parquet', '/tmp/minio_downloads/customers_190125761080.parquet', '/tmp/minio_downloads/customers_190125833530.parquet', '/tmp/minio_downloads/customers_190125898658.parquet', '/tmp/minio_downloads/customers_190125975991.parquet', '/tmp/minio_downloads/customers_190126066822.parquet', '/tmp/minio_downloads/customers_190126198505.parquet', '/tmp/minio_downloads/customers_190126301475.parquet', '/tmp/minio_downloads/customers_190126398593.parquet', '/tmp/minio_downloads/customers_190126533501.parquet', '/tmp/minio_downloads/customers_190126611796.parquet', '/tmp/minio_downloads/customers_190126673708.parquet', '/tmp/minio_downloads/customers_190126725267.parquet', '/tmp/minio_downloads/customers_190126787313.parquet', '/tmp/minio_downloads/customers_190126855392.parquet', '/tmp/minio_downloads/customers_190126906171.parquet', '/tmp/minio_downloads/customers_190126961049.parquet', '/tmp/minio_downloads/customers_190127014299.parquet', '/tmp/minio_downloads/customers_190127077863.parquet', '/tmp/minio_downloads/customers_190127230270.parquet', '/tmp/minio_downloads/customers_190127379217.parquet', '/tmp/minio_downloads/customers_190127480731.parquet', '/tmp/minio_downloads/customers_190127588343.parquet', '/tmp/minio_downloads/customers_190127655023.parquet', '/tmp/minio_downloads/customers_190127718661.parquet', '/tmp/minio_downloads/customers_190127807503.parquet', '/tmp/minio_downloads/customers_190127875342.parquet', '/tmp/minio_downloads/customers_190127934037.parquet', '/tmp/minio_downloads/customers_190127986063.parquet', '/tmp/minio_downloads/customers_190128037403.parquet', '/tmp/minio_downloads/customers_190128094155.parquet', '/tmp/minio_downloads/customers_190128153350.parquet', '/tmp/minio_downloads/customers_190128208574.parquet', '/tmp/minio_downloads/customers_190128269321.parquet', '/tmp/minio_downloads/customers_190128431709.parquet', '/tmp/minio_downloads/customers_190128531915.parquet', '/tmp/minio_downloads/customers_190128627723.parquet', '/tmp/minio_downloads/customers_190128728340.parquet', '/tmp/minio_downloads/customers_190128798458.parquet', '/tmp/minio_downloads/customers_190128859676.parquet', '/tmp/minio_downloads/customers_190128933072.parquet', '/tmp/minio_downloads/customers_190129009410.parquet', '/tmp/minio_downloads/customers_190129066318.parquet', '/tmp/minio_downloads/customers_190129134200.parquet', '/tmp/minio_downloads/customers_190129228717.parquet', '/tmp/minio_downloads/customers_190129346180.parquet', '/tmp/minio_downloads/customers_190129451553.parquet', '/tmp/minio_downloads/customers_190129526392.parquet', '/tmp/minio_downloads/customers_190129605212.parquet', '/tmp/minio_downloads/customers_190129695196.parquet', '/tmp/minio_downloads/customers_190129776918.parquet', '/tmp/minio_downloads/customers_190129832175.parquet', '/tmp/minio_downloads/customers_190129890474.parquet', '/tmp/minio_downloads/customers_190129953507.parquet', '/tmp/minio_downloads/customers_190130013760.parquet', '/tmp/minio_downloads/customers_190130073802.parquet', '/tmp/minio_downloads/customers_190130138955.parquet', '/tmp/minio_downloads/customers_190130228190.parquet', '/tmp/minio_downloads/customers_190130320235.parquet', '/tmp/minio_downloads/customers_190130463414.parquet', '/tmp/minio_downloads/customers_190130642884.parquet', '/tmp/minio_downloads/customers_190130717184.parquet', '/tmp/minio_downloads/customers_190130808820.parquet', '/tmp/minio_downloads/customers_190130916199.parquet', '/tmp/minio_downloads/customers_190131003963.parquet', '/tmp/minio_downloads/customers_190131072490.parquet', '/tmp/minio_downloads/customers_190131132290.parquet', '/tmp/minio_downloads/customers_190131197231.parquet', '/tmp/minio_downloads/customers_190131284048.parquet', '/tmp/minio_downloads/customers_190131351632.parquet', '/tmp/minio_downloads/customers_190131412820.parquet', '/tmp/minio_downloads/customers_190131477522.parquet', '/tmp/minio_downloads/customers_190131556821.parquet', '/tmp/minio_downloads/customers_190131630829.parquet', '/tmp/minio_downloads/customers_190131759153.parquet', '/tmp/minio_downloads/customers_190131874052.parquet', '/tmp/minio_downloads/customers_190131957224.parquet', '/tmp/minio_downloads/customers_190132020731.parquet', '/tmp/minio_downloads/customers_190132095530.parquet', '/tmp/minio_downloads/customers_190132190842.parquet', '/tmp/minio_downloads/customers_190132257908.parquet', '/tmp/minio_downloads/customers_190132336735.parquet', '/tmp/minio_downloads/customers_190132397476.parquet', '/tmp/minio_downloads/customers_190132457332.parquet', '/tmp/minio_downloads/customers_190132511945.parquet', '/tmp/minio_downloads/customers_190132569070.parquet', '/tmp/minio_downloads/customers_190132629049.parquet', '/tmp/minio_downloads/customers_190132688276.parquet', '/tmp/minio_downloads/customers_190132778792.parquet', '/tmp/minio_downloads/customers_190132897929.parquet', '/tmp/minio_downloads/customers_190132989487.parquet', '/tmp/minio_downloads/customers_190133056824.parquet', '/tmp/minio_downloads/customers_190133121817.parquet', '/tmp/minio_downloads/customers_190133207008.parquet', '/tmp/minio_downloads/customers_190133294815.parquet', '/tmp/minio_downloads/customers_190133373555.parquet', '/tmp/minio_downloads/customers_190133435257.parquet', '/tmp/minio_downloads/customers_190133483896.parquet', '/tmp/minio_downloads/customers_190133536221.parquet', '/tmp/minio_downloads/customers_190133607984.parquet', '/tmp/minio_downloads/customers_190133687814.parquet', '/tmp/minio_downloads/customers_190133755829.parquet', '/tmp/minio_downloads/customers_190133820634.parquet', '/tmp/minio_downloads/customers_190133887302.parquet', '/tmp/minio_downloads/customers_190133997058.parquet', '/tmp/minio_downloads/customers_190134107120.parquet', '/tmp/minio_downloads/customers_190134177669.parquet', '/tmp/minio_downloads/customers_190134250035.parquet', '/tmp/minio_downloads/customers_190134360713.parquet', '/tmp/minio_downloads/customers_190134433874.parquet', '/tmp/minio_downloads/customers_190134494634.parquet', '/tmp/minio_downloads/customers_190134552884.parquet', '/tmp/minio_downloads/customers_190134677072.parquet', '/tmp/minio_downloads/customers_190134754871.parquet', '/tmp/minio_downloads/customers_190134813898.parquet', '/tmp/minio_downloads/customers_190134868592.parquet', '/tmp/minio_downloads/customers_190134926130.parquet', '/tmp/minio_downloads/customers_190134999617.parquet', '/tmp/minio_downloads/customers_190135107340.parquet', '/tmp/minio_downloads/customers_190135172475.parquet', '/tmp/minio_downloads/customers_190135244286.parquet', '/tmp/minio_downloads/customers_190135325711.parquet', '/tmp/minio_downloads/customers_190135429417.parquet', '/tmp/minio_downloads/customers_190135510140.parquet', '/tmp/minio_downloads/customers_190135568172.parquet', '/tmp/minio_downloads/customers_190135623504.parquet', '/tmp/minio_downloads/customers_190135674345.parquet', '/tmp/minio_downloads/customers_190135739430.parquet', '/tmp/minio_downloads/customers_190135807360.parquet', '/tmp/minio_downloads/customers_190135888235.parquet', '/tmp/minio_downloads/customers_190135947589.parquet', '/tmp/minio_downloads/customers_190135998103.parquet', '/tmp/minio_downloads/customers_190136061849.parquet', '/tmp/minio_downloads/customers_190136167996.parquet', '/tmp/minio_downloads/customers_190136257354.parquet', '/tmp/minio_downloads/customers_190136337224.parquet', '/tmp/minio_downloads/customers_190136431571.parquet', '/tmp/minio_downloads/customers_190136503854.parquet', '/tmp/minio_downloads/customers_190136560538.parquet', '/tmp/minio_downloads/customers_190136621534.parquet', '/tmp/minio_downloads/customers_190136680399.parquet', '/tmp/minio_downloads/customers_190136741933.parquet', '/tmp/minio_downloads/customers_190136820157.parquet', '/tmp/minio_downloads/customers_190136887851.parquet', '/tmp/minio_downloads/customers_190136946066.parquet', '/tmp/minio_downloads/customers_190137004434.parquet', '/tmp/minio_downloads/customers_190137101677.parquet', '/tmp/minio_downloads/customers_190137255608.parquet', '/tmp/minio_downloads/customers_190137346229.parquet', '/tmp/minio_downloads/customers_190137423200.parquet', '/tmp/minio_downloads/customers_190137525213.parquet', '/tmp/minio_downloads/customers_190137610662.parquet', '/tmp/minio_downloads/customers_190137678559.parquet', '/tmp/minio_downloads/customers_190137736461.parquet', '/tmp/minio_downloads/customers_190137787947.parquet', '/tmp/minio_downloads/customers_190137839219.parquet', '/tmp/minio_downloads/customers_190137888382.parquet', '/tmp/minio_downloads/customers_190137935832.parquet', '/tmp/minio_downloads/customers_190137986486.parquet', '/tmp/minio_downloads/customers_190138038505.parquet', '/tmp/minio_downloads/customers_190138107616.parquet', '/tmp/minio_downloads/customers_190138169555.parquet', '/tmp/minio_downloads/customers_190138226465.parquet', '/tmp/minio_downloads/customers_190138304921.parquet', '/tmp/minio_downloads/customers_190138364174.parquet', '/tmp/minio_downloads/customers_190138432863.parquet', '/tmp/minio_downloads/customers_190138495682.parquet', '/tmp/minio_downloads/customers_190138578969.parquet', '/tmp/minio_downloads/customers_190138651839.parquet', '/tmp/minio_downloads/customers_190138721874.parquet', '/tmp/minio_downloads/customers_190138789535.parquet', '/tmp/minio_downloads/customers_190138845434.parquet', '/tmp/minio_downloads/customers_190138905662.parquet', '/tmp/minio_downloads/customers_190138968687.parquet', '/tmp/minio_downloads/customers_190139031810.parquet', '/tmp/minio_downloads/customers_190139087380.parquet', '/tmp/minio_downloads/customers_190139142629.parquet', '/tmp/minio_downloads/customers_190139224460.parquet', '/tmp/minio_downloads/customers_190139336847.parquet', '/tmp/minio_downloads/customers_190139446805.parquet', '/tmp/minio_downloads/customers_190139537292.parquet', '/tmp/minio_downloads/customers_190139614237.parquet', '/tmp/minio_downloads/customers_190139685084.parquet', '/tmp/minio_downloads/customers_190139752979.parquet', '/tmp/minio_downloads/customers_190139809536.parquet', '/tmp/minio_downloads/customers_190139865207.parquet', '/tmp/minio_downloads/customers_190139920838.parquet', '/tmp/minio_downloads/customers_190140018171.parquet', '/tmp/minio_downloads/customers_190140106906.parquet', '/tmp/minio_downloads/customers_190140180645.parquet', '/tmp/minio_downloads/customers_190140245926.parquet', '/tmp/minio_downloads/customers_190140303625.parquet', '/tmp/minio_downloads/customers_190140373289.parquet', '/tmp/minio_downloads/customers_190140482555.parquet', '/tmp/minio_downloads/customers_190140574962.parquet', '/tmp/minio_downloads/customers_190140645381.parquet', '/tmp/minio_downloads/customers_190140714886.parquet', '/tmp/minio_downloads/customers_190140792916.parquet', '/tmp/minio_downloads/customers_190140855292.parquet', '/tmp/minio_downloads/customers_190140915544.parquet', '/tmp/minio_downloads/customers_190140970565.parquet', '/tmp/minio_downloads/customers_190141025800.parquet', '/tmp/minio_downloads/customers_190141085798.parquet', '/tmp/minio_downloads/customers_190141143360.parquet', '/tmp/minio_downloads/customers_190141207606.parquet', '/tmp/minio_downloads/customers_190141272924.parquet', '/tmp/minio_downloads/customers_190141331653.parquet', '/tmp/minio_downloads/customers_190141384064.parquet', '/tmp/minio_downloads/customers_190141452758.parquet', '/tmp/minio_downloads/customers_190141523955.parquet', '/tmp/minio_downloads/customers_190141601091.parquet', '/tmp/minio_downloads/customers_190141666860.parquet', '/tmp/minio_downloads/customers_190141734317.parquet', '/tmp/minio_downloads/customers_190141797223.parquet', '/tmp/minio_downloads/customers_190141855437.parquet', '/tmp/minio_downloads/customers_190141909809.parquet', '/tmp/minio_downloads/customers_190141963132.parquet', '/tmp/minio_downloads/customers_190142031820.parquet', '/tmp/minio_downloads/customers_190142133562.parquet', '/tmp/minio_downloads/customers_190142200156.parquet', '/tmp/minio_downloads/customers_190142276412.parquet', '/tmp/minio_downloads/customers_190142357783.parquet', '/tmp/minio_downloads/customers_190142437611.parquet', '/tmp/minio_downloads/customers_190142517058.parquet', '/tmp/minio_downloads/customers_190142591045.parquet', '/tmp/minio_downloads/customers_190142671609.parquet', '/tmp/minio_downloads/customers_190142733046.parquet', '/tmp/minio_downloads/customers_190142868857.parquet', '/tmp/minio_downloads/customers_190143012723.parquet', '/tmp/minio_downloads/customers_190143114526.parquet', '/tmp/minio_downloads/customers_190143210657.parquet', '/tmp/minio_downloads/customers_190143266079.parquet', '/tmp/minio_downloads/customers_190143342983.parquet', '/tmp/minio_downloads/customers_190143422918.parquet', '/tmp/minio_downloads/customers_190143486297.parquet', '/tmp/minio_downloads/customers_190143554839.parquet', '/tmp/minio_downloads/customers_190143631809.parquet', '/tmp/minio_downloads/customers_190143720153.parquet', '/tmp/minio_downloads/customers_190143814757.parquet', '/tmp/minio_downloads/customers_190143914687.parquet', '/tmp/minio_downloads/customers_190144016870.parquet', '/tmp/minio_downloads/customers_190144097760.parquet', '/tmp/minio_downloads/customers_190144165362.parquet', '/tmp/minio_downloads/customers_190144219895.parquet', '/tmp/minio_downloads/customers_190144276140.parquet', '/tmp/minio_downloads/customers_190144335636.parquet', '/tmp/minio_downloads/customers_190144391424.parquet', '/tmp/minio_downloads/customers_190144468677.parquet', '/tmp/minio_downloads/customers_190144557018.parquet', '/tmp/minio_downloads/customers_190144678194.parquet', '/tmp/minio_downloads/customers_190144790046.parquet', '/tmp/minio_downloads/customers_190144876994.parquet', '/tmp/minio_downloads/customers_190144948552.parquet', '/tmp/minio_downloads/customers_190145016670.parquet', '/tmp/minio_downloads/customers_190145082851.parquet', '/tmp/minio_downloads/customers_190145145106.parquet', '/tmp/minio_downloads/customers_190145209849.parquet', '/tmp/minio_downloads/customers_190145274355.parquet', '/tmp/minio_downloads/customers_190145335174.parquet', '/tmp/minio_downloads/customers_190145391987.parquet', '/tmp/minio_downloads/customers_190145449141.parquet', '/tmp/minio_downloads/customers_190145517234.parquet', '/tmp/minio_downloads/customers_190145574072.parquet', '/tmp/minio_downloads/customers_190145633431.parquet', '/tmp/minio_downloads/customers_190534056791.parquet', '/tmp/minio_downloads/customers_190534138913.parquet', '/tmp/minio_downloads/customers_190534229894.parquet', '/tmp/minio_downloads/customers_190534306790.parquet', '/tmp/minio_downloads/customers_190534388373.parquet', '/tmp/minio_downloads/customers_190534488935.parquet', '/tmp/minio_downloads/customers_190534569834.parquet', '/tmp/minio_downloads/customers_190534670967.parquet', '/tmp/minio_downloads/customers_190534749320.parquet', '/tmp/minio_downloads/customers_190534820934.parquet', '/tmp/minio_downloads/customers_190534904719.parquet', '/tmp/minio_downloads/customers_190534971629.parquet', '/tmp/minio_downloads/customers_190535042505.parquet', '/tmp/minio_downloads/customers_190535119196.parquet', '/tmp/minio_downloads/customers_190535229129.parquet', '/tmp/minio_downloads/customers_190535309317.parquet', '/tmp/minio_downloads/customers_190535384613.parquet', '/tmp/minio_downloads/customers_190535464854.parquet', '/tmp/minio_downloads/customers_190535532848.parquet', '/tmp/minio_downloads/customers_190535602948.parquet', '/tmp/minio_downloads/customers_190535690478.parquet', '/tmp/minio_downloads/customers_190535780849.parquet', '/tmp/minio_downloads/customers_190535851658.parquet', '/tmp/minio_downloads/customers_190535925295.parquet', '/tmp/minio_downloads/customers_190535997859.parquet', '/tmp/minio_downloads/customers_190536086075.parquet', '/tmp/minio_downloads/customers_190536180505.parquet', '/tmp/minio_downloads/customers_190536278448.parquet', '/tmp/minio_downloads/customers_190536373125.parquet', '/tmp/minio_downloads/customers_190536467464.parquet', '/tmp/minio_downloads/customers_190536549057.parquet', '/tmp/minio_downloads/customers_190536620054.parquet', '/tmp/minio_downloads/customers_190536699784.parquet', '/tmp/minio_downloads/customers_190536806645.parquet', '/tmp/minio_downloads/customers_190536898613.parquet', '/tmp/minio_downloads/customers_190536988001.parquet', '/tmp/minio_downloads/customers_190537077442.parquet', '/tmp/minio_downloads/customers_190537171845.parquet', '/tmp/minio_downloads/customers_190537264699.parquet', '/tmp/minio_downloads/customers_190537351041.parquet', '/tmp/minio_downloads/customers_190537453087.parquet', '/tmp/minio_downloads/customers_190537539317.parquet', '/tmp/minio_downloads/customers_190537628958.parquet', '/tmp/minio_downloads/customers_190537698926.parquet', '/tmp/minio_downloads/customers_190537782859.parquet', '/tmp/minio_downloads/customers_190537864698.parquet', '/tmp/minio_downloads/customers_190537966412.parquet', '/tmp/minio_downloads/customers_190538051554.parquet', '/tmp/minio_downloads/customers_190538139232.parquet', '/tmp/minio_downloads/customers_190538238838.parquet', '/tmp/minio_downloads/customers_190538319208.parquet', '/tmp/minio_downloads/customers_190538401542.parquet', '/tmp/minio_downloads/customers_190538520453.parquet', '/tmp/minio_downloads/customers_190538622560.parquet', '/tmp/minio_downloads/customers_190538754722.parquet', '/tmp/minio_downloads/customers_190538851756.parquet', '/tmp/minio_downloads/customers_190538932465.parquet', '/tmp/minio_downloads/customers_190539034113.parquet', '/tmp/minio_downloads/customers_190539123794.parquet', '/tmp/minio_downloads/customers_190539218906.parquet', '/tmp/minio_downloads/customers_190539305398.parquet', '/tmp/minio_downloads/customers_190539398328.parquet', '/tmp/minio_downloads/customers_190539485603.parquet', '/tmp/minio_downloads/customers_190539545725.parquet', '/tmp/minio_downloads/customers_190539631258.parquet', '/tmp/minio_downloads/customers_190539702957.parquet', '/tmp/minio_downloads/customers_190539810453.parquet', '/tmp/minio_downloads/customers_190539891072.parquet', '/tmp/minio_downloads/customers_190539966747.parquet', '/tmp/minio_downloads/customers_190540032826.parquet', '/tmp/minio_downloads/customers_190540094324.parquet', '/tmp/minio_downloads/customers_190540145473.parquet', '/tmp/minio_downloads/customers_190540218333.parquet', '/tmp/minio_downloads/customers_190540297881.parquet', '/tmp/minio_downloads/customers_190540431964.parquet', '/tmp/minio_downloads/customers_190540532109.parquet', '/tmp/minio_downloads/customers_190540632663.parquet', '/tmp/minio_downloads/customers_190540698435.parquet', '/tmp/minio_downloads/customers_190540788621.parquet', '/tmp/minio_downloads/customers_190540897663.parquet', '/tmp/minio_downloads/customers_190540987831.parquet', '/tmp/minio_downloads/customers_190541083808.parquet', '/tmp/minio_downloads/customers_190541180385.parquet', '/tmp/minio_downloads/customers_190541250391.parquet', '/tmp/minio_downloads/customers_190541326247.parquet', '/tmp/minio_downloads/customers_190541417928.parquet', '/tmp/minio_downloads/customers_190541508020.parquet', '/tmp/minio_downloads/customers_190541605258.parquet', '/tmp/minio_downloads/customers_190541704160.parquet', '/tmp/minio_downloads/customers_190541809177.parquet', '/tmp/minio_downloads/customers_190541890253.parquet', '/tmp/minio_downloads/customers_190541975527.parquet', '/tmp/minio_downloads/customers_190542069653.parquet', '/tmp/minio_downloads/customers_190542158324.parquet', '/tmp/minio_downloads/customers_190542256906.parquet', '/tmp/minio_downloads/customers_190542327925.parquet', '/tmp/minio_downloads/customers_190542420735.parquet', '/tmp/minio_downloads/customers_190542520754.parquet', '/tmp/minio_downloads/customers_190542616822.parquet', '/tmp/minio_downloads/customers_190542700221.parquet', '/tmp/minio_downloads/customers_190542791697.parquet', '/tmp/minio_downloads/customers_190542885597.parquet', '/tmp/minio_downloads/customers_190542986434.parquet', '/tmp/minio_downloads/customers_190543076927.parquet', '/tmp/minio_downloads/customers_190543158006.parquet', '/tmp/minio_downloads/customers_190543253590.parquet', '/tmp/minio_downloads/customers_190543347569.parquet', '/tmp/minio_downloads/customers_190543450649.parquet', '/tmp/minio_downloads/customers_190543527911.parquet', '/tmp/minio_downloads/customers_190543616646.parquet', '/tmp/minio_downloads/customers_190543675363.parquet', '/tmp/minio_downloads/customers_190543752703.parquet', '/tmp/minio_downloads/customers_190543830423.parquet', '/tmp/minio_downloads/customers_190543903971.parquet', '/tmp/minio_downloads/customers_190544000846.parquet', '/tmp/minio_downloads/customers_190544281094.parquet', '/tmp/minio_downloads/customers_190544373713.parquet', '/tmp/minio_downloads/customers_190544483521.parquet', '/tmp/minio_downloads/customers_190544579549.parquet', '/tmp/minio_downloads/customers_190544676498.parquet', '/tmp/minio_downloads/customers_190544796803.parquet', '/tmp/minio_downloads/customers_190544882394.parquet', '/tmp/minio_downloads/customers_190544979467.parquet', '/tmp/minio_downloads/customers_190545064056.parquet', '/tmp/minio_downloads/customers_190545142528.parquet', '/tmp/minio_downloads/customers_190545231464.parquet', '/tmp/minio_downloads/customers_190545320319.parquet', '/tmp/minio_downloads/customers_190545414688.parquet', '/tmp/minio_downloads/customers_190545504552.parquet', '/tmp/minio_downloads/customers_190545592817.parquet', '/tmp/minio_downloads/customers_190545677112.parquet', '/tmp/minio_downloads/customers_190545762209.parquet', '/tmp/minio_downloads/customers_190545857188.parquet', '/tmp/minio_downloads/customers_190545941631.parquet', '/tmp/minio_downloads/customers_190546066925.parquet', '/tmp/minio_downloads/customers_190546200445.parquet', '/tmp/minio_downloads/customers_190546401040.parquet', '/tmp/minio_downloads/customers_190546534721.parquet', '/tmp/minio_downloads/customers_190546650046.parquet', '/tmp/minio_downloads/customers_190546730740.parquet', '/tmp/minio_downloads/customers_190546821615.parquet', '/tmp/minio_downloads/customers_190546967196.parquet', '/tmp/minio_downloads/customers_190547069169.parquet', '/tmp/minio_downloads/customers_190547180349.parquet', '/tmp/minio_downloads/customers_190547298924.parquet', '/tmp/minio_downloads/customers_190547397974.parquet', '/tmp/minio_downloads/customers_190547490619.parquet', '/tmp/minio_downloads/customers_190547572865.parquet', '/tmp/minio_downloads/customers_190547704148.parquet', '/tmp/minio_downloads/customers_190547807274.parquet', '/tmp/minio_downloads/customers_190547917145.parquet', '/tmp/minio_downloads/customers_190548029999.parquet', '/tmp/minio_downloads/customers_190548266308.parquet', '/tmp/minio_downloads/customers_190548394163.parquet', '/tmp/minio_downloads/customers_190548536088.parquet', '/tmp/minio_downloads/customers_190548676002.parquet', '/tmp/minio_downloads/customers_190548771118.parquet', '/tmp/minio_downloads/customers_190548892969.parquet', '/tmp/minio_downloads/customers_190549033306.parquet', '/tmp/minio_downloads/customers_190549230903.parquet', '/tmp/minio_downloads/customers_190549462742.parquet', '/tmp/minio_downloads/customers_190549619471.parquet', '/tmp/minio_downloads/customers_190549770486.parquet', '/tmp/minio_downloads/customers_190549876529.parquet', '/tmp/minio_downloads/customers_190549971353.parquet', '/tmp/minio_downloads/customers_190550068702.parquet', '/tmp/minio_downloads/customers_190550194333.parquet', '/tmp/minio_downloads/customers_190550294357.parquet', '/tmp/minio_downloads/customers_190550397429.parquet', '/tmp/minio_downloads/customers_190550501208.parquet', '/tmp/minio_downloads/customers_190550607851.parquet', '/tmp/minio_downloads/customers_190550700394.parquet', '/tmp/minio_downloads/customers_190550794280.parquet', '/tmp/minio_downloads/customers_190550891503.parquet', '/tmp/minio_downloads/customers_190550994311.parquet', '/tmp/minio_downloads/customers_190551088520.parquet', '/tmp/minio_downloads/customers_190551191279.parquet', '/tmp/minio_downloads/customers_190551320015.parquet', '/tmp/minio_downloads/customers_190551566283.parquet', '/tmp/minio_downloads/customers_190551703347.parquet', '/tmp/minio_downloads/customers_190551812591.parquet', '/tmp/minio_downloads/customers_190551904318.parquet', '/tmp/minio_downloads/customers_190552004461.parquet', '/tmp/minio_downloads/customers_190552097320.parquet', '/tmp/minio_downloads/customers_190552188541.parquet', '/tmp/minio_downloads/customers_190552271018.parquet', '/tmp/minio_downloads/customers_190552375917.parquet', '/tmp/minio_downloads/customers_190552470373.parquet', '/tmp/minio_downloads/customers_190552566985.parquet', '/tmp/minio_downloads/customers_190552655317.parquet', '/tmp/minio_downloads/customers_190552740056.parquet', '/tmp/minio_downloads/customers_190552818721.parquet', '/tmp/minio_downloads/customers_190552890918.parquet', '/tmp/minio_downloads/customers_190552982498.parquet', '/tmp/minio_downloads/customers_190553083327.parquet', '/tmp/minio_downloads/customers_190553154570.parquet', '/tmp/minio_downloads/customers_190553244293.parquet', '/tmp/minio_downloads/customers_190553323904.parquet', '/tmp/minio_downloads/customers_190553400034.parquet', '/tmp/minio_downloads/customers_190553482689.parquet', '/tmp/minio_downloads/customers_190553616146.parquet', '/tmp/minio_downloads/customers_190553728893.parquet', '/tmp/minio_downloads/customers_190553847463.parquet', '/tmp/minio_downloads/customers_190553943930.parquet', '/tmp/minio_downloads/customers_190554040796.parquet', '/tmp/minio_downloads/customers_190554124900.parquet', '/tmp/minio_downloads/customers_190554206575.parquet', '/tmp/minio_downloads/customers_190554290204.parquet', '/tmp/minio_downloads/customers_190554369148.parquet', '/tmp/minio_downloads/customers_190554445379.parquet', '/tmp/minio_downloads/customers_190554526571.parquet', '/tmp/minio_downloads/customers_190554602653.parquet', '/tmp/minio_downloads/customers_190554683879.parquet', '/tmp/minio_downloads/customers_190554773602.parquet', '/tmp/minio_downloads/customers_190554933217.parquet', '/tmp/minio_downloads/customers_190555005715.parquet', '/tmp/minio_downloads/customers_190555089851.parquet', '/tmp/minio_downloads/customers_190555161408.parquet', '/tmp/minio_downloads/customers_190555256911.parquet', '/tmp/minio_downloads/customers_190555353917.parquet', '/tmp/minio_downloads/customers_190555431817.parquet', '/tmp/minio_downloads/customers_190555499395.parquet', '/tmp/minio_downloads/customers_190555586984.parquet', '/tmp/minio_downloads/customers_190555668631.parquet', '/tmp/minio_downloads/customers_190555751900.parquet', '/tmp/minio_downloads/customers_190555819915.parquet', '/tmp/minio_downloads/customers_190555925301.parquet', '/tmp/minio_downloads/customers_190556047856.parquet', '/tmp/minio_downloads/customers_190556143987.parquet', '/tmp/minio_downloads/customers_190556253700.parquet', '/tmp/minio_downloads/customers_190556338588.parquet', '/tmp/minio_downloads/customers_190556440622.parquet', '/tmp/minio_downloads/customers_190556537359.parquet', '/tmp/minio_downloads/customers_190556621103.parquet', '/tmp/minio_downloads/customers_190556706405.parquet', '/tmp/minio_downloads/customers_190556796662.parquet', '/tmp/minio_downloads/customers_190556890154.parquet', '/tmp/minio_downloads/customers_190556969691.parquet', '/tmp/minio_downloads/customers_190557052913.parquet', '/tmp/minio_downloads/customers_190557134088.parquet', '/tmp/minio_downloads/customers_190557235739.parquet', '/tmp/minio_downloads/customers_190557322343.parquet', '/tmp/minio_downloads/customers_190557415782.parquet', '/tmp/minio_downloads/customers_190557512593.parquet', '/tmp/minio_downloads/customers_190557597119.parquet', '/tmp/minio_downloads/customers_190557690572.parquet', '/tmp/minio_downloads/customers_190557790451.parquet', '/tmp/minio_downloads/customers_190557884076.parquet', '/tmp/minio_downloads/customers_190557952718.parquet', '/tmp/minio_downloads/customers_190558043136.parquet', '/tmp/minio_downloads/customers_190558136663.parquet', '/tmp/minio_downloads/customers_190558241585.parquet', '/tmp/minio_downloads/customers_190558350426.parquet', '/tmp/minio_downloads/customers_190558444960.parquet', '/tmp/minio_downloads/customers_190558539041.parquet', '/tmp/minio_downloads/customers_190558630829.parquet', '/tmp/minio_downloads/customers_190558717625.parquet', '/tmp/minio_downloads/customers_190558792850.parquet', '/tmp/minio_downloads/customers_190558901725.parquet', '/tmp/minio_downloads/customers_190559015858.parquet', '/tmp/minio_downloads/customers_190559103649.parquet', '/tmp/minio_downloads/customers_190559196766.parquet', '/tmp/minio_downloads/customers_190559293720.parquet', '/tmp/minio_downloads/customers_190559374608.parquet', '/tmp/minio_downloads/customers_190559468836.parquet', '/tmp/minio_downloads/customers_190559580870.parquet', '/tmp/minio_downloads/customers_190559682140.parquet', '/tmp/minio_downloads/customers_190559763988.parquet', '/tmp/minio_downloads/customers_190559852149.parquet', '/tmp/minio_downloads/customers_190559937093.parquet', '/tmp/minio_downloads/customers_190600058927.parquet', '/tmp/minio_downloads/customers_190600150855.parquet', '/tmp/minio_downloads/customers_190600259701.parquet', '/tmp/minio_downloads/customers_190600371122.parquet', '/tmp/minio_downloads/customers_190600449337.parquet', '/tmp/minio_downloads/customers_190600552087.parquet', '/tmp/minio_downloads/customers_190600644467.parquet', '/tmp/minio_downloads/customers_190600737678.parquet', '/tmp/minio_downloads/customers_190600838623.parquet', '/tmp/minio_downloads/customers_190600920539.parquet', '/tmp/minio_downloads/customers_190601010696.parquet', '/tmp/minio_downloads/customers_190601088803.parquet', '/tmp/minio_downloads/customers_190601188047.parquet', '/tmp/minio_downloads/customers_190601264029.parquet', '/tmp/minio_downloads/customers_190601380956.parquet', '/tmp/minio_downloads/customers_190601476373.parquet', '/tmp/minio_downloads/customers_190601577554.parquet', '/tmp/minio_downloads/customers_190601685124.parquet', '/tmp/minio_downloads/customers_190601764878.parquet', '/tmp/minio_downloads/customers_190601852702.parquet', '/tmp/minio_downloads/customers_190601940269.parquet', '/tmp/minio_downloads/customers_190602033750.parquet', '/tmp/minio_downloads/customers_190602126486.parquet', '/tmp/minio_downloads/customers_190602227982.parquet', '/tmp/minio_downloads/customers_190602332080.parquet', '/tmp/minio_downloads/customers_190602407815.parquet', '/tmp/minio_downloads/customers_190602507554.parquet', '/tmp/minio_downloads/customers_190602606187.parquet', '/tmp/minio_downloads/customers_190602713957.parquet', '/tmp/minio_downloads/customers_190602803821.parquet', '/tmp/minio_downloads/customers_190602892941.parquet', '/tmp/minio_downloads/customers_190602976217.parquet', '/tmp/minio_downloads/customers_190603061176.parquet', '/tmp/minio_downloads/customers_190603164697.parquet', '/tmp/minio_downloads/customers_190603285424.parquet', '/tmp/minio_downloads/customers_190603398352.parquet', '/tmp/minio_downloads/customers_190603488359.parquet', '/tmp/minio_downloads/customers_190603597418.parquet', '/tmp/minio_downloads/customers_190603692834.parquet', '/tmp/minio_downloads/customers_190603796704.parquet', '/tmp/minio_downloads/customers_190603881793.parquet', '/tmp/minio_downloads/customers_190603963319.parquet', '/tmp/minio_downloads/customers_190604047318.parquet', '/tmp/minio_downloads/customers_190604147440.parquet', '/tmp/minio_downloads/customers_190604238914.parquet', '/tmp/minio_downloads/customers_190604336354.parquet', '/tmp/minio_downloads/customers_190604431344.parquet', '/tmp/minio_downloads/customers_190604532238.parquet', '/tmp/minio_downloads/customers_190604640638.parquet', '/tmp/minio_downloads/customers_190604745426.parquet', '/tmp/minio_downloads/customers_190604853795.parquet', '/tmp/minio_downloads/customers_190604949876.parquet', '/tmp/minio_downloads/customers_190605047664.parquet', '/tmp/minio_downloads/customers_190605151340.parquet', '/tmp/minio_downloads/customers_190605242379.parquet', '/tmp/minio_downloads/customers_190605328123.parquet', '/tmp/minio_downloads/customers_190605429788.parquet', '/tmp/minio_downloads/customers_190605514488.parquet', '/tmp/minio_downloads/customers_190605675520.parquet', '/tmp/minio_downloads/customers_190605766443.parquet', '/tmp/minio_downloads/customers_190605861566.parquet', '/tmp/minio_downloads/customers_190605946062.parquet', '/tmp/minio_downloads/customers_190606011561.parquet', '/tmp/minio_downloads/customers_190606111886.parquet', '/tmp/minio_downloads/customers_190606214230.parquet', '/tmp/minio_downloads/customers_190606301360.parquet', '/tmp/minio_downloads/customers_190606396157.parquet', '/tmp/minio_downloads/customers_190606472720.parquet', '/tmp/minio_downloads/customers_190606558971.parquet', '/tmp/minio_downloads/customers_190606651803.parquet', '/tmp/minio_downloads/customers_190606758259.parquet', '/tmp/minio_downloads/customers_190606905015.parquet', '/tmp/minio_downloads/customers_190606999522.parquet', '/tmp/minio_downloads/customers_190607098445.parquet', '/tmp/minio_downloads/customers_190607219767.parquet', '/tmp/minio_downloads/customers_190607332437.parquet', '/tmp/minio_downloads/customers_190607429683.parquet', '/tmp/minio_downloads/customers_190607544099.parquet', '/tmp/minio_downloads/customers_190607679582.parquet', '/tmp/minio_downloads/customers_190607821362.parquet', '/tmp/minio_downloads/customers_190608018780.parquet', '/tmp/minio_downloads/customers_190608136287.parquet', '/tmp/minio_downloads/customers_190608245277.parquet', '/tmp/minio_downloads/customers_190608355024.parquet', '/tmp/minio_downloads/customers_190608472379.parquet', '/tmp/minio_downloads/customers_190608572915.parquet', '/tmp/minio_downloads/customers_190608659517.parquet', '/tmp/minio_downloads/customers_190608756216.parquet', '/tmp/minio_downloads/customers_190608849431.parquet', '/tmp/minio_downloads/customers_190608959528.parquet'], 'accounts': [], 'transactions': []}
[2026-07-04T14:10:29.246+0000] {taskinstance.py:441} INFO - ::group::Post task execution logs
[2026-07-04T14:10:29.286+0000] {taskinstance.py:1206} INFO - Marking task as SUCCESS. dag_id=minio_to_snowflake_ecommerce, task_id=download_minio, run_id=scheduled__2026-07-04T14:08:00+00:00, execution_date=20260704T140800, start_date=20260704T141007, end_date=20260704T141029
[2026-07-04T14:10:29.344+0000] {local_task_job_runner.py:243} INFO - Task exited with return code 0
[2026-07-04T14:10:29.385+0000] {taskinstance.py:3503} INFO - 1 downstream tasks scheduled from follow-on schedule check
[2026-07-04T14:10:29.388+0000] {local_task_job_runner.py:222} INFO - ::endgroup::
